"question_id","knowledge_id","variant_of","language","domain","subdomain","film_title_de","film_title_original","film_year","franchise","difficulty","question_type","topic_tags","badge_tags","learning_objective","question","answer_a","answer_b","answer_c","answer_d","correct_answer","explanation_short","explanation_context","feedback_a","feedback_b","feedback_c","feedback_d","memory_anchor","spoiler_level","source_urls","verification_status"
"FAN-L-001","K-FAN-01-frodo-wood","","de","Film","Fantasy","Der Herr der Ringe: Die Gefährten","The Lord of the Rings: The Fellowship of the Ring","2001","Der Herr der Ringe","leicht","Besetzung","Mittelerde|Freundschaft|Macht","Der Herr der Ringe|Mittelerde","Elijah Wood ist Frodo; Martin Freeman ist der junge Bilbo.","„Der Herr der Ringe: Die Gefährten“ (2001): Wer spielt Frodo Beutlin?","Tobey Maguire","Elijah Wood","Daniel Radcliffe","Martin Freeman","B","Elijah Wood spielt Frodo Beutlin.","Frodo lebt zunächst im Auenland und übernimmt Bilbos Ring, ohne dessen ganze Bedeutung zu kennen. Elijah Wood verkörpert einen Helden, dessen Stärke nicht in körperlicher Überlegenheit liegt. Die Reise verlangt Vertrauen in andere und die Bereitschaft, eine Aufgabe anzunehmen, deren Folgen weit über sein gewohntes Leben hinausreichen.","Tobey Maguire spielt Frodo nicht.","Elijah Wood spielt Frodo Beutlin.","Daniel Radcliffe spielt Harry Potter.","Martin Freeman verkörpert den jungen Bilbo in den Hobbit-Filmen.","Elijah Wood ist Frodo; Martin Freeman ist der junge Bilbo.","keine","https://en.wikipedia.org/wiki/The_Lord_of_the_Rings:_The_Fellowship_of_the_Ring|https://www.filmsite.org/series-lordoftherings.html","redaktionell_geprueft"
"FAN-L-002","K-FAN-01-schicksalsberg","","de","Film","Fantasy","Der Herr der Ringe: Die Gefährten","The Lord of the Rings: The Fellowship of the Ring","2001","Der Herr der Ringe","leicht","Handlung","Mittelerde|Freundschaft|Macht","Der Herr der Ringe|Mittelerde","Der Ring kann nur im Feuer seiner Entstehung zerstört werden.","„Der Herr der Ringe: Die Gefährten“ (2001): Wo muss der Eine Ring vernichtet werden?","Im Brunnen von Bruchtal","Im Schmiedefeuer von Isengart","Im Feuer des Schicksalsbergs","Im Meer vor den Grauen Anfurten","C","Der Ring muss in das Feuer des Schicksalsbergs gebracht werden.","Der Rat in Bruchtal kann den Ring nicht einfach als gewöhnliches Schmuckstück zerstören. Seine Herkunft bestimmt den gefährlichen Zielort der Reise. Damit führt der notwendige Weg direkt in Saurons Machtbereich. Die Aufgabe besteht also nicht nur darin, den Ring gut zu bewachen, sondern ihn bewusst an den bedrohlichsten Ort zu bringen.","Bruchtal bietet Beratung, aber keine ausreichende Möglichkeit zur Vernichtung.","Saruman kann den Ring nicht mit einem gewöhnlichen Schmiedefeuer vernichten.","Der Ring muss in das Feuer des Schicksalsbergs gebracht werden.","Ein Versenken im Meer würde die Aufgabe nicht erfüllen.","Der Ring kann nur im Feuer seiner Entstehung zerstört werden.","Handlung","https://en.wikipedia.org/wiki/The_Lord_of_the_Rings:_The_Fellowship_of_the_Ring|https://www.filmsite.org/series-lordoftherings.html","redaktionell_geprueft"
"FAN-M-001","K-FAN-01-streicher-aragorn","","de","Film","Fantasy","Der Herr der Ringe: Die Gefährten","The Lord of the Rings: The Fellowship of the Ring","2001","Der Herr der Ringe","mittel","Figur","Mittelerde|Freundschaft|Macht","Der Herr der Ringe|Mittelerde","Streicher ist der Beiname Aragorns.","„Der Herr der Ringe: Die Gefährten“ (2001): Wer verbirgt sich hinter dem Waldläufer mit dem Namen Streicher?","Aragorn","Théoden","Faramir","Boromir","A","Streicher ist Aragorn.","Die Hobbits begegnen ihm zunächst als undurchsichtiger Gestalt im Gasthaus von Bree. Sein Wissen über die Verfolger und seine Hilfe verändern dieses erste Bild. Später wird seine Verbindung zum Königshaus von Gondor wichtig. Die Einführung über einen Beinamen lässt die Hobbits und das Publikum seine Bedeutung schrittweise entdecken.","Streicher ist Aragorn.","Théoden ist der König von Rohan.","Faramir ist Boromirs Bruder und nicht der Waldläufer in Bree.","Boromir begegnet der Gruppe erst im Zusammenhang mit dem Rat in Bruchtal.","Streicher ist der Beiname Aragorns.","Handlung","https://en.wikipedia.org/wiki/The_Lord_of_the_Rings:_The_Fellowship_of_the_Ring|https://www.filmsite.org/series-lordoftherings.html","redaktionell_geprueft"
"FAN-M-002","K-FAN-01-boromir-waffe","","de","Film","Fantasy","Der Herr der Ringe: Die Gefährten","The Lord of the Rings: The Fellowship of the Ring","2001","Der Herr der Ringe","mittel","Motiv","Mittelerde|Freundschaft|Macht","Der Herr der Ringe|Mittelerde","Boromir möchte Gondor retten und unterschätzt dabei die Macht des Rings.","„Der Herr der Ringe: Die Gefährten“ (2001): Warum möchte Boromir den Ring zunächst für Gondor nutzen?","Er hofft, damit Sarumans Bündnis mit Gondor zu erzwingen.","Er hofft, damit die Toten als Soldaten zu verpflichten.","Er hofft, damit seine Heimat gegen Sauron zu verteidigen.","Er hofft, damit die Verteidigung der Elben nach Gondor zu verlegen.","C","Boromir sieht im Ring eine mögliche Waffe zur Verteidigung Gondors.","Boromir kommt aus einem Land, das Saurons Bedrohung unmittelbar ausgesetzt ist. Sein Wunsch entsteht daher nicht nur aus persönlicher Gier. Gerade eine nachvollziehbare Absicht macht die Versuchung gefährlich: Er glaubt, das Werkzeug des Feindes für einen guten Zweck beherrschen zu können. Die anderen warnen davor, dass der Ring seinen Träger beeinflusst.","Ein erzwungenes Bündnis mit Saruman ist nicht sein erklärtes Ziel.","Das Heer der Toten wird nicht durch Boromirs Ringplan gewonnen.","Boromir sieht im Ring eine mögliche Waffe zur Verteidigung Gondors.","Boromir setzt auf die Macht des Rings selbst, nicht auf eine Verlegung der Elben.","Boromir möchte Gondor retten und unterschätzt dabei die Macht des Rings.","Handlung","https://en.wikipedia.org/wiki/The_Lord_of_the_Rings:_The_Fellowship_of_the_Ring|https://www.filmsite.org/series-lordoftherings.html","redaktionell_geprueft"
"FAN-S-001","K-FAN-01-mithril-schutz","","de","Film","Fantasy","Der Herr der Ringe: Die Gefährten","The Lord of the Rings: The Fellowship of the Ring","2001","Der Herr der Ringe","schwer","Technik","Mittelerde|Freundschaft|Macht","Der Herr der Ringe|Mittelerde","Bilbos Mithrilhemd rettet Frodo in Moria.","„Der Herr der Ringe: Die Gefährten“ (2001): Warum überlebt Frodo den Stoß des Höhlentrolls in Moria?","Bilbos Mithrilhemd schützt seinen Körper.","Gandalfs Schutzzauber hält den Stoß vor Frodo auf.","Aragorns Schwert lenkt die Spitze im letzten Moment ab.","Der Ring macht Frodos Körper für die Waffe durchlässig.","A","Frodo trägt das Mithrilhemd, das Bilbo ihm in Bruchtal gegeben hat.","Die Gefährten halten den Angriff zunächst für tödlich. Erst danach wird der unter Frodos Kleidung verborgene Schutz sichtbar. Das Geschenk aus Bruchtal erhält dadurch eine konkrete Funktion in der Reise. Bilbos Fürsorge wirkt über die Trennung der beiden hinaus, obwohl er selbst nicht mehr mit den Gefährten unterwegs ist.","Frodo trägt das Mithrilhemd, das Bilbo ihm in Bruchtal gegeben hat.","Der sichtbare Schutz ist das Mithrilhemd, kein abgefangener Stoß durch Gandalf.","Aragorn verhindert den Treffer nicht; das Hemd rettet Frodo.","Der Ring verleiht Frodo hier keinen körperlichen Schutz.","Bilbos Mithrilhemd rettet Frodo in Moria.","Handlung","https://www.theonering.com/complete-list-of-film-changes/the-fellowship-of-the-ring/|https://en.wikipedia.org/wiki/The_Lord_of_the_Rings:_The_Fellowship_of_the_Ring|https://www.filmsite.org/series-lordoftherings.html","redaktionell_geprueft"
"FAN-S-002","K-FAN-01-arwen-furt","","de","Film","Fantasy","Der Herr der Ringe: Die Gefährten","The Lord of the Rings: The Fellowship of the Ring","2001","Der Herr der Ringe","schwer","Handlung","Mittelerde|Freundschaft|Macht","Der Herr der Ringe|Mittelerde","In der Verfilmung bringt Arwen Frodo zur rettenden Furt.","„Der Herr der Ringe: Die Gefährten“ (2001): Wer bringt den verwundeten Frodo im Film zu Pferd über die Furt vor Bruchtal?","Legolas","Éowyn","Galadriel","Arwen","D","Arwen übernimmt Frodos Rettungsritt zur Furt.","Nach dem Angriff der Ringgeister kann Frodo nicht mehr aus eigener Kraft entkommen. Arwen trennt sich mit ihm von der Gruppe und riskiert die Verfolgung bis zur Furt. Diese Aufgabenverteilung gehört zur Verfilmung. Sie sollte nicht automatisch aus der Romanvorlage abgeleitet werden, in der die Begegnungen auf dem Weg nach Bruchtal anders gestaltet sind.","Legolas übernimmt diesen Ritt nicht.","Éowyn gehört zum Handlungsraum Rohan.","Galadriel begegnet Frodo erst später in Lothlórien.","Arwen übernimmt Frodos Rettungsritt zur Furt.","In der Verfilmung bringt Arwen Frodo zur rettenden Furt.","Handlung","https://www.theonering.com/complete-list-of-film-changes/the-fellowship-of-the-ring/|https://en.wikipedia.org/wiki/The_Lord_of_the_Rings:_The_Fellowship_of_the_Ring|https://www.filmsite.org/series-lordoftherings.html","redaktionell_geprueft"
"FAN-L-003","K-FAN-02-gollum-fuehrer","","de","Film","Fantasy","Der Herr der Ringe: Die zwei Türme","The Lord of the Rings: The Two Towers","2002","Der Herr der Ringe","leicht","Figur","Mittelerde|Krieg|Natur","Der Herr der Ringe|Mittelerde","Gollums Ortskenntnis hilft Frodo und Sam, schafft aber neue Abhängigkeit.","„Der Herr der Ringe: Die zwei Türme“ (2002): Wer führt Frodo und Sam auf einem verborgenen Weg in Richtung Mordor?","Éomer","Baumbart","Haldir","Gollum","D","Gollum wird zum Führer der beiden Hobbits.","Frodo entscheidet sich gegen Sams Misstrauen dafür, Gollum eine Chance zu geben. Der frühere Ringträger kennt Wege, die den Hobbits fremd sind. Diese Hilfe bleibt jedoch mit einer Gefahr verbunden: Gollums Bindung an den Ring verschwindet nicht durch die gemeinsame Reise. Orientierung und Abhängigkeit entstehen deshalb gleichzeitig.","Éomer führt Reiter von Rohan.","Baumbart hilft Merry und Pippin im Wald.","Haldir gehört zu den Elben.","Gollum wird zum Führer der beiden Hobbits.","Gollums Ortskenntnis hilft Frodo und Sam, schafft aber neue Abhängigkeit.","Handlung","https://en.wikipedia.org/wiki/The_Lord_of_the_Rings:_The_Two_Towers|https://www.filmsite.org/series-lordoftherings2.html","redaktionell_geprueft"
"FAN-L-004","K-FAN-02-helms-klamm","","de","Film","Fantasy","Der Herr der Ringe: Die zwei Türme","The Lord of the Rings: The Two Towers","2002","Der Herr der Ringe","leicht","Schauplatz","Mittelerde|Krieg|Natur","Der Herr der Ringe|Mittelerde","Rohans Verteidigung konzentriert sich auf Helms Klamm.","„Der Herr der Ringe: Die zwei Türme“ (2002): In welcher Festung suchen die Menschen Rohans Schutz vor Sarumans Heer?","In Barad-dûr","In Helms Klamm","In Minas Morgul","In Dol Guldur","B","Théoden führt sein Volk nach Helms Klamm.","Die Festung verspricht Schutz durch Mauern und eine günstige Lage. Dennoch müssen Menschen, die nicht alle erfahrene Kämpfer sind, einer weit überlegenen Streitmacht standhalten. Der Film macht die Verteidigung dadurch zugleich zu einer militärischen und familiären Aufgabe. Hinter den kämpfenden Soldaten stehen zahlreiche Schutzsuchende, deren Sicherheit vom Ausgang abhängt.","Barad-dûr ist Saurons Festung.","Théoden führt sein Volk nach Helms Klamm.","Minas Morgul gehört zum feindlichen Machtbereich.","Dol Guldur ist nicht Rohans Zufluchtsort.","Rohans Verteidigung konzentriert sich auf Helms Klamm.","Handlung","https://en.wikipedia.org/wiki/The_Lord_of_the_Rings:_The_Two_Towers|https://www.filmsite.org/series-lordoftherings2.html","redaktionell_geprueft"
"FAN-M-003","K-FAN-02-gandalf-weiss","","de","Film","Fantasy","Der Herr der Ringe: Die zwei Türme","The Lord of the Rings: The Two Towers","2002","Der Herr der Ringe","mittel","Figur","Mittelerde|Krieg|Natur","Der Herr der Ringe|Mittelerde","Gandalf der Graue kehrt als Gandalf der Weiße zurück.","„Der Herr der Ringe: Die zwei Türme“ (2002): In welcher veränderten Rolle kehrt Gandalf nach seinem Kampf mit dem Balrog zurück?","Als Gandalf der Weiße","Als Gandalf der Blaue","Als Gandalf der Schwarze","Als Gandalf der Rote","A","Gandalf kehrt als der Weiße zurück.","Aragorn, Legolas und Gimli begegnen ihm im Fangornwald und erkennen ihn nicht sofort. Seine Rückkehr bedeutet mehr als das bloße Überleben eines Gefährten: Er übernimmt neue Verantwortung im Kampf gegen Saruman und Sauron. Die veränderte Erscheinung hilft dem Film, diese Entwicklung sichtbar zu machen, ohne sie ausschließlich über lange Erklärungen zu vermitteln.","Gandalf kehrt als der Weiße zurück.","Blau ist nicht seine neue Bezeichnung.","Schwarz bezeichnet seine Rückkehr nicht.","Er wird nicht Gandalf der Rote genannt.","Gandalf der Graue kehrt als Gandalf der Weiße zurück.","Handlung","https://en.wikipedia.org/wiki/The_Lord_of_the_Rings:_The_Two_Towers|https://www.filmsite.org/series-lordoftherings2.html","redaktionell_geprueft"
"FAN-M-004","K-FAN-02-ents-wald","","de","Film","Fantasy","Der Herr der Ringe: Die zwei Türme","The Lord of the Rings: The Two Towers","2002","Der Herr der Ringe","mittel","Motiv","Mittelerde|Krieg|Natur","Der Herr der Ringe|Mittelerde","Sarumans zerstörter Wald beendet Baumbarts Zurückhaltung.","„Der Herr der Ringe: Die zwei Türme“ (2002): Was bringt Baumbart im Film dazu, gegen Isengart zu ziehen?","Die Forderung der Elben nach militärischer Hilfe","Der Anblick der von Saruman gefällten Bäume","Die Nachricht vom Tod Gandalfs in Moria","Das Ergebnis einer schon vorher beschlossenen Kriegserklärung","B","Baumbart sieht die Verwüstung des Waldes und ruft zum Angriff.","Der Rat der Ents hatte zunächst entschieden, sich nicht am Krieg zu beteiligen. Pippin lenkt den Weg anschließend so, dass Baumbart die Folgen von Sarumans Handeln selbst sieht. Das macht aus einer entfernten politischen Frage einen unmittelbaren Verlust. Die Ents reagieren auf die Zerstörung ihrer eigenen Lebensgemeinschaft und überfluten schließlich Isengart.","Ein elbischer Hilferuf ist nicht der ausschlaggebende Moment.","Baumbart sieht die Verwüstung des Waldes und ruft zum Angriff.","Diese Nachricht löst Baumbarts Angriff nicht aus.","Im Film hatten die Ents zunächst gegen ein Eingreifen entschieden.","Sarumans zerstörter Wald beendet Baumbarts Zurückhaltung.","Handlung","https://en.wikipedia.org/wiki/The_Lord_of_the_Rings:_The_Two_Towers|https://www.filmsite.org/series-lordoftherings2.html","redaktionell_geprueft"
"FAN-S-003","K-FAN-02-haldir-heer","","de","Film","Fantasy","Der Herr der Ringe: Die zwei Türme","The Lord of the Rings: The Two Towers","2002","Der Herr der Ringe","schwer","Figur","Mittelerde|Krieg|Natur","Der Herr der Ringe|Mittelerde","Haldir führt die elbische Verstärkung in Helms Klamm an.","„Der Herr der Ringe: Die zwei Türme“ (2002): Welcher Elb führt im Film die Verstärkung nach Helms Klamm?","Elrond","Celeborn","Haldir","Thranduil","C","Haldir führt die ankommenden Elben an.","Die Ankunft der Elben gibt den Verteidigern in einer scheinbar aussichtslosen Lage neue Hoffnung. Haldirs Auftreten steht für eine erneuerte Zusammenarbeit zwischen Völkern. Diese Verstärkung ist zugleich ein deutlicher Filmbezug: Der Ablauf der Schlacht entspricht in diesem Punkt nicht einfach der Romanvorlage. Die Frage richtet sich ausdrücklich nach der gezeigten Verfilmung.","Elrond erscheint nicht als Kommandeur dieser Einheit vor Ort.","Celeborn führt die Verstärkung nicht an.","Haldir führt die ankommenden Elben an.","Thranduil übernimmt diese Rolle nicht.","Haldir führt die elbische Verstärkung in Helms Klamm an.","Handlung","https://en.wikipedia.org/wiki/The_Lord_of_the_Rings:_The_Two_Towers|https://www.filmsite.org/series-lordoftherings2.html","redaktionell_geprueft"
"FAN-S-004","K-FAN-02-faramir-osgiliath","","de","Film","Fantasy","Der Herr der Ringe: Die zwei Türme","The Lord of the Rings: The Two Towers","2002","Der Herr der Ringe","schwer","Handlung","Mittelerde|Krieg|Natur","Der Herr der Ringe|Mittelerde","In Osgiliath entscheidet sich Faramir gegen die Aneignung des Rings.","„Der Herr der Ringe: Die zwei Türme“ (2002): In welche umkämpfte Stadt bringt Faramir Frodo und Sam, bevor er sie weiterziehen lässt?","Minas Morgul","Edoras","Bree","Osgiliath","D","Faramir bringt die Hobbits nach Osgiliath.","Faramir erkennt den Ring zunächst als Möglichkeit, seinem Vater ein bedeutendes Machtmittel zu bringen. In Osgiliath sieht er jedoch, wie gefährlich dessen Wirkung auf Frodo ist und welche Folgen die Aufgabe verlangt. Seine Entscheidung, die Hobbits freizulassen, entsteht im Film aus dieser Erfahrung. Auch hier ist die Entwicklung anders angelegt als in der literarischen Vorlage.","Minas Morgul wird nicht von Faramir als Zufluchtsort genutzt.","Edoras liegt in Rohan und ist nicht diese Station.","Bree liegt weit entfernt von diesem Kriegsgebiet.","Faramir bringt die Hobbits nach Osgiliath.","In Osgiliath entscheidet sich Faramir gegen die Aneignung des Rings.","Handlung","https://en.wikipedia.org/wiki/The_Lord_of_the_Rings:_The_Two_Towers|https://www.filmsite.org/series-lordoftherings2.html","redaktionell_geprueft"
"FAN-L-005","K-FAN-03-aragorn-koenig","","de","Film","Fantasy","Der Herr der Ringe: Die Rückkehr des Königs","The Lord of the Rings: The Return of the King","2003","Der Herr der Ringe","leicht","Figur","Mittelerde|Opfer|Königtum","Der Herr der Ringe|Mittelerde","Aragorn nimmt seine Rolle als König von Gondor an.","„Der Herr der Ringe: Die Rückkehr des Königs“ (2003): Wer wird nach dem Sieg in Minas Tirith zum König gekrönt?","Gimli","Éomer","Faramir","Aragorn","D","Aragorn wird zum König gekrönt.","Aragorns Rolle verändert sich im Verlauf der Trilogie vom zurückhaltenden Waldläufer zum öffentlich anerkannten Herrscher. Die Krönung verbindet seine Herkunft mit den Entscheidungen, die er während des Krieges getroffen hat. Der Film betont dabei auch die Unterstützung anderer: Der neue König steht nicht als alleiniger Urheber des Sieges vor den Versammelten.","Gimli ist kein Anwärter auf Gondors Thron.","Éomer gehört zur Herrschaftsfolge Rohans.","Faramir übernimmt nicht Aragorns Königskrönung.","Aragorn wird zum König gekrönt.","Aragorn nimmt seine Rolle als König von Gondor an.","Auflösung","https://en.wikipedia.org/wiki/The_Lord_of_the_Rings:_The_Return_of_the_King|https://www.filmsite.org/series-lordoftherings3.html","redaktionell_geprueft"
"FAN-L-006","K-FAN-03-ring-gollum","","de","Film","Fantasy","Der Herr der Ringe: Die Rückkehr des Königs","The Lord of the Rings: The Return of the King","2003","Der Herr der Ringe","leicht","Handlung","Mittelerde|Opfer|Königtum","Der Herr der Ringe|Mittelerde","Der Ring wird durch Gollums Sturz vernichtet.","„Der Herr der Ringe: Die Rückkehr des Königs“ (2003): Mit wem stürzt der Ring schließlich in das Feuer des Schicksalsbergs?","Mit Gandalf","Mit Gollum","Mit Sam","Mit Aragorn","B","Gollum fällt mit dem Ring in die Lava.","Am Ziel genügt Frodos bisheriger Wille nicht mehr, um den Ring einfach loszulassen. Gollums Eingreifen und der anschließende Kampf verändern die Situation. Der Ausgang entsteht dadurch aus mehreren Handlungen und früheren Entscheidungen, nicht aus einer ungebrochenen Heldentat. Die Vernichtung des Rings beendet dessen Macht, obwohl der letzte Moment beinahe anders ausgegangen wäre.","Gandalf befindet sich nicht in der Feuerkluft.","Gollum fällt mit dem Ring in die Lava.","Sam bleibt am Rand und hilft anschließend Frodo.","Aragorn kämpft an anderer Stelle.","Der Ring wird durch Gollums Sturz vernichtet.","Auflösung","https://en.wikipedia.org/wiki/The_Lord_of_the_Rings:_The_Return_of_the_King|https://www.filmsite.org/series-lordoftherings3.html","redaktionell_geprueft"
"FAN-M-005","K-FAN-03-eowyn-hexenkoenig","","de","Film","Fantasy","Der Herr der Ringe: Die Rückkehr des Königs","The Lord of the Rings: The Return of the King","2003","Der Herr der Ringe","mittel","Handlung","Mittelerde|Opfer|Königtum","Der Herr der Ringe|Mittelerde","Merry ermöglicht Éowyns entscheidenden Angriff auf den Hexenkönig.","„Der Herr der Ringe: Die Rückkehr des Königs“ (2003): Wer versetzt dem Hexenkönig nach Merrys Eingreifen den tödlichen Stoß?","Galadriel","Éowyn","Arwen","Tauriel","B","Éowyn tötet den Hexenkönig mit Merrys Hilfe.","Éowyn zieht verkleidet in die Schlacht, weil sie nicht weiter vom Kampf ausgeschlossen bleiben will. Vor dem gefallenen Théoden stellt sie sich einem Gegner, der sich für unangreifbar hält. Merry schafft mit seinem Angriff eine entscheidende Gelegenheit. Die Szene macht den Erfolg damit zu einer gemeinsamen Handlung zweier zunächst unterschätzter Beteiligter.","Galadriel kämpft nicht auf diesem Schlachtfeld.","Éowyn tötet den Hexenkönig mit Merrys Hilfe.","Arwen nimmt an dieser Konfrontation nicht teil.","Tauriel gehört zu den Hobbit-Filmen.","Merry ermöglicht Éowyns entscheidenden Angriff auf den Hexenkönig.","Auflösung","https://en.wikipedia.org/wiki/The_Lord_of_the_Rings:_The_Return_of_the_King|https://www.filmsite.org/series-lordoftherings3.html","redaktionell_geprueft"
"FAN-M-006","K-FAN-03-tote-eid","","de","Film","Fantasy","Der Herr der Ringe: Die Rückkehr des Königs","The Lord of the Rings: The Return of the King","2003","Der Herr der Ringe","mittel","Handlung","Mittelerde|Opfer|Königtum","Der Herr der Ringe|Mittelerde","Aragorn fordert als Isildurs Erbe den Eid der Toten ein.","„Der Herr der Ringe: Die Rückkehr des Königs“ (2003): Warum kann Aragorn das Heer der Toten zur Hilfe auffordern?","Als Verbündeter Gandalfs kann er ihren Fluch neu verhängen.","Als Sieger über ihren Anführer hat er ihre Gefolgschaft erkämpft.","Als Träger des Einen Rings kann er ihre Geister kontrollieren.","Als Isildurs Erbe kann er ihren gebrochenen Eid einfordern.","D","Aragorns Abstammung von Isildur gibt ihm das Recht, die Erfüllung des Eides zu verlangen.","Die Toten sind durch ihre frühere Untreue gebunden. Aragorn bietet ihnen nicht einfach Bezahlung oder Beute, sondern eine Möglichkeit, ihre Verpflichtung endlich zu erfüllen. Seine Herkunft wird hier praktisch bedeutsam: Sie eröffnet einen Weg zu Verbündeten, den andere nicht besitzen. Nach ihrem Einsatz hält er seinerseits das Versprechen der Befreiung.","Er droht nicht mit einem neuen Fluch Gandalfs, sondern fordert den alten Eid ein.","Sein Recht ergibt sich nicht aus einem gewonnenen Zweikampf.","Aragorn trägt den Einen Ring nicht; sein Anspruch beruht auf Abstammung.","Aragorns Abstammung von Isildur gibt ihm das Recht, die Erfüllung des Eides zu verlangen.","Aragorn fordert als Isildurs Erbe den Eid der Toten ein.","Handlung","https://en.wikipedia.org/wiki/The_Lord_of_the_Rings:_The_Return_of_the_King|https://www.filmsite.org/series-lordoftherings3.html","redaktionell_geprueft"
"FAN-S-005","K-FAN-03-faramir-scheiterhaufen","","de","Film","Fantasy","Der Herr der Ringe: Die Rückkehr des Königs","The Lord of the Rings: The Return of the King","2003","Der Herr der Ringe","schwer","Handlung","Mittelerde|Opfer|Königtum","Der Herr der Ringe|Mittelerde","Faramir ist nicht tot; Pippins Aufmerksamkeit verhindert seine Verbrennung.","„Der Herr der Ringe: Die Rückkehr des Königs“ (2003): Warum müssen Pippin und Gandalf Faramir vor Denethor retten?","Denethor will ihn zum Ringträger machen.","Denethor hält ihn für tot und will ihn mit sich verbrennen.","Denethor will ihn als Geisel an Rohan ausliefern.","Denethor will ihn aus Minas Tirith verbannen.","B","Faramir lebt noch, während Denethor ihn auf einem Scheiterhaufen verbrennen lassen will.","Faramirs schwere Verletzung wird von seinem Vater als endgültiger Verlust gedeutet. Pippin erkennt jedoch Lebenszeichen und sucht Hilfe. So verlagert sich der Kampf um die Stadt kurzzeitig in deren Inneres: Die Gefahr geht nicht nur vom angreifenden Heer aus. Gandalf muss einen Überlebenden vor der Verzweiflung des eigenen Vaters schützen.","Denethor überträgt Faramir nicht die Ringaufgabe.","Faramir lebt noch, während Denethor ihn auf einem Scheiterhaufen verbrennen lassen will.","Eine Geiselübergabe an Rohan steht nicht bevor.","Eine Verbannung ist nicht die unmittelbare Gefahr.","Faramir ist nicht tot; Pippins Aufmerksamkeit verhindert seine Verbrennung.","Handlung","https://en.wikipedia.org/wiki/The_Lord_of_the_Rings:_The_Return_of_the_King|https://www.filmsite.org/series-lordoftherings3.html","redaktionell_geprueft"
"FAN-S-006","K-FAN-03-sam-traegt-frodo","","de","Film","Fantasy","Der Herr der Ringe: Die Rückkehr des Königs","The Lord of the Rings: The Return of the King","2003","Der Herr der Ringe","schwer","Handlung","Mittelerde|Opfer|Königtum","Der Herr der Ringe|Mittelerde","Sam kann den Ring nicht für Frodo bewältigen, aber Frodo tragen.","„Der Herr der Ringe: Die Rückkehr des Königs“ (2003): Wie hilft Sam, als Frodo den letzten Aufstieg kaum noch bewältigen kann?","Er übernimmt den Ring und lässt Frodo am Hang zurück.","Er bittet Gollum, Frodo allein zum Krater zu begleiten.","Er führt Frodo zu einem wartenden Adler.","Er trägt Frodo mitsamt dem Ring weiter.","D","Sam nimmt Frodo auf den Rücken und trägt ihn weiter.","Sam kann Frodos innere Last nicht vollständig übernehmen. Er erkennt aber, dass er dessen körperliche Last verringern kann. Die Hilfe bleibt dadurch konkret und begrenzt, ist gerade deshalb jedoch entscheidend. Die Szene führt die lange Begleitung auf ihren Kern zurück: Sam bleibt handlungsfähig für seinen Freund, als dieser selbst kaum noch Kraft besitzt.","Sam lässt Frodo nicht zurück, sondern trägt ihn samt Ring.","Sam übergibt die Hilfe nicht an Gollum.","Bei diesem Aufstieg steht kein Adler bereit.","Sam nimmt Frodo auf den Rücken und trägt ihn weiter.","Sam kann den Ring nicht für Frodo bewältigen, aber Frodo tragen.","Handlung","https://en.wikipedia.org/wiki/The_Lord_of_the_Rings:_The_Return_of_the_King|https://www.filmsite.org/series-lordoftherings3.html","redaktionell_geprueft"
"FAN-L-007","K-FAN-04-bilbo-freeman","","de","Film","Fantasy","Der Hobbit: Eine unerwartete Reise","The Hobbit: An Unexpected Journey","2012","Der Hobbit","leicht","Besetzung","Mittelerde|Drachen|Abenteuer","Der Hobbit|Mittelerde","Martin Freeman spielt Bilbo während des Zwergenabenteuers.","„Der Hobbit: Eine unerwartete Reise“ (2012): Wer spielt den jüngeren Bilbo Beutlin auf seiner Reise mit den Zwergen?","Martin Freeman","Ian Holm","Sean Astin","Elijah Wood","A","Martin Freeman spielt den reisenden jungen Bilbo.","Der Film zeigt Bilbo zunächst als jemanden, der sein geordnetes Zuhause schätzt und wenig Interesse an gefährlichen Unternehmungen hat. Martin Freeman verbindet diese Zurückhaltung mit Neugier und unerwarteter Entschlossenheit. Die Reise verlangt deshalb nicht bloß einen Ortswechsel. Bilbo entdeckt Fähigkeiten an sich, die in seinem bisherigen Alltag kaum gebraucht wurden.","Martin Freeman spielt den reisenden jungen Bilbo.","Ian Holm verkörpert den alten Bilbo in der Rahmenerzählung.","Sean Astin spielt Sam.","Elijah Wood spielt Frodo.","Martin Freeman spielt Bilbo während des Zwergenabenteuers.","keine","https://en.wikipedia.org/wiki/The_Hobbit:_An_Unexpected_Journey|https://www.filmsite.org/series-lordoftherings4.html","redaktionell_geprueft"
"FAN-L-008","K-FAN-04-thorin-anführer","","de","Film","Fantasy","Der Hobbit: Eine unerwartete Reise","The Hobbit: An Unexpected Journey","2012","Der Hobbit","leicht","Figur","Mittelerde|Drachen|Abenteuer","Der Hobbit|Mittelerde","Thorin führt die Zwerge zur verlorenen Heimat.","„Der Hobbit: Eine unerwartete Reise“ (2012): Wer führt die Zwergengruppe an?","Dwalin","Balin","Thorin Eichenschild","Bofur","C","Thorin Eichenschild ist der Anführer.","Thorins Anspruch auf die verlorene Heimat gibt dem Unternehmen eine politische und persönliche Bedeutung. Für ihn geht es nicht nur um einen Schatz, sondern auch um das Erbe seiner Familie. Die anderen Zwerge folgen deshalb einer gemeinsamen Geschichte. Bilbo muss sich erst in diese Gruppe einfinden, deren Erfahrungen und Erwartungen ihm zunächst fremd sind.","Dwalin folgt Thorin als Kämpfer.","Balin ist ein wichtiger Berater, aber nicht der Anführer.","Thorin Eichenschild ist der Anführer.","Bofur führt das Unternehmen nicht.","Thorin führt die Zwerge zur verlorenen Heimat.","keine","https://en.wikipedia.org/wiki/The_Hobbit:_An_Unexpected_Journey|https://www.filmsite.org/series-lordoftherings4.html","redaktionell_geprueft"
"FAN-M-007","K-FAN-04-meisterdieb","","de","Film","Fantasy","Der Hobbit: Eine unerwartete Reise","The Hobbit: An Unexpected Journey","2012","Der Hobbit","mittel","Figur","Mittelerde|Drachen|Abenteuer","Der Hobbit|Mittelerde","Gandalf sieht in Bilbo den unauffälligen Meisterdieb der Gruppe.","„Der Hobbit: Eine unerwartete Reise“ (2012): Welche Rolle ist Bilbo im Plan der Gruppe zugedacht?","Meisterdieb","Waffenmeister","Heiler","Kartograf","A","Bilbo soll als Meisterdieb beziehungsweise Einbrecher helfen.","Gandalf setzt auf Eigenschaften, die den Zwergen zunächst wenig beeindruckend erscheinen. Bilbo ist klein, unauffällig und wird leicht unterschätzt. Seine vorgesehene Aufgabe verlangt daher andere Fähigkeiten als ein offener Kampf. Die Bezeichnung wirkt zu Beginn fast übertrieben, wird aber zum Maßstab dafür, ob Bilbo über seine vertrauten Grenzen hinauswachsen kann.","Bilbo soll als Meisterdieb beziehungsweise Einbrecher helfen.","Er soll nicht die Waffen der Zwerge schmieden oder verwalten.","Medizinische Versorgung ist nicht seine vorgesehene Hauptaufgabe.","Er wird nicht als ausgebildeter Kartenzeichner angeheuert.","Gandalf sieht in Bilbo den unauffälligen Meisterdieb der Gruppe.","Handlung","https://en.wikipedia.org/wiki/The_Hobbit:_An_Unexpected_Journey|https://www.filmsite.org/series-lordoftherings4.html","redaktionell_geprueft"
"FAN-M-008","K-FAN-04-raetsel-gollum","","de","Film","Fantasy","Der Hobbit: Eine unerwartete Reise","The Hobbit: An Unexpected Journey","2012","Der Hobbit","mittel","Handlung","Mittelerde|Drachen|Abenteuer","Der Hobbit|Mittelerde","Bilbo verhandelt seine Freiheit durch Rätsel.","„Der Hobbit: Eine unerwartete Reise“ (2012): Womit versucht Bilbo, sich bei Gollum einen Weg nach draußen zu verdienen?","Mit einem Wettschwimmen","Mit einem Rätselwettstreit","Mit einem Würfelspiel","Mit einem Ringkampf","B","Bilbo und Gollum stellen einander Rätsel.","Die Begegnung in der Tiefe wird zunächst über Sprache statt über Waffen entschieden. Bilbo muss unter großer Unsicherheit aufmerksam bleiben und Zeit gewinnen. Gollum ist dabei zugleich Gesprächspartner und mögliche tödliche Gefahr. Der Wettstreit verbindet kindlich wirkende Spielformen mit einem ernsten Einsatz: Bilbos Freiheit hängt an den Regeln, auf die sich beide einlassen.","Ein Schwimmwettbewerb ist nicht die Abmachung.","Bilbo und Gollum stellen einander Rätsel.","Würfel kommen bei diesem Spiel nicht zum Einsatz.","Die beiden vereinbaren keinen sportlichen Ringkampf.","Bilbo verhandelt seine Freiheit durch Rätsel.","Handlung","https://en.wikipedia.org/wiki/The_Hobbit:_An_Unexpected_Journey|https://www.filmsite.org/series-lordoftherings4.html","redaktionell_geprueft"
"FAN-S-007","K-FAN-04-trolle-tageslicht","","de","Film","Fantasy","Der Hobbit: Eine unerwartete Reise","The Hobbit: An Unexpected Journey","2012","Der Hobbit","schwer","Handlung","Mittelerde|Drachen|Abenteuer","Der Hobbit|Mittelerde","Bilbo gewinnt Zeit; Gandalf lässt das versteinernde Tageslicht herein.","„Der Hobbit: Eine unerwartete Reise“ (2012): Wie nutzt Gandalf das Tageslicht, um die Trolle aufzuhalten?","Er blendet die Trolle mit einem Spiegel aus Bilbos Gepäck.","Er öffnet den Felsen, sodass Sonnenlicht die Trolle versteinert.","Er lässt den Mond künstlich wie die Sonne leuchten.","Er setzt die Bäume rund um das Lager in Brand.","B","Gandalf spaltet die Felsbarriere und lässt das Sonnenlicht herein.","Bilbos Gespräch mit den Trollen verschafft der Gruppe Zeit, löst die Lage aber noch nicht allein. Gandalf nutzt den anbrechenden Tag und die bekannte Schwäche der Gegner. Damit ergänzen sich Verzögerung und gezieltes Eingreifen. Die Rettung entsteht aus dem Zusammenspiel zweier Handlungen, die für sich genommen nicht dieselbe Wirkung hätten.","Ein mitgebrachter Spiegel ist nicht sein Mittel.","Gandalf spaltet die Felsbarriere und lässt das Sonnenlicht herein.","Eine künstliche Mondverwandlung findet nicht statt.","Feuer ist nicht die Ursache der Versteinerung.","Bilbo gewinnt Zeit; Gandalf lässt das versteinernde Tageslicht herein.","Handlung","https://en.wikipedia.org/wiki/The_Hobbit:_An_Unexpected_Journey|https://www.filmsite.org/series-lordoftherings4.html","redaktionell_geprueft"
"FAN-S-008","K-FAN-04-gollum-verschont","","de","Film","Fantasy","Der Hobbit: Eine unerwartete Reise","The Hobbit: An Unexpected Journey","2012","Der Hobbit","schwer","Motiv","Mittelerde|Drachen|Abenteuer","Der Hobbit|Mittelerde","Bilbos Mitleid bestimmt, wie er seinen Vorteil gegenüber Gollum nutzt.","„Der Hobbit: Eine unerwartete Reise“ (2012): Warum tötet Bilbo den ahnungslosen Gollum nicht, obwohl er unsichtbar entkommen könnte?","Er empfindet Mitleid und entscheidet sich gegen den tödlichen Stoß.","Er hält Gollum trotz allem für einen verlässlichen Verbündeten.","Er befürchtet, der Ring verliere durch Gollums Tod seine Wirkung.","Er erkennt, dass seine Klinge gegen Gollum wirkungslos ist.","A","Bilbo verschont Gollum aus Mitleid.","Der Ring gibt Bilbo in diesem Moment einen Vorteil, den Gollum nicht erkennt. Trotzdem nutzt er ihn nicht für einen tödlichen Angriff. Die Entscheidung zeigt eine Grenze, die Bilbo sich selbst setzt, obwohl er bedroht ist. Seine Entwicklung zum mutigeren Reisenden bedeutet damit nicht, dass er jede Möglichkeit zur Gewalt auch ausschöpft.","Bilbo verschont Gollum aus Mitleid.","Bilbo vertraut Gollum nicht; er empfindet Mitleid mit ihm.","Eine solche Abhängigkeit ist nicht Bilbos Grund.","Nicht eine untaugliche Waffe, sondern Mitleid hält ihn zurück.","Bilbos Mitleid bestimmt, wie er seinen Vorteil gegenüber Gollum nutzt.","Handlung","https://en.wikipedia.org/wiki/The_Hobbit:_An_Unexpected_Journey|https://www.filmsite.org/series-lordoftherings4.html","redaktionell_geprueft"
"FAN-L-009","K-FAN-05-smaug-drache","","de","Film","Fantasy","Der Hobbit: Smaugs Einöde","The Hobbit: The Desolation of Smaug","2013","Der Hobbit","leicht","Figur","Mittelerde|Drachen|Gier","Der Hobbit|Mittelerde","Smaug ist der sprechende Drache unter dem Einsamen Berg.","„Der Hobbit: Smaugs Einöde“ (2013): Was für ein Wesen ist Smaug?","Ein Werwolf","Ein Drache","Ein Riese","Ein Balrog","B","Smaug ist ein Drache.","Smaug beherrscht den Schatz und die ehemalige Heimat der Zwerge unter dem Einsamen Berg. Seine Bedrohung beruht nicht nur auf Feuer und Größe. Er spricht, beobachtet und versucht, Bilbos Absichten zu durchschauen. Dadurch wird die Begegnung im Schatzraum auch zu einem verbalen Machtkampf, bei dem Bilbo seine wahre Aufgabe nicht offenlegen möchte.","Eine Verwandlung zwischen Mensch und Wolf kennzeichnet ihn nicht.","Smaug ist ein Drache.","Smaug ist kein menschenähnlicher Riese.","Ein Balrog ist eine andere Art von Wesen in Mittelerde.","Smaug ist der sprechende Drache unter dem Einsamen Berg.","keine","https://en.wikipedia.org/wiki/The_Hobbit:_The_Desolation_of_Smaug|https://www.filmsite.org/series-lordoftherings5.html","redaktionell_geprueft"
"FAN-L-010","K-FAN-05-bard","","de","Film","Fantasy","Der Hobbit: Smaugs Einöde","The Hobbit: The Desolation of Smaug","2013","Der Hobbit","leicht","Figur","Mittelerde|Drachen|Gier","Der Hobbit|Mittelerde","Bard verschafft den Zwergen Zugang zu Seestadt.","„Der Hobbit: Smaugs Einöde“ (2013): Wer schmuggelt die Zwerge nach Seestadt?","Radagast","Bard","Beorn","Thranduil","B","Bard bringt die Gruppe nach Seestadt.","Bard verfügt über ein Boot und kennt die Wege und Regeln der Stadt. Seine Hilfe ist zunächst eine praktische Vereinbarung, führt ihn aber in einen größeren Konflikt. Die Ankunft der Zwerge weckt Hoffnungen auf Reichtum und zugleich die Gefahr eines Drachenangriffs. Bard betrachtet diese Aussicht vorsichtiger als die politische Führung der Stadt.","Radagast übernimmt diesen Transport nicht.","Bard bringt die Gruppe nach Seestadt.","Beorn hilft der Gruppe an einem anderen Ort.","Thranduil hält die Zwerge zuvor gefangen.","Bard verschafft den Zwergen Zugang zu Seestadt.","Handlung","https://en.wikipedia.org/wiki/The_Hobbit:_The_Desolation_of_Smaug|https://www.filmsite.org/series-lordoftherings5.html","redaktionell_geprueft"
"FAN-M-009","K-FAN-05-beorn-baer","","de","Film","Fantasy","Der Hobbit: Smaugs Einöde","The Hobbit: The Desolation of Smaug","2013","Der Hobbit","mittel","Technik","Mittelerde|Drachen|Gier","Der Hobbit|Mittelerde","Beorns zweite Gestalt ist ein Bär.","„Der Hobbit: Smaugs Einöde“ (2013): In welches Tier kann sich Beorn verwandeln?","In einen Bären","In einen Wolf","In einen Hirsch","In einen Adler","A","Beorn kann die Gestalt eines Bären annehmen.","Die Begegnung mit Beorn verlangt Vorsicht, weil seine Erscheinung zwischen Mensch und Tier wechseln kann. Für die Reisenden ist er dennoch ein möglicher Helfer gegen gemeinsame Feinde. Seine Eigenständigkeit unterscheidet ihn von einem gewöhnlichen Gastgeber. Die Gruppe muss verstehen, dass sie in seinem Haus Schutz erhält, ohne deshalb über ihn verfügen zu können.","Beorn kann die Gestalt eines Bären annehmen.","Beorn ist kein Wolfsgestaltwandler.","Ein Hirsch ist nicht seine Verwandlung.","Adler helfen in anderen Situationen, sind aber nicht seine Tiergestalt.","Beorns zweite Gestalt ist ein Bär.","Handlung","https://en.wikipedia.org/wiki/The_Hobbit:_The_Desolation_of_Smaug|https://www.filmsite.org/series-lordoftherings5.html","redaktionell_geprueft"
"FAN-M-010","K-FAN-05-fassflucht","","de","Film","Fantasy","Der Hobbit: Smaugs Einöde","The Hobbit: The Desolation of Smaug","2013","Der Hobbit","mittel","Handlung","Mittelerde|Drachen|Gier","Der Hobbit|Mittelerde","Bilbos Fluchtweg aus den Elbenhallen führt durch Fässer und Wasser.","„Der Hobbit: Smaugs Einöde“ (2013): Wie befreit Bilbo die Zwerge aus dem Reich der Waldelben?","Er öffnet ihnen nachts einen Weg über die Palastmauern.","Er lässt sie in Fässern den Fluss hinuntertreiben.","Er lässt sie als verkleidete Händler durch das Tor gehen.","Er führt sie durch einen verlassenen Bergwerkstunnel.","B","Die Zwerge entkommen in Fässern über den Wasserweg.","Bilbo nutzt seine Bewegungsfreiheit, um einen Weg zu finden, den die Gefangenen selbst nicht erreichen können. Die Fässer gehören zum gewöhnlichen Betrieb des Elbenreichs und werden deshalb zum ungewöhnlichen Fluchtmittel. Der Plan beseitigt die Gefahr jedoch nicht vollständig: Auf dem Fluss muss die Gruppe weiter mit Verfolgung und unkontrollierbarer Bewegung umgehen.","Sie verlassen das Reich in Fässern statt über die Mauern.","Die Zwerge entkommen in Fässern über den Wasserweg.","Die Flucht führt über den Fluss, nicht als Händler durch das Tor.","Kein solcher Tunnel ist der benutzte Ausweg.","Bilbos Fluchtweg aus den Elbenhallen führt durch Fässer und Wasser.","Handlung","https://en.wikipedia.org/wiki/The_Hobbit:_The_Desolation_of_Smaug|https://www.filmsite.org/series-lordoftherings5.html","redaktionell_geprueft"
"FAN-S-009","K-FAN-05-mond-schluesselloch","","de","Film","Fantasy","Der Hobbit: Smaugs Einöde","The Hobbit: The Desolation of Smaug","2013","Der Hobbit","schwer","Handlung","Mittelerde|Drachen|Gier","Der Hobbit|Mittelerde","Bilbo entdeckt das Schlüsselloch im Mondlicht.","„Der Hobbit: Smaugs Einöde“ (2013): Welches Licht macht das Schlüsselloch der Geheimtür schließlich sichtbar?","Das Feuer einer Fackel","Der Schein von Gandalfs Stab","Das Mondlicht","Der erste Sonnenstrahl am Morgen","C","Das Mondlicht zeigt den Zugang zur Geheimtür.","Die Gruppe deutet die erwartete Lichtbedingung zunächst zu eng und glaubt, ihre Gelegenheit verpasst zu haben. Bilbo bleibt aufmerksam, als die anderen bereits aufgeben. Seine Entdeckung macht deutlich, dass eine bekannte Anweisung noch richtig verstanden werden muss. Der entscheidende Fortschritt entsteht hier nicht durch Gewalt gegen den Felsen, sondern durch erneutes Hinsehen.","Eine Fackel enthüllt das Loch nicht.","Gandalf steht für diese Beleuchtung nicht an der Tür.","Das Mondlicht zeigt den Zugang zur Geheimtür.","Die Lösung kommt nicht erst mit der Morgensonne.","Bilbo entdeckt das Schlüsselloch im Mondlicht.","Handlung","https://www.filmsite.org/series-lordoftherings5.html|https://en.wikipedia.org/wiki/The_Hobbit:_The_Desolation_of_Smaug|https://www.filmsite.org/series-lordoftherings5.html","redaktionell_geprueft"
"FAN-S-010","K-FAN-05-gold-plan","","de","Film","Fantasy","Der Hobbit: Smaugs Einöde","The Hobbit: The Desolation of Smaug","2013","Der Hobbit","schwer","Handlung","Mittelerde|Drachen|Gier","Der Hobbit|Mittelerde","Das Gold überwältigt Smaug nur scheinbar.","„Der Hobbit: Smaugs Einöde“ (2013): Womit versuchen die Zwerge im Berg, Smaug zu überwältigen?","Mit vergifteten Speisen im Schatzraum","Mit einem Einsturz sämtlicher Außenmauern","Mit einer Flut aus geschmolzenem Gold","Mit einem Netz aus geflochtenem Mithril","C","Die Zwerge übergießen Smaug mit geschmolzenem Gold.","Die Gruppe nutzt die Anlagen ihrer verlorenen Heimat für einen improvisierten Angriff. Das Gold ist damit kurzzeitig nicht nur das begehrte Ziel, sondern ein eingesetztes Mittel. Der Plan scheint Smaug einzuschließen, hält ihn jedoch nicht dauerhaft auf. Die Bedrohung verlagert sich anschließend über den Berg hinaus zu den Menschen, die mit der Ankunft der Zwerge verbunden sind.","Eine Vergiftung durch Nahrung ist nicht der Plan.","Nicht ein vollständiger Mauereinsturz, sondern geschmolzenes Gold soll ihn stoppen.","Die Zwerge übergießen Smaug mit geschmolzenem Gold.","Ein Mithrilnetz wird nicht über den Drachen geworfen.","Das Gold überwältigt Smaug nur scheinbar.","Handlung","https://en.wikipedia.org/wiki/The_Hobbit:_The_Desolation_of_Smaug|https://www.filmsite.org/series-lordoftherings5.html","redaktionell_geprueft"
"FAN-L-011","K-FAN-06-bard-pfeil","","de","Film","Fantasy","Der Hobbit: Die Schlacht der fünf Heere","The Hobbit: The Battle of the Five Armies","2014","Der Hobbit","leicht","Handlung","Mittelerde|Krieg|Loyalität","Der Hobbit|Mittelerde","Bards schwarzer Pfeil beendet Smaugs Angriff.","„Der Hobbit: Die Schlacht der fünf Heere“ (2014): Womit tötet Bard den Drachen Smaug?","Mit einer vergifteten Lanze","Mit einem glühenden Schwert","Mit einem schwarzen Pfeil","Mit einem verzauberten Netz","C","Bard trifft Smaug mit dem schwarzen Pfeil.","Während Seestadt brennt, muss Bard eine letzte Möglichkeit gegen den Drachen nutzen. Sein Sohn hilft ihm in der gefährlichen Situation. Der Erfolg verbindet damit Mut mit dem Erkennen einer verwundbaren Stelle. Smaugs Tod beendet zwar den unmittelbaren Angriff, lässt aber eine zerstörte Stadt und einen nun umstrittenen Schatz zurück.","Bard verwendet keine vergiftete Lanze.","Ein Schwert ist nicht die entscheidende Waffe.","Bard trifft Smaug mit dem schwarzen Pfeil.","Ein Netz bringt Smaug nicht zu Fall.","Bards schwarzer Pfeil beendet Smaugs Angriff.","Auflösung","https://en.wikipedia.org/wiki/The_Hobbit:_The_Battle_of_the_Five_Armies|https://www.filmsite.org/series-lordoftherings6.html","redaktionell_geprueft"
"FAN-L-012","K-FAN-06-thorin-gier","","de","Film","Fantasy","Der Hobbit: Die Schlacht der fünf Heere","The Hobbit: The Battle of the Five Armies","2014","Der Hobbit","leicht","Motiv","Mittelerde|Krieg|Loyalität","Der Hobbit|Mittelerde","Der zurückgewonnene Schatz macht Thorin misstrauisch und besitzergreifend.","„Der Hobbit: Die Schlacht der fünf Heere“ (2014): Was verändert Thorins Verhalten nach der Rückeroberung des Berges besonders stark?","Seine zunehmende Furcht, den Ring an Sauron zu verlieren","Seine zunehmende Gier nach dem Schatz","Seine zunehmende Sehnsucht nach dem Leben als Wanderer","Seine zunehmende Bereitschaft, den Schatz vollständig abzugeben","B","Der Schatz verstärkt Thorins Gier und Misstrauen.","Das erreichte Ziel schafft zunächst keine versöhnliche Ruhe. Thorin grenzt sich von Verbündeten ab und behandelt frühere Zusagen als nachrangig gegenüber seinem Besitz. Bilbo erlebt, wie der Anführer, dem er helfen wollte, sich verändert. Der Konflikt dreht sich dadurch nicht mehr nur um äußere Feinde, sondern auch um die Wirkung des Erfolgs selbst.","Der Eine Ring ist nicht der Mittelpunkt seiner Besessenheit.","Der Schatz verstärkt Thorins Gier und Misstrauen.","Er klammert sich an den Besitz, statt die Rückkehr zum Wandern zu suchen.","Gerade die Verweigerung des Teilens verschärft den Konflikt.","Der zurückgewonnene Schatz macht Thorin misstrauisch und besitzergreifend.","Handlung","https://en.wikipedia.org/wiki/The_Hobbit:_The_Battle_of_the_Five_Armies|https://www.filmsite.org/series-lordoftherings6.html","redaktionell_geprueft"
"FAN-M-011","K-FAN-06-arkenstein-verhandlung","","de","Film","Fantasy","Der Hobbit: Die Schlacht der fünf Heere","The Hobbit: The Battle of the Five Armies","2014","Der Hobbit","mittel","Motiv","Mittelerde|Krieg|Loyalität","Der Hobbit|Mittelerde","Bilbo macht den Arkenstein zum Mittel gegen einen vermeidbaren Krieg.","„Der Hobbit: Die Schlacht der fünf Heere“ (2014): Warum übergibt Bilbo den Arkenstein an Bard und Thranduil?","Er will ihnen ein Druckmittel für friedliche Verhandlungen geben.","Er will damit Bards Unterstützung für einen neuen Angriff erkaufen.","Er will damit seinen eigenen Anspruch auf den Thron beweisen.","Er will den Stein dauerhaft vor sämtlichen Zwergen verbergen.","A","Bilbo hofft, mit dem Arkenstein einen Krieg zu verhindern.","Bilbo handelt gegen Thorins unmittelbaren Willen, aber nicht aus bloßem Verrat an seinen Freunden. Er sucht einen Ausweg aus der festgefahrenen Auseinandersetzung um den Schatz. Der besonders wertvolle Stein soll Verhandlungen ermöglichen, wo Bitten nicht mehr genügen. Seine Entscheidung stellt Loyalität als schwierige Abwägung dar: Zustimmung ist nicht immer die hilfreichste Form von Freundschaft.","Bilbo hofft, mit dem Arkenstein einen Krieg zu verhindern.","Bilbo sucht eine friedliche Einigung, keinen neuen Angriff.","Bilbo beansprucht keinen Königsthron.","Der Stein soll als bekanntes Druckmittel eine Einigung ermöglichen.","Bilbo macht den Arkenstein zum Mittel gegen einen vermeidbaren Krieg.","Handlung","https://en.wikipedia.org/wiki/The_Hobbit:_The_Battle_of_the_Five_Armies|https://www.filmsite.org/series-lordoftherings6.html","redaktionell_geprueft"
"FAN-M-012","K-FAN-06-dain-cousin","","de","Film","Fantasy","Der Hobbit: Die Schlacht der fünf Heere","The Hobbit: The Battle of the Five Armies","2014","Der Hobbit","mittel","Beziehung","Mittelerde|Krieg|Loyalität","Der Hobbit|Mittelerde","Dáin kommt als Thorins Cousin mit einem Zwergenheer.","„Der Hobbit: Die Schlacht der fünf Heere“ (2014): In welcher Beziehung steht der Zwergenführer Dáin zu Thorin?","Er ist sein Vater.","Er ist sein Sohn.","Er ist sein Cousin.","Er ist sein Schwiegervater.","C","Dáin ist Thorins Cousin.","Dáins Ankunft erweitert den Streit um den Berg um ein weiteres Heer. Die familiäre Verbindung erklärt, warum er Thorin beistehen will. Zugleich verändert das Auftauchen der Orks die Lage grundlegend: Die Gruppen müssen entscheiden, ob ihr Streit untereinander wichtiger ist als die gemeinsame Bedrohung. Verwandtschaft und Bündnispolitik treffen in derselben Situation aufeinander.","Er ist nicht Thorins Vater.","Dáin gehört nicht zu Thorins Kindergeneration.","Dáin ist Thorins Cousin.","Die Verbindung ist keine Schwiegervaterschaft.","Dáin kommt als Thorins Cousin mit einem Zwergenheer.","Handlung","https://en.wikipedia.org/wiki/The_Hobbit:_The_Battle_of_the_Five_Armies|https://www.filmsite.org/series-lordoftherings6.html","redaktionell_geprueft"
"FAN-S-011","K-FAN-06-galadriel-dolguldur","","de","Film","Fantasy","Der Hobbit: Die Schlacht der fünf Heere","The Hobbit: The Battle of the Five Armies","2014","Der Hobbit","schwer","Handlung","Mittelerde|Krieg|Loyalität","Der Hobbit|Mittelerde","Galadriel vertreibt Sauron, vernichtet ihn aber nicht.","„Der Hobbit: Die Schlacht der fünf Heere“ (2014): Wer vertreibt Saurons Erscheinung aus Dol Guldur?","Thranduil","Radagast","Galadriel","Tauriel","C","Galadriel drängt Sauron aus Dol Guldur zurück.","Die Rettung Gandalfs führt mehrere mächtige Verbündete an denselben Ort. Während andere Gegner bekämpft werden, stellt sich Galadriel der größeren dunklen Präsenz. Der Erfolg beendet Saurons Existenz nicht, verändert aber seinen Aufenthaltsort. Damit verbindet die Szene die Hobbit-Handlung mit einer Bedrohung, die weit über Thorins Streit um den Berg hinausreicht.","Thranduil führt seine eigenen Truppen an anderer Stelle.","Radagast hilft bei Gandalfs Rettung, vertreibt Sauron aber nicht.","Galadriel drängt Sauron aus Dol Guldur zurück.","Tauriel nimmt an dieser Konfrontation nicht teil.","Galadriel vertreibt Sauron, vernichtet ihn aber nicht.","Handlung","https://en.wikipedia.org/wiki/The_Hobbit:_The_Battle_of_the_Five_Armies|https://www.filmsite.org/series-lordoftherings6.html","redaktionell_geprueft"
"FAN-S-012","K-FAN-06-thorin-azog","","de","Film","Fantasy","Der Hobbit: Die Schlacht der fünf Heere","The Hobbit: The Battle of the Five Armies","2014","Der Hobbit","schwer","Handlung","Mittelerde|Krieg|Loyalität","Der Hobbit|Mittelerde","Thorin besiegt Azog um den Preis seiner tödlichen Verwundung.","„Der Hobbit: Die Schlacht der fünf Heere“ (2014): Wie kann Thorin Azog im letzten Zweikampf tödlich treffen?","Er bricht das Eis und lässt Azog ohne weiteren Kampf ertrinken.","Er lässt Azogs Klinge durch seine Deckung und trifft ihn aus nächster Nähe.","Er pariert Azogs Klinge und wirft ihn dann in einen Felsspalt.","Er hält Azog fest, bis Legolas ihn mit einem Pfeil trifft.","B","Thorin nimmt die tödliche Verletzung in Kauf und kann dadurch Azog erreichen.","Der Zweikampf endet nicht mit einer mühelosen Überlegenheit Thorins. Er erkennt eine Gelegenheit, deren Preis die eigene Verwundung ist. Sein Sieg bleibt deshalb mit seinem Tod verbunden. Die spätere Begegnung mit Bilbo lenkt den Blick wieder auf das Verhältnis der Freunde und auf Werte, die Thorin zuvor unter dem Einfluss des Schatzes aus den Augen verloren hatte.","Der letzte tödliche Schlag erfolgt im direkten Zweikampf.","Thorin nimmt die tödliche Verletzung in Kauf und kann dadurch Azog erreichen.","Thorin nimmt selbst den tödlichen Treffer in Kauf; ein Sturz in einen Felsspalt entscheidet nicht.","Legolas versetzt Azog nicht den tödlichen Treffer.","Thorin besiegt Azog um den Preis seiner tödlichen Verwundung.","Auflösung","https://tolkiengateway.net/wiki/Battle_of_Five_Armies|https://en.wikipedia.org/wiki/The_Hobbit:_The_Battle_of_the_Five_Armies|https://www.filmsite.org/series-lordoftherings6.html","redaktionell_geprueft"
"FAN-L-013","K-FAN-07-hogwarts","","de","Film","Fantasy","Harry Potter und der Stein der Weisen","Harry Potter and the Philosopher's Stone","2001","Harry Potter","leicht","Schauplatz","Magie|Zauberschule|Freundschaft","Harry Potter|Zauberwelt","Harrys neue Schule und sein wichtiger Zugehörigkeitsort heißen Hogwarts.","„Harry Potter und der Stein der Weisen“ (2001): Wie heißt die Schule, an der Harry Magie lernt?","Hogwarts","Beauxbatons","Ilvermorny","Durmstrang","A","Harry besucht Hogwarts.","Die Einladung eröffnet Harry eine Welt, von der seine Pflegefamilie ihn fernhalten wollte. Hogwarts bedeutet deshalb zugleich Unterricht und die Entdeckung einer eigenen Herkunft. Dort begegnet er Ron und Hermine und erlebt neue Formen von Zugehörigkeit. Die Schule bleibt allerdings kein ausschließlich sicherer Ort, weil sich die Vergangenheit auch innerhalb ihrer Mauern bemerkbar macht.","Harry besucht Hogwarts.","Beauxbatons ist eine andere Zauberschule.","Ilvermorny liegt nicht am Schauplatz seiner Ausbildung.","Durmstrang ist nicht Harrys Schule.","Harrys neue Schule und sein wichtiger Zugehörigkeitsort heißen Hogwarts.","keine","https://en.wikipedia.org/wiki/Harry_Potter_and_the_Philosopher%27s_Stone_(film)","redaktionell_geprueft"
"FAN-L-014","K-FAN-07-hedwig","","de","Film","Fantasy","Harry Potter und der Stein der Weisen","Harry Potter and the Philosopher's Stone","2001","Harry Potter","leicht","Figur","Magie|Zauberschule|Freundschaft","Harry Potter|Zauberwelt","Hagrid schenkt Harry Hedwig, seine Eule.","„Harry Potter und der Stein der Weisen“ (2001): Welches Tier schenkt Hagrid Harry zum Geburtstag?","Eine Katze","Eine Eule","Eine Ratte","Eine Kröte","B","Hagrid schenkt Harry die Eule Hedwig.","Das Geschenk begleitet Harry beim Eintritt in die magische Welt. Eulen sind dort nicht nur Haustiere, sondern übernehmen auch den Transport von Nachrichten. Hedwig verbindet dadurch persönliche Zuneigung mit einem praktischen Teil des neuen Alltags. Hagrids Geste zeigt Harry außerdem früh, dass ein Erwachsener seine Wünsche wahrnimmt und ihm freundlich begegnet.","Eine Katze ist nicht Hagrids Geschenk an Harry.","Hagrid schenkt Harry die Eule Hedwig.","Die Ratte gehört zu Rons Umfeld, nicht zu diesem Geschenk.","Harry erhält keine Kröte von Hagrid.","Hagrid schenkt Harry Hedwig, seine Eule.","Handlung","https://en.wikipedia.org/wiki/Harry_Potter_and_the_Philosopher%27s_Stone_(film)","redaktionell_geprueft"
"FAN-M-013","K-FAN-07-spiegel-nerhegeb","","de","Film","Fantasy","Harry Potter und der Stein der Weisen","Harry Potter and the Philosopher's Stone","2001","Harry Potter","mittel","Schauplatz","Magie|Zauberschule|Freundschaft","Harry Potter|Zauberwelt","Nerhegeb zeigt Sehnsucht, keine sichere Vorhersage.","„Harry Potter und der Stein der Weisen“ (2001): Was zeigt der Spiegel Nerhegeb dem Betrachter?","Sein Gesicht im hohen Alter","Den Aufenthaltsort jedes Feindes","Seinen tiefsten Herzenswunsch","Seine sichere Zukunft","C","Der Spiegel zeigt den innigsten Wunsch, nicht eine verlässliche Zukunft.","Harry sieht seine Eltern, weil ihm die Familie fehlt, die er nie kennenlernen konnte. Ron sieht etwas anderes, das seinen eigenen Sehnsüchten entspricht. Der Unterschied macht die Regel des Spiegels verständlich. Dumbledore warnt davor, sich in diesen Bildern zu verlieren, weil ein erfüllter Wunsch im Spiegel das wirkliche Leben nicht ersetzt.","Das Alter des Betrachters ist nicht die allgemeine Regel.","Der Spiegel funktioniert nicht als Ortungsgerät für Feinde.","Der Spiegel zeigt den innigsten Wunsch, nicht eine verlässliche Zukunft.","Die Bilder garantieren keine zukünftigen Ereignisse.","Nerhegeb zeigt Sehnsucht, keine sichere Vorhersage.","Handlung","https://www.harrypotter.com/fact-file/objects/the-mirror-of-erised|https://en.wikipedia.org/wiki/Harry_Potter_and_the_Philosopher%27s_Stone_(film)","redaktionell_geprueft"
"FAN-M-014","K-FAN-07-ron-schach","","de","Film","Fantasy","Harry Potter und der Stein der Weisen","Harry Potter and the Philosopher's Stone","2001","Harry Potter","mittel","Handlung","Magie|Zauberschule|Freundschaft","Harry Potter|Zauberwelt","Rons Schachwissen ermöglicht den nächsten Schritt zum Stein.","„Harry Potter und der Stein der Weisen“ (2001): Bei welcher Schutzaufgabe spielt Ron die entscheidende Rolle?","Beim Erkennen der Teufelsschlinge","Beim Einfangen des geflügelten Schlüssels","Beim Öffnen des Spiegels","Beim verzauberten Schachspiel","D","Ron führt die Freunde durch das verzauberte Schachspiel.","Auf dem Weg zum Stein sind unterschiedliche Fähigkeiten nötig. Rons Erfahrung mit Schach gibt ihm einen Vorteil, den Harrys Flugtalent oder Hermines Wissen nicht ersetzen. Er muss die Stellung als Ganzes betrachten und eine riskante Entscheidung treffen. Die Szene zeigt, dass die Freundschaft gerade durch verschiedene Stärken und gegenseitiges Vertrauen wirksam wird.","Hermine erkennt die Gefahr der Teufelsschlinge.","Harry übernimmt die entscheidende Flugaufgabe bei den Schlüsseln.","Der Spiegel ist nicht Rons Schachaufgabe.","Ron führt die Freunde durch das verzauberte Schachspiel.","Rons Schachwissen ermöglicht den nächsten Schritt zum Stein.","Handlung","https://en.wikipedia.org/wiki/Harry_Potter_and_the_Philosopher%27s_Stone_(film)","redaktionell_geprueft"
"FAN-S-013","K-FAN-07-quirrell-voldemort","","de","Film","Fantasy","Harry Potter und der Stein der Weisen","Harry Potter and the Philosopher's Stone","2001","Harry Potter","schwer","Figur","Magie|Zauberschule|Freundschaft","Harry Potter|Zauberwelt","Der scheinbar harmlose Quirrell ist Voldemorts Wirt.","„Harry Potter und der Stein der Weisen“ (2001): Welcher Lehrer verbirgt Voldemort an seinem Hinterkopf?","Professor Flitwick","Professor Sprout","Professor Quirrell","Professor Snape","C","Voldemort benutzt Quirrell als Wirt.","Die Freunde richten ihr Misstrauen lange auf Snape. Das verunsicherte Auftreten Quirrells hilft dagegen, seine Rolle zu verdecken. Die Enthüllung zeigt, dass eine unangenehme Erscheinung nicht mit tatsächlicher Schuld gleichgesetzt werden darf. Harry muss im letzten Raum erkennen, dass seine bisherigen Deutungen der Vorfälle nicht vollständig zur wirklichen Bedrohung passen.","Flitwick trägt Voldemort nicht in seinem Körper.","Sprout hat diese verborgene Rolle nicht.","Voldemort benutzt Quirrell als Wirt.","Snape wird verdächtigt, ist aber nicht Voldemorts Wirt.","Der scheinbar harmlose Quirrell ist Voldemorts Wirt.","Auflösung","https://en.wikipedia.org/wiki/Harry_Potter_and_the_Philosopher%27s_Stone_(film)","redaktionell_geprueft"
"FAN-S-014","K-FAN-07-stein-spiegel","","de","Film","Fantasy","Harry Potter und der Stein der Weisen","Harry Potter and the Philosopher's Stone","2001","Harry Potter","schwer","Handlung","Magie|Zauberschule|Freundschaft","Harry Potter|Zauberwelt","Harry bekommt den Stein, weil er ihn retten statt benutzen will.","„Harry Potter und der Stein der Weisen“ (2001): Warum erhält Harry den Stein aus dem Spiegel?","Er will ihn verwenden, um seine Eltern zurückzuholen.","Er will ihn verwenden, um Voldemorts Körper zu zerstören.","Er will ihn verwenden, um seine Verletzung zu heilen.","Er will ihn finden, aber nicht benutzen.","D","Dumbledores Schutz erlaubt den Fund nur jemandem, der den Stein nicht benutzen will.","Die letzte Sicherung prüft keine sportliche oder schulische Leistung. Entscheidend ist die Absicht gegenüber dem Gegenstand. Harry möchte verhindern, dass der Stein missbraucht wird, und erfüllt damit eine Bedingung, an der Voldemorts Pläne scheitern. Der Film macht so aus dem Wunsch selbst eine Grenze zwischen Schutz und Aneignung.","Ein Wunsch nach eigener Nutzung würde Dumbledores Bedingung nicht erfüllen.","Die Bedingung lautet Finden ohne Nutzungsabsicht.","Die Heilung ist nicht der Wunsch, durch den Harry den Stein erhält.","Dumbledores Schutz erlaubt den Fund nur jemandem, der den Stein nicht benutzen will.","Harry bekommt den Stein, weil er ihn retten statt benutzen will.","Auflösung","https://en.wikipedia.org/wiki/Harry_Potter_and_the_Philosopher%27s_Stone_(film)","redaktionell_geprueft"
"FAN-L-015","K-FAN-08-dobby","","de","Film","Fantasy","Harry Potter und die Kammer des Schreckens","Harry Potter and the Chamber of Secrets","2002","Harry Potter","leicht","Figur","Magie|Zauberschule|Vorurteile","Harry Potter|Zauberwelt","Dobby warnt Harry, obwohl seine Hilfe zunächst Ärger verursacht.","„Harry Potter und die Kammer des Schreckens“ (2002): Wer warnt Harry davor, nach Hogwarts zurückzukehren?","Dobby","Fawkes","Fang","Aragog","A","Der Hauself Dobby versucht, Harry fernzuhalten.","Dobby weiß von einer drohenden Gefahr, kann sie aber nicht einfach frei erklären. Seine Versuche zu helfen verursachen deshalb zunächst selbst Probleme für Harry. Der Film zeigt eine Figur, deren gute Absicht und tatsächliche Wirkung auseinandergehen. Erst später versteht Harry besser, welche Abhängigkeit Dobbys Verhalten und seine Möglichkeiten zum Sprechen bestimmen.","Der Hauself Dobby versucht, Harry fernzuhalten.","Fawkes ist Dumbledores Phönix.","Fang ist Hagrids Hund.","Aragog lebt im Verbotenen Wald.","Dobby warnt Harry, obwohl seine Hilfe zunächst Ärger verursacht.","Handlung","https://www.harrypotter.com/fact-file/characters-and-pets/dobby|https://en.wikipedia.org/wiki/Harry_Potter_and_the_Chamber_of_Secrets_(film)","redaktionell_geprueft"
"FAN-L-016","K-FAN-08-basilisk","","de","Film","Fantasy","Harry Potter und die Kammer des Schreckens","Harry Potter and the Chamber of Secrets","2002","Harry Potter","leicht","Figur","Magie|Zauberschule|Vorurteile","Harry Potter|Zauberwelt","Der Basilisk ist die verborgene Schlange der Kammer.","„Harry Potter und die Kammer des Schreckens“ (2002): Welches Wesen lebt in der Kammer des Schreckens?","Ein Zentaur","Ein Hippogreif","Ein Werwolf","Ein Basilisk","D","In der Kammer lebt ein Basilisk.","Die Angriffe in der Schule wirken zunächst rätselhaft, weil die Betroffenen das Wesen nicht gewöhnlich durch die Flure gehen sehen. Seine Größe, der Zugang zur Kammer und die besondere Wirkung seines Blicks gehören zusammen. Harrys Fähigkeit, Schlangensprache zu verstehen, macht ihn verdächtig und liefert ihm zugleich einen wichtigen Zugang zur Aufklärung.","Zentauren leben nicht als Monster in der Kammer.","Ein Hippogreif ist kein Schlangenwesen.","Ein Werwolf erklärt diese Kammerbedrohung nicht.","In der Kammer lebt ein Basilisk.","Der Basilisk ist die verborgene Schlange der Kammer.","Handlung","https://en.wikipedia.org/wiki/Harry_Potter_and_the_Chamber_of_Secrets_(film)","redaktionell_geprueft"
"FAN-M-015","K-FAN-08-ginny-tagebuch","","de","Film","Fantasy","Harry Potter und die Kammer des Schreckens","Harry Potter and the Chamber of Secrets","2002","Harry Potter","mittel","Figur","Magie|Zauberschule|Vorurteile","Harry Potter|Zauberwelt","Das antwortende Tagebuch gewinnt Einfluss auf Ginny.","„Harry Potter und die Kammer des Schreckens“ (2002): Welches Mädchen gerät besonders unter den Einfluss von Riddles Tagebuch?","Hermine Granger","Luna Lovegood","Ginny Weasley","Cho Chang","C","Ginny wird durch das Tagebuch beeinflusst.","Das Buch scheint zunächst ein Gegenstand zu sein, dem persönliche Gedanken anvertraut werden können. Gerade diese Vertraulichkeit macht es gefährlich. Ginny erhält Antworten, ohne zu überblicken, wer ihr gegenübersteht und welche Macht dadurch entsteht. Die Bedrohung der Schule beginnt somit nicht nur mit einem Monster, sondern auch mit einer täuschend persönlichen Beziehung zu einem Gegenstand.","Hermine untersucht Hinweise, ist aber nicht die so beeinflusste Besitzerin.","Luna spielt in diesem Film diese Rolle nicht.","Ginny wird durch das Tagebuch beeinflusst.","Cho wird nicht durch dieses Tagebuch kontrolliert.","Das antwortende Tagebuch gewinnt Einfluss auf Ginny.","Handlung","https://www.harrypotter.com/features/history-of-voldemorts-horcruxes|https://en.wikipedia.org/wiki/Harry_Potter_and_the_Chamber_of_Secrets_(film)","redaktionell_geprueft"
"FAN-M-016","K-FAN-08-dobby-socke","","de","Film","Fantasy","Harry Potter und die Kammer des Schreckens","Harry Potter and the Chamber of Secrets","2002","Harry Potter","mittel","Handlung","Magie|Zauberschule|Vorurteile","Harry Potter|Zauberwelt","Eine weitergereichte Socke beendet Dobbys Dienstbindung.","„Harry Potter und die Kammer des Schreckens“ (2002): Mit welchem Kleidungsstück gelingt Harry Dobbys Befreiung?","Mit einem Handschuh","Mit einer Socke","Mit einem Schal","Mit einem Hut","B","Harry benutzt eine Socke, die Lucius an Dobby weitergibt.","Dobbys Abhängigkeit folgt einer Regel, die Harry gegen dessen Herrn wendet. Er bringt Lucius dazu, ein Kleidungsstück weiterzureichen, ohne die Folgen richtig zu beachten. Der Sieg entsteht deshalb nicht durch einen stärkeren Zauberspruch. Harry beobachtet die soziale Bindung und nutzt eine Lücke im Umgang des mächtigen Mannes mit seinem Diener.","Ein Handschuh ersetzt die Socke nicht.","Harry benutzt eine Socke, die Lucius an Dobby weitergibt.","Ein Schal ist nicht das weitergereichte Kleidungsstück.","Ein Hut spielt bei dieser Befreiung keine Rolle.","Eine weitergereichte Socke beendet Dobbys Dienstbindung.","Auflösung","https://www.harrypotter.com/fact-file/characters-and-pets/dobby|https://en.wikipedia.org/wiki/Harry_Potter_and_the_Chamber_of_Secrets_(film)","redaktionell_geprueft"
"FAN-S-015","K-FAN-08-tagebuch-zahn","","de","Film","Fantasy","Harry Potter und die Kammer des Schreckens","Harry Potter and the Chamber of Secrets","2002","Harry Potter","schwer","Handlung","Magie|Zauberschule|Vorurteile","Harry Potter|Zauberwelt","Der Basiliskenzahn zerstört das Tagebuch und Riddles Einfluss.","„Harry Potter und die Kammer des Schreckens“ (2002): Womit zerstört Harry Riddles Tagebuch?","Mit einem Basiliskenzahn","Mit einem gewöhnlichen Taschenmesser","Mit Fawkes' Feder","Mit Lucius' Gehstock","A","Harry durchbohrt das Tagebuch mit einem Basiliskenzahn.","Die besiegte Kreatur hinterlässt nicht nur eine Gefahr durch ihr Gift, sondern auch ein Mittel gegen den Ursprung der Manipulation. Harry erkennt, dass das Buch selbst angegriffen werden muss. Das verbindet den Kampf gegen den Basilisken mit Ginnys Rettung. Ein Gegenstand aus derselben Bedrohungssituation wird zum entscheidenden Werkzeug gegen Riddle.","Harry durchbohrt das Tagebuch mit einem Basiliskenzahn.","Ein gewöhnliches Messer wird nicht verwendet.","Eine Phönixfeder zerstört das Buch nicht.","Lucius' Gehstock ist nicht das Werkzeug in der Kammer.","Der Basiliskenzahn zerstört das Tagebuch und Riddles Einfluss.","Auflösung","https://www.harrypotter.com/features/history-of-voldemorts-horcruxes|https://en.wikipedia.org/wiki/Harry_Potter_and_the_Chamber_of_Secrets_(film)","redaktionell_geprueft"
"FAN-S-016","K-FAN-08-versteinerung-blick","","de","Film","Fantasy","Harry Potter und die Kammer des Schreckens","Harry Potter and the Chamber of Secrets","2002","Harry Potter","schwer","Handlung","Magie|Zauberschule|Vorurteile","Harry Potter|Zauberwelt","Indirektes Sehen führt zur Versteinerung statt zum tödlichen Blick.","„Harry Potter und die Kammer des Schreckens“ (2002): Warum sterben mehrere Opfer nicht am Blick des Basilisken, sondern werden versteinert?","Sie sehen ihn nur indirekt oder durch ein Hilfsmittel.","Sie halten während des Angriffs einen Zauberstab aus Esche.","Sie tragen alle denselben schützenden Hausumhang.","Sie haben vorher unbemerkt Vielsafttrank getrunken.","A","Der Blick erreicht sie indirekt, etwa über einen Spiegel oder eine andere Vermittlung.","Hermine erkennt das Muster hinter scheinbar unterschiedlichen Begegnungen. Es erklärt, warum die Opfer überleben und dennoch bewegungslos zurückbleiben. Die Hinweise ergeben erst gemeinsam die richtige Beschreibung des Monsters. Damit ist ihre Recherche ebenso wichtig wie Harrys spätere Konfrontation: Sie macht aus einzelnen Unglücksfällen eine verständliche Regel, auf die reagiert werden kann.","Der Blick erreicht sie indirekt, etwa über einen Spiegel oder eine andere Vermittlung.","Ein bestimmtes Zauberstabholz erklärt die Versteinerung nicht.","Die Opfer gehören nicht alle zu einer durch denselben Umhang geschützten Gruppe.","Vielsafttrank ist nicht ihr gemeinsamer Schutz.","Indirektes Sehen führt zur Versteinerung statt zum tödlichen Blick.","Handlung","https://en.wikipedia.org/wiki/Harry_Potter_and_the_Chamber_of_Secrets_(film)","redaktionell_geprueft"
"FAN-L-017","K-FAN-09-sirius-ausbruch","","de","Film","Fantasy","Harry Potter und der Gefangene von Askaban","Harry Potter and the Prisoner of Azkaban","2004","Harry Potter","leicht","Figur","Magie|Zeitreise|Täuschung","Harry Potter|Zauberwelt","Sirius Blacks Ausbruch setzt Harrys drittes Schuljahr unter Spannung.","„Harry Potter und der Gefangene von Askaban“ (2004): Welcher aus Askaban entflohene Mann gilt zunächst als Gefahr für Harry?","Lucius Malfoy","Sirius Black","Arthur Weasley","Remus Lupin","B","Sirius Black wird als gefährlicher Ausbrecher gesucht.","Harry erhält Warnungen, bevor er die Hintergründe des Falls selbst kennt. Die öffentliche Geschichte über Sirius beeinflusst deshalb seine Erwartungen an jede Begegnung. Der Film baut diese Sicht schrittweise um, indem neue Informationen hinzukommen. Die Bedrohung liegt nicht nur in der Flucht aus dem Gefängnis, sondern auch in einer Vergangenheit, die lange falsch verstanden wurde.","Lucius ist nicht der gesuchte Ausbrecher dieser Handlung.","Sirius Black wird als gefährlicher Ausbrecher gesucht.","Arthur Weasley ist kein Flüchtiger aus Askaban.","Lupin kommt als neuer Lehrer nach Hogwarts.","Sirius Blacks Ausbruch setzt Harrys drittes Schuljahr unter Spannung.","Handlung","https://en.wikipedia.org/wiki/Harry_Potter_and_the_Prisoner_of_Azkaban_(film)","redaktionell_geprueft"
"FAN-L-018","K-FAN-09-zeitumkehrer","","de","Film","Fantasy","Harry Potter und der Gefangene von Askaban","Harry Potter and the Prisoner of Azkaban","2004","Harry Potter","leicht","Technik","Magie|Zeitreise|Täuschung","Harry Potter|Zauberwelt","Hermines Zeitumkehrer ermöglicht die Rückkehr um einige Stunden.","„Harry Potter und der Gefangene von Askaban“ (2004): Welchen Gegenstand nutzt Hermine für Reisen um wenige Stunden zurück?","Ein Denkarium","Einen Portschlüssel","Einen Zeitumkehrer","Ein Erinnerungsmal","C","Hermine besitzt einen Zeitumkehrer.","Zunächst erklärt der Gegenstand, wie Hermine Unterrichtstermine wahrnehmen kann, die sich überschneiden. Später erhält dieselbe Möglichkeit eine entscheidende Bedeutung für die Rettung anderer. Der Film führt somit einen scheinbaren Alltagsvorteil als Grundlage einer größeren Handlung ein. Die Rückkehr verlangt jedoch Vorsicht, weil die Reisenden sich innerhalb bereits beobachteter Ereignisse bewegen.","Ein Denkarium dient dem Betrachten von Erinnerungen.","Ein Portschlüssel transportiert Menschen an einen anderen Ort.","Hermine besitzt einen Zeitumkehrer.","Ein Erinnerungsmal ist kein Zeitreisegerät.","Hermines Zeitumkehrer ermöglicht die Rückkehr um einige Stunden.","Handlung","https://en.wikipedia.org/wiki/Harry_Potter_and_the_Prisoner_of_Azkaban_(film)","redaktionell_geprueft"
"FAN-M-017","K-FAN-09-krätze-pettigrew","","de","Film","Fantasy","Harry Potter und der Gefangene von Askaban","Harry Potter and the Prisoner of Azkaban","2004","Harry Potter","mittel","Figur","Magie|Zeitreise|Täuschung","Harry Potter|Zauberwelt","Krätze ist Pettigrews Versteck in Tiergestalt.","„Harry Potter und der Gefangene von Askaban“ (2004): Wer verbirgt sich hinter Rons Ratte Krätze?","Sirius Black","Barty Crouch junior","Peter Pettigrew","Remus Lupin","C","Krätze ist die Tiergestalt von Peter Pettigrew.","Die Entdeckung verwandelt ein vertrautes Haustier in eine Schlüsselfigur der Vergangenheit. Pettigrew hatte seinen Tod vorgetäuscht und sich als Ratte verborgen. Dadurch konnte eine falsche Beschuldigung gegen Sirius fortbestehen. Für Ron ist die Enthüllung besonders persönlich, weil sich der vermeintlich harmlose Begleiter über lange Zeit mitten in seiner Familie aufgehalten hat.","Sirius verwandelt sich in einen großen schwarzen Hund.","Barty Crouch junior steckt nicht hinter Krätze.","Krätze ist die Tiergestalt von Peter Pettigrew.","Lupin ist ein Werwolf, nicht diese Ratte.","Krätze ist Pettigrews Versteck in Tiergestalt.","Auflösung","https://en.wikipedia.org/wiki/Harry_Potter_and_the_Prisoner_of_Azkaban_(film)","redaktionell_geprueft"
"FAN-M-018","K-FAN-09-sirius-pate","","de","Film","Fantasy","Harry Potter und der Gefangene von Askaban","Harry Potter and the Prisoner of Azkaban","2004","Harry Potter","mittel","Beziehung","Magie|Zeitreise|Täuschung","Harry Potter|Zauberwelt","Sirius ist Harrys Pate und ein Freund seiner Eltern.","„Harry Potter und der Gefangene von Askaban“ (2004): Welche persönliche Verbindung hat Sirius zu Harry?","Er ist Harrys Großvater.","Er ist Harrys Onkel mütterlicherseits.","Er ist Harrys Pate.","Er ist Harrys älterer Halbbruder.","C","Sirius ist Harrys Pate.","Die Information erhält im Verlauf eine andere Bedeutung, sobald Harry den tatsächlichen Verrat an seinen Eltern versteht. Aus einer vermeintlich besonders bitteren Verbindung zum Feind wird die Aussicht auf familiäre Nähe. Sirius kann Harry eine Beziehung zu dessen Eltern vermitteln, die über Schulunterricht und Erzählungen Fremder hinausgeht. Deshalb bedeutet seine mögliche Freiheit für Harry mehr als einen juristischen Erfolg.","Sirius gehört nicht zur Großelterngeneration.","Sirius ist kein Bruder von Harrys Mutter.","Sirius ist Harrys Pate.","Harry und Sirius sind keine Halbbrüder.","Sirius ist Harrys Pate und ein Freund seiner Eltern.","Handlung","https://en.wikipedia.org/wiki/Harry_Potter_and_the_Prisoner_of_Azkaban_(film)","redaktionell_geprueft"
"FAN-S-017","K-FAN-09-patronus-selbst","","de","Film","Fantasy","Harry Potter und der Gefangene von Askaban","Harry Potter and the Prisoner of Azkaban","2004","Harry Potter","schwer","Handlung","Magie|Zeitreise|Täuschung","Harry Potter|Zauberwelt","Harry erkennt im vermeintlichen Vater seine eigene spätere Handlung.","„Harry Potter und der Gefangene von Askaban“ (2004): Wer erzeugt den rettenden Patronus am See, den Harry zunächst seinem Vater zuschreibt?","Dumbledore aus einem Versteck","Harry selbst nach der Zeitreise","Snape vom anderen Ufer","Sirius in seiner Hundegestalt","B","Der zeitgereiste Harry rettet sein früheres Ich und Sirius.","Harry wartet zunächst auf die Person, die er bereits gesehen zu haben glaubt. Als sie nicht erscheint, versteht er, dass er selbst handeln muss. Das Vertrauen entsteht gerade aus der Erinnerung an den bereits beobachteten Erfolg. Die Szene verbindet Zeitreise mit einer persönlichen Entwicklung: Harry übernimmt eine Aufgabe, die er zuerst nur seinem Vater zutraute.","Dumbledore erscheint nicht heimlich am See.","Der zeitgereiste Harry rettet sein früheres Ich und Sirius.","Snape ist nicht der Zaubernde auf der anderen Seite.","Sirius ist selbst in Not und wirkt diesen Patronus nicht.","Harry erkennt im vermeintlichen Vater seine eigene spätere Handlung.","Auflösung","https://en.wikipedia.org/wiki/Harry_Potter_and_the_Prisoner_of_Azkaban_(film)","redaktionell_geprueft"
"FAN-S-018","K-FAN-09-lupin-vollmond","","de","Film","Fantasy","Harry Potter und der Gefangene von Askaban","Harry Potter and the Prisoner of Azkaban","2004","Harry Potter","schwer","Handlung","Magie|Zeitreise|Täuschung","Harry Potter|Zauberwelt","Lupins Verwandlung lässt Pettigrew entkommen und erschwert Sirius' Entlastung.","„Harry Potter und der Gefangene von Askaban“ (2004): Was ermöglicht Pettigrew die Flucht nach seiner Enttarnung?","Dumbledore befiehlt seine sofortige Freilassung.","Hermine löst versehentlich alle Fesseln mit dem Zeitumkehrer.","Lupins Verwandlung beim Vollmond stürzt die Gruppe ins Chaos.","Ron tauscht ihn heimlich gegen eine andere Ratte aus.","C","Lupins Verwandlung schafft die Gelegenheit für Pettigrews Flucht.","Die Gruppe scheint nach der Enthüllung endlich Beweise für Sirius' Unschuld zu besitzen. Der Weg zurück zum Schloss wird jedoch durch eine Gefahr unterbrochen, die schon innerhalb der Begleiter liegt. Pettigrew nutzt den Kontrollverlust, um wieder seine Tiergestalt anzunehmen. Damit geht nicht nur ein Gegner verloren, sondern auch die Möglichkeit einer einfachen offiziellen Entlastung.","Dumbledore ordnet Pettigrews Freilassung nicht an.","Der Zeitumkehrer löst keine Fesseln dieser Gruppe.","Lupins Verwandlung schafft die Gelegenheit für Pettigrews Flucht.","Ron führt keinen heimlichen Austausch durch.","Lupins Verwandlung lässt Pettigrew entkommen und erschwert Sirius' Entlastung.","Handlung","https://en.wikipedia.org/wiki/Harry_Potter_and_the_Prisoner_of_Azkaban_(film)","redaktionell_geprueft"
"FAN-L-019","K-FAN-10-trimagisch","","de","Film","Fantasy","Harry Potter und der Feuerkelch","Harry Potter and the Goblet of Fire","2005","Harry Potter","leicht","Handlung","Magie|Wettbewerb|Verrat","Harry Potter|Zauberwelt","Harry wird unerwartet Teilnehmer des Trimagischen Turniers.","„Harry Potter und der Feuerkelch“ (2005): An welchem gefährlichen Wettbewerb muss Harry teilnehmen?","An einem Duell um die Leitung von Hogwarts","An einer Prüfung zum Zaubereiminister","An der Quidditch-Weltmeisterschaft als Spieler","Am Trimagischen Turnier","D","Harry wird zum zusätzlichen Teilnehmer des Trimagischen Turniers.","Der Wettbewerb bringt Vertreter verschiedener Schulen zusammen und verlangt mehrere unterschiedliche Prüfungen. Harry hat sich nicht freiwillig auf gewöhnliche Weise angemeldet, muss aber dennoch antreten. Dadurch verbindet der Film sportliche Konkurrenz mit einer verborgenen Manipulation. Die Frage, wie sein Name in die Auswahl gelangte, bleibt neben den sichtbaren Aufgaben bestehen.","Die Schulleitung wird nicht auf diese Weise vergeben.","Eine Ministerprüfung ist nicht sein Wettbewerb.","Die Weltmeisterschaft erlebt Harry als Besucher, nicht als Spieler.","Harry wird zum zusätzlichen Teilnehmer des Trimagischen Turniers.","Harry wird unerwartet Teilnehmer des Trimagischen Turniers.","keine","https://en.wikipedia.org/wiki/Harry_Potter_and_the_Goblet_of_Fire_(film)","redaktionell_geprueft"
"FAN-L-020","K-FAN-10-cedric","","de","Film","Fantasy","Harry Potter und der Feuerkelch","Harry Potter and the Goblet of Fire","2005","Harry Potter","leicht","Figur","Magie|Wettbewerb|Verrat","Harry Potter|Zauberwelt","Cedric ist der reguläre Hogwarts-Champion neben dem zusätzlich ausgewählten Harry.","„Harry Potter und der Feuerkelch“ (2005): Welcher andere Schüler vertritt Hogwarts im Turnier?","Cedric Diggory","Neville Longbottom","Seamus Finnigan","Draco Malfoy","A","Cedric Diggory ist Hogwarts' regulär ausgewählter Champion.","Cedric und Harry stehen zunächst in Konkurrenz, weil Harrys zusätzliche Teilnahme die erwartete Ordnung stört. Ihre Beziehung entwickelt sich jedoch nicht nur als Rivalität. Gegenseitige Hinweise und gemeinsame Entscheidungen zeigen, dass Fairness innerhalb des Wettbewerbs möglich bleibt. Gerade deshalb gewinnt ihr gemeinsamer Weg am Ende der letzten Aufgabe eine besondere Bedeutung.","Cedric Diggory ist Hogwarts' regulär ausgewählter Champion.","Neville hilft Harry, tritt aber nicht selbst an.","Seamus ist kein Turnierteilnehmer.","Draco wird nicht zum Champion gewählt.","Cedric ist der reguläre Hogwarts-Champion neben dem zusätzlich ausgewählten Harry.","Handlung","https://en.wikipedia.org/wiki/Harry_Potter_and_the_Goblet_of_Fire_(film)","redaktionell_geprueft"
"FAN-M-019","K-FAN-10-kiemenkraut-neville","","de","Film","Fantasy","Harry Potter und der Feuerkelch","Harry Potter and the Goblet of Fire","2005","Harry Potter","mittel","Technik","Magie|Wettbewerb|Verrat","Harry Potter|Zauberwelt","Im Feuerkelch-Film hilft Neville mit dem Unterwasserkraut.","„Harry Potter und der Feuerkelch“ (2005): Wer gibt Harry im Film das Dianthuskraut für die Unterwasseraufgabe?","Viktor Krum","Neville Longbottom","Ron Weasley","Dobby","B","Im Film erhält Harry das Kraut von Neville.","Nevilles Interesse an Pflanzen bekommt eine unmittelbare praktische Bedeutung. Das Kraut ermöglicht Harry, sich für die Aufgabe unter Wasser anzupassen. Die Helferrolle muss ausdrücklich nach der Verfilmung beantwortet werden, weil sie in der Romanvorlage anders verteilt ist. Der Film nutzt die Szene außerdem, um einem sonst häufig unterschätzten Mitschüler einen wichtigen Beitrag zu geben.","Krum verfolgt eine andere Lösung und gibt Harry das Kraut nicht.","Im Film erhält Harry das Kraut von Neville.","Ron ist während der Aufgabe selbst unter Wasser gefangen.","Dobby übernimmt diese Hilfe im Buch, nicht in dieser Filmszene.","Im Feuerkelch-Film hilft Neville mit dem Unterwasserkraut.","Handlung","https://www.harrypotter.com/fact-file/plants-and-potions/gillyweed|https://en.wikipedia.org/wiki/Harry_Potter_and_the_Goblet_of_Fire_(film)","redaktionell_geprueft"
"FAN-M-020","K-FAN-10-pokal-portschluessel","","de","Film","Fantasy","Harry Potter und der Feuerkelch","Harry Potter and the Goblet of Fire","2005","Harry Potter","mittel","Technik","Magie|Wettbewerb|Verrat","Harry Potter|Zauberwelt","Der vermeintliche Preis ist das Transportmittel der Falle.","„Harry Potter und der Feuerkelch“ (2005): Welche verborgene Funktion hat der Turnierpokal?","Er ist ein Zeitumkehrer zum ersten Schultag.","Er ist ein Portschlüssel zu einem Friedhof.","Er ist ein Spiegel, der den Sieger verdoppelt.","Er ist ein Behälter für einen Unsichtbarkeitstrank.","B","Der Pokal transportiert Harry und Cedric als Portschlüssel zum Friedhof.","Das sichtbare Ziel des Wettbewerbs wird zur Falle. Harry und Cedric erreichen gemeinsam den Pokal und erwarten den Abschluss der Prüfung. Stattdessen verlassen sie den geschützten Rahmen der Schule. Die Manipulation erklärt, weshalb jemand Harry durch die Aufgaben bringen wollte: Sein Erfolg ist Teil des Plans, ihn an einen bestimmten Ort zu locken.","Eine Reise in die Vergangenheit ist nicht die Wirkung.","Der Pokal transportiert Harry und Cedric als Portschlüssel zum Friedhof.","Eine Verdopplung des Siegers findet nicht statt.","Der Pokal enthält nicht den gesuchten Unsichtbarkeitstrank.","Der vermeintliche Preis ist das Transportmittel der Falle.","Auflösung","https://en.wikipedia.org/wiki/Harry_Potter_and_the_Goblet_of_Fire_(film)","redaktionell_geprueft"
"FAN-S-019","K-FAN-10-moody-crouch","","de","Film","Fantasy","Harry Potter und der Feuerkelch","Harry Potter and the Goblet of Fire","2005","Harry Potter","schwer","Figur","Magie|Wettbewerb|Verrat","Harry Potter|Zauberwelt","Der Moody des Schuljahrs ist größtenteils Barty Crouch junior.","„Harry Potter und der Feuerkelch“ (2005): Wer gibt sich mithilfe von Vielsafttrank als Mad-Eye Moody aus?","Barty Crouch junior","Barty Crouch senior","Peter Pettigrew","Igor Karkaroff","A","Barty Crouch junior nimmt Moodys Gestalt an.","Der vermeintliche Lehrer kann Harry aus nächster Nähe beeinflussen, weil seine Rolle an Hogwarts ihm Vertrauen und Zugang verschafft. Seine Hilfe bei den Aufgaben dient daher einem anderen Ziel, als Harry glaubt. Die Enthüllung trennt Erscheinungsbild und tatsächliche Person. Auch hier kann eine nützliche Unterstützung zugleich Teil einer feindlichen Planung sein.","Barty Crouch junior nimmt Moodys Gestalt an.","Crouch senior wird nicht als Moody enttarnt.","Pettigrew wirkt an Voldemorts Rückkehr mit, trägt aber nicht diese Tarnung.","Karkaroff ist Durmstrangs Schulleiter, nicht der verkleidete Lehrer.","Der Moody des Schuljahrs ist größtenteils Barty Crouch junior.","Auflösung","https://en.wikipedia.org/wiki/Harry_Potter_and_the_Goblet_of_Fire_(film)","redaktionell_geprueft"
"FAN-S-020","K-FAN-10-harrys-blut","","de","Film","Fantasy","Harry Potter und der Feuerkelch","Harry Potter and the Goblet of Fire","2005","Harry Potter","schwer","Handlung","Magie|Wettbewerb|Verrat","Harry Potter|Zauberwelt","Harry soll lebend ankommen, weil Voldemort sein Blut benötigt.","„Harry Potter und der Feuerkelch“ (2005): Warum braucht Voldemorts Ritual Harry lebend am Friedhof?","Harry muss seinen Zauberstab als Ersatz für Voldemorts Knochen opfern.","Harrys Zauberkraft muss durch einen freiwilligen Eid übertragen werden.","Harry muss den Zauber aussprechen, der Voldemorts Körper erschafft.","Harrys Blut wird für die Wiederherstellung seines Körpers verwendet.","D","Pettigrew verwendet Harrys Blut im Ritual für Voldemorts neuen Körper.","Der Plan hinter dem Turnier zielt nicht darauf, Harry möglichst früh zu töten. Er muss den Friedhof erreichen, weil Voldemort eine bestimmte körperliche Verbindung nutzen will. Die Aufgaben erhalten dadurch rückblickend eine andere Funktion. Dass Harry immer wieder Hilfe bekam, war nicht bloß Glück, sondern Teil der Vorbereitung auf diesen Moment.","Harrys Zauberstab ist nicht dieser Bestandteil des Rituals.","Kein freiwilliger Eid überträgt Harrys Kraft; benötigt wird sein Blut.","Pettigrew führt das Ritual aus; Harry ist nicht dessen Zaubernder.","Pettigrew verwendet Harrys Blut im Ritual für Voldemorts neuen Körper.","Harry soll lebend ankommen, weil Voldemort sein Blut benötigt.","Auflösung","https://en.wikipedia.org/wiki/Harry_Potter_and_the_Goblet_of_Fire_(film)","redaktionell_geprueft"
"FAN-L-021","K-FAN-11-umbridge","","de","Film","Fantasy","Harry Potter und der Orden des Phönix","Harry Potter and the Order of the Phoenix","2007","Harry Potter","leicht","Figur","Magie|Widerstand|Propaganda","Harry Potter|Zauberwelt","Umbridges höfliche Fassade verbirgt autoritäre Kontrolle.","„Harry Potter und der Orden des Phönix“ (2007): Welche Lehrerin übernimmt im Auftrag des Ministeriums zunehmend die Kontrolle über Hogwarts?","Sybill Trelawney","Dolores Umbridge","Minerva McGonagall","Pomona Sprout","B","Dolores Umbridge setzt die Vorgaben des Ministeriums an Hogwarts durch.","Imelda Staunton spielt Umbridge mit betont höflichem Auftreten, hinter dem sich große Grausamkeit verbirgt. Ihre Regeln beschränken Unterricht und Schülerleben. Für Harry wird dadurch ausgerechnet die Schule zu einem Ort politischer Kontrolle. Der Konflikt dreht sich auch darum, wer entscheiden darf, welche Erfahrungen als Wahrheit gelten.","Trelawney wird selbst zum Ziel von Umbridges Eingriffen.","Dolores Umbridge setzt die Vorgaben des Ministeriums an Hogwarts durch.","McGonagall widerspricht Umbridges Vorgehen; sie ist keine Gesandte des Ministers.","Sprout leitet nicht die politische Überwachung der Schule.","Umbridges höfliche Fassade verbirgt autoritäre Kontrolle.","Handlung","https://en.wikipedia.org/wiki/Harry_Potter_and_the_Order_of_the_Phoenix_(film)","redaktionell_geprueft"
"FAN-L-022","K-FAN-11-dumbledores-armee","","de","Film","Fantasy","Harry Potter und der Orden des Phönix","Harry Potter and the Order of the Phoenix","2007","Harry Potter","leicht","Handlung","Magie|Widerstand|Propaganda","Harry Potter|Zauberwelt","Dumbledores Armee übt, was Umbridges Unterricht ausspart.","„Harry Potter und der Orden des Phönix“ (2007): Wie heißt Harrys geheime Übungsgruppe für Verteidigungszauber?","Das Inquisitionskommando","Der Orden des Phönix","Dumbledores Armee","Die Todesser","C","Harry unterrichtet seine Mitschüler in Dumbledores Armee.","Die Gruppe entsteht, weil den Jugendlichen praktische Verteidigung fehlt. Harry hat Gefahren bereits selbst erlebt und gibt seine Erfahrungen weiter. Der Name signalisiert Verbundenheit mit Dumbledore, obwohl dieser den Unterricht nicht leitet. Lernen wird hier zu einer gemeinsamen Antwort auf Einschüchterung und auf den eingeschränkten offiziellen Unterricht.","Das Inquisitionskommando unterstützt Umbridges Überwachung.","Der Orden ist die separate Widerstandsorganisation der Erwachsenen.","Harry unterrichtet seine Mitschüler in Dumbledores Armee.","Todesser folgen Voldemort und bilden nicht Harrys Lerngruppe.","Dumbledores Armee übt, was Umbridges Unterricht ausspart.","Handlung","https://en.wikipedia.org/wiki/Harry_Potter_and_the_Order_of_the_Phoenix_(film)","redaktionell_geprueft"
"FAN-M-021","K-FAN-11-blutfeder","","de","Film","Fantasy","Harry Potter und der Orden des Phönix","Harry Potter and the Order of the Phoenix","2007","Harry Potter","mittel","Technik","Magie|Widerstand|Propaganda","Harry Potter|Zauberwelt","Umbridges Strafsatz hinterlässt eine Wunde auf Harrys Hand.","„Harry Potter und der Orden des Phönix“ (2007): Was macht Umbridges Strafarbeit für Harry besonders grausam?","Die Feder überträgt mit jedem Satz einen Teil seiner Erinnerungen.","Die geschriebenen Worte schneiden sich in seine Hand.","Die geschriebenen Worte lassen ihn körperlich erstarren.","Die Feder zwingt ihn bei jedem Satz zu einem unfreiwilligen Geständnis.","B","Die magische Feder überträgt den geschriebenen Satz als Verletzung auf Harrys Hand.","Die Strafe verbindet eine scheinbar gewöhnliche Schulaufgabe mit körperlicher Gewalt. Harry soll eine Version der Ereignisse übernehmen, die seiner Erfahrung widerspricht. Seine Hand macht sichtbar, dass Umbridges Ordnung nicht nur aus Vorschriften besteht. Die Szene erklärt auch, weshalb ihr freundlicher Ton den bedrohlichen Eindruck eher verstärkt als mildert.","Die gezeigte Grausamkeit sind die Wunden, kein Erinnerungstransfer.","Die magische Feder überträgt den geschriebenen Satz als Verletzung auf Harrys Hand.","Harry erstarrt nicht; die Worte verletzen seine Hand.","Sie schreibt einen vorgegebenen Satz in seine Haut, erzwingt aber kein wahres Geständnis.","Umbridges Strafsatz hinterlässt eine Wunde auf Harrys Hand.","Handlung","https://en.wikipedia.org/wiki/Harry_Potter_and_the_Order_of_the_Phoenix_(film)","redaktionell_geprueft"
"FAN-M-022","K-FAN-11-bellatrix-sirius","","de","Film","Fantasy","Harry Potter und der Orden des Phönix","Harry Potter and the Order of the Phoenix","2007","Harry Potter","mittel","Figur","Magie|Widerstand|Propaganda","Harry Potter|Zauberwelt","Harry verliert seinen Paten durch Bellatrix.","„Harry Potter und der Orden des Phönix“ (2007): Wer tötet Sirius Black im Kampf im Ministerium?","Bellatrix Lestrange","Dolores Umbridge","Lucius Malfoy","Severus Snape","A","Bellatrix Lestrange trifft Sirius tödlich.","Für Harry ist Sirius mehr als ein Mitstreiter: Er verbindet ihn mit seiner Familie und der Aussicht auf ein anderes Zuhause. Gary Oldmans Figur stirbt in einem Moment des Kampfes, der zunächst noch gewinnbar erscheint. Harrys persönliche Trauer und der größere Konflikt mit Voldemort treffen dadurch unmittelbar aufeinander.","Bellatrix Lestrange trifft Sirius tödlich.","Umbridge ist nicht Sirius' Mörderin.","Lucius kämpft im Ministerium, versetzt Sirius aber nicht den tödlichen Treffer.","Snape tötet Sirius in diesem Film nicht.","Harry verliert seinen Paten durch Bellatrix.","Auflösung","https://en.wikipedia.org/wiki/Harry_Potter_and_the_Order_of_the_Phoenix_(film)","redaktionell_geprueft"
"FAN-S-021","K-FAN-11-vision-falle","","de","Film","Fantasy","Harry Potter und der Orden des Phönix","Harry Potter and the Order of the Phoenix","2007","Harry Potter","schwer","Handlung","Magie|Widerstand|Propaganda","Harry Potter|Zauberwelt","Voldemort tarnt den Köder als Notlage von Harrys Paten.","„Harry Potter und der Orden des Phönix“ (2007): Warum führt Harrys Vision von Sirius' Folter ins Ministerium?","Sirius sendet Harry bewusst einen verschlüsselten Hilferuf.","Dumbledore stellt Harry damit eine geheime Abschlussprüfung.","Umbridge erzeugt die Vision mit ihrer Strafschreibfeder.","Voldemort benutzt eine falsche Vision, um Harry dorthin zu locken.","D","Die vermeintliche Foltervision ist eine Falle Voldemorts.","Harry hat bereits erlebt, dass seine inneren Bilder auf reale Gefahren hinweisen können. Genau dieses Vertrauen macht die Täuschung wirksam. Der Wunsch, Sirius sofort zu retten, verdrängt die Prüfung der Information. Die Szene verbindet Harrys stärkste Bindung mit einer Schwäche, die sein Gegner gezielt ausnutzt.","Sirius übermittelt diese Szene nicht als echten Hilferuf.","Dumbledore hat keine solche Prüfung organisiert.","Die Strafschreibfeder verursacht diese Vision nicht.","Die vermeintliche Foltervision ist eine Falle Voldemorts.","Voldemort tarnt den Köder als Notlage von Harrys Paten.","Auflösung","https://en.wikipedia.org/wiki/Harry_Potter_and_the_Order_of_the_Phoenix_(film)","redaktionell_geprueft"
"FAN-S-022","K-FAN-11-okklumentik","","de","Film","Fantasy","Harry Potter und der Orden des Phönix","Harry Potter and the Order of the Phoenix","2007","Harry Potter","schwer","Technik","Magie|Widerstand|Propaganda","Harry Potter|Zauberwelt","Okklumentik schützt den Geist vor fremdem Zugriff.","„Harry Potter und der Orden des Phönix“ (2007): Wozu soll Snapes Okklumentik-Unterricht Harry befähigen?","Seine Gestalt ohne Vielsafttrank zu verändern","Seinen Körper gegen alle Flüche unverwundbar zu machen","Seine Erinnerungen dauerhaft aus einem Denkarium zu löschen","Seinen Geist gegen fremden Zugriff abzuschirmen","D","Okklumentik soll Harrys Geist vor Voldemorts Einfluss schützen.","Die Gefahr liegt diesmal nicht nur in einem sichtbaren Angriff. Harrys Verbindung zu Voldemort betrifft Wahrnehmung und Gedanken. Snape soll ihm deshalb eine innere Abwehr vermitteln. Dass ausgerechnet ein Lehrer diese Aufgabe übernimmt, dem Harry misstraut, erschwert das Lernen und verschärft die Spannungen zwischen beiden.","Gestaltwandlung ist nicht das Lernziel der Okklumentik.","Der Unterricht verspricht keine körperliche Unverwundbarkeit.","Es geht um geistige Abschirmung, nicht um die dauerhafte Löschung aller Erinnerungen.","Okklumentik soll Harrys Geist vor Voldemorts Einfluss schützen.","Okklumentik schützt den Geist vor fremdem Zugriff.","Handlung","https://en.wikipedia.org/wiki/Harry_Potter_and_the_Order_of_the_Phoenix_(film)","redaktionell_geprueft"
"FAN-L-023","K-FAN-12-halbblutprinz-snape","","de","Film","Fantasy","Harry Potter und der Halbblutprinz","Harry Potter and the Half-Blood Prince","2009","Harry Potter","leicht","Figur","Magie|Erinnerung|Loyalität","Harry Potter|Zauberwelt","Hinter den hilfreichen Randnotizen steckt Snape.","„Harry Potter und der Halbblutprinz“ (2009): Wer ist der titelgebende Halbblutprinz?","Tom Riddle","Draco Malfoy","Horace Slughorn","Severus Snape","D","Snape enthüllt, dass er der Halbblutprinz ist.","Harry vertraut den hilfreichen Notizen eines unbekannten früheren Schülers stärker als mancher offiziellen Anweisung. Die spätere Enthüllung verbindet diese vertraute Stimme mit einem Menschen, dem er ablehnend gegenübersteht. Alan Rickmans Snape erhält so eine zusätzliche Verbindung zu Harry, die während der Nutzung des Buches verborgen bleibt.","Tom Riddle ist Voldemorts früherer Name, nicht der des Halbblutprinzen.","Draco benutzt den Namen Halbblutprinz nicht als Urheber der Notizen.","Slughorn unterrichtet das Fach, ist aber nicht der gesuchte frühere Buchbesitzer.","Snape enthüllt, dass er der Halbblutprinz ist.","Hinter den hilfreichen Randnotizen steckt Snape.","Auflösung","https://en.wikipedia.org/wiki/Harry_Potter_and_the_Half-Blood_Prince_(film)","redaktionell_geprueft"
"FAN-L-024","K-FAN-12-slughorn-tränke","","de","Film","Fantasy","Harry Potter und der Halbblutprinz","Harry Potter and the Half-Blood Prince","2009","Harry Potter","leicht","Figur","Magie|Erinnerung|Loyalität","Harry Potter|Zauberwelt","Slughorns Rückkehr verbindet Zaubertränke und Erinnerungsforschung.","„Harry Potter und der Halbblutprinz“ (2009): Wer unterrichtet Harry in diesem Schuljahr in Zaubertränke?","Rubeus Hagrid","Gilderoy Lockhart","Horace Slughorn","Remus Lupin","C","Horace Slughorn kehrt als Lehrer für Zaubertränke zurück.","Jim Broadbent spielt einen Lehrer, der begabte und gut vernetzte Schüler gern um sich sammelt. Harrys Leistungen machen ihn für Slughorn interessant. Der Unterricht ist zugleich Teil von Dumbledores Plan, Zugang zu einer entscheidenden Erinnerung zu gewinnen. So verbindet der Film alltäglichen Schulbetrieb mit der Suche nach Voldemorts Schwachstelle.","Hagrid ist für magische Geschöpfe zuständig.","Lockhart übernimmt in diesem Schuljahr keinen Zaubertränkeunterricht.","Horace Slughorn kehrt als Lehrer für Zaubertränke zurück.","Lupin war Lehrer für Verteidigung gegen die dunklen Künste.","Slughorns Rückkehr verbindet Zaubertränke und Erinnerungsforschung.","Handlung","https://en.wikipedia.org/wiki/Harry_Potter_and_the_Half-Blood_Prince_(film)","redaktionell_geprueft"
"FAN-M-023","K-FAN-12-felix-felicis","","de","Film","Fantasy","Harry Potter und der Halbblutprinz","Harry Potter and the Half-Blood Prince","2009","Harry Potter","mittel","Technik","Magie|Erinnerung|Loyalität","Harry Potter|Zauberwelt","Felix Felicis bedeutet flüssiges Glück.","„Harry Potter und der Halbblutprinz“ (2009): Welche Wirkung verspricht Felix Felicis?","Vorübergehend erzwungene Verliebtheit","Vorübergehend außergewöhnliches Glück","Vorübergehend vollkommene Unsichtbarkeit","Vorübergehend eine fremde Gestalt","B","Felix Felicis ist der als flüssiges Glück bekannte Zaubertrank.","Harry erhält den Trank als Auszeichnung und nutzt ihn später bei einer schwierigen Aufgabe. Das Mittel verändert die Art, wie er Gelegenheiten wahrnimmt und ihnen folgt. Die Geschichte unterscheidet dabei ausdrücklich zwischen Glück, Verwandlung und Liebe: Nicht jeder hilfreiche Trank löst dasselbe Problem auf dieselbe Weise.","Liebestränke sind eine andere Art von Zaubertrank.","Felix Felicis ist der als flüssiges Glück bekannte Zaubertrank.","Unsichtbarkeit ist nicht die versprochene Wirkung von Felix Felicis.","Eine fremde Gestalt erhält man mit Vielsafttrank.","Felix Felicis bedeutet flüssiges Glück.","Handlung","https://en.wikipedia.org/wiki/Harry_Potter_and_the_Half-Blood_Prince_(film)","redaktionell_geprueft"
"FAN-M-024","K-FAN-12-verschwindekabinett","","de","Film","Fantasy","Harry Potter und der Halbblutprinz","Harry Potter and the Half-Blood Prince","2009","Harry Potter","mittel","Schauplatz","Magie|Erinnerung|Loyalität","Harry Potter|Zauberwelt","Dracos Kabinett öffnet den Todessern einen Weg nach Hogwarts.","„Harry Potter und der Halbblutprinz“ (2009): Wie gelangen die Todesser an den Schutzmaßnahmen vorbei nach Hogwarts?","Durch einen Portschlüssel in Harrys Zaubertränkebuch","Durch einen Tunnel unter dem Quidditchfeld","Durch ein von Draco repariertes Verschwindekabinett","Durch den für sie geöffneten Haupteingang","C","Draco stellt die Verbindung eines Verschwindekabinetts wieder her.","Die Bedrohung wächst mitten in der Schule, während Harry Dracos Verhalten beobachtet. Das reparierte Möbelstück wird zu einem Zugang, den die üblichen Grenzen nicht verhindern. Dracos handwerklich wirkende Versuche haben daher eine viel größere Bedeutung: Sie bereiten den Einbruch der Außenwelt in einen vermeintlich geschützten Ort vor.","Harrys Lehrbuch dient nicht als Portschlüssel für die Angreifer.","Ein Tunnel unter dem Spielfeld ist nicht ihr Eintrittsweg.","Draco stellt die Verbindung eines Verschwindekabinetts wieder her.","Die Todesser werden nicht einfach am Haupttor eingelassen.","Dracos Kabinett öffnet den Todessern einen Weg nach Hogwarts.","Auflösung","https://en.wikipedia.org/wiki/Harry_Potter_and_the_Half-Blood_Prince_(film)","redaktionell_geprueft"
"FAN-S-023","K-FAN-12-medaillon-fälschung","","de","Film","Fantasy","Harry Potter und der Halbblutprinz","Harry Potter and the Half-Blood Prince","2009","Harry Potter","schwer","Handlung","Magie|Erinnerung|Loyalität","Harry Potter|Zauberwelt","Das Höhlenmedaillon ist ein Ersatz mit der Spur R.A.B.","„Harry Potter und der Halbblutprinz“ (2009): Was erkennt Harry nach Dumbledores Tod über das Medaillon aus der Höhle?","Es ist der echte Horkrux, den Dumbledore bereits zerstört hat.","Es ist eine Fälschung mit einer Nachricht von R.A.B.","Es enthält die echte Erinnerung an Voldemorts Kindheit.","Es ist ein Portschlüssel, der die Todesser nach Hogwarts geführt hat.","B","Das Medaillon ist ein Ersatz; eine Nachricht von R.A.B. verweist auf den gestohlenen echten Horkrux.","Der Fund verändert die Bedeutung des gefährlichen Höhlenbesuchs. Harry hat etwas Wichtiges erfahren, aber das eigentliche Ziel noch nicht erreicht. Die Initialen eröffnen eine neue Suche statt eines Abschlusses. Der Film beendet damit einen persönlichen Verlust und einen vermeintlichen Erfolg in derselben ernüchternden Erkenntnis.","Das echte Medaillon wurde schon vor dem Besuch ausgetauscht.","Das Medaillon ist ein Ersatz; eine Nachricht von R.A.B. verweist auf den gestohlenen echten Horkrux.","Eine Nachricht von R.A.B. liegt darin, nicht eine solche Erinnerung.","Die Todesser nutzen das Verschwindekabinett; das Medaillon ist ein Ersatz.","Das Höhlenmedaillon ist ein Ersatz mit der Spur R.A.B.","Auflösung","https://en.wikipedia.org/wiki/Harry_Potter_and_the_Half-Blood_Prince_(film)","redaktionell_geprueft"
"FAN-S-024","K-FAN-12-slughorn-horkruxe","","de","Film","Fantasy","Harry Potter und der Halbblutprinz","Harry Potter and the Half-Blood Prince","2009","Harry Potter","schwer","Handlung","Magie|Erinnerung|Loyalität","Harry Potter|Zauberwelt","Slughorns Erinnerung erschließt Voldemorts Plan zur Seelenteilung.","„Harry Potter und der Halbblutprinz“ (2009): Welche Information soll Harry aus Slughorns unverfälschter Erinnerung gewinnen?","Wo Draco den Zugang zum Raum der Wünsche gefunden hat","Warum Sirius damals als Verräter verurteilt worden ist","Was Tom Riddle über die Aufteilung seiner Seele erfahren wollte","Welche Schüler Dumbledores Armee an Umbridge verraten haben","C","Slughorns Erinnerung zeigt Riddles Interesse an Horkruxen und mehrfacher Seelenteilung.","Dumbledores Nachforschungen suchen eine Erklärung für Voldemorts scheinbare Unsterblichkeit. Slughorns Scham ist dabei ein Hindernis: Er möchte seine frühere Beteiligung nicht offenlegen. Erst die vollständige Erinnerung macht aus einem Verdacht einen entscheidenden Hinweis. Harry muss daher nicht nur Informationen finden, sondern jemanden dazu bewegen, eine belastende Wahrheit zuzulassen.","Dracos Reparatur ist nicht der Inhalt dieser alten Erinnerung.","Sirius' Verurteilung ist nicht das gesuchte Gespräch mit Riddle.","Slughorns Erinnerung zeigt Riddles Interesse an Horkruxen und mehrfacher Seelenteilung.","Die Entdeckung der Schülergruppe ist ein anderer Konflikt.","Slughorns Erinnerung erschließt Voldemorts Plan zur Seelenteilung.","Handlung","https://en.wikipedia.org/wiki/Harry_Potter_and_the_Half-Blood_Prince_(film)","redaktionell_geprueft"
"FAN-L-025","K-FAN-13-horkruxsuche","","de","Film","Fantasy","Harry Potter und die Heiligtümer des Todes – Teil 1","Harry Potter and the Deathly Hallows – Part 1","2010","Harry Potter","leicht","Handlung","Magie|Flucht|Freundschaft","Harry Potter|Zauberwelt","Die Reise dient der Zerstörung von Voldemorts Seelenankern.","„Harry Potter und die Heiligtümer des Todes – Teil 1“ (2010): Welches Ziel verfolgen Harry, Ron und Hermine auf ihrer Reise?","Eine neue Zauberschule außerhalb Großbritanniens gründen","Voldemorts Horkruxe finden und zerstören","Die Trimagischen Schulen für ein neues Turnier gewinnen","Den Stein der Weisen für das Ministerium neu herstellen","B","Das Trio sucht die Horkruxe, in denen Voldemort Teile seiner Seele bewahrt.","Der vertraute Rhythmus eines Schuljahres fehlt. Harry, Ron und Hermine müssen unterwegs selbst entscheiden, wem sie vertrauen und welchen Hinweisen sie folgen. Ihre Freundschaft trägt die Suche, wird aber durch Angst und Ungewissheit belastet. Der Gegner lässt sich nur besiegen, wenn seine verborgenen Sicherungen zuerst beseitigt werden.","Die Freunde planen keine neue Schule.","Das Trio sucht die Horkruxe, in denen Voldemort Teile seiner Seele bewahrt.","Ein neues Turnier ist nicht das Ziel ihrer Flucht.","Der Stein der Weisen wird nicht für das Ministerium rekonstruiert.","Die Reise dient der Zerstörung von Voldemorts Seelenankern.","Handlung","https://en.wikipedia.org/wiki/Harry_Potter_and_the_Deathly_Hallows_%E2%80%93_Part_1","redaktionell_geprueft"
"FAN-L-026","K-FAN-13-dobby-rettung","","de","Film","Fantasy","Harry Potter und die Heiligtümer des Todes – Teil 1","Harry Potter and the Deathly Hallows – Part 1","2010","Harry Potter","leicht","Figur","Magie|Flucht|Freundschaft","Harry Potter|Zauberwelt","Dobby nutzt seine Freiheit, um andere zu befreien.","„Harry Potter und die Heiligtümer des Todes – Teil 1“ (2010): Welcher Hauself rettet die Gefangenen aus dem Anwesen der Malfoys?","Dobby","Hokey","Winky","Kreacher","A","Dobby hilft Harry und den anderen bei der Flucht.","Der kleine Helfer handelt aus eigener Verbundenheit mit Harry. Seine Rückkehr ist deshalb mehr als eine praktische Rettung in letzter Minute. Die Szene führt das Motiv von Freiheit und freiwilliger Hilfe weiter. Dobbys Einsatz macht außerdem deutlich, dass Mut im Film nicht von Größe, gesellschaftlichem Rang oder militärischer Stärke abhängt.","Dobby hilft Harry und den anderen bei der Flucht.","Hokey ist nicht an der Befreiung beteiligt.","Winky ist nicht die Retterin in dieser Filmszene.","Kreacher ist ein anderer Hauself und führt diese Rettung nicht aus.","Dobby nutzt seine Freiheit, um andere zu befreien.","Auflösung","https://en.wikipedia.org/wiki/Harry_Potter_and_the_Deathly_Hallows_%E2%80%93_Part_1","redaktionell_geprueft"
"FAN-M-025","K-FAN-13-deluminator-ron","","de","Film","Fantasy","Harry Potter und die Heiligtümer des Todes – Teil 1","Harry Potter and the Deathly Hallows – Part 1","2010","Harry Potter","mittel","Technik","Magie|Flucht|Freundschaft","Harry Potter|Zauberwelt","Rons Erbstück ist der Deluminator.","„Harry Potter und die Heiligtümer des Todes – Teil 1“ (2010): Welchen Gegenstand vermacht Dumbledore Ron?","Einen Deluminator","Einen Tarnumhang","Einen Zeitumkehrer","Einen Feuerkelch","A","Ron erbt Dumbledores Deluminator.","Das kleine Gerät wirkt zunächst wie ein ungewöhnliches Andenken. Für Ron bekommt es eine persönliche Bedeutung, die über das Löschen von Licht hinausgeht. Dumbledores Geschenke sind auf unterschiedliche Bedürfnisse der drei Freunde zugeschnitten. Gerade Rons Unsicherheit und seine Bindung an die anderen machen sein Erbstück später besonders wichtig.","Ron erbt Dumbledores Deluminator.","Der Tarnumhang ist Harrys Besitz, nicht Rons Erbstück.","Einen Zeitumkehrer erhält Ron nicht als Erbstück.","Der Feuerkelch gehört nicht zu diesen Hinterlassenschaften.","Rons Erbstück ist der Deluminator.","Handlung","https://en.wikipedia.org/wiki/Harry_Potter_and_the_Deathly_Hallows_%E2%80%93_Part_1","redaktionell_geprueft"
"FAN-M-026","K-FAN-13-medaillon-ron","","de","Film","Fantasy","Harry Potter und die Heiligtümer des Todes – Teil 1","Harry Potter and the Deathly Hallows – Part 1","2010","Harry Potter","mittel","Handlung","Magie|Flucht|Freundschaft","Harry Potter|Zauberwelt","Ron besiegt mit dem Medaillon auch die Bilder seiner Eifersucht.","„Harry Potter und die Heiligtümer des Todes – Teil 1“ (2010): Wer zerstört das Slytherin-Medaillon mit Gryffindors Schwert?","Ron Weasley","Xenophilius Lovegood","Harry Potter","Hermine Granger","A","Ron führt den Schlag gegen das geöffnete Medaillon aus.","Die Zerstörung ist für Ron auch eine persönliche Konfrontation. Der Horkrux greift seine Ängste an und zeigt ihm Bilder, die sein Selbstvertrauen untergraben sollen. Sein Handeln beendet daher mehr als die Existenz eines Gegenstands. Ron setzt sich gegen die Vorstellung durch, in der Freundschaft nur der entbehrliche Dritte zu sein.","Ron führt den Schlag gegen das geöffnete Medaillon aus.","Lunas Vater ist bei dieser Zerstörung nicht dabei.","Harry ist anwesend und ermutigt Ron; Ron zerstört das Medaillon.","Hermine beteiligt sich an der Suche, führt diesen Schwertschlag aber nicht aus.","Ron besiegt mit dem Medaillon auch die Bilder seiner Eifersucht.","Auflösung","https://en.wikipedia.org/wiki/Harry_Potter_and_the_Deathly_Hallows_%E2%80%93_Part_1","redaktionell_geprueft"
"FAN-S-025","K-FAN-13-xenophilius-verrat","","de","Film","Fantasy","Harry Potter und die Heiligtümer des Todes – Teil 1","Harry Potter and the Deathly Hallows – Part 1","2010","Harry Potter","schwer","Handlung","Magie|Flucht|Freundschaft","Harry Potter|Zauberwelt","Lunas Gefangenschaft macht ihren Vater erpressbar.","„Harry Potter und die Heiligtümer des Todes – Teil 1“ (2010): Warum verrät Xenophilius Lovegood den Aufenthaltsort des Trios?","Er will vom Ministerium eine Belohnung für seine Zeitung erhalten.","Er will seine gefangene Tochter Luna zurückbekommen.","Er glaubt, Harry habe Luna selbst entführt.","Er will sich an Dumbledore wegen dessen Testament rächen.","B","Xenophilius hofft, durch die Auslieferung Harrys Luna zu retten.","Der zuvor eigenwillige, aber freundlich wirkende Mann handelt unter starkem Druck. Seine Entscheidung zeigt, wie Voldemorts Herrschaft familiäre Bindungen gegen Menschen wenden kann. Die Bedrohung beschränkt sich nicht auf überzeugte Anhänger. Auch jemand, der dem Trio Informationen gibt, kann aus Angst zum gefährlichen Gastgeber werden.","Die Rettung seiner Tochter ist sein Motiv, nicht eine Förderung der Zeitung.","Xenophilius hofft, durch die Auslieferung Harrys Luna zu retten.","Er kennt Lunas Gefangenschaft bei den Todessern und hofft auf einen Austausch.","Dumbledores Testament erklärt diesen Verrat nicht.","Lunas Gefangenschaft macht ihren Vater erpressbar.","Auflösung","https://en.wikipedia.org/wiki/Harry_Potter_and_the_Deathly_Hallows_%E2%80%93_Part_1","redaktionell_geprueft"
"FAN-S-026","K-FAN-13-schwert-basiliskgift","","de","Film","Fantasy","Harry Potter und die Heiligtümer des Todes – Teil 1","Harry Potter and the Deathly Hallows – Part 1","2010","Harry Potter","schwer","Technik","Magie|Flucht|Freundschaft","Harry Potter|Zauberwelt","Aufgenommenes Basiliskengift macht das Schwert zur Horkruxwaffe.","„Harry Potter und die Heiligtümer des Todes – Teil 1“ (2010): Warum eignet sich Gryffindors Schwert zur Zerstörung von Horkruxen?","Es hat den Todesfluch aus Dumbledores Zauberstab aufgenommen.","Es kann die darin gefangenen Seelen durch ein Gebet befreien.","Es hat Basiliskengift aufgenommen.","Es kann die Gegenstände durch große Hitze einschmelzen.","C","Das Schwert hat Basiliskengift aufgenommen, das Horkruxe zerstören kann.","Hermine verbindet die gegenwärtige Suche mit einem früheren Kampf Harrys. Entscheidend ist nicht allein, dass die Klinge alt oder berühmt ist, sondern welche Eigenschaft sie angenommen hat. Das Wissen um einen Gegenstand wird damit ebenso wichtig wie sein Besitz. Ohne den richtigen Zusammenhang bliebe das Schwert nur eine Waffe.","Ein gespeicherter Todesfluch ist nicht die Erklärung.","Die wirksame Eigenschaft ist das aufgenommene Gift, kein Gebet.","Das Schwert hat Basiliskengift aufgenommen, das Horkruxe zerstören kann.","Nicht Hitze, sondern Basiliskengift macht die Klinge geeignet.","Aufgenommenes Basiliskengift macht das Schwert zur Horkruxwaffe.","Handlung","https://www.harrypotter.com/features/what-if-snape-had-never-been-in-love-with-lily-potter|https://en.wikipedia.org/wiki/Harry_Potter_and_the_Deathly_Hallows_%E2%80%93_Part_1","redaktionell_geprueft"
"FAN-L-027","K-FAN-14-hoggwarts-schlacht","","de","Film","Fantasy","Harry Potter und die Heiligtümer des Todes – Teil 2","Harry Potter and the Deathly Hallows – Part 2","2011","Harry Potter","leicht","Schauplatz","Magie|Opfer|Widerstand","Harry Potter|Zauberwelt","Die letzte große Schlacht führt zurück nach Hogwarts.","„Harry Potter und die Heiligtümer des Todes – Teil 2“ (2011): Welcher Ort steht im Mittelpunkt der großen abschließenden Schlacht?","Das Ligusterweg-Viertel","Hogwarts","Die Winkelgasse","Das Dorf Godric's Hollow","B","Der entscheidende Großangriff richtet sich gegen Hogwarts.","Die Schule war lange Harrys Zuflucht und wird nun zum umkämpften Ort. Ehemalige Unterrichtsräume und vertraute Wege erhalten eine neue Bedeutung. Lehrkräfte und Schüler müssen gemeinsam handeln. Der Film verbindet damit die Verteidigung eines Gebäudes mit der Frage, welche Gemeinschaft und welche Werte nach dem Krieg weiterbestehen sollen.","Im Ligusterweg findet nicht diese große Abschlussschlacht statt.","Der entscheidende Großangriff richtet sich gegen Hogwarts.","Die Winkelgasse ist nicht das Zentrum dieses Kampfes.","Godric's Hollow ist für Harrys Herkunft wichtig, aber nicht der Schauplatz der Schlacht.","Die letzte große Schlacht führt zurück nach Hogwarts.","Handlung","https://en.wikipedia.org/wiki/Harry_Potter_and_the_Deathly_Hallows_%E2%80%93_Part_2","redaktionell_geprueft"
"FAN-L-028","K-FAN-14-neville-nagini","","de","Film","Fantasy","Harry Potter und die Heiligtümer des Todes – Teil 2","Harry Potter and the Deathly Hallows – Part 2","2011","Harry Potter","leicht","Figur","Magie|Opfer|Widerstand","Harry Potter|Zauberwelt","Neville übernimmt den entscheidenden Schwertschlag gegen Nagini.","„Harry Potter und die Heiligtümer des Todes – Teil 2“ (2011): Wer tötet Nagini mit Gryffindors Schwert?","Neville Longbottom","Ron Weasley","Draco Malfoy","Aberforth Dumbledore","A","Neville enthauptet Nagini mit dem Schwert.","Neville erscheint zu Beginn der Reihe oft unsicher, hat aber zunehmend Mut entwickelt. Sein entscheidender Einsatz zeigt, dass der Widerstand nicht allein von Harry abhängt. Während der Hauptgegner die Aufmerksamkeit bindet, braucht es jemanden, der eine andere lebenswichtige Aufgabe übernimmt. Nevilles Entwicklung erhält damit einen sichtbaren Abschluss.","Neville enthauptet Nagini mit dem Schwert.","Ron zerstört einen anderen Horkrux, aber nicht Nagini.","Draco führt diesen Schwertschlag nicht aus.","Aberforth hilft dem Widerstand, tötet die Schlange jedoch nicht.","Neville übernimmt den entscheidenden Schwertschlag gegen Nagini.","Auflösung","https://www.harrypotter.com/features/history-of-voldemorts-horcruxes|https://en.wikipedia.org/wiki/Harry_Potter_and_the_Deathly_Hallows_%E2%80%93_Part_2","redaktionell_geprueft"
"FAN-M-027","K-FAN-14-gringotts-drache","","de","Film","Fantasy","Harry Potter und die Heiligtümer des Todes – Teil 2","Harry Potter and the Deathly Hallows – Part 2","2011","Harry Potter","mittel","Handlung","Magie|Opfer|Widerstand","Harry Potter|Zauberwelt","Der bewachende Drache wird zum Fluchthelfer.","„Harry Potter und die Heiligtümer des Todes – Teil 2“ (2011): Wie entkommen Harry, Ron und Hermine schließlich aus Gringotts?","Durch erneutes Verkleiden als Angestellte der Bank","In einem unbemerkten Wagen der unterirdischen Bahn","Auf dem Rücken des befreiten Drachen","Durch einen von Griphook geöffneten Geheimgang","C","Sie befreien den Drachen und fliehen auf seinem Rücken.","Der Einbruch führt das Trio tief in ein System aus Bewachung und magischen Sicherungen. Ausgerechnet ein Wesen, das Teil dieses Systems ist, eröffnet den Ausweg. Die improvisierte Flucht passt zu ihrer Lage: Sie haben ein klares Ziel, können aber längst nicht jeden Schritt planen oder auf vertraute Hilfe zurückgreifen.","Diese Tarnung bildet nicht den endgültigen Ausweg.","Der Ausbruch gelingt auf dem Drachen, nicht unbemerkt in einem Wagen.","Sie befreien den Drachen und fliehen auf seinem Rücken.","Griphook lässt sie zurück, statt den Fluchtweg zu öffnen.","Der bewachende Drache wird zum Fluchthelfer.","Auflösung","https://en.wikipedia.org/wiki/Harry_Potter_and_the_Deathly_Hallows_%E2%80%93_Part_2","redaktionell_geprueft"
"FAN-M-028","K-FAN-14-snape-lily","","de","Film","Fantasy","Harry Potter und die Heiligtümer des Todes – Teil 2","Harry Potter and the Deathly Hallows – Part 2","2011","Harry Potter","mittel","Beziehung","Magie|Opfer|Widerstand","Harry Potter|Zauberwelt","Snapes Erinnerungen führen zu Lily und seiner Bindung an sie.","„Harry Potter und die Heiligtümer des Todes – Teil 2“ (2011): Welche langjährige Bindung erklärt einen wesentlichen Teil von Snapes Handeln?","Seine besondere Verpflichtung gegenüber Sirius Black","Seine persönliche Dankbarkeit gegenüber Peter Pettigrew","Seine lebenslange Freundschaft mit James Potter","Seine Liebe zu Lily Potter","D","Snapes Erinnerungen zeigen seine Liebe zu Harrys Mutter Lily.","Die Rückschau verändert Harrys Bild eines Mannes, den er häufig nur als feindselig erlebt hat. Alan Rickmans Figur wird dadurch nicht einfach zu einem freundlichen Lehrer umgedeutet. Vielmehr zeigt sich, dass äußeres Verhalten, alte Verletzungen und verborgene Verpflichtungen zusammenwirken. Harry muss seine bisherige Einschätzung anhand neuer Informationen überprüfen.","Die enthüllte emotionale Bindung gilt Lily, nicht Sirius.","Dankbarkeit gegenüber Pettigrew ist nicht der entscheidende Hintergrund.","Snape und James verbindet Feindschaft, keine lebenslange Freundschaft.","Snapes Erinnerungen zeigen seine Liebe zu Harrys Mutter Lily.","Snapes Erinnerungen führen zu Lily und seiner Bindung an sie.","Auflösung","https://en.wikipedia.org/wiki/Harry_Potter_and_the_Deathly_Hallows_%E2%80%93_Part_2","redaktionell_geprueft"
"FAN-S-027","K-FAN-14-elderstab-draco","","de","Film","Fantasy","Harry Potter und die Heiligtümer des Todes – Teil 2","Harry Potter and the Deathly Hallows – Part 2","2011","Harry Potter","schwer","Technik","Magie|Opfer|Widerstand","Harry Potter|Zauberwelt","Die Gefolgschaft führt von Dumbledore über Draco zu Harry.","„Harry Potter und die Heiligtümer des Todes – Teil 2“ (2011): Warum gehört die Gefolgschaft des Elderstabs zuletzt Harry?","Harry hat Snape im letzten Duell eigenhändig entwaffnet.","Harry hat den Stab durch Dumbledores Testament zugesprochen bekommen.","Harry hat Draco überwältigt, der zuvor Dumbledore entwaffnet hatte.","Harry hat Voldemort besiegt, der den Stab nur durch Diebstahl erbte.","C","Die Gefolgschaft wechselt über Draco zu Harry; bloßer Besitz genügt nicht.","Voldemort konzentriert sich auf den Tod des früheren Besitzers und zieht daraus eine falsche Schlussfolgerung. Die entscheidende Kette betrifft jedoch Entwaffnung und Überwindung. Der Film trennt damit gewaltsamen Besitzanspruch von tatsächlicher magischer Bindung. Harry versteht einen Zusammenhang, den sein Gegner trotz großer Macht falsch beurteilt.","Harry entwaffnet Snape hier nicht; entscheidend ist die Kette über Draco.","Ein testamentarisches Geschenk begründet die Gefolgschaft nicht.","Die Gefolgschaft wechselt über Draco zu Harry; bloßer Besitz genügt nicht.","Harrys Gefolgschaft besteht über Draco bereits vor dem Sieg; Diebstahl allein erklärt sie nicht.","Die Gefolgschaft führt von Dumbledore über Draco zu Harry.","Auflösung","https://en.wikipedia.org/wiki/Harry_Potter_and_the_Deathly_Hallows_%E2%80%93_Part_2","redaktionell_geprueft"
"FAN-S-028","K-FAN-14-elderstab-zerbrechen","","de","Film","Fantasy","Harry Potter und die Heiligtümer des Todes – Teil 2","Harry Potter and the Deathly Hallows – Part 2","2011","Harry Potter","schwer","Handlung","Magie|Opfer|Widerstand","Harry Potter|Zauberwelt","Im Film beendet Harry die Geschichte des Elderstabs durch Zerbrechen.","„Harry Potter und die Heiligtümer des Todes – Teil 2“ (2011): Was macht Harry im Film nach dem Sieg mit dem Elderstab?","Er verbirgt ihn in der Kammer des Schreckens.","Er legt ihn unversehrt in Dumbledores Grab zurück.","Er übergibt ihn als Amtszeichen an den Minister.","Er zerbricht ihn und wirft die Teile weg.","D","Harry zerbricht den Elderstab und wirft die Teile von der Brücke.","Die Entscheidung verzichtet auf ein Machtmittel, um das zuvor Menschen getötet wurden. Sie ist zugleich eine markante Eigenheit der Filmfassung. Für die Frage zählt die gezeigte Handlung, nicht der abweichende Umgang in der Romanvorlage. Harry beendet den Konflikt damit nicht durch das Ansammeln noch größerer persönlicher Macht.","Harry versteckt ihn nicht in der Kammer.","Die Rückgabe ins Grab ist nicht die im Film gezeigte Entscheidung.","Der Minister erhält den Stab nicht als Amtszeichen.","Harry zerbricht den Elderstab und wirft die Teile von der Brücke.","Im Film beendet Harry die Geschichte des Elderstabs durch Zerbrechen.","Auflösung","https://en.wikipedia.org/wiki/Harry_Potter_and_the_Deathly_Hallows_%E2%80%93_Part_2","redaktionell_geprueft"
"FAN-L-029","K-FAN-15-kleiderschrank","","de","Film","Fantasy","Die Chroniken von Narnia: Der König von Narnia","The Chronicles of Narnia: The Lion, the Witch and the Wardrobe","2005","Die Chroniken von Narnia","leicht","Schauplatz","Parallelwelt|Opfer|Familie","Die Chroniken von Narnia|Narnia","Der Kleiderschrank führt Lucy in die Winterwelt Narnia.","„Die Chroniken von Narnia: Der König von Narnia“ (2005): Durch welchen Gegenstand gelangt Lucy erstmals nach Narnia?","Einen Wandspiegel","Ein Gemälde","Eine Standuhr","Einen Kleiderschrank","D","Lucy entdeckt den Weg nach Narnia in einem Kleiderschrank.","Ein alltägliches Möbelstück wird zur Grenze zwischen vertrauter Umgebung und fremder Welt. Lucy entdeckt den Zugang beim Spielen, nicht durch eine geplante Expedition. Für die Geschwister beginnt das Abenteuer deshalb mit einer Frage des Vertrauens: Können die anderen glauben, was zunächst nur eines der Kinder erlebt hat?","Ein Spiegel ist hier nicht der Zugang.","Ein Gemälde wird erst in einem späteren Narnia-Film zum Übergang.","Die Standuhr öffnet keinen Weg nach Narnia.","Lucy entdeckt den Weg nach Narnia in einem Kleiderschrank.","Der Kleiderschrank führt Lucy in die Winterwelt Narnia.","keine","https://movies.disney.com/the-chronicles-of-narnia-the-lion-the-witch-and-the-wardrobe|https://en.wikipedia.org/wiki/The_Chronicles_of_Narnia:_The_Lion%2C_the_Witch_and_the_Wardrobe","redaktionell_geprueft"
"FAN-L-030","K-FAN-15-aslan-loewe","","de","Film","Fantasy","Die Chroniken von Narnia: Der König von Narnia","The Chronicles of Narnia: The Lion, the Witch and the Wardrobe","2005","Die Chroniken von Narnia","leicht","Figur","Parallelwelt|Opfer|Familie","Die Chroniken von Narnia|Narnia","Aslan ist Narnias großer Löwe.","„Die Chroniken von Narnia: Der König von Narnia“ (2005): In welcher Tiergestalt erscheint Aslan?","Als Hirsch","Als Löwe","Als Wolf","Als Adler","B","Aslan erscheint als großer sprechender Löwe.","Aslans Auftreten verbindet körperliche Stärke mit einer besonderen Autorität. Die Kinder begegnen ihm nicht als gewöhnlichem Tier, sondern als Hoffnungsträger in einem unterdrückten Land. Seine Gestalt macht ihn sofort wiedererkennbar. Für die Handlung ist jedoch entscheidend, wie er diese Stärke gegenüber anderen einsetzt und welche Verantwortung er übernimmt.","Der Hirsch ist nicht Aslans Gestalt.","Aslan erscheint als großer sprechender Löwe.","Wölfe dienen im Film unter anderem der Weißen Hexe.","Aslan erscheint nicht als Adler.","Aslan ist Narnias großer Löwe.","keine","https://movies.disney.com/the-chronicles-of-narnia-the-lion-the-witch-and-the-wardrobe|https://en.wikipedia.org/wiki/The_Chronicles_of_Narnia:_The_Lion%2C_the_Witch_and_the_Wardrobe","redaktionell_geprueft"
"FAN-M-029","K-FAN-15-edmund-verlockung","","de","Film","Fantasy","Die Chroniken von Narnia: Der König von Narnia","The Chronicles of Narnia: The Lion, the Witch and the Wardrobe","2005","Die Chroniken von Narnia","mittel","Handlung","Parallelwelt|Opfer|Familie","Die Chroniken von Narnia|Narnia","Die Hexe ködert Edmund mit Genuss und dem Wunsch nach Bedeutung.","„Die Chroniken von Narnia: Der König von Narnia“ (2005): Womit lockt die Weiße Hexe Edmund zunächst besonders wirkungsvoll?","Mit Ruhm und dem Versprechen, Aslans Schüler zu werden","Mit Süßigkeiten und dem Versprechen königlicher Macht","Mit Abenteuern und einem eigenen sprechenden Tier","Mit Geld und einer sicheren Rückreise nach London","B","Sie bietet Edmund Türkischen Honig und die Aussicht auf eine herausgehobene Stellung.","Edmund fühlt sich gegenüber seinen Geschwistern häufig zurückgesetzt. Die Hexe nutzt dieses Bedürfnis nach Anerkennung und verbindet es mit einer unmittelbar verführerischen Belohnung. Tilda Swintons Figur gewinnt so Informationen, ohne zuerst Gewalt einsetzen zu müssen. Die Begegnung zeigt, wie persönliche Kränkungen einen Menschen für Manipulation empfänglich machen können.","Sie wirbt nicht mit einer Ausbildung bei ihrem Gegner Aslan.","Sie bietet Edmund Türkischen Honig und die Aussicht auf eine herausgehobene Stellung.","Ein tierischer Begleiter ist nicht ihr entscheidendes Angebot.","Ihr konkretes Angebot besteht aus Süßigkeiten und einer königlichen Zukunft.","Die Hexe ködert Edmund mit Genuss und dem Wunsch nach Bedeutung.","Handlung","https://movies.disney.com/the-chronicles-of-narnia-the-lion-the-witch-and-the-wardrobe|https://en.wikipedia.org/wiki/The_Chronicles_of_Narnia:_The_Lion%2C_the_Witch_and_the_Wardrobe","redaktionell_geprueft"
"FAN-M-030","K-FAN-15-tumnus-faun","","de","Film","Fantasy","Die Chroniken von Narnia: Der König von Narnia","The Chronicles of Narnia: The Lion, the Witch and the Wardrobe","2005","Die Chroniken von Narnia","mittel","Figur","Parallelwelt|Opfer|Familie","Die Chroniken von Narnia|Narnia","Tumnus ist der Faun, dem Lucy zuerst begegnet.","„Die Chroniken von Narnia: Der König von Narnia“ (2005): Was für ein Wesen ist Herr Tumnus?","Ein Faun","Ein Zwerg","Ein Minotaurus","Ein Zentaur","A","Tumnus ist ein Faun mit menschlichem Oberkörper und Ziegenbeinen.","James McAvoy spielt Lucys ersten Gesprächspartner in Narnia. Die ungewöhnliche Gestalt macht die fremde Welt anschaulich, während seine Wohnung und Gastfreundschaft zunächst vertraut wirken. Gerade diese Mischung ist wichtig: Lucy begegnet keinem abstrakten Fabelwesen, sondern jemandem, der zwischen Angst vor der Herrscherin und seinem Gewissen entscheiden muss.","Tumnus ist ein Faun mit menschlichem Oberkörper und Ziegenbeinen.","Tumnus gehört nicht zum Volk der Zwerge.","Ein Minotaurus ist ein anderes Mischwesen mit Stiermerkmalen.","Ein Zentaur besitzt einen Pferdekörper; das trifft auf Tumnus nicht zu.","Tumnus ist der Faun, dem Lucy zuerst begegnet.","Handlung","https://movies.disney.com/the-chronicles-of-narnia-the-lion-the-witch-and-the-wardrobe|https://en.wikipedia.org/wiki/The_Chronicles_of_Narnia:_The_Lion%2C_the_Witch_and_the_Wardrobe","redaktionell_geprueft"
"FAN-S-029","K-FAN-15-aslan-edmund-opfer","","de","Film","Fantasy","Die Chroniken von Narnia: Der König von Narnia","The Chronicles of Narnia: The Lion, the Witch and the Wardrobe","2005","Die Chroniken von Narnia","schwer","Handlung","Parallelwelt|Opfer|Familie","Die Chroniken von Narnia|Narnia","Aslan nimmt Edmunds drohenden Tod freiwillig auf sich.","„Die Chroniken von Narnia: Der König von Narnia“ (2005): Warum lässt Aslan sich von der Weißen Hexe töten?","Er muss sich nach einer verlorenen Schlacht als Gefangener ergeben.","Er tritt freiwillig an Edmunds Stelle.","Er glaubt, das Messer der Hexe könne ihn nicht verletzen.","Er wird von Edmund unbemerkt mit einem Schlaftrank betäubt.","B","Aslan bietet sein Leben an, um Edmund vor dem Anspruch der Hexe zu retten.","Die Szene am Steinernen Tisch verändert den Maßstab des Konflikts. Stärke zeigt sich nicht als Fähigkeit, jeden Gegner sofort zu besiegen, sondern als Bereitschaft, Verantwortung für einen anderen zu tragen. Susan und Lucy erleben die scheinbare Niederlage aus nächster Nähe. Edmunds vorherige Entscheidung hat damit Folgen, die über ihn selbst hinausreichen.","Er ist nicht als besiegter Feldherr gefangen, sondern bietet sich freiwillig an.","Aslan bietet sein Leben an, um Edmund vor dem Anspruch der Hexe zu retten.","Sein Gang zum Tisch beruht auf dem Opfer für Edmund, nicht auf einem harmlosen Messer.","Edmund betäubt Aslan nicht.","Aslan nimmt Edmunds drohenden Tod freiwillig auf sich.","Auflösung","https://movies.disney.com/the-chronicles-of-narnia-the-lion-the-witch-and-the-wardrobe|https://en.wikipedia.org/wiki/The_Chronicles_of_Narnia:_The_Lion%2C_the_Witch_and_the_Wardrobe","redaktionell_geprueft"
"FAN-S-030","K-FAN-15-rueckkehr-alter","","de","Film","Fantasy","Die Chroniken von Narnia: Der König von Narnia","The Chronicles of Narnia: The Lion, the Witch and the Wardrobe","2005","Die Chroniken von Narnia","schwer","Handlung","Parallelwelt|Opfer|Familie","Die Chroniken von Narnia|Narnia","Narnias Jahre entsprechen hier kaum verstrichener Zeit zu Hause.","„Die Chroniken von Narnia: Der König von Narnia“ (2005): Was geschieht mit den erwachsen gewordenen Geschwistern beim Verlassen Narnias?","Sie verlieren ihre Erinnerungen und erkennen einander nicht mehr.","Sie gelangen als Erwachsene in die Vergangenheit ihrer Eltern.","Sie sind wieder Kinder; in ihrer Welt ist kaum Zeit vergangen.","Sie bleiben Erwachsene und treffen ihre inzwischen alten Eltern.","C","Bei ihrer Rückkehr durch den Schrank werden sie wieder zu Kindern.","Das Ende trennt die Zeit der beiden Welten voneinander. Die Geschwister haben in Narnia lange gelebt und Verantwortung getragen, kehren aber äußerlich an ihren Ausgangspunkt zurück. Die Erfahrung wird dadurch nicht bedeutungslos. Sie besitzen nun ein gemeinsames Wissen, das sich von außen weder am Alter noch an der verstrichenen Zeit ablesen lässt.","Ein vollständiger Erinnerungsverlust wird nicht gezeigt.","Sie reisen nicht in die Jugend ihrer Eltern.","Bei ihrer Rückkehr durch den Schrank werden sie wieder zu Kindern.","Sie behalten bei der Rückkehr nicht ihre erwachsenen Körper.","Narnias Jahre entsprechen hier kaum verstrichener Zeit zu Hause.","Auflösung","https://movies.disney.com/the-chronicles-of-narnia-the-lion-the-witch-and-the-wardrobe|https://en.wikipedia.org/wiki/The_Chronicles_of_Narnia:_The_Lion%2C_the_Witch_and_the_Wardrobe","redaktionell_geprueft"
"FAN-L-031","K-FAN-16-kaspian-gegner","","de","Film","Fantasy","Die Chroniken von Narnia: Prinz Kaspian von Narnia","The Chronicles of Narnia: Prince Caspian","2008","Die Chroniken von Narnia","leicht","Figur","Parallelwelt|Königtum|Vertrauen","Die Chroniken von Narnia|Narnia","Miraz ist Kaspians Onkel und Gegner.","„Die Chroniken von Narnia: Prinz Kaspian von Narnia“ (2008): Gegen welchen Verwandten muss Prinz Kaspian seinen Anspruch verteidigen?","Seinen Onkel Miraz","Seinen Cousin Trumpkin","Seinen Bruder Edmund","Seinen Vater Cornelius","A","Kaspian muss sich gegen seinen Onkel Miraz behaupten.","Ben Barnes spielt einen jungen Prinzen, dessen Herkunft ihm keine Sicherheit bietet. Der Machtkampf innerhalb seiner Familie zwingt ihn zur Flucht und bringt ihn mit den alten Bewohnern Narnias zusammen. Seine Aufgabe ist deshalb größer als die Rückgewinnung einer Stellung: Er muss auch lernen, wem er vertrauen kann.","Kaspian muss sich gegen seinen Onkel Miraz behaupten.","Trumpkin ist ein Zwerg und nicht Kaspians Cousin.","Edmund ist kein Bruder Kaspians.","Cornelius ist sein Lehrer, nicht sein Vater.","Miraz ist Kaspians Onkel und Gegner.","keine","https://movies.disney.com/the-chronicles-of-narnia-prince-caspian|https://en.wikipedia.org/wiki/The_Chronicles_of_Narnia:_Prince_Caspian","redaktionell_geprueft"
"FAN-L-032","K-FAN-16-riepischiep-maus","","de","Film","Fantasy","Die Chroniken von Narnia: Prinz Kaspian von Narnia","The Chronicles of Narnia: Prince Caspian","2008","Die Chroniken von Narnia","leicht","Figur","Parallelwelt|Königtum|Vertrauen","Die Chroniken von Narnia|Narnia","Riepischiep ist klein wie eine Maus und kühn wie ein Ritter.","„Die Chroniken von Narnia: Prinz Kaspian von Narnia“ (2008): Was für ein Tier ist der kämpferische Riepischiep?","Ein Otter","Ein Dachs","Eine Maus","Ein Fuchs","C","Riepischiep ist eine sprechende Maus und ein geschickter Fechter.","Seine geringe Körpergröße steht im auffälligen Gegensatz zu seinem Selbstbewusstsein. Riepischiep fordert Respekt und nimmt seine Aufgaben ernst. Der Film nutzt diesen Gegensatz für Humor, ohne seinen Mut bedeutungslos zu machen. In Narnias Gemeinschaft kann ein sehr kleiner Kämpfer deshalb einen ebenso entschlossenen Beitrag leisten wie deutlich größere Verbündete.","Er ist kein Otter.","Ein Dachs hilft Kaspian ebenfalls, ist aber eine andere Figur.","Riepischiep ist eine sprechende Maus und ein geschickter Fechter.","Riepischiep gehört nicht zu den Füchsen.","Riepischiep ist klein wie eine Maus und kühn wie ein Ritter.","Handlung","https://movies.disney.com/the-chronicles-of-narnia-prince-caspian|https://en.wikipedia.org/wiki/The_Chronicles_of_Narnia:_Prince_Caspian","redaktionell_geprueft"
"FAN-M-031","K-FAN-16-susans-horn","","de","Film","Fantasy","Die Chroniken von Narnia: Prinz Kaspian von Narnia","The Chronicles of Narnia: Prince Caspian","2008","Die Chroniken von Narnia","mittel","Technik","Parallelwelt|Königtum|Vertrauen","Die Chroniken von Narnia|Narnia","Susans Horn verbindet Kaspians Not mit der Rückkehr der Pevensies.","„Die Chroniken von Narnia: Prinz Kaspian von Narnia“ (2008): Welches Instrument bläst Kaspian, um in seiner Not Hilfe zu rufen?","Peters goldene Trompete","Tumnus' verzauberte Geige","Aslans silberne Flöte","Susans magisches Horn","D","Kaspian benutzt das Horn, das einst Susan gehörte.","Das Instrument verbindet zwei Zeiten Narnias. Für Kaspian ist es zunächst ein Mittel in akuter Gefahr; für die zurückkehrenden Geschwister gehört es zur eigenen Vergangenheit. Der Hilferuf bringt Menschen zusammen, deren Erfahrungen weit auseinanderliegen. Ein Gegenstand bewahrt damit eine Verbindung, die politische Herrschaft und viele vergangene Jahre überdauert hat.","Peter besitzt nicht die hier eingesetzte magische Trompete.","Tumnus' Geige ist nicht das Hilfsmittel dieser Szene.","Eine Flöte Aslans löst den Ruf nicht aus.","Kaspian benutzt das Horn, das einst Susan gehörte.","Susans Horn verbindet Kaspians Not mit der Rückkehr der Pevensies.","Handlung","https://movies.disney.com/the-chronicles-of-narnia-prince-caspian|https://en.wikipedia.org/wiki/The_Chronicles_of_Narnia:_Prince_Caspian","redaktionell_geprueft"
"FAN-M-032","K-FAN-16-cair-paravel-ruine","","de","Film","Fantasy","Die Chroniken von Narnia: Prinz Kaspian von Narnia","The Chronicles of Narnia: Prince Caspian","2008","Die Chroniken von Narnia","mittel","Schauplatz","Parallelwelt|Königtum|Vertrauen","Die Chroniken von Narnia|Narnia","Cair Paravels Ruinen zeigen, wie viel Zeit in Narnia vergangen ist.","„Die Chroniken von Narnia: Prinz Kaspian von Narnia“ (2008): In welchem Zustand finden die Geschwister ihr früheres Schloss Cair Paravel vor?","Als frisch errichtete telmarische Festung","Als belebte königliche Sommerresidenz","Als überwachsene Ruine","Als unversehrtes, dauerhaft vereistes Schloss","C","Von Cair Paravel sind nur Ruinen geblieben.","Die Rückkehr führt die Kinder nicht einfach in ihr altes Leben zurück. Der vertraute Ort ist zum Zeugnis einer fernen Vergangenheit geworden. Dadurch wird der Zeitunterschied zwischen den Welten unmittelbar erfahrbar. Ihre frühere Stellung hilft ihnen, Narnia zu verstehen, ersetzt aber nicht die Auseinandersetzung mit seinen heutigen Bewohnern.","Die Ruinen sind ihr altes Schloss, kein neuer telmarischer Bau.","Es ist keine weiterhin bewohnte Sommerresidenz.","Von Cair Paravel sind nur Ruinen geblieben.","Das Schloss ist nicht bloß unter einer Eisschicht erhalten.","Cair Paravels Ruinen zeigen, wie viel Zeit in Narnia vergangen ist.","Handlung","https://movies.disney.com/the-chronicles-of-narnia-prince-caspian|https://en.wikipedia.org/wiki/The_Chronicles_of_Narnia:_Prince_Caspian","redaktionell_geprueft"
"FAN-S-031","K-FAN-16-edmund-eiswand","","de","Film","Fantasy","Die Chroniken von Narnia: Prinz Kaspian von Narnia","The Chronicles of Narnia: Prince Caspian","2008","Die Chroniken von Narnia","schwer","Handlung","Parallelwelt|Königtum|Vertrauen","Die Chroniken von Narnia|Narnia","Edmund erkennt die alte Verführung und zerbricht die Eiswand.","„Die Chroniken von Narnia: Prinz Kaspian von Narnia“ (2008): Wer verhindert die Rückkehr der Weißen Hexe, indem er die Eiswand zerschlägt?","Trumpkin","Peter","Edmund","Kaspian","C","Edmund zerstört die Eiswand, in der die Weiße Hexe erscheint.","Das Angebot schneller Hilfe ist gefährlich, weil es an Rache und Verzweiflung anknüpft. Edmund kennt die Verführungskraft der Hexe aus eigener Erfahrung. Seine entschlossene Handlung erhält dadurch zusätzliches Gewicht. Der Film zeigt eine Figur, die aus früherem Versagen gelernt hat und nun eine Wiederholung desselben Musters verhindert.","Trumpkin kämpft gegen die Beschwörer; Edmund zerschlägt die Wand.","Peter wird selbst von dem Angebot angesprochen.","Edmund zerstört die Eiswand, in der die Weiße Hexe erscheint.","Kaspian ist zunächst für die angebotene Hilfe empfänglich.","Edmund erkennt die alte Verführung und zerbricht die Eiswand.","Auflösung","https://movies.disney.com/the-chronicles-of-narnia-prince-caspian|https://en.wikipedia.org/wiki/The_Chronicles_of_Narnia:_Prince_Caspian","redaktionell_geprueft"
"FAN-S-032","K-FAN-16-miraz-sohn","","de","Film","Fantasy","Die Chroniken von Narnia: Prinz Kaspian von Narnia","The Chronicles of Narnia: Prince Caspian","2008","Die Chroniken von Narnia","schwer","Handlung","Parallelwelt|Königtum|Vertrauen","Die Chroniken von Narnia|Narnia","Miraz' eigener Sohn macht den rechtmäßigen Erben Kaspian entbehrlich.","„Die Chroniken von Narnia: Prinz Kaspian von Narnia“ (2008): Warum wird Kaspians Lage unmittelbar nach der Geburt seines Cousins lebensgefährlich?","Kaspian erfährt, dass Cornelius das Kind entführen will.","Kaspian verliert durch ein allgemeines Gesetz sofort jede Bewegungsfreiheit.","Kaspian wird fälschlich für einen Anschlag auf das Neugeborene verantwortlich gemacht.","Miraz besitzt nun einen eigenen Sohn als gewünschten Thronerben.","D","Miraz will die Nachfolge seines eigenen Sohnes sichern und Kaspian beseitigen.","Der familiäre Anlass hat eine politische Bedeutung. Solange Kaspian als Erbe gebraucht wird, ist seine Position anders als nach der Geburt eines eigenen Sohnes seines Onkels. Cornelius erkennt die Gefahr und warnt ihn. Die Flucht beginnt somit nicht wegen eines fernen Abenteuers, sondern durch eine konkrete Veränderung der Machtverhältnisse.","Cornelius plant keine Entführung, sondern warnt seinen Schüler.","Die konkrete Gefahr geht von Miraz' Nachfolgeplan aus, nicht von einem solchen Gesetz.","Ein behaupteter Anschlag ist nicht der Anlass der Warnung durch Cornelius.","Miraz will die Nachfolge seines eigenen Sohnes sichern und Kaspian beseitigen.","Miraz' eigener Sohn macht den rechtmäßigen Erben Kaspian entbehrlich.","Handlung","https://movies.disney.com/the-chronicles-of-narnia-prince-caspian|https://en.wikipedia.org/wiki/The_Chronicles_of_Narnia:_Prince_Caspian","redaktionell_geprueft"
"FAN-L-033","K-FAN-17-morgenroete-schiff","","de","Film","Fantasy","Die Chroniken von Narnia: Die Reise auf der Morgenröte","The Chronicles of Narnia: The Voyage of the Dawn Treader","2010","Die Chroniken von Narnia","leicht","Schauplatz","Parallelwelt|Seefahrt|Verwandlung","Die Chroniken von Narnia|Narnia","Die Morgenröte trägt die Reisenden über Narnias Meer.","„Die Chroniken von Narnia: Die Reise auf der Morgenröte“ (2010): Was ist die titelgebende Morgenröte?","Ein Segelschiff","Eine Zauberschule","Eine Burg","Eine Insel","A","Die Morgenröte ist Kaspians Schiff.","Die Reise verlagert Narnias Abenteuer von Wäldern und Burgen auf das Meer. Das Schiff bildet dabei den gemeinsamen Ausgangspunkt für Begegnungen auf unterschiedlichen Inseln. Seine Besatzung muss zusammenarbeiten, obwohl die Reisenden sehr verschiedene Erfahrungen und Erwartungen mitbringen. Der Titel bezeichnet also den beweglichen Mittelpunkt der Geschichte und keinen einzelnen Zielort.","Die Morgenröte ist Kaspians Schiff.","Der Name gehört nicht zu einer Schule.","Eine Burg ist nicht die titelgebende Morgenröte.","Die Morgenröte fährt zu Inseln, ist aber selbst keine.","Die Morgenröte trägt die Reisenden über Narnias Meer.","keine","https://en.wikipedia.org/wiki/The_Chronicles_of_Narnia:_The_Voyage_of_the_Dawn_Treader","redaktionell_geprueft"
"FAN-L-034","K-FAN-17-eustachius-cousin","","de","Film","Fantasy","Die Chroniken von Narnia: Die Reise auf der Morgenröte","The Chronicles of Narnia: The Voyage of the Dawn Treader","2010","Die Chroniken von Narnia","leicht","Beziehung","Parallelwelt|Seefahrt|Verwandlung","Die Chroniken von Narnia|Narnia","Eustachius reist als Cousin der Pevensies mit.","„Die Chroniken von Narnia: Die Reise auf der Morgenröte“ (2010): Wie ist Eustachius mit Lucy und Edmund verwandt?","Er ist ihr älterer Bruder.","Er ist ihr Cousin.","Er ist ihr Neffe.","Er ist ihr Onkel.","B","Eustachius ist Lucys und Edmunds Cousin.","Eustachius betritt die Geschichte ohne die früheren Narnia-Erfahrungen seiner Verwandten. Seine ablehnende Haltung sorgt zunächst für Reibung. Gerade weil Lucy und Edmund die fremde Welt bereits kennen, können sie anders auf ihre Wunder reagieren. Die gemeinsame Reise verändert deshalb nicht nur äußere Umstände, sondern auch das Verhältnis der drei zueinander.","Er gehört nicht als weiterer Bruder zu den vier Pevensie-Geschwistern.","Eustachius ist Lucys und Edmunds Cousin.","Er ist nicht das Kind eines ihrer Geschwister.","Eustachius ist kein Angehöriger der Elterngeneration.","Eustachius reist als Cousin der Pevensies mit.","keine","https://en.wikipedia.org/wiki/The_Chronicles_of_Narnia:_The_Voyage_of_the_Dawn_Treader","redaktionell_geprueft"
"FAN-M-033","K-FAN-17-gemaelde-meer","","de","Film","Fantasy","Die Chroniken von Narnia: Die Reise auf der Morgenröte","The Chronicles of Narnia: The Voyage of the Dawn Treader","2010","Die Chroniken von Narnia","mittel","Schauplatz","Parallelwelt|Seefahrt|Verwandlung","Die Chroniken von Narnia|Narnia","Diesmal wird ein Bild vom Meer zum wirklichen Meer.","„Die Chroniken von Narnia: Die Reise auf der Morgenröte“ (2010): Wie gelangen Lucy, Edmund und Eustachius in diesem Film nach Narnia?","Ein Kleiderschrank führt sie unmittelbar auf das Schiff.","Eine Bahnhofsuhr öffnet einen Tunnel unter dem Meer.","Ein Meeresgemälde wird lebendig und überflutet das Zimmer.","Ein Spiegel transportiert sie in Kaspians Kajüte.","C","Das Wasser eines lebendig werdenden Meeresgemäldes zieht sie nach Narnia.","Der Übergang beginnt in einer vertrauten häuslichen Umgebung. Das Bild verliert seine Grenze zur Wirklichkeit, bis die Kinder selbst im Wasser sind. Für Eustachius wird die zuvor belächelte Erzählung damit körperlich erfahrbar. Die Szene gibt der Fortsetzung einen eigenen Zugang zur Fantasiewelt, passend zu ihrem Seefahrtsmotiv.","Der Schrank gehört zum ersten Narnia-Abenteuer, nicht zu diesem Übergang.","Eine Bahnhofsuhr verursacht die Reise nicht.","Das Wasser eines lebendig werdenden Meeresgemäldes zieht sie nach Narnia.","Sie gelangen nicht durch einen Spiegel direkt in eine Kajüte.","Diesmal wird ein Bild vom Meer zum wirklichen Meer.","Handlung","https://en.wikipedia.org/wiki/The_Chronicles_of_Narnia:_The_Voyage_of_the_Dawn_Treader","redaktionell_geprueft"
"FAN-M-034","K-FAN-17-eustachius-drache","","de","Film","Fantasy","Die Chroniken von Narnia: Die Reise auf der Morgenröte","The Chronicles of Narnia: The Voyage of the Dawn Treader","2010","Die Chroniken von Narnia","mittel","Handlung","Parallelwelt|Seefahrt|Verwandlung","Die Chroniken von Narnia|Narnia","Der begehrte Drachenschatz verwandelt Eustachius selbst in einen Drachen.","„Die Chroniken von Narnia: Die Reise auf der Morgenröte“ (2010): In welches Wesen verwandelt sich Eustachius nach dem Kontakt mit einem Drachenschatz?","In einen Greif","In einen Löwen","In eine Seeschlange","In einen Drachen","D","Eustachius wird durch den verfluchten Schatz zum Drachen.","Die neue Gestalt macht seine Lage zugleich mächtiger und hilfloser. Er kann Dinge tun, die einem Jungen unmöglich wären, verliert aber den selbstverständlichen Zugang zu den anderen. Die Verwandlung zwingt ihn, Hilfe und Gemeinschaft anders zu erleben. Riepischieps Zuwendung trägt dazu bei, dass aus dem schwierigen Mitreisenden ein Verbündeter wird.","Er verwandelt sich nicht in einen Greif.","Aslans Löwengestalt wird nicht auf Eustachius übertragen.","Die Seeschlange ist eine andere Gefahr des Abenteuers.","Eustachius wird durch den verfluchten Schatz zum Drachen.","Der begehrte Drachenschatz verwandelt Eustachius selbst in einen Drachen.","Handlung","https://en.wikipedia.org/wiki/The_Chronicles_of_Narnia:_The_Voyage_of_the_Dawn_Treader","redaktionell_geprueft"
"FAN-S-033","K-FAN-17-sieben-schwerter","","de","Film","Fantasy","Die Chroniken von Narnia: Die Reise auf der Morgenröte","The Chronicles of Narnia: The Voyage of the Dawn Treader","2010","Die Chroniken von Narnia","schwer","Technik","Parallelwelt|Seefahrt|Verwandlung","Die Chroniken von Narnia|Narnia","Sieben Lords, sieben Schwerter, ein gemeinsamer Ort: Aslans Tisch.","„Die Chroniken von Narnia: Die Reise auf der Morgenröte“ (2010): Was müssen die Reisenden im Film an Aslans Tisch zusammenbringen, um den grünen Nebel zu besiegen?","Die sieben Hörner von Kaspians Schiffen","Die sieben Schuppen der Seeschlange","Die sieben Kronen der früheren Könige von Cair Paravel","Die sieben Schwerter der verschwundenen Lords","D","Die Schwerter der sieben Lords müssen an Aslans Tisch vereint werden.","Der Film verbindet einzelne Stationen der Seereise durch eine gemeinsame Aufgabe. Jeder Fund bringt die Besatzung dem Ziel näher, reicht für sich aber nicht aus. Die Zusammenführung der Schwerter ist eine Besonderheit der filmischen Handlung. Für diese Frage ist deshalb die gezeigte Suche maßgeblich, nicht die Struktur der Romanvorlage.","Schiffshörner erfüllen diese Aufgabe nicht.","Die Schuppen des Ungeheuers sind nicht die gesuchten Gegenstände.","Gesammelt werden Schwerter, keine Kronen früherer Könige.","Die Schwerter der sieben Lords müssen an Aslans Tisch vereint werden.","Sieben Lords, sieben Schwerter, ein gemeinsamer Ort: Aslans Tisch.","Auflösung","https://en.wikipedia.org/wiki/The_Chronicles_of_Narnia:_The_Voyage_of_the_Dawn_Treader","redaktionell_geprueft"
"FAN-S-034","K-FAN-17-lucys-schoenheitswunsch","","de","Film","Fantasy","Die Chroniken von Narnia: Die Reise auf der Morgenröte","The Chronicles of Narnia: The Voyage of the Dawn Treader","2010","Die Chroniken von Narnia","schwer","Handlung","Parallelwelt|Seefahrt|Verwandlung","Die Chroniken von Narnia|Narnia","Lucy muss nicht Susan werden, um wichtig zu sein.","„Die Chroniken von Narnia: Die Reise auf der Morgenröte“ (2010): Was führt Aslan Lucy nach ihrem Wunsch vor Augen, wie Susan zu sein?","Dass körperliche Schönheit allein zur Herrschaft über Narnia genügt","Dass Edmund statt Kaspian rechtmäßiger König werden muss","Dass Susan in Wahrheit nie nach Narnia gekommen ist","Dass sie ihre eigene Bedeutung durch Selbstverleugnung auslöschen würde","D","Lucy soll erkennen, dass ihr eigenes Leben und ihre Rolle unersetzlich sind.","Der Wunsch wirkt zunächst wie eine private Unsicherheit. Die Traumfolge zeigt jedoch, wie weit die Folgen reichen würden, wenn Lucy nicht sie selbst wäre. Ihre früheren Entscheidungen haben auch das Leben anderer verändert. Die Szene übersetzt Selbstzweifel in eine anschauliche Gegenwelt und verbindet Selbstannahme mit der Erinnerung an eigenes Handeln.","Aslan bestätigt keine Herrschaft durch Schönheit.","Edmunds Thronanspruch ist nicht das Thema dieser Erfahrung.","Susan hat Narnia sehr wohl besucht.","Lucy soll erkennen, dass ihr eigenes Leben und ihre Rolle unersetzlich sind.","Lucy muss nicht Susan werden, um wichtig zu sein.","Auflösung","https://en.wikipedia.org/wiki/The_Chronicles_of_Narnia:_The_Voyage_of_the_Dawn_Treader","redaktionell_geprueft"
"FAN-L-035","K-FAN-18-westley-liebe","","de","Film","Fantasy","Die Braut des Prinzen","The Princess Bride","1987","","leicht","Figur","Märchen|Liebe|Rache","Märchenfilme","Buttercups Herz gehört Westley, nicht dem vorgesehenen Prinzen.","„Die Braut des Prinzen“ (1987): Wen liebt Buttercup bereits vor ihrer geplanten Hochzeit mit Prinz Humperdinck?","Graf Rugen","Inigo Montoya","Westley","Vizzini","C","Buttercups große Liebe ist Westley.","Robin Wright und Cary Elwes spielen das Paar, dessen Trennung und Wiederfinden die Abenteuergeschichte antreiben. Die geplante Verbindung mit dem Prinzen steht dieser Beziehung gegenüber. Der Film behandelt Liebe dabei sowohl ernsthaft als auch humorvoll: Vertraute Märchenmuster werden genutzt, kommentiert und durch unerwartete Hindernisse immer wieder neu belebt.","Rugen ist ein Gegenspieler, nicht Buttercups Geliebter.","Inigo verfolgt vor allem seine eigene Familiengeschichte.","Buttercups große Liebe ist Westley.","Vizzini gehört zu ihren Entführern.","Buttercups Herz gehört Westley, nicht dem vorgesehenen Prinzen.","keine","https://www.20thcenturystudios.com/movies/the-princess-bride|https://en.wikipedia.org/wiki/The_Princess_Bride_(film)","redaktionell_geprueft"
"FAN-L-036","K-FAN-18-grossvater-rahmen","","de","Film","Fantasy","Die Braut des Prinzen","The Princess Bride","1987","","leicht","Handlung","Märchen|Liebe|Rache","Märchenfilme","Das Märchen wird zwischen Großvater und Enkel lebendig.","„Die Braut des Prinzen“ (1987): Wer liest in der Rahmenhandlung die Abenteuergeschichte vor?","Ein Bibliothekar einer Reisegruppe","Ein Lehrer seiner Schulklasse","Ein Großvater seinem Enkel","Ein Vater seiner Tochter","C","Ein Großvater liest seinem kranken Enkel vor.","Peter Falk spielt den Vorleser, Fred Savage den zunächst skeptischen Zuhörer. Ihre Unterbrechungen erinnern daran, dass Abenteuer auch durch Erzählen entstehen. Die Reaktionen des Jungen spiegeln Erwartungen an Spannung, Romantik und ein gutes Ende. Die Rahmenhandlung ist deshalb kein bloßer Vorspann, sondern begleitet die Aufnahme der Geschichte.","Die Geschichte wird nicht einer Reisegruppe vorgetragen.","Es handelt sich nicht um Schulunterricht.","Ein Großvater liest seinem kranken Enkel vor.","Die beiden Figuren sind Großvater und Enkel.","Das Märchen wird zwischen Großvater und Enkel lebendig.","keine","https://www.20thcenturystudios.com/movies/the-princess-bride|https://en.wikipedia.org/wiki/The_Princess_Bride_(film)","redaktionell_geprueft"
"FAN-M-035","K-FAN-18-inigo-vater","","de","Film","Fantasy","Die Braut des Prinzen","The Princess Bride","1987","","mittel","Handlung","Märchen|Liebe|Rache","Märchenfilme","Inigos Fechtkunst dient der Suche nach dem Mörder seines Vaters.","„Die Braut des Prinzen“ (1987): Warum sucht Inigo Montoya den Mann mit sechs Fingern?","Er will Buttercups verschwundenen Bruder finden.","Er will ein Heilmittel gegen Westleys Vergiftung kaufen.","Er will ihm den Titel des Piraten Roberts verkaufen.","Er will den Mord an seinem Vater rächen.","D","Der sechsfingrige Mann hat Inigos Vater ermordet.","Mandy Patinkins Fechter besitzt ein persönliches Ziel, das unabhängig von Buttercups Rettung besteht. Die gemeinsamen Wege der Figuren ergeben sich aus wechselnden Bündnissen. Inigos Suche gibt den Fechtszenen dadurch mehr als sportlichen Ehrgeiz: Hinter seiner sorgfältig gepflegten Fertigkeit liegt ein lange festgehaltener Verlust und der Wunsch nach Gerechtigkeit.","Buttercups Bruder ist nicht der Gegenstand seiner Suche.","Ein Heilmittel ist nicht sein ursprüngliches Motiv.","Inigo handelt nicht mit dem Piratentitel.","Der sechsfingrige Mann hat Inigos Vater ermordet.","Inigos Fechtkunst dient der Suche nach dem Mörder seines Vaters.","Handlung","https://www.20thcenturystudios.com/movies/the-princess-bride|https://en.wikipedia.org/wiki/The_Princess_Bride_(film)","redaktionell_geprueft"
"FAN-M-036","K-FAN-18-rugen-sechs-finger","","de","Film","Fantasy","Die Braut des Prinzen","The Princess Bride","1987","","mittel","Figur","Märchen|Liebe|Rache","Märchenfilme","Graf Rugen trägt das Merkmal von Inigos gesuchtem Gegner.","„Die Braut des Prinzen“ (1987): Wer ist der gesuchte Mann mit sechs Fingern an einer Hand?","Graf Rugen","Fezzik","Wundermann Max","Prinz Humperdinck","A","Graf Rugen ist der Mann, den Inigo sucht.","Die Enthüllung verbindet Inigos private Suche mit dem Umfeld des Prinzen. Der Gegner ist damit keine zufällige Begegnung am Rand, sondern Teil der Machtstruktur, gegen die auch die anderen Figuren handeln. Rugen verkörpert eine berechnende Grausamkeit, der Inigos lange vorbereitete Entschlossenheit gegenübersteht. Beide Handlungswege können nun im selben Konflikt zusammenlaufen.","Graf Rugen ist der Mann, den Inigo sucht.","Fezzik ist Inigos Freund und Helfer.","Max hilft bei Westleys Rettung und ist nicht der Gesuchte.","Humperdinck ist der Prinz, aber nicht der sechsfingrige Mörder.","Graf Rugen trägt das Merkmal von Inigos gesuchtem Gegner.","Auflösung","https://www.20thcenturystudios.com/movies/the-princess-bride|https://en.wikipedia.org/wiki/The_Princess_Bride_(film)","redaktionell_geprueft"
"FAN-S-035","K-FAN-18-beide-becher","","de","Film","Fantasy","Die Braut des Prinzen","The Princess Bride","1987","","schwer","Handlung","Märchen|Liebe|Rache","Märchenfilme","Vizzinis Wahl ist bedeutungslos: Beide Becher sind vergiftet.","„Die Braut des Prinzen“ (1987): Wie sichert Westley seinen Sieg beim Giftduell gegen Vizzini?","Er lässt Buttercup heimlich ein Gegengift in Vizzinis Becher geben.","Er benutzt ungiftiges Pulver und erschreckt Vizzini zu Tode.","Er vertauscht nur den sichtbaren Becher und trinkt anschließend nicht.","Er vergiftet beide Becher und ist selbst gegen das Gift immun.","D","Beide Becher enthalten Gift; Westley hat zuvor eine Immunität aufgebaut.","Vizzini versucht, aus der Persönlichkeit seines Gegners die vermeintlich sichere Wahl abzuleiten. Seine Überlegungen beruhen jedoch auf einer falschen Voraussetzung: Er nimmt an, einer der Becher müsse ungefährlich sein. Westleys Vorbereitung liegt außerhalb dieses gedanklichen Spiels. Die Szene unterscheidet damit wortreiche Selbstsicherheit von tatsächlich relevantem Wissen.","Buttercup verabreicht hier kein Gegengift.","Das verwendete Gift ist innerhalb der Filmhandlung wirksam.","Ein einfacher Bechertausch ist nicht die vollständige Lösung.","Beide Becher enthalten Gift; Westley hat zuvor eine Immunität aufgebaut.","Vizzinis Wahl ist bedeutungslos: Beide Becher sind vergiftet.","Auflösung","https://www.20thcenturystudios.com/movies/the-princess-bride|https://en.wikipedia.org/wiki/The_Princess_Bride_(film)","redaktionell_geprueft"
"FAN-S-036","K-FAN-18-roberts-titel","","de","Film","Fantasy","Die Braut des Prinzen","The Princess Bride","1987","","schwer","Figur","Märchen|Liebe|Rache","Märchenfilme","Roberts ist eine weitergegebene Piratenidentität.","„Die Braut des Prinzen“ (1987): Was erklärt Westley über den Namen des gefürchteten Piraten Roberts?","Er bezeichnet ein Schiff ohne menschlichen Kapitän.","Er wird als Rolle an Nachfolger weitergegeben.","Er ist der wahre Familienname aller Männer in Florin.","Er gehört ausschließlich zu Humperdincks verstorbenem Vater.","B","Der Ruf des Piraten Roberts wird von wechselnden Trägern weitergeführt.","Die Erklärung löst das Rätsel, wie Westley unter einem scheinbar feststehenden Namen auftreten kann. Entscheidend ist der gefürchtete Ruf, den andere mit dieser Rolle verbinden. Der Film spielt damit mit dem Unterschied zwischen einer Person und ihrer öffentlichen Geschichte. Eine bekannte Identität kann fortbestehen, obwohl ihr Träger wechselt.","Roberts bezeichnet die Kapitänsrolle, nicht nur ein Schiff.","Der Ruf des Piraten Roberts wird von wechselnden Trägern weitergeführt.","Der Name ist kein allgemeiner Familienname in Florin.","Humperdincks Vater erklärt diese Identität nicht.","Roberts ist eine weitergegebene Piratenidentität.","Auflösung","https://www.20thcenturystudios.com/movies/the-princess-bride|https://en.wikipedia.org/wiki/The_Princess_Bride_(film)","redaktionell_geprueft"
"FAN-L-037","K-FAN-19-jen-gelfling","","de","Film","Fantasy","Der dunkle Kristall","The Dark Crystal","1982","","leicht","Figur","Prophezeiung|Gleichgewicht|Freundschaft","Puppenfantasy","Jen ist ein Gelfling, der bei Mystikern aufwächst.","„Der dunkle Kristall“ (1982): Zu welchem Volk gehört Jen?","Zu den Gelflingen","Zu den Mystikern","Zu den Skeksen","Zu den Podlingen","A","Jen ist ein Gelfling.","Seine Herkunft und seine Erziehung sind nicht dasselbe. Jen wächst bei den Mystikern auf, gehört aber einem anderen Volk an. Diese Unterscheidung ist für seine Aufgabe wichtig. Er beginnt die Reise mit begrenztem Wissen über die Welt und muss allmählich verstehen, welche Rolle ihm in ihrer Geschichte zukommt.","Jen ist ein Gelfling.","Die Mystiker ziehen ihn auf, sind aber nicht sein Volk.","Die Skekse verfolgen Jen; er gehört nicht zu ihnen.","Podlinge sind ein anderes Volk dieser Welt.","Jen ist ein Gelfling, der bei Mystikern aufwächst.","keine","https://www.darkcrystal.com/mythology/characters/gelfling/jen/|https://www.henson.com/dark-crystal/|https://en.wikipedia.org/wiki/The_Dark_Crystal","redaktionell_geprueft"
"FAN-L-038","K-FAN-19-kristall-heilen","","de","Film","Fantasy","Der dunkle Kristall","The Dark Crystal","1982","","leicht","Handlung","Prophezeiung|Gleichgewicht|Freundschaft","Puppenfantasy","Jens Aufgabe lautet: das fehlende Stück zurückbringen.","„Der dunkle Kristall“ (1982): Was ist das zentrale Ziel von Jens Reise?","Den beschädigten Kristall wieder zu vervollständigen","Den Kristall in einem unterirdischen Meer zu versenken","Den Kristall gegen die Krone der Skekse einzutauschen","Den Kristall endgültig in unzählige Splitter zu schlagen","A","Jen soll den fehlenden Splitter zurückbringen und den Kristall heilen.","Der Auftrag zielt auf Wiederherstellung, nicht auf die bloße Beseitigung eines Gegners. Jen muss zunächst begreifen, was überhaupt beschädigt wurde und warum es die ganze Welt betrifft. Die Reise verbindet Erkenntnis mit Handeln. Das zentrale Bild des fehlenden Stücks macht einen gestörten Zusammenhang sichtbar, der wieder vollständig werden soll.","Jen soll den fehlenden Splitter zurückbringen und den Kristall heilen.","Er soll den Kristall nicht verstecken oder versenken.","Ein Tausch um die Krone ist nicht sein Ziel.","Eine weitere Zerstörung wäre dem Auftrag entgegengesetzt.","Jens Aufgabe lautet: das fehlende Stück zurückbringen.","Handlung","https://www.henson.com/dark-crystal/|https://en.wikipedia.org/wiki/The_Dark_Crystal","redaktionell_geprueft"
"FAN-M-037","K-FAN-19-kira-fluegel","","de","Film","Fantasy","Der dunkle Kristall","The Dark Crystal","1982","","mittel","Figur","Prophezeiung|Gleichgewicht|Freundschaft","Puppenfantasy","Kiras Flügel eröffnen einen Weg, den Jen allein nicht hat.","„Der dunkle Kristall“ (1982): Welche Fähigkeit besitzt Kira, die Jen beim Sprung überrascht?","Sie kann sich vollständig unsichtbar machen.","Sie kann ihre Gestalt in die eines Skekses ändern.","Sie kann ihre Flügel zum Gleiten ausbreiten.","Sie kann Steinwände mit einem Blick schmelzen.","C","Kira besitzt Flügel und kann damit gleiten.","Jen kennt nicht automatisch alle Fähigkeiten seines eigenen Volkes. Die Begegnung mit Kira erweitert deshalb sein Wissen über andere und über sich selbst. Ihre Hilfe ist zudem praktisch entscheidend. Die Szene verteilt Kompetenz zwischen den beiden Reisenden und verhindert, dass nur der zuerst eingeführte Held die Lösungen für jede Gefahr besitzt.","Unsichtbarkeit ist nicht die gezeigte Rettung.","Kira verwandelt sich dabei nicht in einen Skeks.","Kira besitzt Flügel und kann damit gleiten.","Sie schmilzt keine Wand mit ihrem Blick.","Kiras Flügel eröffnen einen Weg, den Jen allein nicht hat.","Handlung","https://www.darkcrystal.com/mythology/characters/gelfling/kira/|https://www.henson.com/dark-crystal/|https://en.wikipedia.org/wiki/The_Dark_Crystal","redaktionell_geprueft"
"FAN-M-038","K-FAN-19-skekse-essenz","","de","Film","Fantasy","Der dunkle Kristall","The Dark Crystal","1982","","mittel","Technik","Prophezeiung|Gleichgewicht|Freundschaft","Puppenfantasy","Die Skekse verlängern ihr Leben auf Kosten anderer.","„Der dunkle Kristall“ (1982): Was entziehen die Skekse gefangenen Wesen, um sich zu verjüngen?","Ihre Schatten","Ihre Erinnerungen an Namen","Ihre Fähigkeit zu träumen","Ihre Lebensessenz","D","Die Skekse gewinnen Lebensessenz aus ihren Gefangenen.","Ihr Wunsch nach anhaltender Macht zeigt sich als Ausbeutung anderer Lebewesen. Die technische Anordnung im Schloss macht diese Gewalt zu einem organisierten Verfahren. Der Film verbindet Verfall und Herrschaft: Die Angst vor dem eigenen Ende führt nicht zu Fürsorge, sondern zu immer neuen Versuchen, fremdes Leben für sich zu verbrauchen.","Schatten werden nicht als Verjüngungsmittel gesammelt.","Namenserinnerungen sind nicht der gewonnene Stoff.","Das Verfahren wird nicht als Entzug der Traumfähigkeit bezeichnet.","Die Skekse gewinnen Lebensessenz aus ihren Gefangenen.","Die Skekse verlängern ihr Leben auf Kosten anderer.","Handlung","https://www.henson.com/dark-crystal/|https://en.wikipedia.org/wiki/The_Dark_Crystal","redaktionell_geprueft"
"FAN-S-037","K-FAN-19-floete-splitter","","de","Film","Fantasy","Der dunkle Kristall","The Dark Crystal","1982","","schwer","Technik","Prophezeiung|Gleichgewicht|Freundschaft","Puppenfantasy","Der richtige Splitter antwortet auf Jens Flötenklang.","„Der dunkle Kristall“ (1982): Wie erkennt Jen bei Aughra den richtigen Kristallsplitter?","Er reagiert auf einen Ton seiner Flöte.","Er erkennt ihn an einer eingeritzten Abbildung des Schlosses.","Er erkennt ihn daran, dass Aughra ihn getrennt aufbewahrt.","Er erkennt ihn an seiner Wärme, sobald er ihn berührt.","A","Der gesuchte Splitter antwortet auf den Klang von Jens Flöte.","Aughras Sammlung bietet mehrere Möglichkeiten, sodass bloßes Zugreifen nicht genügt. Jen nutzt etwas, das er aus seinem bisherigen Leben kennt. Die Lösung verbindet seine Erziehung mit der fremden Aufgabe. Ein scheinbar persönliches, kleines Können erweist sich damit als nützliches Wissen auf einer Reise, deren große Zusammenhänge er noch nicht versteht.","Der gesuchte Splitter antwortet auf den Klang von Jens Flöte.","Eine solche Gravur ist nicht das entscheidende Merkmal.","Jen muss unter den angebotenen Splittern mithilfe der Flöte wählen.","Der Klang, nicht ein Wärmetest, liefert die Antwort.","Der richtige Splitter antwortet auf Jens Flötenklang.","Handlung","https://www.henson.com/dark-crystal/|https://en.wikipedia.org/wiki/The_Dark_Crystal","redaktionell_geprueft"
"FAN-S-038","K-FAN-19-vereinigung-urru","","de","Film","Fantasy","Der dunkle Kristall","The Dark Crystal","1982","","schwer","Handlung","Prophezeiung|Gleichgewicht|Freundschaft","Puppenfantasy","Die Heilung macht aus getrennten Gegenstücken wieder ganze Wesen.","„Der dunkle Kristall“ (1982): Was geschieht nach der Heilung des Kristalls mit Skeksen und Mystikern?","Die Mystiker verbannen die Skekse auf einen anderen Planeten.","Beide Gruppen verlieren gleichzeitig jede Erinnerung und bleiben getrennt.","Alle Skekse werden zu Gelflingen, alle Mystiker zu Podlingen.","Die jeweiligen Gegenstücke vereinigen sich zu vollständigen Wesen.","D","Die getrennten Gegenstücke werden wieder zu den ursprünglichen urSkeks vereint.","Die Auflösung verändert den Sinn des scheinbar einfachen Gegensatzes zwischen beiden Gruppen. Der Konflikt endet durch das Wiederzusammenführen dessen, was auseinandergerissen wurde. Dadurch erhält Jens Auftrag eine tiefere Bedeutung als einen Machtwechsel. Der geheilte Kristall und die vervollständigten Wesen spiegeln dieselbe Idee einer wiedergewonnenen Ganzheit.","Eine bloße Verbannung ist nicht die gezeigte Lösung.","Die Trennung wird aufgehoben, nicht durch Gedächtnisverlust fortgesetzt.","Sie werden nicht in die beiden kleineren Völker verwandelt.","Die getrennten Gegenstücke werden wieder zu den ursprünglichen urSkeks vereint.","Die Heilung macht aus getrennten Gegenstücken wieder ganze Wesen.","Auflösung","https://www.darkcrystal.com/mythology/characters/gelfling/kira/|https://www.henson.com/dark-crystal/|https://en.wikipedia.org/wiki/The_Dark_Crystal","redaktionell_geprueft"
"FAN-L-039","K-FAN-20-fuchur-drache","","de","Film","Fantasy","Die unendliche Geschichte","The NeverEnding Story","1984","Die unendliche Geschichte","leicht","Figur","Fantasie|Lesen|Verlust","Die unendliche Geschichte|Märchenfilme","Fuchur ist der freundliche Glücksdrache an Atréjus Seite.","„Die unendliche Geschichte“ (1984): Was für ein Wesen ist Fuchur?","Ein Glücksdrache","Ein sprechender Wolf","Ein geflügelter Löwe","Ein verzauberter Adler","A","Fuchur ist ein Glücksdrache.","Sein freundliches Gesicht und sein langgestreckter Körper unterscheiden ihn von vielen bedrohlichen Drachenbildern. Für Atréju wird er zu einem verlässlichen Helfer. Seine Erscheinung verbindet das Wunderbare mit Geborgenheit. Der Film zeigt damit, dass eine mächtige fantastische Kreatur nicht zwangsläufig als Gegner auftreten muss, sondern Hoffnung und Unterstützung verkörpern kann.","Fuchur ist ein Glücksdrache.","Der wolfartige Gmork ist eine andere Figur.","Fuchur hat keine Löwengestalt.","Fuchur ist kein Vogel.","Fuchur ist der freundliche Glücksdrache an Atréjus Seite.","keine","https://en.wikipedia.org/wiki/The_NeverEnding_Story_(film)","redaktionell_geprueft"
"FAN-L-040","K-FAN-20-das-nichts","","de","Film","Fantasy","Die unendliche Geschichte","The NeverEnding Story","1984","Die unendliche Geschichte","leicht","Handlung","Fantasie|Lesen|Verlust","Die unendliche Geschichte|Märchenfilme","Das Nichts nimmt Phantásien seine Existenz.","„Die unendliche Geschichte“ (1984): Welche Macht bedroht Phantásien mit seinem Verschwinden?","Eine Armee aus Spiegelbildern","Der ewige Winter","Ein versteinernder Nebel","Das Nichts","D","Das Nichts lässt Phantásien verschwinden.","Die Gefahr ist schwerer zu fassen als eine gewöhnliche Armee. Ganze Teile einer Welt gehen verloren, weshalb Stärke im Kampf allein nicht genügt. Atréjus Suche muss zu einem Verständnis der Bedrohung führen. Der Film verbindet das Abenteuer damit auch mit der Frage, was geschieht, wenn Vorstellungen, Wünsche und Hoffnung verlorengehen.","Eine Armee von Doppelgängern bedroht Phantásien nicht.","Ein ewiger Winter ist nicht die zentrale Bedrohung dieses Films.","Ein Versteinerungsnebel erklärt den Untergang nicht.","Das Nichts lässt Phantásien verschwinden.","Das Nichts nimmt Phantásien seine Existenz.","keine","https://en.wikipedia.org/wiki/The_NeverEnding_Story_(film)","redaktionell_geprueft"
"FAN-M-039","K-FAN-20-bastian-dachboden","","de","Film","Fantasy","Die unendliche Geschichte","The NeverEnding Story","1984","Die unendliche Geschichte","mittel","Schauplatz","Fantasie|Lesen|Verlust","Die unendliche Geschichte|Märchenfilme","Bastian liest heimlich auf dem Schuldachboden.","„Die unendliche Geschichte“ (1984): Wo zieht Bastian sich zurück, um das geheimnisvolle Buch zu lesen?","In den Turm des Rathauses","Auf den Dachboden seiner Schule","In das verlassene Haus seiner Mutter","In den Keller des Antiquariats","B","Bastian versteckt sich auf dem Schuldachboden.","Der abgeschiedene Raum trennt ihn vom Schulalltag und bietet Platz für seine Lektüre. Während Bastian körperlich an einem Ort bleibt, erlebt er die Reise der Figuren immer intensiver mit. Barret Olivers Spiel macht das Lesen selbst zu einer Handlung. Die Grenze zwischen dem beobachtenden Kind und der erzählten Welt wird zunehmend durchlässig.","Der Rathausturm ist nicht sein Leseversteck.","Bastian versteckt sich auf dem Schuldachboden.","Ein verlassenes Haus der Mutter ist nicht der Schauplatz.","Er verlässt das Antiquariat mit dem Buch.","Bastian liest heimlich auf dem Schuldachboden.","Handlung","https://en.wikipedia.org/wiki/The_NeverEnding_Story_(film)","redaktionell_geprueft"
"FAN-M-040","K-FAN-20-artax-suempfe","","de","Film","Fantasy","Die unendliche Geschichte","The NeverEnding Story","1984","Die unendliche Geschichte","mittel","Handlung","Fantasie|Lesen|Verlust","Die unendliche Geschichte|Märchenfilme","Die Sümpfe verschlingen Artax durch überwältigende Traurigkeit.","„Die unendliche Geschichte“ (1984): Was geschieht mit Atréjus Pferd Artax in den Sümpfen der Traurigkeit?","Es versinkt, als es sich von der Traurigkeit überwältigen lässt.","Es verliert seine Farbe und läuft als unsichtbares Pferd weiter.","Es wird von Morla in eine Schildkröte verwandelt.","Es flieht mit Gmork aus dem Sumpf.","A","Artax wird von der Traurigkeit erfasst und versinkt.","Atréju versucht verzweifelt, seinen Gefährten zum Weitergehen zu bewegen. Die Gefahr des Ortes ist nicht nur ein schwieriger Untergrund, sondern ein Zustand, der die Kraft zum Handeln lähmt. Die Szene übersetzt Trauer in ein körperlich sichtbares Geschehen. Für den jungen Suchenden wird der Verlust zu einer schmerzhaften Erfahrung von Hilflosigkeit.","Artax wird von der Traurigkeit erfasst und versinkt.","Artax wird nicht unsichtbar gerettet.","Morla verwandelt Artax nicht.","Gmork führt das Pferd nicht aus dem Sumpf.","Die Sümpfe verschlingen Artax durch überwältigende Traurigkeit.","Handlung","https://en.wikipedia.org/wiki/The_NeverEnding_Story_(film)","redaktionell_geprueft"
"FAN-S-039","K-FAN-20-spiegel-bastian","","de","Film","Fantasy","Die unendliche Geschichte","The NeverEnding Story","1984","Die unendliche Geschichte","schwer","Handlung","Fantasie|Lesen|Verlust","Die unendliche Geschichte|Märchenfilme","Atréjus Spiegel zeigt den Leser seiner eigenen Geschichte.","„Die unendliche Geschichte“ (1984): Was sieht Atréju im magischen Spiegel auf dem Weg zum Südlichen Orakel?","Sich selbst als alten König","Fuchur mit zwei menschlichen Köpfen","Bastian beim Lesen des Buches","Die Kindliche Kaiserin als Wölfin","C","Der Spiegel zeigt Atréju den lesenden Bastian.","Bis dahin scheinen Leser und Abenteuerfigur auf verschiedenen Ebenen zu leben. Das Spiegelbild verbindet diese Ebenen in einem einzigen Bild. Was für Bastian eine Geschichte ist, erkennt nun seinerseits etwas von ihm. Die Szene bereitet deshalb die spätere Bedeutung seiner eigenen Beteiligung vor, ohne sie bereits vollständig zu erklären.","Er sieht keine zukünftige Königsgestalt seiner selbst.","Fuchur ist nicht das gezeigte Spiegelbild.","Der Spiegel zeigt Atréju den lesenden Bastian.","Die Kaiserin erscheint nicht als Wölfin.","Atréjus Spiegel zeigt den Leser seiner eigenen Geschichte.","Auflösung","https://en.wikipedia.org/wiki/The_NeverEnding_Story_(film)","redaktionell_geprueft"
"FAN-S-040","K-FAN-20-neuer-name","","de","Film","Fantasy","Die unendliche Geschichte","The NeverEnding Story","1984","Die unendliche Geschichte","schwer","Handlung","Fantasie|Lesen|Verlust","Die unendliche Geschichte|Märchenfilme","Bastians eigener Namensruf wird Teil der Rettung Phantásiens.","„Die unendliche Geschichte“ (1984): Was muss Bastian tun, um der Kindlichen Kaiserin und Phantásien zu helfen?","Der Kaiserin einen neuen Namen geben","Das Buch vollständig verbrennen","Atréju im Zweikampf besiegen","Auryn an Gmork übergeben","A","Bastian muss der Kindlichen Kaiserin einen neuen Namen geben.","Die Lösung verlangt, dass Bastian seine Rolle als bloßer Zuschauer verlässt. Er muss der Geschichte etwas Eigenes hinzufügen und auf ihren Anspruch antworten. Damit kehrt sich die übliche Erwartung an ein Abenteuer um: Der entscheidende Beitrag kommt nicht allein vom reisenden Helden, sondern von dem Kind, das dessen Geschichte gelesen hat.","Bastian muss der Kindlichen Kaiserin einen neuen Namen geben.","Die Vernichtung des Buches ist nicht die rettende Handlung.","Atréju muss nicht besiegt werden.","Gmork soll das Zeichen der Kaiserin nicht erhalten.","Bastians eigener Namensruf wird Teil der Rettung Phantásiens.","Auflösung","https://en.wikipedia.org/wiki/The_NeverEnding_Story_(film)","redaktionell_geprueft"
"FAN-L-041","K-FAN-21-jareth-bowie","","de","Film","Fantasy","Die Reise ins Labyrinth","Labyrinth","1986","","leicht","Besetzung","Märchen|Labyrinth|Erwachsenwerden","Märchenfilme|Puppenfantasy","David Bowie gibt dem Koboldkönig Jareth sein Gesicht.","„Die Reise ins Labyrinth“ (1986): Wer spielt den Koboldkönig Jareth?","Mick Jagger","Sting","David Bowie","Freddie Mercury","C","David Bowie spielt Jareth.","Jareths Auftritt verbindet die Autorität eines Märchenkönigs mit der Ausstrahlung eines Popstars. Bowies Präsenz macht die Figur zugleich anziehend und bedrohlich. Sarah steht damit keinem bloß groben Ungeheuer gegenüber. Ihr Gegner kann Wünsche ansprechen und eine verführerische Alternative zu ihrer mühsamen Suche anbieten, was die Entscheidung gegen ihn erschwert.","Mick Jagger spielt Jareth nicht.","Sting übernimmt diese Rolle nicht.","David Bowie spielt Jareth.","Freddie Mercury ist nicht der Darsteller des Koboldkönigs.","David Bowie gibt dem Koboldkönig Jareth sein Gesicht.","keine","https://www.henson.com/labyrinth/|https://en.wikipedia.org/wiki/Labyrinth_(1986_film)","redaktionell_geprueft"
"FAN-L-042","K-FAN-21-sarah-toby","","de","Film","Fantasy","Die Reise ins Labyrinth","Labyrinth","1986","","leicht","Handlung","Märchen|Labyrinth|Erwachsenwerden","Märchenfilme|Puppenfantasy","Sarahs Reise soll ihren Wunsch gegen Toby rückgängig machen.","„Die Reise ins Labyrinth“ (1986): Wen will Sarah aus Jareths Schloss zurückholen?","Ihren verschwundenen Vater","Ihren entführten Freund Merlin","Ihre gefangene Stiefmutter","Ihren kleinen Halbbruder Toby","D","Sarah sucht ihren kleinen Halbbruder Toby.","Jennifer Connellys Sarah muss die Folgen eines unbedachten Wunsches bewältigen. Der Weg durch das Labyrinth wird dadurch zu einer Aufgabe, für die sie selbst Verantwortung trägt. Ihr Ziel ist keine Eroberung und kein Schatz. Sie muss ein zuvor als Belastung empfundenes Familienmitglied wiederfinden und ihren eigenen Wunsch korrigieren.","Sarahs Vater ist nicht der entführte Angehörige.","Merlin ist Sarahs Hund, nicht der gesuchte Freund im Schloss.","Die Stiefmutter wird nicht von Jareth festgehalten.","Sarah sucht ihren kleinen Halbbruder Toby.","Sarahs Reise soll ihren Wunsch gegen Toby rückgängig machen.","keine","https://www.henson.com/labyrinth/|https://en.wikipedia.org/wiki/Labyrinth_(1986_film)","redaktionell_geprueft"
"FAN-M-041","K-FAN-21-ludo-steine","","de","Film","Fantasy","Die Reise ins Labyrinth","Labyrinth","1986","","mittel","Technik","Märchen|Labyrinth|Erwachsenwerden","Märchenfilme|Puppenfantasy","Für Ludo sind Steine hilfreiche Freunde.","„Die Reise ins Labyrinth“ (1986): Welche besondere Hilfe kann Ludo herbeirufen?","Fliegende Spiegel","Unsichtbare Wölfe","Sprechende Bäume","Bewegliche Steine","D","Ludo kann Steine zu Hilfe rufen.","Das große Wesen wirkt zunächst vor allem kräftig, besitzt aber eine andere, überraschende Verbindung zu seiner Umwelt. Sarah profitiert davon, dass sie Ludo zuvor befreit hat. Der Film lässt Hilfe aus einer Beziehung entstehen. Eine freundliche Entscheidung während der Reise wird später zu einer konkreten Möglichkeit, neue Hindernisse zu überwinden.","Spiegel sind nicht seine herbeigerufenen Helfer.","Er ruft keine unsichtbaren Wölfe.","Ludos Ruf richtet sich nicht an Bäume.","Ludo kann Steine zu Hilfe rufen.","Für Ludo sind Steine hilfreiche Freunde.","Handlung","https://www.henson.com/labyrinth/|https://en.wikipedia.org/wiki/Labyrinth_(1986_film)","redaktionell_geprueft"
"FAN-M-042","K-FAN-21-pfirsich-traum","","de","Film","Fantasy","Die Reise ins Labyrinth","Labyrinth","1986","","mittel","Handlung","Märchen|Labyrinth|Erwachsenwerden","Märchenfilme|Puppenfantasy","Der Pfirsich lässt Sarah ihre Suche im Balltraum vergessen.","„Die Reise ins Labyrinth“ (1986): Was löst Sarahs traumhaften Aufenthalt auf dem Maskenball aus?","Ein Schluck Wasser aus dem Sumpf","Ein Schlaflied von Sir Didymus","Ein Stich des kleinen Wurms","Ein verzauberter Pfirsich von Hoggle","D","Der verzauberte Pfirsich versetzt Sarah in den Traum.","Die prächtige Gesellschaft lenkt Sarah von ihrer eigentlichen Aufgabe ab. Die Gefahr besteht hier nicht im offenen Angriff, sondern im angenehmen Vergessen. Hoggle steht zugleich zwischen Angst vor Jareth und wachsender Freundschaft zu ihr. Der Gegenstand verbindet daher eine äußere Versuchung mit einem persönlichen Loyalitätskonflikt ihres Begleiters.","Sumpfwasser verursacht nicht die Ballvision.","Sir Didymus singt sie nicht in diesen Zustand.","Der kleine Wurm versetzt sie nicht durch einen Stich in Trance.","Der verzauberte Pfirsich versetzt Sarah in den Traum.","Der Pfirsich lässt Sarah ihre Suche im Balltraum vergessen.","Handlung","https://www.henson.com/labyrinth/|https://en.wikipedia.org/wiki/Labyrinth_(1986_film)","redaktionell_geprueft"
"FAN-S-041","K-FAN-21-jareth-macht","","de","Film","Fantasy","Die Reise ins Labyrinth","Labyrinth","1986","","schwer","Handlung","Märchen|Labyrinth|Erwachsenwerden","Märchenfilme|Puppenfantasy","Sarah beendet Jareths Einfluss durch ihre eigene Absage.","„Die Reise ins Labyrinth“ (1986): Welche Einsicht beendet Sarahs Unterwerfung unter Jareth?","Dass er keine Macht über sie hat","Dass Toby freiwillig bei ihm bleiben will","Dass Hoggle selbst der wahre König ist","Dass sie seinen Thron erben muss","A","Sarah erkennt und erklärt, dass Jareth keine Macht über sie hat.","Im letzten Konflikt genügt es nicht, noch einen Weg im Labyrinth zu finden. Sarah muss ihre Haltung zu Jareths Angebot klären. Sie beendet den Anspruch, über ihre Wünsche und Ängste bestimmen zu dürfen. Die entscheidende Handlung ist damit eine eigene Grenzziehung, nachdem sie lange nach äußeren Regeln und Auswegen gesucht hat.","Sarah erkennt und erklärt, dass Jareth keine Macht über sie hat.","Tobys angeblicher Bleibewunsch entscheidet den Konflikt nicht.","Hoggle wird nicht als verborgener König enthüllt.","Eine Thronfolge ist nicht Sarahs Lösung.","Sarah beendet Jareths Einfluss durch ihre eigene Absage.","Auflösung","https://www.henson.com/labyrinth/|https://en.wikipedia.org/wiki/Labyrinth_(1986_film)","redaktionell_geprueft"
"FAN-S-042","K-FAN-21-hoggle-vergebung","","de","Film","Fantasy","Die Reise ins Labyrinth","Labyrinth","1986","","schwer","Handlung","Märchen|Labyrinth|Erwachsenwerden","Märchenfilme|Puppenfantasy","Hoggles erneute Hilfe ermöglicht Vergebung und Rückkehr.","„Die Reise ins Labyrinth“ (1986): Wie reagiert Sarahs Gruppe, nachdem Hoggle trotz seines Verrats bei der Torwache hilft?","Sie zwingt ihn, allein den Weg zurückzugehen.","Sie nimmt ihn wieder als Freund auf.","Sie liefert ihn sofort Jareth aus.","Sie tauscht ihn gegen einen sicheren Durchgang ein.","B","Sarah und die anderen vergeben Hoggle und heißen ihn wieder willkommen.","Hoggle hat aus Furcht falsch gehandelt, kehrt aber zurück und hilft in einer gefährlichen Lage. Die Gruppe beurteilt ihn damit nicht ausschließlich nach seinem schwächsten Moment. Seine spätere Entscheidung zählt ebenfalls. Die Szene macht Freundschaft zu einer Beziehung, in der Verantwortung und die Möglichkeit einer Wiedergutmachung nebeneinander bestehen.","Er wird nicht zur alleinigen Rückkehr verurteilt.","Sarah und die anderen vergeben Hoggle und heißen ihn wieder willkommen.","Die Freunde übergeben ihn nicht dem König.","Die Gruppe benutzt ihn nicht als Tauschmittel.","Hoggles erneute Hilfe ermöglicht Vergebung und Rückkehr.","Handlung","https://www.henson.com/labyrinth/|https://en.wikipedia.org/wiki/Labyrinth_(1986_film)","redaktionell_geprueft"
"FAN-L-043","K-FAN-22-jack-cruise","","de","Film","Fantasy","Legende","Legend","1985","","leicht","Besetzung","Einhörner|Licht und Dunkelheit|Versuchung","Märchenfilme","Tom Cruise spielt den naturverbundenen Jack.","„Legende“ (1985): Wer spielt den Waldjungen Jack?","Val Kilmer","Christian Slater","Johnny Depp","Tom Cruise","D","Tom Cruise spielt Jack.","Jack gehört zur Naturwelt, in die Lili zu Besuch kommt. Tom Cruises Figur muss aus einem vertrauten Umfeld aufbrechen, um einen entstandenen Schaden zu beheben. Anders als ein erfahrener Herrscher beginnt er ohne politische Macht. Seine Verbundenheit mit dem Wald und die Unterstützung seiner Begleiter tragen das Abenteuer.","Val Kilmer spielt Jack nicht.","Christian Slater übernimmt die Rolle nicht.","Johnny Depp ist nicht der Darsteller dieser Figur.","Tom Cruise spielt Jack.","Tom Cruise spielt den naturverbundenen Jack.","keine","https://en.wikipedia.org/wiki/Legend_(1985_film)","redaktionell_geprueft"
"FAN-L-044","K-FAN-22-einhoerner","","de","Film","Fantasy","Legende","Legend","1985","","leicht","Figur","Einhörner|Licht und Dunkelheit|Versuchung","Märchenfilme","Die Einhörner stehen im Zentrum des Kampfes um das Licht.","„Legende“ (1985): Welche Tiere will der Herr der Finsternis vernichten?","Die Greife","Die Phönixe","Die Einhörner","Die Drachen","C","Sein Angriff richtet sich gegen die Einhörner.","Die Tiere verkörpern mehr als eine seltene Art des Waldes. Ihr Schicksal betrifft das Gleichgewicht der gesamten Umgebung. Der Film gibt dem abstrakten Gegensatz von Licht und Dunkelheit dadurch eine sichtbare Gestalt. Was den Einhörnern geschieht, wirkt sich auf Wetter, Landschaft und das Leben der anderen Wesen aus.","Greife sind nicht das zentrale Ziel seines Plans.","Phönixe nehmen hier nicht die Rolle der bedrohten Tiere ein.","Sein Angriff richtet sich gegen die Einhörner.","Die Vernichtung von Drachen treibt diese Handlung nicht an.","Die Einhörner stehen im Zentrum des Kampfes um das Licht.","Handlung","https://en.wikipedia.org/wiki/Legend_(1985_film)","redaktionell_geprueft"
"FAN-M-043","K-FAN-22-lilis-ring","","de","Film","Fantasy","Legende","Legend","1985","","mittel","Handlung","Einhörner|Licht und Dunkelheit|Versuchung","Märchenfilme","Lilis Ring lockt Jack unter die sich schließende Eisdecke.","„Legende“ (1985): Warum taucht Jack in den Teich, kurz bevor dieser zufriert?","Er will Gump aus einem Netz befreien.","Er will den von Lili hineingeworfenen Ring holen.","Er folgt einem unter Wasser versteckten Zugang zum Schloss.","Er sucht das abgeschlagene Horn des Einhorns.","B","Lili wirft ihren Ring ins Wasser und stellt Jack damit eine Probe.","Die spielerische Herausforderung steht unmittelbar neben einer ernsten Veränderung der Welt. Während Jack mit dem Ring beschäftigt ist, droht aus dem vertrauten Wasser eine tödliche Falle zu werden. Die Szene verbindet einen privaten Moment zwischen den beiden mit den Folgen des Angriffs auf die Einhörner und beendet die anfängliche Unbeschwertheit.","Gump steckt nicht in einem Netz im Teich.","Lili wirft ihren Ring ins Wasser und stellt Jack damit eine Probe.","Jack sucht hier keinen geheimen Schlosszugang.","Das Horn liegt nicht als Ziel dieses Tauchgangs im Teich.","Lilis Ring lockt Jack unter die sich schließende Eisdecke.","Handlung","https://en.wikipedia.org/wiki/Legend_(1985_film)","redaktionell_geprueft"
"FAN-M-044","K-FAN-22-finsternis-curry","","de","Film","Fantasy","Legende","Legend","1985","","mittel","Besetzung","Einhörner|Licht und Dunkelheit|Versuchung","Märchenfilme","Hinter dem gehörnten Herrn der Finsternis steckt Tim Curry.","„Legende“ (1985): Wer verkörpert unter dem aufwendigen Make-up den Herrn der Finsternis?","Tim Curry","Ron Perlman","Christopher Lee","Max von Sydow","A","Tim Curry spielt den Herrn der Finsternis.","Hörner, rote Haut und eine übergroße Silhouette machen den Gegenspieler zum markanten Bild des Films. Trotzdem beruht die Figur nicht allein auf ihrer äußeren Größe. Curry verbindet die bedrohliche Erscheinung mit ruhiger Verführung. Dadurch kann der Herrscher sowohl körperliche Gefahr ausstrahlen als auch Lili mit einem scheinbar verlockenden Angebot umwerben.","Tim Curry spielt den Herrn der Finsternis.","Ron Perlman verkörpert andere fantastische Figuren, aber nicht diese.","Christopher Lee spielt diesen Gegenspieler nicht.","Max von Sydow ist nicht der Darsteller unter der Maske.","Hinter dem gehörnten Herrn der Finsternis steckt Tim Curry.","keine","https://en.wikipedia.org/wiki/Legend_(1985_film)","redaktionell_geprueft"
"FAN-S-043","K-FAN-22-sonnenlicht-spiegel","","de","Film","Fantasy","Legende","Legend","1985","","schwer","Technik","Einhörner|Licht und Dunkelheit|Versuchung","Märchenfilme","Spiegelnde Platten führen Sonnenlicht bis zum Gegner.","„Legende“ (1985): Wie bringen Jacks Verbündete Sonnenlicht in den inneren Bereich des Schlosses?","Sie erzeugen es durch das Verbrennen von Einhornhaar.","Sie fangen es in Lilis Ring und zerbrechen diesen.","Sie lenken es mit spiegelnden Metallplatten um.","Sie verwandeln Gumps Schwert in eine zweite Sonne.","C","Sie verwenden große Metallplatten als Spiegel und leiten damit Sonnenlicht weiter.","Der Plan nutzt die Schwäche des Gegners durch Zusammenarbeit und räumliches Geschick. Während Jack sich dem direkten Kampf stellt, schaffen andere die entscheidende Voraussetzung. Die Lösung verbindet das märchenhafte Motiv des Lichts mit einem anschaulichen physikalischen Prinzip. Ein Sieg hängt damit nicht ausschließlich vom stärksten Kämpfer ab.","Einhornhaar wird nicht zur Erzeugung des Lichts verbrannt.","Der Ring dient nicht als Sonnenlichtspeicher.","Sie verwenden große Metallplatten als Spiegel und leiten damit Sonnenlicht weiter.","Das Licht wird umgelenkt, nicht als neue Sonne erschaffen.","Spiegelnde Platten führen Sonnenlicht bis zum Gegner.","Auflösung","https://en.wikipedia.org/wiki/Legend_(1985_film)","redaktionell_geprueft"
"FAN-S-044","K-FAN-22-lili-befreit-einhorn","","de","Film","Fantasy","Legende","Legend","1985","","schwer","Handlung","Einhörner|Licht und Dunkelheit|Versuchung","Märchenfilme","Lilis scheinbare Zustimmung schafft die Gelegenheit zur Befreiung.","„Legende“ (1985): Was tut Lili tatsächlich, als sie scheinbar bereit ist, das letzte Einhorn zu töten?","Sie verwandelt das Tier in eine steinerne Statue.","Sie tauscht das Tier gegen die Herrschaft über den Wald.","Sie durchtrennt seine Fesseln und lässt es frei.","Sie übergibt dem Herrn der Finsternis freiwillig sein Horn.","C","Lili nutzt den vermeintlichen Vollzug des Opfers, um das Einhorn zu befreien.","Ihr Einverständnis mit dem Gegner erweist sich als Täuschung. Die Szene unterscheidet sichtbare Anpassung von tatsächlicher Absicht. Lili bleibt dadurch eine handelnde Figur innerhalb ihrer Gefangenschaft. Statt die angebotene Macht anzunehmen, nutzt sie den Moment, in dem man ihr vertraut, um dem bedrohten Wesen einen Ausweg zu öffnen.","Sie versteinert das Einhorn nicht.","Eine Herrschaft über den Wald ist nicht ihr erlangter Preis.","Lili nutzt den vermeintlichen Vollzug des Opfers, um das Einhorn zu befreien.","Sie entfernt und übergibt das Horn nicht.","Lilis scheinbare Zustimmung schafft die Gelegenheit zur Befreiung.","Auflösung","https://en.wikipedia.org/wiki/Legend_(1985_film)","redaktionell_geprueft"
"FAN-L-045","K-FAN-23-yvaine-stern","","de","Film","Fantasy","Der Sternwanderer","Stardust","2007","","leicht","Figur","Magie|Liebe|Identität","Märchenfilme","Der gesuchte Stern ist eine Person: Yvaine.","„Der Sternwanderer“ (2007): Was ist Yvaine in Wirklichkeit?","Ein vom Himmel gefallener Stern","Eine Prinzessin ohne Erinnerung","Eine in einen Menschen verwandelte Hexe","Eine aus dem Meer verbannte Meerjungfrau","A","Yvaine ist ein Stern in menschlicher Gestalt.","Claire Danes spielt eine Figur, die Tristan zunächst wie den Fund eines gesuchten Gegenstands behandelt. Ihre eigene Stimme und Persönlichkeit widersprechen dieser Vorstellung. Aus der Jagd nach einem Geschenk entsteht eine Begegnung zwischen zwei Menschen, die unterschiedliche Wünsche haben. Dieser Wechsel bildet einen wichtigen Ausgangspunkt für Tristans persönliche Entwicklung.","Yvaine ist ein Stern in menschlicher Gestalt.","Eine vergessene Prinzessinnenidentität erklärt sie nicht.","Yvaine ist nicht eine verwandelte Hexe.","Ihre Herkunft liegt nicht im Meer.","Der gesuchte Stern ist eine Person: Yvaine.","keine","https://en.wikipedia.org/wiki/Stardust_(2007_film)","redaktionell_geprueft"
"FAN-L-046","K-FAN-23-victoria-geschenk","","de","Film","Fantasy","Der Sternwanderer","Stardust","2007","","leicht","Handlung","Magie|Liebe|Identität","Märchenfilme","Tristans ursprünglicher Liebesbeweis gilt Victoria.","„Der Sternwanderer“ (2007): Für wen will Tristan den gefallenen Stern zunächst als Liebesbeweis holen?","Una","Lamia","Empusa","Victoria","D","Tristan möchte Victoria mit dem Stern gewinnen.","Charlie Cox spielt einen jungen Mann, der Anerkennung durch eine spektakuläre Leistung sucht. Sein Versprechen setzt das Abenteuer in Gang, beruht aber auf einer sehr einfachen Vorstellung von Liebe. Die Reise konfrontiert ihn mit den Folgen, wenn ein anderer Mensch nur als Belohnung oder als Mittel für einen Wunsch betrachtet wird.","Una ist seine Mutter, nicht die umworbene junge Frau.","Lamia verfolgt den Stern aus eigenen gefährlichen Gründen.","Empusa gehört zu den Hexen und ist nicht Tristans Angebetete.","Tristan möchte Victoria mit dem Stern gewinnen.","Tristans ursprünglicher Liebesbeweis gilt Victoria.","keine","https://en.wikipedia.org/wiki/Stardust_(2007_film)","redaktionell_geprueft"
"FAN-M-045","K-FAN-23-babylon-kerze","","de","Film","Fantasy","Der Sternwanderer","Stardust","2007","","mittel","Technik","Magie|Liebe|Identität","Märchenfilme","Die Babylon-Kerze verbindet Wunschort und Reise.","„Der Sternwanderer“ (2007): Wozu dient die Babylon-Kerze?","Sie löscht ihrem Benutzer jede Erinnerung an Magie.","Sie versetzt ihren Benutzer an einen gewünschten Ort.","Sie lässt ihren Benutzer die Gestalt einer anderen Person annehmen.","Sie zeigt ihrem Benutzer ausschließlich die Zukunft.","B","Die Babylon-Kerze ermöglicht eine magische Ortsveränderung.","Ein kleines, leicht verbrauchbares Hilfsmittel überbrückt im Film große Entfernungen. Das macht es wertvoll, aber nicht zu einer unbegrenzten Lösung für jedes Problem. Die Reisenden müssen weiterhin entscheiden, wohin sie wollen und wem sie vertrauen. Magischer Transport ersetzt somit weder ein klares Ziel noch die persönliche Entwicklung auf dem Weg.","Sie löscht nicht grundsätzlich die Erinnerungen an die magische Welt.","Die Babylon-Kerze ermöglicht eine magische Ortsveränderung.","Sie bewirkt keine Gestaltwandlung.","Die Kerze ist kein Gerät zur Zukunftsschau.","Die Babylon-Kerze verbindet Wunschort und Reise.","Handlung","https://en.wikipedia.org/wiki/Stardust_(2007_film)","redaktionell_geprueft"
"FAN-M-046","K-FAN-23-hexen-herz","","de","Film","Fantasy","Der Sternwanderer","Stardust","2007","","mittel","Handlung","Magie|Liebe|Identität","Märchenfilme","Die Hexen suchen Jugend im geraubten Herzen eines Sterns.","„Der Sternwanderer“ (2007): Warum jagen die Hexen Yvaine?","Ihr Schatten soll den verstorbenen König zurückholen.","Ihre Stimme soll die Krone von Stormhold verzaubern.","Ihr Haar soll eine neue Babylon-Kerze entzünden.","Ihr Herz soll ihnen Jugend und Kraft zurückgeben.","D","Die Hexen wollen das Herz des Sterns für ihre Verjüngung nutzen.","Michelle Pfeiffers Lamia verfolgt Yvaine als Mittel gegen den eigenen Verfall. Die Jagd stellt damit eine besonders grausame Form des Besitzdenkens dar. Während Tristan lernen muss, Yvaine als eigenständige Person wahrzunehmen, reduzieren die Hexen sie vollständig auf ihren Nutzen. Beide Handlungswege erhalten durch diese Gegenüberstellung eine klare Verbindung.","Die Wiederbelebung des Königs ist nicht das Ziel der Hexen.","Die Krone wird nicht mit Yvaines Stimme verzaubert.","Ihr Haar ist nicht der gesuchte Brennstoff.","Die Hexen wollen das Herz des Sterns für ihre Verjüngung nutzen.","Die Hexen suchen Jugend im geraubten Herzen eines Sterns.","Handlung","https://en.wikipedia.org/wiki/Stardust_(2007_film)","redaktionell_geprueft"
"FAN-S-045","K-FAN-23-haar-staub","","de","Film","Fantasy","Der Sternwanderer","Stardust","2007","","schwer","Handlung","Magie|Liebe|Identität","Märchenfilme","Die zerfallene Haarlocke warnt vor Yvaines Grenzübertritt.","„Der Sternwanderer“ (2007): Welche Beobachtung zeigt Tristan, dass Yvaine die Grenze zur Menschenwelt nicht überqueren darf?","Die Wache zeigt ihm eine frühere, versteinerte Sternenfrau.","Ihre mitgenommene Haarlocke wird dort zu Sternenstaub.","Die königliche Halskette zerbricht beim Überschreiten der Grenze.","Yvaines Spiegelbild verschwindet, sobald sie sich der Mauer nähert.","B","Yvaines Haarlocke zerfällt jenseits der Grenze zu Sternenstaub.","Tristan begreift die Gefahr durch ein kleines Stück der Person, die er zurückgelassen hat. Der Fund verändert seine Priorität sofort: Er muss verhindern, dass Yvaine denselben Weg nimmt. Die Mauer ist damit mehr als eine soziale Trennung zwischen zwei Orten. Ihre Grenze hat für ein Wesen aus der magischen Welt existenzielle Folgen.","Die Wache zeigt keine solche Vorgängerin.","Yvaines Haarlocke zerfällt jenseits der Grenze zu Sternenstaub.","Die Halskette ist nicht das zerfallende Beweisstück.","Die Warnung kommt durch ihre mitgenommene Haarlocke.","Die zerfallene Haarlocke warnt vor Yvaines Grenzübertritt.","Auflösung","https://en.wikipedia.org/wiki/Stardust_(2007_film)","redaktionell_geprueft"
"FAN-S-046","K-FAN-23-una-erbfolge","","de","Film","Fantasy","Der Sternwanderer","Stardust","2007","","schwer","Beziehung","Magie|Liebe|Identität","Märchenfilme","Una verbindet Tristan mit Stormholds Königshaus.","„Der Sternwanderer“ (2007): Warum kann Tristan am Ende den Thron von Stormhold beanspruchen?","Seine Mutter Una ist eine Tochter des Königs.","Septimus ernennt ihn in seinem Testament zum Nachfolger.","Der alte König hat ihn noch vor der Reise als Erben adoptiert.","Kapitän Shakespeare überträgt ihm seinen eigenen Thronanspruch.","A","Über seine Mutter Una gehört Tristan zur königlichen Familie.","Die Reise nach außen führt Tristan zugleich zu seiner eigenen Herkunft. Was zunächst als private Suche nach einem Liebesbeweis beginnt, berührt dadurch den Streit um Stormholds Nachfolge. Die Verbindung wird nicht durch einen spontanen Titelkauf oder eine Belohnung hergestellt. Ein schon bestehendes, lange verborgenes Familienverhältnis erhält am Ende politische Bedeutung.","Über seine Mutter Una gehört Tristan zur königlichen Familie.","Die Herkunft über Una ist entscheidend, kein Testament von Septimus.","Eine Adoption durch den König findet nicht statt.","Der Kapitän besitzt keinen hier übertragenen Erbanspruch.","Una verbindet Tristan mit Stormholds Königshaus.","Auflösung","https://en.wikipedia.org/wiki/Stardust_(2007_film)","redaktionell_geprueft"
"FAN-L-047","K-FAN-24-ofelia","","de","Film","Fantasy","Pans Labyrinth","El laberinto del fauno","2006","","leicht","Figur","Märchen|Widerstand|Ungehorsam","Märchenfilme","Ofelia ist das Mädchen zwischen Kriegswirklichkeit und Märchenwelt.","„Pans Labyrinth“ (2006): Wie heißt das Mädchen, das den geheimnisvollen Faun trifft?","Carmen","Mercedes","Lucía","Ofelia","D","Die junge Hauptfigur heißt Ofelia.","Ivana Baquero spielt ein Kind, das in einer gewalttätigen Umgebung nach Orientierung sucht. Ihre Begegnungen mit fantastischen Wesen laufen neben den Konflikten der Erwachsenen her. Der Film lässt Ofelia daher nicht nur zuschauen. Sie muss selbst entscheiden, welchen Aufforderungen sie folgt und wo sie gegenüber einer Autorität eine Grenze zieht.","Carmen ist Ofelias Mutter.","Mercedes arbeitet im Haushalt Vidals und hilft dem Widerstand.","Lucía ist nicht der Name der jungen Hauptfigur.","Die junge Hauptfigur heißt Ofelia.","Ofelia ist das Mädchen zwischen Kriegswirklichkeit und Märchenwelt.","keine","https://en.wikipedia.org/wiki/Pan%27s_Labyrinth","redaktionell_geprueft"
"FAN-L-048","K-FAN-24-del-toro","","de","Film","Fantasy","Pans Labyrinth","El laberinto del fauno","2006","","leicht","Regie","Märchen|Widerstand|Ungehorsam","Märchenfilme","Pans Labyrinth ist ein Film von Guillermo del Toro.","„Pans Labyrinth“ (2006): Wer führte bei diesem Film Regie?","Pedro Almodóvar","Alfonso Cuarón","Alejandro González Iñárritu","Guillermo del Toro","D","Guillermo del Toro führte Regie.","Der Film verbindet ein düsteres Märchen mit einer Geschichte über autoritäre Gewalt. Fantastische Bilder bieten dabei keine einfache Flucht vor den Entscheidungen der realen Welt. Del Toros Inszenierung stellt ähnliche Fragen in beiden Bereichen: Wem soll man gehorchen, wie erkennt man Grausamkeit, und welchen Wert besitzt der Schutz eines anderen Menschen?","Almodóvar inszenierte diesen Film nicht.","Cuarón führte unter anderem bei einem Harry-Potter-Film Regie, nicht hier.","Iñárritu ist nicht der Regisseur dieses Films.","Guillermo del Toro führte Regie.","Pans Labyrinth ist ein Film von Guillermo del Toro.","keine","https://en.wikipedia.org/wiki/Pan%27s_Labyrinth","redaktionell_geprueft"
"FAN-M-047","K-FAN-24-trauben-bleicher","","de","Film","Fantasy","Pans Labyrinth","El laberinto del fauno","2006","","mittel","Handlung","Märchen|Widerstand|Ungehorsam","Märchenfilme","Die verbotenen Trauben wecken den bleichen Mann.","„Pans Labyrinth“ (2006): Wodurch weckt Ofelia den bleichen Mann während ihrer Aufgabe?","Sie zerbricht die Sanduhr beim Betreten des Raums.","Sie setzt ihm eigenhändig die Augen in die Hände.","Sie spricht seinen Namen dreimal laut aus.","Sie isst Trauben von seinem gedeckten Tisch.","D","Ofelia missachtet das Speiseverbot und isst Trauben.","Der reich gedeckte Tisch steht in einer Umgebung, die zugleich vor tödlicher Gefahr warnt. Die Versuchung wirkt klein und alltäglich, hat aber unmittelbar schwere Folgen. Die Szene macht aus einem vertrauten Märchenmotiv ein bedrohliches Bild. Ofelia muss danach unter Zeitdruck entkommen und erlebt, dass nicht jede Grenzüberschreitung dieselbe Bedeutung hat.","Die Sanduhr wird nicht als Ursache des Erwachens zerbrochen.","Das Wesen setzt sich seine Augen selbst ein.","Ein dreimal ausgesprochener Name löst die Verfolgung nicht aus.","Ofelia missachtet das Speiseverbot und isst Trauben.","Die verbotenen Trauben wecken den bleichen Mann.","Handlung","https://en.wikipedia.org/wiki/Pan%27s_Labyrinth","redaktionell_geprueft"
"FAN-M-048","K-FAN-24-mercedes-widerstand","","de","Film","Fantasy","Pans Labyrinth","El laberinto del fauno","2006","","mittel","Beziehung","Märchen|Widerstand|Ungehorsam","Märchenfilme","Mercedes nutzt ihre Stellung im Haus für den Widerstand.","„Pans Labyrinth“ (2006): Wem hilft Mercedes heimlich mit Informationen und Vorräten?","Vidals auswärtigen militärischen Vorgesetzten","Den Händlern auf dem nahe gelegenen Markt","Den Widerstandskämpfern um ihren Bruder","Den Bewachern des Labyrinths","C","Mercedes unterstützt die Widerstandskämpfer, zu denen ihr Bruder gehört.","Ihre Arbeit im Haushalt verschafft ihr Zugang zu Informationen und Vorräten. Gleichzeitig macht diese Nähe zum Hauptmann jede Hilfe gefährlich. Maribel Verdús Figur zeigt, dass Widerstand nicht nur im offenen Kampf stattfindet. Auch unscheinbare Alltagshandlungen können eine politische Bedeutung erhalten, wenn sie unter Überwachung und gegen die Macht eines Gewalttäters geschehen.","Sie arbeitet heimlich gegen Vidal, nicht für seine Vorgesetzten.","Ein privates Handelsgeschäft erklärt ihre Hilfe nicht.","Mercedes unterstützt die Widerstandskämpfer, zu denen ihr Bruder gehört.","Eine Wachmannschaft des Labyrinths ist nicht ihr Empfänger.","Mercedes nutzt ihre Stellung im Haus für den Widerstand.","Handlung","https://en.wikipedia.org/wiki/Pan%27s_Labyrinth","redaktionell_geprueft"
"FAN-S-047","K-FAN-24-bruder-blut","","de","Film","Fantasy","Pans Labyrinth","El laberinto del fauno","2006","","schwer","Handlung","Märchen|Widerstand|Ungehorsam","Märchenfilme","Ofelia stellt den Schutz ihres Bruders über den geforderten Gehorsam.","„Pans Labyrinth“ (2006): Welche Forderung des Fauns weist Ofelia bei der letzten Aufgabe zurück?","Die Kreide an Mercedes weiterzugeben","Die Sanduhr vor Sonnenaufgang umzudrehen","Den goldenen Schlüssel in den Baum zurückzubringen","Ihrem kleinen Bruder Blut abzunehmen","D","Ofelia weigert sich, ihren Bruder für die verlangte Blutgabe verletzen zu lassen.","Die letzte Entscheidung prüft etwas anderes als Geschicklichkeit oder regelgetreue Ausführung. Ofelia schützt ein verletzliches Wesen, obwohl eine mächtige Gestalt Gehorsam verlangt. Der Film verbindet diese Weigerung mit dem wiederkehrenden Thema eigener moralischer Verantwortung. Für die Frage genügt die eindeutig gezeigte Entscheidung; die Deutung der fantastischen Welt muss dafür nicht festgelegt werden.","Die Weitergabe von Kreide ist nicht die zurückgewiesene Forderung.","Die Sanduhr ist nicht der Kern dieses letzten Konflikts.","Der Schlüssel gehört zu einer früheren Aufgabe.","Ofelia weigert sich, ihren Bruder für die verlangte Blutgabe verletzen zu lassen.","Ofelia stellt den Schutz ihres Bruders über den geforderten Gehorsam.","Auflösung","https://en.wikipedia.org/wiki/Pan%27s_Labyrinth","redaktionell_geprueft"
"FAN-S-048","K-FAN-24-mercedes-name","","de","Film","Fantasy","Pans Labyrinth","El laberinto del fauno","2006","","schwer","Handlung","Märchen|Widerstand|Ungehorsam","Märchenfilme","Mercedes verweigert Vidal die gewünschte Heldengeschichte für seinen Sohn.","„Pans Labyrinth“ (2006): Wie beantwortet Mercedes Vidals Wunsch, seinem Sohn von seinem Tod zu erzählen?","Sie erklärt, dass der Sohn nicht einmal seinen Namen erfahren werde.","Sie verpflichtet sich, den Sohn nach ihm zu benennen.","Sie sagt zu, seinen letzten Befehl schriftlich zu überliefern.","Sie verspricht, seine Taschenuhr bis zur Volljährigkeit aufzubewahren.","A","Mercedes verweigert Vidal die von ihm gewünschte Weitergabe seines Namens.","Vidal will selbst im Moment seiner Niederlage bestimmen, wie die nächste Generation sich an ihn erinnert. Mercedes durchkreuzt diesen Anspruch. Der Konflikt betrifft damit nicht nur sein unmittelbares Ende, sondern auch die Zukunft des Kindes. Die Antwort trennt dessen Leben von der Selbstdarstellung eines Vaters, der alles seiner Autorität unterordnen wollte.","Mercedes verweigert Vidal die von ihm gewünschte Weitergabe seines Namens.","Eine Benennung nach Vidal sagt sie nicht zu.","Sie will seinen letzten Befehl nicht bewahren.","Mercedes gibt kein solches Versprechen zur Uhr.","Mercedes verweigert Vidal die gewünschte Heldengeschichte für seinen Sohn.","Auflösung","https://en.wikipedia.org/wiki/Pan%27s_Labyrinth","redaktionell_geprueft"
"FAN-L-049","K-FAN-25-edward-depp","","de","Film","Fantasy","Edward mit den Scherenhänden","Edward Scissorhands","1990","","leicht","Besetzung","Außenseiter|Liebe|Vorurteile","Außenseitergeschichten","Johnny Depp spielt den verletzlichen Außenseiter Edward.","„Edward mit den Scherenhänden“ (1990): Wer spielt Edward?","Robert Downey Jr.","Keanu Reeves","Winona Ryder","Johnny Depp","D","Johnny Depp spielt Edward.","Die Figur spricht vergleichsweise zurückhaltend und vermittelt viel durch Haltung, Blick und vorsichtige Bewegungen. Ihre gefährlich wirkenden Hände stehen dabei in Spannung zu ihrem Wunsch nach Nähe. Depp macht diesen Gegensatz zu einem zentralen Merkmal seiner Darstellung. Der Film fragt so, wie leicht Menschen äußere Erscheinung mit innerer Absicht verwechseln.","Robert Downey Jr. ist nicht der Darsteller dieser Rolle.","Keanu Reeves spielt Edward nicht.","Winona Ryder spielt Kim, nicht Edward.","Johnny Depp spielt Edward.","Johnny Depp spielt den verletzlichen Außenseiter Edward.","keine","https://www.20thcenturystudios.com/movies/edward-scissorhands|https://en.wikipedia.org/wiki/Edward_Scissorhands","redaktionell_geprueft"
"FAN-L-050","K-FAN-25-peg-aufnahme","","de","Film","Fantasy","Edward mit den Scherenhänden","Edward Scissorhands","1990","","leicht","Figur","Außenseiter|Liebe|Vorurteile","Außenseitergeschichten","Peg öffnet Edward die Tür zur Vorstadtgemeinschaft.","„Edward mit den Scherenhänden“ (1990): Wer findet Edward im abgelegenen Haus und nimmt ihn bei sich auf?","Joyce Monroe","Kim Boggs","Esmeralda","Peg Boggs","D","Peg Boggs entdeckt Edward und bringt ihn zu ihrer Familie.","Dianne Wiests Peg begegnet der ungewöhnlichen Gestalt zunächst mit praktischer Fürsorge. Sie sieht jemanden, der Hilfe braucht, und schafft die Verbindung zwischen dem abgeschiedenen Haus und der Vorstadt. Ihre Entscheidung setzt den gesellschaftlichen Teil der Geschichte in Gang. Edward muss nun mit Regeln und Erwartungen umgehen, die ihm bisher fremd waren.","Joyce ist eine Nachbarin, die Edward später begegnet.","Kim lernt Edward durch die Aufnahme in ihre Familie kennen.","Esmeralda tritt ihm mit Ablehnung entgegen.","Peg Boggs entdeckt Edward und bringt ihn zu ihrer Familie.","Peg öffnet Edward die Tür zur Vorstadtgemeinschaft.","keine","https://www.20thcenturystudios.com/movies/edward-scissorhands|https://en.wikipedia.org/wiki/Edward_Scissorhands","redaktionell_geprueft"
"FAN-M-049","K-FAN-25-erfinder-tod","","de","Film","Fantasy","Edward mit den Scherenhänden","Edward Scissorhands","1990","","mittel","Handlung","Außenseiter|Liebe|Vorurteile","Außenseitergeschichten","Edwards Scheren bleiben, weil seine Erschaffung unvollendet bleibt.","„Edward mit den Scherenhänden“ (1990): Warum hat Edward keine gewöhnlichen Hände?","Er tauscht seine Hände freiwillig gegen ein längeres Leben.","Peg ersetzt seine Hände nach einem Unfall durch Scheren.","Jim sabotiert eine abgeschlossene Operation an seinen Händen.","Sein Erfinder stirbt, bevor er ihn fertigstellen kann.","D","Der Erfinder stirbt, bevor Edward die vorgesehenen Hände erhalten kann.","Die Scheren sind kein bewusst gewähltes Werkzeug für ein bestimmtes Leben, sondern das sichtbare Zeichen einer unvollendeten Schöpfung. Damit erklärt der Film sowohl praktische Schwierigkeiten als auch Edwards Isolation. Vincent Price spielt den Erfinder, dessen Verlust die Figur ohne vertraute Anleitung zurücklässt. Edward muss mit einer Ausstattung leben, die andere leicht missverstehen.","Edward schließt keinen solchen Tauschhandel.","Peg hat seine Hände nicht verändert.","Jim verursacht nicht den Tod des Erfinders oder die fehlende Fertigstellung.","Der Erfinder stirbt, bevor Edward die vorgesehenen Hände erhalten kann.","Edwards Scheren bleiben, weil seine Erschaffung unvollendet bleibt.","Handlung","https://www.20thcenturystudios.com/movies/edward-scissorhands|https://en.wikipedia.org/wiki/Edward_Scissorhands","redaktionell_geprueft"
"FAN-M-050","K-FAN-25-heckenkunst","","de","Film","Fantasy","Edward mit den Scherenhänden","Edward Scissorhands","1990","","mittel","Handlung","Außenseiter|Liebe|Vorurteile","Außenseitergeschichten","Edwards Scheren verwandeln Hecken in Kunstwerke.","„Edward mit den Scherenhänden“ (1990): Mit welcher Arbeit begeistert Edward die Nachbarschaft zunächst besonders?","Er schneidet kunstvolle Figuren aus Hecken.","Er näht maßgefertigte Abendkleider.","Er entwirft selbstfahrende Rasenmäher.","Er repariert alle beschädigten Fernseher.","A","Edward gestaltet Hecken zu aufwendigen Figuren.","Was im Alltag als Hindernis erscheint, ermöglicht zugleich außergewöhnliche Kunstfertigkeit. Die Nachbarn schätzen Edward zunächst besonders dort, wo seine Andersartigkeit einen sichtbaren Nutzen bringt. Der Film legt damit eine Spannung in der Anerkennung an. Bewunderung für eine Leistung ist noch nicht dasselbe wie das Verständnis für die Bedürfnisse der Person dahinter.","Edward gestaltet Hecken zu aufwendigen Figuren.","Er wird nicht zunächst als Schneider von Abendkleidern gefeiert.","Er entwickelt keine selbstfahrenden Gartengeräte.","Fernsehreparaturen begründen seine erste Bekanntheit nicht.","Edwards Scheren verwandeln Hecken in Kunstwerke.","Handlung","https://www.20thcenturystudios.com/movies/edward-scissorhands|https://en.wikipedia.org/wiki/Edward_Scissorhands","redaktionell_geprueft"
"FAN-S-049","K-FAN-25-kim-todesbehauptung","","de","Film","Fantasy","Edward mit den Scherenhänden","Edward Scissorhands","1990","","schwer","Handlung","Außenseiter|Liebe|Vorurteile","Außenseitergeschichten","Kims Behauptung von Edwards Tod schützt seinen Rückzug.","„Edward mit den Scherenhänden“ (1990): Wie schützt Kim Edward nach Jims Tod vor der herannahenden Menge?","Sie erklärt, Edward sei ihr rechtmäßiger Ehemann.","Sie gibt sich als Ermittlerin der Polizei aus.","Sie behauptet, Jim habe die Stadt lebend verlassen.","Sie behauptet, Edward sei ebenfalls tot.","D","Kim erzählt den Nachbarn, dass auch Edward gestorben sei.","Die Behauptung ermöglicht Edward, im abgelegenen Haus zurückzubleiben, ohne erneut vor die Menge treten zu müssen. Kim entscheidet sich damit für seinen Schutz, auch wenn dies eine gemeinsame Zukunft verhindert. Winona Ryders Figur handelt nun anders als die neugierige Öffentlichkeit: Sie bewahrt ein Wissen, statt es zur öffentlichen Sensation zu machen.","Eine behauptete Ehe löst die Situation nicht.","Kim täuscht keine Polizeifunktion vor.","Sie stellt Jims Tod nicht als bloße Abreise dar.","Kim erzählt den Nachbarn, dass auch Edward gestorben sei.","Kims Behauptung von Edwards Tod schützt seinen Rückzug.","Auflösung","https://www.20thcenturystudios.com/movies/edward-scissorhands|https://en.wikipedia.org/wiki/Edward_Scissorhands","redaktionell_geprueft"
"FAN-S-050","K-FAN-25-eisskulpturen-schnee","","de","Film","Fantasy","Edward mit den Scherenhänden","Edward Scissorhands","1990","","schwer","Handlung","Außenseiter|Liebe|Vorurteile","Außenseitergeschichten","Edwards Eiskunst lässt Kims Erinnerung als Schnee weiterleben.","„Edward mit den Scherenhänden“ (1990): Welche Erklärung gibt die Rahmenhandlung für den Schnee in der Vorstadt?","Er fällt, seit Jim im Haus des Erfinders gestorben ist, ohne weitere Ursache.","Er entsteht aus den Spänen von Edwards Eisskulpturen.","Er stammt aus einer Maschine, die Peg im Garten betreibt.","Er wird von Kim jedes Jahr aus Papier geschnitten.","B","Die beim Bearbeiten von Eis entstehenden Späne wehen als Schnee herab.","Die ältere Kim erzählt eine Geschichte, deren Spuren weiterhin in ihrer Umgebung sichtbar sind. Schnee verbindet die Erinnerung an einen gemeinsamen Moment mit Edwards fortdauerndem Schaffen. Der Schluss verwandelt seine Einsamkeit damit in ein poetisches Bild. Die Vorstadt erhält etwas Schönes von der Person, die sie zuvor ausgeschlossen hat.","Der Film verbindet den Schnee ausdrücklich mit Edwards Arbeit.","Die beim Bearbeiten von Eis entstehenden Späne wehen als Schnee herab.","Peg betreibt keine solche Schneemaschine.","Kim stellt den Schnee nicht aus Papier her.","Edwards Eiskunst lässt Kims Erinnerung als Schnee weiterleben.","Auflösung","https://www.20thcenturystudios.com/movies/edward-scissorhands|https://en.wikipedia.org/wiki/Edward_Scissorhands","redaktionell_geprueft"
"FAN-L-001-V1","K-FAN-01-frodo-wood","FAN-L-001","de","Film","Fantasy","Der Herr der Ringe: Die Gefährten","The Lord of the Rings: The Fellowship of the Ring","2001","Der Herr der Ringe","leicht","Besetzung","Mittelerde|Freundschaft|Macht","Der Herr der Ringe|Mittelerde","Elijah Wood ist Frodo; Martin Freeman ist der junge Bilbo.","„Der Herr der Ringe: Die Gefährten“ (2001): Welche Figur verkörpert Elijah Wood?","Meriadoc Brandybock","Samweis Gamdschie","Frodo Beutlin","Peregrin Tuk","C","Elijah Wood verkörpert Frodo, den späteren Ringträger.","Frodo lebt zunächst im Auenland und übernimmt Bilbos Ring, ohne dessen ganze Bedeutung zu kennen. Elijah Wood verkörpert einen Helden, dessen Stärke nicht in körperlicher Überlegenheit liegt. Die Reise verlangt Vertrauen in andere und die Bereitschaft, eine Aufgabe anzunehmen, deren Folgen weit über sein gewohntes Leben hinausreichen.","Merry wird von Dominic Monaghan gespielt.","Sam wird von Sean Astin gespielt.","Elijah Wood verkörpert Frodo, den späteren Ringträger.","Pippin wird von Billy Boyd gespielt.","Elijah Wood ist Frodo; Martin Freeman ist der junge Bilbo.","keine","https://en.wikipedia.org/wiki/The_Lord_of_the_Rings:_The_Fellowship_of_the_Ring|https://www.filmsite.org/series-lordoftherings.html","redaktionell_geprueft"
"FAN-L-002-V1","K-FAN-01-schicksalsberg","FAN-L-002","de","Film","Fantasy","Der Herr der Ringe: Die Gefährten","The Lord of the Rings: The Fellowship of the Ring","2001","Der Herr der Ringe","leicht","Handlung","Mittelerde|Freundschaft|Macht","Der Herr der Ringe|Mittelerde","Der Ring kann nur im Feuer seiner Entstehung zerstört werden.","„Der Herr der Ringe: Die Gefährten“ (2001): Welcher Plan kann den Einen Ring endgültig unschädlich machen?","Ihn in das Feuer des Schicksalsbergs zurückbringen","Ihn mit einer gewöhnlichen Axt in Stücke schlagen","Ihn unter dem tiefsten See Mittelerdes versenken","Ihn dauerhaft in Bruchtals Schatzkammer einschließen","A","Nur das Feuer des Schicksalsbergs kann den Ring vernichten.","Der Rat in Bruchtal kann den Ring nicht einfach als gewöhnliches Schmuckstück zerstören. Seine Herkunft bestimmt den gefährlichen Zielort der Reise. Damit führt der notwendige Weg direkt in Saurons Machtbereich. Die Aufgabe besteht also nicht nur darin, den Ring gut zu bewachen, sondern ihn bewusst an den bedrohlichsten Ort zu bringen.","Nur das Feuer des Schicksalsbergs kann den Ring vernichten.","Gimlis Axtversuch zeigt gerade die Unzulänglichkeit gewöhnlicher Gewalt.","Versenken vernichtet den Ring nicht.","Verstecken würde die Macht des Rings nicht endgültig beenden.","Der Ring kann nur im Feuer seiner Entstehung zerstört werden.","Handlung","https://en.wikipedia.org/wiki/The_Lord_of_the_Rings:_The_Fellowship_of_the_Ring|https://www.filmsite.org/series-lordoftherings.html","redaktionell_geprueft"
"FAN-M-001-V1","K-FAN-01-streicher-aragorn","FAN-M-001","de","Film","Fantasy","Der Herr der Ringe: Die Gefährten","The Lord of the Rings: The Fellowship of the Ring","2001","Der Herr der Ringe","mittel","Figur","Mittelerde|Freundschaft|Macht","Der Herr der Ringe|Mittelerde","Streicher ist der Beiname Aragorns.","„Der Herr der Ringe: Die Gefährten“ (2001): Unter welchem Namen begegnet Aragorn den Hobbits zunächst in Bree?","Streicher","Faramir","Haldir","Thorin","A","Aragorn wird in Bree Streicher genannt.","Die Hobbits begegnen ihm zunächst als undurchsichtiger Gestalt im Gasthaus von Bree. Sein Wissen über die Verfolger und seine Hilfe verändern dieses erste Bild. Später wird seine Verbindung zum Königshaus von Gondor wichtig. Die Einführung über einen Beinamen lässt die Hobbits und das Publikum seine Bedeutung schrittweise entdecken.","Aragorn wird in Bree Streicher genannt.","Faramir ist Boromirs Bruder, keine Deckidentität Aragorns.","Haldir ist ein Elb, nicht Aragorns Name in Bree.","Thorin ist ein Zwergenfürst aus der Hobbit-Geschichte.","Streicher ist der Beiname Aragorns.","Handlung","https://en.wikipedia.org/wiki/The_Lord_of_the_Rings:_The_Fellowship_of_the_Ring|https://www.filmsite.org/series-lordoftherings.html","redaktionell_geprueft"
"FAN-M-002-V1","K-FAN-01-boromir-waffe","FAN-M-002","de","Film","Fantasy","Der Herr der Ringe: Die Gefährten","The Lord of the Rings: The Fellowship of the Ring","2001","Der Herr der Ringe","mittel","Motiv","Mittelerde|Freundschaft|Macht","Der Herr der Ringe|Mittelerde","Boromir möchte Gondor retten und unterschätzt dabei die Macht des Rings.","„Der Herr der Ringe: Die Gefährten“ (2001): Welche Haltung zum Ring bringt Boromir zunächst in Konflikt mit dem Vernichtungsplan?","Er glaubt, er müsse ihn als Schmuck nach Rohan verkaufen.","Er hält ihn für eine Fälschung ohne jede Macht.","Er möchte ihn Sauron als Friedensgeschenk zurückgeben.","Er betrachtet ihn als mögliche Waffe zum Schutz Gondors.","D","Boromir sieht im Ring zunächst ein Mittel, Gondor zu verteidigen.","Boromir kommt aus einem Land, das Saurons Bedrohung unmittelbar ausgesetzt ist. Sein Wunsch entsteht daher nicht nur aus persönlicher Gier. Gerade eine nachvollziehbare Absicht macht die Versuchung gefährlich: Er glaubt, das Werkzeug des Feindes für einen guten Zweck beherrschen zu können. Die anderen warnen davor, dass der Ring seinen Träger beeinflusst.","Ein Schmuckhandel ist nicht sein Motiv.","Er bestreitet die Macht des Rings nicht.","Er will Gondor stärken, nicht Sauron beschenken.","Boromir sieht im Ring zunächst ein Mittel, Gondor zu verteidigen.","Boromir möchte Gondor retten und unterschätzt dabei die Macht des Rings.","Handlung","https://en.wikipedia.org/wiki/The_Lord_of_the_Rings:_The_Fellowship_of_the_Ring|https://www.filmsite.org/series-lordoftherings.html","redaktionell_geprueft"
"FAN-S-001-V1","K-FAN-01-mithril-schutz","FAN-S-001","de","Film","Fantasy","Der Herr der Ringe: Die Gefährten","The Lord of the Rings: The Fellowship of the Ring","2001","Der Herr der Ringe","schwer","Technik","Mittelerde|Freundschaft|Macht","Der Herr der Ringe|Mittelerde","Bilbos Mithrilhemd rettet Frodo in Moria.","„Der Herr der Ringe: Die Gefährten“ (2001): Welches Geschenk Bilbos erweist sich im Kampf gegen den Höhlentroll als lebensrettend?","Das Mithrilhemd","Das Reisebuch","Die Landkarte","Der Wanderstab","A","Das unter Frodos Kleidung getragene Mithrilhemd fängt den Stoß ab.","Die Gefährten halten den Angriff zunächst für tödlich. Erst danach wird der unter Frodos Kleidung verborgene Schutz sichtbar. Das Geschenk aus Bruchtal erhält dadurch eine konkrete Funktion in der Reise. Bilbos Fürsorge wirkt über die Trennung der beiden hinaus, obwohl er selbst nicht mehr mit den Gefährten unterwegs ist.","Das unter Frodos Kleidung getragene Mithrilhemd fängt den Stoß ab.","Ein Reisebuch rettet Frodo in dieser Szene nicht.","Eine Karte bietet keinen Schutz gegen den Stoß.","Ein Wanderstab ist nicht der verborgene Schutz.","Bilbos Mithrilhemd rettet Frodo in Moria.","Handlung","https://www.theonering.com/complete-list-of-film-changes/the-fellowship-of-the-ring/|https://en.wikipedia.org/wiki/The_Lord_of_the_Rings:_The_Fellowship_of_the_Ring|https://www.filmsite.org/series-lordoftherings.html","redaktionell_geprueft"
"FAN-S-002-V1","K-FAN-01-arwen-furt","FAN-S-002","de","Film","Fantasy","Der Herr der Ringe: Die Gefährten","The Lord of the Rings: The Fellowship of the Ring","2001","Der Herr der Ringe","schwer","Handlung","Mittelerde|Freundschaft|Macht","Der Herr der Ringe|Mittelerde","In der Verfilmung bringt Arwen Frodo zur rettenden Furt.","„Der Herr der Ringe: Die Gefährten“ (2001): Welche Aufgabe übernimmt Arwen bei Frodos Flucht vor den Ringgeistern?","Sie reitet mit dem verwundeten Frodo über die Furt.","Sie hält in Bree die Pferde der Ringgeister fest.","Sie führt die Hobbits durch Morias unterirdische Hallen.","Sie trägt den Ring allein von Bruchtal nach Mordor.","A","Arwen bringt Frodo im Film zu Pferd über die Furt vor Bruchtal.","Nach dem Angriff der Ringgeister kann Frodo nicht mehr aus eigener Kraft entkommen. Arwen trennt sich mit ihm von der Gruppe und riskiert die Verfolgung bis zur Furt. Diese Aufgabenverteilung gehört zur Verfilmung. Sie sollte nicht automatisch aus der Romanvorlage abgeleitet werden, in der die Begegnungen auf dem Weg nach Bruchtal anders gestaltet sind.","Arwen bringt Frodo im Film zu Pferd über die Furt vor Bruchtal.","Ein Eingriff an den Pferden in Bree ist nicht ihre Aufgabe.","Die Führung durch Moria liegt nicht bei Arwen.","Sie übernimmt nicht Frodos Reise als Ringträgerin.","In der Verfilmung bringt Arwen Frodo zur rettenden Furt.","Handlung","https://www.theonering.com/complete-list-of-film-changes/the-fellowship-of-the-ring/|https://en.wikipedia.org/wiki/The_Lord_of_the_Rings:_The_Fellowship_of_the_Ring|https://www.filmsite.org/series-lordoftherings.html","redaktionell_geprueft"
"FAN-L-013-V1","K-FAN-07-hogwarts","FAN-L-013","de","Film","Fantasy","Harry Potter und der Stein der Weisen","Harry Potter and the Philosopher's Stone","2001","Harry Potter","leicht","Schauplatz","Magie|Zauberschule|Freundschaft","Harry Potter|Zauberwelt","Harrys neue Schule und sein wichtiger Zugehörigkeitsort heißen Hogwarts.","„Harry Potter und der Stein der Weisen“ (2001): Welche Einrichtung ist Hogwarts in Harrys neu entdeckter Welt?","Die zentrale Bank der Zauberer","Das Gefängnis für verurteilte Zauberer","Der Regierungssitz des Zaubereiministeriums","Eine Schule für Hexerei und Zauberei","D","Hogwarts ist Harrys Schule für magische Fächer.","Die Einladung eröffnet Harry eine Welt, von der seine Pflegefamilie ihn fernhalten wollte. Hogwarts bedeutet deshalb zugleich Unterricht und die Entdeckung einer eigenen Herkunft. Dort begegnet er Ron und Hermine und erlebt neue Formen von Zugehörigkeit. Die Schule bleibt allerdings kein ausschließlich sicherer Ort, weil sich die Vergangenheit auch innerhalb ihrer Mauern bemerkbar macht.","Die bekannte Zaubererbank heißt Gringotts.","Das Gefängnis ist Askaban.","Hogwarts ist kein Ministeriumsgebäude.","Hogwarts ist Harrys Schule für magische Fächer.","Harrys neue Schule und sein wichtiger Zugehörigkeitsort heißen Hogwarts.","keine","https://en.wikipedia.org/wiki/Harry_Potter_and_the_Philosopher%27s_Stone_(film)","redaktionell_geprueft"
"FAN-L-014-V1","K-FAN-07-hedwig","FAN-L-014","de","Film","Fantasy","Harry Potter und der Stein der Weisen","Harry Potter and the Philosopher's Stone","2001","Harry Potter","leicht","Figur","Magie|Zauberschule|Freundschaft","Harry Potter|Zauberwelt","Hagrid schenkt Harry Hedwig, seine Eule.","„Harry Potter und der Stein der Weisen“ (2001): Von wem erhält Harry seine Eule als Geburtstagsgeschenk?","Hagrid","Professor McGonagall","Onkel Vernon","Draco Malfoy","A","Hagrid schenkt Harry die Eule, die Hedwig heißt.","Das Geschenk begleitet Harry beim Eintritt in die magische Welt. Eulen sind dort nicht nur Haustiere, sondern übernehmen auch den Transport von Nachrichten. Hedwig verbindet dadurch persönliche Zuneigung mit einem praktischen Teil des neuen Alltags. Hagrids Geste zeigt Harry außerdem früh, dass ein Erwachsener seine Wünsche wahrnimmt und ihm freundlich begegnet.","Hagrid schenkt Harry die Eule, die Hedwig heißt.","McGonagall ist nicht die Schenkerin der Eule.","Vernon möchte Harry von der Zauberwelt fernhalten und schenkt ihm Hedwig nicht.","Draco überreicht dieses Geschenk nicht.","Hagrid schenkt Harry Hedwig, seine Eule.","Handlung","https://en.wikipedia.org/wiki/Harry_Potter_and_the_Philosopher%27s_Stone_(film)","redaktionell_geprueft"
"FAN-M-013-V1","K-FAN-07-spiegel-nerhegeb","FAN-M-013","de","Film","Fantasy","Harry Potter und der Stein der Weisen","Harry Potter and the Philosopher's Stone","2001","Harry Potter","mittel","Schauplatz","Magie|Zauberschule|Freundschaft","Harry Potter|Zauberwelt","Nerhegeb zeigt Sehnsucht, keine sichere Vorhersage.","„Harry Potter und der Stein der Weisen“ (2001): Warum sieht Harry im Spiegel Nerhegeb seine Eltern bei sich?","Das Bild kündigt ihre körperliche Rückkehr am nächsten Tag an.","Das Bild entspricht seinem tiefsten Wunsch.","Der Spiegel öffnet ein Tor zu tatsächlich lebenden Angehörigen.","Der Spiegel zeigt jedem dieselbe Familie.","B","Der Spiegel zeigt Harry die ersehnte Nähe zu seinen Eltern.","Harry sieht seine Eltern, weil ihm die Familie fehlt, die er nie kennenlernen konnte. Ron sieht etwas anderes, das seinen eigenen Sehnsüchten entspricht. Der Unterschied macht die Regel des Spiegels verständlich. Dumbledore warnt davor, sich in diesen Bildern zu verlieren, weil ein erfüllter Wunsch im Spiegel das wirkliche Leben nicht ersetzt.","Das Bild ist keine verlässliche Zukunftsvorhersage.","Der Spiegel zeigt Harry die ersehnte Nähe zu seinen Eltern.","Er bietet keinen tatsächlichen Durchgang zu ihnen.","Andere Menschen sehen ihre eigenen Wünsche.","Nerhegeb zeigt Sehnsucht, keine sichere Vorhersage.","Handlung","https://www.harrypotter.com/fact-file/objects/the-mirror-of-erised|https://en.wikipedia.org/wiki/Harry_Potter_and_the_Philosopher%27s_Stone_(film)","redaktionell_geprueft"
"FAN-M-014-V1","K-FAN-07-ron-schach","FAN-M-014","de","Film","Fantasy","Harry Potter und der Stein der Weisen","Harry Potter and the Philosopher's Stone","2001","Harry Potter","mittel","Handlung","Magie|Zauberschule|Freundschaft","Harry Potter|Zauberwelt","Rons Schachwissen ermöglicht den nächsten Schritt zum Stein.","„Harry Potter und der Stein der Weisen“ (2001): Welche Stärke macht Ron beim Weg zum Stein der Weisen besonders wichtig?","Seine Fähigkeit, mit Schlangen zu sprechen","Sein Wissen über die Zucht von Drachen","Sein taktisches Verständnis für Schach","Seine Erfahrung im Brauen von Vielsafttrank","C","Ron erkennt die nötigen Züge des verzauberten Schachspiels.","Auf dem Weg zum Stein sind unterschiedliche Fähigkeiten nötig. Rons Erfahrung mit Schach gibt ihm einen Vorteil, den Harrys Flugtalent oder Hermines Wissen nicht ersetzen. Er muss die Stellung als Ganzes betrachten und eine riskante Entscheidung treffen. Die Szene zeigt, dass die Freundschaft gerade durch verschiedene Stärken und gegenseitiges Vertrauen wirksam wird.","Die Schlangensprache ist hier nicht Rons besondere Stärke.","Drachenzucht löst diese Schutzaufgabe nicht.","Ron erkennt die nötigen Züge des verzauberten Schachspiels.","Vielsafttrank wird für das Schachspiel nicht gebraucht.","Rons Schachwissen ermöglicht den nächsten Schritt zum Stein.","Handlung","https://en.wikipedia.org/wiki/Harry_Potter_and_the_Philosopher%27s_Stone_(film)","redaktionell_geprueft"
"FAN-S-013-V1","K-FAN-07-quirrell-voldemort","FAN-S-013","de","Film","Fantasy","Harry Potter und der Stein der Weisen","Harry Potter and the Philosopher's Stone","2001","Harry Potter","schwer","Figur","Magie|Zauberschule|Freundschaft","Harry Potter|Zauberwelt","Der scheinbar harmlose Quirrell ist Voldemorts Wirt.","„Harry Potter und der Stein der Weisen“ (2001): Was wird sichtbar, als Quirrell am Ende seinen Turban abnimmt?","Der in seine Haare eingewachsene Stein der Weisen","Voldemorts Gesicht an seinem Hinterkopf","Ein verborgenes Auge von Mad-Eye Moody","Eine zweite Stirnnarbe in Blitzform","B","Quirrell trägt Voldemort an der Rückseite seines Kopfes.","Die Freunde richten ihr Misstrauen lange auf Snape. Das verunsicherte Auftreten Quirrells hilft dagegen, seine Rolle zu verdecken. Die Enthüllung zeigt, dass eine unangenehme Erscheinung nicht mit tatsächlicher Schuld gleichgesetzt werden darf. Harry muss im letzten Raum erkennen, dass seine bisherigen Deutungen der Vorfälle nicht vollständig zur wirklichen Bedrohung passen.","Der Stein wächst nicht aus Quirrells Kopf.","Quirrell trägt Voldemort an der Rückseite seines Kopfes.","Moodys magisches Auge gehört nicht zu dieser Enthüllung.","Die Enthüllung betrifft Voldemorts Gesicht, keine zweite Harry-Narbe.","Der scheinbar harmlose Quirrell ist Voldemorts Wirt.","Auflösung","https://en.wikipedia.org/wiki/Harry_Potter_and_the_Philosopher%27s_Stone_(film)","redaktionell_geprueft"
"FAN-S-014-V1","K-FAN-07-stein-spiegel","FAN-S-014","de","Film","Fantasy","Harry Potter und der Stein der Weisen","Harry Potter and the Philosopher's Stone","2001","Harry Potter","schwer","Handlung","Magie|Zauberschule|Freundschaft","Harry Potter|Zauberwelt","Harry bekommt den Stein, weil er ihn retten statt benutzen will.","„Harry Potter und der Stein der Weisen“ (2001): Welche Absicht erfüllt die Bedingung des Spiegels für die Herausgabe des Steins?","Den Stein finden wollen, um Gold herzustellen","Den Stein finden wollen, um damit unsterblich zu werden","Den Stein finden wollen, ohne ihn selbst nutzen zu wollen","Den Stein finden wollen, um ihn Voldemort zu überlassen","C","Harrys Wunsch, den Stein nur zu finden, erfüllt Dumbledores Bedingung.","Die letzte Sicherung prüft keine sportliche oder schulische Leistung. Entscheidend ist die Absicht gegenüber dem Gegenstand. Harry möchte verhindern, dass der Stein missbraucht wird, und erfüllt damit eine Bedingung, an der Voldemorts Pläne scheitern. Der Film macht so aus dem Wunsch selbst eine Grenze zwischen Schutz und Aneignung.","Goldherstellung ist ebenfalls eine Nutzung des Steins.","Der Wunsch nach eigener Unsterblichkeit wäre gerade Eigennutzung.","Harrys Wunsch, den Stein nur zu finden, erfüllt Dumbledores Bedingung.","Harry sucht den Stein nicht als Geschenk für Voldemort.","Harry bekommt den Stein, weil er ihn retten statt benutzen will.","Auflösung","https://en.wikipedia.org/wiki/Harry_Potter_and_the_Philosopher%27s_Stone_(film)","redaktionell_geprueft"
"FAN-L-029-V1","K-FAN-15-kleiderschrank","FAN-L-029","de","Film","Fantasy","Die Chroniken von Narnia: Der König von Narnia","The Chronicles of Narnia: The Lion, the Witch and the Wardrobe","2005","Die Chroniken von Narnia","leicht","Schauplatz","Parallelwelt|Opfer|Familie","Die Chroniken von Narnia|Narnia","Der Kleiderschrank führt Lucy in die Winterwelt Narnia.","„Die Chroniken von Narnia: Der König von Narnia“ (2005): Welche Entdeckung macht Lucy, als sie sich im Möbelstück versteckt?","Hinter den Mänteln steht das Zimmer ihrer Mutter.","Hinter den Mänteln beginnt eine Treppe zum Bahnhof.","Hinter den Mänteln beginnt eine verschneite fremde Welt.","Hinter den Mänteln liegt der Keller des Professors.","C","Der Kleiderschrank öffnet Lucy den Weg in Narnias Winterlandschaft.","Ein alltägliches Möbelstück wird zur Grenze zwischen vertrauter Umgebung und fremder Welt. Lucy entdeckt den Zugang beim Spielen, nicht durch eine geplante Expedition. Für die Geschwister beginnt das Abenteuer deshalb mit einer Frage des Vertrauens: Können die anderen glauben, was zunächst nur eines der Kinder erlebt hat?","Der Schrank führt nicht zum Zimmer ihrer Mutter.","Eine Bahnhofstreppe ist nicht der Übergang dieses Films.","Der Kleiderschrank öffnet Lucy den Weg in Narnias Winterlandschaft.","Sie findet nicht bloß einen weiteren Raum des Hauses.","Der Kleiderschrank führt Lucy in die Winterwelt Narnia.","keine","https://movies.disney.com/the-chronicles-of-narnia-the-lion-the-witch-and-the-wardrobe|https://en.wikipedia.org/wiki/The_Chronicles_of_Narnia:_The_Lion%2C_the_Witch_and_the_Wardrobe","redaktionell_geprueft"
"FAN-L-030-V1","K-FAN-15-aslan-loewe","FAN-L-030","de","Film","Fantasy","Die Chroniken von Narnia: Der König von Narnia","The Chronicles of Narnia: The Lion, the Witch and the Wardrobe","2005","Die Chroniken von Narnia","leicht","Figur","Parallelwelt|Opfer|Familie","Die Chroniken von Narnia|Narnia","Aslan ist Narnias großer Löwe.","„Die Chroniken von Narnia: Der König von Narnia“ (2005): Welche Figur ist der sprechende Löwe, auf dessen Rückkehr viele Narniaken hoffen?","Tumnus","Ginarrbrik","Aslan","Maugrim","C","Der Löwe heißt Aslan.","Aslans Auftreten verbindet körperliche Stärke mit einer besonderen Autorität. Die Kinder begegnen ihm nicht als gewöhnlichem Tier, sondern als Hoffnungsträger in einem unterdrückten Land. Seine Gestalt macht ihn sofort wiedererkennbar. Für die Handlung ist jedoch entscheidend, wie er diese Stärke gegenüber anderen einsetzt und welche Verantwortung er übernimmt.","Tumnus ist ein Faun.","Ginarrbrik ist der kleine Diener der Hexe.","Der Löwe heißt Aslan.","Maugrim ist der Wolf im Dienst der Hexe.","Aslan ist Narnias großer Löwe.","keine","https://movies.disney.com/the-chronicles-of-narnia-the-lion-the-witch-and-the-wardrobe|https://en.wikipedia.org/wiki/The_Chronicles_of_Narnia:_The_Lion%2C_the_Witch_and_the_Wardrobe","redaktionell_geprueft"
"FAN-M-029-V1","K-FAN-15-edmund-verlockung","FAN-M-029","de","Film","Fantasy","Die Chroniken von Narnia: Der König von Narnia","The Chronicles of Narnia: The Lion, the Witch and the Wardrobe","2005","Die Chroniken von Narnia","mittel","Handlung","Parallelwelt|Opfer|Familie","Die Chroniken von Narnia|Narnia","Die Hexe ködert Edmund mit Genuss und dem Wunsch nach Bedeutung.","„Die Chroniken von Narnia: Der König von Narnia“ (2005): Welches Bedürfnis nutzt die Hexe, als sie Edmund Süßigkeiten und königliche Macht verspricht?","Seinen Wunsch nach Genuss und besonderer Anerkennung","Seinen Wunsch, die Familie schnell wieder nach London zu bringen","Seinen Wunsch, Tumnus vor der Gefangenschaft zu retten","Seinen Wunsch, sich als mutiger Gegner Aslans zu beweisen","A","Ihr Angebot spricht Genuss und Edmunds Wunsch nach einer herausgehobenen Stellung an.","Edmund fühlt sich gegenüber seinen Geschwistern häufig zurückgesetzt. Die Hexe nutzt dieses Bedürfnis nach Anerkennung und verbindet es mit einer unmittelbar verführerischen Belohnung. Tilda Swintons Figur gewinnt so Informationen, ohne zuerst Gewalt einsetzen zu müssen. Die Begegnung zeigt, wie persönliche Kränkungen einen Menschen für Manipulation empfänglich machen können.","Ihr Angebot spricht Genuss und Edmunds Wunsch nach einer herausgehobenen Stellung an.","Die Hexe bietet keine Rückkehr der Familie nach London an.","Tumnus' Rettung ist nicht sein Motiv bei dieser ersten Begegnung.","Edmunds Anerkennungsbedürfnis ist der Ansatz; er plant keinen selbst gewählten Kampf gegen Aslan.","Die Hexe ködert Edmund mit Genuss und dem Wunsch nach Bedeutung.","Handlung","https://movies.disney.com/the-chronicles-of-narnia-the-lion-the-witch-and-the-wardrobe|https://en.wikipedia.org/wiki/The_Chronicles_of_Narnia:_The_Lion%2C_the_Witch_and_the_Wardrobe","redaktionell_geprueft"
"FAN-M-030-V1","K-FAN-15-tumnus-faun","FAN-M-030","de","Film","Fantasy","Die Chroniken von Narnia: Der König von Narnia","The Chronicles of Narnia: The Lion, the Witch and the Wardrobe","2005","Die Chroniken von Narnia","mittel","Figur","Parallelwelt|Opfer|Familie","Die Chroniken von Narnia|Narnia","Tumnus ist der Faun, dem Lucy zuerst begegnet.","„Die Chroniken von Narnia: Der König von Narnia“ (2005): Welche Figur erkennt Lucy an menschlichem Oberkörper und Ziegenbeinen?","Aslan","Ginarrbrik","Herrn Tumnus","Maugrim","C","Diese Merkmale kennzeichnen den Faun Tumnus.","James McAvoy spielt Lucys ersten Gesprächspartner in Narnia. Die ungewöhnliche Gestalt macht die fremde Welt anschaulich, während seine Wohnung und Gastfreundschaft zunächst vertraut wirken. Gerade diese Mischung ist wichtig: Lucy begegnet keinem abstrakten Fabelwesen, sondern jemandem, der zwischen Angst vor der Herrscherin und seinem Gewissen entscheiden muss.","Aslan erscheint als Löwe.","Ginarrbrik besitzt nicht die Gestalt eines Fauns.","Diese Merkmale kennzeichnen den Faun Tumnus.","Maugrim ist ein Wolf.","Tumnus ist der Faun, dem Lucy zuerst begegnet.","Handlung","https://movies.disney.com/the-chronicles-of-narnia-the-lion-the-witch-and-the-wardrobe|https://en.wikipedia.org/wiki/The_Chronicles_of_Narnia:_The_Lion%2C_the_Witch_and_the_Wardrobe","redaktionell_geprueft"
"FAN-S-029-V1","K-FAN-15-aslan-edmund-opfer","FAN-S-029","de","Film","Fantasy","Die Chroniken von Narnia: Der König von Narnia","The Chronicles of Narnia: The Lion, the Witch and the Wardrobe","2005","Die Chroniken von Narnia","schwer","Handlung","Parallelwelt|Opfer|Familie","Die Chroniken von Narnia|Narnia","Aslan nimmt Edmunds drohenden Tod freiwillig auf sich.","„Die Chroniken von Narnia: Der König von Narnia“ (2005): Wessen drohende Bestrafung übernimmt Aslan durch sein freiwilliges Opfer?","Edmunds","Peters","Susans","Lucys","A","Aslan bietet sich anstelle Edmunds an.","Die Szene am Steinernen Tisch verändert den Maßstab des Konflikts. Stärke zeigt sich nicht als Fähigkeit, jeden Gegner sofort zu besiegen, sondern als Bereitschaft, Verantwortung für einen anderen zu tragen. Susan und Lucy erleben die scheinbare Niederlage aus nächster Nähe. Edmunds vorherige Entscheidung hat damit Folgen, die über ihn selbst hinausreichen.","Aslan bietet sich anstelle Edmunds an.","Peter ist nicht derjenige, auf den die Hexe ihren Verratsanspruch erhebt.","Susan ist nicht die Person, deren Schuld Aslan hier übernimmt.","Lucy ist nicht die von der Hexe beanspruchte Verräterin.","Aslan nimmt Edmunds drohenden Tod freiwillig auf sich.","Auflösung","https://movies.disney.com/the-chronicles-of-narnia-the-lion-the-witch-and-the-wardrobe|https://en.wikipedia.org/wiki/The_Chronicles_of_Narnia:_The_Lion%2C_the_Witch_and_the_Wardrobe","redaktionell_geprueft"
"FAN-S-030-V1","K-FAN-15-rueckkehr-alter","FAN-S-030","de","Film","Fantasy","Die Chroniken von Narnia: Der König von Narnia","The Chronicles of Narnia: The Lion, the Witch and the Wardrobe","2005","Die Chroniken von Narnia","schwer","Handlung","Parallelwelt|Opfer|Familie","Die Chroniken von Narnia|Narnia","Narnias Jahre entsprechen hier kaum verstrichener Zeit zu Hause.","„Die Chroniken von Narnia: Der König von Narnia“ (2005): Was zeigt die Rückkehr der Pevensies durch den Schrank über die Zeit der beiden Welten?","In beiden Welten vergeht immer exakt gleich viel Zeit.","Viele Jahre in Narnia können zu Hause kaum Zeit entsprechen.","Die Menschenwelt altert schneller als Narnia um denselben festen Faktor.","Jeder Aufenthalt in Narnia lässt die Kinder zu Hause älter erscheinen.","B","Die Geschwister kehren als Kinder zurück, obwohl sie in Narnia Erwachsene geworden sind.","Das Ende trennt die Zeit der beiden Welten voneinander. Die Geschwister haben in Narnia lange gelebt und Verantwortung getragen, kehren aber äußerlich an ihren Ausgangspunkt zurück. Die Erfahrung wird dadurch nicht bedeutungslos. Sie besitzen nun ein gemeinsames Wissen, das sich von außen weder am Alter noch an der verstrichenen Zeit ablesen lässt.","Ihr unterschiedliches Alter bei der Rückkehr widerlegt einen identischen Zeitablauf.","Die Geschwister kehren als Kinder zurück, obwohl sie in Narnia Erwachsene geworden sind.","Der Film legt hier keinen solchen festen Faktor fest.","Äußerlich sind sie bei der Rückkehr wieder Kinder.","Narnias Jahre entsprechen hier kaum verstrichener Zeit zu Hause.","Auflösung","https://movies.disney.com/the-chronicles-of-narnia-the-lion-the-witch-and-the-wardrobe|https://en.wikipedia.org/wiki/The_Chronicles_of_Narnia:_The_Lion%2C_the_Witch_and_the_Wardrobe","redaktionell_geprueft"
"FAN-L-039-V1","K-FAN-20-fuchur-drache","FAN-L-039","de","Film","Fantasy","Die unendliche Geschichte","The NeverEnding Story","1984","Die unendliche Geschichte","leicht","Figur","Fantasie|Lesen|Verlust","Die unendliche Geschichte|Märchenfilme","Fuchur ist der freundliche Glücksdrache an Atréjus Seite.","„Die unendliche Geschichte“ (1984): Welcher Begleiter verkörpert den freundlichen Glücksdrachen?","Morla","Fuchur","Artax","Gmork","B","Fuchur ist Atréjus helfender Glücksdrache.","Sein freundliches Gesicht und sein langgestreckter Körper unterscheiden ihn von vielen bedrohlichen Drachenbildern. Für Atréju wird er zu einem verlässlichen Helfer. Seine Erscheinung verbindet das Wunderbare mit Geborgenheit. Der Film zeigt damit, dass eine mächtige fantastische Kreatur nicht zwangsläufig als Gegner auftreten muss, sondern Hoffnung und Unterstützung verkörpern kann.","Morla ist eine uralte Schildkröte.","Fuchur ist Atréjus helfender Glücksdrache.","Artax ist Atréjus Pferd.","Gmork ist der wolfartige Verfolger.","Fuchur ist der freundliche Glücksdrache an Atréjus Seite.","keine","https://en.wikipedia.org/wiki/The_NeverEnding_Story_(film)","redaktionell_geprueft"
"FAN-L-040-V1","K-FAN-20-das-nichts","FAN-L-040","de","Film","Fantasy","Die unendliche Geschichte","The NeverEnding Story","1984","Die unendliche Geschichte","leicht","Handlung","Fantasie|Lesen|Verlust","Die unendliche Geschichte|Märchenfilme","Das Nichts nimmt Phantásien seine Existenz.","„Die unendliche Geschichte“ (1984): Welche Folge hat das Vordringen des Nichts für Phantásien?","Die Welt verliert nur ihre Farben, aber keine Orte.","Teile der Welt verschwinden.","Die Welt wird vollständig von einer Eisschicht bedeckt.","Die Welt bleibt bestehen, aber alle Bewohner schlafen ein.","B","Das Nichts verschlingt Phantásien Stück für Stück.","Die Gefahr ist schwerer zu fassen als eine gewöhnliche Armee. Ganze Teile einer Welt gehen verloren, weshalb Stärke im Kampf allein nicht genügt. Atréjus Suche muss zu einem Verständnis der Bedrohung führen. Der Film verbindet das Abenteuer damit auch mit der Frage, was geschieht, wenn Vorstellungen, Wünsche und Hoffnung verlorengehen.","Das Nichts nimmt der Welt ihre Existenz, nicht nur ihre Farben.","Das Nichts verschlingt Phantásien Stück für Stück.","Vereisung ist nicht die zentrale Wirkung des Nichts.","Es handelt sich nicht um einen allgemeinen Schlafzauber.","Das Nichts nimmt Phantásien seine Existenz.","keine","https://en.wikipedia.org/wiki/The_NeverEnding_Story_(film)","redaktionell_geprueft"
"FAN-M-039-V1","K-FAN-20-bastian-dachboden","FAN-M-039","de","Film","Fantasy","Die unendliche Geschichte","The NeverEnding Story","1984","Die unendliche Geschichte","mittel","Schauplatz","Fantasie|Lesen|Verlust","Die unendliche Geschichte|Märchenfilme","Bastian liest heimlich auf dem Schuldachboden.","„Die unendliche Geschichte“ (1984): Welche Figur verfolgt das Abenteuer zunächst lesend vom Schuldachboden aus?","Atréju","Herr Koreander","Engywuck","Bastian","D","Bastian liest dort das mitgenommene Buch.","Der abgeschiedene Raum trennt ihn vom Schulalltag und bietet Platz für seine Lektüre. Während Bastian körperlich an einem Ort bleibt, erlebt er die Reise der Figuren immer intensiver mit. Barret Olivers Spiel macht das Lesen selbst zu einer Handlung. Die Grenze zwischen dem beobachtenden Kind und der erzählten Welt wird zunehmend durchlässig.","Atréju ist der Suchende innerhalb der erzählten Welt.","Koreander ist der Buchhändler, aus dessen Laden das Buch stammt.","Engywuck lebt in Phantásien und liest nicht auf dem Schuldachboden.","Bastian liest dort das mitgenommene Buch.","Bastian liest heimlich auf dem Schuldachboden.","Handlung","https://en.wikipedia.org/wiki/The_NeverEnding_Story_(film)","redaktionell_geprueft"
"FAN-M-040-V1","K-FAN-20-artax-suempfe","FAN-M-040","de","Film","Fantasy","Die unendliche Geschichte","The NeverEnding Story","1984","Die unendliche Geschichte","mittel","Handlung","Fantasie|Lesen|Verlust","Die unendliche Geschichte|Märchenfilme","Die Sümpfe verschlingen Artax durch überwältigende Traurigkeit.","„Die unendliche Geschichte“ (1984): Warum kann Atréju Artax in den Sümpfen nicht zum Weitergehen bewegen?","Das Pferd hat einen Befehl der Kaiserin erhalten, dort zu warten.","Das Pferd will Gmork den Weg zum Orakel zeigen.","Morla hält seine Beine mit einem Zauber fest.","Die Traurigkeit nimmt dem Pferd den Lebenswillen.","D","Artax wird von der Traurigkeit überwältigt und versinkt.","Atréju versucht verzweifelt, seinen Gefährten zum Weitergehen zu bewegen. Die Gefahr des Ortes ist nicht nur ein schwieriger Untergrund, sondern ein Zustand, der die Kraft zum Handeln lähmt. Die Szene übersetzt Trauer in ein körperlich sichtbares Geschehen. Für den jungen Suchenden wird der Verlust zu einer schmerzhaften Erfahrung von Hilflosigkeit.","Ein Wartebefehl der Kaiserin liegt nicht vor.","Artax arbeitet nicht mit Gmork zusammen.","Morla fesselt Artax nicht mit einem Zauber.","Artax wird von der Traurigkeit überwältigt und versinkt.","Die Sümpfe verschlingen Artax durch überwältigende Traurigkeit.","Handlung","https://en.wikipedia.org/wiki/The_NeverEnding_Story_(film)","redaktionell_geprueft"
"FAN-S-039-V1","K-FAN-20-spiegel-bastian","FAN-S-039","de","Film","Fantasy","Die unendliche Geschichte","The NeverEnding Story","1984","Die unendliche Geschichte","schwer","Handlung","Fantasie|Lesen|Verlust","Die unendliche Geschichte|Märchenfilme","Atréjus Spiegel zeigt den Leser seiner eigenen Geschichte.","„Die unendliche Geschichte“ (1984): Welcher Moment macht die Verbindung zwischen Atréju und dem lesenden Bastian besonders deutlich?","Atréju sieht Bastian im magischen Spiegel.","Bastian erhält einen Brief von Gmork.","Bastian begegnet Atréju im Antiquariat.","Atréju findet Bastians Schultasche bei Morla.","A","Der Spiegel zeigt Atréju den Jungen, der seine Geschichte liest.","Bis dahin scheinen Leser und Abenteuerfigur auf verschiedenen Ebenen zu leben. Das Spiegelbild verbindet diese Ebenen in einem einzigen Bild. Was für Bastian eine Geschichte ist, erkennt nun seinerseits etwas von ihm. Die Szene bereitet deshalb die spätere Bedeutung seiner eigenen Beteiligung vor, ohne sie bereits vollständig zu erklären.","Der Spiegel zeigt Atréju den Jungen, der seine Geschichte liest.","Gmork schreibt Bastian keinen Brief.","Im Antiquariat begegnen die beiden einander nicht.","Eine Schultasche bei Morla stellt die Verbindung nicht her.","Atréjus Spiegel zeigt den Leser seiner eigenen Geschichte.","Auflösung","https://en.wikipedia.org/wiki/The_NeverEnding_Story_(film)","redaktionell_geprueft"
"FAN-S-040-V1","K-FAN-20-neuer-name","FAN-S-040","de","Film","Fantasy","Die unendliche Geschichte","The NeverEnding Story","1984","Die unendliche Geschichte","schwer","Handlung","Fantasie|Lesen|Verlust","Die unendliche Geschichte|Märchenfilme","Bastians eigener Namensruf wird Teil der Rettung Phantásiens.","„Die unendliche Geschichte“ (1984): Warum reicht Bastians stilles Weiterlesen für die Rettung am Ende nicht aus?","Er muss selbst handeln und der Kaiserin einen neuen Namen geben.","Er muss die Geschichte laut bis zum letzten gedruckten Satz lesen.","Er muss Herrn Koreander die Fortsetzung erzählen lassen.","Er muss den verschwundenen Teil des Buches in der Schule finden.","A","Die Geschichte verlangt Bastians eigenen Beitrag in Form eines neuen Namens.","Die Lösung verlangt, dass Bastian seine Rolle als bloßer Zuschauer verlässt. Er muss der Geschichte etwas Eigenes hinzufügen und auf ihren Anspruch antworten. Damit kehrt sich die übliche Erwartung an ein Abenteuer um: Der entscheidende Beitrag kommt nicht allein vom reisenden Helden, sondern von dem Kind, das dessen Geschichte gelesen hat.","Die Geschichte verlangt Bastians eigenen Beitrag in Form eines neuen Namens.","Bloßes Vorlesen genügt nicht; er muss einen eigenen Namen geben.","Bastian selbst ist gefragt, nicht der Buchhändler als weiterer Erzähler.","Ein fehlendes Kapitel ist nicht das Hindernis.","Bastians eigener Namensruf wird Teil der Rettung Phantásiens.","Auflösung","https://en.wikipedia.org/wiki/The_NeverEnding_Story_(film)","redaktionell_geprueft"
"FAN-L-045-V1","K-FAN-23-yvaine-stern","FAN-L-045","de","Film","Fantasy","Der Sternwanderer","Stardust","2007","","leicht","Figur","Magie|Liebe|Identität","Märchenfilme","Der gesuchte Stern ist eine Person: Yvaine.","„Der Sternwanderer“ (2007): Wen findet Tristan an der Stelle, an der er einen gefallenen Himmelskörper erwartet?","Victoria","Una","Yvaine","Lamia","C","Der gefallene Stern erscheint als Yvaine.","Claire Danes spielt eine Figur, die Tristan zunächst wie den Fund eines gesuchten Gegenstands behandelt. Ihre eigene Stimme und Persönlichkeit widersprechen dieser Vorstellung. Aus der Jagd nach einem Geschenk entsteht eine Begegnung zwischen zwei Menschen, die unterschiedliche Wünsche haben. Dieser Wechsel bildet einen wichtigen Ausgangspunkt für Tristans persönliche Entwicklung.","Victoria ist die Frau, für die er den Stern zunächst sucht.","Una ist Tristans Mutter.","Der gefallene Stern erscheint als Yvaine.","Lamia verfolgt den Stern und ist nicht selbst der gefallene Himmelskörper.","Der gesuchte Stern ist eine Person: Yvaine.","keine","https://en.wikipedia.org/wiki/Stardust_(2007_film)","redaktionell_geprueft"
"FAN-L-046-V1","K-FAN-23-victoria-geschenk","FAN-L-046","de","Film","Fantasy","Der Sternwanderer","Stardust","2007","","leicht","Handlung","Magie|Liebe|Identität","Märchenfilme","Tristans ursprünglicher Liebesbeweis gilt Victoria.","„Der Sternwanderer“ (2007): Welches ursprüngliche Motiv bringt Tristan dazu, den Stern zu suchen?","Er möchte Victoria als Partnerin gewinnen.","Er möchte Lamia als Lehrerin gewinnen.","Er möchte Yvaine aus einer seit Jahren bekannten Gefangenschaft befreien.","Er möchte Captain Shakespeares Schiff kaufen.","A","Tristan beginnt die Suche als Liebesbeweis für Victoria.","Charlie Cox spielt einen jungen Mann, der Anerkennung durch eine spektakuläre Leistung sucht. Sein Versprechen setzt das Abenteuer in Gang, beruht aber auf einer sehr einfachen Vorstellung von Liebe. Die Reise konfrontiert ihn mit den Folgen, wenn ein anderer Mensch nur als Belohnung oder als Mittel für einen Wunsch betrachtet wird.","Tristan beginnt die Suche als Liebesbeweis für Victoria.","Eine Ausbildung bei Lamia ist nicht sein Ziel.","Er kennt Yvaine zu Beginn seiner Suche noch nicht.","Der Kauf des Luftschiffs treibt ihn nicht an.","Tristans ursprünglicher Liebesbeweis gilt Victoria.","keine","https://en.wikipedia.org/wiki/Stardust_(2007_film)","redaktionell_geprueft"
"FAN-M-045-V1","K-FAN-23-babylon-kerze","FAN-M-045","de","Film","Fantasy","Der Sternwanderer","Stardust","2007","","mittel","Technik","Magie|Liebe|Identität","Märchenfilme","Die Babylon-Kerze verbindet Wunschort und Reise.","„Der Sternwanderer“ (2007): Welcher Gegenstand ermöglicht eine sofortige Reise zu einem gewünschten Ort?","Die magische Kette an Yvaine","Die königliche Halskette","Die Babylon-Kerze","Das gläserne Schneeglöckchen","C","Die Babylon-Kerze dient dem magischen Reisen.","Ein kleines, leicht verbrauchbares Hilfsmittel überbrückt im Film große Entfernungen. Das macht es wertvoll, aber nicht zu einer unbegrenzten Lösung für jedes Problem. Die Reisenden müssen weiterhin entscheiden, wohin sie wollen und wem sie vertrauen. Magischer Transport ersetzt somit weder ein klares Ziel noch die persönliche Entwicklung auf dem Weg.","Die Kette bindet Yvaine, transportiert die Reisenden aber nicht auf diese Weise.","Die Halskette ist für die Thronfolge wichtig, nicht das Transportmittel.","Die Babylon-Kerze dient dem magischen Reisen.","Das Schneeglöckchen erfüllt andere magische Aufgaben.","Die Babylon-Kerze verbindet Wunschort und Reise.","Handlung","https://en.wikipedia.org/wiki/Stardust_(2007_film)","redaktionell_geprueft"
"FAN-M-046-V1","K-FAN-23-hexen-herz","FAN-M-046","de","Film","Fantasy","Der Sternwanderer","Stardust","2007","","mittel","Handlung","Magie|Liebe|Identität","Märchenfilme","Die Hexen suchen Jugend im geraubten Herzen eines Sterns.","„Der Sternwanderer“ (2007): Was wollen die Hexen von Yvaine gewinnen, um ihren Verfall aufzuhalten?","Ihren Namen","Ihr Herz","Ihre Haarlocke","Ihre Stimme","B","Die Hexen erwarten neue Jugend und Kraft vom Herzen des Sterns.","Michelle Pfeiffers Lamia verfolgt Yvaine als Mittel gegen den eigenen Verfall. Die Jagd stellt damit eine besonders grausame Form des Besitzdenkens dar. Während Tristan lernen muss, Yvaine als eigenständige Person wahrzunehmen, reduzieren die Hexen sie vollständig auf ihren Nutzen. Beide Handlungswege erhalten durch diese Gegenüberstellung eine klare Verbindung.","Der Name besitzt nicht die gesuchte verjüngende Wirkung.","Die Hexen erwarten neue Jugend und Kraft vom Herzen des Sterns.","Die Haarlocke dient Tristan später als Hinweis, nicht den Hexen als Ziel.","Ihre Stimme ist nicht das benötigte Verjüngungsmittel.","Die Hexen suchen Jugend im geraubten Herzen eines Sterns.","Handlung","https://en.wikipedia.org/wiki/Stardust_(2007_film)","redaktionell_geprueft"
"FAN-S-045-V1","K-FAN-23-haar-staub","FAN-S-045","de","Film","Fantasy","Der Sternwanderer","Stardust","2007","","schwer","Handlung","Magie|Liebe|Identität","Märchenfilme","Die zerfallene Haarlocke warnt vor Yvaines Grenzübertritt.","„Der Sternwanderer“ (2007): Warum eilt Tristan nach dem Zerfall von Yvaines Haarlocke zur Mauer zurück?","Er erkennt, dass Yvaine bereits von Lamia vergiftet worden ist.","Er erkennt, dass Yvaine beim Überqueren der Grenze sterben würde.","Er erkennt, dass die Wache Yvaine an Septimus ausliefern will.","Er erkennt, dass das Grenztor beim nächsten Sonnenuntergang verschlossen wird.","B","Die Veränderung der Haarlocke warnt vor derselben tödlichen Wirkung auf Yvaine.","Tristan begreift die Gefahr durch ein kleines Stück der Person, die er zurückgelassen hat. Der Fund verändert seine Priorität sofort: Er muss verhindern, dass Yvaine denselben Weg nimmt. Die Mauer ist damit mehr als eine soziale Trennung zwischen zwei Orten. Ihre Grenze hat für ein Wesen aus der magischen Welt existenzielle Folgen.","Die Veränderung entsteht an der Grenze und zeigt nicht eine Vergiftung.","Die Veränderung der Haarlocke warnt vor derselben tödlichen Wirkung auf Yvaine.","Die Locke beweist keinen Plan der Wache.","Eine Schließzeit ist nicht die Erkenntnis aus der Haarlocke.","Die zerfallene Haarlocke warnt vor Yvaines Grenzübertritt.","Auflösung","https://en.wikipedia.org/wiki/Stardust_(2007_film)","redaktionell_geprueft"
"FAN-S-046-V1","K-FAN-23-una-erbfolge","FAN-S-046","de","Film","Fantasy","Der Sternwanderer","Stardust","2007","","schwer","Beziehung","Magie|Liebe|Identität","Märchenfilme","Una verbindet Tristan mit Stormholds Königshaus.","„Der Sternwanderer“ (2007): Welche Verbindung zu Tristan erklärt Unas Zugehörigkeit zur Königsfamilie?","Er ist ausschließlich durch Lamias letzten Zauber zum Erben geworden.","Er ist über seine Mutter ein königlicher Nachkomme.","Er hat die Tochter eines gewöhnlichen Wall-Händlers geheiratet.","Er wurde als Kind von Primus offiziell adoptiert.","B","Una ist Tristans Mutter und eine Königstochter; dadurch ist er ein königlicher Nachkomme.","Die Reise nach außen führt Tristan zugleich zu seiner eigenen Herkunft. Was zunächst als private Suche nach einem Liebesbeweis beginnt, berührt dadurch den Streit um Stormholds Nachfolge. Die Verbindung wird nicht durch einen spontanen Titelkauf oder eine Belohnung hergestellt. Ein schon bestehendes, lange verborgenes Familienverhältnis erhält am Ende politische Bedeutung.","Der Anspruch beruht auf Abstammung, nicht auf Lamias Zauber.","Una ist Tristans Mutter und eine Königstochter; dadurch ist er ein königlicher Nachkomme.","Eine solche Heirat begründet den Anspruch nicht.","Primus hat Tristan nicht adoptiert.","Una verbindet Tristan mit Stormholds Königshaus.","Auflösung","https://en.wikipedia.org/wiki/Stardust_(2007_film)","redaktionell_geprueft"
