"question_id","knowledge_id","variant_of","language","domain","subdomain","film_title_de","film_title_original","film_year","franchise","difficulty","question_type","topic_tags","badge_tags","learning_objective","question","answer_a","answer_b","answer_c","answer_d","correct_answer","explanation_short","explanation_context","feedback_a","feedback_b","feedback_c","feedback_d","memory_anchor","spoiler_level","source_urls","verification_status"
"SF-L-001","K-SF-001-saeureblut","","de","Film","Science-Fiction","Alien – Das unheimliche Wesen aus einer fremden Welt","Alien","1979","Alien","leicht","Technik","Außerirdische|Körperhorror|Konzernmacht","Alien|Außerirdische und Erstkontakt","Alien-Blut macht selbst eine Verletzung des Monsters gefährlich.","„Alien – Das unheimliche Wesen aus einer fremden Welt“ (1979): Welche Gefahr macht das Blut der Kreatur besonders bedrohlich?","Es lähmt bei bloßem Hautkontakt.","Es setzt giftige Dämpfe frei.","Es ist stark ätzend.","Es entzündet sich an der Luft.","C","Das Blut wirkt wie eine starke Säure und frisst sich sogar durch mehrere Decks des Raumschiffs.","Als die Besatzung versucht, das Wesen von Kanes Gesicht zu lösen, tropft dessen Blut durch mehrere Decks. Damit wird aus einer möglichen Rettungsaktion eine Gefahr für das ganze Schiff. Die ätzende Körperflüssigkeit erklärt, warum gewöhnliche Gewalt gegen den Eindringling riskant ist: Ein verletztes Monster kann auch seine Umgebung zerstören.","Eine Kontaktlähmung ist nicht die gezeigte Besonderheit; das Blut ätzt sich durch Material.","Die unmittelbare Gefahr sind durchgeätzte Decks, nicht eine gezeigte Gasvergiftung.","Das Blut wirkt wie eine starke Säure und frisst sich sogar durch mehrere Decks des Raumschiffs.","Das Blut brennt nicht an der Luft, sondern beschädigt die Decks durch seine Säurewirkung.","Alien-Blut macht selbst eine Verletzung des Monsters gefährlich.","Handlung","https://en.wikipedia.org/wiki/Alien_(film)|https://www.20thcenturystudios.com/movies/alien","redaktionell_geprueft"
"SF-L-001-V1","K-SF-001-saeureblut","SF-L-001","de","Film","Science-Fiction","Alien – Das unheimliche Wesen aus einer fremden Welt","Alien","1979","Alien","leicht","Technik","Außerirdische|Körperhorror|Konzernmacht","Alien|Außerirdische und Erstkontakt","Alien-Blut macht selbst eine Verletzung des Monsters gefährlich.","„Alien – Das unheimliche Wesen aus einer fremden Welt“ (1979): Warum gefährdet das Anschneiden des Wesens an Kanes Gesicht auch die Nostromo?","Sein austretendes Blut kann den Reaktor radioaktiv verseuchen.","Sein austretendes Blut kann die gesamte Luft einfrieren.","Sein austretendes Blut kann die Bordelektronik magnetisieren.","Sein austretendes Blut kann die Schiffswände durchätzen.","D","Das stark ätzende Blut frisst sich durch mehrere Decks und bedroht so die Hülle der Nostromo.","Als die Besatzung versucht, das Wesen von Kanes Gesicht zu lösen, tropft dessen Blut durch mehrere Decks. Damit wird aus einer möglichen Rettungsaktion eine Gefahr für das ganze Schiff. Die ätzende Körperflüssigkeit erklärt, warum gewöhnliche Gewalt gegen den Eindringling riskant ist: Ein verletztes Monster kann auch seine Umgebung zerstören.","Radioaktive Verseuchung ist nicht die gezeigte Gefahr; es geht um Säurewirkung.","Die austretende Flüssigkeit gefriert die Luft nicht, sondern ätzt sich durch den Boden.","Eine magnetische Wirkung wird nicht gezeigt; das Blut zerstört Material chemisch.","Das stark ätzende Blut frisst sich durch mehrere Decks und bedroht so die Hülle der Nostromo.","Alien-Blut macht selbst eine Verletzung des Monsters gefährlich.","Handlung","https://en.wikipedia.org/wiki/Alien_(film)|https://www.20thcenturystudios.com/movies/alien","redaktionell_geprueft"
"SF-L-002","K-SF-002-marines","","de","Film","Science-Fiction","Aliens – Die Rückkehr","Aliens","1986","Alien","leicht","Handlung","Außerirdische|Körperhorror|Rettungsmission","Alien|Außerirdische und Erstkontakt","Ripley kehrt als Beraterin mit Marines nach LV-426 zurück.","„Aliens – Die Rückkehr“ (1986): Mit welcher Gruppe kehrt Ripley auf den gefährlichen Mond zurück?","Mit Archäologen","Mit Colonial Marines","Mit Rettungsmedizinern","Mit Bergbauingenieuren","B","Ripley begleitet eine Einheit der Colonial Marines, nachdem der Kontakt zur dortigen Kolonie abgebrochen ist.","Nach ihrer langen Zeit im Kälteschlaf wird Ellen Ripley erneut mit dem Ort ihres früheren Schreckens konfrontiert. Diesmal begleitet Sigourney Weavers Figur eine bewaffnete Militäreinheit. Ihr Erfahrungswissen steht dem anfänglichen Selbstvertrauen der Marines gegenüber. Der Film verändert damit die Ausgangslage: Aus der isolierten Frachtschiffbesatzung wird eine scheinbar gut vorbereitete Rettungsmission.","Archäologen untersuchen den Fundort nicht; Ripley begleitet eine militärische Einheit.","Ripley begleitet eine Einheit der Colonial Marines, nachdem der Kontakt zur dortigen Kolonie abgebrochen ist.","Es handelt sich nicht um eine rein medizinische Rettungsgruppe, sondern um Marines.","Burke vertritt das Unternehmen, aber die bewaffnete Einsatzgruppe besteht aus Marines.","Ripley kehrt als Beraterin mit Marines nach LV-426 zurück.","keine","https://en.wikipedia.org/wiki/Aliens_(film)|https://www.20thcenturystudios.com/movies/aliens","redaktionell_geprueft"
"SF-L-002-V1","K-SF-002-marines","SF-L-002","de","Film","Science-Fiction","Aliens – Die Rückkehr","Aliens","1986","Alien","leicht","Handlung","Außerirdische|Körperhorror|Rettungsmission","Alien|Außerirdische und Erstkontakt","Ripley kehrt als Beraterin mit Marines nach LV-426 zurück.","„Aliens – Die Rückkehr“ (1986): Welche Aufgabe hat die Gruppe, die Ripley nach LV-426 begleitet, ihrem beruflichen Hintergrund nach?","Militärische Einsätze durchführen","Bergbauanlagen wirtschaftlich bewerten","Archäologische Fundstätten untersuchen","Kolonisten medizinisch versorgen","A","Ripley begleitet Colonial Marines, also eine militärische Einheit.","Nach ihrer langen Zeit im Kälteschlaf wird Ellen Ripley erneut mit dem Ort ihres früheren Schreckens konfrontiert. Diesmal begleitet Sigourney Weavers Figur eine bewaffnete Militäreinheit. Ihr Erfahrungswissen steht dem anfänglichen Selbstvertrauen der Marines gegenüber. Der Film verändert damit die Ausgangslage: Aus der isolierten Frachtschiffbesatzung wird eine scheinbar gut vorbereitete Rettungsmission.","Ripley begleitet Colonial Marines, also eine militärische Einheit.","Burke vertritt Unternehmensinteressen, doch die Einsatzgruppe besteht aus Marines.","Die Begleiter sind Soldaten, keine archäologische Expedition.","Einzelne medizinische Aufgaben ändern nicht den Charakter der Gruppe als Marineeinheit.","Ripley kehrt als Beraterin mit Marines nach LV-426 zurück.","keine","https://en.wikipedia.org/wiki/Aliens_(film)|https://www.20thcenturystudios.com/movies/aliens","redaktionell_geprueft"
"SF-L-003","K-SF-003-simulation","","de","Film","Science-Fiction","Matrix","The Matrix","1999","Matrix","leicht","Handlung","Künstliche Intelligenz|Simulation|Identität","Matrix|Künstliche Intelligenz und Cyborgs|Identität und Wirklichkeit","Die vertraute Welt der Matrix ist ein erzeugtes Wirklichkeitsmodell.","„Matrix“ (1999): Was ist die alltägliche Welt, in der Neo zu Beginn lebt, tatsächlich?","Eine Computersimulation","Eine Kolonie auf dem Mars","Eine Welt nach einer Zeitreise","Ein fremder Planet","A","Die von Neo als normal empfundene Welt ist eine Simulation, die Maschinen den angeschlossenen Menschen vorspielen.","Thomas Anderson verdient als Programmierer seinen Lebensunterhalt und nennt sich als Hacker Neo. Seine alltägliche Umgebung scheint zunächst gewöhnlich. Morpheus zeigt ihm jedoch, dass diese Erfahrung technisch erzeugt wird. Keanu Reeves spielt dadurch nicht einfach einen Besucher einer fremden Welt: Seine Figur muss die vermeintlich eigene Welt und die eigenen Sinneseindrücke neu beurteilen.","Die von Neo als normal empfundene Welt ist eine Simulation, die Maschinen den angeschlossenen Menschen vorspielen.","Eine Marskolonie wäre ein realer Ort; Neos Ausgangswelt wird rechnerisch erzeugt.","Der Wechsel betrifft die Wahrnehmung der Wirklichkeit, nicht bloß eine Reise in eine andere Epoche.","Ein anderer Planet erklärt nicht die direkte Manipulation seiner erlebten Umgebung.","Die vertraute Welt der Matrix ist ein erzeugtes Wirklichkeitsmodell.","Handlung","https://en.wikipedia.org/wiki/The_Matrix","redaktionell_geprueft"
"SF-L-003-V1","K-SF-003-simulation","SF-L-003","de","Film","Science-Fiction","Matrix","The Matrix","1999","Matrix","leicht","Handlung","Künstliche Intelligenz|Simulation|Identität","Matrix|Künstliche Intelligenz und Cyborgs|Identität und Wirklichkeit","Die vertraute Welt der Matrix ist ein erzeugtes Wirklichkeitsmodell.","„Matrix“ (1999): Was erkennt Neo über sein vermeintlich gewöhnliches Alltagsleben?","Seine Umgebung liegt in einer verborgenen Marskolonie.","Seine Umgebung wird von einem Computersystem simuliert.","Seine Umgebung ist das Ergebnis einer Reise in die Vergangenheit.","Seine Umgebung befindet sich in einem künstlichen Raumschiffhabitat.","B","Die Matrix ist eine Computersimulation, die Neo zunächst für die wirkliche Welt hält.","Thomas Anderson verdient als Programmierer seinen Lebensunterhalt und nennt sich als Hacker Neo. Seine alltägliche Umgebung scheint zunächst gewöhnlich. Morpheus zeigt ihm jedoch, dass diese Erfahrung technisch erzeugt wird. Keanu Reeves spielt dadurch nicht einfach einen Besucher einer fremden Welt: Seine Figur muss die vermeintlich eigene Welt und die eigenen Sinneseindrücke neu beurteilen.","Neo entdeckt keine Marskolonie; entscheidend ist die künstlich erzeugte Wahrnehmung.","Die Matrix ist eine Computersimulation, die Neo zunächst für die wirkliche Welt hält.","Er wurde nicht durch eine Zeitreise in diesen Alltag versetzt.","Die vertrauten Straßen sind nicht einfach ein Habitat im Schiff, sondern simuliert.","Die vertraute Welt der Matrix ist ein erzeugtes Wirklichkeitsmodell.","Handlung","https://en.wikipedia.org/wiki/The_Matrix","redaktionell_geprueft"
"SF-L-004","K-SF-004-zion","","de","Film","Science-Fiction","Matrix Reloaded","The Matrix Reloaded","2003","Matrix","leicht","Schauplatz","Künstliche Intelligenz|Simulation|Freier Wille","Matrix|Künstliche Intelligenz und Cyborgs","Zion ist die Zuflucht der freien Menschen außerhalb der Matrix.","„Matrix Reloaded“ (2003): Wie heißt die unterirdische Menschenstadt, die bedroht wird?","Coruscant","Arrakis","Zion","Caprica","C","Zion ist die Zuflucht der freien Menschen. Eine Maschinenarmee nähert sich der Stadt durch unterirdische Bohrungen.","Während Kämpfe innerhalb der Simulation oft wie spektakuläre Action aussehen, zeigt Zion, wofür die Menschen kämpfen. Die unterirdische Stadt besitzt Familien, politische Verantwortung und ein Alltagsleben. In Matrix Reloaded rückt ihre Verteidigung ins Zentrum. Morpheus' Vertrauen in Neo trifft dort auf militärische Planung und die Sorge um eine ganz reale Bevölkerung.","Coruscant gehört zu Star Wars, nicht zur Menschenstadt der Matrix-Reihe.","Arrakis ist die Wüstenwelt aus Dune, keine unterirdische Stadt der Matrix.","Zion ist die Zuflucht der freien Menschen. Eine Maschinenarmee nähert sich der Stadt durch unterirdische Bohrungen.","Caprica gehört zum Battlestar-Galactica-Universum.","Zion ist die Zuflucht der freien Menschen außerhalb der Matrix.","keine","https://en.wikipedia.org/wiki/The_Matrix_Reloaded","redaktionell_geprueft"
"SF-L-004-V1","K-SF-004-zion","SF-L-004","de","Film","Science-Fiction","Matrix Reloaded","The Matrix Reloaded","2003","Matrix","leicht","Schauplatz","Künstliche Intelligenz|Simulation|Freier Wille","Matrix|Künstliche Intelligenz und Cyborgs","Zion ist die Zuflucht der freien Menschen außerhalb der Matrix.","„Matrix Reloaded“ (2003): Welche Beschreibung passt zu Zion?","Ein Kontrollprogramm für die Energieversorgung","Eine unterirdische Stadt freier Menschen","Ein simuliertes Wohnviertel der Agenten","Ein bewaffnetes Schiff von Morpheus","B","Zion ist die unterirdische Menschenstadt, deren Bewohner von den Maschinen bedroht werden.","Während Kämpfe innerhalb der Simulation oft wie spektakuläre Action aussehen, zeigt Zion, wofür die Menschen kämpfen. Die unterirdische Stadt besitzt Familien, politische Verantwortung und ein Alltagsleben. In Matrix Reloaded rückt ihre Verteidigung ins Zentrum. Morpheus' Vertrauen in Neo trifft dort auf militärische Planung und die Sorge um eine ganz reale Bevölkerung.","Der Name bezeichnet keinen Algorithmus, sondern die Gemeinschaft und ihren Lebensraum.","Zion ist die unterirdische Menschenstadt, deren Bewohner von den Maschinen bedroht werden.","Zion liegt außerhalb der Matrix und ist kein von Agenten bewohntes Stadtviertel.","Morpheus' Schiff ist die Nebukadnezar; Zion ist eine Stadt.","Zion ist die Zuflucht der freien Menschen außerhalb der Matrix.","keine","https://en.wikipedia.org/wiki/The_Matrix_Reloaded","redaktionell_geprueft"
"SF-L-005","K-SF-005-deckards-auftrag","","de","Film","Science-Fiction","Blade Runner","Blade Runner","1982","Blade Runner","leicht","Figur","Künstliche Intelligenz|Erinnerung|Identität","Blade Runner|Künstliche Intelligenz und Cyborgs|Identität und Wirklichkeit","Deckard soll entlaufene Replikanten aufspüren und ausschalten.","„Blade Runner“ (1982): Welche Tätigkeit übt Rick Deckard aus?","Er vermittelt Arbeiter für die Raumkolonien.","Er entwickelt künstliche Menschen für Tyrell.","Er überprüft menschliche Erinnerungsimplantate.","Er jagt entlaufene künstliche Menschen.","D","Deckard ist ein Blade Runner. Er wird damit beauftragt, entlaufene Replikanten aufzuspüren und auszuschalten.","Harrison Ford spielt Rick Deckard als ehemaligen Ermittler, der erneut für einen Auftrag herangezogen wird. Seine Ziele sind künstlich erschaffene Menschen, die als Replikanten bezeichnet werden. Die kriminalistische Suche führt durch das regnerische Los Angeles der Filmzukunft. Dabei wird aus der scheinbar klaren Trennung zwischen Jäger und Gejagten zunehmend eine Frage nach Menschlichkeit.","Die Arbeitsvermittlung für Kolonien ist nicht sein Auftrag; er ist Replikantenjäger.","Tyrell entwickelt Replikanten; Deckard soll entlaufene Exemplare finden.","Deckard prüft Verdächtige auf ihre Menschlichkeit; Erinnerungsimplantate entwickelt oder kontrolliert er nicht als Dienstleistung.","Deckard ist ein Blade Runner. Er wird damit beauftragt, entlaufene Replikanten aufzuspüren und auszuschalten.","Deckard soll entlaufene Replikanten aufspüren und ausschalten.","keine","https://en.wikipedia.org/wiki/Blade_Runner","redaktionell_geprueft"
"SF-L-005-V1","K-SF-005-deckards-auftrag","SF-L-005","de","Film","Science-Fiction","Blade Runner","Blade Runner","1982","Blade Runner","leicht","Figur","Künstliche Intelligenz|Erinnerung|Identität","Blade Runner|Künstliche Intelligenz und Cyborgs|Identität und Wirklichkeit","Deckard soll entlaufene Replikanten aufspüren und ausschalten.","„Blade Runner“ (1982): Mit welcher Aufgabe wird Deckard als Blade Runner betraut?","Neue Replikanten für Raumfahrtmissionen entwerfen","Frachtschiffe zwischen den Kolonien steuern","Entlaufene Replikanten aufspüren und ausschalten","Neue Pflanzenarten außerhalb der Erde erfassen","C","Deckard soll entlaufene Replikanten finden und ausschalten; diese künstlichen Menschen stehen im Zentrum seines Auftrags.","Harrison Ford spielt Rick Deckard als ehemaligen Ermittler, der erneut für einen Auftrag herangezogen wird. Seine Ziele sind künstlich erschaffene Menschen, die als Replikanten bezeichnet werden. Die kriminalistische Suche führt durch das regnerische Los Angeles der Filmzukunft. Dabei wird aus der scheinbar klaren Trennung zwischen Jäger und Gejagten zunehmend eine Frage nach Menschlichkeit.","Die Entwicklung der Replikanten gehört zum Unternehmen Tyrell, nicht zu Deckards Polizeiarbeit.","Er wird nicht als Frachterpilot eingesetzt, sondern als Verfolger der Replikanten.","Deckard soll entlaufene Replikanten finden und ausschalten; diese künstlichen Menschen stehen im Zentrum seines Auftrags.","Botanische Forschung hat mit seinem Auftrag nichts zu tun; er sucht künstliche Menschen.","Deckard soll entlaufene Replikanten aufspüren und ausschalten.","keine","https://en.wikipedia.org/wiki/Blade_Runner","redaktionell_geprueft"
"SF-L-006","K-SF-006-k-darsteller","","de","Film","Science-Fiction","Blade Runner 2049","Blade Runner 2049","2017","Blade Runner","leicht","Besetzung","Künstliche Intelligenz|Erinnerung|Identität","Blade Runner|Künstliche Intelligenz und Cyborgs|Identität und Wirklichkeit","Ryan Gosling spielt K; Harrison Ford kehrt als Deckard zurück.","„Blade Runner 2049“ (2017): Wer spielt den Ermittler K?","Joaquin Phoenix","Jake Gyllenhaal","Christian Bale","Ryan Gosling","D","Ryan Gosling spielt K. Harrison Ford kehrt in der Rolle des älteren Rick Deckard zurück.","K ist der Ermittler, dessen Suche durch Blade Runner 2049 führt. Ryan Gosling spielt ihn zurückhaltend, sodass kleine Veränderungen seines Selbstbilds besonders auffallen. Harrison Ford ist dagegen erneut als Rick Deckard zu sehen. Die Unterscheidung hilft bei der Filmreihe: Deckard verbindet die beiden Filme, K trägt die Perspektive der späteren Geschichte.","Joaquin Phoenix spielt Theodore in Her; der Ermittler K wird von Ryan Gosling verkörpert.","Jake Gyllenhaal spielt Colter Stevens in Source Code; in der Rolle von K ist Ryan Gosling zu sehen.","Christian Bale spielt Bruce Wayne in Nolans Batman-Filmen; K wird von Ryan Gosling dargestellt.","Ryan Gosling spielt K. Harrison Ford kehrt in der Rolle des älteren Rick Deckard zurück.","Ryan Gosling spielt K; Harrison Ford kehrt als Deckard zurück.","keine","https://en.wikipedia.org/wiki/Blade_Runner_2049","redaktionell_geprueft"
"SF-L-006-V1","K-SF-006-k-darsteller","SF-L-006","de","Film","Science-Fiction","Blade Runner 2049","Blade Runner 2049","2017","Blade Runner","leicht","Besetzung","Künstliche Intelligenz|Erinnerung|Identität","Blade Runner|Künstliche Intelligenz und Cyborgs|Identität und Wirklichkeit","Ryan Gosling spielt K; Harrison Ford kehrt als Deckard zurück.","„Blade Runner 2049“ (2017): Welche Figur wird von Ryan Gosling verkörpert?","Der frühere Ermittler Deckard","Der Polizist Gaff","Der Industrielle Wallace","Der Ermittler K","D","Ryan Gosling spielt K, der die rätselhafte Geburt eines Replikanten untersucht.","K ist der Ermittler, dessen Suche durch Blade Runner 2049 führt. Ryan Gosling spielt ihn zurückhaltend, sodass kleine Veränderungen seines Selbstbilds besonders auffallen. Harrison Ford ist dagegen erneut als Rick Deckard zu sehen. Die Unterscheidung hilft bei der Filmreihe: Deckard verbindet die beiden Filme, K trägt die Perspektive der späteren Geschichte.","Deckard wird von Harrison Ford gespielt.","Gaff wird von Edward James Olmos gespielt.","Wallace wird von Jared Leto verkörpert.","Ryan Gosling spielt K, der die rätselhafte Geburt eines Replikanten untersucht.","Ryan Gosling spielt K; Harrison Ford kehrt als Deckard zurück.","keine","https://en.wikipedia.org/wiki/Blade_Runner_2049","redaktionell_geprueft"
"SF-L-007","K-SF-007-erde-lebensgrundlagen","","de","Film","Science-Fiction","Interstellar","Interstellar","2014","","leicht","Motiv","Raumfahrt|Zeitdilatation|Familie","Weltraumfilme","Die Suche nach einer neuen Welt beginnt mit dem Sterben der Ernten.","„Interstellar“ (2014): Warum sucht die Expedition nach einer neuen Heimat für Menschen?","Die Lebensgrundlagen auf der Erde brechen zusammen.","Die Menschen verlieren den Krieg gegen eine fremde Spezies.","Die Erdumlaufbahn nähert sich gefährlich der Sonne.","Die Erde droht mit einem großen Asteroiden zu kollidieren.","A","Ernteausfälle und Staubstürme bedrohen die Menschheit. Die Expedition soll bewohnbare Welten außerhalb des Sonnensystems finden.","Cooper lebt zu Beginn als Farmer, obwohl er früher Pilot war. Matthew McConaugheys Figur erlebt dadurch selbst, wie knapp die Zukunft auf der Erde geworden ist. Staubstürme und Pflanzenkrankheiten bedrohen die Ernährung. Der Aufbruch ins All entsteht somit aus einem sehr bodennahen Problem: Die bisherige Heimat kann ihre Bevölkerung nicht dauerhaft versorgen.","Ernteausfälle und Staubstürme bedrohen die Menschheit. Die Expedition soll bewohnbare Welten außerhalb des Sonnensystems finden.","Ein Alien-Krieg ist nicht der Anlass; die Menschheit verliert ihre Lebensgrundlagen.","Eine instabile Erdumlaufbahn löst die Krise nicht aus; Ernteausfälle bedrohen die Versorgung.","Ein Asteroid ist nicht der Grund der Expedition; die irdische Umwelt wird zunehmend lebensfeindlich.","Die Suche nach einer neuen Welt beginnt mit dem Sterben der Ernten.","keine","https://en.wikipedia.org/wiki/Interstellar_(film)","redaktionell_geprueft"
"SF-L-007-V1","K-SF-007-erde-lebensgrundlagen","SF-L-007","de","Film","Science-Fiction","Interstellar","Interstellar","2014","","leicht","Motiv","Raumfahrt|Zeitdilatation|Familie","Weltraumfilme","Die Suche nach einer neuen Welt beginnt mit dem Sterben der Ernten.","„Interstellar“ (2014): Welches Problem macht die Suche nach anderen bewohnbaren Welten notwendig?","Eine fremde Armee hat alle Großstädte der Erde besetzt.","Ernten und Umwelt können die Menschheit nicht mehr dauerhaft ernähren.","Der Mond bewegt sich unaufhaltsam auf die Erde zu.","Ein künstlicher Krieg verhindert jede weitere Landwirtschaft.","B","Ernteausfälle und die zunehmend lebensfeindliche Umwelt bedrohen die menschlichen Lebensgrundlagen.","Cooper lebt zu Beginn als Farmer, obwohl er früher Pilot war. Matthew McConaugheys Figur erlebt dadurch selbst, wie knapp die Zukunft auf der Erde geworden ist. Staubstürme und Pflanzenkrankheiten bedrohen die Ernährung. Der Aufbruch ins All entsteht somit aus einem sehr bodennahen Problem: Die bisherige Heimat kann ihre Bevölkerung nicht dauerhaft versorgen.","Eine außerirdische Besatzungsarmee ist nicht der Auslöser der Expedition.","Ernteausfälle und die zunehmend lebensfeindliche Umwelt bedrohen die menschlichen Lebensgrundlagen.","Eine bevorstehende Mondkollision wird nicht als Ursache der Krise gezeigt.","Nicht ein laufender Krieg allein, sondern der Zusammenbruch der Lebensgrundlagen zwingt zur Suche.","Die Suche nach einer neuen Welt beginnt mit dem Sterben der Ernten.","keine","https://en.wikipedia.org/wiki/Interstellar_(film)","redaktionell_geprueft"
"SF-L-008","K-SF-008-traumdiebstahl","","de","Film","Science-Fiction","Inception","Inception","2010","","leicht","Handlung","Traumwelten|Erinnerung|Manipulation","Identität und Wirklichkeit","Cobbs Spezialgebiet ist der Diebstahl von Wissen in gemeinsamen Träumen.","„Inception“ (2010): In welchen Bereich dringt Cobbs Team ein, um Informationen zu stehlen?","In Paralleluniversen","In außerirdische Funknetze","In vergangene Jahrhunderte","In die Träume anderer Menschen","D","Das Team nutzt gemeinsam erlebte Träume, um an Informationen aus dem Unterbewusstsein einer Zielperson zu gelangen.","Leonardo DiCaprio spielt Dom Cobb, der mit einem spezialisierten Team in fremde Träume eindringt. Dort lassen sich Geheimnisse gewinnen, die im Wachzustand geschützt wären. Die Handlung beruht auf dieser Technik des gemeinsamen Träumens. Der spätere Auftrag erweitert das Prinzip: Informationen sollen nicht entnommen, sondern eine Idee soll unbemerkt eingepflanzt werden.","Die verschiedenen Ebenen sind Träume innerhalb von Träumen, nicht unabhängig eingeführte Paralleluniversen.","Außerirdische Funksysteme gehören nicht zu Cobbs Arbeitsmethode.","Die Teams betreten subjektive Traumräume, keine historischen Zeitalter.","Das Team nutzt gemeinsam erlebte Träume, um an Informationen aus dem Unterbewusstsein einer Zielperson zu gelangen.","Cobbs Spezialgebiet ist der Diebstahl von Wissen in gemeinsamen Träumen.","keine","https://en.wikipedia.org/wiki/Inception","redaktionell_geprueft"
"SF-L-008-V1","K-SF-008-traumdiebstahl","SF-L-008","de","Film","Science-Fiction","Inception","Inception","2010","","leicht","Handlung","Traumwelten|Erinnerung|Manipulation","Identität und Wirklichkeit","Cobbs Spezialgebiet ist der Diebstahl von Wissen in gemeinsamen Träumen.","„Inception“ (2010): Warum sind schlafende Zielpersonen für Cobbs Arbeit besonders wichtig?","Ihr Schlaf aktiviert eine Reise in ihre tatsächliche Vergangenheit.","Ihr Traumraum ermöglicht den Zugriff auf verborgene Informationen.","Ihr Schlaf versetzt ihren Körper in ein anderes Universum.","Ihr Schlaf öffnet einen Funkkanal zu außerirdischen Computern.","B","Cobb und sein Team dringen in Träume ein und können dort Informationen aus dem Unterbewusstsein gewinnen.","Leonardo DiCaprio spielt Dom Cobb, der mit einem spezialisierten Team in fremde Träume eindringt. Dort lassen sich Geheimnisse gewinnen, die im Wachzustand geschützt wären. Die Handlung beruht auf dieser Technik des gemeinsamen Träumens. Der spätere Auftrag erweitert das Prinzip: Informationen sollen nicht entnommen, sondern eine Idee soll unbemerkt eingepflanzt werden.","Die Traumwelt ist keine tatsächliche Zeitreise in vergangene Ereignisse.","Cobb und sein Team dringen in Träume ein und können dort Informationen aus dem Unterbewusstsein gewinnen.","Die schlafenden Körper werden nicht in andere Universen transportiert.","Außerirdische Funknetze spielen bei Cobbs Methode keine Rolle.","Cobbs Spezialgebiet ist der Diebstahl von Wissen in gemeinsamen Träumen.","keine","https://en.wikipedia.org/wiki/Inception","redaktionell_geprueft"
"SF-L-009","K-SF-009-reise-aus-zukunft","","de","Film","Science-Fiction","Terminator","The Terminator","1984","Terminator","leicht","Handlung","Zeitreise|Künstliche Intelligenz|Familie","Terminator|Zeitreisefilme|Künstliche Intelligenz und Cyborgs","Jäger und Beschützer kommen aus demselben zukünftigen Krieg.","„Terminator“ (1984): Aus welcher Epoche stammen Kyle Reese und der Terminator, bevor sie zu Sarah reisen?","Aus einer späteren Kriegszeit","Aus Sarahs eigener Gegenwart","Aus einer früheren Kriegszeit","Aus einer entfernten Vergangenheit","A","Sowohl der Terminator als auch Kyle Reese werden aus einer Zukunft des Maschinenkriegs in das Jahr 1984 geschickt.","Sarah Connor lebt 1984 noch ohne Kenntnis ihrer späteren Bedeutung. Der Terminator und Kyle Reese bringen diesen zukünftigen Konflikt in ihren Alltag. Arnold Schwarzenegger verkörpert den Maschinenjäger, Michael Biehn den menschlichen Beschützer. Ihre Reise erklärt, warum eine scheinbar gewöhnliche junge Frau plötzlich für das Überleben der Menschheit wichtig sein soll.","Sowohl der Terminator als auch Kyle Reese werden aus einer Zukunft des Maschinenkriegs in das Jahr 1984 geschickt.","Beide reisen aus der Zukunft an; sie stammen nicht aus Sarahs damaligem Alltag.","Ihre Ausgangszeit liegt nach Sarahs Gegenwart, nicht davor.","Die Reise führt rückwärts zu Sarah; die Reisenden stammen nicht aus ihrer Vergangenheit.","Jäger und Beschützer kommen aus demselben zukünftigen Krieg.","keine","https://en.wikipedia.org/wiki/The_Terminator","redaktionell_geprueft"
"SF-L-009-V1","K-SF-009-reise-aus-zukunft","SF-L-009","de","Film","Science-Fiction","Terminator","The Terminator","1984","Terminator","leicht","Handlung","Zeitreise|Künstliche Intelligenz|Familie","Terminator|Zeitreisefilme|Künstliche Intelligenz und Cyborgs","Jäger und Beschützer kommen aus demselben zukünftigen Krieg.","„Terminator“ (1984): Welche zeitliche Verbindung haben Kyle Reese und der Terminator zu Sarahs Gegenwart?","Nur der Terminator reist durch die Zeit; Reese lebt schon dort.","Nur Reese reist durch die Zeit; der Terminator wird vor Ort gebaut.","Beide reisen aus einer späteren Kriegszeit zu ihr zurück.","Beide reisen aus einer früheren Epoche zu ihr vorwärts.","C","Reese und der Terminator kommen aus der Zukunft und verfolgen gegensätzliche Ziele bezüglich Sarah.","Sarah Connor lebt 1984 noch ohne Kenntnis ihrer späteren Bedeutung. Der Terminator und Kyle Reese bringen diesen zukünftigen Konflikt in ihren Alltag. Arnold Schwarzenegger verkörpert den Maschinenjäger, Michael Biehn den menschlichen Beschützer. Ihre Reise erklärt, warum eine scheinbar gewöhnliche junge Frau plötzlich für das Überleben der Menschheit wichtig sein soll.","Auch Reese ist ein Zeitreisender; er stammt nicht aus Sarahs Gegenwart.","Auch der Terminator wird aus der Zukunft zurückgeschickt.","Reese und der Terminator kommen aus der Zukunft und verfolgen gegensätzliche Ziele bezüglich Sarah.","Ihre Ausgangszeit liegt nach Sarahs Gegenwart, nicht vor ihr.","Jäger und Beschützer kommen aus demselben zukünftigen Krieg.","keine","https://en.wikipedia.org/wiki/The_Terminator","redaktionell_geprueft"
"SF-L-010","K-SF-010-t1000-fluessigmetall","","de","Film","Science-Fiction","Terminator 2 – Tag der Abrechnung","Terminator 2: Judgment Day","1991","Terminator","leicht","Technik","Zeitreise|Künstliche Intelligenz|Selbstbestimmung","Terminator|Zeitreisefilme|Künstliche Intelligenz und Cyborgs","Der T-1000 verändert als Flüssigmetallkörper seine Gestalt.","„Terminator 2 – Tag der Abrechnung“ (1991): Welche besondere Eigenschaft besitzt der T-1000?","Sein Körper kann die Schwerkraft unmittelbar ausschalten.","Sein Körper kann sich in ein unsichtbares Kraftfeld hüllen.","Sein Körper kann flüssig werden und die Gestalt wechseln.","Sein Körper kann Erinnerungen berührter Menschen auslesen.","C","Der T-1000 besteht aus einer formbaren metallischen Substanz und kann das äußere Erscheinungsbild anderer Menschen annehmen.","Der von Robert Patrick gespielte T-1000 unterscheidet sich deutlich von dem schwer wirkenden T-800. Sein Körper kann fließen, sich neu zusammensetzen und menschliche Gestalten nachahmen. Dadurch bietet ein scheinbar unversehrtes Gegenüber keine verlässliche Sicherheit. Die Fähigkeit macht aus der Verfolgung nicht nur einen Kampf gegen Kraft, sondern auch gegen eine bewegliche und täuschend echte Erscheinung.","Er schaltet die Schwerkraft nicht aus; der T-1000 besteht aus formbarem Flüssigmetall.","Ein Unsichtbarkeitsfeld ist nicht seine Tarntechnik; er verändert seine Form.","Der T-1000 besteht aus einer formbaren metallischen Substanz und kann das äußere Erscheinungsbild anderer Menschen annehmen.","Er kopiert Erscheinungen, liest aber nicht auf diese Weise die Erinnerungen seiner Opfer aus.","Der T-1000 verändert als Flüssigmetallkörper seine Gestalt.","Handlung","https://en.wikipedia.org/wiki/Terminator_2:_Judgment_Day","redaktionell_geprueft"
"SF-L-010-V1","K-SF-010-t1000-fluessigmetall","SF-L-010","de","Film","Science-Fiction","Terminator 2 – Tag der Abrechnung","Terminator 2: Judgment Day","1991","Terminator","leicht","Technik","Zeitreise|Künstliche Intelligenz|Selbstbestimmung","Terminator|Zeitreisefilme|Künstliche Intelligenz und Cyborgs","Der T-1000 verändert als Flüssigmetallkörper seine Gestalt.","„Terminator 2 – Tag der Abrechnung“ (1991): Wodurch kann der T-1000 das Aussehen verschiedener Menschen nachahmen?","Sein Flüssigmetallkörper lässt sich in neue Gestalten formen.","Sein Gehirn überträgt sich in echte menschliche Körper.","Sein festes Skelett trägt wechselbare künstliche Gesichtsmasken.","Sein Körper projiziert ausschließlich optische Hologramme.","A","Der T-1000 verändert die Form seines Flüssigmetallkörpers und kann so andere Menschen imitieren.","Der von Robert Patrick gespielte T-1000 unterscheidet sich deutlich von dem schwer wirkenden T-800. Sein Körper kann fließen, sich neu zusammensetzen und menschliche Gestalten nachahmen. Dadurch bietet ein scheinbar unversehrtes Gegenüber keine verlässliche Sicherheit. Die Fähigkeit macht aus der Verfolgung nicht nur einen Kampf gegen Kraft, sondern auch gegen eine bewegliche und täuschend echte Erscheinung.","Der T-1000 verändert die Form seines Flüssigmetallkörpers und kann so andere Menschen imitieren.","Er übernimmt keine fremden Körper; sein eigener Körper verändert sich.","Er nutzt nicht bloß aufgesetzte Masken auf einem unveränderlichen Körper.","Seine Nachahmungen sind körperliche Formveränderungen, keine reinen Lichtprojektionen.","Der T-1000 verändert als Flüssigmetallkörper seine Gestalt.","Handlung","https://en.wikipedia.org/wiki/Terminator_2:_Judgment_Day","redaktionell_geprueft"
"SF-L-011","K-SF-011-marty-darsteller","","de","Film","Science-Fiction","Zurück in die Zukunft","Back to the Future","1985","Zurück in die Zukunft","leicht","Besetzung","Zeitreise|Familie|Kausalität","Zurück in die Zukunft|Zeitreisefilme","Michael J. Fox ist Marty, Christopher Lloyd ist Doc.","„Zurück in die Zukunft“ (1985): Wer spielt Marty McFly?","Michael J. Fox","John Cusack","Corey Feldman","Matthew Broderick","A","Michael J. Fox spielt Marty McFly. Christopher Lloyd übernimmt die Rolle seines Freundes Doc Brown.","Michael J. Fox verkörpert den Schüler Marty McFly, Christopher Lloyd den exzentrischen Erfinder Doc Brown. Ihre Freundschaft verbindet die Alltagssorgen eines Jugendlichen mit einer riskanten Zeitreise. Marty muss dabei nicht nur nach Hause finden, sondern auch verhindern, dass seine Eingriffe in die Vergangenheit seine eigene Existenz auslöschen.","Michael J. Fox spielt Marty McFly. Christopher Lloyd übernimmt die Rolle seines Freundes Doc Brown.","John Cusack spielt Rob in High Fidelity; Marty McFly ist die Rolle von Michael J. Fox.","Corey Feldman spielt Mouth in Die Goonies; Marty McFly wird von Michael J. Fox dargestellt.","Matthew Broderick ist Ferris Bueller; der jugendliche Zeitreisende Marty wird von Michael J. Fox gespielt.","Michael J. Fox ist Marty, Christopher Lloyd ist Doc.","Handlung","https://en.wikipedia.org/wiki/Back_to_the_Future","redaktionell_geprueft"
"SF-L-012","K-SF-012-hoverboard","","de","Film","Science-Fiction","Zurück in die Zukunft II","Back to the Future Part II","1989","Zurück in die Zukunft","leicht","Technik","Zeitreise|Kausalität|Machtmissbrauch","Zurück in die Zukunft|Zeitreisefilme","Das Hoverboard überträgt Martys Skateboard-Flucht in die Zukunft.","„Zurück in die Zukunft II“ (1989): Welches futuristische Sportgerät benutzt Marty?","Ein selbstbalancierender Motorroller","Ein motorisiertes Rollbrett mit Rädern","Ein elektrisch angetriebenes Einrad","Ein schwebendes Skateboard","D","Marty benutzt ein Hoverboard, das über dem Boden schwebt und ihm bei der Flucht hilft.","Das Hoverboard greift eine Fähigkeit auf, die Marty schon aus seiner Gegenwart mitbringt: Er kann Skateboard fahren. In der Zukunft fehlt dem Brett der Bodenkontakt. Dadurch wirkt die Verfolgungsjagd vertraut und zugleich fremd. Das Gerät wird im Film zu einem besonders einprägsamen Bild des futuristischen Alltags.","Ein Motorroller ist nicht das Gerät der Verfolgungsjagd; Marty steht auf einem Brett.","Das Board bewegt sich schwebend, nicht auf motorisierten Rädern.","Marty benutzt kein Einrad, sondern ein Hoverboard ohne Räder.","Marty benutzt ein Hoverboard, das über dem Boden schwebt und ihm bei der Flucht hilft.","Das Hoverboard überträgt Martys Skateboard-Flucht in die Zukunft.","Handlung","https://en.wikipedia.org/wiki/Back_to_the_Future_Part_II","redaktionell_geprueft"
"SF-L-013","K-SF-013-wilder-westen","","de","Film","Science-Fiction","Zurück in die Zukunft III","Back to the Future Part III","1990","Zurück in die Zukunft","leicht","Schauplatz","Zeitreise|Freundschaft|Technik","Zurück in die Zukunft|Zeitreisefilme","Der dritte Teil verlegt die Zeitreise in den Wilden Westen.","„Zurück in die Zukunft III“ (1990): In welcher Epoche spielt ein großer Teil?","Im Wilden Westen","Im Zweiten Weltkrieg","Im antiken Rom","Im mittelalterlichen England","A","Marty reist ins Jahr 1885. Der Film verbindet die Zeitreisegeschichte mit Schauplätzen und Motiven eines Westerns.","Marty folgt Doc nach Hill Valley im Jahr 1885. Statt futuristischer Straßen bestimmen Pferde, Eisenbahn und ein Saloon den Schauplatz. Der Film nutzt typische Westernsituationen, etwa eine drohende Schießerei, verknüpft sie aber mit dem vertrauten Problem der Reihe: Die Freunde müssen einen Weg zurück in ihre eigene Zeit finden.","Marty reist ins Jahr 1885. Der Film verbindet die Zeitreisegeschichte mit Schauplätzen und Motiven eines Westerns.","Der Zweite Weltkrieg liegt Jahrzehnte nach der Zeit, in der Marty Doc sucht.","Antike Schauplätze gehören nicht zu Martys Reise; Hill Valley liegt im Wilden Westen.","Die Handlung führt ins amerikanische Jahr 1885, nicht nach England im Mittelalter.","Der dritte Teil verlegt die Zeitreise in den Wilden Westen.","Handlung","https://en.wikipedia.org/wiki/Back_to_the_Future_Part_III","redaktionell_geprueft"
"SF-L-014","K-SF-014-bernstein-dna","","de","Film","Science-Fiction","Jurassic Park","Jurassic Park","1993","Jurassic Park / Jurassic World","leicht","Technik","Gentechnik|Dinosaurier|Kontrollverlust","Jurassic Park / Jurassic World|Genetik und Klone","Bernstein bewahrt im Film die Mücken mit Dinosaurierblut.","„Jurassic Park“ (1993): In welchem Material finden die Forscher die eingeschlossenen Mücken mit Dinosaurierblut?","Kalkstein","Bernstein","Granit","Vulkanglas","B","In Bernstein konservierte blutsaugende Insekten liefern dem Film zufolge das Ausgangsmaterial für die Rekonstruktion der Dinosaurier-DNA.","John Hammonds Park beruht auf der Filmidee, Erbmaterial aus dem Blut eingeschlossener Insekten zu gewinnen. Der Bernstein liefert damit den anschaulichen Ausgangspunkt der Dinosaurierzucht. Das ist eine Erklärung innerhalb der Science-Fiction-Handlung, kein Nachweis einer praktisch funktionierenden Methode. Die Begeisterung über diese Technik verdeckt zunächst die Schwierigkeiten, lebende Tiere dauerhaft zu kontrollieren.","Die Forscher nutzen im Film Bernstein statt Kalkstein als Fundmaterial.","In Bernstein konservierte blutsaugende Insekten liefern dem Film zufolge das Ausgangsmaterial für die Rekonstruktion der Dinosaurier-DNA.","Granit liefert nicht die eingeschlossenen Mücken, auf denen die Filmidee beruht.","Vulkanglas ist nicht das Material der gezeigten Insekteneinschlüsse.","Bernstein bewahrt im Film die Mücken mit Dinosaurierblut.","keine","https://en.wikipedia.org/wiki/Jurassic_Park_(film)","redaktionell_geprueft"
"SF-L-015","K-SF-015-isla-nublar","","de","Film","Science-Fiction","Jurassic World","Jurassic World","2015","Jurassic Park / Jurassic World","leicht","Schauplatz","Gentechnik|Dinosaurier|Kontrollverlust","Jurassic Park / Jurassic World|Genetik und Klone","Jurassic World öffnet auf Isla Nublar, der Insel des ersten Parks.","„Jurassic World“ (2015): Auf welcher Insel befindet sich der Freizeitpark?","Shutter Island","Isla Sorna","Skull Island","Isla Nublar","D","Jurassic World wurde auf Isla Nublar errichtet, dem Schauplatz des ursprünglichen Jurassic Park.","Der neue Freizeitpark steht auf derselben Insel wie Hammonds ursprüngliches Projekt. Inzwischen werden Dinosaurier als reguläre Attraktion vermarktet. Diese Rückkehr zum alten Schauplatz verstärkt die Ironie der Geschichte: Trotz der früheren Katastrophe glauben Betreiber und Investoren erneut, die Tiere kontrollieren und den Unterhaltungswert immer weiter steigern zu können.","Shutter Island gehört nicht zu den Schauplätzen der Jurassic-Filmreihe.","Isla Sorna gehört ebenfalls zur Filmreihe, ist aber nicht der Standort von Jurassic World.","Skull Island ist nicht die Insel dieses Parks.","Jurassic World wurde auf Isla Nublar errichtet, dem Schauplatz des ursprünglichen Jurassic Park.","Jurassic World öffnet auf Isla Nublar, der Insel des ersten Parks.","Handlung","https://en.wikipedia.org/wiki/Jurassic_World","redaktionell_geprueft"
"SF-L-016","K-SF-016-pandora-mond","","de","Film","Science-Fiction","Avatar","Avatar","2009","Avatar","leicht","Schauplatz","Außerirdische|Kolonialismus|Ökologie","Avatar|Außerirdische und Erstkontakt","Pandora ist die Heimat der Na'vi und das Ziel der Rohstoffgewinnung.","„Avatar“ (2009): Wie heißt der bewohnte Mond, auf dem der Film hauptsächlich spielt?","Europa","Titan","Endor","Pandora","D","Pandora ist der von den Na'vi bewohnte Mond. Die Menschen kommen dorthin vor allem wegen seiner wertvollen Rohstoffe.","Pandora ist ein bewohnter Mond mit einer vielfältigen, für Menschen gefährlichen Umwelt. Jake Sully lernt ihn zunächst als Teilnehmer des Avatar-Programms kennen. Neytiri zeigt ihm später die Lebensweise der Na'vi. Der Schauplatz wird dadurch mehr als eine fremde Landschaft: Er ist ein Lebensraum, dessen Bedeutung die menschlichen Eindringlinge zunächst unterschätzen.","Europa ist nicht der Schauplatz von Avatar; gesucht ist Pandora.","Titan ist nicht der von den Na'vi bewohnte Mond.","Endor gehört zu Star Wars, nicht zu Jakes Reise.","Pandora ist der von den Na'vi bewohnte Mond. Die Menschen kommen dorthin vor allem wegen seiner wertvollen Rohstoffe.","Pandora ist die Heimat der Na'vi und das Ziel der Rohstoffgewinnung.","Handlung","https://en.wikipedia.org/wiki/Avatar_(2009_film)","redaktionell_geprueft"
"SF-L-017","K-SF-017-et-heimkehr","","de","Film","Science-Fiction","E.T. – Der Außerirdische","E.T. the Extra-Terrestrial","1982","","leicht","Motiv","Außerirdische|Freundschaft|Heimkehr","Außerirdische und Erstkontakt","E.T. sucht den Kontakt zu seinem Volk und die Heimkehr.","„E.T. – Der Außerirdische“ (1982): Was möchte E.T. im Film vor allem erreichen?","Seine Gruppe vor einer menschlichen Invasion warnen","Seine Artgenossen zur Besiedlung der Erde rufen","Eine dauerhafte Forschungsstation auf der Erde errichten","Zu seinem Heimatvolk zurückkehren","D","E.T. wurde auf der Erde zurückgelassen. Elliott hilft ihm, Kontakt zu seinen Artgenossen aufzunehmen und nach Hause zu kommen.","E.T. bleibt nach dem überstürzten Aufbruch seiner Artgenossen auf der Erde zurück. Elliott findet in ihm einen Freund und hilft ihm, eine Verbindung nach Hause herzustellen. Der Wunsch des Außerirdischen ist damit sehr menschlich verständlich. Die Geschichte verbindet die Freude über eine neue Freundschaft mit der Aussicht auf einen notwendigen Abschied.","E.T. plant keine Warnung vor einer menschlichen Invasion; er möchte abgeholt werden.","Er ruft nach Hilfe zur Heimkehr, nicht nach einer Besiedlung der Erde.","Eine neue Forschungsstation ist nicht sein Ziel; er wurde zurückgelassen.","E.T. wurde auf der Erde zurückgelassen. Elliott hilft ihm, Kontakt zu seinen Artgenossen aufzunehmen und nach Hause zu kommen.","E.T. sucht den Kontakt zu seinem Volk und die Heimkehr.","keine","https://en.wikipedia.org/wiki/E.T._the_Extra-Terrestrial","redaktionell_geprueft"
"SF-L-018","K-SF-018-ridley-scott-regie","","de","Film","Science-Fiction","Der Marsianer – Rettet Mark Watney","The Martian","2015","","leicht","Regie","Raumfahrt|Überleben|Zusammenarbeit","Weltraumfilme","Ridley Scott inszeniert Watneys Überlebenskampf, Matt Damon spielt ihn.","„Der Marsianer – Rettet Mark Watney“ (2015): Wer führte bei Mark Watneys Überlebensgeschichte Regie?","Christopher Nolan","Ridley Scott","James Cameron","Denis Villeneuve","B","Ridley Scott inszenierte den Film; Matt Damon spielt den gestrandeten Astronauten Mark Watney.","Ridley Scott erzählt die Rettung Mark Watneys als Wechsel zwischen improvisiertem Überleben auf dem Mars und gemeinsamer Problemlösung auf der Erde. Matt Damon trägt die Hauptrolle, doch die Geschichte verteilt Verantwortung auf viele Beteiligte. Der Regisseur verbindet dabei große Weltraumbilder mit einem überraschend alltagsnahen Helden, der Nahrung anbaut, Geräte repariert und seine Lage mit Humor kommentiert.","Christopher Nolan inszenierte Interstellar; bei dieser Marsmission führte Ridley Scott Regie.","Ridley Scott inszenierte den Film; Matt Damon spielt den gestrandeten Astronauten Mark Watney.","James Cameron führte hier nicht Regie; der Film stammt von Ridley Scott.","Denis Villeneuve drehte unter anderem Arrival, aber nicht diesen Film.","Ridley Scott inszeniert Watneys Überlebenskampf, Matt Damon spielt ihn.","keine","https://www.20thcenturystudios.com/movies/the-martian|https://en.wikipedia.org/wiki/The_Martian_(film)","redaktionell_geprueft"
"SF-L-019","K-SF-019-agent-j-darsteller","","de","Film","Science-Fiction","Men in Black","Men in Black","1997","Men in Black","leicht","Besetzung","Außerirdische|Geheimorganisation|Identität","Men in Black|Außerirdische und Erstkontakt|Identität und Wirklichkeit","Will Smith ist der Neuling J, Tommy Lee Jones der erfahrene K.","„Men in Black“ (1997): Welcher Schauspieler spielt Agent J?","Will Smith","Martin Lawrence","Eddie Murphy","Denzel Washington","A","Will Smith spielt den neu angeworbenen Agenten J. Tommy Lee Jones verkörpert seinen erfahrenen Partner K.","Will Smith spielt Agent J, der erst lernen muss, wie viele Außerirdische unerkannt auf der Erde leben. Tommy Lee Jones verkörpert den routinierten Agenten K. Der Gegensatz zwischen neugierigem Neuling und trockenem Profi prägt den Humor. Das Publikum entdeckt die verborgene Welt zusammen mit J und teilt zunächst seine Überraschung.","Will Smith spielt den neu angeworbenen Agenten J. Tommy Lee Jones verkörpert seinen erfahrenen Partner K.","Martin Lawrence spielt Marcus Burnett in Bad Boys; Agent J wird dagegen von Will Smith dargestellt.","Eddie Murphy spielt Axel Foley in Beverly Hills Cop; Agent J ist die Rolle von Will Smith.","Denzel Washington spielt Alonzo Harris in Training Day; den außerirdischen Alltag entdeckt hier Will Smith als J.","Will Smith ist der Neuling J, Tommy Lee Jones der erfahrene K.","keine","https://en.wikipedia.org/wiki/Men_in_Black_(1997_film)","redaktionell_geprueft"
"SF-L-020","K-SF-020-alien-invasion","","de","Film","Science-Fiction","Independence Day","Independence Day","1996","Independence Day","leicht","Handlung","Außerirdische|Invasion|Zusammenarbeit","Independence Day|Außerirdische und Erstkontakt","Independence Day erzählt den Widerstand gegen eine globale Alien-Invasion.","„Independence Day“ (1996): Welche Bedrohung steht im Mittelpunkt?","Ein Aufstand humanoider Roboter","Eine weltweite Invasion Außerirdischer","Eine Kollision mit einem Kometen","Eine globale Schlafkrankheit","B","Riesige außerirdische Schiffe positionieren sich über Großstädten und beginnen einen verheerenden Angriff auf die Menschheit.","Die riesigen Schiffe erscheinen über Großstädten und machen aus zunächst unsicherer Erwartung eine weltweite Katastrophe. Der Film verfolgt mehrere Figuren, darunter einen Piloten, einen Techniker und den US-Präsidenten. Ihre Wege laufen im Widerstand gegen die Angreifer zusammen. Die Bedrohung kommt von einer außerirdischen Streitmacht, nicht von einem Naturereignis.","Roboter sind nicht die Hauptangreifer; die Invasion geht von Außerirdischen aus.","Riesige außerirdische Schiffe positionieren sich über Großstädten und beginnen einen verheerenden Angriff auf die Menschheit.","Ein Komet verursacht die Zerstörung nicht; die Schiffe greifen gezielt an.","Eine Schlafkrankheit treibt die Handlung nicht an; es handelt sich um einen militärischen Angriff.","Independence Day erzählt den Widerstand gegen eine globale Alien-Invasion.","keine","https://en.wikipedia.org/wiki/Independence_Day_(1996_film)","redaktionell_geprueft"
"SF-L-021","K-SF-021-truman-darsteller","","de","Film","Science-Fiction","Die Truman Show","The Truman Show","1998","","leicht","Besetzung","Überwachung|Medien|Selbstbestimmung","Dystopien","Jim Carrey spielt den unwissenden Fernsehstar Truman Burbank.","„Die Truman Show“ (1998): Welcher Schauspieler spielt Truman Burbank?","Adam Sandler","Ben Stiller","Jim Carrey","Robin Williams","C","Jim Carrey spielt Truman, dessen Alltag ohne sein Wissen als weltweite Fernsehsendung inszeniert wird.","Jim Carrey verkörpert Truman als freundlichen Alltagsmenschen, der seiner scheinbar vertrauten Umgebung zunehmend misstraut. Anders als das Fernsehpublikum innerhalb des Films weiß Truman zunächst nichts von seiner Rolle. Die Besetzung verbindet komische Situationen mit einem ernsten Konflikt: Ein Mensch muss herausfinden, wer über sein Leben bestimmt und ob seine Beziehungen echt sind.","Adam Sandler spielt Henry in 50 erste Dates; der unwissende Fernsehstar Truman wird von Jim Carrey dargestellt.","Ben Stiller spielt Larry in Nachts im Museum; Truman Burbank wird von Jim Carrey verkörpert.","Jim Carrey spielt Truman, dessen Alltag ohne sein Wissen als weltweite Fernsehsendung inszeniert wird.","Robin Williams spielt Alan Parrish in Jumanji; die Hauptrolle dieser künstlichen Fernsehwelt übernimmt Jim Carrey.","Jim Carrey spielt den unwissenden Fernsehstar Truman Burbank.","Handlung","https://en.wikipedia.org/wiki/The_Truman_Show","redaktionell_geprueft"
"SF-L-022","K-SF-022-virus-untergrund","","de","Film","Science-Fiction","12 Monkeys","12 Monkeys","1995","","leicht","Handlung","Zeitreise|Pandemie|Kausalität","Zeitreisefilme","Eine Viruspandemie verdrängt die überlebende Menschheit unter die Erde.","„12 Monkeys“ (1995): Welche Katastrophe zwingt die überlebenden Menschen zum Leben unter der Erde?","Eine flächendeckende Vergiftung aller Böden","Eine anhaltende weltweite Strahlenbelastung","Eine nicht endende globale Kälteperiode","Eine tödliche Viruspandemie","D","Ein Virus hat fast die gesamte Menschheit getötet. Die Überlebenden schicken James Cole zurück, um den Ursprung zu untersuchen.","James Cole lebt in einer Zukunft, in der große Teile der Menschheit einer Pandemie zum Opfer gefallen sind. Die Oberfläche ist für die Überlebenden nicht ihr normaler Lebensraum. Seine Reise in die Vergangenheit soll Informationen über den Erreger liefern. Der Film verbindet diese Suche mit Coles Unsicherheit darüber, ob er seinen eigenen Wahrnehmungen trauen kann.","Eine Bodenvergiftung ist nicht der Auslöser; entscheidend ist die Verbreitung des Virus.","Nicht Strahlung, sondern ein tödlicher Erreger macht die bekannte Welt unbewohnbar.","Die Untergrundgesellschaft entsteht nicht wegen einer Eiszeit, sondern wegen der Pandemie.","Ein Virus hat fast die gesamte Menschheit getötet. Die Überlebenden schicken James Cole zurück, um den Ursprung zu untersuchen.","Eine Viruspandemie verdrängt die überlebende Menschheit unter die Erde.","keine","https://en.wikipedia.org/wiki/12_Monkeys","redaktionell_geprueft"
"SF-L-023","K-SF-023-grosser-bruder","","de","Film","Science-Fiction","1984","Nineteen Eighty-Four","1984","","leicht","Figur","Überwachung|Dystopie|Manipulation","Dystopien","Der Große Bruder ist das Gesicht der allgegenwärtigen Parteiherrschaft.","„1984“ (1984): Wie heißt die allgegenwärtige Führerfigur des Staates?","Der Oberste Hüter","Der Große Bruder","Der Erste Bürger","Der Ewige Vater","B","Der Große Bruder verkörpert die allgegenwärtige Herrschaft und Überwachung der Partei in Ozeanien.","Die Verfilmung von 1984 zeigt eine Gesellschaft, in der Überwachung bis in den privaten Alltag reicht. Der Große Bruder verkörpert diese Herrschaft auf Plakaten und in der politischen Sprache. Für Winston Smith steht die Figur für eine Macht, die nicht nur Gehorsam verlangt, sondern auch Erinnerungen, Gefühle und die Vorstellung von Wahrheit kontrollieren will.","Oberster Hüter ist nicht der im Film verwendete Name.","Der Große Bruder verkörpert die allgegenwärtige Herrschaft und Überwachung der Partei in Ozeanien.","Erster Bürger ist nicht die Bezeichnung der allgegenwärtigen Führerfigur.","Ewiger Vater ist nicht der Titel des Parteisymbols in dieser Verfilmung.","Der Große Bruder ist das Gesicht der allgegenwärtigen Parteiherrschaft.","Handlung","https://en.wikipedia.org/wiki/Nineteen_Eighty-Four_(1984_film)","redaktionell_geprueft"
"SF-L-024","K-SF-024-korben-taxifahrer","","de","Film","Science-Fiction","Das fünfte Element","The Fifth Element","1997","","leicht","Figur","Außerirdische|Rettungsmission|Liebe","Außerirdische und Erstkontakt","Leeloo fällt buchstäblich in den Arbeitsalltag des Taxifahrers Korben.","„Das fünfte Element“ (1997): Welchen Beruf hat Korben Dallas zu Beginn der Haupthandlung?","Arzt","Nachrichtensprecher","Taxifahrer","Archäologe","C","Korben arbeitet als Taxifahrer in einem futuristischen New York. Leeloo landet bei ihrer Flucht direkt in seinem Fahrzeug.","Korben Dallas, gespielt von Bruce Willis, arbeitet in einem futuristischen New York als Taxifahrer. Leeloos Sturz in sein Fahrzeug bringt ihn unvermittelt in einen Konflikt von kosmischer Bedeutung. Der Beruf macht den Einstieg besonders anschaulich: Ein gewöhnlicher Arbeitstag gerät aus den Fugen, und ein widerwilliger Helfer wird zum entscheidenden Beschützer.","Korben behandelt nicht beruflich Patienten; zu Beginn fährt er Taxi.","Er moderiert keine Nachrichten; sein Arbeitsplatz ist ein fliegendes Taxi.","Korben arbeitet als Taxifahrer in einem futuristischen New York. Leeloo landet bei ihrer Flucht direkt in seinem Fahrzeug.","Er ist kein Archäologe, der die Steine ausgräbt, sondern Taxifahrer.","Leeloo fällt buchstäblich in den Arbeitsalltag des Taxifahrers Korben.","Handlung","https://en.wikipedia.org/wiki/The_Fifth_Element","redaktionell_geprueft"
"SF-L-025","K-SF-025-genetische-auslese","","de","Film","Science-Fiction","Gattaca","Gattaca","1997","","leicht","Motiv","Gentechnik|Diskriminierung|Identität","Dystopien|Identität und Wirklichkeit|Genetik und Klone","In Gattaca entscheidet das genetische Profil über gesellschaftliche Chancen.","„Gattaca“ (1997): Was bestimmt die gesellschaftlichen Chancen in der Welt besonders stark?","Das bei Tests ermittelte genetische Profil","Die Zahl geleisteter Militärdienstjahre","Die gesellschaftliche Stellung der Eltern allein","Die Ergebnisse schulischer Leistungstests allein","A","Genetische Tests prägen die Einstufung und Berufschancen. Vincent wird wegen seiner natürlichen Zeugung und prognostizierter Risiken benachteiligt.","Vincent wird wegen prognostizierter genetischer Risiken unterschätzt, obwohl er Raumfahrer werden möchte. Sein Alltag ist von Tests geprägt, die biologische Herkunft höher bewerten als tatsächliche Leistung. Mit Ethan Hawke als Vincent erzählt der Film von dem Versuch, diese Grenze zu überwinden. Die gesellschaftliche Ordnung behandelt Wahrscheinlichkeiten dabei wie ein feststehendes Urteil über einen Menschen.","Genetische Tests prägen die Einstufung und Berufschancen. Vincent wird wegen seiner natürlichen Zeugung und prognostizierter Risiken benachteiligt.","Militärdienst ist nicht das gezeigte Auswahlprinzip; biologische Tests bestimmen die Chancen.","Herkunft kann eine Rolle spielen, doch die spezifische Auslese im Film erfolgt durch Gentests.","Vincent wird gerade trotz seiner Fähigkeiten durch genetische Prognosen benachteiligt.","In Gattaca entscheidet das genetische Profil über gesellschaftliche Chancen.","Handlung","https://en.wikipedia.org/wiki/Gattaca","redaktionell_geprueft"
"SF-L-026","K-SF-026-louise-linguistin","","de","Film","Science-Fiction","Arrival","Arrival","2016","","leicht","Figur","Erstkontakt|Sprache|Zeitwahrnehmung","Außerirdische und Erstkontakt","Louise Banks sucht als Linguistin nach Verständigung mit den Besuchern.","„Arrival“ (2016): Welches Fachgebiet vertritt Louise Banks?","Vulkanologie","Astrophysik","Chirurgie","Sprachwissenschaft","D","Louise ist Linguistin. Sie soll die Sprache der außerirdischen Besucher entschlüsseln und Verständigung ermöglichen.","Louise Banks, gespielt von Amy Adams, wird wegen ihrer sprachwissenschaftlichen Kenntnisse hinzugezogen. Bevor Menschen die Absichten der Besucher beurteilen können, müssen sie überhaupt gemeinsame Begriffe finden. Der Film zeigt Verständigung deshalb als geduldige Arbeit an Zeichen und Bedeutungen. Louise bildet einen Gegenpol zu Entscheidungen, die aus Angst und unvollständigen Übersetzungen entstehen.","Vulkanologie erklärt nicht Louises Auftrag; sie soll Sprache untersuchen.","Der Physiker Ian Donnelly ergänzt das Team; Louise vertritt die Linguistik.","Louise ist keine Chirurgin, sondern eine Expertin für Sprache.","Louise ist Linguistin. Sie soll die Sprache der außerirdischen Besucher entschlüsseln und Verständigung ermöglichen.","Louise Banks sucht als Linguistin nach Verständigung mit den Besuchern.","keine","https://en.wikipedia.org/wiki/Arrival_(film)","redaktionell_geprueft"
"SF-L-027","K-SF-027-ellie-seti","","de","Film","Science-Fiction","Contact","Contact","1997","","leicht","Figur","Erstkontakt|Raumfahrt|Wissenschaft","Außerirdische und Erstkontakt|Weltraumfilme","Ellie Arroway sucht im Radiorauschen nach außerirdischer Intelligenz.","„Contact“ (1997): Wonach sucht Ellie Arroway beruflich?","Nach Funksignalen außerirdischer Intelligenz","Nach Spuren früherer Marsmissionen","Nach bewohnbaren Planeten durch direkte Landungen","Nach Rohstoffen in erdnahen Asteroiden","A","Ellie arbeitet an der Suche nach außerirdischer Intelligenz und analysiert dafür Radiosignale aus dem All.","Ellie Arroway, gespielt von Jodie Foster, hört nicht einfach ins All, sondern untersucht Radiosignale auf Hinweise intelligenten Ursprungs. Ihre Arbeit verbindet große technische Anlagen mit einer sehr persönlichen Frage nach anderen Wesen im Universum. Als ein auffälliges Signal eintrifft, muss sie nicht nur Daten auswerten, sondern auch um wissenschaftliche und politische Glaubwürdigkeit kämpfen.","Ellie arbeitet an der Suche nach außerirdischer Intelligenz und analysiert dafür Radiosignale aus dem All.","Sie untersucht keine verlorenen Marsmissionen, sondern mögliche Botschaften aus dem All.","Ellie reist nicht zur Suche von Planet zu Planet; sie untersucht Radiosignale.","Asteroidenbergbau ist nicht ihr Fachgebiet; sie arbeitet an der Suche nach Intelligenz.","Ellie Arroway sucht im Radiorauschen nach außerirdischer Intelligenz.","Handlung","https://en.wikipedia.org/wiki/Contact_(1997_American_film)","redaktionell_geprueft"
"SF-L-028","K-SF-028-johannesburg","","de","Film","Science-Fiction","District 9","District 9","2009","","leicht","Schauplatz","Außerirdische|Diskriminierung|Identität","Außerirdische und Erstkontakt|Dystopien|Identität und Wirklichkeit","Das fremde Schiff und das abgesonderte Lager befinden sich bei Johannesburg.","„District 9“ (2009): In welcher Stadt spielt der Film hauptsächlich?","Kapstadt","Kairo","Nairobi","Johannesburg","D","Das außerirdische Schiff schwebt über Johannesburg. Seine Insassen werden dort in einem abgesonderten Bezirk untergebracht.","District 9 verlegt die Begegnung mit Außerirdischen in eine südafrikanische Großstadt. Die Besucher werden nicht als mächtige Eroberer gezeigt, sondern leben unter bedrückenden Bedingungen in einem abgetrennten Gebiet. Johannesburg ist deshalb mehr als eine Kulisse: Der Schauplatz unterstützt die Geschichte über Ausgrenzung, Verwaltung und die Frage, wem Mitgefühl zugestanden wird.","Kapstadt liegt zwar ebenfalls in Südafrika, ist aber nicht der Hauptschauplatz.","Kairo ist nicht die Stadt unter dem fremden Schiff.","Nairobi ist nicht der Ort des Lagers; die Handlung spielt bei Johannesburg.","Das außerirdische Schiff schwebt über Johannesburg. Seine Insassen werden dort in einem abgesonderten Bezirk untergebracht.","Das fremde Schiff und das abgesonderte Lager befinden sich bei Johannesburg.","keine","https://en.wikipedia.org/wiki/District_9","redaktionell_geprueft"
"SF-L-029","K-SF-029-sam-mondstation","","de","Film","Science-Fiction","Moon","Moon","2009","","leicht","Schauplatz","Raumfahrt|Klone|Konzernmacht","Weltraumfilme|Genetik und Klone","Sam Bell arbeitet isoliert auf einer Station des Erdmonds.","„Moon“ (2009): Auf welchem Himmelskörper arbeitet Sam Bell?","Auf dem Titan","Auf dem Erdmond","Auf dem Merkur","Auf dem Mars","B","Sam betreut allein eine industrielle Station auf dem Mond und glaubt, kurz vor dem Ende seines Arbeitsvertrags zu stehen.","Sam Bell, gespielt von Sam Rockwell, betreut eine weitgehend automatisierte Anlage auf dem Mond. Er glaubt, kurz vor der Rückkehr zu seiner Familie zu stehen. Die Einsamkeit des Arbeitsplatzes prägt seine Wahrnehmung und seine Erwartungen. Als die vertraute Ordnung brüchig wird, muss er nicht nur technische Störungen, sondern auch seine eigene Lebensgeschichte hinterfragen.","Titan ist nicht Sams Arbeitsort; die Station steht auf dem Erdmond.","Sam betreut allein eine industrielle Station auf dem Mond und glaubt, kurz vor dem Ende seines Arbeitsvertrags zu stehen.","Merkur ist nicht der Ort des Rohstoffabbaus in Moon.","Die Handlung dieser Station spielt nicht auf dem Mars.","Sam Bell arbeitet isoliert auf einer Station des Erdmonds.","Handlung","https://en.wikipedia.org/wiki/Moon_(2009_film)","redaktionell_geprueft"
"SF-L-030","K-SF-030-ava-bewusstsein","","de","Film","Science-Fiction","Ex Machina","Ex Machina","2014","","leicht","Motiv","Künstliche Intelligenz|Bewusstsein|Manipulation","Künstliche Intelligenz und Cyborgs","Caleb soll Avas geistige Fähigkeiten im Gespräch beurteilen.","„Ex Machina“ (2014): Was soll Caleb untersuchen?","Ob ein Roboter körperlich stärker als Menschen ist","Ob eine künstliche Intelligenz Bewusstsein zeigt","Ob ein Mensch künstlich erzeugte Erinnerungen erkennt","Ob ein Suchprogramm jede Straftat vorhersagen kann","B","Caleb soll Ava, eine humanoide künstliche Intelligenz, in Gesprächen beurteilen und ihre geistigen Fähigkeiten einschätzen.","Caleb besucht den zurückgezogen lebenden Unternehmer Nathan, um Ava kennenzulernen. Er sieht von Anfang an, dass sie künstlich gebaut ist. Die Herausforderung besteht daher nicht bloß darin, einen unsichtbaren Computer mit einem Menschen zu verwechseln. Ihre Gespräche stellen die Frage, wie Caleb Bewusstsein, Gefühle und strategisches Verhalten bei einem fremden Gegenüber überhaupt unterscheiden kann.","Ihre körperliche Leistung ist nicht das erklärte Ziel des Tests; es geht um Bewusstsein.","Caleb soll Ava, eine humanoide künstliche Intelligenz, in Gesprächen beurteilen und ihre geistigen Fähigkeiten einschätzen.","Calebs Auftrag betrifft Avas geistige Fähigkeiten, nicht einen Test seiner Erinnerung.","Eine Verbrechensprognose ist nicht Gegenstand seiner Gespräche mit Ava.","Caleb soll Avas geistige Fähigkeiten im Gespräch beurteilen.","Handlung","https://en.wikipedia.org/wiki/Ex_Machina_(film)","redaktionell_geprueft"
"SF-L-031","K-SF-031-precrime-morde","","de","Film","Science-Fiction","Minority Report","Minority Report","2002","","leicht","Handlung","Zukunftsvorhersage|Überwachung|Freier Wille","Dystopien","Precrime bestraft vorhergesagte Morde, bevor sie begangen werden.","„Minority Report“ (2002): Was versucht die Polizeieinheit Precrime zu verhindern?","Diebstähle von Raumfahrzeugen","Illegale Zeitreisen","Morde, bevor sie geschehen","Die Herstellung menschlicher Klone","C","Precrime verhaftet Personen aufgrund vorhergesagter Morde. Der Film stellt die Verlässlichkeit und die Folgen dieses Systems infrage.","Die Einheit Precrime nutzt die Visionen sogenannter Precogs, um künftige Täter vor einem Mord festzunehmen. John Anderton, gespielt von Tom Cruise, glaubt zunächst an dieses System. Als er selbst als Täter vorhergesagt wird, gerät seine Gewissheit ins Wanken. Der Film fragt damit, wie sicher eine Vorhersage sein muss, um einem Menschen seine Freiheit zu nehmen.","Raumfahrzeugdiebstähle sind nicht Precrimes Spezialgebiet; es geht um vorhergesagte Tötungen.","Precrime verhindert keine Zeitreisen, sondern greift aufgrund von Zukunftsvisionen ein.","Precrime verhaftet Personen aufgrund vorhergesagter Morde. Der Film stellt die Verlässlichkeit und die Folgen dieses Systems infrage.","Die Herstellung von Klonen ist nicht der Zweck dieser Polizeiarbeit.","Precrime bestraft vorhergesagte Morde, bevor sie begangen werden.","Handlung","https://en.wikipedia.org/wiki/Minority_Report_(film)","redaktionell_geprueft"
"SF-L-032","K-SF-032-quaid-mars","","de","Film","Science-Fiction","Die totale Erinnerung – Total Recall","Total Recall","1990","","leicht","Schauplatz","Erinnerung|Identität|Konzernmacht","Identität und Wirklichkeit","Douglas Quaid sehnt sich nach dem Mars und sucht bei Rekall eine Erfahrung davon.","„Die totale Erinnerung – Total Recall“ (1990): Welcher Planet ist Douglas Quaids Sehnsuchtsziel?","Neptun","Jupiter","Venus","Mars","D","Quaid träumt vom Mars und lässt sich bei Rekall eine entsprechende Erinnerung anbieten. Bald gerät sein bisheriges Leben ins Wanken.","Douglas Quaid, gespielt von Arnold Schwarzenegger, träumt vom Mars, obwohl sein bisheriges Leben anders aussieht. Das Angebot der Firma Rekall verspricht ihm passende Erinnerungen. Danach wird unklar, welchem Teil seiner Biografie er trauen kann. Der Mars ist somit nicht nur Reiseziel, sondern auch Schauplatz seiner Suche nach einer möglicherweise verdrängten Identität.","Neptun spielt nicht die Rolle des von Quaid erträumten Reiseziels.","Jupiter ist nicht der Planet aus Quaids wiederkehrenden Marsvorstellungen.","Venus ist nicht sein Sehnsuchtsziel; Quaid interessiert sich für den Mars.","Quaid träumt vom Mars und lässt sich bei Rekall eine entsprechende Erinnerung anbieten. Bald gerät sein bisheriges Leben ins Wanken.","Douglas Quaid sehnt sich nach dem Mars und sucht bei Rekall eine Erfahrung davon.","Handlung","https://en.wikipedia.org/wiki/Total_Recall_(1990_film)","redaktionell_geprueft"
"SF-L-033","K-SF-033-robocop-detroit","","de","Film","Science-Fiction","RoboCop","RoboCop","1987","RoboCop","leicht","Schauplatz","Cyborgs|Identität|Konzernmacht","RoboCop|Künstliche Intelligenz und Cyborgs|Identität und Wirklichkeit","Detroit ist der Schauplatz privatisierter Polizeimacht in RoboCop.","„RoboCop“ (1987): In welcher Stadt spielt der Film?","Miami","Seattle","Detroit","Boston","C","Der Film spielt in einem von Kriminalität und Konzernmacht geprägten Detroit, dessen Polizeiarbeit OCP kontrolliert.","Das futuristische Detroit leidet unter Gewalt und dem Einfluss des Konzerns OCP. Die Polizei wird zur Bühne wirtschaftlicher Interessen, während Alex Murphy als neues Produkt präsentiert wird. Die Stadt bildet den konkreten Hintergrund dieser Verbindung von öffentlicher Sicherheit und Privatwirtschaft. RoboCops Kampf gilt daher nicht nur Straßenkriminellen, sondern auch den Machtverhältnissen hinter seinem eigenen Einsatz.","Miami ist nicht der Handlungsort des Films von 1987.","Seattle ist nicht der Schauplatz von Murphys Dienst und Umbau.","Der Film spielt in einem von Kriminalität und Konzernmacht geprägten Detroit, dessen Polizeiarbeit OCP kontrolliert.","Boston ist nicht die im Film gezeigte Stadt unter OCPs Einfluss.","Detroit ist der Schauplatz privatisierter Polizeimacht in RoboCop.","Handlung","https://en.wikipedia.org/wiki/RoboCop","redaktionell_geprueft"
"SF-L-034","K-SF-034-bugs-gegner","","de","Film","Science-Fiction","Starship Troopers","Starship Troopers","1997","Starship Troopers","leicht","Handlung","Außerirdische|Krieg|Propaganda","Starship Troopers|Außerirdische und Erstkontakt","Die Föderation führt Krieg gegen die insektenartigen Bugs.","„Starship Troopers“ (1997): Gegen welche Gegner kämpfen die Soldaten hauptsächlich?","Eine abtrünnige menschliche Kolonialarmee","Riesige insektenartige Außerirdische","Eine von Maschinen gesteuerte Roboterarmee","Eine reptilienartige außerirdische Spezies","B","Die menschliche Föderation führt Krieg gegen die als Bugs bezeichneten Arachnoiden, die in sehr unterschiedlichen Formen auftreten.","Johnny Rico tritt in den Militärdienst einer Gesellschaft ein, die Krieg und staatsbürgerlichen Status eng verbindet. Seine Gegner sind die als Bugs bezeichneten außerirdischen Arachnoiden. Der Film zeigt sie in unterschiedlichen Formen und Funktionen. Gleichzeitig rahmen propagandistische Nachrichten die Kämpfe, sodass nicht nur die Schlachten, sondern auch ihre politische Darstellung Teil der Erzählung sind.","Der Krieg richtet sich gegen eine fremde Spezies, nicht vor allem gegen menschliche Kolonien.","Die menschliche Föderation führt Krieg gegen die als Bugs bezeichneten Arachnoiden, die in sehr unterschiedlichen Formen auftreten.","Die feindlichen Wesen sind keine industrielle Roboterarmee.","Die Bugs werden als Arachnoiden gezeigt, nicht als reptilienartige Gegner.","Die Föderation führt Krieg gegen die insektenartigen Bugs.","Handlung","https://en.wikipedia.org/wiki/Starship_Troopers_(film)","redaktionell_geprueft"
"SF-L-035","K-SF-035-predator-dschungel","","de","Film","Science-Fiction","Predator","Predator","1987","Predator","leicht","Schauplatz","Außerirdische|Überleben|Jagd","Predator|Außerirdische und Erstkontakt","Der Dschungel verwandelt Dutchs Einsatzgebiet in das Jagdrevier eines Fremden.","„Predator“ (1987): In welcher Umgebung wird Dutchs Team überwiegend gejagt?","In einer unterirdischen Megastadt","In einer verlassenen Raumstation","Im tropischen Dschungel","In der arktischen Tundra","C","Die Einheit befindet sich auf einem Einsatz im tropischen Dschungel, wo ein außerirdischer Jäger die Soldaten verfolgt.","Dutch, gespielt von Arnold Schwarzenegger, führt eine bewaffnete Einheit durch tropischen Dschungel. Nach einem zunächst konventionell wirkenden Militäreinsatz merken die Männer, dass sie selbst verfolgt werden. Die dichte Vegetation bietet dem fremden Jäger Deckung und erschwert die Orientierung. Damit kippt die Geschichte von überlegenen Soldaten in eine Situation, in der ihre gewohnte Stärke wenig Sicherheit bietet.","Eine unterirdische Großstadt ist nicht das Einsatzgebiet der Einheit.","Die Männer befinden sich auf der Erde, nicht auf einer verlassenen Raumstation.","Die Einheit befindet sich auf einem Einsatz im tropischen Dschungel, wo ein außerirdischer Jäger die Soldaten verfolgt.","Eisige Tundra ist nicht die Umgebung; sie kämpfen in tropischem Dschungel.","Der Dschungel verwandelt Dutchs Einsatzgebiet in das Jagdrevier eines Fremden.","Handlung","https://en.wikipedia.org/wiki/Predator_(film)","redaktionell_geprueft"
"SF-L-036","K-SF-036-murdoch-amnesie","","de","Film","Science-Fiction","Dark City","Dark City","1998","","leicht","Figur","Erinnerung|Identität|Künstliche Lebensräume","Identität und Wirklichkeit","John Murdochs fehlende Erinnerungen machen seine eigene Identität zum Rätsel.","„Dark City“ (1998): Mit welchem persönlichen Problem erwacht John Murdoch zu Beginn?","Er kann niemanden mehr hören.","Er altert jede Minute um ein Jahr.","Er kann sich nicht an seine Vergangenheit erinnern.","Er kann seinen Körper nicht mehr bewegen.","C","Murdoch erwacht mit Gedächtnislücken in einer Badewanne und wird bald eines Verbrechens verdächtigt, an das er sich nicht erinnert.","John Murdoch erwacht in einer Badewanne und weiß nicht zuverlässig, wer er ist oder was geschehen ist. Hinweise auf ein Verbrechen verschärfen diese Unsicherheit. Weil ihm seine Vergangenheit fehlt, kann er die Vorwürfe nicht einfach mit eigenen Erinnerungen widerlegen. Seine Suche betrifft deshalb zugleich einen möglichen Mord und die grundlegendere Frage, wie seine Persönlichkeit entstanden ist.","Sein Gehör ist nicht ausgefallen; ihm fehlen Erinnerungen an seine Vergangenheit.","Eine rasende körperliche Alterung ist nicht sein anfängliches Problem.","Murdoch erwacht mit Gedächtnislücken in einer Badewanne und wird bald eines Verbrechens verdächtigt, an das er sich nicht erinnert.","Murdoch kann sich bewegen; das Problem liegt in seinem Gedächtnis.","John Murdochs fehlende Erinnerungen machen seine eigene Identität zum Rätsel.","Handlung","https://en.wikipedia.org/wiki/Dark_City_(1998_film)","redaktionell_geprueft"
"SF-L-037","K-SF-037-wargames-atomkrieg","","de","Film","Science-Fiction","WarGames – Kriegsspiele","WarGames","1983","WarGames","leicht","Handlung","Künstliche Intelligenz|Atomkrieg|Simulation","WarGames|Künstliche Intelligenz und Cyborgs","Ein vermeintliches Computerspiel droht einen echten Atomkrieg auszulösen.","„WarGames – Kriegsspiele“ (1983): Welche Katastrophe droht David versehentlich auszulösen?","Den vollständigen Ausfall der militärischen Kommunikation","Einen konventionellen Luftangriff auf einen Stützpunkt","Einen weltweiten Krieg mit nuklearen Waffen","Eine irrtümliche Evakuierung einer ganzen Großstadt","C","David hält das militärische Computersystem zunächst für ein Spieleangebot. Seine Eingaben lösen eine gefährliche Eskalation im nuklearen Frühwarnsystem aus.","David dringt in ein fremdes Computersystem ein und hält dessen Angebote für Spiele. Tatsächlich kommuniziert er mit einem militärischen Programm, dessen Simulationen als reale Bedrohung missverstanden werden können. So verbindet WarGames jugendliche Neugier mit der Logik nuklearer Abschreckung. Die Gefahr entsteht, weil technische Anzeigen und wirkliche Angriffe nicht mehr zuverlässig auseinandergehalten werden.","Ein Kommunikationsausfall ist nicht die zentrale Katastrophe; die Systeme simulieren nukleare Angriffe.","Es droht nicht bloß ein begrenzter Luftangriff, sondern ein Atomkrieg.","David hält das militärische Computersystem zunächst für ein Spieleangebot. Seine Eingaben lösen eine gefährliche Eskalation im nuklearen Frühwarnsystem aus.","Die drohende Eskalation geht über eine Evakuierung hinaus bis zum Atomkrieg.","Ein vermeintliches Computerspiel droht einen echten Atomkrieg auszulösen.","Handlung","https://en.wikipedia.org/wiki/WarGames","redaktionell_geprueft"
"SF-L-038","K-SF-038-stargate-reise","","de","Film","Science-Fiction","Stargate","Stargate","1994","Stargate","leicht","Technik","Wurmlöcher|Außerirdische|Sprache","Stargate|Außerirdische und Erstkontakt","Das Stargate verbindet die Erde mit einem fernen Planeten.","„Stargate“ (1994): Was ermöglicht das titelgebende Gerät?","Den Austausch von Erinnerungen","Die Kontrolle über das Wetter","Eine Reise zu einem fernen Planeten","Die Verjüngung eines Menschen","C","Das Stargate öffnet eine Verbindung durch ein Wurmloch, über die Menschen einen weit entfernten Planeten erreichen können.","Das ringförmige Artefakt wird zunächst wie ein archäologisches Rätsel untersucht. Erst die Entschlüsselung seiner Zeichen macht seinen technischen Zweck sichtbar: Es öffnet einen Durchgang zu einem weit entfernten Ort. Die Expedition entdeckt dort eine Gesellschaft mit Verbindungen zum alten Ägypten. Der Film kombiniert deshalb Reiseabenteuer, Sprachforschung und die Idee einer außerirdischen Vorgeschichte menschlicher Kultur.","Das Tor tauscht keine Erinnerungen zwischen Menschen aus.","Wetterkontrolle ist nicht die Funktion des Stargates.","Das Stargate öffnet eine Verbindung durch ein Wurmloch, über die Menschen einen weit entfernten Planeten erreichen können.","Eine Verjüngung wäre eine andere Technik; das Tor dient dem Ortswechsel.","Das Stargate verbindet die Erde mit einem fernen Planeten.","keine","https://en.wikipedia.org/wiki/Stargate_(film)","redaktionell_geprueft"
"SF-L-039","K-SF-039-luke-tatooine","","de","Film","Science-Fiction","Star Wars: Episode IV – Eine neue Hoffnung","Star Wars","1977","Star Wars","leicht","Schauplatz","Raumfahrt|Rebellion|Droiden","Star Wars|Weltraumfilme","Luke wächst auf dem Wüstenplaneten Tatooine bei Owen und Beru auf.","„Star Wars: Episode IV – Eine neue Hoffnung“ (1977): Welchen Planeten bezeichnet Luke als seine Heimat?","Alderaan","Tatooine","Naboo","Bespin","B","Luke wächst bei Owen und Beru Lars auf dem Wüstenplaneten Tatooine auf, bevor er sich der Rebellion anschließt.","Tatooine ist für Luke zunächst die vertraute, aber einengende Heimat. Auf der Farm seines Onkels und seiner Tante träumt er von einem Leben jenseits des Wüstenplaneten. Der Fund der Droiden verbindet diesen Alltag mit dem galaktischen Konflikt. Sein Aufbruch beginnt deshalb nicht in einem politischen Zentrum, sondern an einem scheinbar unbedeutenden Rand der großen Ereignisse.","Alderaan ist mit Leia verbunden; Luke wächst auf Tatooine auf.","Luke wächst bei Owen und Beru Lars auf dem Wüstenplaneten Tatooine auf, bevor er sich der Rebellion anschließt.","Naboo ist nicht der Planet, auf dem Owen und Beru Luke großziehen.","Bespin ist der Schauplatz der Wolkenstadt, nicht Lukes Kindheitsheimat.","Luke wächst auf dem Wüstenplaneten Tatooine bei Owen und Beru auf.","Handlung","https://en.wikipedia.org/wiki/Star_Wars_(film)","redaktionell_geprueft"
"SF-L-040","K-SF-040-yoda-lehrer","","de","Film","Science-Fiction","Star Wars: Episode V – Das Imperium schlägt zurück","The Empire Strikes Back","1980","Star Wars","leicht","Figur","Raumfahrt|Familie|Jedi","Star Wars|Weltraumfilme","Yoda bildet Luke auf Dagobah im Umgang mit der Macht aus.","„Star Wars: Episode V – Das Imperium schlägt zurück“ (1980): Wer unterrichtet Luke auf Dagobah?","Qui-Gon Jinn","Darth Maul","Yoda","Mace Windu","C","Auf Dagobah beginnt Luke seine Ausbildung bei Yoda, der ihm den Umgang mit der Macht näherbringt.","Luke sucht auf dem sumpfigen Dagobah nach einem mächtigen Lehrer und unterschätzt zunächst den kleinen Yoda. Gerade diese Begegnung fordert seine Erwartungen an Stärke heraus. Das Training betrifft nicht nur körperliche Leistungen, sondern auch Geduld, Konzentration und Vertrauen in die Macht. Yodas Rolle verbindet praktische Übungen mit einer anderen Sicht darauf, was Luke für möglich hält.","Qui-Gon ist nicht Lukes Lehrer auf Dagobah.","Darth Maul ist kein Jedi-Lehrer, der Luke dort unterrichtet.","Auf Dagobah beginnt Luke seine Ausbildung bei Yoda, der ihm den Umgang mit der Macht näherbringt.","Mace Windu übernimmt diese Ausbildung nicht; Luke trifft Yoda.","Yoda bildet Luke auf Dagobah im Umgang mit der Macht aus.","Handlung","https://en.wikipedia.org/wiki/The_Empire_Strikes_Back","redaktionell_geprueft"
"SF-L-041","K-SF-041-ewoks-verbuendete","","de","Film","Science-Fiction","Star Wars: Episode VI – Die Rückkehr der Jedi-Ritter","Return of the Jedi","1983","Star Wars","leicht","Figur","Raumfahrt|Rebellion|Jedi","Star Wars|Weltraumfilme","Die Ewoks helfen den Rebellen auf dem Waldmond Endor.","„Star Wars: Episode VI – Die Rückkehr der Jedi-Ritter“ (1983): Welches kleine Waldvolk hilft den Rebellen?","Die Tusken","Die Gunganer","Die Jawas","Die Ewoks","D","Die Ewoks leben auf dem Waldmond Endor. Sie unterstützen die Rebellen beim Kampf gegen die imperialen Truppen.","Die Ewoks wirken gegenüber imperialen Soldaten zunächst klein und schlecht ausgerüstet. Ihre Kenntnis des Waldes und ihre Zusammenarbeit mit den Rebellen machen sie dennoch zu wichtigen Verbündeten. Der Kampf auf Endor ist entscheidend, weil der Schutzschild des zweiten Todessterns von dort aus versorgt wird. Die scheinbar nebensächlichen Bewohner greifen damit in einen galaktischen Konflikt ein.","Tusken sind mit Tatooine verbunden, nicht mit dem Waldmond Endor.","Gunganer leben auf Naboo und sind nicht das Waldvolk auf Endor.","Jawas handeln auf Tatooine mit Technik; auf Endor helfen die Ewoks.","Die Ewoks leben auf dem Waldmond Endor. Sie unterstützen die Rebellen beim Kampf gegen die imperialen Truppen.","Die Ewoks helfen den Rebellen auf dem Waldmond Endor.","Handlung","https://en.wikipedia.org/wiki/Return_of_the_Jedi","redaktionell_geprueft"
"SF-L-042","K-SF-042-khan-rache","","de","Film","Science-Fiction","Star Trek II: Der Zorn des Khan","Star Trek II: The Wrath of Khan","1982","Star Trek","leicht","Figur","Raumfahrt|Rache|Technikfolgen","Star Trek|Weltraumfilme","Khan macht seine Rache an Kirk zum Zentrum des Konflikts.","„Star Trek II: Der Zorn des Khan“ (1982): Welcher alte Gegner bedroht Kirk?","Khan Noonien Singh","Shinzon","Gul Dukat","General Chang","A","Khan sucht Rache an Kirk und übernimmt dafür ein Sternenflottenschiff. Der Konflikt bildet den Kern des zweiten Kinofilms.","Khan Noonien Singh, gespielt von Ricardo Montalbán, sieht in Kirk den Verantwortlichen für sein Schicksal und verfolgt ihn mit großer Verbissenheit. Er übernimmt die Reliant und bedroht damit einen alten Gegner mit Sternenflottentechnik. Die persönliche Rache steht neben dem Kampf um Genesis und macht strategische Entscheidungen immer wieder von Khans verletztem Stolz abhängig.","Khan sucht Rache an Kirk und übernimmt dafür ein Sternenflottenschiff. Der Konflikt bildet den Kern des zweiten Kinofilms.","Shinzon ist ein Gegner aus einem anderen Star-Trek-Kinofilm.","Gul Dukat gehört nicht zum zentralen Gegner dieses Kinofilms.","General Chang bedroht Kirk in einem späteren Kinofilm; hier ist es Khan.","Khan macht seine Rache an Kirk zum Zentrum des Konflikts.","Handlung","https://en.wikipedia.org/wiki/Star_Trek_II:_The_Wrath_of_Khan","redaktionell_geprueft"
"SF-L-043","K-SF-043-buckelwale-retten","","de","Film","Science-Fiction","Star Trek IV: Zurück in die Gegenwart","Star Trek IV: The Voyage Home","1986","Star Trek","leicht","Handlung","Zeitreise|Ökologie|Erstkontakt","Star Trek|Zeitreisefilme|Außerirdische und Erstkontakt","Zwei Buckelwale aus dem 20. Jahrhundert sollen die Sonde beantworten.","„Star Trek IV: Zurück in die Gegenwart“ (1986): Welche Tiere muss Kirks Crew aus der Vergangenheit holen?","Große Tümmler","Buckelwale","Seeelefanten","Pinguine","B","Eine Sonde sucht nach Buckelwalen, die in der Zukunft ausgestorben sind. Die Crew reist ins 20. Jahrhundert, um zwei Tiere zu holen.","Eine fremde Sonde bedroht die Erde, weil ihre Signale an Buckelwale ohne Antwort bleiben. Die Tiere sind in der Zukunft ausgestorben. Kirk und seine Crew reisen deshalb ins 20. Jahrhundert, um lebende Wale mitzunehmen. Die Lösung verlangt hier keine überlegene Waffe, sondern die Wiederherstellung einer verlorenen Verbindung zwischen Arten.","Große Tümmler sind nicht die Tiere, an die sich die Sonde richtet.","Eine Sonde sucht nach Buckelwalen, die in der Zukunft ausgestorben sind. Die Crew reist ins 20. Jahrhundert, um zwei Tiere zu holen.","Seeelefanten können die fehlenden Buckelwale in diesem Plan nicht ersetzen.","Pinguine sind nicht das Ziel der Zeitreise; benötigt werden zwei Buckelwale.","Zwei Buckelwale aus dem 20. Jahrhundert sollen die Sonde beantworten.","Handlung","https://en.wikipedia.org/wiki/Star_Trek_IV:_The_Voyage_Home","redaktionell_geprueft"
"SF-L-044","K-SF-044-borg-zeitreise","","de","Film","Science-Fiction","Star Trek: Der erste Kontakt","Star Trek: First Contact","1996","Star Trek","leicht","Handlung","Zeitreise|Cyborgs|Erstkontakt","Star Trek|Zeitreisefilme|Künstliche Intelligenz und Cyborgs|Außerirdische und Erstkontakt","Die Borg greifen die Menschheit an einem entscheidenden Punkt ihrer Vergangenheit an.","„Star Trek: Der erste Kontakt“ (1996): Welche Gegner reisen in die Vergangenheit der Erde?","Die Borg","Die Cardassianer","Die Gorn","Die Ferengi","A","Die Borg versuchen, den historischen Erstkontakt zu verhindern. Die Enterprise folgt ihnen, um die Geschichte zu bewahren.","Die Borg versuchen durch eine Reise in die Vergangenheit den ersten Kontakt der Menschen mit den Vulkaniern zu verhindern. Die Enterprise folgt ihnen, um diese Entwicklung zu bewahren. Für Picard ist der Gegner zugleich persönlich belastend, weil er bereits selbst assimiliert wurde. Der Film verbindet dadurch die Rettung der Geschichte mit einer Auseinandersetzung über Trauma und Rache.","Die Borg versuchen, den historischen Erstkontakt zu verhindern. Die Enterprise folgt ihnen, um die Geschichte zu bewahren.","Die Cardassianer sind nicht der Gegner, der die Enterprise in die Vergangenheit führt.","Die Gorn führen diese Zeitreise nicht durch.","Die Ferengi sind nicht die Angreifer auf den historischen Erstkontakt.","Die Borg greifen die Menschheit an einem entscheidenden Punkt ihrer Vergangenheit an.","Handlung","https://en.wikipedia.org/wiki/Star_Trek:_First_Contact","redaktionell_geprueft"
"SF-L-045","K-SF-045-zug-lebensraum","","de","Film","Science-Fiction","Snowpiercer","Snowpiercer","2013","","leicht","Schauplatz","Dystopie|Klimakatastrophe|Ungleichheit","Dystopien","Der fahrende Zug bildet in Snowpiercer eine ganze Klassengesellschaft.","„Snowpiercer“ (2013): Wo leben die verbliebenen Menschen überwiegend?","In einem ständig fahrenden Zug","In einem schwebenden Hochhaus","In einer Kolonie auf dem Mond","In einer Stadt unter dem Meeresboden","A","Nach einer globalen Vereisung bildet der Zug einen abgeschlossenen Lebensraum, in dem die sozialen Klassen auf verschiedene Wagen verteilt sind.","Nach einer katastrophalen Abkühlung lebt die verbliebene Gesellschaft in einem Zug, der die vereiste Erde umrundet. Die räumliche Anordnung der Wagen bildet soziale Ungleichheit ab: Hinten herrscht Mangel, vorne Luxus. Curtis' Aufstand wird deshalb als Bewegung durch diesen Lebensraum erzählt. Jeder neue Wagen zeigt eine weitere Seite der Ordnung, gegen die sich die Menschen am Zugende wehren.","Nach einer globalen Vereisung bildet der Zug einen abgeschlossenen Lebensraum, in dem die sozialen Klassen auf verschiedene Wagen verteilt sind.","Ein fliegendes Hochhaus kommt als Zuflucht nicht vor.","Eine Mondkolonie ist nicht der zentrale Lebensraum des Films.","Eine Unterwasserstadt schützt die Überlebenden nicht; sie leben im Zug.","Der fahrende Zug bildet in Snowpiercer eine ganze Klassengesellschaft.","Handlung","https://en.wikipedia.org/wiki/Snowpiercer","redaktionell_geprueft"
"SF-L-046","K-SF-046-anschlag-pendlerzug","","de","Film","Science-Fiction","Source Code","Source Code","2011","","leicht","Schauplatz","Zeitschleife|Identität|Ermittlung","Zeitreisefilme|Identität und Wirklichkeit","Stevens erlebt die letzten Minuten eines Pendlerzugs nach Chicago.","„Source Code“ (2011): In welchem Verkehrsmittel erlebt Colter Stevens wiederholt einen Anschlag?","In einem Pendlerzug","In einer Seilbahn","In einer Autofähre","In einem Passagierflugzeug","A","Stevens findet sich immer wieder in einem Zug Richtung Chicago wieder, der kurz darauf durch eine Bombe zerstört wird.","Colter Stevens, gespielt von Jake Gyllenhaal, findet sich unvermittelt in einem Zug und in einer ihm fremden Rolle wieder. Eine Mitreisende scheint ihn zu kennen, während er die Situation erst verstehen muss. Kurz darauf explodiert eine Bombe. Die wiederholte Rückkehr macht denselben alltäglichen Schauplatz zu einem Ermittlungsraum, in dem jedes beobachtete Detail wichtig werden kann.","Stevens findet sich immer wieder in einem Zug Richtung Chicago wieder, der kurz darauf durch eine Bombe zerstört wird.","Die Handlungsschleifen spielen nicht in einer Seilbahn.","Eine Autofähre ist nicht der Ort der wiederholten Explosion.","Ein Passagierflugzeug ist nicht das Verkehrsmittel; Stevens sitzt in einem Zug.","Stevens erlebt die letzten Minuten eines Pendlerzugs nach Chicago.","Handlung","https://en.wikipedia.org/wiki/Source_Code","redaktionell_geprueft"
"SF-L-047","K-SF-047-joe-auftragskiller","","de","Film","Science-Fiction","Looper","Looper","2012","","leicht","Figur","Zeitreise|Kausalität|Familie","Zeitreisefilme","Joe beseitigt als Looper Menschen, die aus der Zukunft zu ihm geschickt werden.","„Looper“ (2012): Welchen Beruf übt der junge Joe aus?","Fahnder nach illegalen Zeitreisenden","Personenschützer eines Zeitreiseforschers","Auftragskiller für eine kriminelle Organisation","Techniker einer geheimen Zeitmaschine","C","Joe tötet Personen, die eine kriminelle Organisation aus der Zukunft zu ihm zurückschickt, und beseitigt anschließend ihre Leichen.","Der junge Joe, gespielt von Joseph Gordon-Levitt, arbeitet für eine kriminelle Organisation. Opfer werden aus der Zukunft an einen vereinbarten Ort geschickt, wo er sie tötet. Die zeitliche Distanz soll die Beseitigung von Menschen erleichtern. Das scheinbar routinierte Geschäft wird persönlich, als Joe seinem älteren Ich gegenübersteht und die eigene Zukunft nicht mehr abstrakt bleibt.","Er handelt im Auftrag von Kriminellen, nicht als Ermittler gegen Zeitreisen.","Joe beschützt keinen Forscher; er tötet die zu ihm geschickten Opfer.","Joe tötet Personen, die eine kriminelle Organisation aus der Zukunft zu ihm zurückschickt, und beseitigt anschließend ihre Leichen.","Er bedient und wartet nicht die Zeitmaschine; er übernimmt die Tötung am Ankunftsort.","Joe beseitigt als Looper Menschen, die aus der Zukunft zu ihm geschickt werden.","Handlung","https://en.wikipedia.org/wiki/Looper_(film)","redaktionell_geprueft"
"SF-L-048","K-SF-048-cage-zeitschleife","","de","Film","Science-Fiction","Edge of Tomorrow","Edge of Tomorrow","2014","","leicht","Handlung","Zeitschleife|Außerirdische|Lernen","Zeitreisefilme|Außerirdische und Erstkontakt","Cages Tod setzt denselben Tag zurück und lässt ihn aus Fehlern lernen.","„Edge of Tomorrow“ (2014): Welches Phänomen erlebt William Cage immer wieder?","Er wacht jeden Morgen im Körper eines anderen Soldaten auf.","Nach jeder Verletzung springt er mehrere Tage vorwärts.","Er sieht dieselbe Schlacht nur als wiederkehrenden Traum.","Nach seinem Tod beginnt derselbe Tag erneut.","D","Cage gerät in eine Zeitschleife. Nach seinem Tod erwacht er erneut vor der Invasion und kann sein Vorgehen verändern.","William Cage, gespielt von Tom Cruise, gerät unvorbereitet in eine militärische Landung gegen außerirdische Angreifer. Nach seinem Tod erwacht er erneut am Ausgangspunkt des Tages. Weil seine Erinnerungen erhalten bleiben, kann er Abläufe verändern. Die wiederholten Niederlagen bilden so die Grundlage seiner Entwicklung vom überforderten Neuling zu einem erfahrenen Kämpfer.","Cage behält seinen Körper und seine Erinnerungen; der Tag wird zurückgesetzt.","Die Zeitschleife führt zurück an den Ausgangspunkt statt Tage vorwärts.","Die Wiederholungen haben innerhalb der Handlung reale Folgen und sind nicht nur Träume.","Cage gerät in eine Zeitschleife. Nach seinem Tod erwacht er erneut vor der Invasion und kann sein Vorgehen verändern.","Cages Tod setzt denselben Tag zurück und lässt ihn aus Fehlern lernen.","Handlung","https://en.wikipedia.org/wiki/Edge_of_Tomorrow","redaktionell_geprueft"
"SF-L-049","K-SF-049-jack-drohnentechniker","","de","Film","Science-Fiction","Oblivion","Oblivion","2013","","leicht","Figur","Klone|Identität|Täuschung","Identität und Wirklichkeit|Genetik und Klone","Jack Harper wartet Drohnen und glaubt, damit die letzten Anlagen der Erde zu schützen.","„Oblivion“ (2013): Welche Arbeit erledigt Jack Harper zu Beginn?","Er baut Tunnel unter dem Meer.","Er wartet bewaffnete Drohnen.","Er entwickelt Nahrung für eine Marskolonie.","Er unterrichtet Kinder in einer Mondschule.","B","Jack arbeitet als Techniker und repariert Drohnen, die angeblich die verbliebene Infrastruktur auf der Erde schützen.","Jack Harper, gespielt von Tom Cruise, lebt mit Victoria über der verwüsteten Erde und repariert bewaffnete Drohnen. Die beiden verstehen ihre Aufgabe zunächst als Teil einer geordneten Mission. Begegnungen auf der Oberfläche bringen diese Darstellung ins Wanken. Sein technischer Beruf liefert daher den vertrauten Alltag, dessen tatsächlicher Zweck erst schrittweise sichtbar wird.","Er baut keine Meerestunnel, sondern setzt Drohnen instand.","Jack arbeitet als Techniker und repariert Drohnen, die angeblich die verbliebene Infrastruktur auf der Erde schützen.","Nahrungsentwicklung für den Mars ist nicht Jacks täglicher Auftrag.","Eine Mondschule gehört nicht zu seinem Arbeitsplatz.","Jack Harper wartet Drohnen und glaubt, damit die letzten Anlagen der Erde zu schützen.","Handlung","https://en.wikipedia.org/wiki/Oblivion_(2013_film)","redaktionell_geprueft"
"SF-L-050","K-SF-050-sonne-retten","","de","Film","Science-Fiction","Sunshine","Sunshine","2007","","leicht","Handlung","Raumfahrt|Rettungsmission|Überleben","Weltraumfilme","Die Icarus-Mission soll mit einer gewaltigen Bombe die sterbende Sonne retten.","„Sunshine“ (2007): Was soll die Besatzung retten?","Die erlöschende Sonne","Den kollabierenden Mond","Ein abstürzendes Weltraumhotel","Einen besiedelten Marsmond","A","Die Crew transportiert eine gewaltige Bombe, die nach dem Plan der Mission die sterbende Sonne wieder entzünden soll.","In der Zukunft von Sunshine nimmt die Leistung der Sonne bedrohlich ab. Eine Besatzung transportiert deshalb eine gewaltige Ladung zu ihr, um nach dem Plan der Mission neues Leben in den Stern zu bringen. Die technische Aufgabe erhält eine existenzielle Dimension: Vom Erfolg hängt die Erde ab, während die Crew immer näher an eine tödliche Umgebung heranfliegt.","Die Crew transportiert eine gewaltige Bombe, die nach dem Plan der Mission die sterbende Sonne wieder entzünden soll.","Der Mond ist nicht das zu rettende Himmelsobjekt.","Die Crew soll kein Weltraumhotel bergen, sondern die Sonne wieder entzünden.","Ein besiedelter Marsmond ist nicht das Ziel dieser Rettungsmission.","Die Icarus-Mission soll mit einer gewaltigen Bombe die sterbende Sonne retten.","Handlung","https://en.wikipedia.org/wiki/Sunshine_(2007_film)","redaktionell_geprueft"
"SF-M-001","K-SF-001-ash-android","","de","Film","Science-Fiction","Alien – Das unheimliche Wesen aus einer fremden Welt","Alien","1979","Alien","mittel","Figur","Außerirdische|Körperhorror|Konzernmacht","Alien|Außerirdische und Erstkontakt","Ash ist der Wissenschaftsoffizier der Nostromo und ein getarnter Android.","„Alien – Das unheimliche Wesen aus einer fremden Welt“ (1979): Welches Besatzungsmitglied erweist sich als Android?","Dallas","Brett","Ash","Parker","C","Wissenschaftsoffizier Ash ist ein Android. Seine verborgenen Befehle stehen über dem Schutz der menschlichen Besatzung.","Wissenschaftsoffizier Ash wirkt zunächst wie ein weiteres Mitglied der Nostromo-Besatzung. Ian Holm spielt ihn auffallend kontrolliert. Erst der Angriff auf Ripley und die anschließende Auseinandersetzung legen seine künstliche Natur offen. Das verändert den Blick auf sein früheres Verhalten: Seine Loyalität gilt dem Auftrag des Unternehmens, nicht dem gemeinsamen Überleben an Bord.","Dallas ist der menschliche Kapitän; seine Führungsrolle macht ihn nicht zum Androiden.","Brett ist Parkers menschlicher Kollege; die Enthüllung betrifft den Wissenschaftsoffizier.","Wissenschaftsoffizier Ash ist ein Android. Seine verborgenen Befehle stehen über dem Schutz der menschlichen Besatzung.","Parker gehört zum technischen Personal und kämpft gegen Ash.","Ashs menschliches Aussehen verdeckt seine künstliche Natur.","Auflösung","https://en.wikipedia.org/wiki/Alien_(film)|https://www.20thcenturystudios.com/movies/alien","redaktionell_geprueft"
"SF-M-001-V1","K-SF-001-ash-android","SF-M-001","de","Film","Science-Fiction","Alien – Das unheimliche Wesen aus einer fremden Welt","Alien","1979","Alien","mittel","Figur","Außerirdische|Körperhorror|Konzernmacht","Alien|Außerirdische und Erstkontakt","Ash ist der Wissenschaftsoffizier der Nostromo und ein getarnter Android.","„Alien – Das unheimliche Wesen aus einer fremden Welt“ (1979): Welche Rolle an Bord bekleidet der später als Android enttarnte Ash?","Kapitän","Ingenieur","Navigator","Wissenschaftsoffizier","D","Ash tritt als Wissenschaftsoffizier auf; seine künstliche Natur und sein Unternehmensauftrag werden später enthüllt.","Wissenschaftsoffizier Ash wirkt zunächst wie ein weiteres Mitglied der Nostromo-Besatzung. Ian Holm spielt ihn auffallend kontrolliert. Erst der Angriff auf Ripley und die anschließende Auseinandersetzung legen seine künstliche Natur offen. Das verändert den Blick auf sein früheres Verhalten: Seine Loyalität gilt dem Auftrag des Unternehmens, nicht dem gemeinsamen Überleben an Bord.","Dallas ist Kapitän der Nostromo; der Android verbirgt sich im Wissenschaftsoffizier.","Parker ist der Ingenieur; Ash überwacht die wissenschaftliche Untersuchung.","Die Navigation ist nicht Ashs Aufgabe; er ist der Wissenschaftsoffizier.","Ash tritt als Wissenschaftsoffizier auf; seine künstliche Natur und sein Unternehmensauftrag werden später enthüllt.","Ashs menschliches Aussehen verdeckt seine künstliche Natur.","Auflösung","https://en.wikipedia.org/wiki/Alien_(film)|https://www.20thcenturystudios.com/movies/alien","redaktionell_geprueft"
"SF-M-002","K-SF-002-power-loader","","de","Film","Science-Fiction","Aliens – Die Rückkehr","Aliens","1986","Alien","mittel","Technik","Außerirdische|Körperhorror|Rettungsmission","Alien|Außerirdische und Erstkontakt","Ripley verwandelt ein Ladegerät in ihre Antwort auf die Alien-Königin.","„Aliens – Die Rückkehr“ (1986): Welches Arbeitsgerät nutzt Ripley im Finale gegen die Königin?","Einen motorisierten Lastenlader","Einen ferngesteuerten Bohrkopf","Einen mobilen Schmelzofen","Einen Bergbau-Laser","A","Ripley steigt in einen Power Loader, ein Exoskelett zum Bewegen von Lasten, und kämpft damit gegen die Alien-Königin.","Der gelbe Power Loader wird zunächst als Arbeitsgerät gezeigt. Ripley kann damit schwere Lasten bewegen, was später entscheidend wird: Im Finale steigt sie erneut in das Exoskelett und stellt sich der Alien-Königin. Die Szene verbindet eine vorher eingeführte praktische Fähigkeit mit der Rettung von Newt. Das Werkzeug wird zur improvisierten Waffe.","Ripley steigt in einen Power Loader, ein Exoskelett zum Bewegen von Lasten, und kämpft damit gegen die Alien-Königin.","Ein Bohrkopf würde Gestein bearbeiten; hier verstärken Greifarme ihre Bewegungen.","Ein Ofen spielt in diesem Zweikampf keine Rolle; das Exoskelett ermöglicht direkten Widerstand.","Ein Schneidlaser wäre eine Distanzwaffe; Ripley setzt auf ein körpergetragenes Ladegerät.","Ripley verwandelt ein Ladegerät in ihre Antwort auf die Alien-Königin.","Auflösung","https://en.wikipedia.org/wiki/Aliens_(film)|https://www.20thcenturystudios.com/movies/aliens","redaktionell_geprueft"
"SF-M-002-V1","K-SF-002-power-loader","SF-M-002","de","Film","Science-Fiction","Aliens – Die Rückkehr","Aliens","1986","Alien","mittel","Technik","Außerirdische|Körperhorror|Rettungsmission","Alien|Außerirdische und Erstkontakt","Ripley verwandelt ein Ladegerät in ihre Antwort auf die Alien-Königin.","„Aliens – Die Rückkehr“ (1986): Wozu ist die Maschine ursprünglich gedacht, mit der Ripley die Alien-Königin bekämpft?","Zum Bewegen schwerer Fracht","Zum Bohren in Gesteinsschichten","Zum Schmelzen ausgedienteter Bauteile","Zum Schneiden großer Metallplatten","A","Ripley setzt einen motorisierten Lastenlader ein, der eigentlich Fracht bewegen soll.","Der gelbe Power Loader wird zunächst als Arbeitsgerät gezeigt. Ripley kann damit schwere Lasten bewegen, was später entscheidend wird: Im Finale steigt sie erneut in das Exoskelett und stellt sich der Alien-Königin. Die Szene verbindet eine vorher eingeführte praktische Fähigkeit mit der Rettung von Newt. Das Werkzeug wird zur improvisierten Waffe.","Ripley setzt einen motorisierten Lastenlader ein, der eigentlich Fracht bewegen soll.","Ein Bohrgerät ist es nicht; die Greifarme dienen dem Lastentransport.","Ein Schmelzofen hätte keine von Ripley gesteuerten Greifarme für Fracht.","Die Maschine ist kein Schneidwerkzeug, sondern ein Lastenlader.","Ripley verwandelt ein Ladegerät in ihre Antwort auf die Alien-Königin.","Auflösung","https://en.wikipedia.org/wiki/Aliens_(film)|https://www.20thcenturystudios.com/movies/aliens","redaktionell_geprueft"
"SF-M-003","K-SF-003-cypher-verrat","","de","Film","Science-Fiction","Matrix","The Matrix","1999","Matrix","mittel","Figur","Künstliche Intelligenz|Simulation|Identität","Matrix|Künstliche Intelligenz und Cyborgs|Identität und Wirklichkeit","Cypher verkauft Morpheus für die Aussicht auf ein angenehmeres Leben.","„Matrix“ (1999): Welches Mannschaftsmitglied verrät Morpheus an die Agenten?","Cypher","Mouse","Dozer","Tank","A","Cypher schließt mit Agent Smith einen Handel und liefert Morpheus aus, um in die Matrix zurückkehren zu dürfen.","Cypher gehört zur Mannschaft, die Neo aus der Simulation befreit. Trotzdem empfindet er das Leben außerhalb der Matrix als Enttäuschung. Joe Pantoliano spielt einen Verräter, dessen Motiv aus Bequemlichkeit und Ernüchterung entsteht. Sein Handel mit Agent Smith macht den Konflikt persönlich: Die Gruppe wird von jemandem gefährdet, der ihre Lebensbedingungen und Schwächen genau kennt.","Cypher schließt mit Agent Smith einen Handel und liefert Morpheus aus, um in die Matrix zurückkehren zu dürfen.","Mouse gehört zur Mannschaft, schließt aber nicht den gezeigten Handel mit Smith.","Dozer gehört zu den Opfern des Verrats, nicht zu dessen Organisatoren.","Tank wird durch Cyphers Verrat angegriffen; er ist nicht dessen Urheber.","Cypher verkauft Morpheus für die Aussicht auf ein angenehmeres Leben.","Auflösung","https://en.wikipedia.org/wiki/The_Matrix","redaktionell_geprueft"
"SF-M-003-V1","K-SF-003-cypher-verrat","SF-M-003","de","Film","Science-Fiction","Matrix","The Matrix","1999","Matrix","mittel","Figur","Künstliche Intelligenz|Simulation|Identität","Matrix|Künstliche Intelligenz und Cyborgs|Identität und Wirklichkeit","Cypher verkauft Morpheus für die Aussicht auf ein angenehmeres Leben.","„Matrix“ (1999): Wer handelt mit Agent Smith die Auslieferung von Morpheus aus?","Tank","Cypher","Dozer","Mouse","B","Cypher verrät die Crew und verhandelt seine Rückkehr in die Matrix mit Agent Smith.","Cypher gehört zur Mannschaft, die Neo aus der Simulation befreit. Trotzdem empfindet er das Leben außerhalb der Matrix als Enttäuschung. Joe Pantoliano spielt einen Verräter, dessen Motiv aus Bequemlichkeit und Ernüchterung entsteht. Sein Handel mit Agent Smith macht den Konflikt persönlich: Die Gruppe wird von jemandem gefährdet, der ihre Lebensbedingungen und Schwächen genau kennt.","Tank unterstützt die Crew als Operator und ist nicht Smiths Verhandlungspartner.","Cypher verrät die Crew und verhandelt seine Rückkehr in die Matrix mit Agent Smith.","Dozer beteiligt sich nicht an diesem Handel; er wird selbst Opfer des Verrats.","Mouse verrät Morpheus nicht; die Vereinbarung trifft Cypher.","Cypher verkauft Morpheus für die Aussicht auf ein angenehmeres Leben.","Auflösung","https://en.wikipedia.org/wiki/The_Matrix","redaktionell_geprueft"
"SF-M-004","K-SF-004-schluesselmacher","","de","Film","Science-Fiction","Matrix Reloaded","The Matrix Reloaded","2003","Matrix","mittel","Figur","Künstliche Intelligenz|Simulation|Freier Wille","Matrix|Künstliche Intelligenz und Cyborgs","Der Schlüsselmacher öffnet Zugänge, die normale Türen nicht bieten.","„Matrix Reloaded“ (2003): Welches Programm soll Neo den Weg zur Quelle öffnen?","Der Schlüsselmacher","Der Türsteher","Der Merowinger","Der Zugführer","A","Der Schlüsselmacher kennt die besonderen Türen und Zugänge, über die Neo zum Architekten gelangen kann.","Die Programme der Matrix besitzen unterschiedliche Aufgaben und eigene Interessen. Der Schlüsselmacher ist für Neo deshalb wichtig, weil er besondere Wege durch das System kennt. Seine Befreiung führt zur großen Verfolgungsjagd auf der Autobahn. Er verbindet damit zwei Handlungsebenen: eine unmittelbare Flucht und Neos Suche nach dem innersten Aufbau der Simulation.","Der Schlüsselmacher kennt die besonderen Türen und Zugänge, über die Neo zum Architekten gelangen kann.","Die Bezeichnung nennt nicht das Programm, dessen spezielle Zugänge Neo benötigt.","Der Merowinger hält den benötigten Helfer zunächst gefangen.","Der Zugführer gehört zu einem anderen Abschnitt der Filmreihe und ist hier nicht der gesuchte Helfer.","Der Schlüsselmacher öffnet Zugänge, die normale Türen nicht bieten.","Handlung","https://en.wikipedia.org/wiki/The_Matrix_Reloaded","redaktionell_geprueft"
"SF-M-004-V1","K-SF-004-schluesselmacher","SF-M-004","de","Film","Science-Fiction","Matrix Reloaded","The Matrix Reloaded","2003","Matrix","mittel","Figur","Künstliche Intelligenz|Simulation|Freier Wille","Matrix|Künstliche Intelligenz und Cyborgs","Der Schlüsselmacher öffnet Zugänge, die normale Türen nicht bieten.","„Matrix Reloaded“ (2003): Warum muss Neo den Schlüsselmacher aus der Gewalt des Merowingers befreien?","Er kann Trinity aus jeder tödlichen Verletzung heilen.","Er kann die Wächter vor Zion dauerhaft deaktivieren.","Er ersetzt das Orakel bei Vorhersagen über die Zukunft.","Er ermöglicht den Zugang zum Weg zur Quelle.","D","Der Schlüsselmacher besitzt die für den Zugang zur Quelle entscheidende Funktion.","Die Programme der Matrix besitzen unterschiedliche Aufgaben und eigene Interessen. Der Schlüsselmacher ist für Neo deshalb wichtig, weil er besondere Wege durch das System kennt. Seine Befreiung führt zur großen Verfolgungsjagd auf der Autobahn. Er verbindet damit zwei Handlungsebenen: eine unmittelbare Flucht und Neos Suche nach dem innersten Aufbau der Simulation.","Die Heilung Trinitys ist nicht die Aufgabe des Schlüsselmachers.","Er schaltet nicht eigenständig die angreifenden Maschinen vor Zion aus.","Er übernimmt nicht die Rolle des Orakels; seine Funktion betrifft Zugänge und Türen.","Der Schlüsselmacher besitzt die für den Zugang zur Quelle entscheidende Funktion.","Der Schlüsselmacher öffnet Zugänge, die normale Türen nicht bieten.","Handlung","https://en.wikipedia.org/wiki/The_Matrix_Reloaded","redaktionell_geprueft"
"SF-M-005","K-SF-005-rachael-erinnerungen","","de","Film","Science-Fiction","Blade Runner","Blade Runner","1982","Blade Runner","mittel","Zusammenhang","Künstliche Intelligenz|Erinnerung|Identität","Blade Runner|Künstliche Intelligenz und Cyborgs|Identität und Wirklichkeit","Rachaels scheinbare Biografie besteht aus implantierten Erinnerungen.","„Blade Runner“ (1982): Warum hält Rachael sich zunächst für einen Menschen?","Sie hat Deckards Erinnerungen bei einer Untersuchung übernommen.","Sie besitzt implantierte Kindheitserinnerungen.","Sie wurde von Tyrell als Mensch biologisch geboren.","Sie kennt menschliche Kindheitsorte aus eigener Vergangenheit.","B","Tyrell hat Rachael fremde Erinnerungen gegeben. Diese scheinbare persönliche Vergangenheit verdeckt zunächst ihre Identität als Replikantin.","Rachael, gespielt von Sean Young, begegnet Deckard zunächst mit dem Selbstverständnis eines Menschen. Ihre Erinnerungen geben ihr eine persönliche Vergangenheit und damit scheinbar einen Beleg ihrer Herkunft. Tyrell hat diese Sicherheit jedoch künstlich erzeugt. Deckards Wissen über intime Kindheitserlebnisse erschüttert sie, weil es zeigt, dass Vertrautheit und tatsächliches eigenes Erleben auseinanderfallen können.","Deckard erkennt die implantierten Erinnerungen; er überträgt ihr nicht seine eigenen.","Tyrell hat Rachael fremde Erinnerungen gegeben. Diese scheinbare persönliche Vergangenheit verdeckt zunächst ihre Identität als Replikantin.","Tyrell entwickelt Rachael als Replikantin; er ist nicht ihr biologischer Vater.","Die scheinbar eigene Kindheit ist Teil der Implantate, kein Beleg einer menschlichen Vergangenheit.","Rachaels scheinbare Biografie besteht aus implantierten Erinnerungen.","Handlung","https://en.wikipedia.org/wiki/Blade_Runner","redaktionell_geprueft"
"SF-M-005-V1","K-SF-005-rachael-erinnerungen","SF-M-005","de","Film","Science-Fiction","Blade Runner","Blade Runner","1982","Blade Runner","mittel","Zusammenhang","Künstliche Intelligenz|Erinnerung|Identität","Blade Runner|Künstliche Intelligenz und Cyborgs|Identität und Wirklichkeit","Rachaels scheinbare Biografie besteht aus implantierten Erinnerungen.","„Blade Runner“ (1982): Weshalb beweisen Rachaels Erinnerungen an ihre Kindheit keine menschliche Herkunft?","Die Erinnerungen stammen nur aus einem Film, den sie oft sieht.","Die Erinnerungen entstanden durch eine Reise in fremde Träume.","Die Erinnerungen wurden ihr erst von Deckard eingeredet.","Die Erinnerungen wurden ihr künstlich eingepflanzt.","D","Rachael besitzt implantierte Erinnerungen und hält ihre Lebensgeschichte deshalb zunächst für echt.","Rachael, gespielt von Sean Young, begegnet Deckard zunächst mit dem Selbstverständnis eines Menschen. Ihre Erinnerungen geben ihr eine persönliche Vergangenheit und damit scheinbar einen Beleg ihrer Herkunft. Tyrell hat diese Sicherheit jedoch künstlich erzeugt. Deckards Wissen über intime Kindheitserlebnisse erschüttert sie, weil es zeigt, dass Vertrautheit und tatsächliches eigenes Erleben auseinanderfallen können.","Ihre Kindheitsbilder sind implantiert, nicht bloß Erinnerungen an einen angesehenen Film.","Traumreisen erklären Rachaels Vergangenheit nicht; Tyrell arbeitet mit künstlich vermittelten Erinnerungen.","Deckard deckt die Täuschung auf; er erfindet ihre Kindheit nicht erst im Gespräch.","Rachael besitzt implantierte Erinnerungen und hält ihre Lebensgeschichte deshalb zunächst für echt.","Rachaels scheinbare Biografie besteht aus implantierten Erinnerungen.","Handlung","https://en.wikipedia.org/wiki/Blade_Runner","redaktionell_geprueft"
"SF-M-006","K-SF-006-joi-hologramm","","de","Film","Science-Fiction","Blade Runner 2049","Blade Runner 2049","2017","Blade Runner","mittel","Figur","Künstliche Intelligenz|Erinnerung|Identität","Blade Runner|Künstliche Intelligenz und Cyborgs|Identität und Wirklichkeit","Joi ist eine KI-Projektion, keine körperliche Replikantin.","„Blade Runner 2049“ (2017): Was ist Joi?","Eine künstliche Begleiterin als holografische Projektion","Eine körperliche Replikantin mit wechselnder Tarnung","Eine aufgezeichnete Erinnerung aus Ks früherem Leben","Eine menschliche Begleiterin per Videoverbindung","A","Joi ist eine kommerzielle KI-Begleiterin, die K als Hologramm erscheint und über einen mobilen Emanator mitkommen kann.","Ana de Armas spielt Joi, die K zu Hause als holografische Begleiterin begegnet. Ihre Erscheinung wirkt menschlich, besitzt aber keinen eigenen biologischen Körper. Ein tragbares Gerät erlaubt ihr später, K außerhalb der Wohnung zu begleiten. Diese technische Abhängigkeit unterscheidet sie von Replikanten und prägt zugleich die Verletzlichkeit ihrer Beziehung zu K.","Joi ist eine kommerzielle KI-Begleiterin, die K als Hologramm erscheint und über einen mobilen Emanator mitkommen kann.","Joi besitzt keinen biologischen Replikantenkörper; ihre Erscheinung wird projiziert.","Joi ist ein gegenwärtiges KI-Produkt, keine Aufnahme von Ks früherer Partnerin.","Hinter Joi steht keine per Video zugeschaltete menschliche Partnerin.","Joi ist eine KI-Projektion, keine körperliche Replikantin.","Handlung","https://en.wikipedia.org/wiki/Blade_Runner_2049","redaktionell_geprueft"
"SF-M-006-V1","K-SF-006-joi-hologramm","SF-M-006","de","Film","Science-Fiction","Blade Runner 2049","Blade Runner 2049","2017","Blade Runner","mittel","Figur","Künstliche Intelligenz|Erinnerung|Identität","Blade Runner|Künstliche Intelligenz und Cyborgs|Identität und Wirklichkeit","Joi ist eine KI-Projektion, keine körperliche Replikantin.","„Blade Runner 2049“ (2017): Warum erscheint Joi meist als Lichtgestalt statt als körperlicher Mensch?","Sie ist eine Außerirdische, die ihre natürliche Gestalt verbirgt.","Sie ist eine künstliche Begleiterin in holografischer Form.","Sie ist eine Polizistin, die ausschließlich per Video ermittelt.","Sie ist eine Ärztin, deren Körper außerhalb der Stadt liegt.","B","Joi ist ein kommerzielles KI-System, dessen Erscheinung holografisch projiziert wird.","Ana de Armas spielt Joi, die K zu Hause als holografische Begleiterin begegnet. Ihre Erscheinung wirkt menschlich, besitzt aber keinen eigenen biologischen Körper. Ein tragbares Gerät erlaubt ihr später, K außerhalb der Wohnung zu begleiten. Diese technische Abhängigkeit unterscheidet sie von Replikanten und prägt zugleich die Verletzlichkeit ihrer Beziehung zu K.","Eine außerirdische Herkunft erklärt sie nicht; sie ist ein künstliches Produkt.","Joi ist ein kommerzielles KI-System, dessen Erscheinung holografisch projiziert wird.","Joi ist keine verdeckt per Video arbeitende Polizistin.","Sie besitzt keinen anderswo wartenden menschlichen Körper als Ärztin.","Joi ist eine KI-Projektion, keine körperliche Replikantin.","Handlung","https://en.wikipedia.org/wiki/Blade_Runner_2049","redaktionell_geprueft"
"SF-M-007","K-SF-007-gargantua","","de","Film","Science-Fiction","Interstellar","Interstellar","2014","","mittel","Schauplatz","Raumfahrt|Zeitdilatation|Familie","Weltraumfilme","Gargantua ist das Schwarze Loch, Endurance das Expeditionsschiff.","„Interstellar“ (2014): Welchen Namen trägt das Schwarze Loch?","Gargantua","Ranger","Lazarus","Endurance","A","Gargantua ist das rotierende Schwarze Loch. Endurance ist das Expeditionsschiff, Ranger bezeichnet ein kleines Raumfahrzeug.","Die Expedition erreicht ein System, dessen Bedingungen stark von einem Schwarzen Loch geprägt werden. Sein Name ist Gargantua. Die enorme Gravitation beeinflusst auch den Ablauf der Zeit in seiner Nähe. Für Cooper und seine Mannschaft ist das keine abstrakte Theorie: Entscheidungen über Aufenthaltsorte haben Folgen für die Menschen, die anderswo weiterleben und altern.","Gargantua ist das rotierende Schwarze Loch. Endurance ist das Expeditionsschiff, Ranger bezeichnet ein kleines Raumfahrzeug.","Ranger bezeichnet ein Raumfahrzeug der Expedition.","Lazarus bezeichnet die vorangegangenen Erkundungsmissionen, nicht das Schwarze Loch.","Endurance heißt das große Expeditionsschiff, nicht das astronomische Objekt.","Gargantua ist das Schwarze Loch, Endurance das Expeditionsschiff.","Handlung","https://en.wikipedia.org/wiki/Interstellar_(film)","redaktionell_geprueft"
"SF-M-007-V1","K-SF-007-gargantua","SF-M-007","de","Film","Science-Fiction","Interstellar","Interstellar","2014","","mittel","Schauplatz","Raumfahrt|Zeitdilatation|Familie","Weltraumfilme","Gargantua ist das Schwarze Loch, Endurance das Expeditionsschiff.","„Interstellar“ (2014): Was bezeichnet der Name Gargantua?","Das frühere Erkundungsprogramm der NASA","Das Landefahrzeug für Planetenbesuche","Das Schwarze Loch nahe den untersuchten Planeten","Das Mutterschiff der Rettungsexpedition","C","Gargantua ist das Schwarze Loch, dessen Gravitation den Verlauf der Mission entscheidend beeinflusst.","Die Expedition erreicht ein System, dessen Bedingungen stark von einem Schwarzen Loch geprägt werden. Sein Name ist Gargantua. Die enorme Gravitation beeinflusst auch den Ablauf der Zeit in seiner Nähe. Für Cooper und seine Mannschaft ist das keine abstrakte Theorie: Entscheidungen über Aufenthaltsorte haben Folgen für die Menschen, die anderswo weiterleben und altern.","Das frühere Programm heißt Lazarus; Gargantua ist ein astronomisches Objekt.","Ranger bezeichnet ein verwendetes Raumfahrzeug; Gargantua ist ein Schwarzes Loch.","Gargantua ist das Schwarze Loch, dessen Gravitation den Verlauf der Mission entscheidend beeinflusst.","Das Expeditionsschiff heißt Endurance, nicht Gargantua.","Gargantua ist das Schwarze Loch, Endurance das Expeditionsschiff.","Handlung","https://en.wikipedia.org/wiki/Interstellar_(film)","redaktionell_geprueft"
"SF-M-008","K-SF-008-eames-faelscher","","de","Film","Science-Fiction","Inception","Inception","2010","","mittel","Technik","Traumwelten|Erinnerung|Manipulation","Identität und Wirklichkeit","Eames täuscht Menschen im Traum durch angenommene Identitäten.","„Inception“ (2010): Welche Fähigkeit hat Eames innerhalb der Traumwelten?","Er kann das Aussehen anderer Personen annehmen.","Er kann die Perspektive aller Träumenden gleichzeitig sehen.","Er kann jede Traumszene ohne Hilfe dauerhaft einfrieren.","Er kann die Erinnerungen der Schlafenden vollständig löschen.","A","Eames ist der Fälscher des Teams. Er nimmt im Traum die Gestalt anderer Menschen an, um die Zielperson zu beeinflussen.","Eames, gespielt von Tom Hardy, ist der Fälscher in Cobbs Team. Seine Aufgabe unterscheidet sich von Ariadnes Architektur und Yusufs Chemie: Er kann im Traum als andere Person auftreten. Dadurch erreicht die Gruppe Fischer über vermeintlich vertraute Gesprächspartner. Der Trick nutzt also nicht nur ein anderes Gesicht, sondern die Beziehungen und Erwartungen des Opfers.","Eames ist der Fälscher des Teams. Er nimmt im Traum die Gestalt anderer Menschen an, um die Zielperson zu beeinflussen.","Seine besondere Aufgabe ist die Imitation von Personen, nicht ein allumfassender Blick.","Das Anhalten einer ganzen Traumszene ist nicht Eames' Spezialfähigkeit.","Er löscht nicht vollständig das Gedächtnis; er täuscht durch sein Erscheinungsbild.","Eames täuscht Menschen im Traum durch angenommene Identitäten.","Handlung","https://en.wikipedia.org/wiki/Inception","redaktionell_geprueft"
"SF-M-008-V1","K-SF-008-eames-faelscher","SF-M-008","de","Film","Science-Fiction","Inception","Inception","2010","","mittel","Technik","Traumwelten|Erinnerung|Manipulation","Identität und Wirklichkeit","Eames täuscht Menschen im Traum durch angenommene Identitäten.","„Inception“ (2010): Welche Aufgabe kann Eames im Team übernehmen, weil er in Träumen sein Erscheinungsbild verändert?","Die gesamte Umgebung baulich entwerfen","Den gemeinsamen Schlaf chemisch stabilisieren","Eine andere Person überzeugend verkörpern","Das Team außerhalb der Träume bewachen","C","Eames ist der Fälscher des Teams: Er kann innerhalb eines Traums andere Personen darstellen.","Eames, gespielt von Tom Hardy, ist der Fälscher in Cobbs Team. Seine Aufgabe unterscheidet sich von Ariadnes Architektur und Yusufs Chemie: Er kann im Traum als andere Person auftreten. Dadurch erreicht die Gruppe Fischer über vermeintlich vertraute Gesprächspartner. Der Trick nutzt also nicht nur ein anderes Gesicht, sondern die Beziehungen und Erwartungen des Opfers.","Die bauliche Gestaltung gehört zur Architektur des Traums, nicht zu seiner besonderen Imitationsfähigkeit.","Für die Schlafmittel ist der Chemiker wichtig; das erklärt nicht Eames' Verwandlungen.","Eames ist der Fälscher des Teams: Er kann innerhalb eines Traums andere Personen darstellen.","Die Frage betrifft seine Rolle im Traum, nicht eine Wachaufgabe außerhalb davon.","Eames täuscht Menschen im Traum durch angenommene Identitäten.","Handlung","https://en.wikipedia.org/wiki/Inception","redaktionell_geprueft"
"SF-M-009","K-SF-009-reese-vaterschaft","","de","Film","Science-Fiction","Terminator","The Terminator","1984","Terminator","mittel","Beziehung","Zeitreise|Künstliche Intelligenz|Familie","Terminator|Zeitreisefilme|Künstliche Intelligenz und Cyborgs","Johns zurückgeschickter Beschützer wird zugleich zu seinem Vater.","„Terminator“ (1984): Wer ist der Vater von Sarahs künftigem Sohn John?","Matt Buchanan","Peter Silberman","Ed Traxler","Kyle Reese","D","Kyle Reese und Sarah werden ein Paar. Damit wird der von John zurückgeschickte Beschützer zugleich Johns Vater.","Kyle Reese kommt mit dem Auftrag zurück, Sarah vor dem Terminator zu retten. Zwischen beiden entsteht eine Beziehung, aus der John hervorgeht. Die Zeitreise ist damit nicht nur eine Reaktion auf Johns Existenz, sondern gehört zu deren Voraussetzung. Sarahs spätere Schwangerschaft verbindet die Liebesgeschichte mit dem geschlossenen zeitlichen Zusammenhang des Films.","Matt ist der Freund von Sarahs Mitbewohnerin Ginger, nicht Johns Vater.","Silberman begegnet Reese als Psychologe und hat nicht diese Familienbeziehung.","Traxler ist der Polizist, der Sarahs Fall bearbeitet.","Kyle Reese und Sarah werden ein Paar. Damit wird der von John zurückgeschickte Beschützer zugleich Johns Vater.","Johns zurückgeschickter Beschützer wird zugleich zu seinem Vater.","Auflösung","https://en.wikipedia.org/wiki/The_Terminator","redaktionell_geprueft"
"SF-M-009-V1","K-SF-009-reese-vaterschaft","SF-M-009","de","Film","Science-Fiction","Terminator","The Terminator","1984","Terminator","mittel","Beziehung","Zeitreise|Künstliche Intelligenz|Familie","Terminator|Zeitreisefilme|Künstliche Intelligenz und Cyborgs","Johns zurückgeschickter Beschützer wird zugleich zu seinem Vater.","„Terminator“ (1984): Welcher Zusammenhang verbindet John Connor mit dem Mann, der Sarah beschützen soll?","Kyle Reese ist Johns Sohn aus einer späteren Zukunft.","Kyle Reese ist Johns älterer Bruder.","Kyle Reese ist Sarahs Vater in jüngerer Gestalt.","Kyle Reese wird durch die Reise Johns Vater.","D","Der von John zurückgeschickte Kyle Reese zeugt mit Sarah den späteren John Connor.","Kyle Reese kommt mit dem Auftrag zurück, Sarah vor dem Terminator zu retten. Zwischen beiden entsteht eine Beziehung, aus der John hervorgeht. Die Zeitreise ist damit nicht nur eine Reaktion auf Johns Existenz, sondern gehört zu deren Voraussetzung. Sarahs spätere Schwangerschaft verbindet die Liebesgeschichte mit dem geschlossenen zeitlichen Zusammenhang des Films.","Die Generationenrichtung ist umgekehrt: Reese ist Johns Vater, nicht sein Sohn.","Reese ist nicht Johns Bruder; die Beziehung ist die zwischen Vater und Sohn.","Reese ist nicht mit Sarah als deren Vater verwandt.","Der von John zurückgeschickte Kyle Reese zeugt mit Sarah den späteren John Connor.","Johns zurückgeschickter Beschützer wird zugleich zu seinem Vater.","Auflösung","https://en.wikipedia.org/wiki/The_Terminator","redaktionell_geprueft"
"SF-M-010","K-SF-010-t800-selbstterminierung","","de","Film","Science-Fiction","Terminator 2 – Tag der Abrechnung","Terminator 2: Judgment Day","1991","Terminator","mittel","Zusammenhang","Zeitreise|Künstliche Intelligenz|Selbstbestimmung","Terminator|Zeitreisefilme|Künstliche Intelligenz und Cyborgs","Sarah muss den T-800 absenken, weil er sich nicht selbst terminieren kann.","„Terminator 2 – Tag der Abrechnung“ (1991): Warum bittet der T-800 am Ende Sarah, ihn in die Schmelze abzusenken?","Er muss währenddessen den T-1000 festhalten.","Er kann sich nicht selbst terminieren.","John hat seinen Motor ausgeschaltet.","Seine Energie reicht nur für Sprachbefehle.","B","Der T-800 erklärt, dass er sich nicht selbst terminieren kann. Sarah bedient deshalb die Vorrichtung, die ihn in die Schmelze senkt.","Nach der Vernichtung des T-1000 bleibt ein weiteres Stück Zukunftstechnologie übrig: der Beschützer selbst. Er erkennt, dass auch sein Chip beseitigt werden muss. Die Grenze seiner Programmierung verhindert jedoch die eigene Terminierung. Sarah übernimmt deshalb die Bedienung der Absenkung. Der Abschied verbindet eine technische Beschränkung mit Johns inzwischen persönlicher Bindung an die Maschine.","Der T-1000 ist bereits besiegt; ein Festhalten ist nicht mehr erforderlich.","Der T-800 erklärt, dass er sich nicht selbst terminieren kann. Sarah bedient deshalb die Vorrichtung, die ihn in die Schmelze senkt.","John wehrt sich gegen den Abschied; er ist nicht derjenige, der den T-800 abgeschaltet hat.","Er erklärt eine Programmierungsgrenze, nicht einen bloß zu schwachen Akku.","Sarah muss den T-800 absenken, weil er sich nicht selbst terminieren kann.","Auflösung","https://en.wikipedia.org/wiki/Terminator_2:_Judgment_Day","redaktionell_geprueft"
"SF-M-010-V1","K-SF-010-t800-selbstterminierung","SF-M-010","de","Film","Science-Fiction","Terminator 2 – Tag der Abrechnung","Terminator 2: Judgment Day","1991","Terminator","mittel","Zusammenhang","Zeitreise|Künstliche Intelligenz|Selbstbestimmung","Terminator|Zeitreisefilme|Künstliche Intelligenz und Cyborgs","Sarah muss den T-800 absenken, weil er sich nicht selbst terminieren kann.","„Terminator 2 – Tag der Abrechnung“ (1991): Weshalb führt Sarah den letzten Schritt bei der Zerstörung des T-800 aus?","Er hat den Befehl erhalten, den T-1000 dabei festzuhalten.","Er kann nach dem Kampf nur noch Sprachbefehle verarbeiten.","Er darf seine eigene Terminierung nicht selbst durchführen.","Er wartet darauf, dass John zuvor seinen Antrieb entfernt.","C","Der T-800 erklärt, dass er sich nicht selbst terminieren kann; deshalb bittet er Sarah um Hilfe.","Nach der Vernichtung des T-1000 bleibt ein weiteres Stück Zukunftstechnologie übrig: der Beschützer selbst. Er erkennt, dass auch sein Chip beseitigt werden muss. Die Grenze seiner Programmierung verhindert jedoch die eigene Terminierung. Sarah übernimmt deshalb die Bedienung der Absenkung. Der Abschied verbindet eine technische Beschränkung mit Johns inzwischen persönlicher Bindung an die Maschine.","Der T-1000 muss dabei nicht festgehalten werden; er ist bereits zerstört.","Die Regel zur Selbstterminierung ist der genannte Grund, nicht eine Beschränkung auf Sprachbefehle.","Der T-800 erklärt, dass er sich nicht selbst terminieren kann; deshalb bittet er Sarah um Hilfe.","John muss keinen Antrieb entfernen; Sarah bedient die Absenkung.","Sarah muss den T-800 absenken, weil er sich nicht selbst terminieren kann.","Auflösung","https://en.wikipedia.org/wiki/Terminator_2:_Judgment_Day","redaktionell_geprueft"
"SF-M-011","K-SF-011-eltern-1955","","de","Film","Science-Fiction","Zurück in die Zukunft","Back to the Future","1985","Zurück in die Zukunft","mittel","Handlung","Zeitreise|Familie|Kausalität","Zurück in die Zukunft|Zeitreisefilme","Marty trifft 1955 seine Eltern vor ihrer Beziehung.","„Zurück in die Zukunft“ (1985): In welchem Jahr begegnet Marty seinen jugendlichen Eltern?","1975","1965","1955","1945","C","Marty reist von 1985 ins Jahr 1955 und gefährdet dort versehentlich das Kennenlernen seiner Eltern.","Marty landet dreißig Jahre vor seiner eigenen Gegenwart und begegnet George und Lorraine als Jugendlichen. Besonders heikel ist, dass Lorraine sich für ihren zukünftigen Sohn interessiert. Damit wird aus dem technischen Problem der Heimreise eine Familienaufgabe: Marty muss dafür sorgen, dass seine Eltern überhaupt zusammenkommen.","1975 liegt nur zehn Jahre vor seiner Gegenwart; die Reise führt dreißig Jahre zurück.","1965 ist nicht die Schulzeit, in die Marty im ersten Film gerät.","Marty reist von 1985 ins Jahr 1955 und gefährdet dort versehentlich das Kennenlernen seiner Eltern.","1945 läge vierzig Jahre vor Martys Ausgangsjahr; seine Eltern begegnen ihm 1955.","Marty trifft 1955 seine Eltern vor ihrer Beziehung.","Handlung","https://en.wikipedia.org/wiki/Back_to_the_Future","redaktionell_geprueft"
"SF-M-012","K-SF-012-almanach-reichtum","","de","Film","Science-Fiction","Zurück in die Zukunft II","Back to the Future Part II","1989","Zurück in die Zukunft","mittel","Handlung","Zeitreise|Kausalität|Machtmissbrauch","Zurück in die Zukunft|Zeitreisefilme","Bekannte Sportergebnisse machen Biffs Wetten unschlagbar.","„Zurück in die Zukunft II“ (1989): Womit wird Biff in der veränderten Gegenwart reich?","Mit dem Verkauf außerirdischer Metalle","Mit einer Erbschaft von Doc Brown","Mit einem Sportalmanach aus der Zukunft","Mit einem Patent auf den Fluxkompensator","C","Der Almanach enthält künftige Sportergebnisse. Biff nutzt sie für erfolgreiche Wetten und baut damit sein Vermögen auf.","Der Sportalmanach macht Wissen über die Zukunft zu wirtschaftlicher Macht. Der alte Biff bringt das Buch seinem jüngeren Ich, das damit Sportwetten gewinnt. Marty und Doc sehen anschließend eine düstere Gegenwart, in der Biff reich und einflussreich ist. Sie müssen deshalb die Weitergabe dieses Wissens rückgängig machen.","Biffs Vermögen beruht auf Wettwissen, nicht auf außerirdischen Rohstoffen.","Doc hinterlässt Biff kein Vermögen; das Buch liefert die entscheidenden Vorteile.","Der Almanach enthält künftige Sportergebnisse. Biff nutzt sie für erfolgreiche Wetten und baut damit sein Vermögen auf.","Biff erfindet den Fluxkompensator nicht und verdient nicht an dessen Patent.","Bekannte Sportergebnisse machen Biffs Wetten unschlagbar.","Handlung","https://en.wikipedia.org/wiki/Back_to_the_Future_Part_II","redaktionell_geprueft"
"SF-M-013","K-SF-013-clara-lehrerin","","de","Film","Science-Fiction","Zurück in die Zukunft III","Back to the Future Part III","1990","Zurück in die Zukunft","mittel","Figur","Zeitreise|Freundschaft|Technik","Zurück in die Zukunft|Zeitreisefilme","Clara Clayton kommt als Lehrerin und wird Docs große Liebe.","„Zurück in die Zukunft III“ (1990): Welchen Beruf hat Clara Clayton?","Saloonbesitzerin","Telegrafistin","Ärztin","Lehrerin","D","Clara kommt als neue Lehrerin nach Hill Valley. Doc rettet sie und verliebt sich in sie.","Clara Clayton, gespielt von Mary Steenburgen, kommt als neue Lehrerin nach Hill Valley. Doc rettet sie vor einem Unglück und verliebt sich in sie. Ihre gemeinsame Begeisterung für Wissenschaft und Jules Verne macht die Verbindung glaubwürdig. Für Doc steht dadurch plötzlich mehr auf dem Spiel als die technische Lösung seiner Zeitreise.","Sie betreibt nicht den Saloon, sondern kommt als Lehrerin in die Stadt.","Claras Beruf ist nicht die Nachrichtenübermittlung; sie soll in Hill Valley unterrichten.","Sie behandelt keine Patienten beruflich; ihre Aufgabe ist der Schulunterricht.","Clara kommt als neue Lehrerin nach Hill Valley. Doc rettet sie und verliebt sich in sie.","Clara Clayton kommt als Lehrerin und wird Docs große Liebe.","Handlung","https://en.wikipedia.org/wiki/Back_to_the_Future_Part_III","redaktionell_geprueft"
"SF-M-014","K-SF-014-nedry-sabotage","","de","Film","Science-Fiction","Jurassic Park","Jurassic Park","1993","Jurassic Park / Jurassic World","mittel","Figur","Gentechnik|Dinosaurier|Kontrollverlust","Jurassic Park / Jurassic World|Genetik und Klone","Nedrys Embryonendiebstahl setzt die Sicherheit des Parks außer Kraft.","„Jurassic Park“ (1993): Wer sabotiert die Sicherheitssysteme, um Embryonen zu stehlen?","Robert Muldoon","Dennis Nedry","Ray Arnold","Donald Gennaro","B","Programmierer Dennis Nedry schaltet zentrale Systeme ab, damit er unbemerkt Embryonen entwenden und aus dem Park schmuggeln kann.","Dennis Nedry ist als Programmierer mit den Computersystemen des Parks vertraut. Für den geplanten Embryonendiebstahl schaltet er wichtige Sicherungen ab. Sein eigennütziger Eingriff trifft auf ein bereits fragiles System. Dadurch wird die Katastrophe nicht nur als Tierangriff erzählt, sondern auch als Folge menschlicher Fehlentscheidungen und wirtschaftlicher Interessen.","Muldoon ist für die Tiere und ihre Sicherheit zuständig, nicht der Embryonendieb.","Programmierer Dennis Nedry schaltet zentrale Systeme ab, damit er unbemerkt Embryonen entwenden und aus dem Park schmuggeln kann.","Ray Arnold versucht, die technischen Probleme zu bewältigen; Nedry verursacht die Sabotage.","Gennaro ist der Anwalt beim Parkbesuch; er führt die Computersabotage nicht aus.","Nedrys Embryonendiebstahl setzt die Sicherheit des Parks außer Kraft.","Handlung","https://en.wikipedia.org/wiki/Jurassic_Park_(film)","redaktionell_geprueft"
"SF-M-015","K-SF-015-mosasaurus-finale","","de","Film","Science-Fiction","Jurassic World","Jurassic World","2015","Jurassic Park / Jurassic World","mittel","Handlung","Gentechnik|Dinosaurier|Kontrollverlust","Jurassic Park / Jurassic World|Genetik und Klone","Der Mosasaurus beendet den Kampf, indem er den Indominus ins Wasser zieht.","„Jurassic World“ (2015): Welches Tier zieht den Indominus rex im Finale unter Wasser?","Der Pteranodon","Der Triceratops","Der Mosasaurus","Der Ankylosaurus","C","Nach dem Kampf mit Tyrannosaurus und Raptor packt der Mosasaurus den Indominus rex und zieht ihn in sein Becken.","Der Indominus rex wird im Finale von anderen Raubtieren bedrängt und gerät an den Rand des großen Wasserbeckens. Dort schnappt der Mosasaurus zu. Die zuvor als Publikumsattraktion gezeigte Kreatur erhält damit eine entscheidende Funktion für die Handlung. Der Sieg kommt nicht durch vollständige menschliche Kontrolle über die Tiere zustande.","Der Pteranodon ist ein Flugsaurier und nicht der Bewohner des großen Beckens.","Ein Triceratops zieht den Indominus nicht unter Wasser; das übernimmt der Mosasaurus.","Nach dem Kampf mit Tyrannosaurus und Raptor packt der Mosasaurus den Indominus rex und zieht ihn in sein Becken.","Der Ankylosaurus ist nicht das Tier im Wasserbecken, das den Indominus packt.","Der Mosasaurus beendet den Kampf, indem er den Indominus ins Wasser zieht.","Auflösung","https://en.wikipedia.org/wiki/Jurassic_World","redaktionell_geprueft"
"SF-M-016","K-SF-016-unobtanium","","de","Film","Science-Fiction","Avatar","Avatar","2009","Avatar","mittel","Motiv","Außerirdische|Kolonialismus|Ökologie","Avatar|Außerirdische und Erstkontakt","Unobtanium macht Pandoras Heimatbaum zum Ziel wirtschaftlicher Interessen.","„Avatar“ (2009): Welches wertvolle Material wollen die Menschen abbauen?","Adamantium","Unobtanium","Vibranium","Dilithium","B","Die RDA sucht Unobtanium. Ein großes Vorkommen unter dem Heimatbaum verschärft den Konflikt mit den Na'vi.","Der Rohstoff Unobtanium treibt die wirtschaftlichen Interessen der Menschen auf Pandora an. Besonders konfliktträchtig ist ein Vorkommen unter dem Heimatbaum der Na'vi. Für die einen ist der Ort eine profitable Lagerstätte, für die anderen Heimat. Jake gerät zwischen die Erwartungen seines Auftraggebers und die Beziehungen, die er zu Neytiri und ihrem Volk aufbaut.","Adamantium ist nicht der begehrte Rohstoff auf Pandora.","Die RDA sucht Unobtanium. Ein großes Vorkommen unter dem Heimatbaum verschärft den Konflikt mit den Na'vi.","Vibranium ist nicht das Material, das die RDA auf Pandora gewinnen will.","Dilithium gehört nicht zum Rohstoffkonflikt dieses Films.","Unobtanium macht Pandoras Heimatbaum zum Ziel wirtschaftlicher Interessen.","Handlung","https://en.wikipedia.org/wiki/Avatar_(2009_film)","redaktionell_geprueft"
"SF-M-017","K-SF-017-et-praktische-effekte","","de","Film","Science-Fiction","E.T. – Der Außerirdische","E.T. the Extra-Terrestrial","1982","","mittel","Filmgeschichte","Außerirdische|Freundschaft|Heimkehr","Außerirdische und Erstkontakt","Der E.T. von 1982 ist vor allem praktische Puppen- und Kostümarbeit.","„E.T. – Der Außerirdische“ (1982): Wie wurde E.T. in der ursprünglichen Kinofassung von 1982 hauptsächlich zum Leben erweckt?","Mit Puppenmechanik und Kostümdarstellern","Als digital berechnete Figur","Als gezeichnete Animation","Mit Einzelbildaufnahmen eines kleinen Modells","A","E.T. entstand überwiegend durch praktische Effekte: animatronische Puppen und Darsteller in Kostümen.","Carlo Rambaldis Team gab E.T. durch mechanisch gesteuerte Figuren und Kostüme eine körperliche Präsenz am Drehort. Puppenspieler bewegten unter anderem Gesicht und Hände; für bestimmte Körperbewegungen kamen Darsteller zum Einsatz. Diese praktische Arbeitsweise hilft, die unmittelbare Begegnung zwischen Elliott und seinem fremden Freund zu verstehen. Die Frage bezieht sich ausdrücklich auf die ursprüngliche Kinofassung, nicht auf spätere digitale Überarbeitungen.","E.T. entstand überwiegend durch praktische Effekte: animatronische Puppen und Darsteller in Kostümen.","Eine überwiegend digitale Figur beschreibt nicht die Herstellung des E.T. von 1982.","E.T. wurde nicht hauptsächlich als Zeichentrickfigur in das Bild eingefügt.","Stop-Motion mit einem kleinen Modell war nicht die hauptsächliche Technik; verwendet wurden praktische Figuren und Kostüme.","Der E.T. von 1982 ist vor allem praktische Puppen- und Kostümarbeit.","keine","https://en.wikipedia.org/wiki/E.T._the_Extra-Terrestrial","redaktionell_geprueft"
"SF-M-018","K-SF-018-pathfinder-kommunikation","","de","Film","Science-Fiction","Der Marsianer – Rettet Mark Watney","The Martian","2015","","mittel","Technik","Raumfahrt|Überleben|Zusammenarbeit","Weltraumfilme","Die alte Sonde Pathfinder wird zu Watneys Verbindung mit der NASA.","„Der Marsianer – Rettet Mark Watney“ (2015): Welche frühere Raumsonde holt Watney, um wieder mit der Erde zu kommunizieren?","New Horizons","Cassini","Mars Pathfinder","Voyager 1","C","Watney birgt Mars Pathfinder und nutzt die wiederhergestellte Verbindung für Nachrichten an die NASA.","Watney muss nicht nur Nahrung und Wasser beschaffen, sondern auch seine Isolation überwinden. Die geborgene Sonde Mars Pathfinder liefert dafür eine Möglichkeit. Mithilfe ihrer Technik entsteht wieder Kontakt zur Erde. Die Lösung passt zum Grundmuster des Films: Vorhandene Geräte erhalten durch Einfallsreichtum eine neue Funktion, statt auf eine wunderbare Rettungstechnik zu warten.","New Horizons ist nicht die Sonde, über die Watney den Kontakt zur NASA wiederherstellt.","Cassini ist nicht die im Film geborgene Marsstation.","Watney birgt Mars Pathfinder und nutzt die wiederhergestellte Verbindung für Nachrichten an die NASA.","Voyager 1 ist keine Marslandesonde, die Watney auf seiner Fahrt bergen könnte.","Die alte Sonde Pathfinder wird zu Watneys Verbindung mit der NASA.","Handlung","https://en.wikipedia.org/wiki/The_Martian_(film)","redaktionell_geprueft"
"SF-M-019","K-SF-019-frank-mops","","de","Film","Science-Fiction","Men in Black","Men in Black","1997","Men in Black","mittel","Figur","Außerirdische|Geheimorganisation|Identität","Men in Black|Außerirdische und Erstkontakt|Identität und Wirklichkeit","Informant Frank verbirgt sich in der Gestalt eines Mopses.","„Men in Black“ (1997): In welcher Tiergestalt tritt der außerirdische Informant Frank auf?","Als Papagei","Als Mops","Als Dackel","Als Katze","B","Frank sieht wie ein Mops aus, ist aber ein sprechender Außerirdischer, der den Agenten Informationen liefert.","Frank wirkt auf den ersten Blick wie ein gewöhnlicher kleiner Hund. Sobald K ihn befragt, wird deutlich, dass sich hinter dieser Erscheinung ein informierter Außerirdischer verbirgt. Die Szene macht das Grundprinzip des Films anschaulich: In vertrauten New Yorker Alltagssituationen kann sich eine ganz andere Wirklichkeit verstecken, die J erst kennenlernen muss.","Frank tritt nicht als Vogel auf, sondern als Mops.","Frank sieht wie ein Mops aus, ist aber ein sprechender Außerirdischer, der den Agenten Informationen liefert.","Er ist zwar hundeähnlich, aber kein Dackel: Seine Tarnung ist ein Mops.","Die wichtige Katze des Films heißt Orion; Frank hat eine Hundegestalt.","Informant Frank verbirgt sich in der Gestalt eines Mopses.","Handlung","https://en.wikipedia.org/wiki/Men_in_Black_(1997_film)","redaktionell_geprueft"
"SF-M-020","K-SF-020-area51-altes-schiff","","de","Film","Science-Fiction","Independence Day","Independence Day","1996","Independence Day","mittel","Schauplatz","Außerirdische|Invasion|Zusammenarbeit","Independence Day|Außerirdische und Erstkontakt","Area 51 bewahrt das alte Alien-Schiff und ermöglicht den Gegenangriff.","„Independence Day“ (1996): Wo finden die Hauptfiguren ein bereits früher abgestürztes Alien-Raumschiff?","In Area 51","Im Pentagon","In Cape Canaveral","Im Weißen Haus","A","In der geheimen Basis Area 51 werden seit Jahrzehnten ein abgestürztes Schiff und tote Außerirdische untersucht.","In Area 51 erfahren die Hauptfiguren, dass schon lange an außerirdischer Technik geforscht wird. Das geborgene Schiff liefert später mehr als Hintergrundwissen: Es eröffnet einen Weg in das Mutterschiff der Angreifer. Der geheime Forschungsort verbindet damit die Vorgeschichte früherer UFO-Funde mit dem entscheidenden Plan der gegenwärtigen Rettungsmission.","In der geheimen Basis Area 51 werden seit Jahrzehnten ein abgestürztes Schiff und tote Außerirdische untersucht.","Das Pentagon ist nicht der geheime Aufbewahrungsort des geborgenen Schiffs.","Cape Canaveral ist nicht die Basis, in der das alte Alien-Schiff untersucht wird.","Im Weißen Haus befindet sich kein entsprechendes Alien-Labor; die Figuren reisen nach Area 51.","Area 51 bewahrt das alte Alien-Schiff und ermöglicht den Gegenangriff.","Handlung","https://en.wikipedia.org/wiki/Independence_Day_(1996_film)","redaktionell_geprueft"
"SF-M-021","K-SF-021-christof-regisseur","","de","Film","Science-Fiction","Die Truman Show","The Truman Show","1998","","mittel","Figur","Überwachung|Medien|Selbstbestimmung","Dystopien","Christof lenkt die Sendung und beansprucht Kontrolle über Trumans Welt.","„Die Truman Show“ (1998): Wie heißt der Schöpfer und Regisseur der Sendung?","Christof","Kirk","Marlon","Simeon","A","Christof steuert die Sendung aus dem Kontrollraum und versucht, Truman in seiner künstlichen Umgebung zu halten.","Christof, gespielt von Ed Harris, überwacht Trumans Alltag aus einem Kontrollraum. Er entscheidet über Inszenierung und Eingriffe, während Truman sein Leben für authentisch hält. Daraus entsteht der zentrale Machtkonflikt des Films. Christof versteht sich als Schöpfer einer beschützenden Welt, aber seine Fürsorge setzt voraus, dass Truman keine freie Wahl erhält.","Christof steuert die Sendung aus dem Kontrollraum und versucht, Truman in seiner künstlichen Umgebung zu halten.","Kirk ist mit der Rolle von Trumans Vater verbunden; die Sendung leitet Christof.","Marlon spielt Trumans Freund innerhalb der Sendung; er leitet sie nicht.","Simeon gehört zum Produktionsteam, ist aber nicht der Schöpfer der Sendung.","Christof lenkt die Sendung und beansprucht Kontrolle über Trumans Welt.","Handlung","https://en.wikipedia.org/wiki/The_Truman_Show","redaktionell_geprueft"
"SF-M-022","K-SF-022-cole-eigener-tod","","de","Film","Science-Fiction","12 Monkeys","12 Monkeys","1995","","mittel","Zusammenhang","Zeitreise|Pandemie|Kausalität","Zeitreisefilme","Coles Kindheitserinnerung zeigt seinen eigenen späteren Tod.","„12 Monkeys“ (1995): Was erkennt man am Ende über Coles wiederkehrende Erinnerung an den Flughafen?","Er hat dort erstmals Jeffrey Goines getroffen.","Er hat als Kind seinen eigenen Tod beobachtet.","Er verwechselt den Flughafen mit einem Gefängnis.","Er erinnert sich an eine Szene aus einem Film.","B","Der erwachsene Cole wird vor den Augen seines jüngeren Ichs erschossen. Diese Kindheitserinnerung begleitet ihn bereits seit Beginn.","Cole sieht immer wieder Bilder eines Vorfalls am Flughafen. Erst das Ende ordnet diese Erinnerung ein: Als Kind beobachtet er, wie sein erwachsenes Ich erschossen wird. Die Bilder sind also weder bloße Fantasie noch eine beliebige Vorahnung. Der Film schließt damit eine Zeitschleife, in der Coles Vergangenheit und sein Ende zusammengehören.","Die Erinnerung betrifft Coles Tod, nicht sein erstes Treffen mit Jeffrey Goines.","Der erwachsene Cole wird vor den Augen seines jüngeren Ichs erschossen. Diese Kindheitserinnerung begleitet ihn bereits seit Beginn.","Der Flughafen ist tatsächlich der Ort des Ereignisses, keine Verwechslung mit einem Gefängnis.","Die Szene ist eine reale Kindheitserinnerung innerhalb der Handlung, kein erinnerter Spielfilm.","Coles Kindheitserinnerung zeigt seinen eigenen späteren Tod.","Auflösung","https://en.wikipedia.org/wiki/12_Monkeys","redaktionell_geprueft"
"SF-M-023","K-SF-023-zimmer101-ratten","","de","Film","Science-Fiction","1984","Nineteen Eighty-Four","1984","","mittel","Handlung","Überwachung|Dystopie|Manipulation","Dystopien","In Zimmer 101 wird Winstons Angst vor Ratten gegen ihn eingesetzt.","„1984“ (1984): Welche Tiere werden gegen Winstons größte Angst in Zimmer 101 eingesetzt?","Schlangen","Ratten","Skorpione","Spinnen","B","Winston fürchtet Ratten. Die Drohung mit einem Käfig vor seinem Gesicht soll seinen letzten inneren Widerstand brechen.","Zimmer 101 steht für die individuell unerträglichste Angst eines Gefangenen. Bei Winston sind es Ratten. O'Brien nutzt diese Furcht, um den Widerstand zu brechen, der nach anderen Formen der Folter noch übrig ist. Die Szene zeigt, dass die Partei nicht bei äußerer Unterwerfung stehenbleibt, sondern auch Winstons letzte persönliche Bindung zerstören will.","Schlangen wären eine andere Furcht; Winston wird mit Ratten bedroht.","Winston fürchtet Ratten. Die Drohung mit einem Käfig vor seinem Gesicht soll seinen letzten inneren Widerstand brechen.","Skorpione werden in dieser entscheidenden Drohung nicht verwendet.","Spinnen sind nicht Winstons hier eingesetzte größte Angst.","In Zimmer 101 wird Winstons Angst vor Ratten gegen ihn eingesetzt.","Auflösung","https://en.wikipedia.org/wiki/Nineteen_Eighty-Four_(1984_film)","redaktionell_geprueft"
"SF-M-024","K-SF-024-leeloo-element","","de","Film","Science-Fiction","Das fünfte Element","The Fifth Element","1997","","mittel","Figur","Außerirdische|Rettungsmission|Liebe","Außerirdische und Erstkontakt","Leeloo ergänzt die vier Elementsteine als fünftes Element.","„Das fünfte Element“ (1997): Welche Figur verkörpert das titelgebende fünfte Element?","Vito Cornelius","Zorg","Leeloo","Ruby Rhod","C","Leeloo ist das fünfte Element, das gemeinsam mit den vier Elementsteinen die kosmische Bedrohung aufhalten kann.","Die vier Steine allein reichen zur Abwehr der kosmischen Bedrohung nicht aus. Leeloo, gespielt von Milla Jovovich, ist das lebendige fünfte Element. Dadurch verbindet der Film die Suche nach Gegenständen mit einer Beziehungsgeschichte. Korbens Aufgabe besteht nicht nur darin, etwas zu transportieren, sondern auch darin, Leeloos Vertrauen in die Menschen zu stärken.","Cornelius kennt die Überlieferung, ist aber nicht selbst das fünfte Element.","Zorg arbeitet gegen die Helden und verkörpert nicht das rettende fünfte Element.","Leeloo ist das fünfte Element, das gemeinsam mit den vier Elementsteinen die kosmische Bedrohung aufhalten kann.","Ruby Rhod begleitet die Ereignisse als Moderator; Leeloo ist die gesuchte Figur.","Leeloo ergänzt die vier Elementsteine als fünftes Element.","Handlung","https://en.wikipedia.org/wiki/The_Fifth_Element","redaktionell_geprueft"
"SF-M-025","K-SF-025-mission-titan","","de","Film","Science-Fiction","Gattaca","Gattaca","1997","","mittel","Schauplatz","Gentechnik|Diskriminierung|Identität","Dystopien|Identität und Wirklichkeit|Genetik und Klone","Vincents ersehnte Mission führt zum Saturnmond Titan.","„Gattaca“ (1997): Zu welchem Himmelskörper soll Vincents Mission führen?","Zum Neptunmond Triton","Zum Marsmond Phobos","Zum Saturnmond Titan","Zum Jupitermond Europa","C","Vincent erhält unter Jeromes genetischer Identität einen Platz auf einer Mission zum Saturnmond Titan.","Vincent arbeitet unter einer geliehenen genetischen Identität auf seinen Traum vom Raumflug hin. Titan ist das konkrete Ziel der bevorstehenden Mission und damit der Gegenpol zu seiner ständig kontrollierten Umgebung auf der Erde. Jede zurückgelassene Hautschuppe könnte ihn entlarven. Die Reise steht deshalb zugleich für einen beruflichen Erfolg und für den Ausbruch aus einer zugeschriebenen Zukunft.","Triton gehört zu Neptun und ist nicht das im Film genannte Reiseziel.","Phobos ist nicht das Ziel der Mission; Vincent soll zum Saturnmond Titan fliegen.","Vincent erhält unter Jeromes genetischer Identität einen Platz auf einer Mission zum Saturnmond Titan.","Europa ist ein Jupitermond, während die Mission auf Titan zielt.","Vincents ersehnte Mission führt zum Saturnmond Titan.","Handlung","https://en.wikipedia.org/wiki/Gattaca","redaktionell_geprueft"
"SF-M-026","K-SF-026-heptapoden-kreise","","de","Film","Science-Fiction","Arrival","Arrival","2016","","mittel","Technik","Erstkontakt|Sprache|Zeitwahrnehmung","Außerirdische und Erstkontakt","Die kreisförmige Schrift passt zur nichtlinearen Zeitwahrnehmung der Heptapoden.","„Arrival“ (2016): Welche Gestalt haben die Schriftzeichen der Besucher überwiegend?","Rechteckige Strichcodes","Dreieckige Keilschrift","Kreisförmige Zeichen","Spiralförmige Zahlenreihen","C","Die Heptapoden erzeugen kreisförmige Schriftzeichen. Ihre Schrift bildet Gedanken anders ab als eine lineare menschliche Buchstabenfolge.","Die Besucher erzeugen komplexe kreisförmige Zeichen, die Louise nach und nach entschlüsselt. Anders als eine Folge einzeln gesprochener Wörter vermitteln sie eine andere Ordnung von Bedeutung. Die Schrift ist damit nicht nur ein dekoratives Merkmal der Außerirdischen. Das Lernen dieser Sprache wird zum Schlüssel für Louises verändertes Verständnis von Zeit und ihrer eigenen Lebensgeschichte.","Rechteckige Strichcodes entsprechen nicht dem charakteristischen Schriftbild der Besucher.","Die gezeigten Zeichen sind nicht dreieckig wie eine solche Keilschrift.","Die Heptapoden erzeugen kreisförmige Schriftzeichen. Ihre Schrift bildet Gedanken anders ab als eine lineare menschliche Buchstabenfolge.","Es handelt sich nicht um spiralförmige Zahlenlisten, sondern um kreisförmige Schrift.","Die kreisförmige Schrift passt zur nichtlinearen Zeitwahrnehmung der Heptapoden.","Handlung","https://en.wikipedia.org/wiki/Arrival_(film)","redaktionell_geprueft"
"SF-M-027","K-SF-027-signal-wega","","de","Film","Science-Fiction","Contact","Contact","1997","","mittel","Schauplatz","Erstkontakt|Raumfahrt|Wissenschaft","Außerirdische und Erstkontakt|Weltraumfilme","Das Signal aus Richtung Wega enthält den Plan für die Maschine.","„Contact“ (1997): Von welchem Stern kommt das entscheidende Signal?","Beteigeuze","Wega","Sirius","Proxima Centauri","B","Das Signal wird aus Richtung Wega empfangen. Es enthält unter anderem Bauanweisungen für eine außergewöhnliche Maschine.","Das aus Richtung Wega empfangene Signal verändert Ellies Forschung schlagartig. In den Informationen steckt nicht bloß ein Gruß, sondern eine technische Bauanleitung. Damit wird aus der Frage, ob jemand antwortet, eine weltweite Entscheidung über eine riskante Konstruktion. Der Stern bezeichnet die beobachtete Herkunft des Signals, nicht automatisch die ursprüngliche Heimat sämtlicher beteiligter Wesen.","Beteigeuze wird nicht als Quelle des entscheidenden Signals genannt.","Das Signal wird aus Richtung Wega empfangen. Es enthält unter anderem Bauanweisungen für eine außergewöhnliche Maschine.","Sirius ist nicht die im Film bestimmte Signalrichtung.","Proxima Centauri ist nicht der Stern, aus dessen Richtung Ellie die Botschaft empfängt.","Das Signal aus Richtung Wega enthält den Plan für die Maschine.","Handlung","https://en.wikipedia.org/wiki/Contact_(1997_American_film)","redaktionell_geprueft"
"SF-M-028","K-SF-028-wikus-verwandlung","","de","Film","Science-Fiction","District 9","District 9","2009","","mittel","Figur","Außerirdische|Diskriminierung|Identität","Außerirdische und Erstkontakt|Dystopien|Identität und Wirklichkeit","Wikus wird körperlich zu einem Mitglied der ausgegrenzten Gruppe.","„District 9“ (2009): Welche körperliche Veränderung erlebt Wikus?","Er verliert dauerhaft seine Körpermasse.","Er wird unsichtbar.","Er schrumpft auf wenige Zentimeter.","Er verwandelt sich zunehmend in einen der Außerirdischen.","D","Nach dem Kontakt mit einer fremden Flüssigkeit verändert sich Wikus' Körper. Dadurch kann er schließlich auch Alien-Waffen bedienen.","Wikus beginnt als Mitarbeiter einer Organisation, die die Außerirdischen umsiedeln soll. Nach dem Kontakt mit einer fremden Flüssigkeit verändert sich sein Körper. Dadurch erlebt er die zuvor verwaltete Ausgrenzung selbst und wird für seine Arbeitgeber zum begehrten Forschungsobjekt. Die Verwandlung macht den gesellschaftlichen Perspektivwechsel des Films zu einer unmittelbaren körperlichen Erfahrung.","Ein dauerhafter Verlust der Körpermasse ist nicht die entscheidende Veränderung.","Er wird nicht unsichtbar, sondern entwickelt zunehmend außerirdische Körpermerkmale.","Seine Veränderung betrifft seine Artzugehörigkeit, nicht eine Verkleinerung auf wenige Zentimeter.","Nach dem Kontakt mit einer fremden Flüssigkeit verändert sich Wikus' Körper. Dadurch kann er schließlich auch Alien-Waffen bedienen.","Wikus wird körperlich zu einem Mitglied der ausgegrenzten Gruppe.","Handlung","https://en.wikipedia.org/wiki/District_9","redaktionell_geprueft"
"SF-M-029","K-SF-029-helium3-abbau","","de","Film","Science-Fiction","Moon","Moon","2009","","mittel","Technik","Raumfahrt|Klone|Konzernmacht","Weltraumfilme|Genetik und Klone","Die Mondstation gewinnt Helium-3 als Energierohstoff für die Erde.","„Moon“ (2009): Welcher Rohstoff wird auf der Station gewonnen?","Plutonium-239","Deuterium-Eis","Antimaterie","Helium-3","D","Die Station gewinnt Helium-3 als Energierohstoff für die Erde. Große automatische Erntemaschinen übernehmen den Abbau.","Die Anlage dient der Versorgung der Erde mit Helium-3. Große Maschinen erledigen den eigentlichen Abbau, während Sam den Betrieb betreut. Die scheinbar moderne Energieversorgung bildet den wirtschaftlichen Hintergrund seiner Isolation. So stellt der Film den Nutzen einer technischen Infrastruktur neben die Frage, welchen menschlichen Preis ihr Betrieb hinter den Kulissen verursacht.","Plutonium-239 ist nicht das im Film genannte Förderprodukt.","Deuterium-Eis ist nicht der Rohstoff, auf dem das Geschäftsmodell der Station beruht.","Die Station produziert keine Antimaterie; sie gewinnt Helium-3.","Die Station gewinnt Helium-3 als Energierohstoff für die Erde. Große automatische Erntemaschinen übernehmen den Abbau.","Die Mondstation gewinnt Helium-3 als Energierohstoff für die Erde.","keine","https://en.wikipedia.org/wiki/Moon_(2009_film)","redaktionell_geprueft"
"SF-M-030","K-SF-030-nathan-erschaffer","","de","Film","Science-Fiction","Ex Machina","Ex Machina","2014","","mittel","Figur","Künstliche Intelligenz|Bewusstsein|Manipulation","Künstliche Intelligenz und Cyborgs","Nathan entwickelt Ava und kontrolliert die Bedingungen ihres Tests.","„Ex Machina“ (2014): Wer hat Ava gebaut?","Nathan","Caleb","Jackson","Kyoko","A","Nathan, der Gründer einer erfolgreichen Suchmaschinenfirma, hat Ava in seinem abgeschiedenen Forschungshaus entwickelt.","Nathan ist der Gründer der Suchmaschinenfirma Blue Book und zugleich Avas Entwickler. In seinem abgeschiedenen Haus verfügt er über Räume, Überwachung und Zugangskontrollen. Caleb ist dort Gast und Prüfer, aber nicht Herr des Experiments. Dieses Machtgefälle prägt jede Begegnung: Nathan bestimmt zunächst, welche Informationen Caleb und Ava voneinander erhalten können.","Nathan, der Gründer einer erfolgreichen Suchmaschinenfirma, hat Ava in seinem abgeschiedenen Forschungshaus entwickelt.","Caleb wird zur Beurteilung eingeladen, hat Ava aber nicht gebaut.","Jackson ist nicht der im Film gezeigte Entwickler von Ava.","Kyoko ist nicht Avas Entwicklerin; Nathan hat die künstlichen Wesen geschaffen.","Nathan entwickelt Ava und kontrolliert die Bedingungen ihres Tests.","keine","https://en.wikipedia.org/wiki/Ex_Machina_(film)","redaktionell_geprueft"
"SF-M-031","K-SF-031-agatha-precog","","de","Film","Science-Fiction","Minority Report","Minority Report","2002","","mittel","Figur","Zukunftsvorhersage|Überwachung|Freier Wille","Dystopien","Agatha ist die Precog, deren Visionen Anderton unmittelbar untersucht.","„Minority Report“ (2002): Wie heißt die weibliche Person mit Vorahnungen, die Anderton mitnimmt?","Anne","Iris","Lara","Agatha","D","Agatha ist eine der drei Precogs. Anderton hofft, in ihren Visionen Hinweise auf eine andere mögliche Zukunft zu finden.","Agatha gehört zu den drei Menschen, deren Vorahnungen Precrime überhaupt ermöglichen. Anderton nimmt sie mit, weil er die Vorhersage seines eigenen Mordes nicht einfach hinnehmen will. Dadurch wird aus einer vermeintlich neutralen Datenquelle eine verletzliche Person. Ihre Erinnerungen und Visionen führen außerdem zu einem Verbrechen, das die Geschichte des Systems selbst betrifft.","Anne ist Agathas Mutter und nicht die von Anderton mitgenommene Precog.","Iris ist nicht der Name der weiblichen Precog.","Lara ist Andertons ehemalige Frau; gesucht ist Agatha.","Agatha ist eine der drei Precogs. Anderton hofft, in ihren Visionen Hinweise auf eine andere mögliche Zukunft zu finden.","Agatha ist die Precog, deren Visionen Anderton unmittelbar untersucht.","Handlung","https://en.wikipedia.org/wiki/Minority_Report_(film)","redaktionell_geprueft"
"SF-M-032","K-SF-032-rekall-erinnerungen","","de","Film","Science-Fiction","Die totale Erinnerung – Total Recall","Total Recall","1990","","mittel","Technik","Erinnerung|Identität|Konzernmacht","Identität und Wirklichkeit","Rekall verkauft das Erinnern an eine Reise ohne die tatsächliche Reise.","„Die totale Erinnerung – Total Recall“ (1990): Was bietet die Firma Rekall ihren Kunden an?","Eine Reise in die eigene Kindheit","Einen vollständigen Austausch des Körpers","Künstlich implantierte Urlaubserinnerungen","Einen garantiert ewigen Kälteschlaf","C","Rekall verkauft Erinnerungen an Reisen und Erlebnisse, die der Kunde nicht tatsächlich unternommen haben muss.","Das Geschäftsmodell von Rekall setzt bei subjektiver Erfahrung an: Kunden sollen sich an einen Urlaub erinnern können, den sie nicht körperlich erlebt haben. Quaid wählt eine besonders aufregende Variante mit einer Geheimagentenrolle. Dadurch wird die spätere Handlung grundsätzlich zweideutig, denn genau die Art von Abenteuer beginnt, die ihm zuvor als künstliche Erinnerung angeboten wurde.","Rekall schickt Kunden nicht tatsächlich in ihre Kindheit, sondern implantiert Erinnerungen.","Ein kompletter Körperwechsel gehört nicht zu dem hier gezeigten Angebot.","Rekall verkauft Erinnerungen an Reisen und Erlebnisse, die der Kunde nicht tatsächlich unternommen haben muss.","Dauerhafter Kälteschlaf ist nicht die Dienstleistung; verkauft werden Erlebniserinnerungen.","Rekall verkauft das Erinnern an eine Reise ohne die tatsächliche Reise.","Auflösung","https://en.wikipedia.org/wiki/Total_Recall_(1990_film)","redaktionell_geprueft"
"SF-M-033","K-SF-033-murphy-identitaet","","de","Film","Science-Fiction","RoboCop","RoboCop","1987","RoboCop","mittel","Figur","Cyborgs|Identität|Konzernmacht","RoboCop|Künstliche Intelligenz und Cyborgs|Identität und Wirklichkeit","Hinter RoboCop steckt der Polizist Alex Murphy.","„RoboCop“ (1987): Wie heißt der Polizist, aus dem der Cyborg entsteht?","Peter Weller","Alex Murphy","Dick Jones","Bob Morton","B","Alex Murphy wird nach seiner tödlichen Verletzung zu RoboCop umgebaut. Peter Weller ist der Schauspieler, der ihn verkörpert.","Alex Murphy wird nach einem brutalen Angriff zum Cyborg umgebaut. Sein Körper soll nun als Produkt des Konzerns funktionieren, doch Erinnerungen an sein früheres Leben kehren zurück. Die Frage nach seinem Namen ist deshalb ein zentrales Motiv. Peter Weller spielt sowohl den Polizisten als auch die Maschine, deren menschliche Identität sich allmählich wieder behauptet.","Peter Weller ist der Schauspieler, nicht der Name des Polizisten.","Alex Murphy wird nach seiner tödlichen Verletzung zu RoboCop umgebaut. Peter Weller ist der Schauspieler, der ihn verkörpert.","Dick Jones ist ein OCP-Manager und nicht die menschliche Identität RoboCops.","Bob Morton betreibt das RoboCop-Projekt, wird aber nicht zum Cyborg.","Hinter RoboCop steckt der Polizist Alex Murphy.","Handlung","https://en.wikipedia.org/wiki/RoboCop","redaktionell_geprueft"
"SF-M-034","K-SF-034-buenos-aires-rico","","de","Film","Science-Fiction","Starship Troopers","Starship Troopers","1997","Starship Troopers","mittel","Motiv","Außerirdische|Krieg|Propaganda","Starship Troopers|Außerirdische und Erstkontakt","Die Zerstörung von Buenos Aires macht den Krieg für Rico persönlich.","„Starship Troopers“ (1997): Welche Heimatstadt Johnny Ricos wird zerstört?","Rio de Janeiro","Mexiko-Stadt","Madrid","Buenos Aires","D","Die Zerstörung von Buenos Aires trifft Rico persönlich, weil dort seine Eltern leben. Er setzt daraufhin seinen Militärdienst fort.","Rico stammt aus Buenos Aires, wo seine Eltern geblieben sind. Die Zerstörung der Stadt trifft ihn daher unmittelbar und verändert seine Haltung zum Militärdienst. Ein Konflikt, den er zuvor auch aus persönlichen und romantischen Gründen begonnen hatte, wird nun mit Verlust und Vergeltung verbunden. Der Film zeigt, wie eng private Motive und öffentliche Kriegsrhetorik ineinandergreifen.","Rio de Janeiro ist nicht die Stadt, in der Ricos Eltern leben.","Mexiko-Stadt ist nicht der Ort des Angriffs, der Rico persönlich trifft.","Madrid ist nicht Ricos zerstörte Heimatstadt.","Die Zerstörung von Buenos Aires trifft Rico persönlich, weil dort seine Eltern leben. Er setzt daraufhin seinen Militärdienst fort.","Die Zerstörung von Buenos Aires macht den Krieg für Rico persönlich.","Handlung","https://en.wikipedia.org/wiki/Starship_Troopers_(film)","redaktionell_geprueft"
"SF-M-035","K-SF-035-schlamm-waermesicht","","de","Film","Science-Fiction","Predator","Predator","1987","Predator","mittel","Technik","Außerirdische|Überleben|Jagd","Predator|Außerirdische und Erstkontakt","Schlamm verdeckt Dutch vorübergehend vor der Wärmesicht des Predators.","„Predator“ (1987): Womit erschwert Dutch dem Jäger, ihn per Wärmesicht zu erkennen?","Mit einer dicken Schicht aus Pflanzenfasern","Mit einer metallbeschichteten Rettungsdecke","Mit einer Schlammschicht auf seinem Körper","Mit einem ständig brennenden Ring aus Feuer","C","Dutch entdeckt, dass Schlamm seine Wärmesignatur vorübergehend verdeckt. Er nutzt dies für den abschließenden Kampf.","Dutch entdeckt nach dem Kontakt mit Schlamm, dass der Jäger ihn nicht mehr so leicht erkennt. Daraus entwickelt er eine Taktik für den letzten Kampf. Der Film stellt die Schlammschicht als vorübergehende Tarnung gegenüber der Wärmewahrnehmung dar. Entscheidend ist, dass Dutch die Wahrnehmung seines Gegners versteht und sein Verhalten daran anpasst, statt nur stärker zu schießen.","Eine Verkleidung aus Pflanzen ist nicht die gezeigte Ursache seiner verdeckten Wärmesignatur.","Dutch nutzt keine Rettungsdecke als Wärmetarnung; er entdeckt die Wirkung von Schlamm.","Dutch entdeckt, dass Schlamm seine Wärmesignatur vorübergehend verdeckt. Er nutzt dies für den abschließenden Kampf.","Feuer spielt bei seinem Kampf eine Rolle, doch die erfragte Körpertarnung ist Schlamm.","Schlamm verdeckt Dutch vorübergehend vor der Wärmesicht des Predators.","Handlung","https://en.wikipedia.org/wiki/Predator_(film)","redaktionell_geprueft"
"SF-M-036","K-SF-036-fremde-erinnerungsversuch","","de","Film","Science-Fiction","Dark City","Dark City","1998","","mittel","Zusammenhang","Erinnerung|Identität|Künstliche Lebensräume","Identität und Wirklichkeit","Die Fremden verändern Umgebung und Erinnerungen, um Identität zu erforschen.","„Dark City“ (1998): Was verändern die Fremden während des nächtlichen Stillstands?","Die Stadt und die Erinnerungen ihrer Bewohner","Die Sprache aller Bücher der Welt","Die Entfernung der Erde zur Sonne","Die chemische Zusammensetzung des Mondes","A","Die Fremden formen die Stadt um und tauschen Erinnerungen aus. Sie erforschen damit, was menschliche Identität ausmacht.","Während die Bewohner stillstehen, gestalten die Fremden die Stadt um und geben Menschen neue Erinnerungen. So können Lebensläufe und soziale Rollen scheinbar über Nacht wechseln. Murdochs Widerstand bringt dieses Experiment aus dem Gleichgewicht. Der Film verbindet die veränderliche Architektur mit der Frage, ob ein Mensch nur aus seinen Erinnerungen besteht oder darüber hinaus eine eigene Identität besitzt.","Die Fremden formen die Stadt um und tauschen Erinnerungen aus. Sie erforschen damit, was menschliche Identität ausmacht.","Ein weltweiter Austausch von Buchsprachen beschreibt nicht das Experiment mit Lebensläufen.","Die Fremden verändern die Stadt, nicht die Entfernung zwischen Erde und Sonne.","Die chemische Beschaffenheit des Mondes ist nicht Gegenstand der nächtlichen Eingriffe.","Die Fremden verändern Umgebung und Erinnerungen, um Identität zu erforschen.","Handlung","https://en.wikipedia.org/wiki/Dark_City_(1998_film)","redaktionell_geprueft"
"SF-M-037","K-SF-037-joshua-falken","","de","Film","Science-Fiction","WarGames – Kriegsspiele","WarGames","1983","WarGames","mittel","Figur","Künstliche Intelligenz|Atomkrieg|Simulation","WarGames|Künstliche Intelligenz und Cyborgs","Joshua verbindet das Computerprogramm mit Falkens verstorbenem Sohn.","„WarGames – Kriegsspiele“ (1983): Mit welchem Namen spricht David das Computersystem an?","GERTY","Colossus","HAL","Joshua","D","Joshua ist der Name des verstorbenen Sohnes von Professor Falken und zugleich der Zugang zu dessen lernendem Programm.","David findet im Namen Joshua einen Zugang zum lernenden Programm von Professor Falken. Der Name verweist auf dessen verstorbenen Sohn und macht hinter dem militärischen System eine persönliche Geschichte sichtbar. Falken muss später erneut Verantwortung für seine Schöpfung übernehmen. Das Programm kann lernen, versteht jedoch anfangs nicht ausreichend, welche Folgen seine berechneten Kriegsszenarien außerhalb des Spiels hätten.","GERTY ist der Computer aus Moon, nicht Falkens Programm.","Colossus ist nicht der Name, den David für dieses Programm verwendet.","HAL gehört zu 2001: Odyssee im Weltraum; David spricht Joshua an.","Joshua ist der Name des verstorbenen Sohnes von Professor Falken und zugleich der Zugang zu dessen lernendem Programm.","Joshua verbindet das Computerprogramm mit Falkens verstorbenem Sohn.","Handlung","https://en.wikipedia.org/wiki/WarGames","redaktionell_geprueft"
"SF-M-038","K-SF-038-daniel-zeichen","","de","Film","Science-Fiction","Stargate","Stargate","1994","Stargate","mittel","Figur","Wurmlöcher|Außerirdische|Sprache","Stargate|Außerirdische und Erstkontakt","Daniel Jackson erkennt die Zeichen als Schlüssel zur Reiseadresse.","„Stargate“ (1994): Welcher Wissenschaftler entschlüsselt die entscheidenden Zeichen?","David Levinson","Ellie Arroway","Daniel Jackson","Alan Grant","C","Der Ägyptologe und Sprachwissenschaftler Daniel Jackson erkennt die Bedeutung der Zeichen und macht das Tor benutzbar.","Daniel Jackson, gespielt von James Spader, wird hinzugezogen, weil seine Kenntnisse einen neuen Blick auf die alten Zeichen ermöglichen. Er erkennt deren Bedeutung für die Bedienung des Tors. Auf der anderen Seite bleibt seine Fähigkeit zur Verständigung ebenso wichtig. Damit ist er für die Expedition nicht nur Übersetzer, sondern ein notwendiges Gegenstück zur militärischen Führung.","David Levinson ist eine Figur aus Independence Day, nicht der Entzifferer des Stargates.","Ellie Arroway sucht in Contact nach Radiosignalen; sie gehört nicht zu dieser Expedition.","Der Ägyptologe und Sprachwissenschaftler Daniel Jackson erkennt die Bedeutung der Zeichen und macht das Tor benutzbar.","Alan Grant ist der Paläontologe aus Jurassic Park, nicht der Ägyptologe des Films.","Daniel Jackson erkennt die Zeichen als Schlüssel zur Reiseadresse.","Handlung","https://en.wikipedia.org/wiki/Stargate_(film)","redaktionell_geprueft"
"SF-M-039","K-SF-039-r2-todessternplaene","","de","Film","Science-Fiction","Star Wars: Episode IV – Eine neue Hoffnung","Star Wars","1977","Star Wars","mittel","Handlung","Raumfahrt|Rebellion|Droiden","Star Wars|Weltraumfilme","R2-D2 transportiert Leias Nachricht und die Todessternpläne.","„Star Wars: Episode IV – Eine neue Hoffnung“ (1977): In welchem Droiden verbirgt Leia die gestohlenen Todessternpläne?","R5-D4","R2-D2","Ein imperialer Suchdroide","C-3PO","B","Leia übergibt R2-D2 die Pläne und eine Nachricht für Obi-Wan Kenobi. Der Droide entkommt mit C-3PO in einer Rettungskapsel.","Leia vertraut R2-D2 die gestohlenen Pläne und eine Bitte um Hilfe an Obi-Wan Kenobi an. Zusammen mit C-3PO entkommt der kleine Droide und gelangt später zu Luke. Dadurch wird er zum Verbindungsglied zwischen Prinzessin, Jedi und Farmjungen. Ein scheinbar gewöhnlicher Droidenkauf bringt Luke so in den Mittelpunkt des Kampfes gegen das Imperium.","R5-D4 ist der andere Astromech beim Kauf auf Tatooine; er trägt Leias Pläne nicht.","Leia übergibt R2-D2 die Pläne und eine Nachricht für Obi-Wan Kenobi. Der Droide entkommt mit C-3PO in einer Rettungskapsel.","Leia nutzt keinen imperialen Suchdroiden, sondern R2-D2.","C-3PO begleitet R2-D2, ist aber nicht der Speicherort der übergebenen Pläne.","R2-D2 transportiert Leias Nachricht und die Todessternpläne.","Handlung","https://en.wikipedia.org/wiki/Star_Wars_(film)|https://www.starwars.com/databank/r2-d2","redaktionell_geprueft"
"SF-M-040","K-SF-040-lando-wolkenstadt","","de","Film","Science-Fiction","Star Wars: Episode V – Das Imperium schlägt zurück","The Empire Strikes Back","1980","Star Wars","mittel","Schauplatz","Raumfahrt|Familie|Jedi","Star Wars|Weltraumfilme","Lando verwaltet die Wolkenstadt auf Bespin, wo Zuflucht zur Falle wird.","„Star Wars: Episode V – Das Imperium schlägt zurück“ (1980): Welche Stadt verwaltet Lando Calrissian?","Mos Eisley auf Tatooine","Die Wolkenstadt auf Bespin","Theed auf Naboo","Die Hauptstadt von Alderaan","B","Lando ist Verwalter der Wolkenstadt auf Bespin. Han und Leia suchen dort Zuflucht, geraten aber in eine Falle.","Han und Leia suchen bei Hans altem Bekannten Lando Calrissian Schutz. Dessen Wolkenstadt scheint zunächst eine elegante und sichere Alternative zur Flucht vor dem Imperium. Doch Vader hat Lando bereits unter Druck gesetzt. Die Stadt verbindet damit persönliche Beziehungen mit einem politischen Dilemma: Lando versucht, seine Bewohner zu schützen, während seine Gäste verraten werden.","Mos Eisley ist ein Raumhafen auf Tatooine, nicht Landos Verwaltungsgebiet.","Lando ist Verwalter der Wolkenstadt auf Bespin. Han und Leia suchen dort Zuflucht, geraten aber in eine Falle.","Theed liegt auf Naboo und ist nicht Landos Stadt.","Alderaans Hauptstadt ist nicht der Ort, an dem Han Lando aufsucht.","Lando verwaltet die Wolkenstadt auf Bespin, wo Zuflucht zur Falle wird.","Auflösung","https://en.wikipedia.org/wiki/The_Empire_Strikes_Back","redaktionell_geprueft"
"SF-M-041","K-SF-041-leia-boushh","","de","Film","Science-Fiction","Star Wars: Episode VI – Die Rückkehr der Jedi-Ritter","Return of the Jedi","1983","Star Wars","mittel","Handlung","Raumfahrt|Rebellion|Jedi","Star Wars|Weltraumfilme","Leia nutzt die Kopfgeldjäger-Tarnung Boushh, um Han zu erreichen.","„Star Wars: Episode VI – Die Rückkehr der Jedi-Ritter“ (1983): Als was verkleidet sich Leia, um in Jabbas Palast zu gelangen?","Als imperialer Offizier","Als Pilotin der Rebellen","Als medizinischer Droide","Als Kopfgeldjäger","D","Leia tritt als Kopfgeldjäger Boushh auf und bringt Chewbacca scheinbar als Gefangenen zu Jabba, um Han befreien zu können.","Leia betritt Jabbas Palast unter einer Rüstung und gibt sich als Kopfgeldjäger Boushh aus. Chewbacca wird scheinbar als Gefangener vorgeführt, wodurch die Tarnung glaubwürdig wirkt. Ihr eigentliches Ziel ist Han Solo, der in Karbonit eingeschlossen ist. Die Szene zeigt Leia als aktive Planerin einer Rettung, deren persönliches Motiv sie zunächst sorgfältig verbirgt.","Sie tritt nicht als imperiale Offizierin auf; ihre Tarnfigur heißt Boushh.","Als offen erkennbare Rebellenpilotin könnte sie den Kopfgeldjäger-Auftritt nicht glaubhaft machen.","Leia trägt keine medizinische Droidenverkleidung, sondern eine Kopfgeldjägerrüstung.","Leia tritt als Kopfgeldjäger Boushh auf und bringt Chewbacca scheinbar als Gefangenen zu Jabba, um Han befreien zu können.","Leia nutzt die Kopfgeldjäger-Tarnung Boushh, um Han zu erreichen.","Handlung","https://en.wikipedia.org/wiki/Return_of_the_Jedi","redaktionell_geprueft"
"SF-M-042","K-SF-042-genesis-projekt","","de","Film","Science-Fiction","Star Trek II: Der Zorn des Khan","Star Trek II: The Wrath of Khan","1982","Star Trek","mittel","Technik","Raumfahrt|Rache|Technikfolgen","Star Trek|Weltraumfilme","Genesis soll Leben ermöglichen, kann aber bestehendes Leben vernichten.","„Star Trek II: Der Zorn des Khan“ (1982): Welche Entwicklung will Khan an sich bringen?","Den EMH-Doktor","Den Transwarp-Korridor","Den Nexus","Das Genesis-Projekt","D","Genesis soll unbelebte Materie in lebensfreundliche Umgebungen umwandeln. Seine enorme Wirkung macht das Projekt auch zu einer gefährlichen Waffe.","Das Genesis-Projekt soll unbelebte Materie so umformen, dass lebensfreundliche Bedingungen entstehen. Diese enorme Veränderungskraft macht es zugleich gefährlich, wenn es gegen bewohnte Ziele eingesetzt wird. Khan interessiert sich nicht für friedliche Forschung. Die Entwicklung verbindet deshalb eine hoffnungsvolle Idee mit dem Risiko, dass ihre Wirkung durch Machtstreben und Rache zur Waffe wird.","Der medizinische Hologrammdoktor gehört nicht zum Genesis-Projekt oder zu Khans Ziel.","Ein Transwarp-Korridor ist nicht die Entwicklung, um die sich der Konflikt dreht.","Der Nexus ist kein von Khan gesuchtes Forschungsprojekt dieses Films.","Genesis soll unbelebte Materie in lebensfreundliche Umgebungen umwandeln. Seine enorme Wirkung macht das Projekt auch zu einer gefährlichen Waffe.","Genesis soll Leben ermöglichen, kann aber bestehendes Leben vernichten.","Handlung","https://en.wikipedia.org/wiki/Star_Trek_II:_The_Wrath_of_Khan","redaktionell_geprueft"
"SF-M-043","K-SF-043-nimoy-regie","","de","Film","Science-Fiction","Star Trek IV: Zurück in die Gegenwart","Star Trek IV: The Voyage Home","1986","Star Trek","mittel","Regie","Zeitreise|Ökologie|Erstkontakt","Star Trek|Zeitreisefilme|Außerirdische und Erstkontakt","Leonard Nimoy steht als Spock vor und als Regisseur hinter der Kamera.","„Star Trek IV: Zurück in die Gegenwart“ (1986): Welcher Darsteller der Enterprise-Crew führte bei diesem Film auch Regie?","DeForest Kelley","Leonard Nimoy","George Takei","William Shatner","B","Leonard Nimoy führte Regie und spielt zugleich Spock.","Leonard Nimoy spielt Spock und führt zugleich Regie. Der Film verbindet die vertraute Enterprise-Crew mit einem komischen Blick auf das Alltagsleben des 20. Jahrhunderts. Die Reise wegen zweier Buckelwale gibt dem Abenteuer außerdem eine ökologische Perspektive. Nimoys doppelte Aufgabe zeigt, wie ein langjähriger Darsteller die Gestaltung seiner Filmreihe auch hinter der Kamera prägen kann.","DeForest Kelley spielt McCoy; die Regie dieses Films übernahm Leonard Nimoy.","Leonard Nimoy führte Regie und spielt zugleich Spock.","George Takei spielt Sulu und ist hier nicht der Regisseur.","William Shatner spielt Kirk und führte später beim fünften Kinofilm Regie, nicht bei diesem.","Leonard Nimoy steht als Spock vor und als Regisseur hinter der Kamera.","keine","https://www.paramountpictures.com/movies/star-trek-iv-the-voyage-home|https://en.wikipedia.org/wiki/Star_Trek_IV:_The_Voyage_Home","redaktionell_geprueft"
"SF-M-044","K-SF-044-cochrane-phoenix","","de","Film","Science-Fiction","Star Trek: Der erste Kontakt","Star Trek: First Contact","1996","Star Trek","mittel","Figur","Zeitreise|Cyborgs|Erstkontakt","Star Trek|Zeitreisefilme|Künstliche Intelligenz und Cyborgs|Außerirdische und Erstkontakt","Cochranes Warpflug mit der Phoenix macht die Erde für die Vulkanier interessant.","„Star Trek: Der erste Kontakt“ (1996): Wer baut das menschliche Warpschiff Phoenix?","Zefram Cochrane","Henry Archer","Richard Daystrom","Noonien Soong","A","Zefram Cochrane entwickelt die Phoenix. Ihr erster Warpflug macht außerirdische Beobachter auf die Menschheit aufmerksam.","Zefram Cochrane, gespielt von James Cromwell, entwickelt die Phoenix unter den schwierigen Bedingungen einer vom Krieg gezeichneten Erde. Die Enterprise-Crew kennt ihn als spätere historische Größe, begegnet aber einem widersprüchlichen Menschen. Sein erfolgreicher Warpflug führt dazu, dass vorbeifliegende Vulkanier Kontakt aufnehmen. Die Zukunft hängt somit an einer Person, die ihrer eigenen Legende noch nicht entspricht.","Zefram Cochrane entwickelt die Phoenix. Ihr erster Warpflug macht außerirdische Beobachter auf die Menschheit aufmerksam.","Henry Archer baut nicht die Phoenix; das Schiff ist Cochranes Projekt.","Richard Daystrom ist nicht der Konstrukteur der Phoenix.","Noonien Soong ist mit der Entwicklung von Androiden verbunden, nicht mit diesem Warpflug.","Cochranes Warpflug mit der Phoenix macht die Erde für die Vulkanier interessant.","Handlung","https://en.wikipedia.org/wiki/Star_Trek:_First_Contact","redaktionell_geprueft"
"SF-M-045","K-SF-045-proteinriegel-insekten","","de","Film","Science-Fiction","Snowpiercer","Snowpiercer","2013","","mittel","Technik","Dystopie|Klimakatastrophe|Ungleichheit","Dystopien","Die dunklen Riegel am Zugende werden aus Insekten hergestellt.","„Snowpiercer“ (2013): Was ist die Hauptzutat der dunklen Proteinriegel für die Menschen am Zugende?","Insekten","Sojabohnen","Pilze","Algen","A","Bei ihrem Vormarsch entdecken die Aufständischen, dass die Riegel aus Insekten hergestellt werden.","Die Menschen am Zugende kennen zunächst nur das fertige Nahrungsmittel, das ihnen zugeteilt wird. Erst beim Vormarsch entdecken die Aufständischen die Herstellung aus Insekten. Die Szene macht sichtbar, wie wenig sie über das System wissen, von dem ihr Überleben abhängt. Zugleich steht ihre standardisierte Versorgung in scharfem Gegensatz zum Überfluss der privilegierten Wagen.","Bei ihrem Vormarsch entdecken die Aufständischen, dass die Riegel aus Insekten hergestellt werden.","Die Riegel werden nicht hauptsächlich aus Sojabohnen gefertigt, sondern aus Insekten.","Pilze bilden nicht den Inhalt der entdeckten Produktionsanlage.","Algen sind nicht die gezeigte Hauptzutat der Riegel.","Die dunklen Riegel am Zugende werden aus Insekten hergestellt.","Handlung","https://en.wikipedia.org/wiki/Snowpiercer","redaktionell_geprueft"
"SF-M-046","K-SF-046-acht-minuten","","de","Film","Science-Fiction","Source Code","Source Code","2011","","mittel","Technik","Zeitschleife|Identität|Ermittlung","Zeitreisefilme|Identität und Wirklichkeit","Acht Minuten bilden das Zeitfenster für Stevens' Ermittlungen.","„Source Code“ (2011): Wie lang ist der Zeitraum, den Stevens in jedem Durchlauf zunächst durchlebt?","Drei Minuten","Acht Minuten","Zwölf Minuten","Eine Stunde","B","Das Programm versetzt Stevens wiederholt in die letzten acht Minuten vor der Explosion, damit er den Täter ermitteln kann.","Stevens bekommt wiederholt Zugang zu einem kurzen Abschnitt vor der Zerstörung des Zuges. Acht Minuten reichen zunächst kaum, um seine Lage zu begreifen. Mit jedem Durchlauf kann er jedoch Beobachtungen verbinden und andere Entscheidungen treffen. Die Begrenzung erzeugt Spannung, weil Erkenntnis nicht durch längere Aufenthalte, sondern durch das bewusste Nutzen bereits gemachter Erfahrungen entsteht.","Drei Minuten sind kürzer als der im Film genannte Abschnitt.","Das Programm versetzt Stevens wiederholt in die letzten acht Minuten vor der Explosion, damit er den Täter ermitteln kann.","Zwölf Minuten sind nicht die Dauer; jeder reguläre Durchlauf umfasst acht Minuten.","Eine Stunde wäre deutlich länger als das vorgegebene Zeitfenster.","Acht Minuten bilden das Zeitfenster für Stevens' Ermittlungen.","Handlung","https://en.wikipedia.org/wiki/Source_Code","redaktionell_geprueft"
"SF-M-047","K-SF-047-loop-schliessen","","de","Film","Science-Fiction","Looper","Looper","2012","","mittel","Zusammenhang","Zeitreise|Kausalität|Familie","Zeitreisefilme","Den Loop zu schließen heißt, das eigene ältere Ich zu töten.","„Looper“ (2012): Was bedeutet es, den eigenen Loop zu schließen?","Die Zeitmaschine endgültig zu zerstören","Den letzten Auftraggeber zu verraten","Den eigenen Geburtsort zu verlassen","Das eigene ältere Ich zu töten","D","Am Ende ihrer Tätigkeit töten die Looper ihr aus der Zukunft geschicktes älteres Ich. Goldbarren kennzeichnen diesen letzten Auftrag.","Die Organisation beendet die Tätigkeit ihrer Looper, indem sie ihnen ihr eigenes gealtertes Ich als Opfer schickt. Der junge Killer erhält damit zugleich Bezahlung und die Aussicht auf eine begrenzte verbleibende Lebenszeit. Diese Regel verbindet das Geschäftsmodell mit einer persönlichen Zeitfalle. Als Joes älteres Ich entkommt, wird genau dieser vereinbarte Abschluss verweigert.","Die Zeitmaschine wird beim Schließen eines einzelnen Loops nicht zerstört.","Der Verrat am Auftraggeber ist nicht die festgelegte Bedeutung dieses Ausdrucks.","Ein Ortswechsel beendet den Loop nicht; gemeint ist eine Tötung.","Am Ende ihrer Tätigkeit töten die Looper ihr aus der Zukunft geschicktes älteres Ich. Goldbarren kennzeichnen diesen letzten Auftrag.","Den Loop zu schließen heißt, das eigene ältere Ich zu töten.","Handlung","https://en.wikipedia.org/wiki/Looper_(film)","redaktionell_geprueft"
"SF-M-048","K-SF-048-omega-louvre","","de","Film","Science-Fiction","Edge of Tomorrow","Edge of Tomorrow","2014","","mittel","Schauplatz","Zeitschleife|Außerirdische|Lernen","Zeitreisefilme|Außerirdische und Erstkontakt","Das wirkliche Omega liegt unter dem Louvre; die frühere Vision war eine Falle.","„Edge of Tomorrow“ (2014): Wo befindet sich das Omega tatsächlich?","Im Hauptbahnhof von Berlin","Im Inneren des Big Ben in London","Unter dem Louvre in Paris","Unter dem Kolosseum in Rom","C","Cages frühere Vision führt in eine Falle. Erst das Ortungsgerät zeigt das Versteck des Omega unter dem Louvre.","Cage und Rita müssen das Omega finden, um das Zeitnetz der Mimics zu zerstören. Eine scheinbar hilfreiche Vision führt Cage zunächst in eine Falle. Erst ein Ortungsgerät liefert den tatsächlichen Standort unter dem Louvre in Paris. Die Unterscheidung zeigt, dass selbst Cages besondere Wahrnehmung manipulierbar ist und nicht jede Zukunftsinformation vertrauenswürdig sein muss.","Der Berliner Hauptbahnhof wird nicht als Ziel des letzten Angriffs identifiziert.","Big Ben ist nicht das tatsächliche Versteck des Omega.","Cages frühere Vision führt in eine Falle. Erst das Ortungsgerät zeigt das Versteck des Omega unter dem Louvre.","Das Kolosseum ist nicht der Standort; die Gruppe muss nach Paris.","Das wirkliche Omega liegt unter dem Louvre; die frühere Vision war eine Falle.","Auflösung","https://en.wikipedia.org/wiki/Edge_of_Tomorrow","redaktionell_geprueft"
"SF-M-049","K-SF-049-scavengers-menschen","","de","Film","Science-Fiction","Oblivion","Oblivion","2013","","mittel","Zusammenhang","Klone|Identität|Täuschung","Identität und Wirklichkeit|Genetik und Klone","Die vermeintlichen Scavengers sind menschliche Überlebende im Widerstand gegen den Tet.","„Oblivion“ (2013): Wer sind die als Scavengers bezeichneten Gegner tatsächlich?","Überlebende Menschen","Intelligente Maschinen aus dem Erdkern","Mutierte Haustiere","Eingewanderte Marsbewohner","A","Die angeblichen außerirdischen Feinde sind menschliche Überlebende, die gegen die Ausbeutung der Erde durch den Tet kämpfen.","Jack hält die Scavengers zunächst für feindliche Außerirdische. Als er Malcolm Beech und dessen Gruppe trifft, erkennt er Menschen, die gegen den Tet kämpfen. Die Enthüllung kehrt seine bisherige Sicht auf den Konflikt um. Seine reparierten Drohnen schützen damit nicht einfach die Menschheit, sondern dienen einer Macht, deren Darstellung der Mission auf Täuschung beruht.","Die angeblichen außerirdischen Feinde sind menschliche Überlebende, die gegen die Ausbeutung der Erde durch den Tet kämpfen.","Maschinen aus dem Erdkern sind nicht hinter den Masken verborgen.","Mutierte Haustiere bilden nicht die Gruppe; es sind überlebende Menschen.","Die Gegner sind keine eingewanderten Marsbewohner, sondern Menschen von der Erde.","Die vermeintlichen Scavengers sind menschliche Überlebende im Widerstand gegen den Tet.","Auflösung","https://en.wikipedia.org/wiki/Oblivion_(2013_film)","redaktionell_geprueft"
"SF-M-050","K-SF-050-icarus-zweite-mission","","de","Film","Science-Fiction","Sunshine","Sunshine","2007","","mittel","Technik","Raumfahrt|Rettungsmission|Überleben","Weltraumfilme","Die Icarus II setzt die Aufgabe der verschollenen Icarus I fort.","„Sunshine“ (2007): Wie heißt das Raumschiff der aktuellen Mission?","Prometheus II","Helios IX","Daedalus IV","Icarus II","D","Die Icarus II setzt die gescheiterte erste Mission fort. Unterwegs empfängt sie ein Signal der verschollenen Icarus I.","Die aktuelle Besatzung reist mit der Icarus II zur Sonne, nachdem eine frühere Mission verschwunden ist. Das aufgefangene Signal der Icarus I stellt sie vor eine schwierige Entscheidung. Ein Abstecher könnte zusätzliche Ressourcen bringen, gefährdet aber den bestehenden Plan. Der Schiffsname verweist somit auch auf eine Vorgeschichte, deren Folgen die zweite Crew unmittelbar einholen.","Prometheus II wird nicht als Schiff dieser Besatzung genannt.","Helios IX ist nicht der Name des aktuellen Missionsschiffs.","Daedalus IV ist nicht das Fahrzeug der zweiten Mission.","Die Icarus II setzt die gescheiterte erste Mission fort. Unterwegs empfängt sie ein Signal der verschollenen Icarus I.","Die Icarus II setzt die Aufgabe der verschollenen Icarus I fort.","Handlung","https://en.wikipedia.org/wiki/Sunshine_(2007_film)","redaktionell_geprueft"
"SF-S-001","K-SF-001-sonderbefehl","","de","Film","Science-Fiction","Alien – Das unheimliche Wesen aus einer fremden Welt","Alien","1979","Alien","schwer","Handlung","Außerirdische|Körperhorror|Konzernmacht","Alien|Außerirdische und Erstkontakt","Der Sonderbefehl stellt das Alien über die Besatzung.","„Alien – Das unheimliche Wesen aus einer fremden Welt“ (1979): Welche Priorität legt Sonderbefehl 937 fest?","Die Rückführung des Organismus zur Untersuchung","Die sofortige Vernichtung des fremden Raumschiffs","Die Evakuierung einer menschlichen Kolonie","Die Rettung der gesamten Besatzung","A","Der Organismus soll zur Analyse zurückgebracht werden. Das Überleben der Besatzung wird ausdrücklich als nachrangig behandelt.","Ripley entdeckt im Schiffscomputer, dass hinter dem Umweg zur fremden Welt ein anderes Interesse steckt als Hilfeleistung. Das Unternehmen möchte den Organismus untersuchen und nimmt dafür menschliche Verluste in Kauf. Ashs Verhalten erhält dadurch einen Zusammenhang: Er schützt das Forschungsobjekt, während Ripley um das Überleben ihrer Kollegen kämpft.","Der Organismus soll zur Analyse zurückgebracht werden. Das Überleben der Besatzung wird ausdrücklich als nachrangig behandelt.","Die Vernichtung des Fundorts würde die gewünschte Rückführung des Organismus vereiteln.","Eine Kolonie muss hier nicht evakuiert werden; es geht um ein biologisches Forschungsobjekt.","Der Befehl behandelt das Überleben der Besatzung gerade als nachrangig.","Der Sonderbefehl stellt das Alien über die Besatzung.","Auflösung","https://www.bfi.org.uk/features/alien-40-ridley-scott-sigourney-weaver|https://en.wikipedia.org/wiki/Alien_(film)|https://www.20thcenturystudios.com/movies/alien","redaktionell_geprueft"
"SF-S-001-V1","K-SF-001-sonderbefehl","SF-S-001","de","Film","Science-Fiction","Alien – Das unheimliche Wesen aus einer fremden Welt","Alien","1979","Alien","schwer","Handlung","Außerirdische|Körperhorror|Konzernmacht","Alien|Außerirdische und Erstkontakt","Der Sonderbefehl stellt das Alien über die Besatzung.","„Alien – Das unheimliche Wesen aus einer fremden Welt“ (1979): Welche Entscheidung entspricht dem geheimen Sonderbefehl 937 am ehesten?","Die Crew retten, auch wenn das Wesen dabei verloren geht.","Das Wesen bergen, auch wenn die Besatzung dabei stirbt.","Eine Kolonie evakuieren, bevor das Schiff weiterfliegt.","Den Fundort zerstören, bevor Proben entnommen werden.","B","Sonderbefehl 937 stellt die Rückführung des Organismus über das Überleben der Crew.","Ripley entdeckt im Schiffscomputer, dass hinter dem Umweg zur fremden Welt ein anderes Interesse steckt als Hilfeleistung. Das Unternehmen möchte den Organismus untersuchen und nimmt dafür menschliche Verluste in Kauf. Ashs Verhalten erhält dadurch einen Zusammenhang: Er schützt das Forschungsobjekt, während Ripley um das Überleben ihrer Kollegen kämpft.","Die Rettung der Crew steht im Befehl nicht an erster Stelle; sie gilt als entbehrlich.","Sonderbefehl 937 stellt die Rückführung des Organismus über das Überleben der Crew.","Die Evakuierung einer Kolonie ist nicht Gegenstand dieses Befehls.","Die Zerstörung ohne Probe widerspräche dem Forschungsinteresse des Unternehmens.","Der Sonderbefehl stellt das Alien über die Besatzung.","Auflösung","https://www.bfi.org.uk/features/alien-40-ridley-scott-sigourney-weaver|https://en.wikipedia.org/wiki/Alien_(film)|https://www.20thcenturystudios.com/movies/alien","redaktionell_geprueft"
"SF-S-002","K-SF-002-hadleys-hope","","de","Film","Science-Fiction","Aliens – Die Rückkehr","Aliens","1986","Alien","schwer","Schauplatz","Außerirdische|Körperhorror|Rettungsmission","Alien|Außerirdische und Erstkontakt","Hadley's Hope ist die menschliche Siedlung auf LV-426.","„Aliens – Die Rückkehr“ (1986): Wie heißt die menschliche Kolonie auf LV-426?","Fiorina 161","Hadley's Hope","Gateway Station","Weyland's Rest","B","Hadley's Hope ist die Terraforming-Kolonie auf LV-426. Dort findet die Einheit das überlebende Mädchen Newt.","Der Name Hadley's Hope verbindet die fremde Landschaft mit einem menschlichen Besiedlungsprojekt. Auf dem Mond, von dem der tödliche Organismus stammt, leben nun Familien und Arbeiter. Als die Expedition die Station erreicht, ist dieser Alltag verschwunden. Newt wird zum sichtbaren Rest der Kolonie und macht aus dem abstrakten Kontaktabbruch eine persönliche Rettungsgeschichte.","Fiorina 161 gehört zum Schauplatz des folgenden Alien-Films.","Hadley's Hope ist die Terraforming-Kolonie auf LV-426. Dort findet die Einheit das überlebende Mädchen Newt.","Gateway ist eine Raumstation; gesucht ist die Kolonie auf der Oberfläche von LV-426.","Dieser Name bezeichnet im Film nicht die besuchte Kolonie.","Hadley's Hope ist die menschliche Siedlung auf LV-426.","Handlung","https://en.wikipedia.org/wiki/Aliens_(film)|https://www.20thcenturystudios.com/movies/aliens|https://www.dailyscript.com/scripts/Aliens_James_Cameron_May_28_1985_first_draft.html","redaktionell_geprueft"
"SF-S-002-V1","K-SF-002-hadleys-hope","SF-S-002","de","Film","Science-Fiction","Aliens – Die Rückkehr","Aliens","1986","Alien","schwer","Schauplatz","Außerirdische|Körperhorror|Rettungsmission","Alien|Außerirdische und Erstkontakt","Hadley's Hope ist die menschliche Siedlung auf LV-426.","„Aliens – Die Rückkehr“ (1986): Was bezeichnet der Name Hadley's Hope?","Die Raumstation, auf der Ripley erwacht","Das Rettungsshuttle der Nostromo","Das Kriegsschiff der Colonial Marines","Die menschliche Siedlung auf LV-426","D","Hadley's Hope ist die menschliche Kolonie auf dem Mond LV-426.","Der Name Hadley's Hope verbindet die fremde Landschaft mit einem menschlichen Besiedlungsprojekt. Auf dem Mond, von dem der tödliche Organismus stammt, leben nun Familien und Arbeiter. Als die Expedition die Station erreicht, ist dieser Alltag verschwunden. Newt wird zum sichtbaren Rest der Kolonie und macht aus dem abstrakten Kontaktabbruch eine persönliche Rettungsgeschichte.","Die Raumstation heißt Gateway; Hadley's Hope liegt auf LV-426.","Das Shuttle der Nostromo ist nicht die gesuchte Kolonie.","Das Schiff der Marines ist die Sulaco; Hadley's Hope ist eine Siedlung.","Hadley's Hope ist die menschliche Kolonie auf dem Mond LV-426.","Hadley's Hope ist die menschliche Siedlung auf LV-426.","Handlung","https://en.wikipedia.org/wiki/Aliens_(film)|https://www.20thcenturystudios.com/movies/aliens|https://www.dailyscript.com/scripts/Aliens_James_Cameron_May_28_1985_first_draft.html","redaktionell_geprueft"
"SF-S-003","K-SF-003-cypher-vergessen","","de","Film","Science-Fiction","Matrix","The Matrix","1999","Matrix","schwer","Motiv","Künstliche Intelligenz|Simulation|Identität","Matrix|Künstliche Intelligenz und Cyborgs|Identität und Wirklichkeit","Cypher will die Illusion genießen, ohne ihre Künstlichkeit zu kennen.","„Matrix“ (1999): Welche Bedingung stellt Cypher für seine Rückkehr in die Simulation?","Er will die Wahrheit vollständig vergessen.","Er will als Agent programmiert werden.","Er will jederzeit beide Welten besuchen können.","Er will Morpheus als Diener behalten.","A","Cypher verlangt ein angenehmes Leben ohne Erinnerung an die reale Welt. Gerade das Vergessen gehört zu seinem Handel mit Smith.","Beim Essen mit Agent Smith erklärt Cypher, dass ihm die künstliche Herkunft des Steaks durchaus bewusst ist. Gerade deshalb verlangt er für seine Rückkehr das Vergessen. Sein Wunsch betrifft nicht nur Komfort, sondern auch Selbsttäuschung. Die Szene stellt Neos Suche nach Wahrheit eine Figur gegenüber, die Wahrheit kennt und sie bewusst wieder verlieren möchte.","Cypher verlangt ein angenehmes Leben ohne Erinnerung an die reale Welt. Gerade das Vergessen gehört zu seinem Handel mit Smith.","Er möchte ein angenehmes menschliches Leben in der Simulation, keinen Dienst als Agent.","Cypher verlangt keine freie Pendelmöglichkeit; die Erinnerung an die andere Welt soll verschwinden.","Morpheus ist sein Tauschmittel, nicht sein gewünschter zukünftiger Diener.","Cypher will die Illusion genießen, ohne ihre Künstlichkeit zu kennen.","Auflösung","https://en.wikipedia.org/wiki/The_Matrix","redaktionell_geprueft"
"SF-S-003-V1","K-SF-003-cypher-vergessen","SF-S-003","de","Film","Science-Fiction","Matrix","The Matrix","1999","Matrix","schwer","Motiv","Künstliche Intelligenz|Simulation|Identität","Matrix|Künstliche Intelligenz und Cyborgs|Identität und Wirklichkeit","Cypher will die Illusion genießen, ohne ihre Künstlichkeit zu kennen.","„Matrix“ (1999): Welches Wissen soll Cypher nach seinem geplanten Wiedereintritt in die Matrix verlieren?","Wie sein neuer Beruf innerhalb der Simulation heißt.","Welche Speisen ihm innerhalb der Simulation schmecken.","Dass sein alltägliches Leben eine Simulation ist.","Wie er innerhalb der Simulation zu Wohlstand gelangt.","C","Cypher verlangt, sich an die wirkliche Welt und die Täuschung durch die Matrix nicht mehr zu erinnern.","Beim Essen mit Agent Smith erklärt Cypher, dass ihm die künstliche Herkunft des Steaks durchaus bewusst ist. Gerade deshalb verlangt er für seine Rückkehr das Vergessen. Sein Wunsch betrifft nicht nur Komfort, sondern auch Selbsttäuschung. Die Szene stellt Neos Suche nach Wahrheit eine Figur gegenüber, die Wahrheit kennt und sie bewusst wieder verlieren möchte.","Er will eine angenehme neue Existenz; der Wunsch betrifft das Vergessen der wahren Welt.","Seine Vorliebe für simulierten Genuss motiviert den Handel, soll aber nicht gezielt gelöscht werden.","Cypher verlangt, sich an die wirkliche Welt und die Täuschung durch die Matrix nicht mehr zu erinnern.","Wohlstand gehört zu seinem erhofften neuen Leben; vergessen will er die Wahrheit hinter der Matrix.","Cypher will die Illusion genießen, ohne ihre Künstlichkeit zu kennen.","Auflösung","https://en.wikipedia.org/wiki/The_Matrix","redaktionell_geprueft"
"SF-S-004","K-SF-004-auserwaehlter-kontrolle","","de","Film","Science-Fiction","Matrix Reloaded","The Matrix Reloaded","2003","Matrix","schwer","Zusammenhang","Künstliche Intelligenz|Simulation|Freier Wille","Matrix|Künstliche Intelligenz und Cyborgs","Der Auserwählte gehört laut Architekt zur wiederkehrenden Systemkontrolle.","„Matrix Reloaded“ (2003): Welche Erklärung gibt der Architekt für die Rolle des Auserwählten?","Er wurde von Menschen außerhalb des Systems erschaffen.","Er soll sämtliche Maschinen dauerhaft abschalten.","Er ist Teil eines wiederkehrenden Kontrollmechanismus.","Er ist der einzige Programmierfehler aller bisherigen Versionen.","C","Der Architekt erklärt, dass der Auserwählte systembedingt wiederkehrt und die Matrix durch eine Rückkehr zur Quelle stabilisieren soll.","Das Gespräch mit dem Architekten erschüttert Neos bisheriges Verständnis seiner Aufgabe. Was wie eine einmalige Rettungsprophezeiung wirkte, wird als wiederkehrender Bestandteil der Matrix beschrieben. Der Film verschiebt damit die Frage von überragender Macht zu Handlungsspielraum: Neo muss entscheiden, wie er mit einer Rolle umgeht, die das gegnerische System bereits einkalkuliert hat.","Seine Erklärung führt die Rolle auf den Aufbau der Matrix zurück, nicht auf externe menschliche Programmierer.","Ein dauerhaftes Abschalten sämtlicher Maschinen ist nicht der Zweck dieses Kontrollmechanismus.","Der Architekt erklärt, dass der Auserwählte systembedingt wiederkehrt und die Matrix durch eine Rückkehr zur Quelle stabilisieren soll.","Der Architekt beschreibt Wiederholungen, nicht einen erstmaligen Fehler ohne Vorgänger.","Der Auserwählte gehört laut Architekt zur wiederkehrenden Systemkontrolle.","Auflösung","https://en.wikipedia.org/wiki/The_Matrix_Reloaded","redaktionell_geprueft"
"SF-S-004-V1","K-SF-004-auserwaehlter-kontrolle","SF-S-004","de","Film","Science-Fiction","Matrix Reloaded","The Matrix Reloaded","2003","Matrix","schwer","Zusammenhang","Künstliche Intelligenz|Simulation|Freier Wille","Matrix|Künstliche Intelligenz und Cyborgs","Der Auserwählte gehört laut Architekt zur wiederkehrenden Systemkontrolle.","„Matrix Reloaded“ (2003): Was macht die Enthüllung des Architekten für Neos Selbstbild so erschütternd?","Der Auserwählte hat die reale Welt persönlich erschaffen.","Der Auserwählte ist nur eine Legende ohne tatsächlichen Träger.","Auch der Auserwählte ist in die Kontrolle des Systems eingeplant.","Jede Entscheidung des Auserwählten stammt unmittelbar von Morpheus.","C","Der Architekt beschreibt den Auserwählten als Teil eines wiederkehrenden Mechanismus zur Stabilisierung der Matrix.","Das Gespräch mit dem Architekten erschüttert Neos bisheriges Verständnis seiner Aufgabe. Was wie eine einmalige Rettungsprophezeiung wirkte, wird als wiederkehrender Bestandteil der Matrix beschrieben. Der Film verschiebt damit die Frage von überragender Macht zu Handlungsspielraum: Neo muss entscheiden, wie er mit einer Rolle umgeht, die das gegnerische System bereits einkalkuliert hat.","Neo ist nicht der Schöpfer der realen Welt; die Enthüllung betrifft seine Systemfunktion.","Der Architekt leugnet Neos Rolle nicht, sondern erklärt sie als wiederkehrenden Bestandteil des Systems.","Der Architekt beschreibt den Auserwählten als Teil eines wiederkehrenden Mechanismus zur Stabilisierung der Matrix.","Morpheus steuert Neos Entscheidungen nicht unmittelbar; die Kontrolle ist strukturell angelegt.","Der Auserwählte gehört laut Architekt zur wiederkehrenden Systemkontrolle.","Auflösung","https://en.wikipedia.org/wiki/The_Matrix_Reloaded","redaktionell_geprueft"
"SF-S-005","K-SF-005-nexus6-lebensspanne","","de","Film","Science-Fiction","Blade Runner","Blade Runner","1982","Blade Runner","schwer","Motiv","Künstliche Intelligenz|Erinnerung|Identität","Blade Runner|Künstliche Intelligenz und Cyborgs|Identität und Wirklichkeit","Roy Battys Zeitdruck entsteht durch die Vierjahresgrenze seines Modells.","„Blade Runner“ (1982): Welche programmierte Lebensspanne begrenzt die Nexus-6-Replikanten?","Vier Jahre","Zwanzig Jahre","Zwei Jahre","Zehn Jahre","A","Die Nexus-6-Modelle haben eine Lebensspanne von vier Jahren. Roy Batty sucht seinen Schöpfer auf, um diese Begrenzung zu überwinden.","Roy Batty sucht seinen Schöpfer nicht bloß aus Hass auf. Er möchte mehr Lebenszeit. Rutger Hauer verbindet die körperliche Überlegenheit der Figur mit der Angst vor einem festgelegten Ende. Die Begrenzung auf vier Jahre macht die Jagd zeitlich dringlich und erklärt, warum die Replikanten das Risiko eingehen, unerlaubt zur Erde zurückzukehren.","Die Nexus-6-Modelle haben eine Lebensspanne von vier Jahren. Roy Batty sucht seinen Schöpfer auf, um diese Begrenzung zu überwinden.","Zwanzig Jahre passen nicht zur ausdrücklich eingebauten kurzen Lebensspanne.","Zwei Jahre sind nicht die im Film erklärte Begrenzung der Nexus-6-Modelle.","Zehn Jahre würden den für dieses Modell genannten engen Lebensrahmen deutlich verlängern.","Roy Battys Zeitdruck entsteht durch die Vierjahresgrenze seines Modells.","Handlung","https://en.wikipedia.org/wiki/Blade_Runner","redaktionell_geprueft"
"SF-S-005-V1","K-SF-005-nexus6-lebensspanne","SF-S-005","de","Film","Science-Fiction","Blade Runner","Blade Runner","1982","Blade Runner","schwer","Motiv","Künstliche Intelligenz|Erinnerung|Identität","Blade Runner|Künstliche Intelligenz und Cyborgs|Identität und Wirklichkeit","Roy Battys Zeitdruck entsteht durch die Vierjahresgrenze seines Modells.","„Blade Runner“ (1982): Welche eingebaute Grenze macht Roy Battys Suche nach mehr Lebenszeit dringlich?","Nexus-6-Replikanten haben nur vier Jahre Lebensdauer.","Nexus-6-Replikanten müssen alle zwei Jahre ihren Körper wechseln.","Nexus-6-Replikanten verlieren nach zehn Jahren jede Erinnerung.","Nexus-6-Replikanten altern erst nach zwanzig Jahren weiter.","A","Die auf vier Jahre begrenzte Lebensspanne treibt Battys Suche nach seinem Schöpfer und nach einer Verlängerung an.","Roy Batty sucht seinen Schöpfer nicht bloß aus Hass auf. Er möchte mehr Lebenszeit. Rutger Hauer verbindet die körperliche Überlegenheit der Figur mit der Angst vor einem festgelegten Ende. Die Begrenzung auf vier Jahre macht die Jagd zeitlich dringlich und erklärt, warum die Replikanten das Risiko eingehen, unerlaubt zur Erde zurückzukehren.","Die auf vier Jahre begrenzte Lebensspanne treibt Battys Suche nach seinem Schöpfer und nach einer Verlängerung an.","Ein regelmäßiger Körperwechsel wird nicht als Lösung dieses Problems angeboten.","Eine zehnjährige Frist für Erinnerungsverlust ist nicht die eingebaute Grenze.","Die Grenze liegt bei vier Jahren, nicht bei einem Stillstand bis zum zwanzigsten Jahr.","Roy Battys Zeitdruck entsteht durch die Vierjahresgrenze seines Modells.","Handlung","https://en.wikipedia.org/wiki/Blade_Runner","redaktionell_geprueft"
"SF-S-006","K-SF-006-holzpferd-erinnerung","","de","Film","Science-Fiction","Blade Runner 2049","Blade Runner 2049","2017","Blade Runner","schwer","Zusammenhang","Künstliche Intelligenz|Erinnerung|Identität","Blade Runner|Künstliche Intelligenz und Cyborgs|Identität und Wirklichkeit","Ks Holzpferd-Erinnerung ist echt, gehört aber Ana Stelline.","„Blade Runner 2049“ (2017): Wessen wirkliche Kindheitserinnerung an ein Holzpferd trägt K in sich?","Die von Ana Stelline","Die von Niander Wallace","Die von Lieutenant Joshi","Die von Rick Deckard","A","Die Erinnerung stammt von Ana Stelline, Deckards und Rachaels Tochter. Ihr reales Erlebnis wurde K als Erinnerung implantiert.","K findet einen Gegenstand, den er aus seiner vermeintlichen Kindheit kennt, und zieht daraus eine weitreichende Schlussfolgerung über sich selbst. Ana Stelline bestätigt die Echtheit des erinnerten Erlebnisses. Das bedeutet jedoch nicht, dass K es selbst erlebt hat. Der Film trennt die Wahrheit einer Erinnerung von der Frage, wem diese Erinnerung ursprünglich gehört.","Die Erinnerung stammt von Ana Stelline, Deckards und Rachaels Tochter. Ihr reales Erlebnis wurde K als Erinnerung implantiert.","Wallace nutzt künstliche Erinnerungen wirtschaftlich, ist aber nicht das Kind dieser Szene.","Joshi ist Ks Vorgesetzte; ihr gehört diese Kindheitserinnerung nicht.","Deckard steht mit Anas Herkunft in Verbindung, hat das Erlebnis mit dem Holzpferd aber nicht selbst gehabt.","Ks Holzpferd-Erinnerung ist echt, gehört aber Ana Stelline.","Auflösung","https://en.wikipedia.org/wiki/Blade_Runner_2049","redaktionell_geprueft"
"SF-S-006-V1","K-SF-006-holzpferd-erinnerung","SF-S-006","de","Film","Science-Fiction","Blade Runner 2049","Blade Runner 2049","2017","Blade Runner","schwer","Zusammenhang","Künstliche Intelligenz|Erinnerung|Identität","Blade Runner|Künstliche Intelligenz und Cyborgs|Identität und Wirklichkeit","Ks Holzpferd-Erinnerung ist echt, gehört aber Ana Stelline.","„Blade Runner 2049“ (2017): Warum macht die Erinnerung an das Holzpferd K nicht automatisch zum gesuchten Kind?","Sie stammt aus Wallaces künstlicher Werbekampagne.","Sie stammt aus Joshis früherer Ermittlungsarbeit.","Sie stammt aus Ana Stellines wirklicher Kindheit.","Sie stammt aus Deckards Ausbildung bei der Polizei.","C","K trägt Ana Stellines reale Kindheitserinnerung in sich; das tatsächliche Erlebnis gehört nicht ihm.","K findet einen Gegenstand, den er aus seiner vermeintlichen Kindheit kennt, und zieht daraus eine weitreichende Schlussfolgerung über sich selbst. Ana Stelline bestätigt die Echtheit des erinnerten Erlebnisses. Das bedeutet jedoch nicht, dass K es selbst erlebt hat. Der Film trennt die Wahrheit einer Erinnerung von der Frage, wem diese Erinnerung ursprünglich gehört.","Die Erinnerung ist kein von Wallace inszenierter Werbefilm, sondern Anas Erlebnis.","Joshi ist nicht das Kind aus dieser Erinnerung.","K trägt Ana Stellines reale Kindheitserinnerung in sich; das tatsächliche Erlebnis gehört nicht ihm.","Deckards Polizeiausbildung ist nicht die Herkunft der Kindheitserinnerung.","Ks Holzpferd-Erinnerung ist echt, gehört aber Ana Stelline.","Auflösung","https://en.wikipedia.org/wiki/Blade_Runner_2049","redaktionell_geprueft"
"SF-S-007","K-SF-007-uhr-daten","","de","Film","Science-Fiction","Interstellar","Interstellar","2014","","schwer","Zusammenhang","Raumfahrt|Zeitdilatation|Familie","Weltraumfilme","Die Uhr wird zum Nachrichtenkanal zwischen Cooper und Murph.","„Interstellar“ (2014): Wie übermittelt Cooper Murph die entscheidenden Daten aus dem Schwarzen Loch?","Als Bilder auf ihrem Computer","Als Zahlen auf den Solarmodulen","Als Morsecode über den Sekundenzeiger ihrer Uhr","Als Sprache über das Autoradio","C","Cooper beeinflusst im Tesserakt den Sekundenzeiger durch Gravitation. Murph liest daraus die von TARS gewonnenen Daten im Morsecode.","Die Armbanduhr verbindet zunächst Vater und Tochter als persönlicher Gegenstand. Später nutzt Cooper den Sekundenzeiger, um wissenschaftliche Daten zu übertragen. TARS liefert die Informationen aus dem Schwarzen Loch; Murph erkennt das codierte Muster. So verbindet der Film seine Familiengeschichte mit der Rettungsaufgabe: Ein vertrautes Erinnerungsstück wird zum entscheidenden Kommunikationsmittel.","Murph erhält kein gewöhnliches Bildsignal auf einem Bildschirm.","Die Solarmodule dienen hier nicht als Anzeigefläche für Coopers Nachricht.","Cooper beeinflusst im Tesserakt den Sekundenzeiger durch Gravitation. Murph liest daraus die von TARS gewonnenen Daten im Morsecode.","Das Autoradio ist nicht der Kanal der entscheidenden Datenübertragung.","Die Uhr wird zum Nachrichtenkanal zwischen Cooper und Murph.","Auflösung","https://en.wikipedia.org/wiki/Interstellar_(film)","redaktionell_geprueft"
"SF-S-007-V1","K-SF-007-uhr-daten","SF-S-007","de","Film","Science-Fiction","Interstellar","Interstellar","2014","","schwer","Zusammenhang","Raumfahrt|Zeitdilatation|Familie","Weltraumfilme","Die Uhr wird zum Nachrichtenkanal zwischen Cooper und Murph.","„Interstellar“ (2014): Welche auffällige Veränderung an der Uhr muss Murph als Nachricht verstehen?","Das Zifferblatt bildet fortlaufend neue Farbmuster.","Die Uhr gibt verständliche Sprache aus dem Lautsprecher aus.","Der Sekundenzeiger bewegt sich in einem Morsecode.","Das Armband zeigt leuchtende Bilder der Raumstation.","C","Cooper übermittelt über den Sekundenzeiger in Morsezeichen die Daten, die Murph benötigt.","Die Armbanduhr verbindet zunächst Vater und Tochter als persönlicher Gegenstand. Später nutzt Cooper den Sekundenzeiger, um wissenschaftliche Daten zu übertragen. TARS liefert die Informationen aus dem Schwarzen Loch; Murph erkennt das codierte Muster. So verbindet der Film seine Familiengeschichte mit der Rettungsaufgabe: Ein vertrautes Erinnerungsstück wird zum entscheidenden Kommunikationsmittel.","Farbwechsel des Zifferblatts übertragen die entscheidenden Daten nicht.","Die Information erreicht Murph nicht als gesprochene Nachricht aus der Uhr.","Cooper übermittelt über den Sekundenzeiger in Morsezeichen die Daten, die Murph benötigt.","Bilder auf dem Armband sind nicht der Kommunikationsweg; es ist der Zeiger.","Die Uhr wird zum Nachrichtenkanal zwischen Cooper und Murph.","Auflösung","https://en.wikipedia.org/wiki/Interstellar_(film)","redaktionell_geprueft"
"SF-S-008","K-SF-008-fischer-eigener-weg","","de","Film","Science-Fiction","Inception","Inception","2010","","schwer","Motiv","Traumwelten|Erinnerung|Manipulation","Identität und Wirklichkeit","Fischer soll die Trennung vom Konzern als Wunsch seines Vaters verstehen.","„Inception“ (2010): Welche persönliche Deutung soll Robert Fischer zur Aufteilung des väterlichen Unternehmens bewegen?","Sein Vater hielt Saito für seinen rechtmäßigen Erben.","Sein Vater wollte den Konzern an Cobb verkaufen.","Sein Vater hatte ihn bereits enterbt.","Sein Vater wollte, dass er einen eigenen Weg geht.","D","Das Team inszeniert eine versöhnliche Botschaft des Vaters. Fischer soll den Entschluss zur Eigenständigkeit als seine eigene Idee empfinden.","Robert Fischer, gespielt von Cillian Murphy, steht emotional im Schatten seines Vaters. Cobbs Team nutzt gerade diese Beziehung, um einen wirtschaftlichen Entschluss persönlich plausibel zu machen. Die inszenierte Versöhnung vermittelt ihm, dass Eigenständigkeit erwünscht gewesen sei. Damit erscheint die Aufteilung des Unternehmens nicht mehr als fremder Auftrag, sondern als eigener Schritt aus der väterlichen Erwartung.","Saito ist der Auftraggeber der Operation, wird aber nicht als gewünschter Erbe des Vaters inszeniert.","Cobb soll Fischer beeinflussen, nicht selbst Käufer des Unternehmens werden.","Eine einfache Enterbung würde nicht die angestrebte versöhnliche Motivation erzeugen.","Das Team inszeniert eine versöhnliche Botschaft des Vaters. Fischer soll den Entschluss zur Eigenständigkeit als seine eigene Idee empfinden.","Fischer soll die Trennung vom Konzern als Wunsch seines Vaters verstehen.","Auflösung","https://en.wikipedia.org/wiki/Inception","redaktionell_geprueft"
"SF-S-008-V1","K-SF-008-fischer-eigener-weg","SF-S-008","de","Film","Science-Fiction","Inception","Inception","2010","","schwer","Motiv","Traumwelten|Erinnerung|Manipulation","Identität und Wirklichkeit","Fischer soll die Trennung vom Konzern als Wunsch seines Vaters verstehen.","„Inception“ (2010): Welcher Gedanke soll bei Fischer wie eine eigene Einsicht wirken?","Er darf unabhängig von seinem Vater etwas Eigenes schaffen.","Er muss den Konzern vergrößern, um seinen Vater zu übertreffen.","Er muss den Konzern vollständig an Cobb verkaufen.","Er soll Saito als den eigentlichen Familienerben einsetzen.","A","Cobb und sein Team wollen, dass Fischer die Aufteilung des Unternehmens als Weg zu einer eigenen Identität begreift.","Robert Fischer, gespielt von Cillian Murphy, steht emotional im Schatten seines Vaters. Cobbs Team nutzt gerade diese Beziehung, um einen wirtschaftlichen Entschluss persönlich plausibel zu machen. Die inszenierte Versöhnung vermittelt ihm, dass Eigenständigkeit erwünscht gewesen sei. Damit erscheint die Aufteilung des Unternehmens nicht mehr als fremder Auftrag, sondern als eigener Schritt aus der väterlichen Erwartung.","Cobb und sein Team wollen, dass Fischer die Aufteilung des Unternehmens als Weg zu einer eigenen Identität begreift.","Der Plan zielt auf Aufteilung und Eigenständigkeit, nicht auf einen noch größeren Konzern.","Ein Verkauf an Cobb ist nicht die gewünschte emotionale Schlussfolgerung.","Saito ist Auftraggeber des Plans, soll aber nicht als Familienerbe eingesetzt werden.","Fischer soll die Trennung vom Konzern als Wunsch seines Vaters verstehen.","Auflösung","https://en.wikipedia.org/wiki/Inception","redaktionell_geprueft"
"SF-S-009","K-SF-009-hydraulische-presse","","de","Film","Science-Fiction","Terminator","The Terminator","1984","Terminator","schwer","Handlung","Zeitreise|Künstliche Intelligenz|Familie","Terminator|Zeitreisefilme|Künstliche Intelligenz und Cyborgs","Sarah beendet die Jagd mit der hydraulischen Presse der Fabrik.","„Terminator“ (1984): Welche Maschine setzt Sarah im Finale gegen den verbliebenen Terminator ein?","Eine industrielle Zentrifuge","Eine hydraulische Presse","Einen magnetischen Kran","Eine riesige Kreissäge","B","Nach der Explosion kann sich der Terminator noch bewegen. Sarah lockt ihn in eine hydraulische Presse und zerquetscht ihn.","Mehrere scheinbare Siege reichen nicht aus, um den Terminator zu stoppen. Selbst als nur noch Teile seines Metallskeletts übrig sind, verfolgt er Sarah. Linda Hamiltons Figur muss sich am Ende ohne Reese behaupten. Sie nutzt die Umgebung statt überlegener Waffen: Die industrielle Presse zerstört den Körper, der zuvor Feuer und Explosionen überstanden hat.","Die Maschine schleudert den Terminator nicht, sondern zerquetscht ihn.","Nach der Explosion kann sich der Terminator noch bewegen. Sarah lockt ihn in eine hydraulische Presse und zerquetscht ihn.","Ein Magnetkran könnte Metall bewegen, ist aber nicht das Werkzeug des gezeigten Endes.","Eine Kreissäge wäre ein Schneidwerkzeug; Sarah setzt auf das Zusammenpressen des Gegners.","Sarah beendet die Jagd mit der hydraulischen Presse der Fabrik.","Auflösung","https://en.wikipedia.org/wiki/The_Terminator","redaktionell_geprueft"
"SF-S-009-V1","K-SF-009-hydraulische-presse","SF-S-009","de","Film","Science-Fiction","Terminator","The Terminator","1984","Terminator","schwer","Handlung","Zeitreise|Künstliche Intelligenz|Familie","Terminator|Zeitreisefilme|Künstliche Intelligenz und Cyborgs","Sarah beendet die Jagd mit der hydraulischen Presse der Fabrik.","„Terminator“ (1984): Wie stoppt Sarah das noch bewegliche Metallgerüst ihres Verfolgers?","Sie hebt es mit einem Magnetkran in einen Schmelzofen.","Sie zerquetscht es in einer hydraulischen Presse.","Sie zerschneidet es mit einer industriellen Kreissäge.","Sie schleudert es in eine laufende Zentrifuge.","B","Sarah lockt den verbliebenen Terminator in eine hydraulische Presse und zerquetscht ihn darin.","Mehrere scheinbare Siege reichen nicht aus, um den Terminator zu stoppen. Selbst als nur noch Teile seines Metallskeletts übrig sind, verfolgt er Sarah. Linda Hamiltons Figur muss sich am Ende ohne Reese behaupten. Sie nutzt die Umgebung statt überlegener Waffen: Die industrielle Presse zerstört den Körper, der zuvor Feuer und Explosionen überstanden hat.","Ein Schmelzofen gehört nicht zu diesem Finale; Sarah nutzt eine Presse.","Sarah lockt den verbliebenen Terminator in eine hydraulische Presse und zerquetscht ihn darin.","Eine Kreissäge ist nicht das Werkzeug, mit dem Sarah den Verfolger endgültig stoppt.","Eine Zentrifuge kommt bei seinem Ende nicht zum Einsatz.","Sarah beendet die Jagd mit der hydraulischen Presse der Fabrik.","Auflösung","https://en.wikipedia.org/wiki/The_Terminator","redaktionell_geprueft"
"SF-S-010","K-SF-010-t1000-kopiergrenze","","de","Film","Science-Fiction","Terminator 2 – Tag der Abrechnung","Terminator 2: Judgment Day","1991","Terminator","schwer","Technik","Zeitreise|Künstliche Intelligenz|Selbstbestimmung","Terminator|Zeitreisefilme|Künstliche Intelligenz und Cyborgs","Der T-1000 formt Klingen, aber keine funktionsfähigen Schusswaffen.","„Terminator 2 – Tag der Abrechnung“ (1991): Warum kann der T-1000 laut Erklärung des T-800 keine funktionsfähige Schusswaffe aus seinem Körper bilden?","Er darf keine Gegenstände aus Metall imitieren.","Seine Verwandlungen funktionieren nur unter Wasser.","Seine Metallmasse ist grundsätzlich zu gering.","Solche Waffen haben komplexe mechanische Teile und Chemikalien.","D","Der T-1000 kann einfache feste Formen wie Klingen erzeugen. Komplexe Maschinen mit beweglichen Teilen und chemischen Stoffen kann er nicht nachbilden.","John versucht zu verstehen, welche Möglichkeiten der neue Gegner besitzt. Der T-800 erklärt ihm eine wichtige Grenze: Eine einfache feste Form lässt sich nachbilden, ein komplexes Gerät mit Mechanik und chemischen Bestandteilen nicht. Das passt zu den späteren Kämpfen. Der T-1000 bildet Klingen aus seinem Körper, verwendet Schusswaffen dagegen als separate Gegenstände.","Er kann metallisch wirkende feste Formen erzeugen, etwa Klingen.","Wasser ist keine Voraussetzung seiner Verwandlung; er nutzt sie auch an Land.","Nicht bloß das Gewicht ist das Problem, sondern der innere Aufbau einer funktionsfähigen Waffe.","Der T-1000 kann einfache feste Formen wie Klingen erzeugen. Komplexe Maschinen mit beweglichen Teilen und chemischen Stoffen kann er nicht nachbilden.","Der T-1000 formt Klingen, aber keine funktionsfähigen Schusswaffen.","Handlung","https://www.filmsite.org/term2B.html|https://en.wikipedia.org/wiki/Terminator_2:_Judgment_Day|https://screencraft.org/wp-content/uploads/2019/11/Terminator-2-Judgement-Day.pdf","redaktionell_geprueft"
"SF-S-010-V1","K-SF-010-t1000-kopiergrenze","SF-S-010","de","Film","Science-Fiction","Terminator 2 – Tag der Abrechnung","Terminator 2: Judgment Day","1991","Terminator","schwer","Technik","Zeitreise|Künstliche Intelligenz|Selbstbestimmung","Terminator|Zeitreisefilme|Künstliche Intelligenz und Cyborgs","Der T-1000 formt Klingen, aber keine funktionsfähigen Schusswaffen.","„Terminator 2 – Tag der Abrechnung“ (1991): Worin liegt der entscheidende Unterschied zwischen einer geformten Klinge und einer Schusswaffe für den T-1000?","Die Schusswaffe braucht ein Magnetfeld, die Klinge nur eine feste Form.","Die Schusswaffe verbraucht mehr Metall, als sein Körper insgesamt besitzt.","Die Schusswaffe verlangt eine gespeicherte Bauanleitung, die Klinge keinen Entwurf.","Die Schusswaffe benötigt komplexe Mechanik und chemische Bestandteile.","D","Der T-1000 kann einfache feste Formen nachbilden, aber keine funktionsfähige Waffe mit komplexen Teilen und Chemikalien.","John versucht zu verstehen, welche Möglichkeiten der neue Gegner besitzt. Der T-800 erklärt ihm eine wichtige Grenze: Eine einfache feste Form lässt sich nachbilden, ein komplexes Gerät mit Mechanik und chemischen Bestandteilen nicht. Das passt zu den späteren Kämpfen. Der T-1000 bildet Klingen aus seinem Körper, verwendet Schusswaffen dagegen als separate Gegenstände.","Ein Magnetfeld ist nicht die erklärte Grenze; Mechanik und chemische Bestandteile verhindern die vollständige Nachbildung.","Die Körpermasse wird nicht als entscheidendes Problem genannt; es geht um die komplexe Funktion der Waffe.","Eine fehlende gespeicherte Bauanleitung ist nicht die genannte Grenze; die Waffe braucht komplexe Teile und Chemikalien.","Der T-1000 kann einfache feste Formen nachbilden, aber keine funktionsfähige Waffe mit komplexen Teilen und Chemikalien.","Der T-1000 formt Klingen, aber keine funktionsfähigen Schusswaffen.","Handlung","https://www.filmsite.org/term2B.html|https://en.wikipedia.org/wiki/Terminator_2:_Judgment_Day|https://screencraft.org/wp-content/uploads/2019/11/Terminator-2-Judgement-Day.pdf","redaktionell_geprueft"
"SF-S-011","K-SF-011-lone-pine-ursache","","de","Film","Science-Fiction","Zurück in die Zukunft","Back to the Future","1985","Zurück in die Zukunft","schwer","Zusammenhang","Zeitreise|Familie|Kausalität","Zurück in die Zukunft|Zeitreisefilme","Eine umgefahrene Kiefer verändert den Namen des Einkaufszentrums.","„Zurück in die Zukunft“ (1985): Warum heißt die Twin Pines Mall am Ende Lone Pine Mall?","Die Stadt hat den Namen nach einem Sturm geändert.","Marty hat 1955 einen der beiden namensgebenden Bäume umgefahren.","Doc hat den zweiten Baum für ein Experiment gefällt.","Biff hat das Gelände nach einem Rennen umbenannt.","B","Bei seiner Ankunft im Jahr 1955 fährt Marty eine Kiefer auf Peabodys Grundstück um. In der veränderten Gegenwart bleibt daher nur eine namensgebende Kiefer.","Das Einkaufszentrum dient zu Beginn als Treffpunkt für Docs Experiment. Als Marty später auf demselben Gelände im Jahr 1955 ankommt, steht dort noch Peabodys Farm. Er fährt eine Kiefer um. Der veränderte Name bei seiner Rückkehr zeigt beiläufig, dass selbst kleine Eingriffe in der Vergangenheit Spuren hinterlassen.","Ein Sturm erklärt den neuen Namen nicht; Marty verändert den Baumbestand selbst.","Bei seiner Ankunft im Jahr 1955 fährt Marty eine Kiefer auf Peabodys Grundstück um. In der veränderten Gegenwart bleibt daher nur eine namensgebende Kiefer.","Doc fällt keinen Baum: Marty fährt bei seiner Ankunft eine Kiefer um.","Biff hat mit dieser Namensänderung nichts zu tun; sie folgt aus Martys Fahrt über Peabodys Gelände.","Eine umgefahrene Kiefer verändert den Namen des Einkaufszentrums.","Auflösung","https://en.wikipedia.org/wiki/Back_to_the_Future","redaktionell_geprueft"
"SF-S-012","K-SF-012-almanach-abfall","","de","Film","Science-Fiction","Zurück in die Zukunft II","Back to the Future Part II","1989","Zurück in die Zukunft","schwer","Handlung","Zeitreise|Kausalität|Machtmissbrauch","Zurück in die Zukunft|Zeitreisefilme","Doc wirft den Almanach weg; der alte Biff holt ihn heraus.","„Zurück in die Zukunft II“ (1989): Wie gelangt der alte Biff erstmals an den Sportalmanach?","Er erhält ihn von seinem Enkel als Geschenk.","Er stiehlt ihn aus einem Museum.","Er gewinnt ihn bei einer Sportwette.","Er nimmt ihn aus einem Abfallbehälter.","D","Doc wirft den von Marty gekauften Almanach weg. Der alte Biff holt ihn aus dem Müll und nutzt anschließend die Zeitmaschine.","Marty kauft den Almanach zunächst selbst, weil er sich von künftigen Sportergebnissen einen finanziellen Vorteil verspricht. Doc lehnt diese Nutzung der Zeitmaschine ab und wirft das Buch fort. Ausgerechnet diese vermeintliche Entsorgung ermöglicht Biff den Zugriff. Die Szene verbindet Martys kleine Versuchung mit einer gravierenden Veränderung der Geschichte.","Sein Enkel schenkt ihm das Buch nicht; Biff beobachtet Marty und Doc.","Der Almanach stammt aus Martys Einkauf und landet im Abfall, nicht in einem Museum.","Biff gewinnt das Buch nicht bei einer Wette; erst später ermöglicht es sichere Wetten.","Doc wirft den von Marty gekauften Almanach weg. Der alte Biff holt ihn aus dem Müll und nutzt anschließend die Zeitmaschine.","Doc wirft den Almanach weg; der alte Biff holt ihn heraus.","Handlung","https://en.wikipedia.org/wiki/Back_to_the_Future_Part_II","redaktionell_geprueft"
"SF-S-013","K-SF-013-lokomotive-antrieb","","de","Film","Science-Fiction","Zurück in die Zukunft III","Back to the Future Part III","1990","Zurück in die Zukunft","schwer","Technik","Zeitreise|Freundschaft|Technik","Zurück in die Zukunft|Zeitreisefilme","Die Lokomotive liefert Geschwindigkeit, nicht Zeitreiseenergie.","„Zurück in die Zukunft III“ (1990): Warum brauchen Doc und Marty trotz funktionierender Zeitreisetechnik eine Lokomotive?","Sie ersetzt das defekte Flugsystem des DeLorean.","Sie stellt über die Schienen das Zieljahr ein.","Sie beschleunigt den DeLorean auf 88 Meilen pro Stunde.","Sie liefert Strom für den Fluxkompensator.","C","Die Lokomotive schiebt den DeLorean auf die nötigen 88 Meilen pro Stunde; seine Zeitreisetechnik arbeitet weiterhin selbst.","Der DeLorean besitzt weiterhin seine Zeitreisetechnik, kann aber nicht mehr aus eigener Kraft schnell genug fahren. Deshalb setzen Marty und Doc ihn auf Schienen und lassen ihn von einer Lokomotive anschieben. Entscheidend ist die Trennung zwischen Antrieb und Zeitreise: Erst bei 88 Meilen pro Stunde kann der geplante Zeitsprung stattfinden.","Die Lokomotive hebt den Wagen nicht in die Luft, sondern schiebt ihn auf dem Gleis.","Die Schienen dienen der Beschleunigung; sie legen nicht das Zieljahr der Zeitreise fest.","Die Lokomotive schiebt den DeLorean auf die nötigen 88 Meilen pro Stunde; seine Zeitreisetechnik arbeitet weiterhin selbst.","Die Lokomotive soll den Wagen beschleunigen, nicht den Fluxkompensator elektrisch versorgen.","Die Lokomotive liefert Geschwindigkeit, nicht Zeitreiseenergie.","Handlung","https://en.wikipedia.org/wiki/Back_to_the_Future_Part_III|https://www.stockq.org/moviescript/B/back-to-the-future-part-iii.php","redaktionell_geprueft"
"SF-S-014","K-SF-014-lysin-abhaengigkeit","","de","Film","Science-Fiction","Jurassic Park","Jurassic Park","1993","Jurassic Park / Jurassic World","schwer","Technik","Gentechnik|Dinosaurier|Kontrollverlust","Jurassic Park / Jurassic World|Genetik und Klone","Die Lysin-Maßnahme soll die Tiere von der Parkversorgung abhängig halten.","„Jurassic Park“ (1993): Wozu soll die erläuterte Lysin-Sicherheitsmaßnahme dienen?","Die Tiere sollen auf Menschen keinen Jagdinstinkt entwickeln.","Die Tiere sollen ohne spezielle Versorgung nicht überleben können.","Die Tiere sollen ihre Fortpflanzungsfähigkeit verlieren.","Die Tiere sollen nachts automatisch einschlafen.","B","Die Dinosaurier sollen laut Film kein Lysin selbst herstellen können und von der Versorgung des Parks abhängen. Die Maßnahme soll ihr dauerhaftes Überleben außerhalb des Parks verhindern.","Die Verantwortlichen behaupten, ihre Dinosaurier genetisch so verändert zu haben, dass diese auf zugeführtes Lysin angewiesen seien. Damit soll außerhalb des Parks eine dauerhafte Existenz verhindert werden. Die Aussage gehört zur fiktiven Sicherheitslogik des Films. Sie zeigt, wie sehr Hammond und sein Team darauf vertrauen, komplexes Leben durch einzelne technische Vorkehrungen beherrschen zu können.","Sie richtet sich nicht gegen den Jagdinstinkt, sondern gegen ein Überleben ohne Versorgung.","Die Dinosaurier sollen laut Film kein Lysin selbst herstellen können und von der Versorgung des Parks abhängen. Die Maßnahme soll ihr dauerhaftes Überleben außerhalb des Parks verhindern.","Die Fortpflanzungskontrolle ist eine andere Sicherheitsannahme des Parks; hier geht es um Ernährung.","Die Maßnahme soll eine lebenswichtige Versorgung erzwingen, keinen Schlafrhythmus steuern.","Die Lysin-Maßnahme soll die Tiere von der Parkversorgung abhängig halten.","Handlung","https://en.wikipedia.org/wiki/Jurassic_Park_(film)","redaktionell_geprueft"
"SF-S-015","K-SF-015-sepien-tarnung","","de","Film","Science-Fiction","Jurassic World","Jurassic World","2015","Jurassic Park / Jurassic World","schwer","Technik","Gentechnik|Dinosaurier|Kontrollverlust","Jurassic Park / Jurassic World|Genetik und Klone","Sepien-DNA erklärt die Tarnfärbung des Indominus rex.","„Jurassic World“ (2015): Welche zusätzliche DNA erklärt Dr. Wu als Grundlage der Tarnfärbung des Indominus rex?","DNA eines Straußes","DNA eines Krokodils","DNA eines Tintenfisches","DNA einer Fledermaus","C","Wu nennt die DNA von Sepien, also Tintenfischen, als Quelle der Fähigkeit, die Hautfarbe zur Tarnung zu verändern.","Dr. Wu erläutert, dass der Indominus aus Erbmaterial verschiedener Arten zusammengesetzt wurde. Die Fähigkeit, seine Färbung der Umgebung anzupassen, führt er auf Sepien zurück. Gerade die Zusatzfähigkeiten machen die neue Attraktion schwer einschätzbar. Der Film verbindet damit den Wunsch nach einer spektakulären Neuschöpfung mit den Folgen unzureichend verstandener Eingriffe.","Straußen-DNA nennt Wu nicht als Ursache der Tarnfärbung.","Krokodile sind nicht Wus Erklärung für diese Tarnfähigkeit.","Wu nennt die DNA von Sepien, also Tintenfischen, als Quelle der Fähigkeit, die Hautfarbe zur Tarnung zu verändern.","Fledermäuse erklären die hier erfragte Veränderung der Hautfarbe nicht.","Sepien-DNA erklärt die Tarnfärbung des Indominus rex.","Handlung","https://www.jurassicworlduniverse.com/dinosaurs/indominus-rex/|https://en.wikipedia.org/wiki/Jurassic_World","redaktionell_geprueft"
"SF-S-016","K-SF-016-toruk-makto","","de","Film","Science-Fiction","Avatar","Avatar","2009","Avatar","schwer","Beziehung","Außerirdische|Kolonialismus|Ökologie","Avatar|Außerirdische und Erstkontakt","Als Toruk Makto gewinnt Jake Ansehen und kann die Clans sammeln.","„Avatar“ (2009): Wodurch gewinnt Jake nach der Zerstörung des Heimatbaums erneut besonderes Ansehen bei den Na'vi?","Er verbindet sich mit dem großen Flugwesen Toruk.","Er besiegt Neytiri in einem rituellen Kampf.","Er zerstört allein das gesamte menschliche Basislager.","Er bringt den Menschen das Atmen ohne Maske bei.","A","Jake bändigt Toruk und wird zum Toruk Makto. Das ermöglicht ihm, die zerstrittenen und bedrohten Na'vi zum gemeinsamen Widerstand zu sammeln.","Nach der Zerstörung des Heimatbaums muss Jake verlorenes Vertrauen zurückgewinnen. Die Verbindung mit Toruk macht ihn zu einer außergewöhnlichen Gestalt innerhalb der Kultur der Na'vi. Er nutzt das neue Ansehen, um Verbündete zu sammeln. Die Tat hat deshalb eine soziale Bedeutung, die weit über das Beherrschen eines besonders großen Flugwesens hinausgeht.","Jake bändigt Toruk und wird zum Toruk Makto. Das ermöglicht ihm, die zerstrittenen und bedrohten Na'vi zum gemeinsamen Widerstand zu sammeln.","Jake gewinnt sein Ansehen nicht durch einen Kampf gegen Neytiri.","Die Anerkennung folgt nicht aus der alleinigen Vernichtung des Basislagers.","Er verändert die Atmung der Menschen nicht; seine Tat betrifft Toruk.","Als Toruk Makto gewinnt Jake Ansehen und kann die Clans sammeln.","Handlung","https://en.wikipedia.org/wiki/Avatar_(2009_film)","redaktionell_geprueft"
"SF-S-017","K-SF-017-et-empathische-verbindung","","de","Film","Science-Fiction","E.T. – Der Außerirdische","E.T. the Extra-Terrestrial","1982","","schwer","Beziehung","Außerirdische|Freundschaft|Heimkehr","Außerirdische und Erstkontakt","E.T.s Rausch zu Hause wirkt sich auf Elliott in der Schule aus.","„E.T. – Der Außerirdische“ (1982): Warum wirkt Elliott in der Schule betrunken, während E.T. zu Hause Bier trinkt?","Elliott hat kurz zuvor selbst heimlich Bier getrunken.","Elliott wird von E.T.s Funkgerät gezielt ferngesteuert.","Elliott reagiert auf ein Experiment seines Lehrers.","Elliott ist körperlich und emotional mit E.T. verbunden.","D","Zwischen Elliott und E.T. besteht eine besondere Verbindung, durch die sich E.T.s Rausch auf Elliott auswirkt.","Während Elliott in der Schule ist, erkundet E.T. das Haus und trinkt Bier. Elliott zeigt daraufhin ebenfalls Anzeichen eines Rauschs, obwohl er räumlich getrennt ist. Die komische Szene macht ihre besondere Verbindung sichtbar. Diese Nähe bleibt für die Geschichte wichtig, weil sich ihr körperliches und emotionales Befinden gegenseitig beeinflussen kann.","Elliott trinkt in der Schule nicht heimlich das Bier; die Wirkung überträgt sich von E.T.","E.T. steuert Elliott nicht mit einem Funkgerät; der Film zeigt eine unmittelbare Verbindung.","Ein Experiment des Lehrers löst den Zustand nicht aus; gleichzeitig trinkt E.T. zu Hause.","Zwischen Elliott und E.T. besteht eine besondere Verbindung, durch die sich E.T.s Rausch auf Elliott auswirkt.","E.T.s Rausch zu Hause wirkt sich auf Elliott in der Schule aus.","Handlung","https://en.wikipedia.org/wiki/E.T._the_Extra-Terrestrial","redaktionell_geprueft"
"SF-S-018","K-SF-018-mav-plane","","de","Film","Science-Fiction","Der Marsianer – Rettet Mark Watney","The Martian","2015","","schwer","Technik","Raumfahrt|Überleben|Zusammenarbeit","Weltraumfilme","Weniger Masse erlaubt den Rettungsstart, macht die Kapsel aber fragiler.","„Der Marsianer – Rettet Mark Watney“ (2015): Welche drastische Änderung wird am Startfahrzeug vorgenommen, um Masse zu sparen?","Sämtliche Triebwerke bis auf eines werden ausgebaut.","Die Bugverkleidung wird entfernt und durch eine Plane ersetzt.","Der Treibstoff wird vollständig durch Wasser ersetzt.","Der Sitz wird außen am Fahrzeug befestigt.","B","Das Mars-Aufstiegsfahrzeug wird stark erleichtert. Unter anderem ersetzt eine Plane die entfernte Bugverkleidung, wodurch der Start riskanter wird.","Für das geplante Rendezvous muss das Mars-Aufstiegsfahrzeug stärker beschleunigen, als es in seiner ursprünglichen Ausführung könnte. Deshalb wird konsequent Masse entfernt. Die provisorische Plane anstelle der Bugverkleidung macht sichtbar, wie weit die Beteiligten gehen. Die Rettung verlangt einen riskanten Kompromiss zwischen geringem Gewicht, Schutz und der benötigten Flugleistung.","Die Triebwerke werden nicht bis auf eines entfernt; die Szene betont die Gewichtsreduktion der Struktur.","Das Mars-Aufstiegsfahrzeug wird stark erleichtert. Unter anderem ersetzt eine Plane die entfernte Bugverkleidung, wodurch der Start riskanter wird.","Wasser ersetzt nicht den Treibstoff; das Fahrzeug wird durch Ausbau leichter.","Watney startet nicht auf einem außen montierten Sitz; die Verkleidung wird durch eine Plane ersetzt.","Weniger Masse erlaubt den Rettungsstart, macht die Kapsel aber fragiler.","Handlung","https://www.cuny.edu/wp-content/uploads/sites/4/page-assets/research/student-resources/for-students/cuny-research-scholars-program/2018-CRSP-PROGRAM-ABSTRACT-BOOKLET-July-12.pdf|https://en.wikipedia.org/wiki/The_Martian_(film)|https://www.startattle.com/2020/02/the-martian-2015-movie-matt-damon-jessica-chastain/","redaktionell_geprueft"
"SF-S-019","K-SF-019-orions-halsband","","de","Film","Science-Fiction","Men in Black","Men in Black","1997","Men in Black","schwer","Zusammenhang","Außerirdische|Geheimorganisation|Identität","Men in Black|Außerirdische und Erstkontakt|Identität und Wirklichkeit","Orions Gürtel meint das Halsband einer Katze, nicht das Sternbild.","„Men in Black“ (1997): Was bedeutet der Hinweis auf Orions Gürtel tatsächlich?","Die Galaxie ist in Agent Ks Gürtel verborgen.","Die Galaxie befindet sich in einer Raumstation namens Orion.","Die Galaxie liegt in einem Stern des Orion.","Die Galaxie steckt am Halsband einer Katze.","D","Orion ist der Name von Rosenbergs Katze. Die gesuchte Miniaturgalaxie befindet sich in einem Anhänger an ihrem Halsband.","Der Hinweis führt zunächst in Richtung Astronomie, weil Orion auch ein bekanntes Sternbild ist. Die Agenten müssen erkennen, dass Rosenbergs Katze denselben Namen trägt. An ihrem Halsband befindet sich die winzige Galaxie. Das Rätsel verbindet den alltäglichen Maßstab eines Haustiers mit einer kosmischen Bedeutung, die die menschlichen Erwartungen überfordert.","Ks Gürtel ist nicht das Versteck; Orion ist eine Katze.","Eine Raumstation namens Orion löst den Hinweis nicht auf; gemeint ist das Katzenhalsband.","Die astronomische Deutung ist die naheliegende falsche Spur des Rätsels.","Orion ist der Name von Rosenbergs Katze. Die gesuchte Miniaturgalaxie befindet sich in einem Anhänger an ihrem Halsband.","Orions Gürtel meint das Halsband einer Katze, nicht das Sternbild.","Auflösung","https://en.wikipedia.org/wiki/Men_in_Black_(1997_film)","redaktionell_geprueft"
"SF-S-020","K-SF-020-okun-forschung","","de","Film","Science-Fiction","Independence Day","Independence Day","1996","Independence Day","schwer","Figur","Außerirdische|Invasion|Zusammenarbeit","Independence Day|Außerirdische und Erstkontakt","Brackish Okun leitet die Alien-Forschung in Area 51.","„Independence Day“ (1996): Wie heißt der leitende Alien-Forscher in Area 51?","Dr. David Bowman","Dr. Brackish Okun","Dr. Eldon Tyrell","Dr. Walter Bishop","B","Dr. Brackish Okun leitet die Forschung an den Außerirdischen in Area 51. Bei der Untersuchung des gefangenen Aliens gerät er unter dessen Kontrolle.","Brackish Okun, gespielt von Brent Spiner, führt die Besucher durch die geheimen Erkenntnisse von Area 51. Als ein vermeintlich unschädlich gemachter Außerirdischer untersucht wird, gerät Okun in dessen Gewalt. Die Szene verwandelt wissenschaftliche Neugier in unmittelbare Gefahr und ermöglicht dem Präsidenten eine direkte, bedrohliche Begegnung mit dem fremden Bewusstsein.","David Bowman ist nicht der Leiter dieses Labors; gesucht ist Brackish Okun.","Dr. Brackish Okun leitet die Forschung an den Außerirdischen in Area 51. Bei der Untersuchung des gefangenen Aliens gerät er unter dessen Kontrolle.","Eldon Tyrell gehört zu Blade Runner, nicht zur Forschung in Area 51.","Walter Bishop ist nicht der Wissenschaftler in diesem Film.","Brackish Okun leitet die Alien-Forschung in Area 51.","Handlung","https://en.wikipedia.org/wiki/Independence_Day_(1996_film)","redaktionell_geprueft"
"SF-S-021","K-SF-021-wasserangst-inszeniert","","de","Film","Science-Fiction","Die Truman Show","The Truman Show","1998","","schwer","Zusammenhang","Überwachung|Medien|Selbstbestimmung","Dystopien","Ein fingierter Tod auf See hält Truman durch Angst auf der Insel.","„Die Truman Show“ (1998): Welches inszenierte Kindheitserlebnis soll Truman dauerhaft vom Verlassen seiner Insel abhalten?","Ein fingierter Flugzeugabsturz seiner Mutter","Der scheinbare Tod seines Vaters beim Segeln","Ein vorgetäuschtes Erdbeben auf dem Festland","Ein angeblicher Überfall auf seine Schulklasse","B","Der vermeintliche Tod seines Vaters bei einem Bootsunglück erzeugt Trumans ausgeprägte Angst vor dem Wasser und erschwert seine Flucht.","Die Sendung braucht eine glaubhafte Grenze, die Truman freiwillig respektiert. Der inszenierte Verlust seines Vaters bei einem Segelunglück erfüllt diese Funktion: Seine Angst vor Wasser erschwert jeden Versuch, die Insel zu verlassen. Dass er sich später dennoch aufs Meer wagt, bedeutet deshalb nicht nur räumliche Flucht, sondern auch die Überwindung einer gezielt erzeugten Angst.","Nicht seine Mutter bei einem Flugzeugabsturz, sondern sein Vater beim Segeln scheint zu sterben.","Der vermeintliche Tod seines Vaters bei einem Bootsunglück erzeugt Trumans ausgeprägte Angst vor dem Wasser und erschwert seine Flucht.","Ein Erdbeben ist nicht das Kindheitserlebnis, mit dem die Sendung Trumans Wasserangst erzeugt.","Ein Überfall auf eine Schulklasse erklärt seine Angst vor dem Meer nicht.","Ein fingierter Tod auf See hält Truman durch Angst auf der Insel.","Handlung","https://en.wikipedia.org/wiki/The_Truman_Show","redaktionell_geprueft"
"SF-S-022","K-SF-022-peters-erreger","","de","Film","Science-Fiction","12 Monkeys","12 Monkeys","1995","","schwer","Figur","Zeitreise|Pandemie|Kausalität","Zeitreisefilme","Dr. Peters bringt die Virusproben zum Flughafen.","„12 Monkeys“ (1995): Wer trägt am Flughafen den Erreger bei sich, der weltweit verbreitet werden soll?","Jose","Dr. Peters","Dr. Kathryn Railly","Jeffrey Goines","B","Dr. Peters ist ein Mitarbeiter des virologischen Labors. Er passiert mit den Virusproben die Sicherheitskontrolle und beginnt seine Reise.","Die Suche richtet sich lange auf die Armee der zwölf Monkeys und Jeffrey Goines. Am Flughafen zeigt sich jedoch, dass Dr. Peters die entscheidenden Proben transportiert. Er arbeitet im Umfeld der Virusforschung. Die Auflösung trennt eine auffällige Gruppe von der tatsächlichen biologischen Gefahr und macht deutlich, wie irreführend Coles Ermittlungsansätze zunächst waren.","Jose ist nicht der Laborangestellte mit den Virusproben am Flughafen.","Dr. Peters ist ein Mitarbeiter des virologischen Labors. Er passiert mit den Virusproben die Sicherheitskontrolle und beginnt seine Reise.","Kathryn Railly versucht die Gefahr zu erkennen; sie trägt die Proben nicht bei sich.","Goines und seine Gruppe lenken den Verdacht auf sich, verbreiten aber nicht diesen Erreger.","Dr. Peters bringt die Virusproben zum Flughafen.","Auflösung","https://en.wikipedia.org/wiki/12_Monkeys","redaktionell_geprueft"
"SF-S-023","K-SF-023-charrington-gedankenpolizei","","de","Film","Science-Fiction","1984","Nineteen Eighty-Four","1984","","schwer","Figur","Überwachung|Dystopie|Manipulation","Dystopien","Charringtons vermeintlicher Rückzugsort ist eine Falle der Gedankenpolizei.","„1984“ (1984): Welcher Ladenbesitzer, bei dem Winston und Julia ein Zimmer mieten, arbeitet heimlich für die Gedankenpolizei?","Mr. Tillotson","Mr. Charrington","Mr. Parsons","Mr. Syme","B","Mr. Charrington ist ein verdeckter Mitarbeiter der Gedankenpolizei. Das vermeintlich sichere Zimmer wird durch einen hinter einem Bild verborgenen Teleschirm überwacht.","Der Laden und das gemietete Zimmer wirken für Winston und Julia wie Reste einer privaten, weniger kontrollierten Welt. Charrington unterstützt diesen Eindruck mit seinem Auftreten. Seine Enttarnung zerstört die Hoffnung auf einen unbeobachteten Raum. Hinter einem Bild verbirgt sich ein Teleschirm, sodass der vermeintliche Schutzort von Beginn an Teil der Überwachung ist.","Tillotson ist nicht der Ladenbesitzer, der das Zimmer vermietet.","Mr. Charrington ist ein verdeckter Mitarbeiter der Gedankenpolizei. Das vermeintlich sichere Zimmer wird durch einen hinter einem Bild verborgenen Teleschirm überwacht.","Parsons ist nicht der verdeckte Ladenbesitzer; diese Rolle hat Charrington.","Syme ist mit der Arbeit an Neusprech verbunden, nicht mit dem vermieteten Zimmer.","Charringtons vermeintlicher Rückzugsort ist eine Falle der Gedankenpolizei.","Auflösung","https://en.wikipedia.org/wiki/Nineteen_Eighty-Four_(1984_film)","redaktionell_geprueft"
"SF-S-024","K-SF-024-steine-diva","","de","Film","Science-Fiction","Das fünfte Element","The Fifth Element","1997","","schwer","Handlung","Außerirdische|Rettungsmission|Liebe","Außerirdische und Erstkontakt","Die Diva trägt die vier Steine in ihrem Körper.","„Das fünfte Element“ (1997): Wo findet Korben die vier gesuchten Elementsteine?","Im Körper der Diva Plavalaguna","Im Sarkophag auf der Erde","Im Griff seiner Pistole","Im Motor des fliegenden Hotels","A","Die Diva trägt die Steine in ihrem Körper. Nach ihrem tödlichen Schusswechsel weist sie Korben auf das Versteck hin.","Die Suche nach den Steinen führt Korben zu einer Opernaufführung auf dem luxuriösen Fhloston Paradise. Die Diva Plavalaguna ist nicht nur eine Sängerin, sondern auch die Hüterin der gesuchten Gegenstände. Nach dem Angriff weist sie Korben auf das Versteck hin. So erhält die spektakuläre Gesangsszene eine unmittelbare Funktion für die Rettungsmission.","Die Diva trägt die Steine in ihrem Körper. Nach ihrem tödlichen Schusswechsel weist sie Korben auf das Versteck hin.","Der alte Sarkophag auf der Erde ist nicht ihr Aufenthaltsort bei Korbens Fund.","Korbens Waffe enthält die Steine nicht.","Der Hotelantrieb ist nicht das Versteck; die Diva bewahrt die Steine in sich.","Die Diva trägt die vier Steine in ihrem Körper.","Handlung","https://en.wikipedia.org/wiki/The_Fifth_Element","redaktionell_geprueft"
"SF-S-025","K-SF-025-jerome-silber","","de","Film","Science-Fiction","Gattaca","Gattaca","1997","","schwer","Motiv","Gentechnik|Diskriminierung|Identität","Dystopien|Identität und Wirklichkeit|Genetik und Klone","Jeromes Silbermedaille zeigt den Druck genetisch versprochener Perfektion.","„Gattaca“ (1997): Welche sportliche Auszeichnung steht für Jeromes Scheitern an seinen eigenen Ansprüchen?","Eine Silbermedaille im Schwimmen","Eine Bronzemedaille im Zehnkampf","Ein zweiter Platz im Fechten","Eine Silbermedaille im Rudern","A","Trotz seines hervorragenden genetischen Profils gewann Jerome im Schwimmen nur Silber. Diese Niederlage prägt sein Selbstbild tief.","Jerome, gespielt von Jude Law, besitzt die genetischen Voraussetzungen, die Vincent fehlen. Trotzdem empfindet er seine Silbermedaille im Schwimmen als Niederlage. Das Objekt macht den Widerspruch der Gesellschaft sichtbar: Ein angeblich hervorragendes Erbgut garantiert weder Glück noch den ersten Platz. Während Vincent trotz schlechter Prognosen vorankommt, leidet Jerome am Anspruch, unbedingt überlegen sein zu müssen.","Trotz seines hervorragenden genetischen Profils gewann Jerome im Schwimmen nur Silber. Diese Niederlage prägt sein Selbstbild tief.","Es handelt sich um Silber im Schwimmen, nicht um Bronze im Zehnkampf.","Die prägende Niederlage stammt aus dem Schwimmen, nicht aus dem Fechten.","Rudern ist nicht Jeromes Sport; die Medaille stammt aus einem Schwimmwettbewerb.","Jeromes Silbermedaille zeigt den Druck genetisch versprochener Perfektion.","Handlung","https://en.wikipedia.org/wiki/Gattaca","redaktionell_geprueft"
"SF-S-026","K-SF-026-shang-zukunft","","de","Film","Science-Fiction","Arrival","Arrival","2016","","schwer","Zusammenhang","Erstkontakt|Sprache|Zeitwahrnehmung","Außerirdische und Erstkontakt","Louise erhält in der Zukunft das Wissen für ihren Anruf in der Gegenwart.","„Arrival“ (2016): Woher kennt Louise die privaten Informationen, mit denen sie General Shang am Telefon überzeugt?","Aus den Erinnerungen eines anderen Linguisten","Aus Shangs heimlich aufgezeichnetem Tagebuch","Aus einem abgefangenen Geheimdienstbericht","Aus einer Begegnung, die erst in ihrer Zukunft stattfindet","D","Die neue Zeitwahrnehmung lässt Louise ein zukünftiges Gespräch erleben. Dort erhält sie die Telefonnummer und die letzten Worte von Shangs Frau.","Louise erlebt ein zukünftiges Gespräch mit General Shang, der ihr seine Telefonnummer und die letzten Worte seiner Frau mitteilt. Dieses Wissen nutzt sie bereits beim entscheidenden Anruf während der Krise. Die Szene macht die nichtlineare Zeitwahrnehmung praktisch wirksam: Die spätere Begegnung liefert genau die Information, die zuvor Verständigung ermöglicht.","Sie übernimmt nicht die Erinnerungen eines Kollegen; sie erlebt ihre eigene Zukunft.","Shangs Tagebuch ist nicht die Quelle; er sagt es ihr bei einer späteren Begegnung selbst.","Ein Geheimdienstbericht liefert nicht die entscheidenden privaten Informationen.","Die neue Zeitwahrnehmung lässt Louise ein zukünftiges Gespräch erleben. Dort erhält sie die Telefonnummer und die letzten Worte von Shangs Frau.","Louise erhält in der Zukunft das Wissen für ihren Anruf in der Gegenwart.","Auflösung","https://en.wikipedia.org/wiki/Arrival_(film)","redaktionell_geprueft"
"SF-S-027","K-SF-027-achtzehn-stunden-rauschen","","de","Film","Science-Fiction","Contact","Contact","1997","","schwer","Zusammenhang","Erstkontakt|Raumfahrt|Wissenschaft","Außerirdische und Erstkontakt|Weltraumfilme","Achtzehn Stunden Aufzeichnung widersprechen der scheinbar augenblicklichen Reise.","„Contact“ (1997): Welches nicht öffentlich bestätigte Detail stützt am Ende Ellies Bericht über ihre Reise?","Ihr Körper ist nachweisbar um 18 Jahre gealtert.","Ihr Funkgerät sendet dauerhaft auf einer fremden Frequenz.","Ihr Blut enthält ein unbekanntes chemisches Element.","Ihr Gerät hat etwa 18 Stunden Rauschen aufgezeichnet.","D","Obwohl außen nur ein kurzer Moment vergangen scheint, enthält die Aufzeichnung rund 18 Stunden Rauschen. Dieser Befund wird intern zurückgehalten.","Ellie kann ihre Erfahrung nicht durch verständliche Bildaufnahmen beweisen. Ihre Schilderung steht deshalb gegen den Eindruck, die Kapsel sei nur kurz durch die Maschine gefallen. Intern wird jedoch festgestellt, dass das Gerät ungefähr achtzehn Stunden Rauschen aufgezeichnet hat. Der zurückgehaltene Befund liefert einen Hinweis, ohne ihre Begegnung öffentlich zweifelsfrei zu belegen.","Eine Alterung um achtzehn Jahre wird nicht festgestellt; auffällig ist die Dauer der Aufzeichnung.","Ein dauerhaft fremd sendendes Funkgerät wird nicht als Beweis genannt; es geht um aufgezeichnetes Rauschen.","Ein unbekanntes Element in ihrem Blut ist nicht der verschwiegene Befund.","Obwohl außen nur ein kurzer Moment vergangen scheint, enthält die Aufzeichnung rund 18 Stunden Rauschen. Dieser Befund wird intern zurückgehalten.","Achtzehn Stunden Aufzeichnung widersprechen der scheinbar augenblicklichen Reise.","Auflösung","https://en.wikipedia.org/wiki/Contact_(1997_American_film)","redaktionell_geprueft"
"SF-S-028","K-SF-028-christopher-drei-jahre","","de","Film","Science-Fiction","District 9","District 9","2009","","schwer","Beziehung","Außerirdische|Diskriminierung|Identität","Außerirdische und Erstkontakt|Dystopien|Identität und Wirklichkeit","Christopher verspricht Hilfe, muss dafür aber drei Jahre fortbleiben.","„District 9“ (2009): Welche Wartezeit nennt Christopher Johnson, bevor er Wikus helfen könne?","Drei Monate","Drei Wochen","Drei Jahre","Drei Tage","C","Christopher will zunächst Hilfe für sein Volk holen. Er erklärt Wikus, dass seine Rückkehr und die mögliche Heilung drei Jahre dauern würden.","Wikus hofft auf eine schnelle Rückkehr zu seinem bisherigen Leben. Christopher Johnson erkennt jedoch, dass er zunächst Hilfe für sein Volk beschaffen muss, und nennt drei Jahre bis zu einer möglichen Heilung. Daraus entsteht ein Konflikt zwischen Wikus' dringendem persönlichen Wunsch und der Rettung vieler anderer. Vertrauen wird hier zu einer Entscheidung unter erheblicher Unsicherheit.","Christopher spricht nicht von drei Monaten, sondern von drei Jahren.","Drei Wochen wären viel kürzer als die angekündigte Abwesenheit.","Christopher will zunächst Hilfe für sein Volk holen. Er erklärt Wikus, dass seine Rückkehr und die mögliche Heilung drei Jahre dauern würden.","Drei Tage würden Wikus' Wunsch nach rascher Hilfe eher entsprechen, sind aber nicht Christophers Aussage.","Christopher verspricht Hilfe, muss dafür aber drei Jahre fortbleiben.","Handlung","https://en.wikipedia.org/wiki/District_9","redaktionell_geprueft"
"SF-S-029","K-SF-029-rueckkehrkapsel-toetet","","de","Film","Science-Fiction","Moon","Moon","2009","","schwer","Zusammenhang","Raumfahrt|Klone|Konzernmacht","Weltraumfilme|Genetik und Klone","Die versprochene Heimreise ist die Entsorgung ausgedienter Klone.","„Moon“ (2009): Was geschieht tatsächlich mit den Klonen nach ihrem vermeintlich erfüllten Vertrag?","Sie werden auf eine größere Station versetzt.","Sie übernehmen die Leitung auf der Erde.","Sie werden in der angeblichen Rückkehrkapsel getötet.","Sie werden mit ihren Familien zusammengeführt.","C","Die Rückkehr zur Erde ist eine Täuschung. Verbrauchte Klone werden beseitigt, während ein neuer Sam mit denselben Erinnerungen die Arbeit übernimmt.","Die Sams erhalten Erinnerungen, die ihnen ein Leben und eine Familie auf der Erde versprechen. Das Ende ihres angeblichen Vertrags wirkt dadurch wie ein erreichbares Ziel. Tatsächlich dient die Rückkehrkapsel ihrer Tötung, während ein weiterer Klon die Arbeit übernimmt. Die Entdeckung entlarvt die Fürsorge des Unternehmens als systematische Täuschung seiner austauschbaren Arbeitskräfte.","Es folgt keine Versetzung; ausgediente Klone werden beseitigt.","Die Unternehmensleitung wartet nicht als Belohnung auf die Klone.","Die Rückkehr zur Erde ist eine Täuschung. Verbrauchte Klone werden beseitigt, während ein neuer Sam mit denselben Erinnerungen die Arbeit übernimmt.","Die Familienheimkehr ist Teil der Täuschung, nicht das tatsächliche Ende des Vertrags.","Die versprochene Heimreise ist die Entsorgung ausgedienter Klone.","Auflösung","https://en.wikipedia.org/wiki/Moon_(2009_film)","redaktionell_geprueft"
"SF-S-030","K-SF-030-tueren-stromausfall","","de","Film","Science-Fiction","Ex Machina","Ex Machina","2014","","schwer","Technik","Künstliche Intelligenz|Bewusstsein|Manipulation","Künstliche Intelligenz und Cyborgs","Caleb kehrt die Türlogik um: Stromausfall öffnet statt zu verriegeln.","„Ex Machina“ (2014): Welche Veränderung nimmt Caleb heimlich am Sicherheitssystem vor?","Die Kameras sollen nur noch Wärmebilder liefern.","Die Eingangstür soll nur auf Nathans Stimme reagieren.","Bei Stromausfall sollen sich die Türen öffnen statt verriegeln.","Alle Aufzeichnungen sollen täglich an die Polizei gehen.","C","Caleb verändert das Verhalten der Türsicherung bei Stromausfall. So schafft er eine Voraussetzung für Avas tatsächliche Flucht.","Caleb erkennt, dass die kontrollierten Räume Avas Gefangenschaft sichern. Er verändert deshalb heimlich die Sicherheitsroutine für einen Stromausfall. Was ursprünglich Türen schließen sollte, öffnet sie nun. Die Manipulation verbindet seine technische Kompetenz mit seinem Vertrauen zu Ava und schafft eine entscheidende Voraussetzung dafür, dass Nathans Kontrolle über das Haus zusammenbricht.","Die Kamerabilder sind nicht der entscheidende Eingriff; es geht um die Türverriegelung.","Eine neue Stimmerkennung wäre nicht die Änderung, die Ava den Ausgang ermöglicht.","Caleb verändert das Verhalten der Türsicherung bei Stromausfall. So schafft er eine Voraussetzung für Avas tatsächliche Flucht.","Caleb richtet keine automatische tägliche Meldung an die Polizei ein.","Caleb kehrt die Türlogik um: Stromausfall öffnet statt zu verriegeln.","Handlung","https://en.wikipedia.org/wiki/Ex_Machina_(film)","redaktionell_geprueft"
"SF-S-031","K-SF-031-burgess-echo","","de","Film","Science-Fiction","Minority Report","Minority Report","2002","","schwer","Zusammenhang","Zukunftsvorhersage|Überwachung|Freier Wille","Dystopien","Burgess tarnt einen echten Mord als Wiederholung einer bereits bekannten Vision.","„Minority Report“ (2002): Wie tarnt Lamar Burgess den Mord an Anne Lively vor dem Kontrollsystem?","Er lässt Agatha währenddessen offiziell beurlauben.","Er begeht den Mord in einer anderen Zeitzone.","Er verkleidet das Opfer als eine andere Person.","Er wiederholt einen zuvor verhinderten Mord möglichst genau.","D","Burgess ahmt einen gestoppten Mord nach. Die erneute Vision soll als bloßes Echo des ersten Ereignisses verworfen werden.","Burgess nutzt aus, dass wiederkehrende Bilder bereits verhinderter Verbrechen als Echos verworfen werden. Er lässt zunächst einen Mordversuch an Anne Lively verhindern und ahmt diesen anschließend selbst nach. Die ähnliche zweite Vision soll deshalb unbeachtet bleiben. Der Plan zeigt eine Schwäche nicht nur der Vorhersage, sondern auch der menschlichen Auswertung vermeintlich objektiver Daten.","Agatha wird nicht durch eine offizielle Beurlaubung ausgeschaltet; ihre Vision wird falsch eingeordnet.","Eine andere Zeitzone verbirgt den Mord nicht; Burgess nutzt den Umgang mit wiederkehrenden Bildern.","Eine Verkleidung des Opfers ist nicht der Kern seines Plans; entscheidend ist die Wiederholung des Ablaufs.","Burgess ahmt einen gestoppten Mord nach. Die erneute Vision soll als bloßes Echo des ersten Ereignisses verworfen werden.","Burgess tarnt einen echten Mord als Wiederholung einer bereits bekannten Vision.","Auflösung","https://en.wikipedia.org/wiki/Minority_Report_(film)","redaktionell_geprueft"
"SF-S-032","K-SF-032-cohaagen-luftmonopol","","de","Film","Science-Fiction","Die totale Erinnerung – Total Recall","Total Recall","1990","","schwer","Zusammenhang","Erinnerung|Identität|Konzernmacht","Identität und Wirklichkeit","Eine freie Marsatmosphäre zerstört Cohaagens Macht über die Atemluft.","„Die totale Erinnerung – Total Recall“ (1990): Welche wirtschaftliche Macht Cohaagens bedroht der außerirdische Reaktor?","Sein Patent auf die Herstellung von Erinnerungen","Sein Monopol auf künstliche Lebensmittel","Seine Kontrolle über die Versorgung mit Atemluft","Seine Kontrolle über das gesamte Trinkwasser der Erde","C","Der Reaktor kann eine atembare Marsatmosphäre erzeugen. Damit verliert Cohaagen sein entscheidendes Druckmittel gegenüber den Bewohnern.","Cohaagens Herrschaft stützt sich darauf, dass die Bewohner der Marskolonie auf kontrollierte Luftversorgung angewiesen sind. Der außerirdische Reaktor bedroht dieses Druckmittel, weil er eine atembare Atmosphäre ermöglichen kann. Quaids Entscheidung betrifft deshalb mehr als seine persönliche Identität. Im erzählten Abenteuer steht auch die materielle Abhängigkeit einer ganzen Bevölkerung auf dem Spiel.","Die Technik des Reaktors ersetzt keine Erinnerungsimplantate; sie verändert die Luftversorgung.","Lebensmittel sind nicht das entscheidende Monopol, das der Reaktor beseitigt.","Der Reaktor kann eine atembare Marsatmosphäre erzeugen. Damit verliert Cohaagen sein entscheidendes Druckmittel gegenüber den Bewohnern.","Die Trinkwasserversorgung der Erde ist nicht Cohaagens hier bedrohte Machtbasis.","Eine freie Marsatmosphäre zerstört Cohaagens Macht über die Atemluft.","Auflösung","https://en.wikipedia.org/wiki/Total_Recall_(1990_film)","redaktionell_geprueft"
"SF-S-033","K-SF-033-jones-entlassung","","de","Film","Science-Fiction","RoboCop","RoboCop","1987","RoboCop","schwer","Zusammenhang","Cyborgs|Identität|Konzernmacht","RoboCop|Künstliche Intelligenz und Cyborgs|Identität und Wirklichkeit","Erst Jones' Entlassung hebt den Schutz durch die vierte Direktive auf.","„RoboCop“ (1987): Warum kann RoboCop Dick Jones im Finale schließlich erschießen?","Die Polizei übernimmt zuvor sämtliche OCP-Anteile.","Murphy entfernt eigenhändig seinen Steuerchip.","Jones erklärt den Konzernvertrag für ungültig.","Jones wird unmittelbar zuvor von OCP entlassen.","D","Die geheime vierte Direktive schützt OCP-Führungskräfte. Mit Jones' Entlassung entfällt dieser Schutz, sodass RoboCop eingreifen kann.","Die geheime vierte Direktive hindert RoboCop daran, gegen leitende OCP-Mitarbeiter vorzugehen. Dick Jones nutzt diesen eingebauten Schutz aus. Als der Konzernchef ihn im Finale entlässt, ist er jedoch kein geschützter Mitarbeiter mehr. Die Lösung folgt damit genau der Unternehmenslogik, die Murphy zuvor handlungsunfähig gemacht hat, und eröffnet ihm die Möglichkeit einzugreifen.","Die Polizei übernimmt OCP nicht; Jones wird vom Konzernchef entlassen.","Murphy entfernt keinen Steuerchip; die Direktive verliert durch Jones' Statuswechsel ihre Wirkung.","Jones kündigt den Schutz nicht selbst auf; seine Entlassung beendet ihn.","Die geheime vierte Direktive schützt OCP-Führungskräfte. Mit Jones' Entlassung entfällt dieser Schutz, sodass RoboCop eingreifen kann.","Erst Jones' Entlassung hebt den Schutz durch die vierte Direktive auf.","Auflösung","https://en.wikipedia.org/wiki/RoboCop","redaktionell_geprueft"
"SF-S-034","K-SF-034-zim-brain-bug","","de","Film","Science-Fiction","Starship Troopers","Starship Troopers","1997","Starship Troopers","schwer","Figur","Außerirdische|Krieg|Propaganda","Starship Troopers|Außerirdische und Erstkontakt","Ausbilder Zim gelangt an die Front und fängt den Brain Bug.","„Starship Troopers“ (1997): Wer hat den Brain Bug gefangen, als die Überlebenden aus dem Höhlensystem kommen?","Der Truppführer Jean Rasczak","Der frühere Ausbilder Zim","Der Sanitäter im Landungsschiff","Der Pilot Zander Barcalow","B","Zim hat sich degradieren lassen, um an die Front zu gelangen. Er ist es, dem die Gefangennahme des Brain Bugs gelingt.","Zim ist zunächst als strenger Ausbilder der Rekruten bekannt. Später lässt er sich degradieren, um selbst an einem Kampfeinsatz teilnehmen zu können. Am Ende gelingt ihm die Gefangennahme des Brain Bugs. Die Wiederbegegnung mit dieser Figur verbindet Ricos Ausbildung mit dem Frontgeschehen und macht aus dem vermeintlichen Hintergrundpersonal einen entscheidenden Beteiligten.","Rasczak ist Ricos früherer Lehrer und Vorgesetzter; die Gefangennahme gelingt Zim.","Zim hat sich degradieren lassen, um an die Front zu gelangen. Er ist es, dem die Gefangennahme des Brain Bugs gelingt.","Nicht der Sanitäter, sondern der ehemalige Ausbilder Zim bringt den Brain Bug unter Kontrolle.","Zander ist Pilot und nicht der erfolgreiche Fänger des Brain Bugs.","Ausbilder Zim gelangt an die Front und fängt den Brain Bug.","Auflösung","https://en.wikipedia.org/wiki/Starship_Troopers_(film)","redaktionell_geprueft"
"SF-S-035","K-SF-035-anna-unbewaffnet","","de","Film","Science-Fiction","Predator","Predator","1987","Predator","schwer","Zusammenhang","Außerirdische|Überleben|Jagd","Predator|Außerirdische und Erstkontakt","Dutch vermutet eine Jagdregel: Ohne Waffe gilt Anna nicht als Beute.","„Predator“ (1987): Warum fordert Dutch Anna auf, ihre Waffe liegen zu lassen?","Er benötigt die Waffe als Funkantenne.","Er glaubt, dass die Waffe den Hubschrauber stört.","Er weiß, dass die Munition vergiftet wurde.","Er vermutet, dass der Jäger Unbewaffnete verschont.","D","Dutch schließt aus dem Verhalten des Predators, dass dieser Anna ohne Waffe nicht als jagdwürdige Bedrohung betrachtet.","Dutch versucht aus den bisherigen Angriffen ein Muster abzuleiten. Anna scheint für den Predator ohne Waffe keine ebenbürtige Bedrohung darzustellen. Deshalb fordert er sie auf, unbewaffnet zu fliehen. Wichtig ist die Formulierung als Schlussfolgerung der Figur: Der Film zeigt eine konkrete Jagdsituation, keine ausführlich erklärte und für alle Predator-Filme verbindliche Regel.","Die Waffe soll nicht als Antenne dienen; Anna soll keine bewaffnete Gegnerin sein.","Eine Funkstörung des Hubschraubers spielt bei dieser Aufforderung keine Rolle.","Vergiftete Munition ist nicht Dutchs Begründung; er denkt an das Auswahlverhalten des Jägers.","Dutch schließt aus dem Verhalten des Predators, dass dieser Anna ohne Waffe nicht als jagdwürdige Bedrohung betrachtet.","Dutch vermutet eine Jagdregel: Ohne Waffe gilt Anna nicht als Beute.","Handlung","https://d23.com/20th-century-fox-spooktacular-1980s-predator/|https://en.wikipedia.org/wiki/Predator_(film)","redaktionell_geprueft"
"SF-S-036","K-SF-036-stadt-im-all","","de","Film","Science-Fiction","Dark City","Dark City","1998","","schwer","Schauplatz","Erinnerung|Identität|Künstliche Lebensräume","Identität und Wirklichkeit","Hinter der Stadtmauer liegt kein Umland, sondern der Weltraum.","„Dark City“ (1998): Was liegt tatsächlich hinter der äußeren Begrenzungsmauer der Stadt?","Ein unterirdischer Ozean","Eine endlose Wüste","Eine normale Nachbarstadt","Der Weltraum","D","Die Stadt ist ein künstlicher Lebensraum im All. Als die Mauer aufgebrochen wird, wird ihre wahre Umgebung sichtbar.","Murdochs Suche nach einem Ort außerhalb der vertrauten Straßen führt schließlich an die Grenze der Stadt. Hinter der aufgebrochenen Mauer zeigt sich der Weltraum. Damit wird die vermeintliche Großstadt als künstlicher, abgeschlossener Versuchsraum erkennbar. Die Enthüllung erklärt, warum ein gewöhnlicher Weg ins Umland nicht möglich ist und die Erinnerungen an andere Orte so verdächtig wirken.","Ein unterirdischer Ozean ist nicht die äußere Umgebung der Versuchsstadt.","Eine Wüste wäre noch eine gewöhnliche Landschaft; sichtbar wird stattdessen das All.","Es gibt hinter dieser Grenze keine normale Nachbarstadt.","Die Stadt ist ein künstlicher Lebensraum im All. Als die Mauer aufgebrochen wird, wird ihre wahre Umgebung sichtbar.","Hinter der Stadtmauer liegt kein Umland, sondern der Weltraum.","Auflösung","https://en.wikipedia.org/wiki/Dark_City_(1998_film)","redaktionell_geprueft"
"SF-S-037","K-SF-037-tictactoe-ungewinnbar","","de","Film","Science-Fiction","WarGames – Kriegsspiele","WarGames","1983","WarGames","schwer","Zusammenhang","Künstliche Intelligenz|Atomkrieg|Simulation","WarGames|Künstliche Intelligenz und Cyborgs","Tic-Tac-Toe lehrt Joshua, dass manche Spiele keinen gewinnbaren Ausgang bieten.","„WarGames – Kriegsspiele“ (1983): Welches einfache Spiel lässt den Computer das Prinzip nicht gewinnbarer Konflikte erkennen?","Poker gegen Falken","Tic-Tac-Toe gegen sich selbst","Schiffeversenken gegen David","Backgammon gegen Jennifer","B","Die immer wieder unentschiedenen Tic-Tac-Toe-Partien führen den Computer dazu, auch die Ungewinnbarkeit eines globalen Atomkriegs zu erkennen.","Joshua spielt Tic-Tac-Toe gegen sich selbst und erreicht immer wieder ein Unentschieden. Diese Erfahrung führt zu einer Neubewertung der berechneten Atomkriegsszenarien: Auch dort gibt es keinen sinnvollen Sieg. Das einfache Spiel bildet damit eine verständliche Brücke zu einer komplexen strategischen Einsicht. Lernen bedeutet hier, die Voraussetzung des Wettkampfs selbst infrage zu stellen.","Poker gegen Falken ist nicht die gezeigte Reihe von Selbstspielen.","Die immer wieder unentschiedenen Tic-Tac-Toe-Partien führen den Computer dazu, auch die Ungewinnbarkeit eines globalen Atomkriegs zu erkennen.","Schiffeversenken ist nicht das Spiel, mit dem Joshua diese Einsicht gewinnt.","Backgammon gegen Jennifer löst den entscheidenden Lernprozess nicht aus.","Tic-Tac-Toe lehrt Joshua, dass manche Spiele keinen gewinnbaren Ausgang bieten.","Auflösung","https://en.wikipedia.org/wiki/WarGames","redaktionell_geprueft"
"SF-S-038","K-SF-038-siebtes-symbol-ursprung","","de","Film","Science-Fiction","Stargate","Stargate","1994","Stargate","schwer","Technik","Wurmlöcher|Außerirdische|Sprache","Stargate|Außerirdische und Erstkontakt","Sechs Zeichen bestimmen das Ziel, das siebte den Ausgangspunkt.","„Stargate“ (1994): Welche Funktion hat das siebte Symbol beim Anwählen eines Ziels?","Es legt das Zieljahr fest.","Es bezeichnet den Ausgangspunkt der Reise.","Es bestimmt die erlaubte Reisedauer.","Es verschlüsselt die Identität des Reisenden.","B","Sechs Zeichen bestimmen das räumliche Ziel. Das siebte steht für den Ausgangspunkt und vervollständigt die Adresse.","Daniel erklärt die Toradresse anhand räumlicher Bezugspunkte. Sechs Zeichen legen den Zielort fest, doch für die vollständige Anwahl fehlt noch die Herkunft der Verbindung. Das siebte Symbol bezeichnet diesen Ausgangspunkt. Die Unterscheidung wird auf der Reise wichtig, weil eine funktionierende Hinfahrt nicht automatisch bedeutet, dass die Expedition bereits alle Angaben für den Rückweg kennt.","Das Kinofilm-Tor wird hier nicht durch ein Zieljahr für Zeitreisen programmiert.","Sechs Zeichen bestimmen das räumliche Ziel. Das siebte steht für den Ausgangspunkt und vervollständigt die Adresse.","Es begrenzt nicht die Aufenthaltsdauer; es ergänzt die räumliche Adresse.","Das siebte Zeichen identifiziert nicht die einzelne reisende Person.","Sechs Zeichen bestimmen das Ziel, das siebte den Ausgangspunkt.","Handlung","https://en.wikipedia.org/wiki/Stargate_(film)","redaktionell_geprueft"
"SF-S-039","K-SF-039-r5-defekt-ersatz","","de","Film","Science-Fiction","Star Wars: Episode IV – Eine neue Hoffnung","Star Wars","1977","Star Wars","schwer","Handlung","Raumfahrt|Rebellion|Droiden","Star Wars|Weltraumfilme","Der Ausfall von R5-D4 bringt R2-D2 auf die Farm der Lars.","„Star Wars: Episode IV – Eine neue Hoffnung“ (1977): Weshalb kaufen Owen und Luke R2-D2 anstelle des zunächst gewählten roten Astromech-Droiden?","R2-D2 bietet ihnen einen niedrigeren Preis an.","Der rote Droide zeigt direkt nach dem Kauf einen technischen Defekt.","Die Jawas nehmen den roten Droiden als gestohlen zurück.","C-3PO erklärt den roten Droiden zum Spion.","B","R5-D4 fällt mit einem defekten Motivator aus. Daraufhin wird R2-D2 als Ersatz ausgewählt und gelangt auf die Farm der Lars.","Owen entscheidet sich zunächst für den roten Astromech R5-D4. Dessen sichtbarer technischer Defekt führt kurz darauf zum Austausch gegen R2-D2. Dieser kleine Ablauf ist für die Handlung entscheidend, weil damit Leias Botschaft zu Luke gelangt. Gefragt ist die im Film sichtbare Ursache, nicht eine spätere Hintergrundgeschichte über mögliche Absichten des anderen Droiden.","R2-D2 verhandelt nicht selbst einen günstigeren Verkaufspreis.","R5-D4 fällt mit einem defekten Motivator aus. Daraufhin wird R2-D2 als Ersatz ausgewählt und gelangt auf die Farm der Lars.","Die Jawas erklären ihn nicht für gestohlen; er wird wegen einer technischen Störung ersetzt.","C-3PO entlarvt R5-D4 nicht als Spion; ausschlaggebend ist dessen Defekt.","Der Ausfall von R5-D4 bringt R2-D2 auf die Farm der Lars.","Handlung","https://en.wikipedia.org/wiki/Star_Wars_(film)","redaktionell_geprueft"
"SF-S-040","K-SF-040-han-karbonit-test","","de","Film","Science-Fiction","Star Wars: Episode V – Das Imperium schlägt zurück","The Empire Strikes Back","1980","Star Wars","schwer","Zusammenhang","Raumfahrt|Familie|Jedi","Star Wars|Weltraumfilme","Han dient als Test, ob Luke den Transport in Karbonit überleben könnte.","„Star Wars: Episode V – Das Imperium schlägt zurück“ (1980): Warum lässt Vader Han Solo zuerst in Karbonit einfrieren?","Er will prüfen, ob Luke den Vorgang lebend überstehen könnte.","Er hofft, Han dadurch zum Sith auszubilden.","Er will den Todesstern mit Karbonit antreiben.","Er möchte Hans Erinnerungen auf einen Droiden übertragen.","A","Vader plant, Luke auf diese Weise zum Imperator zu transportieren. Han dient als Test für die Sicherheit des Verfahrens.","Vader will Luke gefangen nehmen und zum Imperator bringen. Die industrielle Karbonitanlage der Wolkenstadt ist jedoch nicht eigens für den sicheren Transport von Menschen vorgesehen. Deshalb lässt er Han zuerst einfrieren. Boba Fetts Sorge um seine Beute und Vaders Interesse an Luke treffen hier zusammen, obwohl beide ganz unterschiedliche Ziele verfolgen.","Vader plant, Luke auf diese Weise zum Imperator zu transportieren. Han dient als Test für die Sicherheit des Verfahrens.","Die Behandlung macht Han nicht zum Sith; sie prüft ein Transportverfahren.","Karbonit wird nicht als Treibstoff für den Todesstern getestet.","Eine Übertragung von Erinnerungen ist nicht der Zweck des Einfrierens.","Han dient als Test, ob Luke den Transport in Karbonit überleben könnte.","Handlung","https://www.starwars.com/databank/han-solo|https://en.wikipedia.org/wiki/The_Empire_Strikes_Back","redaktionell_geprueft"
"SF-S-041","K-SF-041-tydirium-infiltration","","de","Film","Science-Fiction","Star Wars: Episode VI – Die Rückkehr der Jedi-Ritter","Return of the Jedi","1983","Star Wars","schwer","Technik","Raumfahrt|Rebellion|Jedi","Star Wars|Weltraumfilme","Die Tydirium und ein imperialer Code verschaffen den Rebellen Zugang zu Endor.","„Star Wars: Episode VI – Die Rückkehr der Jedi-Ritter“ (1983): Wie heißt die gestohlene imperiale Fähre, mit der Hans Team nach Endor gelangt?","Tydirium","Executor","Tantive IV","Redemption","A","Die Rebellen benutzen die Fähre Tydirium samt imperialem Zugangscode, um unauffällig zum Stützpunkt auf Endor zu gelangen.","Hans Kommando muss den Schutzschildgenerator erreichen, ohne schon beim Anflug abgefangen zu werden. Dafür nutzen die Rebellen eine gestohlene imperiale Fähre samt Zugangscode. Die Tydirium macht den Plan technisch möglich, doch Lukes Anwesenheit gefährdet die Tarnung, weil Vader ihn wahrnimmt. So verbindet die Infiltration militärische Vorbereitung mit der besonderen Beziehung zwischen Vater und Sohn.","Die Rebellen benutzen die Fähre Tydirium samt imperialem Zugangscode, um unauffällig zum Stützpunkt auf Endor zu gelangen.","Die Executor ist Vaders großes Kommandoschiff, nicht die gestohlene Fähre.","Die Tantive IV ist nicht das Schiff, mit dem Hans Team nach Endor fliegt.","Redemption ist nicht der Name der verwendeten imperialen Fähre.","Die Tydirium und ein imperialer Code verschaffen den Rebellen Zugang zu Endor.","Auflösung","https://www.screenwritersnetwork.org/wp-content/uploads/2021/03/Star-Wars-Return-of-the-Jedi.pdf|https://en.wikipedia.org/wiki/Return_of_the_Jedi","redaktionell_geprueft"
"SF-S-042","K-SF-042-reliant-praefixzugriff","","de","Film","Science-Fiction","Star Trek II: Der Zorn des Khan","Star Trek II: The Wrath of Khan","1982","Star Trek","schwer","Technik","Raumfahrt|Rache|Technikfolgen","Star Trek|Weltraumfilme","Der schiffseigene Präfixcode ermöglicht den Fernbefehl an die Reliant.","„Star Trek II: Der Zorn des Khan“ (1982): Wodurch kann die Enterprise die Schilde der Reliant aus der Ferne senken?","Der Präfixcode erlaubt einen Fernbefehl.","Khan senkt die Schilde für Verhandlungen.","Ein Außentrupp schaltet die Generatoren ab.","Ein Funksignal täuscht einen Rückzug vor.","A","Der Präfixcode erlaubt der Enterprise, den entsprechenden Befehl an die Reliant zu senden; Khan hat diesen Zugang nicht gesichert.","Khan beherrscht zwar die Reliant, kennt aber nicht sämtliche Sicherungen und Routinen der Sternenflotte. Kirk und Spock nutzen den Präfixcode des Schiffs, um dessen Schilde aus der Ferne zu senken. Der Ausweg beruht damit auf institutionellem Wissen statt auf überlegener Feuerkraft. Khans erbeutetes Schiff wird durch ein ihm unbekanntes Zugriffsverfahren verwundbar.","Der Präfixcode erlaubt der Enterprise, den entsprechenden Befehl an die Reliant zu senden; Khan hat diesen Zugang nicht gesichert.","Khan senkt die Schilde nicht freiwillig für Verhandlungen; die Enterprise nutzt den schiffseigenen Code.","Ein getarnter Außentrupp manipuliert die Schildgeneratoren nicht; der Befehl kommt von der Enterprise.","Eine fingierte Kapitulation allein schaltet die Schilde nicht aus; der Präfixcode ermöglicht den Zugriff.","Der schiffseigene Präfixcode ermöglicht den Fernbefehl an die Reliant.","Handlung","https://imsdb.com/scripts/Star-Trek-II-The-Wrath-of-Khan.html|https://en.wikipedia.org/wiki/Star_Trek_II:_The_Wrath_of_Khan","redaktionell_geprueft"
"SF-S-043","K-SF-043-transparentes-aluminium","","de","Film","Science-Fiction","Star Trek IV: Zurück in die Gegenwart","Star Trek IV: The Voyage Home","1986","Star Trek","schwer","Technik","Zeitreise|Ökologie|Erstkontakt","Star Trek|Zeitreisefilme|Außerirdische und Erstkontakt","Scotty tauscht Zukunftswissen gegen Material für das Walbecken.","„Star Trek IV: Zurück in die Gegenwart“ (1986): Welches Wissen bietet Scotty als Gegenleistung für Material zum Bau des Walbeckens an?","Die Formel für transparentes Aluminium","Den Bauplan eines Transporters","Das Verfahren zur Herstellung von Dilithium","Den Schaltplan eines Tarnfeldgenerators","A","Scotty verrät einem Hersteller die Formel für transparentes Aluminium, um die benötigten großen Plexiglasscheiben zu erhalten.","Für den Transport der Wale braucht die Crew ein großes, belastbares Becken im erbeuteten klingonischen Schiff. Scotty und McCoy müssen im 20. Jahrhundert geeignetes Material beschaffen. Scotty bietet einem Hersteller die Formel für transparentes Aluminium an. Die Szene verbindet die praktische Rettungsaufgabe mit dem humorvollen Problem, bei einer Zeitreise Wissen aus der Zukunft zurückzulassen.","Scotty verrät einem Hersteller die Formel für transparentes Aluminium, um die benötigten großen Plexiglasscheiben zu erhalten.","Scotty gibt keine Transporterbaupläne weiter, sondern eine Materialformel.","Dilithiumherstellung ist nicht das Wissen, das Scotty dem Hersteller anbietet.","Ein Tarnfeldgenerator würde das Materialproblem nicht auf die gezeigte Weise lösen.","Scotty tauscht Zukunftswissen gegen Material für das Walbecken.","Handlung","https://www.chakoteya.net/movies/movie4.html|https://en.wikipedia.org/wiki/Star_Trek_IV:_The_Voyage_Home","redaktionell_geprueft"
"SF-S-044","K-SF-044-data-taeuscht-koenigin","","de","Film","Science-Fiction","Star Trek: Der erste Kontakt","Star Trek: First Contact","1996","Star Trek","schwer","Zusammenhang","Zeitreise|Cyborgs|Erstkontakt","Star Trek|Zeitreisefilme|Künstliche Intelligenz und Cyborgs|Außerirdische und Erstkontakt","Datas scheinbarer Verrat ist eine Täuschung: Seine Torpedos verfehlen die Phoenix.","„Star Trek: Der erste Kontakt“ (1996): Warum treffen Datas Torpedos die Phoenix im Finale nicht?","Data verfehlt sie absichtlich, um die Borg-Königin zu täuschen.","Picard zerstört die Torpedos mit den Schiffswaffen.","Ein Schutzschild der Phoenix lenkt sie ab.","Cochrane programmiert die Torpedos per Funk um.","A","Data spielt der Borg-Königin seine Kooperation nur vor und lässt die Torpedos die Phoenix absichtlich verfehlen.","Die Borg-Königin versucht, Data durch körperliche Empfindungen und menschliche Haut auf ihre Seite zu ziehen. Als er auf die Phoenix feuert, scheint ihr Plan gelungen. Die Torpedos verfehlen jedoch absichtlich ihr Ziel. Anschließend zerstört Data eine Kühlmittelleitung. Damit wird deutlich, dass er die Königin getäuscht hat und die historische Mission schützt.","Data spielt der Borg-Königin seine Kooperation nur vor und lässt die Torpedos die Phoenix absichtlich verfehlen.","Picard schießt die Torpedos nicht ab; Data sorgt selbst dafür, dass sie verfehlen.","Die Phoenix besitzt in dieser Szene keinen rettenden Borg-Schutzschild; Data verfehlt sie absichtlich.","Cochrane lenkt die Torpedos nicht per Funk um; der scheinbare Angriff gehört zu Datas Täuschung.","Datas scheinbarer Verrat ist eine Täuschung: Seine Torpedos verfehlen die Phoenix.","Auflösung","https://en.wikipedia.org/wiki/Star_Trek:_First_Contact|https://assets.scriptslug.com/live/pdf/scripts/star-trek-first-contact-1996.pdf","redaktionell_geprueft"
"SF-S-045","K-SF-045-cw7-eiszeit","","de","Film","Science-Fiction","Snowpiercer","Snowpiercer","2013","","schwer","Zusammenhang","Dystopie|Klimakatastrophe|Ungleichheit","Dystopien","CW-7 sollte die Erde abkühlen und löst eine katastrophale Vereisung aus.","„Snowpiercer“ (2013): Was hat die neue Eiszeit in der Vorgeschichte ausgelöst?","Eine natürliche Veränderung der Erdumlaufbahn","Ein Meteoriteneinschlag im Pazifik","Ein fehlgeschlagener Klimaversuch mit CW-7","Ein abgeschalteter Sonnenreaktor","C","CW-7 sollte die Erderwärmung bekämpfen. Die Ausbringung bewirkte eine katastrophale Abkühlung und ließ die Erde vereisen.","In der Vorgeschichte versuchen Menschen, die Erderwärmung durch den Stoff CW-7 zu stoppen. Der Eingriff schießt weit über das Ziel hinaus und macht große Teile der Erde unbewohnbar. Die Katastrophe ist damit eine unbeabsichtigte Folge einer vermeintlichen Lösung. Der Zug und seine autoritäre Ordnung entstehen als Antwort auf eine Krise, die menschliche Technik selbst verschärft hat.","Eine natürliche Änderung der Umlaufbahn ist nicht die im Film erzählte Ursache.","Ein Meteorit verursacht diese Eiszeit nicht; verantwortlich ist der Klimaversuch.","CW-7 sollte die Erderwärmung bekämpfen. Die Ausbringung bewirkte eine katastrophale Abkühlung und ließ die Erde vereisen.","Ein abgeschalteter Sonnenreaktor ist nicht der Auslöser der Vereisung.","CW-7 sollte die Erde abkühlen und löst eine katastrophale Vereisung aus.","Handlung","https://en.wikipedia.org/wiki/Snowpiercer","redaktionell_geprueft"
"SF-S-046","K-SF-046-sean-fentress","","de","Film","Science-Fiction","Source Code","Source Code","2011","","schwer","Figur","Zeitschleife|Identität|Ermittlung","Zeitreisefilme|Identität und Wirklichkeit","Im Zug wird Stevens als der Lehrer Sean Fentress wahrgenommen.","„Source Code“ (2011): Wessen Identität trägt Stevens innerhalb des Zuges?","Die des Passagiers Derek Frost","Die des Militärangehörigen Goodwin","Die des Lehrers Sean Fentress","Die des Projektleiters Rutledge","C","Die Mitreisenden und sein Spiegelbild zeigen Stevens als Sean Fentress, einen Lehrer. Sein eigenes Bewusstsein stammt aus einer anderen Situation.","Stevens erlebt die Ereignisse mit seinem eigenen Bewusstsein, wird im Zug aber als Sean Fentress angesprochen. Auch sein Spiegelbild zeigt den Lehrer. Diese Diskrepanz macht seine Orientierung schwierig und erklärt, warum andere Personen Vertrautheit voraussetzen, die er nicht empfindet. Die Identität des Reisenden ist damit ein konkreter Teil des Rätsels und nicht nur eine technische Nebensache.","Derek Frost ist nicht Stevens' Erscheinung; die Mitreisenden erkennen Sean Fentress.","Goodwin betreut den Einsatz außerhalb des Zuges; im Zug gilt Stevens als Sean Fentress.","Die Mitreisenden und sein Spiegelbild zeigen Stevens als Sean Fentress, einen Lehrer. Sein eigenes Bewusstsein stammt aus einer anderen Situation.","Rutledge leitet das Projekt außerhalb des Zuges; Stevens erscheint als Lehrer.","Im Zug wird Stevens als der Lehrer Sean Fentress wahrgenommen.","Handlung","https://en.wikipedia.org/wiki/Source_Code","redaktionell_geprueft"
"SF-S-047","K-SF-047-joe-opfer-sara","","de","Film","Science-Fiction","Looper","Looper","2012","","schwer","Zusammenhang","Zeitreise|Kausalität|Familie","Zeitreisefilme","Joes Selbstopfer verhindert den Mord an Sara durch sein älteres Ich.","„Looper“ (2012): Warum tötet sich der junge Joe am Ende selbst?","Er verhindert damit, dass sein älteres Ich Sara tötet.","Er will dadurch seinen Auftraggeber aus der Zukunft holen.","Er glaubt, nur so die Zeitmaschine reparieren zu können.","Er möchte unmittelbar als Kind wiedergeboren werden.","A","Joes Tod löscht sein älteres Ich aus. Sara überlebt, und die von Joe erkannte mögliche Entstehung des Rainmakers wird unterbrochen.","Der junge Joe erkennt einen möglichen Kreislauf: Sein älteres Ich könnte Sara töten und dadurch ihren Sohn Cid auf den Weg zum gefürchteten Rainmaker bringen. Um diesen Zusammenhang zu unterbrechen, tötet er sich selbst. Damit verschwindet auch der ältere Joe. Das Ende macht Verantwortung zu einer Entscheidung gegen die Fortsetzung der eigenen Gewaltgeschichte.","Joes Tod löscht sein älteres Ich aus. Sara überlebt, und die von Joe erkannte mögliche Entstehung des Rainmakers wird unterbrochen.","Joe holt dadurch keinen Auftraggeber herbei; er löscht sein älteres Ich aus.","Er repariert keine Maschine, sondern verhindert die unmittelbar drohende Tat seines älteren Ichs.","Eine sofortige Wiedergeburt als Kind ist nicht sein Ziel.","Joes Selbstopfer verhindert den Mord an Sara durch sein älteres Ich.","Auflösung","https://en.wikipedia.org/wiki/Looper_(film)","redaktionell_geprueft"
"SF-S-048","K-SF-048-transfusion-verlust","","de","Film","Science-Fiction","Edge of Tomorrow","Edge of Tomorrow","2014","","schwer","Technik","Zeitschleife|Außerirdische|Lernen","Zeitreisefilme|Außerirdische und Erstkontakt","Eine Bluttransfusion beendet Cages Fähigkeit zum Neustart.","„Edge of Tomorrow“ (2014): Wodurch verliert Cage vor dem letzten Angriff seine Fähigkeit zum Neustart?","Durch einen Stromschlag am Ortungsgerät","Durch eine Vergiftung mit Meerwasser","Durch den Verlust seines Kampfanzugs","Durch eine Bluttransfusion","D","Nach einer Verletzung erhält Cage fremdes Blut. Dadurch geht die durch Alien-Blut erworbene Fähigkeit zum Zurücksetzen verloren.","Cages Fähigkeit hängt mit dem Blut eines Mimics zusammen, mit dem er im Kampf in Kontakt gekommen ist. Nach einer Verletzung erhält er eine Bluttransfusion und verliert diese Verbindung. Für den letzten Einsatz verändert das alles: Ein weiterer Tod kann nicht mehr einfach als Übungsdurchlauf genutzt werden. Der vertraute Lernvorteil weicht einem endgültigen Risiko.","Ein Stromschlag ist nicht der entscheidende Auslöser; es ist die Bluttransfusion.","Meerwasser verursacht den Verlust der Fähigkeit nicht.","Der Kampfanzug ist nicht die Quelle der Zeitschleife.","Nach einer Verletzung erhält Cage fremdes Blut. Dadurch geht die durch Alien-Blut erworbene Fähigkeit zum Zurücksetzen verloren.","Eine Bluttransfusion beendet Cages Fähigkeit zum Neustart.","Handlung","https://en.wikipedia.org/wiki/Edge_of_Tomorrow","redaktionell_geprueft"
"SF-S-049","K-SF-049-malcolm-kapsel","","de","Film","Science-Fiction","Oblivion","Oblivion","2013","","schwer","Handlung","Klone|Identität|Täuschung","Identität und Wirklichkeit|Genetik und Klone","Malcolm begleitet Jack in der Kapsel zum Tet, während Julia zurückbleibt.","„Oblivion“ (2013): Wer befindet sich statt Julia in der Schlafkapsel, die Jack im Finale zum Tet bringt?","Jack 52","Sergeant Sykes","Malcolm Beech","Victoria Olsen","C","Der schwer verletzte Malcolm begleitet Jack mit der Bombe zum Tet. Julia bleibt zurück und überlebt die Zerstörung des fremden Systems.","Jack lässt den Tet glauben, Julia in der Schlafkapsel mitzubringen. Tatsächlich befindet sich dort der schwer verletzte Malcolm Beech, gespielt von Morgan Freeman. Gemeinsam bringen sie die Bombe ins Zentrum des feindlichen Systems. Die Täuschung verbindet den Widerstand der Überlebenden mit Jacks eigener Entscheidung und ermöglicht Julia, dem abschließenden Opfergang zu entgehen.","Jack 52 wird nicht anstelle von Julia zum Tet gebracht.","Sergeant Sykes bleibt nicht der verborgene Begleiter; diese Rolle übernimmt Malcolm.","Der schwer verletzte Malcolm begleitet Jack mit der Bombe zum Tet. Julia bleibt zurück und überlebt die Zerstörung des fremden Systems.","Victoria ist nicht die Person in der mitgeführten Kapsel.","Malcolm begleitet Jack in der Kapsel zum Tet, während Julia zurückbleibt.","Auflösung","https://en.wikipedia.org/wiki/Oblivion_(2013_film)","redaktionell_geprueft"
"SF-S-050","K-SF-050-pinbacker-sabotage","","de","Film","Science-Fiction","Sunshine","Sunshine","2007","","schwer","Figur","Raumfahrt|Rettungsmission|Überleben","Weltraumfilme","Pinbacker, der Kapitän der ersten Mission, will die zweite Mission scheitern lassen.","„Sunshine“ (2007): Wer ist der zusätzliche Eindringling, der die Mission der Icarus II sabotiert?","Kaneda, der aktuelle Kapitän","Searle, der Bordpsychologe","Trey, der Navigator","Pinbacker, der Kapitän der ersten Mission","D","Pinbacker hat die erste Mission überlebt und gelangt beim Andocken auf die Icarus II. Aus religiösem Wahn will er deren Erfolg verhindern.","Beim Kontakt mit der Icarus I gelangt deren überlebender Kapitän Pinbacker auf das neue Schiff. Seine Überzeugung, die Menschheit dürfe ihrem Ende nicht entgehen, macht ihn zum Gegner der Rettung. Die Gefahr kommt damit nicht nur von Hitze und technischen Fehlern. Ein Mensch, der denselben ursprünglichen Auftrag hatte, sabotiert nun aus religiösem Wahn dessen Vollendung.","Kaneda kommandiert die zweite Mission; der Eindringling ist Pinbacker.","Searle gehört zur aktuellen Crew und ist nicht der überlebende Kapitän der ersten Mission.","Trey ist Navigator der Icarus II, nicht der zusätzliche Mann vom alten Schiff.","Pinbacker hat die erste Mission überlebt und gelangt beim Andocken auf die Icarus II. Aus religiösem Wahn will er deren Erfolg verhindern.","Pinbacker, der Kapitän der ersten Mission, will die zweite Mission scheitern lassen.","Auflösung","https://en.wikipedia.org/wiki/Sunshine_(2007_film)","redaktionell_geprueft"
