"question_id","knowledge_id","variant_of","language","domain","subdomain","film_title_de","film_title_original","film_year","franchise","difficulty","question_type","topic_tags","badge_tags","learning_objective","question","answer_a","answer_b","answer_c","answer_d","correct_answer","explanation_short","explanation_context","feedback_a","feedback_b","feedback_c","feedback_d","memory_anchor","spoiler_level","source_urls","verification_status"
"ACT-L-001","K-ACT-01-mcclane-darsteller","","de","Film","Action","Stirb langsam","Die Hard","1988","Stirb langsam","leicht","Besetzung","Geiselnahme|Raub|Polizei","Stirb langsam|Polizeifilme|Raubfilme","Bruce Willis ist John McClane.","„Stirb langsam“ (1988): Wer spielt den Polizisten John McClane?","Kurt Russell","Bruce Willis","Mel Gibson","Harrison Ford","B","Bruce Willis spielt John McClane, der bei einem Weihnachtsbesuch in eine Geiselnahme gerät.","Bruce Willis macht McClane zu einem Helden, der improvisieren muss und dabei sichtbar leidet. Statt als perfekt vorbereiteter Spezialist einzutreffen, besucht er seine getrennt lebende Frau. Der Gegensatz zwischen privatem Streit und öffentlicher Gefahr prägt die Figur. Seine Verletzlichkeit unterscheidet ihn von vielen betont unverwundbaren Actionhelden derselben Zeit.","Kurt Russell ist nicht McClane; Willis verkörpert den New Yorker Polizisten.","Bruce Willis spielt John McClane, der bei einem Weihnachtsbesuch in eine Geiselnahme gerät.","Mel Gibson spielt Martin Riggs in Lethal Weapon; McClane ist Bruce Willis.","Harrison Ford spielt unter anderem den flüchtigen Richard Kimble; hier ist Willis gefragt.","Bruce Willis ist John McClane.","keine","https://en.wikipedia.org/wiki/Die_Hard","redaktionell_geprueft"
"ACT-L-002","K-ACT-01-nakatomi","","de","Film","Action","Stirb langsam","Die Hard","1988","Stirb langsam","leicht","Schauplatz","Geiselnahme|Raub|Polizei","Stirb langsam|Polizeifilme|Raubfilme","Nakatomi Plaza macht ein Hochhaus zum abgeschlossenen Kampfplatz.","„Stirb langsam“ (1988): Wo findet die zentrale Geiselnahme statt?","Im Dulles-Flughafen","Im Continental-Hotel","Im Nakatomi Plaza","Im Federal-Reserve-Gebäude","C","Die Täter besetzen das Bürohochhaus Nakatomi Plaza in Los Angeles.","Das Hochhaus vereint Firmenfeier, Tresorraum und Baustellenbereiche an einem Ort. Für McClane werden Schächte und unfertige Etagen zu Ausweichwegen, während die Täter die regulären Zugänge kontrollieren. Die begrenzte Umgebung macht die räumliche Orientierung wichtig: Wer sich im Gebäude besser bewegt, kann zeitweise einen zahlenmäßig überlegenen Gegner ausspielen.","Dulles ist der Hauptschauplatz des zweiten Films.","Das Continental gehört zur Welt von John Wick.","Die Täter besetzen das Bürohochhaus Nakatomi Plaza in Los Angeles.","Die Federal Reserve ist für den Raub im dritten Film wichtig.","Nakatomi Plaza macht ein Hochhaus zum abgeschlossenen Kampfplatz.","keine","https://en.wikipedia.org/wiki/Die_Hard","redaktionell_geprueft"
"ACT-M-001","K-ACT-01-holly-ehefrau","","de","Film","Action","Stirb langsam","Die Hard","1988","Stirb langsam","mittel","Beziehung","Geiselnahme|Raub|Polizei","Stirb langsam|Polizeifilme|Raubfilme","Holly ist Johns Frau und eine eigenständige Führungskraft.",„Stirb langsam“ (1988): In welcher Beziehung steht die Geisel Holly (Bonnie Bedelia) zu McClane (Bruce Willis)?,"Sie ist seine Ehefrau.","Sie ist seine frühere Partnerin im Polizeidienst.","Sie ist seine Vorgesetzte.","Sie ist seine Schwester.","A","Holly und John sind verheiratet, leben wegen ihrer beruflichen und persönlichen Konflikte aber getrennt.","Holly Gennero, gespielt von Bonnie Bedelia, hat sich in Los Angeles eine berufliche Stellung aufgebaut. John kommt aus New York zu Besuch und fühlt sich von ihrem neuen Leben übergangen. Die Geiselnahme unterbricht ihren Streit. Damit muss er nicht nur eine Gruppe retten, sondern auch seine Haltung gegenüber Hollys Eigenständigkeit überdenken.","Holly und John sind verheiratet, leben wegen ihrer beruflichen und persönlichen Konflikte aber getrennt.","Holly ist keine ehemalige Polizeikollegin, sondern seine Frau.","Sie arbeitet für Nakatomi und führt nicht Johns Polizeieinheit.","Holly ist nicht seine Schwester; ihr Konflikt betrifft ihre Ehe.","Holly ist Johns Frau und eine eigenständige Führungskraft.","Handlung","https://en.wikipedia.org/wiki/Die_Hard","redaktionell_geprueft"
"ACT-M-002","K-ACT-01-inhaberschuldverschreibungen","","de","Film","Action","Stirb langsam","Die Hard","1988","Stirb langsam","mittel","Motiv","Geiselnahme|Raub|Polizei","Stirb langsam|Polizeifilme|Raubfilme","Grubers Terrorfassade verdeckt einen Wertpapierraub.",„Stirb langsam“ (1988): Worauf zielt Grubers (Alan Rickman) angeblicher Terroranschlag tatsächlich?,"Auf die Vernichtung der Firmenforschung","Auf die Freilassung verurteilter Gefangener","Auf den Raub von Wertpapieren aus dem Tresor","Auf den Verkauf militärischer Geheimnisse","C","Hans Gruber will die im Tresor gelagerten Inhaberschuldverschreibungen stehlen.","Gruber präsentiert politische Forderungen, während sein Team planmäßig an den Tresor gelangt. Die öffentlich sichtbare Geiselnahme dient als Tarnung für einen finanziell motivierten Raub. Alan Rickmans Figur wirkt deshalb zugleich wie ein Terroristenführer und ein Geschäftsmann. Wer seine Absicht erkennt, versteht auch, warum er mit dem erwartbaren Vorgehen der Behörden kalkuliert.","Die Forschung des Unternehmens soll nicht vernichtet werden; der Tresorinhalt zählt.","Die Gefangenenforderung gehört zur politischen Tarnung und ist nicht sein eigentliches Ziel.","Hans Gruber will die im Tresor gelagerten Inhaberschuldverschreibungen stehlen.","Militärische Geheimnisse sind nicht die Beute; gesucht sind handelbare Wertpapiere.","Grubers Terrorfassade verdeckt einen Wertpapierraub.","Handlung","https://en.wikipedia.org/wiki/Die_Hard","redaktionell_geprueft"
"ACT-S-001","K-ACT-01-fbi-strom","","de","Film","Action","Stirb langsam","Die Hard","1988","Stirb langsam","schwer","Handlung","Geiselnahme|Raub|Polizei","Stirb langsam|Polizeifilme|Raubfilme","Das FBI öffnet ungewollt Grubers letzte Tresorsperre.",„Stirb langsam“ (1988): Warum kommt der Stromausfall Grubers (Alan Rickman) Tresorplan entgegen?,"Er löst die letzte elektronische Sicherung.","Er vernichtet die Seriennummern der Beute.","Er schaltet die Bewachung der Tiefgarage aus.","Er blockiert dauerhaft alle Funkgeräte.","A","Das Abschalten des Stroms durch das FBI löst die letzte Tresorsicherung, die Grubers Team nicht selbst überwinden konnte.","Die Behörden wollen den Tätern durch einen Stromausfall Kontrolle entziehen. Gruber hat diesen Eingriff jedoch vorausgesehen und in seine Planung aufgenommen. Gerade das vermeintliche Druckmittel beseitigt das letzte Hindernis vor der Beute. Die Szene macht deutlich, wie gefährlich ein Gegner ist, der nicht nur Technik, sondern auch behördliche Routinen versteht.","Das Abschalten des Stroms durch das FBI löst die letzte Tresorsicherung, die Grubers Team nicht selbst überwinden konnte.","Die Wertpapiere verlieren durch den Stromausfall keine Seriennummern.","Die Tiefgarage erklärt nicht die Öffnung des Tresors.","Ein allgemeiner dauerhafter Funkausfall ist nicht der entscheidende Gewinn für den Raub.","Das FBI öffnet ungewollt Grubers letzte Tresorsperre.","Handlung","https://en.wikipedia.org/wiki/Die_Hard","redaktionell_geprueft"
"ACT-S-002","K-ACT-01-hollys-uhr","","de","Film","Action","Stirb langsam","Die Hard","1988","Stirb langsam","schwer","Handlung","Geiselnahme|Raub|Polizei","Stirb langsam|Polizeifilme|Raubfilme","Hollys geöffnete Uhr löst Grubers letzten Halt.",„Stirb langsam“ (1988): Wodurch befreit McClane (Bruce Willis) Holly (Bonnie Bedelia) aus Grubers (Alan Rickman) Griff am Fenster?,"Er zieht beide mit einem Feuerwehrschlauch zurück.","Er zerbricht Grubers Pistole am Fensterrahmen.","Er schneidet den Ärmel ihrer Jacke ab.","Er öffnet den Verschluss ihrer Armbanduhr.","D","McClane löst Hollys Armbanduhr, an der der abstürzende Gruber sich festhält.","Hollys teure Uhr steht zunächst im Zusammenhang mit ihrem beruflichen Erfolg. Im Finale wird sie zu einer unmittelbaren Gefahr, weil Gruber daran Halt findet. McClane kann Holly retten, indem er den Verschluss öffnet. Ein früh eingeführter Alltagsgegenstand erhält so eine entscheidende Funktion für den Ausgang der körperlichen Auseinandersetzung.","Ein Feuerwehrschlauch hilft McClane in einer anderen Gefahrensituation, nicht bei diesem Griff.","Die Pistole ist nicht die Verbindung zwischen Gruber und Holly.","Ein abgeschnittener Jackenärmel löst die Situation nicht; Gruber hält die Uhr fest.","McClane löst Hollys Armbanduhr, an der der abstürzende Gruber sich festhält.","Hollys geöffnete Uhr löst Grubers letzten Halt.","Auflösung","https://en.wikipedia.org/wiki/Die_Hard","redaktionell_geprueft"
"ACT-L-003","K-ACT-02-dulles","","de","Film","Action","Stirb langsam 2","Die Hard 2","1990","Stirb langsam","leicht","Schauplatz","Luftfahrt|Geiselnahme|Polizei","Stirb langsam|Polizeifilme","Die zweite Geiselnahme betrifft den Flughafen Dulles.","„Stirb langsam 2“ (1990): Welcher Flughafen bildet den zentralen Schauplatz?","Chicago O'Hare","Los Angeles International","New York Kennedy","Washington Dulles","D","Die Handlung konzentriert sich auf den Flughafen Washington Dulles.","McClane will eigentlich nur seine Frau abholen. Der winterliche Flughafen wird jedoch zum Ort einer koordinierten Erpressung. Anders als im ersten Film sind die bedrohten Menschen teilweise außerhalb seiner Reichweite: Sie sitzen in kreisenden Flugzeugen. Der Schauplatz verbindet deshalb das Geschehen am Boden mit einer Gefahr, die über den Köpfen der Helfer wächst.","O'Hare ist nicht der Ort, an dem McClane Holly abholen will.","Los Angeles ist mit dem ersten Film verbunden, doch die Fortsetzung spielt in Dulles.","Kennedy ist nicht der angegriffene Flughafen dieses Films.","Die Handlung konzentriert sich auf den Flughafen Washington Dulles.","Die zweite Geiselnahme betrifft den Flughafen Dulles.","keine","https://en.wikipedia.org/wiki/Die_Hard_2","redaktionell_geprueft"
"ACT-L-004","K-ACT-02-holly-flugzeug","","de","Film","Action","Stirb langsam 2","Die Hard 2","1990","Stirb langsam","leicht","Motiv","Luftfahrt|Geiselnahme|Polizei","Stirb langsam|Polizeifilme","Holly wartet über Dulles auf eine sichere Landung.","„Stirb langsam 2“ (1990): Warum betrifft die Blockade des Flughafens McClane persönlich?","Seine Schwester steuert das Flugzeug der Täter.","Holly sitzt in einem der wartenden Flugzeuge.","Sein Sohn arbeitet im besetzten Kontrollturm.","Sein Vater wird im Gepäckbereich festgehalten.","B","Hollys Maschine kann nicht landen und hat wie die anderen Flugzeuge nur begrenzten Treibstoff.","John ist am Boden, während Holly zunächst nur indirekt von der Krise erfährt. Die Entfernung trennt die beiden trotz desselben Schauplatzes. Jeder zusätzliche Aufschub verschlechtert die Lage der kreisenden Maschinen. Die Fortsetzung variiert damit das persönliche Rettungsmotiv: McClane kann seine Frau nicht einfach aufsuchen, sondern muss erst die Voraussetzungen ihrer sicheren Landung schaffen.","McClanes Schwester fliegt keine Maschine der Täter; Holly ist Passagierin.","Hollys Maschine kann nicht landen und hat wie die anderen Flugzeuge nur begrenzten Treibstoff.","Ein im Turm arbeitender Sohn ist nicht der persönliche Anlass.","Sein Vater gehört nicht zu den festgehaltenen Personen; seine Frau ist in der Luft.","Holly wartet über Dulles auf eine sichere Landung.","Handlung","https://en.wikipedia.org/wiki/Die_Hard_2","redaktionell_geprueft"
"ACT-M-003","K-ACT-02-stuart","","de","Film","Action","Stirb langsam 2","Die Hard 2","1990","Stirb langsam","mittel","Figur","Luftfahrt|Geiselnahme|Polizei","Stirb langsam|Polizeifilme","Stuart führt die Erpressung am Flughafen.","„Stirb langsam 2“ (1990): Wer führt die Erpresser an, die den Flughafen kontrollieren wollen?","Colonel Stuart","Major Grant","Leslie Barnes","Captain Lorenzo","A","Colonel William Stuart führt die Gruppe an, die Esperanzas Befreiung erzwingen will.","William Sadler spielt Stuart als disziplinierten militärischen Gegner. Seine Männer verwenden Fachwissen und vorbereitete Technik, um den regulären Flughafenbetrieb auszuschalten. McClane trifft damit nicht auf einen spontanen Überfall. Der Gegner hat seine Schritte geplant und kann die Verletzlichkeit einer Infrastruktur ausnutzen, von der viele unbeteiligte Menschen gleichzeitig abhängig sind.","Colonel William Stuart führt die Gruppe an, die Esperanzas Befreiung erzwingen will.","Grant kommt als vermeintlicher Helfer hinzu; Stuart leitet die ursprüngliche Erpressergruppe.","Barnes ist der technische Flughafenmitarbeiter, der nach einer Kommunikationslösung sucht.","Lorenzo leitet die Flughafenpolizei und ist nicht der Anführer der Täter.","Stuart führt die Erpressung am Flughafen.","Handlung","https://en.wikipedia.org/wiki/Die_Hard_2","redaktionell_geprueft"
"ACT-M-004","K-ACT-02-esperanza","","de","Film","Action","Stirb langsam 2","Die Hard 2","1990","Stirb langsam","mittel","Motiv","Luftfahrt|Geiselnahme|Polizei","Stirb langsam|Polizeifilme","Der Flughafenangriff soll Esperanza die Flucht ermöglichen.",„Stirb langsam 2“ (1990): Wen wollen Stuarts (William Sadler) Männer aus amerikanischem Gewahrsam befreien?,"General Hummel","General Esperanza","Hans Gruber","Colonel Trautman","B","Ihr Plan gilt General Ramon Esperanza, der in die USA überstellt wird.","Esperanzas angekündigte Ankunft liefert den zeitlichen Anlass für den Angriff. Die Täter wollen seine Übergabe verhindern und ihm die Flucht ermöglichen. Damit besitzt die Kontrolle über Startbahnen und Kommunikation einen konkreten Zweck. McClane muss nicht nur einzelne Schützen bekämpfen, sondern verhindern, dass eine gesamte Flughafenorganisation zum Werkzeug dieser Befreiungsaktion wird.","Hummel gehört zu The Rock; hier geht es um Esperanza.","Ihr Plan gilt General Ramon Esperanza, der in die USA überstellt wird.","Gruber ist der Gegner des ersten Films und nicht der transportierte General.","Trautman gehört zur Rambo-Reihe und wird hier nicht befreit.","Der Flughafenangriff soll Esperanza die Flucht ermöglichen.","Handlung","https://en.wikipedia.org/wiki/Die_Hard_2","redaktionell_geprueft"
"ACT-S-003","K-ACT-02-platzpatronen","","de","Film","Action","Stirb langsam 2","Die Hard 2","1990","Stirb langsam","schwer","Handlung","Luftfahrt|Geiselnahme|Polizei","Stirb langsam|Polizeifilme","Platzpatronen entlarven Grants Kampf als Inszenierung.","„Stirb langsam 2“ (1990): Woran erkennt McClane, dass Grants (John Amos) Einheit mit Stuart (William Sadler) zusammenarbeitet?","An identischen Flugtickets beider Gruppen","An einem gemeinsamen Fernsehaufruf","An Platzpatronen aus dem angeblichen Gefecht","An denselben Fingerabdrücken auf zwei Waffen","C","Die Platzpatronen zeigen, dass das Gefecht zwischen den Gruppen nur gespielt war.","Grant tritt zunächst als militärische Verstärkung auf. McClane bemerkt jedoch, dass bei der Auseinandersetzung mit Stuarts Leuten keine scharfe Munition verwendet wurde. Dadurch kippt die Bedeutung des vermeintlichen Rettungseinsatzes. Die Männer wollen einander nicht ausschalten, sondern den Behörden eine glaubhafte Verfolgung vorspielen und anschließend gemeinsam entkommen.","Flugtickets liefern nicht den entscheidenden Beweis; die Munition entlarvt das Scheingefecht.","Ein öffentlicher gemeinsamer Aufruf würde die Tarnung aufgeben und findet so nicht statt.","Die Platzpatronen zeigen, dass das Gefecht zwischen den Gruppen nur gespielt war.","Es geht nicht um einen Fingerabdruckvergleich, sondern um die Art der verschossenen Patronen.","Platzpatronen entlarven Grants Kampf als Inszenierung.","Auflösung","https://en.wikipedia.org/wiki/Die_Hard_2","redaktionell_geprueft"
"ACT-S-004","K-ACT-02-treibstoffspur","","de","Film","Action","Stirb langsam 2","Die Hard 2","1990","Stirb langsam","schwer","Handlung","Luftfahrt|Geiselnahme|Polizei","Stirb langsam|Polizeifilme","Die brennende Treibstoffspur stoppt die Flucht und weist den Weg zur Landung.","„Stirb langsam 2“ (1990): Wie verhindert McClane den Abflug des Fluchtflugzeugs im Finale?","Er blockiert die Landebahn mit einem Schneepflug.","Er lässt den Kontrollturm auf die Maschine schießen.","Er schaltet beide Triebwerke per Funk aus.","Er entzündet dessen auslaufende Treibstoffspur.","D","McClane öffnet am Flugzeug einen Treibstoffauslass und entzündet nach seinem Sturz die Spur.","McClane verliert den Kampf auf der Tragfläche zunächst und landet wieder am Boden. Zuvor hat er jedoch Treibstoff austreten lassen. Die entzündete Spur erreicht die Maschine und beendet den Fluchtversuch. Gleichzeitig liefert das Feuer den wartenden Flugzeugen eine Orientierung für die Landung. Aus seiner scheinbaren Niederlage entsteht damit eine doppelte Rettung.","Ein Schneepflug stoppt diesen Start nicht.","Der Kontrollturm beschießt die Maschine nicht; McClane nutzt den ausgelaufenen Treibstoff.","Die Triebwerke werden nicht über einen Fernbefehl abgeschaltet.","McClane öffnet am Flugzeug einen Treibstoffauslass und entzündet nach seinem Sturz die Spur.","Die brennende Treibstoffspur stoppt die Flucht und weist den Weg zur Landung.","Auflösung","https://en.wikipedia.org/wiki/Die_Hard_2","redaktionell_geprueft"
"ACT-L-005","K-ACT-03-zeus-darsteller","","de","Film","Action","Stirb langsam: Jetzt erst recht","Die Hard with a Vengeance","1995","Stirb langsam","leicht","Besetzung","Raub|Rache|Polizei","Stirb langsam|Polizeifilme|Raubfilme","Samuel L. Jackson ist Zeus Carver.","„Stirb langsam: Jetzt erst recht“ (1995): Wer spielt McClanes widerwilligen Helfer Zeus Carver?","Wesley Snipes","Laurence Fishburne","Danny Glover","Samuel L. Jackson","D","Samuel L. Jackson spielt den Ladenbesitzer Zeus Carver.","Zeus hilft McClane zunächst in einer gefährlichen Straßensituation und wird dadurch in Simons Spiel hineingezogen. Samuel L. Jackson spielt ihn als misstrauischen, selbstbewussten Gegenpart. Er ist kein Polizist und hat keine Lust auf Johns Probleme. Gerade dieser Abstand bringt eine andere Sicht auf die Entscheidungen des erfahrenen Ermittlers in die Handlung.","Snipes spielt unter anderem Blade, aber nicht McClanes Helfer Zeus.","Fishburne verkörpert nicht Zeus; die Rolle gehört Samuel L. Jackson.","Glover spielt Murtaugh in Lethal Weapon; Zeus wird von Jackson dargestellt.","Samuel L. Jackson spielt den Ladenbesitzer Zeus Carver.","Samuel L. Jackson ist Zeus Carver.","keine","https://en.wikipedia.org/wiki/Die_Hard_with_a_Vengeance","redaktionell_geprueft"
"ACT-L-006","K-ACT-03-simon-bruder","","de","Film","Action","Stirb langsam: Jetzt erst recht","Die Hard with a Vengeance","1995","Stirb langsam","leicht","Beziehung","Raub|Rache|Polizei","Stirb langsam|Polizeifilme|Raubfilme","Simon Gruber ist Hans Grubers Bruder.",„Stirb langsam: Jetzt erst recht“ (1995): Wie ist Simon mit Hans Gruber (Jeremy Irons) aus dem ersten Film verbunden?,"Er ist dessen ehemaliger Anwalt.","Er ist dessen Bruder.","Er ist dessen Sohn.","Er ist dessen früherer Vorgesetzter.","B","Simon ist Hans Grubers Bruder und nutzt diese Verbindung für seine Drohungen gegen McClane.","Simons persönlicher Bezug erklärt, warum ausgerechnet McClane seine Aufgaben erledigen soll. Der Gegner verbindet Rachebehauptungen mit einer sorgfältigen Planung. Für John scheint die neue Gefahr dadurch unmittelbar aus seiner eigenen Vergangenheit zu kommen. Dennoch reicht das Familienmotiv allein nicht aus, um alle Schritte zu erklären: Hinter der Aufmerksamkeit für McClane verbirgt sich ein weiterer Plan.","Ein anwaltliches Mandat ist nicht ihre Verbindung.","Simon ist Hans Grubers Bruder und nutzt diese Verbindung für seine Drohungen gegen McClane.","Simon gehört derselben Generation wie Hans an; er ist sein Bruder, nicht sein Sohn.","Die Beziehung ist familiär und nicht die zwischen Chef und Mitarbeiter.","Simon Gruber ist Hans Grubers Bruder.","Handlung","https://en.wikipedia.org/wiki/Die_Hard_with_a_Vengeance","redaktionell_geprueft"
"ACT-M-005","K-ACT-03-federal-reserve","","de","Film","Action","Stirb langsam: Jetzt erst recht","Die Hard with a Vengeance","1995","Stirb langsam","mittel","Motiv","Raub|Rache|Polizei","Stirb langsam|Polizeifilme|Raubfilme","Simons Bombenspiel deckt den Goldraub.",„Stirb langsam: Jetzt erst recht“ (1995): Welche Beute will Simon (Jeremy Irons) während seiner Bombendrohungen stehlen?,"Wertpapiere aus dem Nakatomi Plaza","Gold aus der Federal Reserve","Diamanten aus einem Auktionshaus","Bargeld aus einem Casino","B","Simons Männer rauben die Goldreserven, während die Polizei durch seine Drohungen abgelenkt ist.","Die Rätsel und Bombenalarme binden große Teile der Polizei. McClane erkennt, dass diese Unruhe auch eine räumliche Wirkung hat: Ein anderer Bereich der Stadt wird vernachlässigt. Der Raub verbindet deshalb spektakuläre Bedrohungen mit einem nüchternen Ablenkungsmanöver. Simon nutzt die öffentliche Sorge um Menschenleben, um seine eigentliche Beute ungestört abzutransportieren.","Die Wertpapiere gehören zum Plan des ersten Films, nicht zu Simons Raub.","Simons Männer rauben die Goldreserven, während die Polizei durch seine Drohungen abgelenkt ist.","Ein Auktionshaus ist nicht das Ziel; die Beute besteht aus Goldreserven.","Ein Casino ist nicht der ausgeraubte Ort dieses Films.","Simons Bombenspiel deckt den Goldraub.","Handlung","https://en.wikipedia.org/wiki/Die_Hard_with_a_Vengeance","redaktionell_geprueft"
"ACT-M-006","K-ACT-03-schulbombe-taeuschung","","de","Film","Action","Stirb langsam: Jetzt erst recht","Die Hard with a Vengeance","1995","Stirb langsam","mittel","Handlung","Raub|Rache|Polizei","Stirb langsam|Polizeifilme|Raubfilme","Die falsche Schulbombe hält die Polizei vom Gold fern.",„Stirb langsam: Jetzt erst recht“ (1995): Welche Funktion hat Simons (Jeremy Irons) angebliche Bombe in einer Schule?,"Sie soll einen rivalisierenden Räuber töten.","Sie soll eine politische Abstimmung verhindern.","Sie soll einen gefangenen Komplizen befreien.","Sie lenkt die Polizei vom Goldraub ab.","D","Die Schulbedrohung ist Teil der Ablenkung; Simon hat dort keine echte Bombe für seinen behaupteten Massenmord platziert.","Die Drohung nutzt die besondere Dringlichkeit einer Gefahr für Kinder aus. Deshalb durchsucht die Polizei Schulen, während Simons Männer an anderer Stelle handeln können. Der Film lässt McClane und Zeus unter Zeitdruck reagieren, bevor sie den Zusammenhang verstehen. Entscheidend ist, zwischen Simons ausgesprochener Forderung und der tatsächlichen Wirkung seines Vorgehens zu unterscheiden.","Ein rivalisierender Räuber ist nicht das Ziel der Schulbedrohung.","Eine Wahl oder Abstimmung bildet nicht den Zweck dieses Manövers.","Ein inhaftierter Komplize wird durch diese Forderung nicht freigepresst.","Die Schulbedrohung ist Teil der Ablenkung; Simon hat dort keine echte Bombe für seinen behaupteten Massenmord platziert.","Die falsche Schulbombe hält die Polizei vom Gold fern.","Auflösung","https://en.wikipedia.org/wiki/Die_Hard_with_a_Vengeance","redaktionell_geprueft"
"ACT-S-005","K-ACT-03-kanistervier","","de","Film","Action","Stirb langsam: Jetzt erst recht","Die Hard with a Vengeance","1995","Stirb langsam","schwer","Handlung","Raub|Rache|Polizei","Stirb langsam|Polizeifilme|Raubfilme","Drei und fünf Gallonen sind die Werkzeuge, vier Gallonen das Ziel.",„Stirb langsam: Jetzt erst recht“ (1995): Welche Wassermenge müssen McClane (Bruce Willis) und Zeus (Samuel L. Jackson) beim Brunnenrätsel genau abmessen?,"Eine Gallone","Vier Gallonen","Drei Gallonen","Fünf Gallonen","B","Mit einem Drei- und einem Fünf-Gallonen-Behälter sollen sie genau vier Gallonen bereitstellen.","Das Rätsel zwingt die beiden, unter Drohung eines Sprengsatzes ruhig und gemeinsam zu denken. Die vorhandenen Behälter liefern die gesuchte Menge nicht durch einfaches Füllen. Erst gezieltes Umgießen ermöglicht die Lösung. Die Szene macht Zusammenarbeit sichtbar: Körperlicher Mut allein hilft hier nicht, wenn John und Zeus die Aufgabenstellung nicht miteinander durchdringen.","Eine Gallone kann als Zwischenmenge entstehen, ist aber nicht die verlangte Endmenge.","Mit einem Drei- und einem Fünf-Gallonen-Behälter sollen sie genau vier Gallonen bereitstellen.","Drei Gallonen passen direkt in einen Behälter und sind nicht das Rätselziel.","Fünf Gallonen entsprechen dem großen Behälter, nicht der geforderten Menge.","Drei und fünf Gallonen sind die Werkzeuge, vier Gallonen das Ziel.","Handlung","https://en.wikipedia.org/wiki/Die_Hard_with_a_Vengeance","redaktionell_geprueft"
"ACT-S-006","K-ACT-03-aspirin-hinweis","","de","Film","Action","Stirb langsam: Jetzt erst recht","Die Hard with a Vengeance","1995","Stirb langsam","schwer","Handlung","Raub|Rache|Polizei","Stirb langsam|Polizeifilme|Raubfilme","Simons Aspirin verrät die Spur nach Quebec.",„Stirb langsam: Jetzt erst recht“ (1995): Welcher unscheinbare Gegenstand führt McClane (Bruce Willis) zu Simons (Jeremy Irons) Versteck in Kanada?,"Eine Armbanduhr","Ein Parkschein","Ein Casinojeton","Ein Aspirinfläschchen","D","Die Herkunftsangabe auf Simons Aspirinfläschchen weist McClane auf einen Rastplatz in Quebec hin.","Simon gibt dem angeschlagenen McClane etwas gegen seine Kopfschmerzen. Erst später wird die Verpackung zu einer Spur. Der Hinweis führt über die Grenze und widerlegt den Eindruck, die Täter hätten sich endgültig abgesetzt. Die Lösung entsteht aus Aufmerksamkeit für einen kleinen, vorher beiläufig eingeführten Gegenstand statt aus einer neuen technischen Überwachungsmethode.","Eine Uhr liefert nicht die entscheidende Ortsangabe.","Es ist kein Parkschein, sondern die Herkunftsangabe der Tablettenverpackung.","Ein Casinojeton spielt bei der Suche nach dem Versteck keine Rolle.","Die Herkunftsangabe auf Simons Aspirinfläschchen weist McClane auf einen Rastplatz in Quebec hin.","Simons Aspirin verrät die Spur nach Quebec.","Auflösung","https://en.wikipedia.org/wiki/Die_Hard_with_a_Vengeance","redaktionell_geprueft"
"ACT-L-007","K-ACT-04-riggs-darsteller","","de","Film","Action","Lethal Weapon – Zwei stahlharte Profis","Lethal Weapon","1987","Lethal Weapon","leicht","Besetzung","Buddy-Cop|Polizei|Kriegstrauma","Lethal Weapon|Polizeifilme","Mel Gibson spielt Martin Riggs.","„Lethal Weapon – Zwei stahlharte Profis“ (1987): Wer verkörpert Martin Riggs?","Mel Gibson","Kurt Russell","Kevin Costner","Bruce Willis","A","Mel Gibson spielt den unberechenbaren Polizisten Martin Riggs.","Riggs wirkt auf Kollegen gefährlich, weil ihm das eigene Überleben zeitweise wenig bedeutet. Mel Gibson verbindet seine raschen Stimmungsschwankungen mit körperlicher Entschlossenheit. Die Figur braucht daher mehr als einen neuen Auftrag. Ihre Begegnung mit Murtaugh eröffnet die Möglichkeit einer Bindung, die neben dem Kampf gegen Verbrecher auch seinen privaten Lebenswillen verändert.","Mel Gibson spielt den unberechenbaren Polizisten Martin Riggs.","Russell ist nicht der Darsteller des Polizisten Riggs.","Costner spielt nicht Riggs; gefragt ist Mel Gibson.","Willis spielt McClane; Riggs wird von Gibson verkörpert.","Mel Gibson spielt Martin Riggs.","keine","https://en.wikipedia.org/wiki/Lethal_Weapon","redaktionell_geprueft"
"ACT-L-008","K-ACT-04-murtaugh-partner","","de","Film","Action","Lethal Weapon – Zwei stahlharte Profis","Lethal Weapon","1987","Lethal Weapon","leicht","Figur","Buddy-Cop|Polizei|Kriegstrauma","Lethal Weapon|Polizeifilme","Riggs' Partner ist Roger Murtaugh.",„Lethal Weapon – Zwei stahlharte Profis“ (1987): Wie heißt Riggs' (Mel Gibson) erfahrener Partner?,"Axel Foley","John McClane","Roger Murtaugh","Harry Callahan","C","Roger Murtaugh wird Riggs als Partner zugeteilt.","Murtaugh, gespielt von Danny Glover, ist Familienvater und möchte seinen gefährlichen Beruf mit einem geordneten Privatleben vereinbaren. Riggs passt zunächst überhaupt nicht zu dieser Vorstellung. Der Gegensatz ist die Grundlage des Buddy-Cop-Films: Die beiden streiten über Methoden und Grenzen, entwickeln aber gerade durch gemeinsame Belastungen Vertrauen in die Fähigkeiten des anderen.","Axel Foley ist die Hauptfigur von Beverly Hills Cop.","McClane gehört zur Reihe Stirb langsam, nicht zu Riggs' Polizeiteam.","Roger Murtaugh wird Riggs als Partner zugeteilt.","Harry Callahan ist der Ermittler aus Dirty Harry.","Riggs' Partner ist Roger Murtaugh.","keine","https://en.wikipedia.org/wiki/Lethal_Weapon","redaktionell_geprueft"
"ACT-M-007","K-ACT-04-riggs-trauer","","de","Film","Action","Lethal Weapon – Zwei stahlharte Profis","Lethal Weapon","1987","Lethal Weapon","mittel","Motiv","Buddy-Cop|Polizei|Kriegstrauma","Lethal Weapon|Polizeifilme","Riggs' Risikobereitschaft ist auch Ausdruck seiner Trauer.",„Lethal Weapon – Zwei stahlharte Profis“ (1987): Welcher Verlust belastet Riggs (Mel Gibson) zu Beginn besonders?,"Der Tod seiner Ehefrau","Der Mord an seinem Vorgesetzten","Der Tod seines Bruders","Das Verschwinden seines Sohnes","A","Riggs leidet unter dem Tod seiner Frau und hat seinen Lebensmut weitgehend verloren.","Hinter Riggs' riskantem Verhalten steckt nicht nur Freude an Gefahr. Seine Trauer hat die Verbindung zu einem lebenswerten Alltag geschwächt. Murtaugh muss deshalb lernen, den Kollegen weder bloß als verrückt noch als besonders mutig einzuordnen. Die wachsende Freundschaft gibt Riggs einen Platz in einer Gemeinschaft, den seine beruflichen Fähigkeiten allein nicht schaffen können.","Riggs leidet unter dem Tod seiner Frau und hat seinen Lebensmut weitgehend verloren.","Nicht der Tod eines Vorgesetzten, sondern der Verlust seiner Ehefrau belastet ihn.","Ein verstorbener Bruder erklärt seine Krise nicht; er trauert um seine Frau.","Ein vermisster Sohn steht nicht hinter Riggs' Verhalten.","Riggs' Risikobereitschaft ist auch Ausdruck seiner Trauer.","Handlung","https://en.wikipedia.org/wiki/Lethal_Weapon","redaktionell_geprueft"
"ACT-M-008","K-ACT-04-shadow-company","","de","Film","Action","Lethal Weapon – Zwei stahlharte Profis","Lethal Weapon","1987","Lethal Weapon","mittel","Handlung","Buddy-Cop|Polizei|Kriegstrauma","Lethal Weapon|Polizeifilme","Aus der verdeckten Militäreinheit wird ein Drogennetzwerk.","„Lethal Weapon – Zwei stahlharte Profis“ (1987): Welches Geschäft betreibt die aus ehemaligen Militärleuten bestehende Shadow Company?","Schleusung gefälschter Ausweise","Drogenschmuggel","Verkauf gestohlener Rennwagen","Handel mit gestohlenen Gemälden","B","Die ehemalige verdeckte Einheit nutzt ihre Strukturen für Drogenschmuggel.","Riggs und Murtaugh stoßen hinter einem Todesfall auf eine Organisation mit militärischer Vergangenheit. Wissen, Kontakte und Gewaltbereitschaft werden nun für illegale Gewinne eingesetzt. Damit verbindet der Film den Kriminalfall mit Erfahrungen aus dem Vietnamkrieg. Die berufliche Vergangenheit mehrerer Figuren ist kein bloßer Hintergrund, sondern hilft zu erklären, wie die Gruppe funktioniert und erkannt werden kann.","Ausweisfälschung ist nicht das zentrale Verbrechen dieser Gruppe.","Die ehemalige verdeckte Einheit nutzt ihre Strukturen für Drogenschmuggel.","Gestohlene Rennwagen bilden nicht ihre Einnahmequelle.","Kunsthandel ist nicht das Geschäft der Shadow Company.","Aus der verdeckten Militäreinheit wird ein Drogennetzwerk.","Handlung","https://en.wikipedia.org/wiki/Lethal_Weapon","redaktionell_geprueft"
"ACT-S-007","K-ACT-04-quecksilberschalter","","de","Film","Action","Lethal Weapon – Zwei stahlharte Profis","Lethal Weapon","1987","Lethal Weapon","schwer","Technik","Buddy-Cop|Polizei|Kriegstrauma","Lethal Weapon|Polizeifilme","Die Bombenbauweise verrät Riggs eine militärische Spur.",„Lethal Weapon – Zwei stahlharte Profis“ (1987): Was erkennt Riggs (Mel Gibson) in den Trümmern von Dixies (Lycia Naff) Haus als Hinweis auf militärische Spezialisten?,"Teile einer gewöhnlichen Gastherme","Teile einer Quecksilberschalter-Bombe","Reste eines Brandbeschleunigers","Reste eines Feuerwerkskörpers","B","Riggs erkennt spezielle Bombenbestandteile, die er aus verdeckten Kriegseinsätzen kennt.","Dixies Haus explodiert, bevor die Ermittler ihre Informationen nutzen können. In den Trümmern findet Riggs jedoch eine andere Form von Aussage: Die Konstruktion des Sprengsatzes erinnert ihn an bekannte militärische Verfahren. So wird seine Kriegserfahrung im Ermittlungsprozess wichtig. Ein scheinbar vernichteter Hinweisgeber hinterlässt indirekt eine Spur zur Herkunft der Täter.","Eine Gastherme würde eher für einen Unfall sprechen; Riggs erkennt einen Sprengsatz.","Riggs erkennt spezielle Bombenbestandteile, die er aus verdeckten Kriegseinsätzen kennt.","Allgemeine Brandmittel sind nicht der spezifische Hinweis auf den erkannten Bombentyp.","Feuerwerksreste erklären nicht die militärische Verbindung, die Riggs herstellt.","Die Bombenbauweise verrät Riggs eine militärische Spur.","Handlung","https://en.wikipedia.org/wiki/Lethal_Weapon","redaktionell_geprueft"
"ACT-S-008","K-ACT-04-kugel-abschied","","de","Film","Action","Lethal Weapon – Zwei stahlharte Profis","Lethal Weapon","1987","Lethal Weapon","schwer","Motiv","Buddy-Cop|Polizei|Kriegstrauma","Lethal Weapon|Polizeifilme","Die abgegebene Patrone zeigt Riggs' Rückkehr zum Leben.",„Lethal Weapon – Zwei stahlharte Profis“ (1987): Warum übergibt Riggs (Mel Gibson) Murtaugh am Ende eine einzelne Patrone?,"Er braucht die für seinen Suizid aufbewahrte Patrone nicht mehr.","Er liefert den letzten Beweis für den Mord an Amanda.","Er bittet um neue Munition für seine Dienstwaffe.","Er will Murtaugh zur Aufgabe des Polizeidienstes bewegen.","A","Die übergebene Patrone steht für Riggs' Entscheidung, weiterleben zu wollen.","Nach dem Fall besucht Riggs seine verstorbene Frau am Grab und findet Anschluss bei Murtaughs Familie. Die Patrone ist deshalb kein gewöhnliches Geschenk zwischen Polizisten. Sie verweist auf seine frühere Verzweiflung und macht die Veränderung greifbar. Der Abschluss des Films löst damit nicht nur den Kriminalfall, sondern auch einen wesentlichen Teil des persönlichen Konflikts.","Die übergebene Patrone steht für Riggs' Entscheidung, weiterleben zu wollen.","Die Patrone ist kein neu gesichertes Beweisstück für Amandas Tod.","Er verlangt keinen Munitionsnachschub; er gibt ein persönliches Symbol ab.","Murtaughs Berufsausstieg ist nicht die Botschaft; Riggs bekräftigt seinen eigenen Lebenswillen.","Die abgegebene Patrone zeigt Riggs' Rückkehr zum Leben.","Auflösung","https://en.wikipedia.org/wiki/Lethal_Weapon","redaktionell_geprueft"
"ACT-L-009","K-ACT-05-leo-getz","","de","Film","Action","Lethal Weapon 2 – Brennpunkt L.A.","Lethal Weapon 2","1989","Lethal Weapon","leicht","Figur","Buddy-Cop|Polizei|Organisierte Kriminalität","Lethal Weapon|Polizeifilme","Leo Getz verbindet Zeugenschutz mit dem Geldwäschefall.",„Lethal Weapon 2 – Brennpunkt L.A.“ (1989): Welchen redseligen Zeugen sollen Riggs (Mel Gibson) und Murtaugh beschützen?,"Jack Travis","Leo Getz","Pieter Vorstedt","Arjen Rudd","B","Leo Getz wird den beiden als gefährdeter Zeuge anvertraut.","Joe Pesci spielt Getz als nervösen Mann, dessen Redefluss die Geduld der Ermittler strapaziert. Seine Rolle wirkt zunächst wie eine lästige Nebenaufgabe. Doch seine Erfahrungen mit Geldwäsche verbinden ihn unmittelbar mit dem Fall. Der Schutz eines scheinbar unbedeutenden Zeugen wird dadurch zu einem Zugang in die Finanzstrukturen der gesuchten Täter.","Travis ist ein Gegner des dritten Films; der Zeuge hier heißt Getz.","Leo Getz wird den beiden als gefährdeter Zeuge anvertraut.","Vorstedt arbeitet als gewalttätiger Helfer der Täter.","Rudd ist der diplomatisch geschützte Gegenspieler, nicht der Schutzbefohlene.","Leo Getz verbindet Zeugenschutz mit dem Geldwäschefall.","Handlung","https://en.wikipedia.org/wiki/Lethal_Weapon_2","redaktionell_geprueft"
"ACT-L-010","K-ACT-05-suedafrika","","de","Film","Action","Lethal Weapon 2 – Brennpunkt L.A.","Lethal Weapon 2","1989","Lethal Weapon","leicht","Schauplatz","Buddy-Cop|Polizei|Organisierte Kriminalität","Lethal Weapon|Polizeifilme","Rudds Gruppe nutzt südafrikanische Diplomatenprivilegien.","„Lethal Weapon 2 – Brennpunkt L.A.“ (1989): Die Gegenspieler nutzen diplomatische Vertretungen welches Landes?","Brasiliens","Südafrikas","Australiens","Kanadas","B","Arjen Rudd und seine Mitarbeiter berufen sich auf ihre südafrikanische diplomatische Stellung.","Die Täter bewegen sich nicht bloß im Verborgenen, sondern beanspruchen einen offiziellen Schutzstatus. Das bringt die Ermittler in einen Konflikt zwischen Verdacht und zulässigem Zugriff. Der Film bindet die Kriminalhandlung zugleich an das damalige Apartheidregime. Die Herkunft ist daher nicht austauschbare Dekoration, sondern prägt Auftreten, politische Haltung und Machtanspruch der Gegenspieler.","Brasilien spielt diese diplomatische Rolle nicht.","Arjen Rudd und seine Mitarbeiter berufen sich auf ihre südafrikanische diplomatische Stellung.","Australien ist nicht das von Rudd vertretene Land.","Kanadische Diplomaten sind nicht die geschützten Gegenspieler.","Rudds Gruppe nutzt südafrikanische Diplomatenprivilegien.","Handlung","https://en.wikipedia.org/wiki/Lethal_Weapon_2","redaktionell_geprueft"
"ACT-M-009","K-ACT-05-toilettenbombe","","de","Film","Action","Lethal Weapon 2 – Brennpunkt L.A.","Lethal Weapon 2","1989","Lethal Weapon","mittel","Handlung","Buddy-Cop|Polizei|Organisierte Kriminalität","Lethal Weapon|Polizeifilme","Die Toilettenbombe macht aus Alltagspeinlichkeit einen Freundschaftstest.","„Lethal Weapon 2 – Brennpunkt L.A.“ (1989): Wo entdeckt Murtaugh eine gegen ihn gerichtete Bombe?","Unter seiner Toilette","Im Motor seines Dienstwagens","Unter dem Esstisch seines Partners","In seinem Fernseher","A","Murtaugh sitzt auf einer mit einem Sprengsatz versehenen Toilette fest.","Der Anschlag dringt in Murtaughs privaten Rückzugsraum ein. Aus einer alltäglichen Situation wird eine Falle, in der jede falsche Bewegung gefährlich sein könnte. Riggs bleibt bei ihm, obwohl ein Rückzug möglich wäre. Der Humor der Szene beruht auf der peinlichen Lage, ihre emotionale Wirkung aber auf der inzwischen gewachsenen Loyalität zwischen den Partnern.","Murtaugh sitzt auf einer mit einem Sprengsatz versehenen Toilette fest.","Der gezeigte Sprengsatz befindet sich im Bad und nicht am Auto.","Ein Esstisch spielt bei diesem Anschlag keine Rolle.","Der Fernseher ist nicht die Falle, aus der Riggs ihn befreit.","Die Toilettenbombe macht aus Alltagspeinlichkeit einen Freundschaftstest.","Handlung","https://en.wikipedia.org/wiki/Lethal_Weapon_2","redaktionell_geprueft"
"ACT-M-010","K-ACT-05-leo-geldwaesche","","de","Film","Action","Lethal Weapon 2 – Brennpunkt L.A.","Lethal Weapon 2","1989","Lethal Weapon","mittel","Motiv","Buddy-Cop|Polizei|Organisierte Kriminalität","Lethal Weapon|Polizeifilme","Getz wird wegen seines Wissens über Geldwäsche zum wichtigen Zeugen.",„Lethal Weapon 2 – Brennpunkt L.A.“ (1989): Warum kennen die Täter den geschützten Zeugen Leo Getz (Joe Pesci)?,"Er hat ihre diplomatischen Pässe gedruckt.","Er hat für sie Geld gewaschen.","Er hat ihre Waffen entworfen.","Er hat ihre Flugzeuge gesteuert.","B","Getz war an der Verschleierung illegaler Geldströme beteiligt.","Getz ist kein zufälliger Augenzeuge. Als Finanzfachmann kennt er Abläufe, die aus kriminellen Einnahmen scheinbar legitimes Geld machen. Genau dieses Wissen gefährdet ihn und hilft den Ermittlern. Die Figur verbindet somit komische Überforderung mit einem nachvollziehbaren Grund für ihre Bedeutung: Er kann die wirtschaftliche Seite des Verbrechens erklären, die mit Gewalt allein nicht sichtbar wird.","Seine Kenntnisse betreffen Geldwäsche, nicht den Druck von Pässen.","Getz war an der Verschleierung illegaler Geldströme beteiligt.","Waffenkonstruktion gehört nicht zu Getz' Tätigkeit.","Er ist kein Pilot des Netzwerks, sondern mit dessen Finanzen vertraut.","Getz wird wegen seines Wissens über Geldwäsche zum wichtigen Zeugen.","Handlung","https://en.wikipedia.org/wiki/Lethal_Weapon_2","redaktionell_geprueft"
"ACT-S-009","K-ACT-05-vorstedt-riggs-frau","","de","Film","Action","Lethal Weapon 2 – Brennpunkt L.A.","Lethal Weapon 2","1989","Lethal Weapon","schwer","Beziehung","Buddy-Cop|Polizei|Organisierte Kriminalität","Lethal Weapon|Polizeifilme","Der Anschlag galt Riggs, traf aber seine Frau.",„Lethal Weapon 2 – Brennpunkt L.A.“ (1989): Welche Enthüllung macht Vorstedt über den Tod von Riggs' (Mel Gibson) Frau?,"Sie starb bei einem Überfall auf Getz' Büro.","Sie verunglückte während einer geheimen Polizeimission.","Sie starb bei einem Anschlag, der eigentlich Riggs galt.","Sie wurde von Rudd bei einer Verfolgung überfahren.","C","Vorstedt erklärt, dass der vermeintliche Unfall ein fehlgeschlagener Anschlag auf Riggs war.","Der zweite Film verbindet Riggs' bekannten Verlust nachträglich mit dem aktuellen Gegner. Vorstedts Erklärung macht aus persönlicher Trauer zusätzlich einen Anlass für Zorn. Für die Figur bricht damit die Trennung zwischen abgeschlossenem Privatleben und gegenwärtigem Fall zusammen. Die Enthüllung ist deshalb bedeutsam, weil sie seine Beziehung zur eigenen Vergangenheit verändert.","Ein Überfall auf Getz' Arbeitsplatz war nicht der Anlass.","Eine geheime Mission seiner Frau ist nicht die Erklärung.","Vorstedt erklärt, dass der vermeintliche Unfall ein fehlgeschlagener Anschlag auf Riggs war.","Vorstedt beschreibt einen gezielten Anschlag auf Riggs, nicht eine zufällige Verfolgung durch Rudd.","Der Anschlag galt Riggs, traf aber seine Frau.","Auflösung","https://en.wikipedia.org/wiki/Lethal_Weapon_2","redaktionell_geprueft"
"ACT-S-010","K-ACT-05-riggs-schulter","","de","Film","Action","Lethal Weapon 2 – Brennpunkt L.A.","Lethal Weapon 2","1989","Lethal Weapon","schwer","Handlung","Buddy-Cop|Polizei|Organisierte Kriminalität","Lethal Weapon|Polizeifilme","Die ausgerenkte Schulter ermöglicht Riggs die Befreiung unter Wasser.","„Lethal Weapon 2 – Brennpunkt L.A.“ (1989): Wie befreit sich Riggs (Mel Gibson), nachdem er gefesselt ins Wasser geworfen wurde?","Er wartet, bis Murtaugh ihn mit Tauchgerät erreicht.","Er löst die Fesseln mit einem versteckten Dietrich.","Er renkt seine Schulter aus und windet sich frei.","Er sägt die Fesseln an einem versenkten Gitter durch.","C","Riggs nutzt seine zuvor gezeigte Fähigkeit, die Schulter auszurenken, um sich zu befreien.","Die besondere Beweglichkeit wird nicht erst in der lebensgefährlichen Situation eingeführt. Der Film hat bereits gezeigt, dass Riggs seine Schulter ausrenken kann. Unter Wasser wird aus dieser auffälligen Eigenheit eine Rettungsmöglichkeit. Der Ablauf belohnt Aufmerksamkeit für eine frühere Szene und verbindet eine körperliche Besonderheit mit einem späteren Wendepunkt der Handlung.","Murtaugh führt hier keinen Taucheinsatz zur Befreiung durch.","Ein verstecktes Werkzeug löst die Fesseln nicht; entscheidend ist Riggs' Schulter.","Riggs nutzt seine zuvor gezeigte Fähigkeit, die Schulter auszurenken, um sich zu befreien.","Ein Gitter dient nicht als Säge; Riggs verändert die Stellung seines Arms.","Die ausgerenkte Schulter ermöglicht Riggs die Befreiung unter Wasser.","Auflösung","https://www.imdb.com/title/tt0097733/goofs/?item=gf0922646|https://en.wikipedia.org/wiki/Lethal_Weapon_2","redaktionell_geprueft"
"ACT-L-011","K-ACT-06-fuenfzig","","de","Film","Action","Speed","Speed","1994","Speed","leicht","Technik","Geiselnahme|Verfolgungsjagd|Polizei","Speed|Polizeifilme","Unter 50 Meilen pro Stunde droht die Explosion.","„Speed“ (1994): Unter welche Geschwindigkeit darf der Bus nach Aktivierung der Bombe nicht fallen?","70 Meilen pro Stunde","90 Meilen pro Stunde","50 Meilen pro Stunde","30 Meilen pro Stunde","C","Die scharf geschaltete Bombe soll detonieren, sobald der Bus langsamer als 50 Meilen pro Stunde fährt.","Die Regel verwandelt alltägliche Verkehrshindernisse in lebensgefährliche Probleme. Ampeln, Kurven und Staus können nicht einfach durch Anhalten bewältigt werden. Jack Traven muss daher zugleich die Bombe und den Fahrweg im Blick behalten. Die Geschwindigkeit ist hier keine beliebige Zahl, sondern die zentrale Bedingung, aus der fast alle Entscheidungen der Buspassagiere folgen.","70 Meilen pro Stunde sind nicht die festgelegte Mindestgeschwindigkeit.","90 Meilen pro Stunde werden nicht als notwendige Untergrenze verlangt.","Die scharf geschaltete Bombe soll detonieren, sobald der Bus langsamer als 50 Meilen pro Stunde fährt.","30 Meilen pro Stunde liegen bereits unter der gefährlichen Grenze.","Unter 50 Meilen pro Stunde droht die Explosion.","Handlung","https://catalog.afi.com/Film/60242-SPEED|https://www.imdb.com/title/tt0111257/plotsummary/","redaktionell_geprueft"
"ACT-L-012","K-ACT-06-annie-darstellerin","","de","Film","Action","Speed","Speed","1994","Speed","leicht","Besetzung","Geiselnahme|Verfolgungsjagd|Polizei","Speed|Polizeifilme","Sandra Bullock hält als Annie den Bus in Bewegung.","„Speed“ (1994): Wer spielt Annie Porter, die am Steuer des Busses einspringt?","Meg Ryan","Sandra Bullock","Julia Roberts","Jodie Foster","B","Sandra Bullock spielt Annie, die nach der Verletzung des Fahrers den Bus übernimmt.","Annie ist keine ausgebildete Spezialistin, die auf einen Rettungseinsatz gewartet hat. Sie wird während einer gewöhnlichen Fahrt in die Verantwortung gedrängt. Sandra Bullock verbindet ihre Angst mit Entschlossenheit und trockenem Humor. Während Jack sich um die technische Bedrohung kümmert, muss Annie fortlaufend konkrete Entscheidungen treffen, von denen alle im Bus abhängen.","Meg Ryan spielt Annie nicht; Bullock ist Keanu Reeves' Partnerin in diesem Film.","Sandra Bullock spielt Annie, die nach der Verletzung des Fahrers den Bus übernimmt.","Julia Roberts ist nicht die Fahrerin Annie; diese Rolle spielt Bullock.","Jodie Foster übernimmt nicht die Rolle am Bussteuer.","Sandra Bullock hält als Annie den Bus in Bewegung.","keine","https://catalog.afi.com/Film/60242-SPEED|https://www.imdb.com/title/tt0111257/plotsummary/","redaktionell_geprueft"
"ACT-M-011","K-ACT-06-payne-beruf","","de","Film","Action","Speed","Speed","1994","Speed","mittel","Figur","Geiselnahme|Verfolgungsjagd|Polizei","Speed|Polizeifilme","Payne setzt Wissen aus dem Bombenräumdienst gegen die Polizei ein.",„Speed“ (1994): Welchen Beruf hatte Bombenleger Howard Payne (Dennis Hopper) früher?,"Polizist beim Bombenräumdienst","Pilot einer Frachtfluggesellschaft","Sicherheitschef einer Bank","Ingenieur beim U-Bahn-Bau","A","Payne war selbst Polizist und arbeitete mit Sprengsätzen.","Dennis Hopper spielt keinen Gegner, der sein Wissen erst während des Überfalls erwirbt. Payne kennt Polizeiarbeit und Bombentechnik aus eigener Erfahrung. Seine Verbitterung verbindet Fachwissen mit einem persönlichen Anspruch auf Geld und Anerkennung. Für Jack wird der Fall deshalb besonders schwierig: Der Erpresser kann viele übliche Reaktionen seiner früheren Kollegen vorhersehen.","Payne war selbst Polizist und arbeitete mit Sprengsätzen.","Ein Pilotenberuf erklärt nicht Paynes Polizeiwissen; er war Bombenspezialist.","Eine Bank leitete seine Sicherheit nicht; seine Vergangenheit liegt bei der Polizei.","Er war nicht als U-Bahn-Ingenieur tätig; die Bahn wird erst später sein Fluchtmittel.","Payne setzt Wissen aus dem Bombenräumdienst gegen die Polizei ein.","Handlung","https://catalog.afi.com/Film/60242-SPEED|https://www.imdb.com/title/tt0111257/plotsummary/","redaktionell_geprueft"
"ACT-M-012","K-ACT-06-harry-beinschuss","","de","Film","Action","Speed","Speed","1994","Speed","mittel","Handlung","Geiselnahme|Verfolgungsjagd|Polizei","Speed|Polizeifilme","Jack macht Harry zur unpraktischen Geisel, um ihn zu retten.",„Speed“ (1994): Warum schießt Jack (Keanu Reeves) zu Beginn seinem Partner Harry (Jeff Daniels) ins Bein?,"Damit Harry eine Bombe nicht weiter entschärfen kann.","Damit Harry als Verräter vor Gericht gestellt wird.","Damit der Geiselnehmer Harry als Belastung loslässt.","Damit Harry unbemerkt ein Funksignal aussendet.","C","Jack verletzt Harry gezielt, um dessen Wert als bewegliche Geisel zu verringern.","Die Aufzugssituation führt früh vor, wie radikal Jack unter Druck entscheidet. Sein Schuss richtet sich gegen einen Verbündeten, soll aber dessen Überleben ermöglichen. Dadurch wird die spätere Busrettung vorbereitet: Jack folgt nicht einfach einer Routine, sondern verändert die Bedingungen, unter denen der Gegner die Kontrolle zu besitzen glaubt.","Harrys Arbeit an einer Bombe soll dadurch nicht sabotiert werden.","Harry wird nicht als Verräter enttarnt; Jack handelt zu seiner Rettung.","Jack verletzt Harry gezielt, um dessen Wert als bewegliche Geisel zu verringern.","Der Schuss ist kein technischer Auslöser für ein Funkgerät.","Jack macht Harry zur unpraktischen Geisel, um ihn zu retten.","Handlung","https://catalog.afi.com/Film/60242-SPEED|https://www.imdb.com/title/tt0111257/plotsummary/","redaktionell_geprueft"
"ACT-S-011","K-ACT-06-videoschleife","","de","Film","Action","Speed","Speed","1994","Speed","schwer","Technik","Geiselnahme|Verfolgungsjagd|Polizei","Speed|Polizeifilme","Die Videoschleife macht Überwachung zur falschen Sicherheit.",„Speed“ (1994): Wie täuscht die Polizei Payne (Dennis Hopper) beim Verlassen des Busses?,"Sie blendet Payne dauerhaft mit einem Lasersignal.","Sie setzt einen Schauspieler als Jack vor die Kamera.","Sie ersetzt das Kamerabild durch eine aufgezeichnete Schleife.","Sie erzeugt ein künstliches Bild eines zweiten Busses.","C","Eine wiederholte Aufnahme lässt Payne glauben, die Passagiere befänden sich weiterhin im Bus.","Jack entdeckt, dass Payne nicht nur Fernsehberichte verfolgt, sondern ein eigenes Bild aus dem Bus erhält. Die Polizei nutzt diese Überwachung nun gegen ihn. Eine kurze Aufnahme läuft wiederholt, während die Menschen evakuiert werden. Der Trick funktioniert, weil Payne seinem technischen Blick vertraut und die gezeigte Situation zunächst für gegenwärtig hält.","Paynes Empfang wird nicht einfach geblendet, weil er dann die Manipulation bemerken könnte.","Ein Darsteller ersetzt Jack nicht; vorhandene Bilder werden wiederholt.","Eine wiederholte Aufnahme lässt Payne glauben, die Passagiere befänden sich weiterhin im Bus.","Die Täuschung nutzt eine reale Aufnahme desselben Busses, kein computergeneriertes Ersatzfahrzeug.","Die Videoschleife macht Überwachung zur falschen Sicherheit.","Handlung","https://catalog.afi.com/Film/60242-SPEED|https://www.imdb.com/title/tt0111257/plotsummary/","redaktionell_geprueft"
"ACT-S-012","K-ACT-06-zug-beschleunigen","","de","Film","Action","Speed","Speed","1994","Speed","schwer","Handlung","Geiselnahme|Verfolgungsjagd|Polizei","Speed|Polizeifilme","Jack erzwingt die Entgleisung durch Beschleunigen.","„Speed“ (1994): Welche riskante Entscheidung trifft Jack (Keanu Reeves), als der U-Bahn-Zug nicht mehr zu bremsen ist?","Er schaltet das gesamte Stromnetz der Stadt ab.","Er beschleunigt ihn gezielt, um ihn entgleisen zu lassen.","Er koppelt die Lok ab und springt mit Annie heraus.","Er lässt den Zug kontrolliert in einen Fluss fahren.","B","Jack erhöht die Geschwindigkeit und erzwingt eine Entgleisung, statt weiter vergeblich zu bremsen.","Nach der Busrettung verlagert sich die Gefahr unter die Stadt. Annie ist gefesselt, und ein gewöhnlicher Ausstieg ist nicht möglich. Jack entscheidet sich deshalb für einen ungewöhnlichen Ausweg über eine Entgleisung. Das Finale variiert die Leitidee des Films: Geschwindigkeit muss verstanden und eingesetzt werden, nicht lediglich möglichst schnell verringert werden.","Ein stadtweiter Stromausfall ist nicht die Maßnahme, die er durchführt.","Jack erhöht die Geschwindigkeit und erzwingt eine Entgleisung, statt weiter vergeblich zu bremsen.","Jack kann nicht einfach eine Lok abkoppeln und Annie herausführen; sie ist gefesselt.","Ein Fluss ist nicht das gewählte Ziel des Zuges.","Jack erzwingt die Entgleisung durch Beschleunigen.","Auflösung","https://catalog.afi.com/Film/60242-SPEED|https://www.imdb.com/title/tt0111257/plotsummary/","redaktionell_geprueft"
"ACT-L-013","K-ACT-07-alcatraz","","de","Film","Action","The Rock – Entscheidung auf Alcatraz","The Rock","1996","","leicht","Schauplatz","Geiselnahme|Militär|Chemiewaffen","Militäraction|Rettungsmissionen","Alcatraz wird vom Touristenziel zur Raketenbasis.","„The Rock“ (1996): Auf welcher ehemaligen Gefängnisinsel verschanzt sich General Hummel (Ed Harris)?","Alcatraz","Rikers Island","Robben Island","Devil's Island","A","General Hummels Männer besetzen Alcatraz in der Bucht von San Francisco.","General Francis Hummel (Ed Harris) besetzt Alcatraz, nimmt Touristen als Geiseln und bedroht San Francisco mit Giftgasraketen. Stanley Goodspeed (Nicolas Cage) kennt die chemischen Waffen, braucht aber Hilfe beim Zugang zur Insel. John Mason (Sean Connery) war dort inhaftiert und konnte entkommen. Deshalb ergänzen sich die beiden: Goodspeed bringt das Fachwissen über das Gift mit, Mason die Erfahrung mit dem früheren Gefängnis.","General Hummels Männer besetzen Alcatraz in der Bucht von San Francisco.","Rikers Island liegt nicht in der Bucht von San Francisco und ist nicht der Schauplatz.","Robben Island gehört zu Südafrika; Hummels Basis ist Alcatraz.","Devil's Island ist nicht die besetzte amerikanische Gefängnisinsel.","Alcatraz wird vom Touristenziel zur Raketenbasis.","keine","https://www.disneyplus.com/de-lu/browse/entity-910adddc-aae6-42ea-a8ec-d85cdebe8022","redaktionell_geprueft"
"ACT-L-014","K-ACT-07-goodspeed-darsteller","","de","Film","Action","The Rock – Entscheidung auf Alcatraz","The Rock","1996","","leicht","Besetzung","Geiselnahme|Militär|Chemiewaffen","Militäraction|Rettungsmissionen","Nicolas Cage ist der Chemiker, Sean Connery der Ausbruchsexperte.","„The Rock – Entscheidung auf Alcatraz“ (1996): Wer spielt den Chemiespezialisten Stanley Goodspeed?","John Travolta","Nicolas Cage","Ed Harris","Sean Connery","B","Nicolas Cage verkörpert den FBI-Chemiker Stanley Goodspeed.","Goodspeed ist hervorragend ausgebildet, aber kein abgebrühter Sturmtruppkämpfer. Nicolas Cage macht seine Nervosität zu einem wichtigen Teil der Figur. Seine Kenntnisse werden dennoch unverzichtbar, weil die Bedrohung nicht allein durch Schüsse beseitigt werden kann. Das Zusammenspiel mit dem erfahrenen Mason verbindet fachliche Kompetenz und praktische Überlebensroutine, die keinem von beiden vollständig allein zur Verfügung stehen.","Travolta spielt nicht Goodspeed; Cage verkörpert den Chemiker.","Nicolas Cage verkörpert den FBI-Chemiker Stanley Goodspeed.","Harris spielt General Hummel, also den Anführer der Besetzer.","Connery spielt John Mason, den älteren Begleiter Goodspeeds.","Nicolas Cage ist der Chemiker, Sean Connery der Ausbruchsexperte.","keine","https://d23.com/a-to-z/rock-the-film/|https://en.wikipedia.org/wiki/The_Rock_(film)","redaktionell_geprueft"
"ACT-M-013","K-ACT-07-mason-geheimdienst","","de","Film","Action","The Rock – Entscheidung auf Alcatraz","The Rock","1996","","mittel","Figur","Geiselnahme|Militär|Chemiewaffen","Militäraction|Rettungsmissionen","Masons frühere Flucht macht den heutigen Zugang möglich.",„The Rock – Entscheidung auf Alcatraz“ (1996): Warum wird John Mason (Sean Connery) für den Einsatz hinzugezogen?,"Er ist der frühere Kommandant von Hummels Einheit.","Er hat alle Geiseln zuvor als Informanten geführt.","Er kennt einen Weg durch Alcatraz aus seiner Flucht.","Er hat die gestohlenen Raketen selbst gebaut.","C","Mason war in Alcatraz gefangen und ist aus dem Gefängnis entkommen; seine Kenntnisse ermöglichen den Zugang.","Mason, gespielt von Sean Connery, besitzt Wissen, das die Behörden trotz langer Gefangenschaft benötigen. Seine Hilfe ist jedoch nicht selbstverständlich, weil er dem Staat misstraut. Der Einsatz beruht somit auf einer widersprüchlichen Beziehung: Dieselbe Institution, die ihn verborgen festhielt, muss ihm nun Bewegungsfreiheit und Verantwortung geben, um andere Menschen zu retten.","Er ist nicht Hummels früherer Truppenchef.","Die Geiseln sind Touristen, nicht Masons ehemaliges Informantennetz.","Mason war in Alcatraz gefangen und ist aus dem Gefängnis entkommen; seine Kenntnisse ermöglichen den Zugang.","Die Raketen stammen nicht aus Masons Entwicklung; sein Wissen betrifft die Insel.","Masons frühere Flucht macht den heutigen Zugang möglich.","Handlung","https://en.wikipedia.org/wiki/The_Rock_(film)","redaktionell_geprueft"
"ACT-M-014","K-ACT-07-hummel-entschaedigung","","de","Film","Action","The Rock – Entscheidung auf Alcatraz","The Rock","1996","","mittel","Motiv","Geiselnahme|Militär|Chemiewaffen","Militäraction|Rettungsmissionen","Hummel will Gerechtigkeit für Hinterbliebene mit verbrecherischen Mitteln erzwingen.",„The Rock – Entscheidung auf Alcatraz“ (1996): Was will Hummel (Ed Harris) mit seiner Erpressung vor allem erreichen?,"Die Freilassung verurteilter Bankräuber","Seine Ernennung zum Verteidigungsminister","Den Verkauf von Alcatraz an einen Privatkonzern","Entschädigung für Familien gefallener Soldaten","D","Hummel verlangt Geld für Hinterbliebene von Soldaten, deren Einsätze offiziell verschwiegen wurden.","Hummel wird als Mann mit einem nachvollziehbaren Unrechtsempfinden, aber verheerenden Mitteln gezeigt. Er will vergessenen Soldaten und ihren Familien Anerkennung verschaffen. Die Bedrohung Unbeteiligter widerspricht jedoch diesem moralischen Anspruch. Daraus entsteht ein Konflikt innerhalb seines Teams, weil nicht alle Beteiligten dieselben Grenzen oder Beweggründe für den Einsatz teilen.","Die Befreiung von Bankräubern ist nicht sein Ziel.","Ein politisches Ministeramt ist nicht seine Forderung.","Ein Immobiliengeschäft erklärt den Angriff nicht; es geht um Soldatenfamilien.","Hummel verlangt Geld für Hinterbliebene von Soldaten, deren Einsätze offiziell verschwiegen wurden.","Hummel will Gerechtigkeit für Hinterbliebene mit verbrecherischen Mitteln erzwingen.","Handlung","https://en.wikipedia.org/wiki/The_Rock_(film)","redaktionell_geprueft"
"ACT-S-013","K-ACT-07-hummel-rakete-ablenken","","de","Film","Action","The Rock – Entscheidung auf Alcatraz","The Rock","1996","","schwer","Motiv","Geiselnahme|Militär|Chemiewaffen","Militäraction|Rettungsmissionen","Hummel droht mit dem Massenmord, kann ihn aber nicht verantworten.",„The Rock – Entscheidung auf Alcatraz“ (1996): Warum lenkt Hummel (Ed Harris) eine bereits gestartete Rakete ins Meer?,"Er hält die Rakete für eine Attrappe ohne Gefechtskopf.","Er soll damit einen Zugangstunnel zur Insel freisprengen.","Er will die angekündigte Massentötung nicht wirklich ausführen.","Er will ein heimliches U-Boot der Regierung versenken.","C","Hummel schreckt vor der tatsächlichen Tötung der Zivilbevölkerung zurück und korrigiert den Kurs.","Die Rakete macht aus der Drohung eine unmittelbar bevorstehende Tat. Hummel entscheidet sich dagegen, seine angeblichen Druckmittel bis zum Ende einzusetzen. Damit verliert er vor skrupelloseren Männern seiner Gruppe Autorität. Die Szene trennt sein Erpressungsmotiv von echter Bereitschaft zum Massenmord und führt zum inneren Zerfall der gemeinsamen Operation.","Er weiß um die tödliche Bedrohung und lenkt gerade deshalb ab.","Die Kursänderung dient keinem Tunnelbau, sondern dem Schutz der Stadt.","Hummel schreckt vor der tatsächlichen Tötung der Zivilbevölkerung zurück und korrigiert den Kurs.","Ein U-Boot ist nicht das neue Ziel; Hummel will Opfer verhindern.","Hummel droht mit dem Massenmord, kann ihn aber nicht verantworten.","Auflösung","https://en.wikipedia.org/wiki/The_Rock_(film)","redaktionell_geprueft"
"ACT-S-014","K-ACT-07-atropin","","de","Film","Action","The Rock – Entscheidung auf Alcatraz","The Rock","1996","","schwer","Technik","Geiselnahme|Militär|Chemiewaffen","Militäraction|Rettungsmissionen","Goodspeeds Notfallspritze enthält im Film Atropin.",„The Rock – Entscheidung auf Alcatraz“ (1996): Was benutzt Goodspeed (Nicolas Cage) nach seiner gefährlichen Berührung mit dem Nervenkampfstoff?,"Eine Adrenalin-Tablette","Ein Antibiotika-Pulver","Eine Insulinspritze","Eine Atropin-Injektion","D","Goodspeed injiziert sich im Film Atropin aus seiner Notfallausrüstung.","Die chemische Bedrohung bleibt im Finale nicht abstrakt. Goodspeed muss sein Fachwissen in einer Situation anwenden, in der er selbst gefährdet ist. Die bereitgehaltene Spritze zeigt, dass seine Vorbereitung ebenso wichtig ist wie Masons Kampferfahrung. Gefragt ist die im Film gezeigte Handlung, nicht eine vollständige medizinische Anleitung zum Umgang mit realen Kampfstoffen.","Eine Adrenalin-Tablette ist nicht das gezeigte Mittel aus der Ausrüstung.","Ein Antibiotikum ist nicht die im Film verwendete Injektion.","Insulin wird hier nicht eingesetzt; diese Verwechslung betrifft ein anderes Medikament.","Goodspeed injiziert sich im Film Atropin aus seiner Notfallausrüstung.","Goodspeeds Notfallspritze enthält im Film Atropin.","Handlung","https://assets.scriptslug.com/live/pdf/scripts/the-rock-1996.pdf|https://en.wikipedia.org/wiki/The_Rock_(film)","redaktionell_geprueft"
"ACT-L-015","K-ACT-08-poe-ranger","","de","Film","Action","Con Air","Con Air","1997","","leicht","Figur","Gefängnis|Luftfahrt|Heimkehr","Militäraction|Rettungsmissionen","Poe ist ein ehemaliger Ranger auf dem Weg nach Hause.",„Con Air“ (1997): Welchen militärischen Hintergrund hat Cameron Poe (Nicolas Cage)?,"Er war Army Ranger.","Er war U-Boot-Kommandant.","Er war Marinearzt.","Er war Kampfpilot.","A","Poe ist ein ehemaliger Army Ranger, der nach seiner Haft zu seiner Familie zurückkehren möchte.","Cameron Poe besitzt Fähigkeiten, die ihn im entführten Flugzeug von vielen anderen Passagieren unterscheiden. Seine militärische Vergangenheit erklärt seine körperliche Selbstkontrolle und seine Erfahrung mit Gefahr. Gleichzeitig will er gerade kein neues Abenteuer beginnen. Der Konflikt entsteht zwischen dem Wunsch, endlich nach Hause zu kommen, und der Verantwortung für andere Menschen an Bord.","Poe ist ein ehemaliger Army Ranger, der nach seiner Haft zu seiner Familie zurückkehren möchte.","Poe stammt nicht aus einem U-Boot-Kommando.","Ein medizinischer Dienstgrad ist nicht seine gezeigte Vergangenheit.","Er ist nicht der Pilot des Gefangenentransporters.","Poe ist ein ehemaliger Ranger auf dem Weg nach Hause.","keine","https://en.wikipedia.org/wiki/Con_Air","redaktionell_geprueft"
"ACT-L-016","K-ACT-08-gefangenentransport","","de","Film","Action","Con Air","Con Air","1997","","leicht","Schauplatz","Gefängnis|Luftfahrt|Heimkehr","Militäraction|Rettungsmissionen","Con Air macht einen Gefangenentransport zur Flugzeugentführung.","„Con Air“ (1997): Welches Fahrzeug übernehmen die ausbrechenden Häftlinge?","Einen Personenzug","Eine Küstenfähre","Einen gepanzerten Geldtransporter","Ein Gefangenentransportflugzeug","D","Die Häftlinge bringen ein Flugzeug für Gefangenentransporte unter ihre Kontrolle.","Die Gefangenen sind zunächst getrennt, bewacht und an festgelegte Abläufe gebunden. Ihre Übernahme des Transporters kehrt diese Ordnung um. Cameron Poe muss zwischen den Tätern unauffällig bleiben, während die Behörden am Boden nur begrenzt wissen, was an Bord geschieht. Die Flugroute wird damit zum gemeinsamen Problem von heimlicher Hilfe im Inneren und Verfolgung von außen.","Die Handlung spielt überwiegend an Bord eines Flugzeugs, nicht in einem Zug.","Eine Fähre wird in diesem Film nicht als Fluchtfahrzeug übernommen.","Der zentrale Transporter trägt Gefangene, kein Bankgeld.","Die Häftlinge bringen ein Flugzeug für Gefangenentransporte unter ihre Kontrolle.","Con Air macht einen Gefangenentransport zur Flugzeugentführung.","keine","https://en.wikipedia.org/wiki/Con_Air","redaktionell_geprueft"
"ACT-M-015","K-ACT-08-cyrus","","de","Film","Action","Con Air","Con Air","1997","","mittel","Figur","Gefängnis|Luftfahrt|Heimkehr","Militäraction|Rettungsmissionen","Cyrus organisiert den Ausbruch, Poe arbeitet verdeckt dagegen.","„Con Air“ (1997): Wer plant und führt den Ausbruch an Bord an?","Vince Larkin","Duncan Malloy","Cyrus Grissom","Cameron Poe","C","Cyrus Grissom, genannt Cyrus the Virus, organisiert die Übernahme des Flugzeugs.","John Malkovich spielt Cyrus als überlegten, zugleich äußerst gewalttätigen Anführer. Er versucht unterschiedliche Verbrecher für einen gemeinsamen Fluchtplan zu nutzen. Poe kann ihn nicht offen herausfordern, ohne seine eigene Lage zu verschlechtern. Deshalb besteht ein großer Teil seiner Gegenwehr darin, die Planung zu stören und Informationen nach außen gelangen zu lassen.","Larkin ist der Marshal, der Poes Hilfsversuche erkennt.","Malloy gehört zur Strafverfolgung, nicht zur Leitung des Ausbruchs.","Cyrus Grissom, genannt Cyrus the Virus, organisiert die Übernahme des Flugzeugs.","Poe sabotiert den Plan heimlich, statt ihn anzuführen.","Cyrus organisiert den Ausbruch, Poe arbeitet verdeckt dagegen.","Handlung","https://en.wikipedia.org/wiki/Con_Air","redaktionell_geprueft"
"ACT-M-016","K-ACT-08-hase-tochter","","de","Film","Action","Con Air","Con Air","1997","","mittel","Motiv","Gefängnis|Luftfahrt|Heimkehr","Militäraction|Rettungsmissionen","Der Stoffhase steht für Poes ersehnte Rückkehr als Vater.","„Con Air“ (1997): Für wen nimmt Poe einen Stoffhasen mit?","Für seine frühere Anwältin","Für seine Tochter","Für einen verletzten Zellengenossen","Für den Sohn des Marshals","B","Der Stoffhase ist ein Geschenk für Poes Tochter, die er nach seiner Freilassung sehen will.","Das Spielzeug passt zunächst kaum zwischen bewaffnete Bewacher und gefährliche Häftlinge. Gerade deshalb erinnert es immer wieder an Poes eigentliches Ziel. Er möchte seine Rolle als Vater endlich persönlich ausfüllen. Der Gegenstand macht seine lange Abwesenheit und die erhoffte Heimkehr greifbar, ohne dass jede Actionszene den familiären Hintergrund erneut erklären muss.","Das Spielzeug gilt seiner Tochter, nicht einer juristischen Helferin.","Der Stoffhase ist ein Geschenk für Poes Tochter, die er nach seiner Freilassung sehen will.","Der Hase ist kein Genesungsgeschenk für einen Mitgefangenen.","Poe hat keine entsprechende Geschenkverabredung mit Larkins Sohn.","Der Stoffhase steht für Poes ersehnte Rückkehr als Vater.","Handlung","https://en.wikipedia.org/wiki/Con_Air","redaktionell_geprueft"
"ACT-S-015","K-ACT-08-baby-o-insulin","","de","Film","Action","Con Air","Con Air","1997","","schwer","Beziehung","Gefängnis|Luftfahrt|Heimkehr","Militäraction|Rettungsmissionen","Poe bleibt aus Loyalität zum insulinbedürftigen Baby-O.","„Con Air“ (1997): Warum bleibt Poe trotz einer Fluchtmöglichkeit bei seinem Freund Baby-O?","Baby-O ist Diabetiker und braucht Hilfe mit Insulin.","Baby-O ist Pilot und muss die Maschine allein landen.","Baby-O besitzt als Einziger Poes Entlassungspapiere.","Baby-O hat Poes Familie heimlich an Bord versteckt.","A","Poe will seinen an Diabetes leidenden Freund nicht ohne medizinische Hilfe zurücklassen.","Poes persönliche Freiheit steht unmittelbar bevor, doch an Bord gerät sein Freund in eine gefährliche Lage. Die Entscheidung zu bleiben zeigt, dass seine Loyalität mehr ist als eine militärische Selbstbeschreibung. Er riskiert damit gerade die Heimkehr, die ihn motiviert. Der Film bindet seine Heldenrolle an eine konkrete Verantwortung gegenüber einem verletzlichen Menschen.","Poe will seinen an Diabetes leidenden Freund nicht ohne medizinische Hilfe zurücklassen.","Baby-O ist nicht der für die Landung verantwortliche Pilot.","Die Entscheidung hängt nicht an Papierdokumenten, sondern an seinem Gesundheitszustand.","Poes Familie ist nicht im Transportflugzeug verborgen.","Poe bleibt aus Loyalität zum insulinbedürftigen Baby-O.","Handlung","https://en.wikipedia.org/wiki/Con_Air","redaktionell_geprueft"
"ACT-S-016","K-ACT-08-leiche-nachricht","","de","Film","Action","Con Air","Con Air","1997","","schwer","Handlung","Gefängnis|Luftfahrt|Heimkehr","Militäraction|Rettungsmissionen","Poe macht Pinballs Leiche zum Hinweis auf Lerner Airfield.","„Con Air“ (1997): Wie übermittelt Poe den Behörden einen Hinweis auf das Ziel Lerner Airfield?","Er beschriftet eine Leiche und wirft sie aus dem Flugzeug.","Er bittet Cyrus, den Zielort an die Presse weiterzugeben.","Er sendet offen eine Nachricht über das Bordfunkgerät.","Er legt dem Piloten unbemerkt einen neuen Flugplan vor.","A","Poe nutzt Pinballs Leiche als ungewöhnlichen Nachrichtenträger für Larkin.","Poe kann keinen normalen Kommunikationskanal benutzen, ohne seine Tarnung zu gefährden. Der tote Mitgefangene am Fahrwerk bietet ihm eine drastische Möglichkeit, dennoch Informationen nach außen zu bringen. Larkin muss diese Botschaft erkennen und ernst nehmen. Die Szene verbindet Improvisation im Flugzeug mit der Arbeit eines Ermittlers, der dem scheinbar verdächtigen Helfer zu vertrauen beginnt.","Poe nutzt Pinballs Leiche als ungewöhnlichen Nachrichtenträger für Larkin.","Cyrus will den Behörden seinen Fluchtort gerade nicht freiwillig verraten.","Ein offener Funkspruch würde Poe enttarnen und ist nicht seine Methode.","Ein geänderter Plan beim Piloten informiert Larkin nicht über diesen Fund.","Poe macht Pinballs Leiche zum Hinweis auf Lerner Airfield.","Handlung","https://en.wikipedia.org/wiki/Con_Air","redaktionell_geprueft"
"ACT-L-017","K-ACT-09-gesichtstausch","","de","Film","Action","Im Körper des Feindes","Face/Off","1997","","leicht","Technik","Identität|Rache|Undercover","Rachefilme","Das Gesicht wechselt, die Persönlichkeit zunächst nicht.","„Im Körper des Feindes“ (1997): Welche ungewöhnliche Methode soll Sean Archer bei der Fahndung helfen?","Eine vollständige Übertragung des Gedächtnisses","Ein operativer Austausch der Gesichter","Eine Zeitreise vor den geplanten Anschlag","Ein Hologramm über seinem unveränderten Körper","B","Archer lässt sich Castor Troys Gesicht übertragen, um als dieser Informationen zu gewinnen.","Der Film nimmt eine medizinisch fantastische Möglichkeit als Ausgangspunkt für einen Identitätskonflikt. Archer sieht wie sein Gegner aus, bleibt innerlich aber derselbe Mensch. Dadurch kann er in dessen Umfeld eindringen und verliert zugleich seine äußerlich erkennbare Stellung. Die Handlung fragt immer wieder, welche Beweise jenseits eines Gesichts nötig sind, um jemandem Vertrauen zu schenken.","Die Erinnerungen werden nicht vollständig zwischen den Männern übertragen.","Archer lässt sich Castor Troys Gesicht übertragen, um als dieser Informationen zu gewinnen.","Es findet keine Zeitreise statt; die Tarnung erfolgt über den Körper.","Archer trägt kein bloßes Lichtbild; der Film zeigt einen operativen Eingriff.","Das Gesicht wechselt, die Persönlichkeit zunächst nicht.","Handlung","https://en.wikipedia.org/wiki/Face%2FOff","redaktionell_geprueft"
"ACT-L-018","K-ACT-09-john-woo","","de","Film","Action","Im Körper des Feindes","Face/Off","1997","","leicht","Regie","Identität|Rache|Undercover","Rachefilme","John Woo inszeniert den Kampf zweier vertauschter Identitäten.","„Im Körper des Feindes“ (1997): Wer führte Regie?","Tony Scott","Michael Bay","John Woo","John McTiernan","C","John Woo inszenierte den Film mit John Travolta und Nicolas Cage.","John Woo verbindet die Identitätstäuschung mit einer stark stilisierten Inszenierung von Bewegung und Gewalt. Die Hauptdarsteller müssen nach dem Eingriff jeweils die andere Figur spielen, ohne nur ihr Äußeres zu kopieren. Dadurch wird das Actionkonzept auch zu einer Schauspielaufgabe. Die Regie nutzt Nähe zwischen Gegnern, familiäre Bindungen und spektakuläre Konfrontationen als zusammenhängende Erzählmittel.","Tony Scott ist nicht der Regisseur dieses Gesichtstausch-Thrillers.","Bay führte bei The Rock Regie, aber nicht bei diesem Film.","John Woo inszenierte den Film mit John Travolta und Nicolas Cage.","McTiernan inszenierte Stirb langsam; hier ist John Woo gefragt.","John Woo inszeniert den Kampf zweier vertauschter Identitäten.","keine","https://en.wikipedia.org/wiki/Face%2FOff","redaktionell_geprueft"
"ACT-M-017","K-ACT-09-pollux-bombe","","de","Film","Action","Im Körper des Feindes","Face/Off","1997","","mittel","Motiv","Identität|Rache|Undercover","Rachefilme","Archer nutzt Pollux' Vertrauen zum Bruder für die Bombensuche.","„Im Körper des Feindes“ (1997): Weshalb will Archer im Gefängnis als Castor Troy auftreten?","Um für Pollux eine frühere Mordanklage zu widerlegen","Um die Gefängnisleitung wegen Korruption zu überführen","Um von Pollux den Standort einer Bombe zu erfahren","Um Castors Vermögen auf ein Polizeikonto zu übertragen","C","Pollux soll im vermeintlichen Bruder einen Vertrauten sehen und den Bombenstandort preisgeben.","Archer benötigt eine Information, die sich nicht rechtzeitig durch gewöhnliche Ermittlungen beschaffen lässt. Die familiäre Bindung zwischen Castor und Pollux soll dabei als Zugang dienen. Sein Plan beruht deshalb nicht allein auf einem überzeugenden Gesicht. Entscheidend ist, dass Pollux gegenüber dem vermeintlichen Bruder anders spricht als gegenüber einem Gegner oder einem Polizeibeamten.","Eine alte Anklage gegen Pollux soll nicht entkräftet werden.","Die Leitung des Gefängnisses ist nicht der Gegenstand seiner Tarnmission.","Pollux soll im vermeintlichen Bruder einen Vertrauten sehen und den Bombenstandort preisgeben.","Das Geldvermögen ist nicht das dringende Ziel des Gefängniseinsatzes.","Archer nutzt Pollux' Vertrauen zum Bruder für die Bombensuche.","Handlung","https://en.wikipedia.org/wiki/Face%2FOff","redaktionell_geprueft"
"ACT-M-018","K-ACT-09-castor-held","","de","Film","Action","Im Körper des Feindes","Face/Off","1997","","mittel","Handlung","Identität|Rache|Undercover","Rachefilme","Castor macht sich mit dem eigenen Bombenwissen zum scheinbaren Helden.","„Im Körper des Feindes“ (1997): Wie gewinnt Castor in Archers Gestalt öffentliches Ansehen beim FBI?","Er übergibt sein gesamtes Vermögen an Opferfamilien.","Er rettet Archer öffentlich aus dem Gefängnis.","Er lässt sich den Bombenort nennen und entschärft die Bombe.","Er gesteht seinen eigenen ursprünglichen Anschlag.","C","Castor nutzt sein Wissen und Pollux' Hilfe, um als vermeintlicher Archer den Anschlag zu verhindern.","Castor stiehlt nicht nur ein Gesicht, sondern auch eine gesellschaftliche Rolle. Die erfolgreiche Bombenentschärfung macht den falschen Ermittler scheinbar glaubwürdig. Während der echte Archer als Verbrecher eingesperrt ist, wird sein Gegner gefeiert. Die Umkehr verschärft das Identitätsproblem, weil öffentliche Anerkennung nun gerade auf der Person liegt, die alle täuscht.","Eine Vermögensspende ist nicht die Ursache seines beruflichen Ansehens.","Die Befreiung des echten Archer würde Castors Täuschung gefährden und geschieht nicht.","Castor nutzt sein Wissen und Pollux' Hilfe, um als vermeintlicher Archer den Anschlag zu verhindern.","Ein offenes Geständnis wäre kein Weg, als erfolgreicher FBI-Mann aufzutreten.","Castor macht sich mit dem eigenen Bombenwissen zum scheinbaren Helden.","Handlung","https://en.wikipedia.org/wiki/Face%2FOff","redaktionell_geprueft"
"ACT-S-017","K-ACT-09-adam-castor","","de","Film","Action","Im Körper des Feindes","Face/Off","1997","","schwer","Beziehung","Identität|Rache|Undercover","Rachefilme","Adam ist Castors Sohn und erhält bei Archer eine neue Familie.","„Im Körper des Feindes“ (1997): Wer ist der biologische Vater des kleinen Adam?","Pollux Troy","Castor Troy","Viktor Lazarro","Sean Archer","B","Adam ist Castors Sohn; Archer übernimmt später Verantwortung für ihn.","Archer begegnet dem Jungen in Castors Umfeld und muss dadurch einen weiteren Blick auf seinen Gegner zulassen. Adam ist weder für die Taten seines Vaters verantwortlich noch bloß ein Mittel der Tarnung. Archers spätere Entscheidung, ihn aufzunehmen, verbindet das Ende der Verfolgung mit einer Möglichkeit, den Kreislauf familiärer Verluste und Rache zu unterbrechen.","Pollux ist Castors Bruder und nicht Adams Vater.","Adam ist Castors Sohn; Archer übernimmt später Verantwortung für ihn.","Lazarro gehört zur FBI-Führung und ist nicht Adams Vater.","Archer nimmt Adam später auf, ist aber nicht sein biologischer Vater.","Adam ist Castors Sohn und erhält bei Archer eine neue Familie.","Auflösung","https://en.wikipedia.org/wiki/Face%2FOff","redaktionell_geprueft"
"ACT-S-018","K-ACT-09-eve-bluttest","","de","Film","Action","Im Körper des Feindes","Face/Off","1997","","schwer","Technik","Identität|Rache|Undercover","Rachefilme","Eves Bluttest durchbricht die Täuschung des Gesichts.","„Im Körper des Feindes“ (1997): Womit prüft Eve, wer sich tatsächlich hinter dem Gesicht ihres Mannes verbirgt?","Mit einem Passwort aus dem FBI-Archiv","Mit einem Vergleich von Urlaubsfotos","Mit einer Blutuntersuchung","Mit einer automatischen Gesichtserkennung","C","Eve lässt das Blut untersuchen und kann so den Mann mit Archers Gesicht als Castor entlarven.","Das vertauschte Gesicht zerstört die gewöhnliche Verlässlichkeit des Wiedererkennens. Eve braucht deshalb einen Hinweis, der vom operierten Erscheinungsbild unabhängig ist. Ihre medizinischen Kenntnisse ermöglichen diesen Schritt. Der Test verlagert die Identitätsprüfung vom vertrauten Blick auf körperliche Merkmale, die der Täuschungsplan nicht in gleicher Weise verändert hat.","Ein Archivpasswort ist nicht Eves entscheidender Nachweis.","Fotos zeigen gerade das gestohlene Gesicht und lösen das Problem nicht sicher.","Eve lässt das Blut untersuchen und kann so den Mann mit Archers Gesicht als Castor entlarven.","Gesichtserkennung würde die Oberfläche prüfen, deren Austausch die Täuschung erst ermöglicht.","Eves Bluttest durchbricht die Täuschung des Gesichts.","Handlung","https://en.wikipedia.org/wiki/Face%2FOff","redaktionell_geprueft"
"ACT-L-019","K-ACT-10-neil-darsteller","","de","Film","Action","Heat","Heat","1995","","leicht","Besetzung","Raub|Polizei|Loyalität","Polizeifilme|Raubfilme","De Niro ist McCauley, Pacino ist Hanna.","„Heat“ (1995): Wer spielt den professionellen Räuber Neil McCauley?","Tom Sizemore","Val Kilmer","Al Pacino","Robert De Niro","D","Robert De Niro spielt Neil McCauley, Al Pacino seinen Verfolger Vincent Hanna.","Die beiden Hauptfiguren begegnen einander nicht einfach als Held und Hindernis. Neil führt eine professionelle Räubergruppe, während Hanna ihn mit ähnlich großer Konsequenz verfolgt. De Niros zurückhaltendes Spiel unterstreicht Neils Disziplin. Der Film zeigt zugleich, dass die Regeln seiner Arbeit einen hohen Preis für persönliche Beziehungen und die Möglichkeit eines anderen Lebens haben.","Sizemore spielt Michael Cheritto, nicht den Anführer Neil.","Kilmer spielt Chris Shiherlis aus Neils Gruppe.","Pacino spielt den Polizisten Vincent Hanna.","Robert De Niro spielt Neil McCauley, Al Pacino seinen Verfolger Vincent Hanna.","De Niro ist McCauley, Pacino ist Hanna.","keine","https://en.wikipedia.org/wiki/Heat_(1995_film)","redaktionell_geprueft"
"ACT-L-020","K-ACT-10-hanna-polizist","","de","Film","Action","Heat","Heat","1995","","leicht","Figur","Raub|Polizei|Loyalität","Polizeifilme|Raubfilme","Hanna verfolgt McCauley als Polizist und erkennt zugleich dessen Können.",„Heat“ (1995): Auf welcher Seite arbeitet Vincent Hanna (Al Pacino)?,"Als Ermittler der Polizei","Als Anwalt einer Bank","Als Sicherheitsberater des Hehlers","Als Fahrer der Räubergruppe","A","Hanna ist der Polizeiermittler, der McCauleys Gruppe verfolgt.","Hannas Arbeit beansprucht einen großen Teil seines Lebens. Seine Hartnäckigkeit verbindet ihn auf paradoxe Weise mit dem Mann, den er festnehmen will. Beide erkennen die Professionalität des anderen, bleiben aber Gegner. Diese Nähe macht ihre Begegnungen spannender, weil gegenseitiger Respekt weder den gesetzlichen Konflikt beseitigt noch automatisch zu einer friedlichen Lösung führt.","Hanna ist der Polizeiermittler, der McCauleys Gruppe verfolgt.","Er vertritt keine Bank als Anwalt; er führt Ermittlungen.","Seine Aufgabe ist Strafverfolgung, nicht die Beratung eines Hehlers.","Hanna gehört nicht zu den Fahrern von McCauleys Gruppe.","Hanna verfolgt McCauley als Polizist und erkennt zugleich dessen Können.","keine","https://en.wikipedia.org/wiki/Heat_(1995_film)","redaktionell_geprueft"
"ACT-M-019","K-ACT-10-waingro-panzerwagen","","de","Film","Action","Heat","Heat","1995","","mittel","Handlung","Raub|Polizei|Loyalität","Polizeifilme|Raubfilme","Waingro verwandelt einen geplanten Raub in ein Blutbad.","„Heat“ (1995): Wer löst beim Überfall auf den Geldtransporter die tödliche Eskalation aus?","Donald Breedan","Waingro","Nate","Chris Shiherlis","B","Waingro erschießt entgegen dem kontrollierten Vorgehen einen Wachmann und verschärft damit den Überfall.","McCauleys Gruppe plant den Raub als präzise Operation. Waingros unbeherrschte Gewalt zerstört diese Begrenzung und führt zu weiteren Toten. Für Neil ist er dadurch nicht nur ein unangenehmer Mitarbeiter, sondern eine Gefahr für alle. Die frühe Szene führt den Konflikt zwischen professioneller Disziplin und selbstzweckhafter Brutalität ein, der später erneut entscheidend wird.","Breedan wird erst für einen späteren Einsatz als Fahrer wichtig.","Waingro erschießt entgegen dem kontrollierten Vorgehen einen Wachmann und verschärft damit den Überfall.","Nate ist der Vermittler im Hintergrund, nicht der Schütze am Transporter.","Chris gehört zur regulären Gruppe, löst aber diesen ersten Mord nicht aus.","Waingro verwandelt einen geplanten Raub in ein Blutbad.","Handlung","https://en.wikipedia.org/wiki/Heat_(1995_film)","redaktionell_geprueft"
"ACT-M-020","K-ACT-10-bankraub","","de","Film","Action","Heat","Heat","1995","","mittel","Schauplatz","Raub|Polizei|Loyalität","Polizeifilme|Raubfilme","Der Bankraub kippt beim Abzug in den Kampf auf offener Straße.","„Heat“ (1995): Aus welchem Überfall entsteht die große Schießerei in der Innenstadt?","Aus einem Museumsraub","Aus einem Bankraub","Aus einer Entführung am Flughafen","Aus einem Gefängnisausbruch","B","Nach dem Bankraub gerät die Gruppe beim Abzug in ein Gefecht mit der Polizei.","Der sorgfältig geplante Überfall endet nicht mit dem Verlassen der Bank. Die Polizei hat die Gruppe erwartet, sodass der öffentliche Straßenraum zum Fluchtweg und Kampfplatz wird. Die Szene macht die Folgen für Unbeteiligte ebenso sichtbar wie die Fähigkeiten der Täter. Aus einer finanziell kalkulierten Operation wird ein Kampf, in dem die Kontrolle zunehmend verloren geht.","Ein Museum ist nicht der Ort des vorangehenden Raubs.","Nach dem Bankraub gerät die Gruppe beim Abzug in ein Gefecht mit der Polizei.","Der Flughafen ist für das spätere Ende wichtig, nicht der Anlass dieser Straßenschlacht.","Die Männer brechen nicht aus einer Haftanstalt aus.","Der Bankraub kippt beim Abzug in den Kampf auf offener Straße.","Handlung","https://en.wikipedia.org/wiki/Heat_(1995_film)","redaktionell_geprueft"
"ACT-S-019","K-ACT-10-charlene-warnung","","de","Film","Action","Heat","Heat","1995","","schwer","Beziehung","Raub|Polizei|Loyalität","Polizeifilme|Raubfilme","Charlenes kleines Zeichen vereitelt die große Polizeifalle.","„Heat“ (1995): Wie verhindert Charlene (Ashley Judd), dass Chris (Val Kilmer) unmittelbar in die Polizeifalle läuft?","Sie gibt ihm vom Balkon ein unauffälliges Warnzeichen.","Sie lockt ihn mit einem Anruf in die Wohnung.","Sie übergibt den Beamten seinen Autoschlüssel.","Sie überredet ihn öffentlich, sich den Beamten zu stellen.","A","Charlene warnt Chris heimlich, sodass er weiterfährt und dem vorbereiteten Zugriff entgeht.","Die Polizei setzt Chris' persönliche Bindung als Zugang zu ihm ein. Charlene steht unter Druck und soll den Plan unterstützen. Ihr kleines Zeichen stellt jedoch die Beziehung über die erzwungene Zusammenarbeit. Die Szene erreicht ihre Wirkung mit einer unscheinbaren Bewegung: Chris muss sie verstehen, ohne durch eine offene Reaktion die Täuschung aufzudecken.","Charlene warnt Chris heimlich, sodass er weiterfährt und dem vorbereiteten Zugriff entgeht.","Ein Anruf in die Wohnung würde den Zugriff erleichtern; sie warnt ihn stattdessen.","Ein Autoschlüssel ist nicht das Signal, das ihm die Flucht ermöglicht.","Chris stellt sich in dieser Szene nicht öffentlich.","Charlenes kleines Zeichen vereitelt die große Polizeifalle.","Handlung","https://en.wikipedia.org/wiki/Heat_(1995_film)","redaktionell_geprueft"
"ACT-S-020","K-ACT-10-neil-waingro-umweg","","de","Film","Action","Heat","Heat","1995","","schwer","Motiv","Raub|Polizei|Loyalität","Polizeifilme|Raubfilme","Neils Rache an Waingro wiegt schwerer als seine eigene Fluchtregel.",„Heat“ (1995): Welche Entscheidung gefährdet Neils (Robert De Niro) bereits mögliche Flucht entscheidend?,"Er überfällt kurzfristig einen zweiten Geldtransporter.","Er holt die gesamte Bankbeute aus dem Polizeirevier zurück.","Er versucht, Hanna bei dessen Familie zu entführen.","Er kehrt um, um Waingro zu töten.","D","Neil verlässt den sicheren Fluchtplan zugunsten seiner persönlichen Abrechnung mit Waingro.","Neil hat sich vorgenommen, jede Bindung aufzugeben, sobald sie zur Gefahr wird. Doch kurz vor seiner Flucht entscheidet er sich für Vergeltung. Damit missachtet er die eigene Berufsregel. Der Film macht seinen Untergang nicht nur von Hannas Geschick abhängig: Er entsteht auch daraus, dass Neil trotz aller Disziplin einen emotionalen Anspruch nicht loslassen kann.","Ein neuer Raub ist nicht der Grund für die riskante Verzögerung.","Die Beute wird nicht aus einem Polizeirevier zurückgeholt.","Neils Umweg gilt Waingro und nicht Hannas Familie.","Neil verlässt den sicheren Fluchtplan zugunsten seiner persönlichen Abrechnung mit Waingro.","Neils Rache an Waingro wiegt schwerer als seine eigene Fluchtregel.","Auflösung","https://en.wikipedia.org/wiki/Heat_(1995_film)","redaktionell_geprueft"
"ACT-L-021","K-ACT-11-kimble-darsteller","","de","Film","Action","Auf der Flucht","The Fugitive","1993","","leicht","Besetzung","Justizirrtum|Ermittlung|Verfolgung","Polizeifilme","Ford flieht als Kimble, Jones verfolgt ihn als Gerard.","„Auf der Flucht“ (1993): Wer spielt den zu Unrecht verurteilten Richard Kimble?","Kevin Costner","Harrison Ford","Tommy Lee Jones","Dennis Quaid","B","Harrison Ford spielt Kimble; Tommy Lee Jones verkörpert seinen Verfolger Gerard.","Ford spielt einen Mann, der nicht freiwillig zum Actionhelden wird. Kimble muss nach seiner Flucht zugleich unsichtbar bleiben und neue Beweise finden. Seine Fähigkeiten stammen aus seinem bisherigen Beruf, nicht aus einer Agentenausbildung. Die Spannung entsteht daher auch daraus, wie ein gewöhnlich respektiertes Mitglied der Gesellschaft unter völlig anderen Bedingungen weiter handlungsfähig bleibt.","Costner ist nicht der Darsteller des flüchtigen Arztes.","Harrison Ford spielt Kimble; Tommy Lee Jones verkörpert seinen Verfolger Gerard.","Jones spielt Marshal Gerard und nicht dessen Zielperson.","Quaid übernimmt diese Rolle nicht; Kimble wird von Ford gespielt.","Ford flieht als Kimble, Jones verfolgt ihn als Gerard.","keine","https://en.wikipedia.org/wiki/The_Fugitive_(1993_film)","redaktionell_geprueft"
"ACT-L-022","K-ACT-11-kimble-chirurg","","de","Film","Action","Auf der Flucht","The Fugitive","1993","","leicht","Figur","Justizirrtum|Ermittlung|Verfolgung","Polizeifilme","Kimbles ärztliches Wissen wird zum Ermittlungswerkzeug.","„Auf der Flucht“ (1993): Welchen Beruf übt Kimble vor seiner Verurteilung aus?","Finanzprüfer","Rechtsanwalt","Chirurg","Bauingenieur","C","Richard Kimble arbeitet als Chirurg in Chicago.","Seine medizinische Ausbildung bleibt nach der Flucht wichtig. Kimble kann Verletzungen beurteilen, sich im Krankenhaus bewegen und Forschungsergebnisse verstehen. Der Film macht ihn damit nicht plötzlich zu einem Menschen ohne Vergangenheit. Gerade die Kenntnisse aus seinem bisherigen Leben helfen ihm bei der Suche nach dem Täter und führen schließlich auch zum Motiv hinter der Tat.","Finanzprüfungen sind nicht sein Fach; entscheidend werden medizinische Befunde.","Er verteidigt sich nicht mit einer eigenen Anwaltsausbildung; sein Gebiet ist Medizin.","Richard Kimble arbeitet als Chirurg in Chicago.","Bautechnik ist nicht sein ursprünglicher Beruf.","Kimbles ärztliches Wissen wird zum Ermittlungswerkzeug.","keine","https://en.wikipedia.org/wiki/The_Fugitive_(1993_film)","redaktionell_geprueft"
"ACT-M-021","K-ACT-11-gerard-marshal","","de","Film","Action","Auf der Flucht","The Fugitive","1993","","mittel","Figur","Justizirrtum|Ermittlung|Verfolgung","Polizeifilme","Gerard jagt Kimble und beginnt dabei, den Fall neu zu verstehen.","„Auf der Flucht“ (1993): Wer leitet die intensive Fahndung nach Kimble?","Charles Nichols","Sam Gerard","Alec Lentz","Fredrick Sykes","B","U.S. Marshal Sam Gerard koordiniert die Verfolgung.","Gerard beginnt nicht mit dem Auftrag, den ursprünglichen Mordprozess neu zu bewerten. Er soll einen entflohenen Verurteilten finden. Seine genaue Beobachtung führt ihn aber zunehmend zu Widersprüchen. Der Film entwickelt dadurch zwei parallele Ermittlungen: Kimble sucht seine Entlastung, während sein Verfolger lernen muss, die Bedeutung von dessen Verhalten neu einzuschätzen.","Nichols ist Kimbles medizinischer Kollege, nicht der Leiter der Fahndung.","U.S. Marshal Sam Gerard koordiniert die Verfolgung.","Lentz ist mit den Forschungsbefunden verbunden, nicht mit der Verfolgung durch Marshals.","Sykes ist der Mann, den Kimble selbst sucht.","Gerard jagt Kimble und beginnt dabei, den Fall neu zu verstehen.","Handlung","https://en.wikipedia.org/wiki/The_Fugitive_(1993_film)","redaktionell_geprueft"
"ACT-M-022","K-ACT-11-sykes-einarmig","","de","Film","Action","Auf der Flucht","The Fugitive","1993","","mittel","Figur","Justizirrtum|Ermittlung|Verfolgung","Polizeifilme","Die Suche nach dem Einarmigen führt Kimble zu Sykes.","„Auf der Flucht“ (1993): Welches auffällige Merkmal hat der Mann, den Kimble am Tatort bekämpft?","Ihm fehlt ein Arm.","Er besitzt eine große Gesichtstätowierung.","Er trägt ein künstliches Auge.","Ihm fehlen beide Beine.","A","Kimble erinnert sich an einen einarmigen Mann, später als Fredrick Sykes identifiziert.","Das Merkmal wirkt zunächst wie eine wenig überzeugende Behauptung eines Angeklagten. Nach seiner Flucht nutzt Kimble es jedoch für eine gezielte Suche. Er verbindet eigene Erinnerung mit Informationen über Prothesen und mögliche Träger. So wird aus einer zurückgewiesenen Aussage ein überprüfbarer Ansatz, der ihn Schritt für Schritt zum tatsächlichen Täter führt.","Kimble erinnert sich an einen einarmigen Mann, später als Fredrick Sykes identifiziert.","Eine Tätowierung dient nicht als Suchkriterium für diesen Mann.","Ein künstliches Auge ist nicht das entscheidende Erinnerungsmerkmal.","Die körperliche Besonderheit betrifft einen Arm, nicht die Beine.","Die Suche nach dem Einarmigen führt Kimble zu Sykes.","Handlung","https://en.wikipedia.org/wiki/The_Fugitive_(1993_film)","redaktionell_geprueft"
"ACT-S-021","K-ACT-11-provasic-leber","","de","Film","Action","Auf der Flucht","The Fugitive","1993","","schwer","Handlung","Justizirrtum|Ermittlung|Verfolgung","Polizeifilme","Provasics Leberschäden machen Kimbles Wissen gefährlich.","„Auf der Flucht“ (1993): Welche Entdeckung bedroht die Zulassung des Medikaments Provasic?","Es verliert bei Tageslicht jede Wirkung.","Es führt sofort zu vollständiger Erblindung.","Es lässt sich nur illegal aus dem Ausland beziehen.","Es verursacht schwere Leberschäden.","D","Kimble hatte Hinweise auf Leberschäden gefunden, die die Vermarktung verhindern müssten.","Die Suche nach dem Mörder führt zurück in Kimbles berufliche Umgebung. Seine medizinische Bewertung bedroht wirtschaftliche Interessen am neuen Präparat. Damit erklärt sich, weshalb er selbst zum Ziel eines Anschlags werden sollte. Der Fall ist keine zufällige Begegnung mit einem Einbrecher, sondern hängt mit der Unterdrückung unbequemer Forschungsergebnisse zusammen.","Lichtempfindlichkeit des Präparats ist nicht der gefundene gefährliche Effekt.","Erblindung ist nicht die im Film entscheidende Nebenwirkung.","Die Einfuhrfrage erklärt nicht die manipulierten medizinischen Befunde.","Kimble hatte Hinweise auf Leberschäden gefunden, die die Vermarktung verhindern müssten.","Provasics Leberschäden machen Kimbles Wissen gefährlich.","Auflösung","https://en.wikipedia.org/wiki/The_Fugitive_(1993_film)","redaktionell_geprueft"
"ACT-S-022","K-ACT-11-nichols-hintermann","","de","Film","Action","Auf der Flucht","The Fugitive","1993","","schwer","Figur","Justizirrtum|Ermittlung|Verfolgung","Polizeifilme","Nichols verbindet den Mordauftrag mit den manipulierten Arzneibefunden.","„Auf der Flucht“ (1993): Welcher vertraute Kollege steht hinter dem Komplott gegen Kimble?","Sam Gerard","Cosmo Renfro","Anne Eastman","Charles Nichols","D","Dr. Charles Nichols ließ die schädlichen Befunde vertuschen und Kimble zum Ziel werden.","Nichols gehört zu Kimbles vertrauter medizinischer Welt und wirkt deshalb zunächst wie ein möglicher Helfer. Die Spur über Sykes und die verfälschten Proben verändert diese Einordnung. Im Finale muss Kimble nicht nur einen Verbrecher erkennen, sondern den Verrat eines Kollegen offenlegen. Die Nähe des Täters erklärt, wie berufliches Wissen gegen ihn verwendet werden konnte.","Gerard verfolgt Kimble, steckt aber nicht hinter dem ursprünglichen Mordkomplott.","Renfro gehört zu Gerards Team und ist kein medizinischer Hintermann.","Eastman ist eine Ärztin, der Kimble begegnet; sie organisiert das Komplott nicht.","Dr. Charles Nichols ließ die schädlichen Befunde vertuschen und Kimble zum Ziel werden.","Nichols verbindet den Mordauftrag mit den manipulierten Arzneibefunden.","Auflösung","https://en.wikipedia.org/wiki/The_Fugitive_(1993_film)","redaktionell_geprueft"
"ACT-L-023","K-ACT-12-marshall-ford","","de","Film","Action","Air Force One","Air Force One","1997","","leicht","Besetzung","Geiselnahme|Luftfahrt|Politik","Rettungsmissionen","Harrison Ford spielt den kämpfenden Präsidenten Marshall.","„Air Force One“ (1997): Wer spielt Präsident James Marshall?","Bill Pullman","Michael Douglas","Kevin Kline","Harrison Ford","D","Harrison Ford verkörpert den amerikanischen Präsidenten James Marshall.","Marshall ist nicht nur ein Staatsoberhaupt, über dessen Rettung andere beraten. Er handelt im Inneren des entführten Flugzeugs selbst. Ford verbindet die repräsentative Rolle mit der Erfahrung eines Mannes, der körperlich eingreifen kann. Die Inszenierung stellt dadurch das politische Prinzip, Terroristen nicht nachzugeben, neben die unmittelbare Gefährdung seiner eigenen Familie.","Pullman ist der Präsident aus Independence Day, nicht aus diesem Film.","Douglas spielt einen Präsidenten in Hallo, Mr. President, nicht Marshall.","Kline spielt in Dave einen Präsidenten und dessen Doppelgänger; Marshall ist Ford.","Harrison Ford verkörpert den amerikanischen Präsidenten James Marshall.","Harrison Ford spielt den kämpfenden Präsidenten Marshall.","keine","https://en.wikipedia.org/wiki/Air_Force_One_(film)","redaktionell_geprueft"
"ACT-L-024","K-ACT-12-praesidentenflugzeug","","de","Film","Action","Air Force One","Air Force One","1997","","leicht","Schauplatz","Geiselnahme|Luftfahrt|Politik","Rettungsmissionen","Die Präsidentenmaschine wird zum abgeschlossenen Krisenraum.","„Air Force One“ (1997): Welches Ziel bringen die Terroristen unter ihre Kontrolle?","Ein amerikanisches Kriegsschiff","Eine Botschaft in Moskau","Das Flugzeug des US-Präsidenten","Das Weiße Haus","C","Die Entführer übernehmen die Air Force One während eines Flugs.","Die abgeschlossene Umgebung begrenzt Fluchtwege und direkte Hilfe von außen. Zugleich befinden sich hochrangige Amtsträger und die Präsidentenfamilie an Bord. Der Konflikt bleibt deshalb nie nur privat oder nur politisch. Jede Entscheidung im Flugzeug kann Folgen für die Regierungsführung haben, während die Beteiligten am Boden die Lage nur durch unvollständige Nachrichten beurteilen können.","Ein Kriegsschiff ist nicht das besetzte Fahrzeug.","Die Handlung konzentriert sich nicht auf eine belagerte Botschaft.","Die Entführer übernehmen die Air Force One während eines Flugs.","Das Weiße Haus bleibt ein Ort der Krisenberatung, nicht der Geiselnahme.","Die Präsidentenmaschine wird zum abgeschlossenen Krisenraum.","keine","https://en.wikipedia.org/wiki/Air_Force_One_(film)","redaktionell_geprueft"
"ACT-M-023","K-ACT-12-radek","","de","Film","Action","Air Force One","Air Force One","1997","","mittel","Motiv","Geiselnahme|Luftfahrt|Politik","Rettungsmissionen","Die Geiseln sollen die Freilassung Radeks erzwingen.","„Air Force One“ (1997): Wessen Freilassung verlangen die Entführer?","Colonel Trautmans","General Radeks","General Hummels","Colonel Stuarts","B","Die Täter wollen den festgenommenen General Ivan Radek befreien.","Korshunov sieht in Radek eine politische Führungsfigur und nutzt die Geiseln zur Erpressung seiner Freilassung. Die Forderung bringt Marshall in einen Konflikt mit seiner öffentlich vertretenen Haltung. Seine Familie und Mitarbeiter werden zum Druckmittel gegen eine staatliche Entscheidung. Der Film verknüpft dadurch die Entführung mit einem internationalen Machtkampf, der bereits vor dem Flug begonnen hat.","Trautman gehört zur Rambo-Reihe; die Forderung gilt Radek.","Die Täter wollen den festgenommenen General Ivan Radek befreien.","Hummel gehört zu The Rock und ist nicht der verlangte General.","Stuart ist der Angreifer aus Stirb langsam 2 und nicht dieser Gefangene.","Die Geiseln sollen die Freilassung Radeks erzwingen.","Handlung","https://en.wikipedia.org/wiki/Air_Force_One_(film)","redaktionell_geprueft"
"ACT-M-024","K-ACT-12-korshunov-oldman","","de","Film","Action","Air Force One","Air Force One","1997","","mittel","Besetzung","Geiselnahme|Luftfahrt|Politik","Rettungsmissionen","Gary Oldman ist Korshunov, der Radek gewaltsam befreien will.","„Air Force One“ (1997): Wer spielt den Entführer Egor Korshunov?","Ed Harris","Jeremy Irons","Gary Oldman","Alan Rickman","C","Gary Oldman spielt Korshunov, den fanatischen Anführer der Entführung.","Oldmans Figur behandelt die Geiseln nicht als bloße Hindernisse, sondern als gezielt einsetzbare Druckmittel. Sein Auftreten verbindet persönliche Überzeugung mit demonstrativer Gewaltbereitschaft. Dadurch muss Marshall einem Gegner begegnen, der nicht nur Geld fordert. Die Auseinandersetzung wird auch zu einem Streit darüber, welche Taten im Namen politischer Loyalität gerechtfertigt werden sollen.","Harris spielt General Hummel in The Rock.","Irons spielt Simon Gruber im dritten Stirb-langsam-Film.","Gary Oldman spielt Korshunov, den fanatischen Anführer der Entführung.","Rickman spielt Hans Gruber in Stirb langsam.","Gary Oldman ist Korshunov, der Radek gewaltsam befreien will.","keine","https://en.wikipedia.org/wiki/Air_Force_One_(film)","redaktionell_geprueft"
"ACT-S-023","K-ACT-12-rettungskapsel-leer","","de","Film","Action","Air Force One","Air Force One","1997","","schwer","Handlung","Geiselnahme|Luftfahrt|Politik","Rettungsmissionen","Die leere Kapsel tarnt Marshalls Verbleib an Bord.","„Air Force One“ (1997): Warum entdecken die Retter Marshall nicht in der abgeworfenen Rettungskapsel?","Er ist nach der Landung allein in den Wald geflohen.","Er hat sie leer gestartet und ist an Bord geblieben.","Er wurde während des Falls in einen Hubschrauber übernommen.","Er wurde vor dem Start in ein zweites Flugzeug gebracht.","B","Marshall lässt die Kapsel ohne sich starten und bleibt verborgen im Flugzeug.","Der leere Rettungsbehälter erzeugt unterschiedliche Wissensstände. Einige Beteiligte glauben zunächst, der Präsident sei aus der unmittelbaren Gefahr entkommen. Tatsächlich kann er gerade wegen dieser Annahme verdeckt handeln. Seine Entscheidung verbindet Verantwortung für die Geiseln mit dem Risiko, den besonderen Schutz aufzugeben, den das Flugzeug für das Staatsoberhaupt bereithält.","Die Kapsel ist leer, weil er sie nicht benutzt hat, nicht weil er später aussteigt.","Marshall lässt die Kapsel ohne sich starten und bleibt verborgen im Flugzeug.","Ein Transfer während des Falls wird nicht gezeigt.","Er befindet sich weiterhin in derselben Maschine.","Die leere Kapsel tarnt Marshalls Verbleib an Bord.","Handlung","https://en.wikipedia.org/wiki/Air_Force_One_(film)","redaktionell_geprueft"
"ACT-S-024","K-ACT-12-gibbs-verraeter","","de","Film","Action","Air Force One","Air Force One","1997","","schwer","Figur","Geiselnahme|Luftfahrt|Politik","Rettungsmissionen","Gibbs verwandelt eine Vertrauensposition in den Zugang der Täter.","„Air Force One“ (1997): Welcher Angehörige des Präsidentenschutzes unterstützt heimlich die Entführer?","Caldwell","Bennett","Gibbs","Shepherd","C","Secret-Service-Agent Gibbs ist der Helfer der Entführer im Inneren des Schutzapparats.","Die Entführung gelingt nicht allein durch das Vorgehen der sichtbaren Angreifer. Gibbs öffnet ihnen einen Zugang aus einer Position, die eigentlich Sicherheit gewährleisten soll. Für Marshall bleibt dieser Verrat lange unentdeckt. Im letzten Rettungsabschnitt wird er besonders gefährlich, weil die wenigen Überlebenden darauf angewiesen sind, einander ohne weitere Prüfung zu vertrauen.","Caldwell ist der militärische Helfer und nicht der Verräter.","Bennett ist die Vizepräsidentin am Boden, keine Helferin der Entführer.","Secret-Service-Agent Gibbs ist der Helfer der Entführer im Inneren des Schutzapparats.","Shepherd gehört zum Stab des Präsidenten und wird selbst bedroht.","Gibbs verwandelt eine Vertrauensposition in den Zugang der Täter.","Auflösung","https://en.wikipedia.org/wiki/Air_Force_One_(film)","redaktionell_geprueft"
"ACT-L-025","K-ACT-13-harry-agent","","de","Film","Action","True Lies – Wahre Lügen","True Lies","1994","","leicht","Figur","Spionage|Doppelleben|Familie","Agentenfilme","Harrys langweilige Alltagsrolle verdeckt seine Agententätigkeit.",„True Lies – Wahre Lügen“ (1994): Welchen Beruf übt Harry Tasker (Arnold Schwarzenegger) heimlich aus?,"Privatdetektiv für Ehescheidungen","Geheimagent","Berufsspieler","Kunsthändler","B","Harry arbeitet als Agent und verbirgt das vor seiner Familie.","Arnold Schwarzenegger spielt Harry in zwei scheinbar unvereinbaren Rollen. Zu Hause wirkt er wie ein häufig abwesender, eher langweiliger Ehemann; bei Einsätzen handelt er als hochtrainierter Agent. Die Komik entsteht aus dieser Differenz. Zugleich macht die Tarnung deutlich, dass seine berufliche Perfektion mit Unaufmerksamkeit und mangelnder Offenheit im Familienleben einhergeht.","Er ermittelt nicht beruflich in Scheidungsfällen; seine private Eifersucht ist etwas anderes.","Harry arbeitet als Agent und verbirgt das vor seiner Familie.","Glücksspiel ist nicht seine verborgene Haupttätigkeit.","Als Kunstinteressent kann er auftreten, doch das gehört zur Tarnung.","Harrys langweilige Alltagsrolle verdeckt seine Agententätigkeit.","keine","https://en.wikipedia.org/wiki/True_Lies","redaktionell_geprueft"
"ACT-L-026","K-ACT-13-cameron-regie","","de","Film","Action","True Lies – Wahre Lügen","True Lies","1994","","leicht","Regie","Spionage|Doppelleben|Familie","Agentenfilme","James Cameron verbindet Agentenaction und Ehekomödie.","„True Lies – Wahre Lügen“ (1994): Wer führte bei diesem Agentenabenteuer Regie?","James Cameron","Richard Donner","Michael Mann","John Woo","A","James Cameron inszenierte True Lies mit Schwarzenegger und Jamie Lee Curtis.","Cameron verbindet groß angelegte Actionszenen mit einer Ehekomödie. Harrys verborgener Beruf schafft zunächst Distanz zu Helen und zieht sie später in echte Gefahr hinein. Die spektakulären Einsätze sind deshalb mit einem Beziehungsproblem verschränkt. Die Regie lässt die beiden nicht nur Gegner überwinden, sondern auch die gegenseitigen Vorstellungen von ihrem gemeinsamen Alltag korrigieren.","James Cameron inszenierte True Lies mit Schwarzenegger und Jamie Lee Curtis.","Donner steht hinter Lethal Weapon, nicht diesem Film.","Mann führte bei Heat Regie; hier ist Cameron gefragt.","Woo inszenierte Im Körper des Feindes, nicht True Lies.","James Cameron verbindet Agentenaction und Ehekomödie.","keine","https://en.wikipedia.org/wiki/True_Lies","redaktionell_geprueft"
"ACT-M-025","K-ACT-13-simon-autoverkaeufer","","de","Film","Action","True Lies – Wahre Lügen","True Lies","1994","","mittel","Figur","Spionage|Doppelleben|Familie","Agentenfilme","Simon spielt den Spion, während Harry seinen echten Beruf versteckt.",„True Lies – Wahre Lügen“ (1994): Was ist der vermeintliche Spion Simon (Bill Paxton) tatsächlich?,"Gebrauchtwagenverkäufer","Pilot einer Geheimdienstmaschine","Mitarbeiter des Innenministeriums","Hochrangiger Doppelagent","A","Simon verkauft Gebrauchtwagen und benutzt seine Spionagegeschichten, um Frauen zu beeindrucken.","Bill Paxton spielt Simon als Mann, der mit einer erfundenen gefährlichen Identität Abenteuer verspricht. Für Helen wirkt er zunächst wie das Gegenteil ihres langweiligen Ehemanns. Das Publikum kennt jedoch die Umkehrung: Der echte Agent verbirgt sein Leben, während der Verkäufer ein Agentenleben erfindet. Daraus entsteht die besondere Komik der Dreieckssituation.","Simon verkauft Gebrauchtwagen und benutzt seine Spionagegeschichten, um Frauen zu beeindrucken.","Er fliegt keine Geheimdienstmissionen, sondern verkauft Autos.","Simon arbeitet nicht als echter Ministeriumsmitarbeiter; seine Geschichten sind erfunden.","Ein Doppelagent müsste wirklich für Dienste tätig sein; Simon täuscht das nur vor.","Simon spielt den Spion, während Harry seinen echten Beruf versteckt.","Handlung","https://en.wikipedia.org/wiki/True_Lies","redaktionell_geprueft"
"ACT-M-026","K-ACT-13-helen-abenteuer","","de","Film","Action","True Lies – Wahre Lügen","True Lies","1994","","mittel","Beziehung","Spionage|Doppelleben|Familie","Agentenfilme","Helen sucht Abenteuer, Harry muss ihr wirklich zuhören.",„True Lies – Wahre Lügen“ (1994): Was fehlt Helen (Jamie Lee Curtis) nach eigener Aussage vor allem in ihrem Alltag?,"Aufregung und ein Gefühl eigener Bedeutung","Eine politische Laufbahn","Ein eigener Sportwagen","Ein zweites Haus am Meer","A","Helen sehnt sich nach Abenteuer und danach, sich lebendig und wichtig zu fühlen.","Harry deutet Helens Treffen zunächst vor allem als Bedrohung seiner Ehe. Im verdeckten Verhör hört er jedoch, was sie an ihrem Alltag belastet. Dadurch bekommt ihre Handlung einen anderen Zusammenhang. Seine folgende Inszenierung einer Mission reagiert auf diesen Wunsch, überschreitet aber zugleich persönliche Grenzen und lässt seine beruflichen Mittel in das Privatleben eindringen.","Helen sehnt sich nach Abenteuer und danach, sich lebendig und wichtig zu fühlen.","Helen verlangt keine politische Karriere, sondern Abwechslung und Bedeutung.","Ein teures Auto ersetzt nicht das vermisste Gefühl von Abenteuer.","Eine bestimmte Immobilie ist nicht der Kern ihrer geäußerten Unzufriedenheit.","Helen sucht Abenteuer, Harry muss ihr wirklich zuhören.","Handlung","https://en.wikipedia.org/wiki/True_Lies","redaktionell_geprueft"
"ACT-S-025","K-ACT-13-sprengkoepfe-statuen","","de","Film","Action","True Lies – Wahre Lügen","True Lies","1994","","schwer","Handlung","Spionage|Doppelleben|Familie","Agentenfilme","Die falschen Antiquitäten verbergen echte Sprengköpfe.","„True Lies – Wahre Lügen“ (1994): Wie werden die nuklearen Sprengköpfe ins Land geschmuggelt?","In diplomatischen Reisepässen","In vermeintlich antiken Statuen","In lebenden Zirkustieren","In fabrikneuen Motorrädern","B","Juno lässt die Sprengköpfe in falschen Antiquitäten verstecken.","Junos Kunstgeschäft liefert nicht bloß eine elegante Umgebung für die Agentenhandlung. Es wird zur Tarnung eines gefährlichen Transports. Harry erkennt, dass die vermeintlichen historischen Objekte einen ganz anderen Inhalt haben. Damit erhält der Kontakt zur Kunsthändlerin eine konkrete Funktion innerhalb des Anschlagsplans und verbindet gesellschaftlich respektable Geschäfte mit organisierter Gewalt.","Pässe können keinen solchen Transportbehälter bilden; der Film nutzt Statuen.","Juno lässt die Sprengköpfe in falschen Antiquitäten verstecken.","Zirkustiere sind nicht die gezeigte Tarnung des Transports.","Motorräder sind nicht die Objekte, in denen die Sprengköpfe verborgen sind.","Die falschen Antiquitäten verbergen echte Sprengköpfe.","Handlung","https://en.wikipedia.org/wiki/True_Lies","redaktionell_geprueft"
"ACT-S-026","K-ACT-13-harrier-dana","","de","Film","Action","True Lies – Wahre Lügen","True Lies","1994","","schwer","Technik","Spionage|Doppelleben|Familie","Agentenfilme","Harry rettet Dana mit dem schwebefähigen Harrier.","„True Lies – Wahre Lügen“ (1994): Welches Fahrzeug nutzt Harry (Arnold Schwarzenegger), um seine Tochter am Hochhaus zu retten?","Eine große Feuerwehr-Drehleiter","Einen gepanzerten Transporthubschrauber","Einen senkrechtstartfähigen Harrier-Jet","Ein fernbedientes Frachtflugzeug","C","Harry übernimmt einen Harrier und erreicht damit Dana am Hochhaus und Baukran.","Die finale Rettung überträgt Harrys ungewöhnliche Fähigkeiten unmittelbar auf seine Rolle als Vater. Dana befindet sich an einem Ort, der über normale Zugänge kaum rechtzeitig zu erreichen ist. Der schwebefähige Jet löst dieses räumliche Problem auf spektakuläre Weise. Gleichzeitig werden seine geheime Tätigkeit und sein Familienleben nun vollständig miteinander verbunden.","Eine Feuerwehrleiter ist nicht sein Mittel am Hochhaus.","Ein Hubschrauber hilft zuvor bei Helens Rettung, doch Dana erreicht Harry im Harrier.","Harry übernimmt einen Harrier und erreicht damit Dana am Hochhaus und Baukran.","Das Flugzeug ist weder unbemannt noch ein Frachter; Harry sitzt selbst im Kampfjet.","Harry rettet Dana mit dem schwebefähigen Harrier.","Auflösung","https://en.wikipedia.org/wiki/True_Lies","redaktionell_geprueft"
"ACT-L-027","K-ACT-14-matrix-name","","de","Film","Action","Phantom Kommando","Commando","1985","","leicht","Figur","Entführung|Familie|Militär","Militäraction|Rettungsmissionen","John Matrix wird aus dem Ruhestand zur Rettung gezwungen.","„Phantom Kommando“ (1985): Wie heißt der ehemalige Soldat im Mittelpunkt des Films?","John Rambo","John Matrix","Dutch Schaefer","Harry Tasker","B","Arnold Schwarzenegger spielt den zurückgezogen lebenden John Matrix.","Matrix möchte seine militärische Vergangenheit hinter sich lassen und mit seiner Tochter leben. Der Angriff auf dieses Privatleben zwingt ihn zurück in die Gewalt. Sein Name gehört deshalb zu einer Figur, deren Fähigkeiten schon vorhanden sind, aber zunächst ruhen. Die Handlung setzt darauf, dass die Entführer genau diese Fähigkeiten erzwingen wollen und damit ihren eigenen Gegner aktivieren.","Rambo wird von Sylvester Stallone gespielt und gehört zu einer anderen Reihe.","Arnold Schwarzenegger spielt den zurückgezogen lebenden John Matrix.","Dutch ist seine Figur aus Predator, nicht aus Phantom Kommando.","Tasker ist Schwarzeneggers Agentenfigur aus True Lies.","John Matrix wird aus dem Ruhestand zur Rettung gezwungen.","keine","https://en.wikipedia.org/wiki/Commando_(1985_film)","redaktionell_geprueft"
"ACT-L-028","K-ACT-14-jenny-tochter","","de","Film","Action","Phantom Kommando","Commando","1985","","leicht","Beziehung","Entführung|Familie|Militär","Militäraction|Rettungsmissionen","Jenny ist die Tochter, für deren Rettung Matrix handelt.","„Phantom Kommando“ (1985): Wen entführen die Gegner, um Matrix zu erpressen?","Seine Tochter Jenny","Seine Schwester Cindy","Seine Frau Helen","Seine Vorgesetzte Sarah","A","Die Täter entführen Matrix' Tochter Jenny.","Jenny ist der Mittelpunkt von Matrix' zurückgezogenem Alltag. Ihre Entführung gibt der Gewaltgeschichte ein unmittelbar verständliches Ziel und setzt einen Zeitdruck. Alyssa Milano spielt sie nicht nur als wartendes Opfer: Sie versucht auch selbst, ihre Lage zu verändern. Die Vater-Tochter-Beziehung bleibt der Maßstab, an dem Matrix seine Entscheidungen und Risiken ausrichtet.","Die Täter entführen Matrix' Tochter Jenny.","Cindy ist eine spätere Helferin und nicht seine Schwester.","Helen gehört zu True Lies; Matrix' Tochter ist hier das Druckmittel.","Eine Vorgesetzte namens Sarah wird nicht als Druckmittel entführt.","Jenny ist die Tochter, für deren Rettung Matrix handelt.","Handlung","https://en.wikipedia.org/wiki/Commando_(1985_film)","redaktionell_geprueft"
"ACT-M-027","K-ACT-14-arius-auftrag","","de","Film","Action","Phantom Kommando","Commando","1985","","mittel","Motiv","Entführung|Familie|Militär","Militäraction|Rettungsmissionen","Arius will Matrix zum Attentäter gegen Val Verdes Präsidenten machen.","„Phantom Kommando“ (1985): Wozu soll Matrix durch die Entführung gezwungen werden?","Einen Gefangenen aus Alcatraz befreien","Eine Nuklearrakete in Kuba starten","Den Präsidenten von Val Verde ermorden","Einen amerikanischen Goldtransport überfallen","C","Arius will Matrix für ein Attentat in Val Verde einsetzen, um selbst wieder Macht zu gewinnen.","Die Entführung dient einem politischen Auftrag, den Matrix nicht freiwillig übernehmen würde. Seine früheren Fähigkeiten sollen für die Rückkehr eines gestürzten Machthabers nutzbar werden. Matrix muss deshalb den Eindruck erzeugen, dem Plan zu folgen, während er in Wahrheit seine Tochter sucht. Die Gegner verwechseln seine familiäre Bindung mit dauerhafter Kontrollierbarkeit.","Alcatraz gehört nicht zu dem erzwungenen Auftrag.","Ein Raketenstart in Kuba ist nicht die geforderte Tat.","Arius will Matrix für ein Attentat in Val Verde einsetzen, um selbst wieder Macht zu gewinnen.","Ein Goldraub ist nicht Arius' politisches Ziel.","Arius will Matrix zum Attentäter gegen Val Verdes Präsidenten machen.","Handlung","https://en.wikipedia.org/wiki/Commando_(1985_film)","redaktionell_geprueft"
"ACT-M-028","K-ACT-14-cindy-beruf","","de","Film","Action","Phantom Kommando","Commando","1985","","mittel","Figur","Entführung|Familie|Militär","Militäraction|Rettungsmissionen","Cindy kommt aus der zivilen Luftfahrt, nicht aus Matrix' Einheit.",„Phantom Kommando“ (1985): Welchen Beruf hat Matrix' unfreiwillige Helferin Cindy (Rae Dawn Chong)?,"Chirurgin","Rechtsanwältin","Polizistin","Flugbegleiterin","D","Cindy ist eine Flugbegleiterin, die in Matrix' Suche hineingezogen wird.","Cindy begegnet Matrix zunächst mit verständlichem Misstrauen. Erst nach und nach erkennt sie, dass hinter seinem extremen Verhalten die Rettung eines Kindes steht. Ihre Mithilfe verbindet die militärische Welt des Helden mit einer zivilen Perspektive. Sie reagiert auf viele Situationen anders als ein trainierter Soldat und verhindert damit, dass seine Vorgehensweise völlig selbstverständlich wirkt.","Medizin ist nicht ihr Beruf; ihre Verbindung zur Luftfahrt wird wichtig.","Sie ist keine Anwältin, die Matrix aus juristischen Gründen begleitet.","Sie arbeitet nicht als Polizistin und folgt keinem dienstlichen Einsatzauftrag.","Cindy ist eine Flugbegleiterin, die in Matrix' Suche hineingezogen wird.","Cindy kommt aus der zivilen Luftfahrt, nicht aus Matrix' Einheit.","Handlung","https://en.wikipedia.org/wiki/Commando_(1985_film)","redaktionell_geprueft"
"ACT-S-027","K-ACT-14-flugzeug-flucht","","de","Film","Action","Phantom Kommando","Commando","1985","","schwer","Handlung","Entführung|Familie|Militär","Militäraction|Rettungsmissionen","Matrix' heimlicher Absprung macht die Flugzeit zu seiner Ermittlungszeit.","„Phantom Kommando“ (1985): Wie gewinnt Matrix Zeit, obwohl die Täter ihn bereits ins Flugzeug gesetzt haben?","Er versteckt sich bis zum Ziel im Gepäckraum.","Er lässt das Flugzeug über Val Verde landen und zurückfliegen.","Er springt beim Start über den Fahrwerksbereich hinaus.","Er zwingt den Piloten sofort zur Rückkehr.","C","Matrix verlässt die startende Maschine unbemerkt, sodass seine Gegner ihn weiter auf dem Weg nach Val Verde glauben.","Der erzwungene Flug soll Matrix von seiner Tochter entfernen. Durch den riskanten Absprung dreht er den Zeitplan jedoch um: Die Täter rechnen erst nach der Ankunft mit neuen Ereignissen. Innerhalb dieses gewonnenen Fensters kann er ermitteln und sich ausrüsten. Die spektakuläre Flucht hat deshalb eine klare Funktion für die folgende Rettungsaktion.","Im Gepäckraum bliebe er an Bord; er verlässt die Maschine.","Er reist gerade nicht bis nach Val Verde, weil dadurch wertvolle Zeit verloren ginge.","Matrix verlässt die startende Maschine unbemerkt, sodass seine Gegner ihn weiter auf dem Weg nach Val Verde glauben.","Eine offene Rückkehr würde die Gegner sofort warnen; er muss unbemerkt verschwinden.","Matrix' heimlicher Absprung macht die Flugzeit zu seiner Ermittlungszeit.","Handlung","https://en.wikipedia.org/wiki/Commando_(1985_film)","redaktionell_geprueft"
"ACT-S-028","K-ACT-14-bennett-rohr","","de","Film","Action","Phantom Kommando","Commando","1985","","schwer","Handlung","Entführung|Familie|Militär","Militäraction|Rettungsmissionen","Im letzten Zweikampf wird ein Metallrohr zur entscheidenden Waffe.",„Phantom Kommando“ (1985): Womit besiegt Matrix Bennett (Vernon Wells) im letzten Kampf?,"Mit einer herabfallenden Last aus einem Kran","Mit einem gezielten Schuss aus dem Boot","Mit einer versteckten Sprengladung an der Tür","Mit einem abgebrochenen Metallrohr","D","Matrix durchbohrt Bennett mit einem Metallrohr, das dessen Körper und eine dahinterliegende Leitung trifft.","Bennett will die Auseinandersetzung persönlich und aus nächster Nähe entscheiden. Der Kampf verlagert sich dadurch von großer Feuerkraft auf unmittelbare körperliche Überlegenheit und die Umgebung. Matrix verwendet schließlich einen Gegenstand aus dem Raum. Die Rettung Jennys endet so in einer direkten Abrechnung zwischen zwei Männern, deren gemeinsame Vergangenheit den Hass zusätzlich verstärkt.","Ein Kran spielt bei Bennetts Ende keine Rolle.","Der Kampf endet nicht durch einen entfernten Schuss von einem Boot.","Eine vorbereitete Türbombe ist nicht die entscheidende Waffe.","Matrix durchbohrt Bennett mit einem Metallrohr, das dessen Körper und eine dahinterliegende Leitung trifft.","Im letzten Zweikampf wird ein Metallrohr zur entscheidenden Waffe.","Auflösung","https://en.wikipedia.org/wiki/Commando_(1985_film)","redaktionell_geprueft"
"ACT-L-029","K-ACT-15-rambo-stallone","","de","Film","Action","Rambo","First Blood","1982","Rambo","leicht","Besetzung","Kriegstrauma|Verfolgung|Militär","Rambo|Militäraction","Sylvester Stallone spielt den verletzlichen und gefährlichen John Rambo.","„Rambo“ (1982): Wer spielt John Rambo?","Arnold Schwarzenegger","Chuck Norris","Jean-Claude Van Damme","Sylvester Stallone","D","Sylvester Stallone verkörpert den traumatisierten Veteranen John Rambo.","Der erste Rambo-Film stellt zunächst einen entwurzelten Heimkehrer vor, keinen Soldaten auf neuer Auslandsmission. Stallones Figur findet in der amerikanischen Kleinstadt keine Ruhe. Seine körperlichen Fähigkeiten stehen neben tiefer Verletzlichkeit. Diese Kombination ist wichtig, weil die spätere Eskalation nicht allein als Demonstration militärischer Stärke verstanden werden kann.","Schwarzenegger spielt John Matrix, nicht John Rambo.","Norris spielt andere militärische Actionhelden; Rambo ist Stallones Rolle.","Van Damme ist nicht der Darsteller dieses Veteranen.","Sylvester Stallone verkörpert den traumatisierten Veteranen John Rambo.","Sylvester Stallone spielt den verletzlichen und gefährlichen John Rambo.","keine","https://en.wikipedia.org/wiki/First_Blood","redaktionell_geprueft"
"ACT-L-030","K-ACT-15-vietnamveteran","","de","Film","Action","Rambo","First Blood","1982","Rambo","leicht","Figur","Kriegstrauma|Verfolgung|Militär","Rambo|Militäraction","Rambos Kriegserfahrung stammt aus Vietnam und endet für ihn nicht mit der Heimkehr.",„Rambo“ (1982): Aus welchem Krieg ist Rambo (Sylvester Stallone) als Veteran zurückgekehrt?,"Aus dem Zweiten Weltkrieg","Aus dem Vietnamkrieg","Aus dem Koreakrieg","Aus dem Golfkrieg von 1991","B","Rambo ist ein Veteran des Vietnamkriegs.","Seine Kriegserfahrung beeinflusst seine Wahrnehmung von Bedrohung und sein Verhalten unter Druck. Der Film zeigt, dass eine Rückkehr in die Heimat nicht automatisch eine Rückkehr in ein normales Leben bedeutet. Rambo besitzt Fähigkeiten, die im Krieg geschätzt wurden, findet dafür aber im zivilen Alltag weder einen passenden Platz noch die erhoffte Anerkennung.","Rambo gehört nicht zur Generation der hier gemeinten Weltkriegsveteranen.","Rambo ist ein Veteran des Vietnamkriegs.","Der Koreakrieg ist nicht Rambos militärischer Hintergrund.","Der Film entstand vor dem Golfkrieg von 1991 und bezieht sich auf Vietnam.","Rambos Kriegserfahrung stammt aus Vietnam und endet für ihn nicht mit der Heimkehr.","keine","https://en.wikipedia.org/wiki/First_Blood","redaktionell_geprueft"
"ACT-M-029","K-ACT-15-teasle-sheriff","","de","Film","Action","Rambo","First Blood","1982","Rambo","mittel","Figur","Kriegstrauma|Verfolgung|Militär","Rambo|Militäraction","Teasles Ausgrenzung setzt die Eskalation in Gang.",„Rambo“ (1982): Welcher örtliche Amtsträger treibt den Konflikt mit Rambo (Sylvester Stallone) voran?,"Marshal Sam Gerard","Sheriff Will Teasle","Captain Roger Murtaugh","Colonel Sam Trautman","B","Sheriff Teasle will Rambo aus der Stadt fernhalten und lässt ihn später festnehmen.","Teasle betrachtet den fremden Wanderer zunächst als unerwünschten Störenfried. Sein Bestehen auf Autorität verwandelt eine vermeidbare Begegnung in einen persönlichen Machtkampf. Er unterschätzt dabei sowohl Rambos Fähigkeiten als auch dessen psychische Belastung. Der Film entwickelt die Verfolgung aus einer Kette von Entscheidungen, in denen keiner der Beteiligten rechtzeitig von seinem Anspruch abrückt.","Gerard gehört zu Auf der Flucht.","Sheriff Teasle will Rambo aus der Stadt fernhalten und lässt ihn später festnehmen.","Murtaugh ist ein Ermittler aus Lethal Weapon.","Trautman versucht, den Konflikt zu begrenzen, und ist nicht der örtliche Sheriff.","Teasles Ausgrenzung setzt die Eskalation in Gang.","Handlung","https://en.wikipedia.org/wiki/First_Blood","redaktionell_geprueft"
"ACT-M-030","K-ACT-15-trautman-kommandeur","","de","Film","Action","Rambo","First Blood","1982","Rambo","mittel","Beziehung","Kriegstrauma|Verfolgung|Militär","Rambo|Militäraction","Trautman kennt den Soldaten, den Teasle nur als Störenfried sieht.","„Rambo“ (1982): Warum glaubt Trautman (Richard Crenna), auf Rambo (Sylvester Stallone) einwirken zu können?","Er war dessen militärischer Vorgesetzter.","Er ist sein Pflichtverteidiger.","Er hat ihn als Jugendlicher adoptiert.","Er ist dessen älterer Bruder.","A","Colonel Trautman kennt Rambo aus seiner militärischen Ausbildung und seinem früheren Dienst.","Trautman bringt ein Wissen mit, das den örtlichen Polizisten fehlt. Er kennt nicht nur Rambos Leistungsfähigkeit, sondern auch dessen Prägung. Seine Warnungen sollen deshalb zunächst eine noch größere Eskalation verhindern. Gleichzeitig steht seine Rolle für die Institution, die Rambo auf extreme Gewalt vorbereitet hat und nun mit deren Folgen im eigenen Land konfrontiert wird.","Colonel Trautman kennt Rambo aus seiner militärischen Ausbildung und seinem früheren Dienst.","Er kommt nicht als juristischer Vertreter, sondern als früherer Vorgesetzter.","Trautman ist kein Adoptivvater aus Rambos Jugend.","Die Beziehung ist militärisch und nicht brüderlich.","Trautman kennt den Soldaten, den Teasle nur als Störenfried sieht.","Handlung","https://en.wikipedia.org/wiki/First_Blood","redaktionell_geprueft"
"ACT-S-029","K-ACT-15-rasur-flashback","","de","Film","Action","Rambo","First Blood","1982","Rambo","schwer","Handlung","Kriegstrauma|Verfolgung|Militär","Rambo|Militäraction","Die Gewalt auf der Wache lässt Rambos Kriegstrauma wiederaufleben.",„Rambo“ (1982): Warum löst die brutale Behandlung auf der Wache bei Rambo (Sylvester Stallone) einen Zusammenbruch aus?,"Sie lässt ihn erstmals von einer geheimen Anklage erfahren.","Sie ruft Erinnerungen an Folter in Gefangenschaft hervor.","Sie beweist ihm, dass Trautman ihn verraten hat.","Sie verhindert die Einnahme einer notwendigen Medizin.","B","Die Misshandlungen und die drohende Rasur lösen traumatische Erinnerungen an Vietnam aus.","Die Polizeiszene erklärt Rambos Gegenwehr nicht nur durch Ärger über eine Festnahme. Die Bilder seiner früheren Gefangenschaft drängen in die Gegenwart. Damit wird eine alltägliche Amtshandlung aus seiner Sicht Teil einer existenziellen Bedrohung. Die Zuspitzung zeigt, wie gefährlich grobe Demütigung werden kann, wenn die Beteiligten das Trauma des Gegenübers nicht erkennen.","Eine neu enthüllte Anklage ist nicht der gezeigte Auslöser.","Die Misshandlungen und die drohende Rasur lösen traumatische Erinnerungen an Vietnam aus.","Trautmans Verrat wird in dieser Szene nicht festgestellt.","Ein Medikamentenentzug wird nicht als Ursache gezeigt.","Die Gewalt auf der Wache lässt Rambos Kriegstrauma wiederaufleben.","Handlung","https://en.wikipedia.org/wiki/First_Blood","redaktionell_geprueft"
"ACT-S-030","K-ACT-15-kinoende","","de","Film","Action","Rambo","First Blood","1982","Rambo","schwer","Handlung","Kriegstrauma|Verfolgung|Militär","Rambo|Militäraction","Der Kinofilm endet mit Rambos Zusammenbruch und Festnahme, nicht mit seinem Tod.",„Rambo“ (1982): Wie endet Rambos (Sylvester Stallone) Konfrontation in der regulären Kinofassung?,"Er übernimmt die Führung der örtlichen Polizei.","Er flieht mit Teasle als Geisel ins Ausland.","Er bricht zusammen und lässt sich mit Trautman abführen.","Er stirbt durch einen Schuss Trautmans.","C","Trautman bringt Rambo zum Aufgeben; Rambo wird lebend in Gewahrsam genommen.","Am Ende erzählt Rambo von Verlusten und seiner Unfähigkeit, im zivilen Leben Fuß zu fassen. Die Entladung ist emotional, nicht nur militärisch. Trautman kann ihn schließlich erreichen und aus dem zerstörten Gebäude begleiten. Die ausdrückliche Beschränkung auf die Kinofassung ist wichtig, weil Romanvorlage und verworfene Filmfassungen andere Möglichkeiten für Rambos Ende enthalten.","Rambo wird nicht zum neuen Polizeichef.","Er nimmt Teasle nicht als Geisel mit ins Ausland.","Trautman bringt Rambo zum Aufgeben; Rambo wird lebend in Gewahrsam genommen.","Ein tödlicher Schuss gehört nicht zum Ende der regulären Kinofassung.","Der Kinofilm endet mit Rambos Zusammenbruch und Festnahme, nicht mit seinem Tod.","Auflösung","https://en.wikipedia.org/wiki/First_Blood","redaktionell_geprueft"
"ACT-L-031","K-ACT-16-vietnam-rueckkehr","","de","Film","Action","Rambo II – Der Auftrag","Rambo: First Blood Part II","1985","Rambo","leicht","Schauplatz","Kriegsgefangene|Militär|Rettungsmission","Rambo|Militäraction|Rettungsmissionen","Rambos zweite Filmmission führt zurück nach Vietnam.",„Rambo II – Der Auftrag“ (1985): In welches Land wird Rambo (Sylvester Stallone) für seine neue Mission geschickt?,"Vietnam","Korea","Afghanistan","Nicaragua","A","Rambo kehrt für die Suche nach amerikanischen Kriegsgefangenen nach Vietnam zurück.","Der zweite Film verlagert die Handlung aus der amerikanischen Heimat wieder in das frühere Kriegsgebiet. Rambo erhält die Aussicht auf Freiheit, muss dafür aber einen Auftrag übernehmen. Seine Rückkehr verbindet persönliche Vergangenheit mit einer offiziell begrenzten Mission. Die Frage nach zurückgelassenen Menschen wird wichtiger als die bürokratische Form, in der sein Einsatz zunächst beschrieben wird.","Rambo kehrt für die Suche nach amerikanischen Kriegsgefangenen nach Vietnam zurück.","Korea ist nicht das Gebiet der gesuchten Gefangenen.","Afghanistan ist der Schauplatz des dritten Rambo-Films.","Nicaragua ist nicht das Ziel dieser Mission.","Rambos zweite Filmmission führt zurück nach Vietnam.","keine","https://en.wikipedia.org/wiki/Rambo:_First_Blood_Part_II","redaktionell_geprueft"
"ACT-L-032","K-ACT-16-kriegsgefangene","","de","Film","Action","Rambo II – Der Auftrag","Rambo: First Blood Part II","1985","Rambo","leicht","Motiv","Kriegsgefangene|Militär|Rettungsmission","Rambo|Militäraction|Rettungsmissionen","Rambo sucht zurückgelassene amerikanische Kriegsgefangene.",„Rambo II – Der Auftrag“ (1985): Nach wem soll Rambo (Sylvester Stallone) bei seiner Aufklärungsmission suchen?,"Nach geflüchteten Bankräubern aus den USA","Nach entführten Touristen aus Frankreich","Nach amerikanischen Kriegsgefangenen","Nach verschwundenen Diplomaten aus Kanada","C","Er soll feststellen, ob noch amerikanische Kriegsgefangene in einem Lager festgehalten werden.","Die Gefangenen stehen für einen Krieg, der politisch beendet scheint, für einzelne Menschen aber weitergeht. Rambo begegnet damit einer Aufgabe, die eng mit seiner eigenen Erfahrung verbunden ist. Die Mission wird moralisch dringlich, sobald er nicht mehr bloß einen möglichen Lagerort beobachtet, sondern tatsächlich Menschen findet, die auf Hilfe warten.","Die Gesuchten sind Soldaten in Gefangenschaft und keine flüchtigen Kriminellen.","Touristen sind nicht die gesuchte Gruppe.","Er soll feststellen, ob noch amerikanische Kriegsgefangene in einem Lager festgehalten werden.","Die Mission betrifft keine kanadischen Diplomaten.","Rambo sucht zurückgelassene amerikanische Kriegsgefangene.","Handlung","https://en.wikipedia.org/wiki/Rambo:_First_Blood_Part_II","redaktionell_geprueft"
"ACT-M-031","K-ACT-16-nur-fotos","","de","Film","Action","Rambo II – Der Auftrag","Rambo: First Blood Part II","1985","Rambo","mittel","Handlung","Kriegsgefangene|Militär|Rettungsmission","Rambo|Militäraction|Rettungsmissionen","Der Befehl verlangt Bilder, Rambos Gewissen verlangt Hilfe.",„Rambo II – Der Auftrag“ (1985): Welche Begrenzung legt Murdock (Charles Napier) Rambo (Sylvester Stallone) zunächst ausdrücklich auf?,"Er soll alle Gefangenen sofort über Land nach Thailand führen.","Er soll den Lagerkommandanten öffentlich verhaften.","Er soll das Lager ohne Untersuchung vollständig zerstören.","Er soll nur fotografieren und keine Rettungsaktion beginnen.","D","Der offizielle Auftrag sieht Aufklärung und Fotos vor, keine eigenmächtige Befreiung.","Die Anweisung trennt Beobachtung von Hilfeleistung. Für die Einsatzleitung bedeutet das eine kontrollierbare Mission; für Rambo wird es angesichts realer Gefangener zum moralischen Problem. Seine Entscheidung, einen Mann mitzunehmen, überschreitet den Rahmen. Der Film macht den Konflikt zwischen Befehl und Verantwortung dadurch an einer konkreten Handlung fest, statt ihn nur auszusprechen.","Eine große Rückführung ist nicht vorgesehen; Rambo soll lediglich Beweise sammeln.","Eine öffentliche Verhaftung gehört nicht zur verdeckten Aufklärung.","Eine sofortige Vernichtung des Lagers ist gerade nicht der Auftrag.","Der offizielle Auftrag sieht Aufklärung und Fotos vor, keine eigenmächtige Befreiung.","Der Befehl verlangt Bilder, Rambos Gewissen verlangt Hilfe.","Handlung","https://en.wikipedia.org/wiki/Rambo:_First_Blood_Part_II","redaktionell_geprueft"
"ACT-M-032","K-ACT-16-co-bao","","de","Film","Action","Rambo II – Der Auftrag","Rambo: First Blood Part II","1985","Rambo","mittel","Figur","Kriegsgefangene|Militär|Rettungsmission","Rambo|Militäraction|Rettungsmissionen","Co Bao macht Rambos Einsatz durch Ortskenntnis und Mut möglich.",„Rambo II – Der Auftrag“ (1985): Wer unterstützt Rambo (Sylvester Stallone) vor Ort als einheimische Kontaktperson?,"Cindy","Sarah Connor","Co Bao","Natalya Simonova","C","Co Bao hilft Rambo bei der Bewegung im Einsatzgebiet und bei seiner Rettung.","Co Bao bringt Ortskenntnis, Kontakte und eigene Entschlossenheit in die Mission ein. Sie ist deshalb mehr als eine Begleitung für den amerikanischen Helden. Zwischen beiden entsteht Vertrauen, weil sie gemeinsam konkrete Gefahren bewältigen. Ihre Unterstützung zeigt, dass Rambo trotz seiner betonten Einzelkämpferrolle auf die Fähigkeiten eines anderen Menschen angewiesen bleibt.","Cindy hilft John Matrix in Phantom Kommando.","Sarah Connor gehört zur Terminator-Reihe und ist nicht Rambos Kontaktperson.","Co Bao hilft Rambo bei der Bewegung im Einsatzgebiet und bei seiner Rettung.","Natalya ist die Programmiererin aus GoldenEye.","Co Bao macht Rambos Einsatz durch Ortskenntnis und Mut möglich.","Handlung","https://en.wikipedia.org/wiki/Rambo:_First_Blood_Part_II","redaktionell_geprueft"
"ACT-S-031","K-ACT-16-murdock-abbruch","","de","Film","Action","Rambo II – Der Auftrag","Rambo: First Blood Part II","1985","Rambo","schwer","Handlung","Kriegsgefangene|Militär|Rettungsmission","Rambo|Militäraction|Rettungsmissionen","Der gefundene Gefangene macht Murdocks angebliche Rettungsmission unbequem.",„Rambo II – Der Auftrag“ (1985): Warum wird Rambo (Sylvester Stallone) am vereinbarten Abholpunkt zurückgelassen?,"Co Bao hat versehentlich einen anderen Treffpunkt genannt.","Trautman erkennt Rambo auf den Kamerabildern nicht.","Murdock bricht die Bergung ab, als ein echter Gefangener auftaucht.","Der Hubschrauber besitzt keinen Platz für zwei Passagiere.","C","Murdock will die Folgen tatsächlich gefundener Kriegsgefangener vermeiden und lässt den Hubschrauber abdrehen.","Rambos Erfolg wird für die Einsatzleitung zum Problem. Statt nur eine harmlose Bestätigung zu liefern, bringt er einen lebenden Beweis für nicht abgeschlossene Verpflichtungen mit. Der Abbruch entlarvt den Unterschied zwischen dem offiziell dargestellten Zweck und dem politischen Interesse hinter der Mission. Rambo wird ausgerechnet von den Menschen verraten, deren Auftrag er erfüllen sollte.","Ein falscher Treffpunkt erklärt das sichtbare Abdrehen am richtigen Ort nicht.","Trautman weiß, wer am Boden ist, und widersetzt sich dem Abbruch.","Murdock will die Folgen tatsächlich gefundener Kriegsgefangener vermeiden und lässt den Hubschrauber abdrehen.","Platzmangel ist nicht der angegebene Grund; die Entscheidung ist politisch motiviert.","Der gefundene Gefangene macht Murdocks angebliche Rettungsmission unbequem.","Auflösung","https://en.wikipedia.org/wiki/Rambo:_First_Blood_Part_II","redaktionell_geprueft"
"ACT-S-032","K-ACT-16-funkdrohung-murdock","","de","Film","Action","Rambo II – Der Auftrag","Rambo: First Blood Part II","1985","Rambo","schwer","Handlung","Kriegsgefangene|Militär|Rettungsmission","Rambo|Militäraction|Rettungsmissionen","Rambos Funkbotschaft macht Murdock für den Verrat verantwortlich.","„Rambo II – Der Auftrag“ (1985): An wen richtet Rambo (Sylvester Stallone) die Drohung, ihn nach seiner Rückkehr zur Rechenschaft zu ziehen?","An den bereits befreiten Gefangenen","An Trautman","An Co Bao","An Murdock","D","Rambo richtet seine über Funk übermittelte Drohung an den verantwortlichen Einsatzleiter Murdock.","Seine Gefangenschaft soll auch für eine demütigende Nachricht an die Amerikaner genutzt werden. Rambo wendet die Funkverbindung jedoch gegen den Mann, der ihn zurückgelassen hat. Die Szene verknüpft äußere Gefangenschaft mit innerem Verrat. Er betrachtet nicht nur die Bewacher als Gegner, sondern auch die politische Entscheidung, die seine Rettung verhindert hat.","Der Gefangene ist Opfer der Lage und nicht Ziel von Rambos Drohung.","Trautman hat den Abbruch nicht angeordnet und ist nicht der Adressat dieser Abrechnung.","Co Bao ist seine Helferin, nicht die Verantwortliche für den Verrat.","Rambo richtet seine über Funk übermittelte Drohung an den verantwortlichen Einsatzleiter Murdock.","Rambos Funkbotschaft macht Murdock für den Verrat verantwortlich.","Handlung","https://en.wikipedia.org/wiki/Rambo:_First_Blood_Part_II","redaktionell_geprueft"
"ACT-L-033","K-ACT-17-bond-connery","","de","Film","Action","James Bond 007 – Goldfinger","Goldfinger","1964","James Bond","leicht","Besetzung","Spionage|Gold|Sabotage","James Bond|Agentenfilme","Sean Connery ist der Bond von Goldfinger.","„James Bond 007 – Goldfinger“ (1964): Wer spielt James Bond in diesem Film?","Sean Connery","Pierce Brosnan","Roger Moore","Daniel Craig","A","Sean Connery spielt Bond in Goldfinger.","James Bond (Sean Connery) kommt Auric Goldfinger (Gert Fröbe) zunächst beim Golf näher. Goldfinger betrügt beim Spiel; Bond lässt sich auf das Duell ein, statt nur aus der Ferne zu beobachten. Später verfolgt er den Goldhändler auf einer Schweizer Passstraße. So führt die Ermittlung vom persönlichen Kräftemessen zur Verfolgung. Connerys Bond muss gesellschaftlich auftreten können und zugleich als Agent unauffällig am Gegner bleiben.","Sean Connery spielt Bond in Goldfinger.","Brosnans erster Bond-Film ist GoldenEye, nicht Goldfinger.","Moore übernahm die Rolle erst in einer späteren Phase der Reihe.","Craig debütiert als Bond in Casino Royale von 2006.","Sean Connery ist der Bond von Goldfinger.","keine","https://www.007.com/bond-tails-goldfinger/|https://www.007.com/goldfinger-2/","redaktionell_geprueft"
"ACT-L-034","K-ACT-17-oddjob-hut","","de","Film","Action","James Bond 007 – Goldfinger","Goldfinger","1964","James Bond","leicht","Figur","Spionage|Gold|Sabotage","James Bond|Agentenfilme","Oddjobs Hut ist Kleidung und Waffe zugleich.",„James Bond 007 – Goldfinger“ (1964): Welchen auffälligen Gegenstand benutzt Oddjob (Harold Sakata) als Waffe?,"Einen Schirm mit Giftnadel","Einen Hut mit Metallrand","Eine Kamera mit Betäubungspfeilen","Einen Schuh mit ausfahrbarer Klinge","B","Oddjob kann seinen metallverstärkten Hut als tödliches Wurfgeschoss einsetzen.","Goldfingers schweigsamer Helfer benötigt wenige Worte, um bedrohlich zu wirken. Sein Hut verbindet ein gepflegtes äußeres Erscheinungsbild mit überraschender Gewalt. Die Fähigkeit wird früh demonstriert und bleibt als Gefahr präsent. Im späteren Kampf muss Bond deshalb nicht nur Oddjobs körperliche Stärke, sondern auch diesen scheinbar harmlosen Teil seiner Kleidung berücksichtigen.","Ein bewaffneter Schirm ist nicht Oddjobs charakteristischer Gegenstand.","Oddjob kann seinen metallverstärkten Hut als tödliches Wurfgeschoss einsetzen.","Eine schießende Kamera ersetzt hier nicht den metallverstärkten Hut.","Die Schuhklinge gehört nicht zu seiner gezeigten Spezialwaffe.","Oddjobs Hut ist Kleidung und Waffe zugleich.","Handlung","https://www.007.com/the-films/goldfinger/|https://en.wikipedia.org/wiki/Goldfinger_(film)","redaktionell_geprueft"
"ACT-M-033","K-ACT-17-fort-knox-kontamination","","de","Film","Action","James Bond 007 – Goldfinger","Goldfinger","1964","James Bond","mittel","Motiv","Spionage|Gold|Sabotage","James Bond|Agentenfilme","Goldfinger will fremdes Gold entwerten, um sein eigenes aufzuwerten.",„James Bond 007 – Goldfinger“ (1964): Was plant Goldfinger (Gert Fröbe) mit dem Gold in Fort Knox?,"Er will sämtliche Barren mit Lastwagen abtransportieren.","Er will die Barren heimlich gegen Eisen austauschen.","Er will es radioaktiv unbrauchbar machen.","Er will das Gold der amerikanischen Bevölkerung schenken.","C","Goldfinger will die Reserven kontaminieren, damit sein eigenes Gold erheblich an Wert gewinnt.","Bond erkennt, dass ein vollständiger Abtransport der Reserven kaum durchführbar wäre. Goldfingers eigentlicher Plan umgeht dieses Problem: Das Gold soll bleiben, aber wirtschaftlich nicht mehr nutzbar sein. Die Auflösung verbindet eine spektakuläre Waffe mit einer Marktstrategie. Sein Reichtum würde nicht durch mehr Besitz, sondern durch die Verknappung des verfügbaren Goldes wachsen.","Der Film macht gerade die Schwierigkeit des Abtransports zum Hinweis auf einen anderen Plan.","Ein Austausch gegen Eisen ist nicht vorgesehen; die echte Reserve soll verseucht werden.","Goldfinger will die Reserven kontaminieren, damit sein eigenes Gold erheblich an Wert gewinnt.","Eine Schenkung würde Goldfingers wirtschaftlichem Ziel widersprechen.","Goldfinger will fremdes Gold entwerten, um sein eigenes aufzuwerten.","Auflösung","https://www.007.com/the-films/goldfinger/|https://en.wikipedia.org/wiki/Goldfinger_(film)","redaktionell_geprueft"
"ACT-M-034","K-ACT-17-jill-goldfarbe","","de","Film","Action","James Bond 007 – Goldfinger","Goldfinger","1964","James Bond","mittel","Handlung","Spionage|Gold|Sabotage","James Bond|Agentenfilme","Jills goldbedeckter Körper verbindet Goldfingers Reichtum mit Gewalt.",„James Bond 007 – Goldfinger“ (1964): Wie wird Jill Masterson (Shirley Eaton) nach ihrem Verrat an Goldfinger (Gert Fröbe) aufgefunden?,"Bewusstlos an einen Fallschirm gebunden","Lebend in einem gepanzerten Tresor","Tot in einem überfluteten Auto","Tot und vollständig mit Goldfarbe bedeckt","D","Bond findet Jill tot auf dem Bett, ihr Körper ist mit Goldfarbe bedeckt.","Jill hilft Bond zunächst, Goldfingers Kartentrick zu durchschauen. Ihre Bestrafung macht aus dem spielerischen Beginn eine ernsthafte Bedrohung. Die auffällige Inszenierung verbindet Goldfingers wichtigste Obsession unmittelbar mit seiner Grausamkeit. Gefragt ist das gezeigte Bild des Films, nicht die medizinische Plausibilität der innerhalb der Handlung gegebenen Erklärung für ihren Tod.","Ein Fallschirm gehört nicht zu dieser Szene.","Ein Tresor ist nicht der Ort, an dem Bond sie findet.","Ein versunkenes Auto ist nicht Jills gezeigtes Schicksal.","Bond findet Jill tot auf dem Bett, ihr Körper ist mit Goldfarbe bedeckt.","Jills goldbedeckter Körper verbindet Goldfingers Reichtum mit Gewalt.","Handlung","https://www.007.com/the-films/goldfinger/|https://en.wikipedia.org/wiki/Goldfinger_(film)","redaktionell_geprueft"
"ACT-S-033","K-ACT-17-grand-slam-laser","","de","Film","Action","James Bond 007 – Goldfinger","Goldfinger","1964","James Bond","schwer","Handlung","Spionage|Gold|Sabotage","James Bond|Agentenfilme","Bond überlebt den Laser durch vorgetäuschtes Wissen über Grand Slam.",„James Bond 007 – Goldfinger“ (1964): Mit welchem Bluff verhindert Bond (Sean Connery) seine Tötung durch den Laser?,"Er behauptet, die CIA habe bereits den Laser übernommen.","Er behauptet, Oddjob habe alle Goldbarren gestohlen.","Er behauptet, Goldfingers Sohn gerettet zu haben.","Er behauptet, über Operation Grand Slam Bescheid zu wissen.","D","Bond setzt Goldfinger unter Druck, indem er Wissen über dessen geheimen Plan andeutet.","Bond ist auf einem Tisch fixiert und kann die Situation nicht körperlich lösen. Stattdessen macht er sein mögliches Wissen zu einem Risiko für den Gegner. Wenn der Geheimdienst bereits informiert sein könnte, genügt Bonds Tod nicht als Absicherung. Die Szene zeigt eine zentrale Agentenfähigkeit: Aus sehr begrenzten Informationen eine glaubhafte Verhandlungsposition schaffen.","Bond behauptet nicht, die Technik bereits fernzusteuern.","Ein Diebstahl durch Oddjob ist nicht sein Druckmittel.","Eine Verbindung zu Goldfingers Sohn spielt bei diesem Bluff keine Rolle.","Bond setzt Goldfinger unter Druck, indem er Wissen über dessen geheimen Plan andeutet.","Bond überlebt den Laser durch vorgetäuschtes Wissen über Grand Slam.","Handlung","https://de.wikipedia.org/wiki/James_Bond_007_%E2%80%93_Goldfinger|https://www.007.com/the-films/goldfinger/|https://en.wikipedia.org/wiki/Goldfinger_(film)","redaktionell_geprueft"
"ACT-S-034","K-ACT-17-oddjob-strom","","de","Film","Action","James Bond 007 – Goldfinger","Goldfinger","1964","James Bond","schwer","Handlung","Spionage|Gold|Sabotage","James Bond|Agentenfilme","Bond wendet Oddjobs Metallhut und das Gitter gegen ihn.",„James Bond 007 – Goldfinger“ (1964): Wie überwindet Bond (Sean Connery) Oddjob (Harold Sakata) im Tresorraum?,"Er sperrt Oddjob in eine leere Transportkiste.","Er bringt Oddjob mit einem Giftpfeil aus seiner Uhr zu Fall.","Er lässt Oddjob durch eine geöffnete Bodenklappe fallen.","Er setzt das Metallgitter unter Strom, während Oddjob den Hut greift.","D","Bond nutzt eine elektrische Leitung und das Metallgitter gegen den körperlich überlegenen Oddjob.","Die gewöhnliche körperliche Auseinandersetzung verschafft Bond kaum einen Vorteil. Oddjobs Hut bleibt dabei zugleich Gefahr und Ansatzpunkt. Als der Helfer ihn am Gitter zurückholen will, verwendet Bond den elektrischen Strom. Die Lösung entsteht aus dem Zusammenspiel von Gegnerwaffe und Umgebung und nicht aus einer plötzlich größeren Stärke des Agenten.","Eine Transportkiste hält Oddjob nicht auf.","Bonds Uhr enthält hier keinen verwendeten Giftpfeil.","Eine Bodenklappe entscheidet diesen Kampf nicht.","Bond nutzt eine elektrische Leitung und das Metallgitter gegen den körperlich überlegenen Oddjob.","Bond wendet Oddjobs Metallhut und das Gitter gegen ihn.","Auflösung","https://www.007.com/focus-week-oddjob/|https://www.007.com/the-films/goldfinger/|https://en.wikipedia.org/wiki/Goldfinger_(film)","redaktionell_geprueft"
"ACT-L-035","K-ACT-18-brosnan-debuet","","de","Film","Action","James Bond 007 – GoldenEye","GoldenEye","1995","James Bond","leicht","Filmgeschichte","Spionage|Satelliten|Rache","James Bond|Agentenfilme","GoldenEye eröffnet Pierce Brosnans Bond-Ära.","„James Bond 007 – GoldenEye“ (1995): Welcher Darsteller übernimmt hier erstmals die Rolle James Bonds?","Roger Moore","Timothy Dalton","Pierce Brosnan","Daniel Craig","C","GoldenEye ist Pierce Brosnans erster Bond-Film.","Brosnan übernimmt die bekannte Figur nach einer längeren Pause der Filmreihe. Die Handlung setzt sich mit einer veränderten politischen Welt auseinander, während vertraute Elemente wie Q und Moneypenny erhalten bleiben. Sein Einstieg verbindet dadurch Kontinuität mit einer neuen Besetzung. Auch M erhält mit Judi Dench eine neue Darstellung, die Bonds Selbstverständnis herausfordert.","Moores Bond-Phase ist bereits beendet.","Daltons letzter Bond-Film erschien zuvor; GoldenEye gehört zu Brosnan.","GoldenEye ist Pierce Brosnans erster Bond-Film.","Craig beginnt später mit Casino Royale von 2006.","GoldenEye eröffnet Pierce Brosnans Bond-Ära.","keine","https://www.007.com/the-films/goldeneye/|https://en.wikipedia.org/wiki/GoldenEye","redaktionell_geprueft"
"ACT-L-036","K-ACT-18-goldeneye-waffe","","de","Film","Action","James Bond 007 – GoldenEye","GoldenEye","1995","James Bond","leicht","Technik","Spionage|Satelliten|Rache","James Bond|Agentenfilme","GoldenEye zerstört mit einem Impuls elektronische Infrastruktur.","„James Bond 007 – GoldenEye“ (1995): Was ist GoldenEye innerhalb der Handlung?","Ein biologischer Kampfstoff","Ein getarntes U-Boot","Ein Satellitenwaffensystem","Ein radioaktiver Diamant","C","GoldenEye ist ein Weltraumwaffensystem, das durch einen elektromagnetischen Impuls Elektronik zerstören kann.","Die Bedrohung besteht nicht bloß in einer konventionellen Explosion. Das System kann technische Infrastruktur großräumig unbrauchbar machen. Dadurch eignet es sich für einen Plan, der Finanzdiebstahl und anschließende Vernichtung von Spuren verbindet. Natalyas Computerwissen ist deshalb ebenso wichtig wie Bonds Fähigkeit, in die gegnerische Anlage einzudringen und die Verantwortlichen unmittelbar zu stoppen.","Es handelt sich um eine technische und nicht um eine biologische Waffe.","Ein U-Boot ist nicht das titelgebende System.","GoldenEye ist ein Weltraumwaffensystem, das durch einen elektromagnetischen Impuls Elektronik zerstören kann.","Der Name bezeichnet keinen Edelstein.","GoldenEye zerstört mit einem Impuls elektronische Infrastruktur.","Handlung","https://www.007.com/the-films/goldeneye/|https://en.wikipedia.org/wiki/GoldenEye","redaktionell_geprueft"
"ACT-M-035","K-ACT-18-trevelyan-006","","de","Film","Action","James Bond 007 – GoldenEye","GoldenEye","1995","James Bond","mittel","Figur","Spionage|Satelliten|Rache","James Bond|Agentenfilme","Janus ist Bonds früherer Partner Alec Trevelyan.","„James Bond 007 – GoldenEye“ (1995): Wer verbirgt sich hinter dem Gegenspieler Janus?","Bill Tanner, ein Mitarbeiter von M","Jack Wade, Bonds amerikanischer Kontakt","Valentin Zukovsky, ein Nachtclubbesitzer","Alec Trevelyan, der frühere Agent 006","D","Janus ist Bonds totgeglaubter früherer Kollege Alec Trevelyan.","Die Enthüllung verändert einen Geheimdienstfall in eine persönliche Auseinandersetzung. Bond hat Trevelyan als Verbündeten gekannt und dessen Tod miterlebt zu haben geglaubt. Nun begegnet er einem Gegner, der dieselbe Ausbildung und viele seiner Gewohnheiten kennt. Die frühere Nähe erhöht die Gefahr, weil Vertrauen und professionelles Wissen gegen Bond gewendet werden können.","Tanner arbeitet weiterhin für den britischen Dienst.","Wade ist ein Verbündeter und nicht der totgeglaubte 006.","Zukovsky hilft Bond bei der Suche nach Janus, ist aber nicht dessen Identität.","Janus ist Bonds totgeglaubter früherer Kollege Alec Trevelyan.","Janus ist Bonds früherer Partner Alec Trevelyan.","Auflösung","https://www.007.com/the-films/goldeneye/|https://en.wikipedia.org/wiki/GoldenEye","redaktionell_geprueft"
"ACT-M-036","K-ACT-18-natalya-programmiererin","","de","Film","Action","James Bond 007 – GoldenEye","GoldenEye","1995","James Bond","mittel","Figur","Spionage|Satelliten|Rache","James Bond|Agentenfilme","Natalya kann das Waffensystem verstehen und verändern.",„James Bond 007 – GoldenEye“ (1995): Welche besondere Qualifikation bringt Natalya Simonova (Izabella Scorupco) mit?,"Sie ist Computerprogrammiererin.","Sie ist Nuklearmedizinerin.","Sie ist diplomatische Verhandlungsführerin.","Sie ist ausgebildete Kampfpilotin.","A","Natalya arbeitet als Programmiererin und versteht die Systeme der Satellitenanlage.","Natalya überlebt den Angriff auf ihre Arbeitsstätte und gerät dadurch ins Zentrum des Falls. Ihre Bedeutung beschränkt sich nicht auf die Information, dass ein Verbrechen stattgefunden hat. Sie kann die technische Funktionsweise des Systems beeinflussen. Der Film verteilt die Lösung damit auf zwei unterschiedliche Fähigkeiten: Bonds Einsatz vor Ort und Natalyas Kontrolle über digitale Abläufe.","Natalya arbeitet als Programmiererin und versteht die Systeme der Satellitenanlage.","Die Arbeit an den Computern ist nicht Nuklearmedizin.","Ihre Stärke liegt nicht in einem diplomatischen Amt, sondern in der Programmierung.","Sie übernimmt nicht als Kampfpilotin die entscheidende technische Aufgabe.","Natalya kann das Waffensystem verstehen und verändern.","Handlung","https://www.007.com/the-films/goldeneye/|https://en.wikipedia.org/wiki/GoldenEye","redaktionell_geprueft"
"ACT-S-035","K-ACT-18-trevelyan-eltern","","de","Film","Action","James Bond 007 – GoldenEye","GoldenEye","1995","James Bond","schwer","Motiv","Spionage|Satelliten|Rache","James Bond|Agentenfilme","Trevelyan macht das Schicksal seiner Eltern zum Motiv seiner Rache.",„James Bond 007 – GoldenEye“ (1995): Womit begründet Trevelyan (Sean Bean) seine Rache an Großbritannien?,"Mit dem Verlust seiner Anteile an einer britischen Bank","Mit einem gescheiterten Antrag auf ein Regierungsamt","Mit der Schließung seiner privaten Waffenfabrik","Mit der Auslieferung seiner kosakischen Eltern und ihrer Leidensgeschichte","D","Trevelyan führt seine Rache auf das Schicksal seiner kosakischen Eltern nach dem Zweiten Weltkrieg zurück.","Der ehemalige Agent stellt seine Geschichte als Gegenrechnung zu der Loyalität dar, die der Dienst von ihm erwartete. Er sieht in Großbritannien nicht nur einen früheren Arbeitgeber, sondern den Verantwortlichen für eine familiäre Katastrophe. Diese Begründung macht seinen Plan persönlicher, entschuldigt aber innerhalb der Handlung weder die geplanten Opfer noch seinen finanziellen Eigennutz.","Der Finanzraub gehört zum Plan, ist aber nicht seine familiäre Begründung.","Ein verweigertes Regierungsamt erklärt seine Vergangenheit nicht.","Eine Waffenfabrik ist nicht die erzählte Wurzel seiner Rache.","Trevelyan führt seine Rache auf das Schicksal seiner kosakischen Eltern nach dem Zweiten Weltkrieg zurück.","Trevelyan macht das Schicksal seiner Eltern zum Motiv seiner Rache.","Auflösung","https://www.007.com/the-films/goldeneye/|https://en.wikipedia.org/wiki/GoldenEye","redaktionell_geprueft"
"ACT-S-036","K-ACT-18-natalya-umlaufbahn","","de","Film","Action","James Bond 007 – GoldenEye","GoldenEye","1995","James Bond","schwer","Technik","Spionage|Satelliten|Rache","James Bond|Agentenfilme","Natalya lenkt GoldenEye in die Atmosphäre; Bond verhindert die Korrektur.","„James Bond 007 – GoldenEye“ (1995): Welche Änderung nimmt Natalya (Izabella Scorupco) vor, um GoldenEye zu zerstören?","Sie landet den Satelliten unbeschädigt in Großbritannien.","Sie programmiert den Satelliten zum Eintritt in die Atmosphäre.","Sie verbindet den Satelliten dauerhaft mit Bonds Armbanduhr.","Sie setzt den Satelliten auf eine Umlaufbahn um den Mond.","B","Natalya verändert die Flugbahn so, dass der Satellit in die Erdatmosphäre eintritt und verglüht.","Natalyas Eingriff gibt Bonds Kampf an der Antennenanlage ein klares Ziel. Er muss verhindern, dass ihre Programmierung rechtzeitig rückgängig gemacht wird. Technik und körperliche Auseinandersetzung sind damit direkt miteinander verbunden. Die Rettung gelingt nicht durch einen einzelnen entscheidenden Schlag, sondern durch die Zusammenarbeit zweier Personen an verschiedenen Teilen desselben Systems.","Natalya will die Waffe zerstören, nicht unversehrt bergen.","Natalya verändert die Flugbahn so, dass der Satellit in die Erdatmosphäre eintritt und verglüht.","Bonds Uhr wird nicht zur dauerhaften Satellitensteuerung.","Eine Mondumlaufbahn ist nicht das eingestellte Ziel.","Natalya lenkt GoldenEye in die Atmosphäre; Bond verhindert die Korrektur.","Auflösung","https://www.007.com/focus-of-the-week-natalya-simonova/|https://www.007.com/the-films/goldeneye/|https://en.wikipedia.org/wiki/GoldenEye","redaktionell_geprueft"
"ACT-L-037","K-ACT-19-craig-debuet","","de","Film","Action","James Bond 007: Casino Royale","Casino Royale","2006","James Bond","leicht","Besetzung","Spionage|Poker|Verrat","James Bond|Agentenfilme","Casino Royale von 2006 beginnt Daniel Craigs Bond-Phase.","„James Bond 007: Casino Royale“ (2006): Wer spielt James Bond in dieser Neuinterpretation seines frühen Agentenlebens?","Daniel Craig","Timothy Dalton","Pierce Brosnan","Sean Connery","A","Daniel Craig beginnt mit Casino Royale seine Darstellung von James Bond.","Der Film zeigt Bond zu Beginn seiner Laufbahn als Doppelnull-Agent. Craig spielt ihn körperlich direkt und noch nicht mit jeder Form von Kontrolle, die man mit der Figur verbindet. Die Handlung verbindet seine professionelle Bewährung mit einer persönlichen Beziehung. Dadurch wird der Film zugleich Agentenabenteuer und Geschichte darüber, wie sein späteres Misstrauen entstehen kann.","Daniel Craig beginnt mit Casino Royale seine Darstellung von James Bond.","Dalton spielt Bond in zwei früheren Filmen.","Brosnans Bond-Phase endet vor diesem Film.","Connery ist der frühe Kino-Bond, aber nicht die Besetzung von 2006.","Casino Royale von 2006 beginnt Daniel Craigs Bond-Phase.","keine","https://www.007.com/the-films/casino-royale/|https://en.wikipedia.org/wiki/Casino_Royale_(2006_film)","redaktionell_geprueft"
"ACT-L-038","K-ACT-19-poker","","de","Film","Action","James Bond 007: Casino Royale","Casino Royale","2006","James Bond","leicht","Handlung","Spionage|Poker|Verrat","James Bond|Agentenfilme","Der Film von 2006 ersetzt Bonds vertrautes Baccarat durch Texas Hold'em.",„James Bond 007: Casino Royale“ (2006): Bei welchem Spiel tritt Bond (Daniel Craig) im entscheidenden Casino-Turnier an?,"Texas Hold'em Poker","Blackjack","Baccarat","Roulette","A","Das Turnier wird als Texas Hold'em gespielt.","Die Einsätze am Tisch sind Teil einer Geheimdienstoperation. Le Chiffre braucht Geld, um Verluste auszugleichen und seine gefährlichen Auftraggeber zufriedenzustellen. Bond soll ihn durch eine Niederlage unter Druck setzen. Das Spiel ist deshalb mehr als dekorativer Luxus: Beobachtung, Täuschung und Risikobereitschaft entscheiden darüber, ob die politische und finanzielle Strategie des Dienstes funktioniert.","Das Turnier wird als Texas Hold'em gespielt.","Blackjack wird nicht als zentrales Turnier gespielt.","Baccarat ist mit anderen Bond-Fassungen verbunden; hier wird Poker gespielt.","Roulette ist ein Casinospiel, aber nicht das Turnier zwischen Bond und Le Chiffre.","Der Film von 2006 ersetzt Bonds vertrautes Baccarat durch Texas Hold'em.","Handlung","https://www.007.com/the-films/casino-royale/|https://en.wikipedia.org/wiki/Casino_Royale_(2006_film)","redaktionell_geprueft"
"ACT-M-037","K-ACT-19-vesper-finanzministerium","","de","Film","Action","James Bond 007: Casino Royale","Casino Royale","2006","James Bond","mittel","Figur","Spionage|Poker|Verrat","James Bond|Agentenfilme","Vesper beaufsichtigt das Geld und begegnet Bond auf Augenhöhe.",„James Bond 007: Casino Royale“ (2006): Welche offizielle Aufgabe hat Vesper Lynd (Eva Green) bei Bonds (Daniel Craig) Mission?,"Sie leitet die örtliche Polizei.","Sie vertritt Le Chiffre als Rechtsanwältin.","Sie überwacht den Einsatz des staatlichen Geldes.","Sie organisiert die Sicherheitskameras des Casinos.","C","Vesper vertritt das britische Finanzministerium und soll über die Verwendung des Einsatzgeldes wachen.","Vesper ist Bond zunächst als professionelle Gegenkraft zugeordnet. Sie kann seinen Umgang mit großen Geldbeträgen infrage stellen und muss nicht einfach seinen Anweisungen folgen. Diese institutionelle Unabhängigkeit prägt ihre Gespräche. Aus dem gegenseitigen Testen entsteht später Nähe, wodurch ein Verhältnis, das zunächst der Kontrolle dient, für Bond persönlich wichtig wird.","Sie führt keine lokale Polizeieinheit.","Sie steht offiziell auf britischer Seite und ist nicht Le Chiffres Anwältin.","Vesper vertritt das britische Finanzministerium und soll über die Verwendung des Einsatzgeldes wachen.","Die technische Casinoüberwachung ist nicht ihr Auftrag.","Vesper beaufsichtigt das Geld und begegnet Bond auf Augenhöhe.","Handlung","https://www.007.com/the-films/casino-royale/|https://en.wikipedia.org/wiki/Casino_Royale_(2006_film)","redaktionell_geprueft"
"ACT-M-038","K-ACT-19-lechiffre-verluste","","de","Film","Action","James Bond 007: Casino Royale","Casino Royale","2006","James Bond","mittel","Motiv","Spionage|Poker|Verrat","James Bond|Agentenfilme","Le Chiffre spielt, um veruntreutes Kundengeld zurückzugewinnen.",„James Bond 007: Casino Royale“ (2006): Warum muss Le Chiffre (Mads Mikkelsen) beim Poker dringend gewinnen?,"Er muss die Lizenz des Casinos zurückkaufen.","Er muss eine medizinische Behandlung für Bond bezahlen.","Er muss eine gestohlene Yacht an die Regierung zurückgeben.","Er muss verlorenes Geld seiner gefährlichen Kunden ersetzen.","D","Le Chiffre hat anvertrautes Geld durch eine gescheiterte Spekulation verloren.","Bond verhindert den Anschlag, auf dessen Folgen Le Chiffre finanziell gesetzt hatte. Dadurch wird dessen Geschäft nicht nur unprofitabel, sondern lebensgefährlich, weil die eingesetzten Mittel anderen gehören. Das Pokerspiel soll den Schaden beheben. Die Dringlichkeit erklärt, weshalb der scheinbar kontrollierte Spieler zu Gewalt und Manipulation greift, sobald der erhoffte Gewinn gefährdet ist.","Eine Casinolizenz ist nicht der Grund seiner finanziellen Not.","Bonds Behandlung begründet nicht Le Chiffres Einsatz beim Turnier.","Eine Yacht-Rückgabe ist nicht die offene Verpflichtung gegenüber seinen Kunden.","Le Chiffre hat anvertrautes Geld durch eine gescheiterte Spekulation verloren.","Le Chiffre spielt, um veruntreutes Kundengeld zurückzugewinnen.","Handlung","https://www.007.com/the-films/casino-royale/|https://en.wikipedia.org/wiki/Casino_Royale_(2006_film)","redaktionell_geprueft"
"ACT-S-037","K-ACT-19-defibrillator-vesper","","de","Film","Action","James Bond 007: Casino Royale","Casino Royale","2006","James Bond","schwer","Handlung","Spionage|Poker|Verrat","James Bond|Agentenfilme","Vesper schließt die fehlende Verbindung und rettet den hilflosen Bond.",„James Bond 007: Casino Royale“ (2006): Wie hilft Vesper (Eva Green) dem vergifteten Bond (Daniel Craig) unmittelbar am Auto?,"Sie verbindet die lose Leitung des Defibrillators und löst ihn aus.","Sie ersetzt das Giftglas durch ein zweites Getränk.","Sie entfernt einen versteckten Sender aus seiner Wunde.","Sie kühlt den Motor, damit die Bordelektronik wieder funktioniert.","A","Vesper schließt die unterbrochene Verbindung des Defibrillators und rettet Bond damit im Film das Leben.","Bond kann seine medizinische Ausrüstung zunächst nicht erfolgreich einsetzen und bricht zusammen. Vespers rechtzeitiges Eingreifen verändert ihre Beziehung über die berufliche Zusammenarbeit hinaus. Er ist in dieser Situation nicht der autonome Retter, sondern selbst auf Hilfe angewiesen. Die Szene zeigt seine Verletzlichkeit und gibt dem anschließenden Vertrauen einen konkreten gemeinsamen Hintergrund.","Vesper schließt die unterbrochene Verbindung des Defibrillators und rettet Bond damit im Film das Leben.","Das Getränk ist bereits konsumiert; ein Austausch würde die akute Gefahr nicht beseitigen.","Ein Sender wird bei der Rettung nicht entfernt.","Ein Motorproblem ist nicht der Auslöser des Geräteversagens.","Vesper schließt die fehlende Verbindung und rettet den hilflosen Bond.","Handlung","https://www.imdb.com/title/tt0381061/quotes?item=qt0433391|https://www.007.com/the-films/casino-royale/|https://en.wikipedia.org/wiki/Casino_Royale_(2006_film)","redaktionell_geprueft"
"ACT-S-038","K-ACT-19-vesper-erpressung","","de","Film","Action","James Bond 007: Casino Royale","Casino Royale","2006","James Bond","schwer","Motiv","Spionage|Poker|Verrat","James Bond|Agentenfilme","Vespers Verrat steht im Zusammenhang mit der Bedrohung ihres Freundes.",„James Bond 007: Casino Royale“ (2006): Womit wurde Vesper (Eva Green) nach der abschließenden Erklärung erpresst?,"Mit der Pfändung ihres Elternhauses","Mit dem Verlust ihrer Staatsangehörigkeit","Mit einem gefälschten Schulabschluss","Mit der Bedrohung ihres Freundes","D","M erklärt, Vesper sei durch die angebliche Gefangenschaft ihres Freundes zur Zusammenarbeit gezwungen worden.","Bond erlebt Vespers Verhalten zunächst als persönlichen Verrat. Die nachträgliche Erklärung macht die Lage widersprüchlicher: Sie handelte unter Erpressung und versuchte zugleich, Bonds Leben zu sichern. Der Film beendet die Beziehung deshalb nicht mit einer einfachen Einteilung in echte Liebe oder reine Täuschung. Ihre Entscheidungen verbinden beides mit einem Druck, den Bond lange nicht erkennt.","Eine Immobilienpfändung erklärt Vespers Zusammenarbeit nicht.","Die Staatsangehörigkeit ist nicht die bedrohte Bindung; es geht um einen Menschen.","Ein Bildungsnachweis ist nicht das eingesetzte Druckmittel.","M erklärt, Vesper sei durch die angebliche Gefangenschaft ihres Freundes zur Zusammenarbeit gezwungen worden.","Vespers Verrat steht im Zusammenhang mit der Bedrohung ihres Freundes.","Auflösung","https://www.filmsite.org/series-jamesbond21.html|https://www.007.com/the-films/casino-royale/|https://en.wikipedia.org/wiki/Casino_Royale_(2006_film)","redaktionell_geprueft"
"ACT-L-039","K-ACT-20-m-dench","","de","Film","Action","James Bond 007: Skyfall","Skyfall","2012","James Bond","leicht","Figur","Spionage|Rache|Vergangenheit","James Bond|Agentenfilme","Judi Denchs M wird selbst zum Ziel des Gegners.","„James Bond 007: Skyfall“ (2012): Welche Schauspielerin verkörpert M?","Judi Dench","Maggie Smith","Helen Mirren","Vanessa Redgrave","A","Judi Dench spielt die Leiterin des britischen Auslandsgeheimdienstes.","M steht diesmal selbst im Zentrum der Bedrohung. Entscheidungen aus ihrer Vergangenheit werden gegen sie gewendet, während ihre politische Autorität unter Druck gerät. Judi Denchs Darstellung verbindet Härte mit Verwundbarkeit. Für Bond geht es damit nicht nur um einen Auftrag im Dienst, sondern auch um Loyalität gegenüber einer Person, deren Urteile er keineswegs immer teilt.","Judi Dench spielt die Leiterin des britischen Auslandsgeheimdienstes.","Maggie Smith übernimmt diese Geheimdienstrolle nicht.","Helen Mirren ist nicht die M dieses Films.","Vanessa Redgrave spielt M hier nicht; Dench ist gefragt.","Judi Denchs M wird selbst zum Ziel des Gegners.","keine","https://www.007.com/the-films/skyfall/|https://en.wikipedia.org/wiki/Skyfall","redaktionell_geprueft"
"ACT-L-040","K-ACT-20-skyfall-anwesen","","de","Film","Action","James Bond 007: Skyfall","Skyfall","2012","James Bond","leicht","Schauplatz","Spionage|Rache|Vergangenheit","James Bond|Agentenfilme","Skyfall führt Bond in sein schottisches Elternhaus zurück.","„James Bond 007: Skyfall“ (2012): Was bezeichnet Skyfall innerhalb der Geschichte?","Eine britische Raketenbasis","Eine geheime Raumstation des MI6","Silvas gestohlene Datenbank","Bonds früheres Familienanwesen","D","Skyfall ist das abgelegene Haus in Schottland, in dem Bond aufgewachsen ist.","Bond bringt M an einen Ort, dessen Bedeutung nicht aus moderner Geheimdiensttechnik entsteht, sondern aus seiner Kindheit. Das Haus verbindet die gegenwärtige Verfolgung mit einer lange verdrängten persönlichen Geschichte. Im letzten Abschnitt werden vertraute Luxus- und Technikbilder durch ein raues, älteres Umfeld ersetzt, in dem Einfallsreichtum und Ortskenntnis wichtiger werden.","Eine offizielle Raketenbasis ist nicht Bonds Familienbesitz.","Eine Raumstation ist nicht der namensgebende Ort.","Die gestohlenen Daten heißen nicht Skyfall; gemeint ist ein Haus.","Skyfall ist das abgelegene Haus in Schottland, in dem Bond aufgewachsen ist.","Skyfall führt Bond in sein schottisches Elternhaus zurück.","Handlung","https://www.007.com/the-films/skyfall/|https://en.wikipedia.org/wiki/Skyfall","redaktionell_geprueft"
"ACT-M-039","K-ACT-20-silva-rache","","de","Film","Action","James Bond 007: Skyfall","Skyfall","2012","James Bond","mittel","Motiv","Spionage|Rache|Vergangenheit","James Bond|Agentenfilme","Silvas Angriff auf den MI6 ist vor allem eine Rache an M.",„James Bond 007: Skyfall“ (2012): Wen macht Silva (Javier Bardem) für sein Leiden als ehemaliger Agent verantwortlich?,"Eve Moneypenny","M","Gareth Mallory","Q","B","Silva will sich an M rächen, weil er sich von ihr verraten und geopfert fühlt.","Silvas Feindschaft entspringt derselben Institution, die Bond dient. Er betrachtet sich als jemanden, dessen Loyalität nicht erwidert wurde. Dadurch spiegelt er eine mögliche Kehrseite von Bonds Vertrauen in den Dienst. Sein Angriff richtet sich zwar gegen Gebäude, Daten und Mitarbeiter, doch hinter dieser weitreichenden Gewalt steht eine sehr persönliche Abrechnung mit M.","Eve ist nicht für Silvas frühere Gefangenschaft verantwortlich.","Silva will sich an M rächen, weil er sich von ihr verraten und geopfert fühlt.","Mallory überprüft den Dienst politisch, ist aber nicht Silvas zentrale Zielperson.","Q wird zum technischen Gegenspieler, ist aber nicht das ursprüngliche Ziel seiner Rache.","Silvas Angriff auf den MI6 ist vor allem eine Rache an M.","Handlung","https://www.007.com/the-films/skyfall/|https://en.wikipedia.org/wiki/Skyfall","redaktionell_geprueft"
"ACT-M-040","K-ACT-20-q-whishaw","","de","Film","Action","James Bond 007: Skyfall","Skyfall","2012","James Bond","mittel","Besetzung","Spionage|Rache|Vergangenheit","James Bond|Agentenfilme","Ben Whishaw gibt Q eine junge, digitale Prägung.","„James Bond 007: Skyfall“ (2012): Wer spielt den jungen Quartiermeister Q?","Ben Whishaw","Cillian Murphy","Andrew Scott","Tom Hiddleston","A","Ben Whishaw übernimmt die Rolle des Q.","Die Begegnung mit dem jungen Q stellt Bonds Erfahrung einer anderen Form von Kompetenz gegenüber. Q arbeitet mit digitalen Systemen und hält wenig von der Vorstellung, Stärke müsse vor allem körperlich sichtbar sein. Ihr Gespräch lebt vom Alters- und Arbeitsstilunterschied. Zugleich wird deutlich, dass die Mission beide Arten von Können braucht und keine die andere vollständig ersetzt.","Ben Whishaw übernimmt die Rolle des Q.","Cillian Murphy übernimmt diese Rolle nicht.","Andrew Scott spielt später eine andere Figur der Reihe, nicht diesen Q.","Tom Hiddleston ist nicht der Darsteller des Quartiermeisters.","Ben Whishaw gibt Q eine junge, digitale Prägung.","keine","https://www.007.com/the-films/skyfall/|https://en.wikipedia.org/wiki/Skyfall","redaktionell_geprueft"
"ACT-S-039","K-ACT-20-silva-gefangennahme","","de","Film","Action","James Bond 007: Skyfall","Skyfall","2012","James Bond","schwer","Handlung","Spionage|Rache|Vergangenheit","James Bond|Agentenfilme","Silva nutzt seine Festnahme als Weg zu M.",„James Bond 007: Skyfall“ (2012): Warum ist Silvas (Javier Bardem) Gefangennahme kein gewöhnlicher Erfolg für Bond (Daniel Craig)?,"Sie dient Silva als Ablenkung für einen zeitgleichen Raub von Goldreserven.","Sie ist ein Täuschungsmanöver, um Bond nach Macau zurückzulocken.","Sie gehört zu Silvas Plan, M während ihrer Anhörung anzugreifen.","Sie ermöglicht Silva einen ausgehandelten Austausch gegen Q.","C","Silva kalkuliert seine Gefangennahme und anschließende Flucht ein, um M gezielt zu erreichen.","Der Gefangene wirkt zunächst unter Kontrolle, doch seine Vorbereitungen reichen bis in die technische Untersuchung seines Computers. Die anschließende Flucht passt zeitlich zu Ms Anhörung. Der Film kehrt damit ein vertrautes Erfolgssignal um: Nicht jeder festgesetzte Gegner hat seinen Handlungsspielraum verloren. Bond muss erst erkennen, dass die Festnahme Teil einer größeren Bewegung war.","Ein paralleler Goldraub ist nicht das Ziel seiner Festnahme.","Sein Angriff richtet sich gegen M in London; Bond soll nicht zurück nach Macau gelockt werden.","Silva kalkuliert seine Gefangennahme und anschließende Flucht ein, um M gezielt zu erreichen.","Silva wird nicht im Rahmen eines vereinbarten Austauschs gegen Q freigelassen.","Silva nutzt seine Festnahme als Weg zu M.","Auflösung","https://www.007.com/the-films/skyfall/|https://en.wikipedia.org/wiki/Skyfall","redaktionell_geprueft"
"ACT-S-040","K-ACT-20-kincade-licht","","de","Film","Action","James Bond 007: Skyfall","Skyfall","2012","James Bond","schwer","Handlung","Spionage|Rache|Vergangenheit","James Bond|Agentenfilme","Die Taschenlampe hilft bei der Flucht und verrät zugleich ihre Richtung.",„James Bond 007: Skyfall“ (2012): Wodurch verraten Kincade (Albert Finney) und M bei ihrer Flucht zum Kirchlein unbeabsichtigt ihre Richtung?,"Durch den sichtbaren Schein einer Taschenlampe","Durch ein eingeschaltetes Funkgerät mit Ortungssignal","Durch Fußspuren im hell beleuchteten Schnee","Durch einen versehentlich ausgelösten Alarm am Kirchlein","A","Der Lichtschein ihrer Taschenlampe macht Silva auf die Fluchtrichtung aufmerksam.","Bond versucht, den Gegner am brennenden Anwesen aufzuhalten, während M mit Kincade entkommt. In der Dunkelheit hilft Licht bei der Orientierung, kann aber zugleich beobachtet werden. Die Szene nutzt diesen einfachen Widerspruch statt einer komplizierten Ortungstechnik. Ein notwendiges Hilfsmittel wird dadurch zum Risiko und führt die persönliche Konfrontation an einen neuen Ort.","Der Lichtschein ihrer Taschenlampe macht Silva auf die Fluchtrichtung aufmerksam.","Eine Funkortung führt Silva hier nicht zu den Flüchtenden.","Nicht eine Spurensuche im Schnee, sondern das Licht verrät ihre Richtung.","Ein Alarm am Kirchlein ist nicht das verräterische Signal.","Die Taschenlampe hilft bei der Flucht und verrät zugleich ihre Richtung.","Auflösung","https://www.filmsite.org/series-jamesbond23.html|https://www.007.com/the-films/skyfall/|https://en.wikipedia.org/wiki/Skyfall","redaktionell_geprueft"
"ACT-L-041","K-ACT-21-ethan-darsteller","","de","Film","Action","Mission: Impossible","Mission: Impossible","1996","Mission: Impossible","leicht","Besetzung","Spionage|Undercover|Verrat","Mission: Impossible|Agentenfilme","Ethan Hunt ist die Agentenrolle von Tom Cruise.","„Mission: Impossible“ (1996): Wer spielt den Agenten Ethan Hunt?","Brad Pitt","Matt Damon","Tom Cruise","Hugh Jackman","C","Tom Cruise spielt Ethan Hunt.","Ethan Hunt steht im Mittelpunkt eines Agententeams, dessen Einsatz in Prag katastrophal scheitert. Tom Cruise verbindet die Rolle mit körperlicher Geschicklichkeit und improvisierten Täuschungen. Der Film etabliert damit eine Hauptfigur, die sich auf Kollegen verlassen muss, zugleich aber herausfinden soll, welchem vermeintlichen Verbündeten sie überhaupt noch trauen kann.","Brad Pitt gehört nicht zur Besetzung dieses Agententeams.","Matt Damon spielt Jason Bourne in einer anderen Agentenreihe.","Tom Cruise spielt Ethan Hunt.","Hugh Jackman verkörpert Ethan Hunt nicht.","Ethan Hunt ist die Agentenrolle von Tom Cruise.","keine","https://en.wikipedia.org/wiki/Mission:_Impossible_(film)","redaktionell_geprueft"
"ACT-L-042","K-ACT-21-imf-dienst","","de","Film","Action","Mission: Impossible","Mission: Impossible","1996","Mission: Impossible","leicht","Figur","Spionage|Undercover|Verrat","Mission: Impossible|Agentenfilme","Ethan Hunt arbeitet für die IMF.",„Mission: Impossible“ (1996): Für welche Organisation arbeitet Ethan Hunt (Tom Cruise)?,"Central Intelligence Agency","National Security Agency","Secret Intelligence Service","Impossible Mission Force","D","Ethan gehört zur Impossible Mission Force, kurz IMF.","Die IMF setzt für verdeckte Aufträge spezialisierte Teams ein. Zu ihren Mitteln gehören Masken, technische Manipulationen und genau abgestimmte Rollen. Nach dem gescheiterten Einsatz muss Ethan ohne die reguläre Unterstützung dieser Organisation handeln. Gerade das macht die vertrauten Methoden seines Dienstes zugleich zu seinen wichtigsten Werkzeugen und zu einer möglichen Gefahr.","Die CIA spielt beim Einbruch in Langley eine Rolle, ist aber nicht Ethans Stammdienst.","Die NSA ist nicht die Organisation seines Einsatzteams.","Der britische Secret Intelligence Service ist nicht Ethans Arbeitgeber.","Ethan gehört zur Impossible Mission Force, kurz IMF.","Ethan Hunt arbeitet für die IMF.","keine","https://en.wikipedia.org/wiki/Mission:_Impossible_(film)","redaktionell_geprueft"
"ACT-M-041","K-ACT-21-noc-liste","","de","Film","Action","Mission: Impossible","Mission: Impossible","1996","Mission: Impossible","mittel","Handlung","Spionage|Undercover|Verrat","Mission: Impossible|Agentenfilme","In Langley geht es um die NOC-Liste und damit um Agentenidentitäten.",„Mission: Impossible“ (1996): Was will Ethans (Tom Cruise) Team beim Einbruch in das CIA-Hauptquartier in Langley stehlen?,"Die Baupläne eines neuen Kampfflugzeugs","Eine Aufzeichnung geheimer Friedensgespräche","Einen Schlüssel zur Steuerung eines Satelliten","Eine Liste mit Identitäten verdeckter Agenten","D","Gesucht wird die NOC-Liste mit den Identitäten verdeckt eingesetzter Agenten.","Der berühmte Einbruch verlangt absolute Kontrolle über Geräusche, Temperatur und Bewegung. Ethan wird in den gesicherten Raum abgeseilt, während andere Teammitglieder seine Position absichern. Die Datei ist so wertvoll, weil ihre Veröffentlichung Menschen enttarnen würde. Sie dient Ethan zugleich als Köder, um die Hintergründe des Verrats aufzudecken und seine eigene Lage zu verändern.","Militärische Flugzeugpläne sind nicht das Ziel des Einbruchs.","Ein Mitschnitt von Verhandlungen ist nicht die gesuchte Datei.","Es geht um gefährdete Agentenidentitäten, nicht um Satellitensteuerung.","Gesucht wird die NOC-Liste mit den Identitäten verdeckt eingesetzter Agenten.","In Langley geht es um die NOC-Liste und damit um Agentenidentitäten.","Handlung","https://en.wikipedia.org/wiki/Mission:_Impossible_(film)","redaktionell_geprueft"
"ACT-M-042","K-ACT-21-kittridge-verdacht","","de","Film","Action","Mission: Impossible","Mission: Impossible","1996","Mission: Impossible","mittel","Handlung","Spionage|Undercover|Verrat","Mission: Impossible|Agentenfilme","Ethans Überleben macht ihn für Kittridge verdächtig.",„Mission: Impossible“ (1996): Warum gerät Ethan (Tom Cruise) nach dem Prager Einsatz selbst unter Verdacht?,"Er hat öffentlich seine Arbeit für die IMF angekündigt.","Er wurde beim Verkauf einer Waffe in London gefilmt.","Er hat vor dem Einsatz freiwillig den Dienst quittiert.","Er hat als Einziger seines Teams scheinbar überlebt.","D","Sein scheinbar einzigartiges Überleben lässt Kittridge ihn als möglichen Maulwurf betrachten.","Ethan erfährt, dass der Einsatz auch der Enttarnung eines Verräters dienen sollte. Aus seiner Sicht hat er gerade seine Kollegen verloren; aus Sicht der Ermittler passt sein Überleben zu einem vorbereiteten Komplott. Diese gegensätzlichen Deutungen treiben die Handlung an. Ethan muss den wirklichen Verrat aufklären, um die gegen ihn gerichtete Erklärung zu widerlegen.","Ein öffentliches Bekenntnis zu seiner Tätigkeit löst den Verdacht nicht aus.","Ein Londoner Waffenverkauf ist nicht die Grundlage von Kittridges Vorwurf.","Ethan hatte nicht bereits vor Prag den Dienst verlassen.","Sein scheinbar einzigartiges Überleben lässt Kittridge ihn als möglichen Maulwurf betrachten.","Ethans Überleben macht ihn für Kittridge verdächtig.","Handlung","https://en.wikipedia.org/wiki/Mission:_Impossible_(film)","redaktionell_geprueft"
"ACT-S-041","K-ACT-21-drake-bibel","","de","Film","Action","Mission: Impossible","Mission: Impossible","1996","Mission: Impossible","schwer","Handlung","Spionage|Undercover|Verrat","Mission: Impossible|Agentenfilme","Die Hotelbibel verbindet den Verrat mit Jim Phelps.",„Mission: Impossible“ (1996): Welches Fundstück bringt Ethan (Tom Cruise) mit Jim Phelps' (Jon Voight) Aufenthalt in Chicago und dem Verrat in Verbindung?,"Eine Bibel aus dem Drake Hotel","Eine Bordkarte für einen Flug nach Rom","Ein Foto von Max vor dem CIA-Gebäude","Ein Reisepass auf den Namen Kittridge","A","Der Herkunftshinweis in einer Bibel führt Ethan zum Drake Hotel und damit zu Phelps.","Biblische Anspielungen gehören zur verschlüsselten Kommunikation mit der Händlerin Max. Ethan verbindet diese Spur mit der Herkunft eines Buches und Phelps' Aufenthalt in Chicago. Entscheidend ist kein einzelnes Geständnis, sondern das Zusammenführen scheinbar nebensächlicher Angaben. So erkennt er, dass die Geschichte des vertrauten Vorgesetzten nicht zu dessen tatsächlicher Rolle passt.","Der Herkunftshinweis in einer Bibel führt Ethan zum Drake Hotel und damit zu Phelps.","Eine Rom-Bordkarte ist nicht das entscheidende Fundstück.","Ein solches Foto von Max begründet Ethans Schluss nicht.","Ein Pass Kittridges liefert dieses Indiz gegen Phelps nicht.","Die Hotelbibel verbindet den Verrat mit Jim Phelps.","Auflösung","https://en.wikipedia.org/wiki/Mission:_Impossible_(film)","redaktionell_geprueft"
"ACT-S-042","K-ACT-21-kaugummi-finale","","de","Film","Action","Mission: Impossible","Mission: Impossible","1996","Mission: Impossible","schwer","Handlung","Spionage|Undercover|Verrat","Mission: Impossible|Agentenfilme","Der explosive Kaugummi kehrt im Tunnelfinale als entscheidendes Hilfsmittel zurück.",„Mission: Impossible“ (1996): Welches zuvor eingeführte Hilfsmittel nutzt Ethan (Tom Cruise) gegen den Hubschrauber im Tunnelfinale?,"Eine betäubende Atemmaske","Explosiven Kaugummi","Einen magnetischen Peilsender","Einen gefälschten Fingerabdruck","B","Ethan setzt den präparierten Kaugummi ein, um den Hubschrauber zur Explosion zu bringen.","Das Finale greift ein Hilfsmittel auf, das der Film schon früher vorgestellt hat. Die Verfolgung verlagert sich vom Zug auf den Hubschrauber und in den Tunnel, wodurch Ethan kaum Handlungsspielraum bleibt. Sein Ausweg entsteht aus der Erinnerung an vorhandene Ausrüstung. Damit verbindet die Szene spektakuläre Bewegung mit einem zuvor angelegten erzählerischen Baustein.","Eine Atemmaske entscheidet diese Verfolgung nicht.","Ethan setzt den präparierten Kaugummi ein, um den Hubschrauber zur Explosion zu bringen.","Ein Peilsender könnte eine Position anzeigen, zerstört hier aber nicht den Hubschrauber.","Ein Fingerabdruck wäre für Zugangskontrollen hilfreich, ist hier jedoch ohne Funktion.","Der explosive Kaugummi kehrt im Tunnelfinale als entscheidendes Hilfsmittel zurück.","Auflösung","https://en.wikipedia.org/wiki/Mission:_Impossible_(film)","redaktionell_geprueft"
"ACT-L-043","K-ACT-22-burj-khalifa","","de","Film","Action","Mission: Impossible – Phantom Protokoll","Mission: Impossible – Ghost Protocol","2011","Mission: Impossible","leicht","Schauplatz","Spionage|Atomwaffen|Teamarbeit","Mission: Impossible|Agentenfilme","Die Fassadenkletterei führt Ethan auf den Burj Khalifa.",„Mission: Impossible – Phantom Protokoll“ (2011): Welches Hochhaus muss Ethan (Tom Cruise) von außen erklimmen?,"Das Empire State Building in New York","Den Taipei 101 in Taipeh","Den Eiffelturm in Paris","Den Burj Khalifa in Dubai","D","Ethan klettert an der Außenfassade des Burj Khalifa.","Die Gruppe muss einen Austausch im Hotel manipulieren und braucht dafür Zugriff auf das Gebäudesystem. Der reguläre Weg zum betreffenden Bereich steht ihr nicht zur Verfügung. Ethans Kletterpartie macht aus einem technischen Problem eine körperliche Bewährungsprobe: Die Höhe ist beeindruckend, aber ebenso wichtig sind Zeitdruck und die begrenzte Zuverlässigkeit seiner Ausrüstung.","Das Empire State Building ist nicht der Schauplatz dieser Kletteraktion.","Taipei 101 liegt nicht am Ort dieses Hotelmanövers.","Der Eiffelturm gehört nicht zum Dubai-Einsatz.","Ethan klettert an der Außenfassade des Burj Khalifa.","Die Fassadenkletterei führt Ethan auf den Burj Khalifa.","Handlung","https://skydance.com/film/mission-impossible-ghost-protocol/|https://en.wikipedia.org/wiki/Mission:_Impossible_%E2%80%93_Ghost_Protocol","redaktionell_geprueft"
"ACT-L-044","K-ACT-22-ghost-protokoll","","de","Film","Action","Mission: Impossible – Phantom Protokoll","Mission: Impossible – Ghost Protocol","2011","Mission: Impossible","leicht","Handlung","Spionage|Atomwaffen|Teamarbeit","Mission: Impossible|Agentenfilme","Phantom Protokoll bedeutet: Auftrag ohne offizielle Rückendeckung.",„Mission: Impossible – Phantom Protokoll“ (2011): Welche unmittelbare Folge hat das aktivierte Phantom Protokoll für Ethans (Tom Cruise) Team?,"Die IMF wird dem russischen Geheimdienst für den Einsatz unterstellt.","Die IMF erhält zusätzliche Vollmachten und eine öffentliche Rückendeckung.","Die IMF wird verleugnet und das Team verliert offizielle Unterstützung.","Das Team muss den Auftrag abbrechen und sich russischen Ermittlern stellen.","C","Die Regierung verleugnet die IMF; Ethan und seine Kollegen müssen ohne reguläre Rückendeckung handeln.","Nach der Explosion im Kreml wird die Lage diplomatisch gefährlich. Das Phantom Protokoll trennt die Regierung offiziell von ihren Agenten. Für Ethan bedeutet das, dass der Auftrag weitergeht, obwohl Ausrüstung und Unterstützung nur eingeschränkt verfügbar sind. Der Teamzusammenhalt gewinnt deshalb an Gewicht: Die Gruppe muss Entscheidungen treffen, ohne sich auf eine funktionierende Befehlskette verlassen zu können.","Die Regierung unterstellt die IMF keinem russischen Dienst.","Das Protokoll entzieht Rückendeckung, statt sie öffentlich auszuweiten.","Die Regierung verleugnet die IMF; Ethan und seine Kollegen müssen ohne reguläre Rückendeckung handeln.","Das Team setzt die Mission verdeckt fort, statt sich zu stellen.","Phantom Protokoll bedeutet: Auftrag ohne offizielle Rückendeckung.","Handlung","https://skydance.com/film/mission-impossible-ghost-protocol/|https://en.wikipedia.org/wiki/Mission:_Impossible_%E2%80%93_Ghost_Protocol","redaktionell_geprueft"
"ACT-M-043","K-ACT-22-hendricks-atomkrieg","","de","Film","Action","Mission: Impossible – Phantom Protokoll","Mission: Impossible – Ghost Protocol","2011","Mission: Impossible","mittel","Motiv","Spionage|Atomwaffen|Teamarbeit","Mission: Impossible|Agentenfilme","Hendricks verklärt einen Atomkrieg zum Neuanfang.",„Mission: Impossible – Phantom Protokoll“ (2011): Was will Kurt Hendricks (Michael Nyqvist) mit dem Einsatz einer Atomwaffe erreichen?,"Die Waffe gewinnbringend an einen anderen Staat verkaufen","Einen Atomkrieg als vermeintlichen Neuanfang auslösen","Mit einem gezielten Schlag einen Rivalen ausschalten","Durch atomare Erpressung eine hohe Geldsumme erhalten","B","Hendricks hält einen Atomkrieg für einen Weg zur Erneuerung der Menschheit.","Hendricks verfolgt ein ideologisches Ziel, das weit über persönliche Bereicherung hinausgeht. Er deutet globale Vernichtung als angebliche Voraussetzung für einen Neubeginn. Diese Vorstellung erklärt, weshalb übliche Verhandlungsangebote kaum greifen würden. Ethans Team muss die technische Durchführung verhindern, weil der Gegner gerade das anstrebt, was für andere als abschreckende Katastrophe gelten würde.","Er will selbst die Eskalation auslösen, statt nur als Waffenhändler zu verdienen.","Hendricks hält einen Atomkrieg für einen Weg zur Erneuerung der Menschheit.","Sein Ziel geht über die Beseitigung eines einzelnen Rivalen hinaus.","Bereicherung ist nicht Hendricks’ zentraler Antrieb; er verfolgt eine Vernichtungsideologie.","Hendricks verklärt einen Atomkrieg zum Neuanfang.","Handlung","https://skydance.com/film/mission-impossible-ghost-protocol/|https://en.wikipedia.org/wiki/Mission:_Impossible_%E2%80%93_Ghost_Protocol","redaktionell_geprueft"
"ACT-M-044","K-ACT-22-brandt-renner","","de","Film","Action","Mission: Impossible – Phantom Protokoll","Mission: Impossible – Ghost Protocol","2011","Mission: Impossible","mittel","Besetzung","Spionage|Atomwaffen|Teamarbeit","Mission: Impossible|Agentenfilme","William Brandt wird von Jeremy Renner gespielt.","„Mission: Impossible – Phantom Protokoll“ (2011): Wer spielt William Brandt, den scheinbaren Analysten im Team?","Jeremy Renner","Edward Norton","Josh Brolin","Mark Ruffalo","A","Jeremy Renner spielt William Brandt.","Brandt wird zunächst über eine Rolle eingeführt, die vor allem analytisch und administrativ wirkt. Im Verlauf des Einsatzes zeigen sich jedoch Fähigkeiten, die zu dieser ersten Einordnung nicht passen. Jeremy Renner verkörpert damit eine Figur, bei der berufliche Vergangenheit und persönliches Schuldgefühl wichtig werden. Seine Stellung im Team entwickelt sich aus diesem Spannungsverhältnis.","Jeremy Renner spielt William Brandt.","Edward Norton übernimmt diese Rolle nicht.","Josh Brolin ist nicht der Darsteller von Brandt.","Mark Ruffalo gehört nicht als Brandt zum Team.","William Brandt wird von Jeremy Renner gespielt.","keine","https://skydance.com/film/mission-impossible-ghost-protocol/|https://en.wikipedia.org/wiki/Mission:_Impossible_%E2%80%93_Ghost_Protocol","redaktionell_geprueft"
"ACT-S-043","K-ACT-22-kreml-projektion","","de","Film","Action","Mission: Impossible – Phantom Protokoll","Mission: Impossible – Ghost Protocol","2011","Mission: Impossible","schwer","Technik","Spionage|Atomwaffen|Teamarbeit","Mission: Impossible|Agentenfilme","Im Kreml tarnt eine Projektion die Agenten als leeren Gang.","„Mission: Impossible – Phantom Protokoll“ (2011): Wie verbirgt sich das Team bei der Kreml-Infiltration scheinbar in einem leeren Gang?","Eine Kameraschleife ersetzt das Bild auf dem Monitor des Wachmanns.","Eine gestohlene Dienstanweisung lässt den Wachmann den Gang verlassen.","Eine Projektion täuscht dem Wachmann den Blick auf den leeren Gang vor.","Eine Rauchwolke verdeckt kurzzeitig die Tür zum Archiv.","C","Eine perspektivisch angepasste Projektion verdeckt die Bewegungen der Agenten.","Das Täuschungsmanöver arbeitet mit der Wahrnehmung eines Beobachters. Für den Wachmann soll der Gang unverändert und leer wirken, obwohl sich dahinter Agenten bewegen. Die Technik ist daher nur so überzeugend wie ihre Anpassung an seinen Blickwinkel. Die Szene macht deutlich, wie eng technische Präzision und das Verhalten einer einzelnen Person miteinander verbunden sind.","Hier wird der unmittelbare Blick in den Gang getäuscht, nicht nur ein Überwachungsmonitor.","Der Trick funktioniert, während der Wachmann vor Ort bleibt.","Eine perspektivisch angepasste Projektion verdeckt die Bewegungen der Agenten.","Rauch würde Aufmerksamkeit erzeugen; der Gang soll dagegen unverändert erscheinen.","Im Kreml tarnt eine Projektion die Agenten als leeren Gang.","Handlung","https://www.artofvfx.com/mission-impossible-ghost-protocol-john-knoll-superviseur-vfx-ilm/|https://skydance.com/film/mission-impossible-ghost-protocol/|https://en.wikipedia.org/wiki/Mission:_Impossible_%E2%80%93_Ghost_Protocol","redaktionell_geprueft"
"ACT-S-044","K-ACT-22-brandt-julia","","de","Film","Action","Mission: Impossible – Phantom Protokoll","Mission: Impossible – Ghost Protocol","2011","Mission: Impossible","schwer","Beziehung","Spionage|Atomwaffen|Teamarbeit","Mission: Impossible|Agentenfilme","Julia lebt; Brandts vermeintliches Versagen beruhte auf einer Täuschung.",„Mission: Impossible – Phantom Protokoll“ (2011): Welche Wahrheit nimmt Brandt (Jeremy Renner) am Ende sein Schuldgefühl wegen Julia (Michelle Monaghan)?,"Sie hatte Brandt nie als Leibwächter zugeteilt bekommen.","Sie war bereits vor seinem Schutzauftrag dauerhaft verschwunden.","Ihr Tod war inszeniert; sie lebt in Sicherheit.","Sie war in Wahrheit die Auftraggeberin von Hendricks.","C","Ethan erklärt Brandt, dass Julias Tod vorgetäuscht wurde und sie lebt.","Brandt glaubt, bei einem früheren Schutzauftrag versagt zu haben. Diese Erinnerung prägt sein Verhältnis zu Ethan, weil Julia dessen Frau ist. Die spätere Aufklärung verändert die Bedeutung dieser Vergangenheit: Brandt hat nicht den Tod verursacht, für den er sich verantwortlich hält. Zugleich zeigt der Film den persönlichen Preis, den Ethans gefährlicher Beruf für eine Partnerschaft hat.","Brandts Schutzauftrag wird durch die Aufklärung nicht als Erfindung verworfen.","Entscheidend ist der inszenierte Tod, nicht ein dauerhaftes Verschwinden vor dem Auftrag.","Ethan erklärt Brandt, dass Julias Tod vorgetäuscht wurde und sie lebt.","Julia ist nicht Hendricks' Auftraggeberin.","Julia lebt; Brandts vermeintliches Versagen beruhte auf einer Täuschung.","Auflösung","https://skydance.com/film/mission-impossible-ghost-protocol/|https://en.wikipedia.org/wiki/Mission:_Impossible_%E2%80%93_Ghost_Protocol","redaktionell_geprueft"
"ACT-L-045","K-ACT-23-bourne-damon","","de","Film","Action","Die Bourne Identität","The Bourne Identity","2002","Bourne","leicht","Besetzung","Amnesie|Spionage|Identität","Bourne|Agentenfilme","Jason Bourne wird hier von Matt Damon gespielt.","„Die Bourne Identität“ (2002): Wer spielt Jason Bourne?","Matt Damon","Bradley Cooper","Ben Affleck","Mark Wahlberg","A","Matt Damon verkörpert Jason Bourne.","Bourne muss seine Identität aus Spuren rekonstruieren, während sein Körper Fähigkeiten zeigt, an die er keine bewusste Erinnerung hat. Matt Damon spielt diese Mischung aus Unsicherheit und unmittelbarer Handlungssicherheit. Der Zuschauer entdeckt die Figur gemeinsam mit ihr selbst. Dadurch erhält selbst eine alltägliche Beobachtung oder eine plötzliche Abwehrbewegung die Bedeutung eines Hinweises auf eine unbekannte Vergangenheit.","Matt Damon verkörpert Jason Bourne.","Bradley Cooper übernimmt die Rolle nicht.","Ben Affleck spielt Jason Bourne in diesem Film nicht.","Mark Wahlberg ist nicht der Darsteller dieses Agenten.","Jason Bourne wird hier von Matt Damon gespielt.","keine","https://en.wikipedia.org/wiki/The_Bourne_Identity_(2002_film)","redaktionell_geprueft"
"ACT-L-046","K-ACT-23-amnesie-fund","","de","Film","Action","Die Bourne Identität","The Bourne Identity","2002","Bourne","leicht","Handlung","Amnesie|Spionage|Identität","Bourne|Agentenfilme","Bourne behält Fähigkeiten, aber verliert zunächst seine persönliche Erinnerung.","„Die Bourne Identität“ (2002): Welches Problem hat der Mann, den Fischer zu Beginn aus dem Meer retten?","Er kann seit einem Unfall keine Farben mehr erkennen.","Er hält sich für den Kapitän des Fischerboots.","Er glaubt, einen freiwilligen Segelurlaub zu machen.","Er kann sich nicht an seine Identität erinnern.","D","Der gerettete Mann leidet unter Gedächtnisverlust und kennt seine Identität nicht.","Die Rettung auf dem Meer setzt die Handlung als Identitätssuche in Gang. Verletzungen und ein ungewöhnlicher Hinweis am Körper deuten auf eine gewaltsame Vorgeschichte. Gleichzeitig besitzt der Unbekannte Sprachkenntnisse und praktische Fertigkeiten, die ihm selbst rätselhaft erscheinen. Der Film unterscheidet dadurch zwischen fehlenden persönlichen Erinnerungen und weiterhin abrufbaren, offenbar intensiv trainierten Fähigkeiten.","Eine Störung des Farbsehens ist nicht sein zentrales Problem.","Er beansprucht nicht die Rolle des Kapitäns.","Ein erinnerter Segelurlaub würde seine Identitätskrise nicht erklären.","Der gerettete Mann leidet unter Gedächtnisverlust und kennt seine Identität nicht.","Bourne behält Fähigkeiten, aber verliert zunächst seine persönliche Erinnerung.","Handlung","https://en.wikipedia.org/wiki/The_Bourne_Identity_(2002_film)","redaktionell_geprueft"
"ACT-M-045","K-ACT-23-marie-partnerin","","de","Film","Action","Die Bourne Identität","The Bourne Identity","2002","Bourne","mittel","Beziehung","Amnesie|Spionage|Identität","Bourne|Agentenfilme","Marie Kreutz wird vom zufälligen Kontakt zu Bournes Vertrauter.",„Die Bourne Identität“ (2002): Welche Frau hilft Bourne (Matt Damon) auf der Reise und wird seine Vertraute?,"Nicolette Wombosi","Marie Kreutz","Pamela Landy","Nicky Parsons","B","Marie Kreutz begleitet Bourne und wird seine Vertraute.","Marie, gespielt von Franka Potente, gerät zunächst durch eine bezahlte Mitfahrgelegenheit in Bournes Geschichte. Aus der pragmatischen Vereinbarung entsteht Vertrauen, während beide vor Verfolgern fliehen. Sie bietet ihm einen Bezugspunkt außerhalb des Agentenmilieus. Ihre Reaktionen zeigen zugleich, wie bedrohlich seine außergewöhnlichen Fähigkeiten für jemanden wirken können, der deren Herkunft ebenfalls nicht kennt.","Eine Vertraute dieses Namens gehört nicht zu Bournes Reise.","Marie Kreutz begleitet Bourne und wird seine Vertraute.","Pamela Landy wird in einer Fortsetzung wichtig, begleitet Bourne hier aber nicht.","Nicky arbeitet im Umfeld des Geheimdienstprogramms und übernimmt nicht Maries Rolle.","Marie Kreutz wird vom zufälligen Kontakt zu Bournes Vertrauter.","Handlung","https://en.wikipedia.org/wiki/The_Bourne_Identity_(2002_film)","redaktionell_geprueft"
"ACT-M-046","K-ACT-23-treadstone","","de","Film","Action","Die Bourne Identität","The Bourne Identity","2002","Bourne","mittel","Handlung","Amnesie|Spionage|Identität","Bourne|Agentenfilme","Treadstone erklärt Bournes Ausbildung zum Attentäter.",„Die Bourne Identität“ (2002): Wofür steht Treadstone in Bournes (Matt Damon) Vergangenheit?,"Für einen privaten Sicherheitsdienst auf Kreuzfahrtschiffen","Für eine zivile Hilfsorganisation zur Seenotrettung","Für eine Bank, die ausschließlich Diplomatenkonten verwaltet","Für ein geheimes CIA-Programm mit ausgebildeten Attentätern","D","Treadstone ist das geheime CIA-Programm, aus dem Bourne stammt.","Die Suche nach einer Privatperson führt Bourne zu einer staatlich organisierten Struktur. Sein Können ist kein Zufall, sondern Ergebnis einer Ausbildung für verdeckte Tötungsaufträge. Treadstone betrachtet seine Unberechenbarkeit nach dem Gedächtnisverlust als Gefahr. Dadurch wird die Frage nach seinem Namen mit einer zweiten Frage verbunden: Ob er weiterhin die Rolle erfüllen will, für die man ihn geschaffen hat.","Treadstone ist keine gewöhnliche Firma für Schiffsbewachung.","Die Fischer retten ihn, gehören aber nicht deshalb zu Treadstone.","Die Bank liefert Hinweise; sie ist nicht das Attentäterprogramm.","Treadstone ist das geheime CIA-Programm, aus dem Bourne stammt.","Treadstone erklärt Bournes Ausbildung zum Attentäter.","Handlung","https://en.wikipedia.org/wiki/The_Bourne_Identity_(2002_film)","redaktionell_geprueft"
"ACT-S-045","K-ACT-23-wombosi-kinder","","de","Film","Action","Die Bourne Identität","The Bourne Identity","2002","Bourne","schwer","Motiv","Amnesie|Spionage|Identität","Bourne|Agentenfilme","Wombosis Kinder bringen Bourne dazu, den Mordauftrag abzubrechen.",„Die Bourne Identität“ (2002): Warum führt Bourne (Matt Damon) den Mordauftrag gegen Wombosi (Adewale Akinnuoye-Agbaje) auf dessen Yacht nicht aus?,"Er stellt fest, dass die Yacht bereits verlassen ist.","Er sieht Wombosi mit seinen Kindern und bringt den Schuss nicht über sich.","Er erhält von Marie den telefonischen Befehl zum Rückzug.","Er erkennt Wombosi als seinen eigenen verschollenen Bruder.","B","Der Anblick Wombosis mit seinen Kindern bringt Bourne dazu, den Auftrag abzubrechen.","Die wiederkehrende Erinnerung erklärt den Ausgangspunkt der Identitätskrise. Bourne war bereits nahe genug am Ziel, um den Auftrag auszuführen. Die Anwesenheit der Kinder verändert die Situation für ihn jedoch grundlegend. Auf der anschließenden Flucht wird er angeschossen. Der Gedächtnisverlust folgt damit auf einen Moment, in dem er sich der vorgesehenen Funktion als Attentäter entzieht.","Wombosi und seine Kinder sind gerade an Bord.","Der Anblick Wombosis mit seinen Kindern bringt Bourne dazu, den Auftrag abzubrechen.","Marie kennt Bourne zu diesem Zeitpunkt noch nicht.","Zwischen Wombosi und Bourne besteht diese familiäre Beziehung nicht.","Wombosis Kinder bringen Bourne dazu, den Mordauftrag abzubrechen.","Auflösung","https://en.wikipedia.org/wiki/The_Bourne_Identity_(2002_film)","redaktionell_geprueft"
"ACT-S-046","K-ACT-23-implantat-bank","","de","Film","Action","Die Bourne Identität","The Bourne Identity","2002","Bourne","schwer","Handlung","Amnesie|Spionage|Identität","Bourne|Agentenfilme","Die Kontonummer öffnet Bournes erste Spur: ein Schließfach in Zürich.",„Die Bourne Identität“ (2002): Wohin führt die im Körper entdeckte Kontonummer Bourne (Matt Damon) zunächst?,"Zu einem Bankschließfach in Zürich","Zu einer Botschaft in Madrid","Zu einer Polizeidienststelle in Berlin","Zu einem Militärhospital in Rom","A","Die Kontonummer führt Bourne zu einer Bank in Zürich und zu einem Schließfach.","Der erste konkrete Hinweis auf Bournes Herkunft besteht aus Daten, die ungewöhnlich sicher am Körper verborgen wurden. Das Schließfach liefert anschließend mehrere Identitäten, Geld und weitere Gegenstände. Statt die Suche einfach zu beenden, macht dieser Fund sie komplizierter. Bourne erhält Möglichkeiten zum Handeln, aber noch keine verlässliche Antwort darauf, welches Leben tatsächlich seines ist.","Die Kontonummer führt Bourne zu einer Bank in Zürich und zu einem Schließfach.","Die Spur führt nicht zu einer Botschaft in Madrid.","Die Nummer verweist nicht auf eine Berliner Polizeidienststelle.","Ein Hospital in Rom ist nicht das durch die Nummer erschlossene Ziel.","Die Kontonummer öffnet Bournes erste Spur: ein Schließfach in Zürich.","Handlung","https://en.wikipedia.org/wiki/The_Bourne_Identity_(2002_film)","redaktionell_geprueft"
"ACT-L-047","K-ACT-24-bryan-neeson","","de","Film","Action","96 Hours","Taken","2008","Taken","leicht","Besetzung","Entführung|Familie|Menschenhandel","Taken|Rettungsmissionen","Bryan Mills ist die Vaterrolle von Liam Neeson.","„96 Hours“ (2008): Wer spielt den Vater Bryan Mills?","Harrison Ford","Bruce Willis","Mel Gibson","Liam Neeson","D","Liam Neeson spielt Bryan Mills.","Bryan versucht, nach einem Beruf mit häufigen Abwesenheiten mehr Nähe zu seiner Tochter Kim aufzubauen. Liam Neeson spielt ihn als Vater, dessen Vorsicht zunächst übertrieben wirken kann. Als die Reise seiner Tochter zur Katastrophe wird, bekommen seine früheren Erfahrungen eine neue Bedeutung. Familienkonflikt und Rettungshandlung entstehen damit aus derselben beruflichen Vorgeschichte.","Harrison Ford spielt nicht Bryan Mills.","Bruce Willis ist nicht der Darsteller des suchenden Vaters.","Mel Gibson übernimmt diese Rolle nicht.","Liam Neeson spielt Bryan Mills.","Bryan Mills ist die Vaterrolle von Liam Neeson.","keine","https://en.wikipedia.org/wiki/Taken_(film)","redaktionell_geprueft"
"ACT-L-048","K-ACT-24-kim-paris","","de","Film","Action","96 Hours","Taken","2008","Taken","leicht","Schauplatz","Entführung|Familie|Menschenhandel","Taken|Rettungsmissionen","Kims Entführung führt Bryan nach Paris.",„96 Hours“ (2008): In welcher Stadt wird Bryans (Liam Neeson) Tochter Kim (Maggie Grace) entführt?,"Madrid","Rom","London","Paris","D","Kim wird während ihres Aufenthalts in Paris entführt.","Die Reise soll Kim und ihrer Freundin Amanda Unabhängigkeit und Vergnügen ermöglichen. Bereits kurz nach der Ankunft geraten sie jedoch an Menschen, die ihre Unerfahrenheit ausnutzen. Für Bryan wird Paris zum Suchraum unter extremem Zeitdruck. Er muss aus wenigen Informationen eine Spur entwickeln, während seine Tochter von einem Ort zum nächsten gebracht wird.","Madrid gehört nicht zur Ausgangssituation ihrer Reise.","Rom ist nicht die Stadt dieser Entführung.","London ist nicht der Schauplatz von Kims Verschleppung.","Kim wird während ihres Aufenthalts in Paris entführt.","Kims Entführung führt Bryan nach Paris.","Handlung","https://en.wikipedia.org/wiki/Taken_(film)","redaktionell_geprueft"
"ACT-M-047","K-ACT-24-menschenhandel","","de","Film","Action","96 Hours","Taken","2008","Taken","mittel","Handlung","Entführung|Familie|Menschenhandel","Taken|Rettungsmissionen","Hinter der Entführung steht ein Menschenhandelsring.",„96 Hours“ (2008): Welches Geschäft steckt hinter Kims (Maggie Grace) Entführung?,"Erpressung eines staatlichen Lösegelds","Der Verkauf gestohlener Kunstwerke","Die Beschaffung geheimer Militärdaten","Menschenhandel zur sexuellen Ausbeutung","D","Die Entführer gehören zu einem Menschenhandelsring.","Bryan sucht nicht einfach nach einer Gruppe, die eine einzelne Lösegeldforderung stellt. Er verfolgt eine Struktur, in der entführte Frauen weitergegeben und ausgebeutet werden. Dadurch erklärt sich der hohe Zeitdruck: Jeder Ortswechsel kann die Spur schwächen. Der Film verknüpft persönliche Rettung mit der schrittweisen Aufdeckung eines Geschäfts, dessen Beteiligte unterschiedliche Aufgaben übernehmen.","Eine staatliche Lösegeldforderung ist nicht das Geschäftsmodell dieser Entführer.","Kunsthandel erklärt Kims Verschleppung nicht.","Kim wird nicht wegen geheimer Militärinformationen entführt.","Die Entführer gehören zu einem Menschenhandelsring.","Hinter der Entführung steht ein Menschenhandelsring.","Handlung","https://en.wikipedia.org/wiki/Taken_(film)","redaktionell_geprueft"
"ACT-M-048","K-ACT-24-bryan-vorberuf","","de","Film","Action","96 Hours","Taken","2008","Taken","mittel","Figur","Entführung|Familie|Menschenhandel","Taken|Rettungsmissionen","Bryans Erfahrung stammt aus seiner Arbeit für die CIA.",„96 Hours“ (2008): Welche berufliche Vergangenheit erklärt Bryans (Liam Neeson) besondere Fähigkeiten?,"Er war Berufspilot.","Er war Notfallchirurg.","Er war CIA-Agent.","Er war Stuntkoordinator.","C","Bryan ist ein ehemaliger CIA-Agent.","Seine Vorgeschichte wird durch Kontakte, Beobachtungsgabe und die Fähigkeit zum schnellen Handeln sichtbar. Bryan kann Informationen einordnen und nutzt Verbindungen aus seinem früheren Berufsleben. Dieselbe Tätigkeit hat allerdings seine Beziehung zur Familie belastet. Der Film macht seine Fähigkeiten daher nicht nur zu einem Vorteil: Sie gehören zu einer Vergangenheit, deren persönliche Folgen er zu Beginn noch bewältigen muss.","Fliegerische Ausbildung ist nicht die zentrale Erklärung seiner Ermittlungsfähigkeiten.","Er hat keine entsprechende Vorgeschichte als Notfallchirurg.","Bryan ist ein ehemaliger CIA-Agent.","Seine Fähigkeiten stammen nicht aus einem Beruf im Filmgeschäft.","Bryans Erfahrung stammt aus seiner Arbeit für die CIA.","keine","https://en.wikipedia.org/wiki/Taken_(film)","redaktionell_geprueft"
"ACT-S-047","K-ACT-24-marko-stimme","","de","Film","Action","96 Hours","Taken","2008","Taken","schwer","Handlung","Entführung|Familie|Menschenhandel","Taken|Rettungsmissionen","Bryan erkennt Marko an der Stimme aus dem Entführungstelefonat.",„96 Hours“ (2008): Wie erkennt Bryan (Liam Neeson) Marko (Arben Bajraktaraj) als einen der Entführer wieder?,"Er findet Markos Namen auf Kims Flugticket.","Er entdeckt Markos Dienstnummer auf einer Polizeimarke.","Er sieht ein gemeinsames Urlaubsfoto von Marko und Kim.","Er erkennt die Stimme aus dem Telefonat während der Entführung.","D","Markos Stimme verbindet ihn mit dem kurzen Telefonkontakt während Kims Entführung.","Bryan konnte die Entführung aus der Ferne nur über das Telefon erleben. Ein kurzer Austausch mit einem Täter liefert ihm dennoch ein wiedererkennbares Merkmal. Später nutzt er Sprache und Stimme, um seine Vermutung zu bestätigen. Die Szene zeigt, wie eine zunächst hilflose Zuhörerposition nachträglich einen entscheidenden Ermittlungsansatz liefern kann.","Kims Flugticket nennt Marko nicht als Begleiter.","Eine Polizeimarke liefert Bryan dieses Wiedererkennungsmerkmal nicht.","Die beiden verbindet kein bekanntes gemeinsames Urlaubsfoto.","Markos Stimme verbindet ihn mit dem kurzen Telefonkontakt während Kims Entführung.","Bryan erkennt Marko an der Stimme aus dem Entführungstelefonat.","Handlung","https://en.wikipedia.org/wiki/Taken_(film)","redaktionell_geprueft"
"ACT-S-048","K-ACT-24-amanda-schicksal","","de","Film","Action","96 Hours","Taken","2008","Taken","schwer","Handlung","Entführung|Familie|Menschenhandel","Taken|Rettungsmissionen","Amanda stirbt; Bryan muss Kims Spur getrennt weiterverfolgen.",„96 Hours“ (2008): Was erfährt Bryan (Liam Neeson) über Kims (Maggie Grace) Reisefreundin Amanda (Katie Cassidy)?,"Sie ist an einer Überdosis gestorben.","Sie arbeitet freiwillig als Fahrerin der Entführer.","Sie ist mit Kim nach London entkommen.","Sie hat sich allein in eine Botschaft gerettet.","A","Bryan findet Amanda tot; sie ist an einer Überdosis gestorben.","Amandas Schicksal zeigt Bryan, wie wenig Zeit für Kim bleibt. Die Suche liefert damit nicht nur eine Spur, sondern auch einen unmittelbaren Beleg für die tödliche Gefahr des Menschenhandelsrings. Gleichzeitig trennt der Film die Wege der beiden Freundinnen: Informationen über Amanda bedeuten nicht automatisch, dass Kim sich noch am gleichen Ort befindet.","Bryan findet Amanda tot; sie ist an einer Überdosis gestorben.","Sie wird nicht zur freiwilligen Helferin der Täter.","Eine gemeinsame Flucht nach London findet nicht statt.","Amanda erreicht in der Filmhandlung keine rettende Botschaft.","Amanda stirbt; Bryan muss Kims Spur getrennt weiterverfolgen.","Auflösung","https://en.wikipedia.org/wiki/Taken_(film)","redaktionell_geprueft"
"ACT-L-049","K-ACT-25-wick-reeves","","de","Film","Action","John Wick","John Wick","2014","John Wick","leicht","Besetzung","Rache|Organisierte Kriminalität|Trauer","John Wick|Rachefilme","John Wick wird von Keanu Reeves gespielt.","„John Wick“ (2014): Wer spielt John Wick?","Christian Bale","Jason Statham","Vin Diesel","Keanu Reeves","D","Keanu Reeves spielt den ehemaligen Auftragskiller John Wick.","John Wick (Keanu Reeves) lebt nach dem Tod seiner Frau zurückgezogen. Der Hund, den sie ihm hinterlassen hat, soll ihm helfen, mit ihrem Verlust weiterzuleben. Ein Überfall zerstört diese Verbindung und bringt ihn in seine frühere Welt zurück. Gangsterboss Viggo Tarasov (Michael Nyqvist) erkennt die Gefahr sofort: Sein Sohn hat einen ehemaligen Auftragskiller angegriffen, dessen Können und Ruf ihm aus eigener Erfahrung bekannt sind.","Christian Bale ist nicht Johns Darsteller.","Jason Statham spielt andere bekannte Actionhelden, aber nicht John Wick.","Vin Diesel übernimmt diese Rolle nicht.","Keanu Reeves spielt John Wick.","John Wick wird von Keanu Reeves gespielt.","keine","https://en.wikipedia.org/wiki/John_Wick_(film)","redaktionell_geprueft"
"ACT-L-050","K-ACT-25-daisy-helen","","de","Film","Action","John Wick","John Wick","2014","John Wick","leicht","Beziehung","Rache|Organisierte Kriminalität|Trauer","John Wick|Rachefilme","Daisy verbindet John mit Helens letztem Geschenk.",„John Wick“ (2014): Warum bedeutet der Welpe Daisy John (Keanu Reeves) besonders viel?,"Er gehörte früher seinem Vater als Diensthund.","Er ist der einzige Zeuge eines ungeklärten Raubs.","Er wurde ihm von Viggo als Friedensangebot geschickt.","Er ist ein letztes Geschenk seiner verstorbenen Frau Helen.","D","Helen lässt John den Welpen als Abschiedsgeschenk zukommen.","Der Hund trifft nach Helens Tod bei John ein und schafft eine neue tägliche Verbindung zum Leben. Deshalb hat der spätere Angriff eine Bedeutung, die über den Verlust eines Haustiers hinausgeht. Die Täter zerstören etwas, das eng mit Johns Trauer und dem letzten Wunsch seiner Frau verbunden ist. Das erklärt die persönliche Wucht seiner Reaktion.","Daisy ist ein Welpe und kein früherer Diensthund seines Vaters.","Eine Zeugenrolle bei einem Raub ist nicht die Bedeutung des Hundes.","Viggo ist nicht der Absender dieses Geschenks.","Helen lässt John den Welpen als Abschiedsgeschenk zukommen.","Daisy verbindet John mit Helens letztem Geschenk.","Handlung","https://en.wikipedia.org/wiki/John_Wick_(film)","redaktionell_geprueft"
"ACT-M-049","K-ACT-25-continental-regel","","de","Film","Action","John Wick","John Wick","2014","John Wick","mittel","Schauplatz","Rache|Organisierte Kriminalität|Trauer","John Wick|Rachefilme","Das Continental verlangt eine Pause vom Töten auf seinem Gelände.","„John Wick“ (2014): Welche Regel schützt Gäste des Continental vor Angriffen anderer Auftragskiller?","Im Hotel müssen alle Gäste ihren bürgerlichen Namen offenlegen.","Im Hotel sind ausschließlich ehemalige Polizisten zugelassen.","Im Hotel muss jeder Gast für Viggo arbeiten.","Im Hotel darf kein Mordauftrag ausgeführt werden.","D","Das Continental untersagt Mordaufträge auf seinem Gelände.","Das Hotel bildet einen Ruhepunkt innerhalb einer gewalttätigen Unterwelt. Dienstleistungen, Personal und Umgangsformen vermitteln Ordnung, obwohl viele Gäste außerhalb des Hauses tödliche Aufträge übernehmen. Diese Trennung funktioniert nur, wenn Regeln durchgesetzt werden. Ein Angriff auf einen Gast ist deshalb zugleich ein Angriff auf die Autorität des Ortes und hat Folgen über den unmittelbaren Kampf hinaus.","Die Schutzregel beruht nicht auf der Veröffentlichung bürgerlicher Namen.","Die Gäste sind nicht auf ehemalige Polizisten beschränkt.","Viggo ist nicht der Arbeitgeber aller Hotelgäste.","Das Continental untersagt Mordaufträge auf seinem Gelände.","Das Continental verlangt eine Pause vom Töten auf seinem Gelände.","Handlung","https://en.wikipedia.org/wiki/John_Wick_(film)","redaktionell_geprueft"
"ACT-M-050","K-ACT-25-iosef-viggo","","de","Film","Action","John Wick","John Wick","2014","John Wick","mittel","Beziehung","Rache|Organisierte Kriminalität|Trauer","John Wick|Rachefilme","Iosef ist Viggos Sohn und Auslöser des Konflikts mit John.",„John Wick“ (2014): In welcher Beziehung steht Iosef (Alfie Allen) zu dem Gangsterboss Viggo Tarasov (Michael Nyqvist)?,"Er ist Viggos Sohn.","Er ist Viggos Schwiegervater.","Er ist Viggos Vater.","Er ist Viggos Bruder.","A","Iosef ist Viggo Tarasovs Sohn.","Iosef löst durch seinen Angriff auf John eine Krise aus, deren Tragweite er zunächst nicht begreift. Viggo kennt Johns Vergangenheit und erkennt die Gefahr sofort. Die familiäre Verbindung erklärt, warum er trotzdem versucht, Iosef zu schützen. Damit treffen in seinem Verhalten zwei Kräfte aufeinander: die nüchterne Einschätzung eines erfahrenen Verbrechers und die Loyalität eines Vaters.","Iosef ist Viggo Tarasovs Sohn.","Iosef ist nicht über eine Ehe als Schwiegervater mit Viggo verbunden.","Die Vaterrolle hat Viggo, nicht Iosef.","Iosef gehört zur nachfolgenden Generation und ist nicht Viggos Bruder.","Iosef ist Viggos Sohn und Auslöser des Konflikts mit John.","Handlung","https://en.wikipedia.org/wiki/John_Wick_(film)","redaktionell_geprueft"
"ACT-S-049","K-ACT-25-marcus-hilfe","","de","Film","Action","John Wick","John Wick","2014","John Wick","schwer","Beziehung","Rache|Organisierte Kriminalität|Trauer","John Wick|Rachefilme","Marcus nimmt den Auftrag an, handelt aber zugunsten von John.",„John Wick“ (2014): Wie verhält sich Marcus (Willem Dafoe) gegenüber John (Keanu Reeves) trotz Viggos (Michael Nyqvist) Mordauftrag?,"Er übernimmt das Continental und verweigert John jeden Zugang.","Er täuscht seinen eigenen Tod vor und verlässt vorher die Stadt.","Er liefert John sofort lebend an Iosef aus.","Er hilft John heimlich und verschafft ihm Überlebenschancen.","D","Marcus schützt John heimlich, statt den Auftrag wie von Viggo gewünscht auszuführen.","Marcus, gespielt von Willem Dafoe, erscheint zunächst als weiterer möglicher Gegner. Seine Eingriffe zeigen jedoch, dass seine Beziehung zu John mehr zählt als das angebotene Geld. Dadurch nutzt der Film die Unsicherheit über einen professionellen Killer für einen Loyalitätswechsel aus Sicht des Publikums. Diese Entscheidung bringt Marcus selbst in Gefahr, sobald Viggo davon erfährt.","Er übernimmt nicht die Leitung des Hotels.","Er entzieht sich dem Konflikt nicht durch einen vorgetäuschten Tod.","Marcus bringt John nicht als Gefangenen zu Iosef.","Marcus schützt John heimlich, statt den Auftrag wie von Viggo gewünscht auszuführen.","Marcus nimmt den Auftrag an, handelt aber zugunsten von John.","Auflösung","https://en.wikipedia.org/wiki/John_Wick_(film)","redaktionell_geprueft"
"ACT-S-050","K-ACT-25-neuer-hund","","de","Film","Action","John Wick","John Wick","2014","John Wick","schwer","Handlung","Rache|Organisierte Kriminalität|Trauer","John Wick|Rachefilme","Der neue Hund verbindet das Ende mit Helens Wunsch nach einem Weiterleben.","„John Wick“ (2014): Was tut John (Keanu Reeves) am Ende in der Tierklinik, nachdem er seine Wunden versorgt hat?","Er versteckt Iosef in einem leeren Behandlungsraum.","Er nimmt einen zur Einschläferung vorgesehenen Hund mit.","Er übergibt Daisy an eine Tierärztin zur Untersuchung.","Er wartet dort auf Helens Rückkehr aus dem Ausland.","B","John nimmt einen Hund aus der Klinik mit, der eingeschläfert werden sollte.","Nach dem letzten Kampf sucht John einen Ort, an dem er seine Verletzungen behandeln kann. Die Begegnung mit dem Hund greift das Motiv von Fürsorge und Verlust wieder auf. Sie macht die Gewalt nicht rückgängig und ersetzt Helen nicht. Dennoch entsteht eine neue Bindung, die an den ursprünglichen Wunsch seiner Frau erinnert, dass er weiterlebt.","Iosef ist zu diesem Zeitpunkt nicht Johns versteckter Gefangener.","John nimmt einen Hund aus der Klinik mit, der eingeschläfert werden sollte.","Daisy wurde zuvor getötet und kann nicht in die Klinik gebracht werden.","Helen ist verstorben und kehrt nicht von einer Reise zurück.","Der neue Hund verbindet das Ende mit Helens Wunsch nach einem Weiterleben.","Auflösung","https://en.wikipedia.org/wiki/John_Wick_(film)","redaktionell_geprueft"
"ACT-L-001-V1","K-ACT-01-mcclane-darsteller","ACT-L-001","de","Film","Action","Stirb langsam","Die Hard","1988","Stirb langsam","leicht","Besetzung","Geiselnahme|Raub|Polizei","Stirb langsam|Polizeifilme|Raubfilme","Bruce Willis ist John McClane.","„Stirb langsam“ (1988): Welche Figur wird von Bruce Willis verkörpert?","Harry Ellis","Hans Gruber","John McClane","Al Powell","C","Bruce Willis verkörpert John McClane.","Bruce Willis macht McClane zu einem Helden, der improvisieren muss und dabei sichtbar leidet. Statt als perfekt vorbereiteter Spezialist einzutreffen, besucht er seine getrennt lebende Frau. Der Gegensatz zwischen privatem Streit und öffentlicher Gefahr prägt die Figur. Seine Verletzlichkeit unterscheidet ihn von vielen betont unverwundbaren Actionhelden derselben Zeit.","Harry Ellis wird von Hart Bochner gespielt.","Hans Gruber wird von Alan Rickman gespielt.","Bruce Willis verkörpert John McClane.","Al Powell wird von Reginald VelJohnson gespielt.","Bruce Willis ist John McClane.","keine","https://en.wikipedia.org/wiki/Die_Hard","redaktionell_geprueft"
"ACT-L-002-V1","K-ACT-01-nakatomi","ACT-L-002","de","Film","Action","Stirb langsam","Die Hard","1988","Stirb langsam","leicht","Schauplatz","Geiselnahme|Raub|Polizei","Stirb langsam|Polizeifilme|Raubfilme","Nakatomi Plaza macht ein Hochhaus zum abgeschlossenen Kampfplatz.","„Stirb langsam“ (1988): Welche Funktion hat das Nakatomi Plaza für die Handlung?","Es ist der Schauplatz der Geiselnahme.","Es ist das Krankenhaus für die befreiten Geiseln.","Es ist Grubers geheimes Trainingslager.","Es ist McClanes Polizeidienststelle in New York.","A","Im Nakatomi Plaza hält Grubers Gruppe die Feiernden als Geiseln fest.","Das Hochhaus vereint Firmenfeier, Tresorraum und Baustellenbereiche an einem Ort. Für McClane werden Schächte und unfertige Etagen zu Ausweichwegen, während die Täter die regulären Zugänge kontrollieren. Die begrenzte Umgebung macht die räumliche Orientierung wichtig: Wer sich im Gebäude besser bewegt, kann zeitweise einen zahlenmäßig überlegenen Gegner ausspielen.","Im Nakatomi Plaza hält Grubers Gruppe die Feiernden als Geiseln fest.","Das Gebäude dient nicht als Krankenhaus für die Befreiten.","Das Hochhaus ist kein Trainingslager von Grubers Gruppe.","McClane besucht das Gebäude privat und arbeitet dort nicht.","Nakatomi Plaza macht ein Hochhaus zum abgeschlossenen Kampfplatz.","keine","https://en.wikipedia.org/wiki/Die_Hard","redaktionell_geprueft"
"ACT-M-001-V1","K-ACT-01-holly-ehefrau","ACT-M-001","de","Film","Action","Stirb langsam","Die Hard","1988","Stirb langsam","mittel","Beziehung","Geiselnahme|Raub|Polizei","Stirb langsam|Polizeifilme|Raubfilme","Holly ist Johns Frau und eine eigenständige Führungskraft.",„Stirb langsam“ (1988): Welche Figur verbindet McClane (Bruce Willis) durch eine bestehende Ehe persönlich mit den Geiseln?,"Holly","Mary","Gail","Lucy","A","Holly ist McClanes Ehefrau und befindet sich unter den Geiseln.","Holly Gennero, gespielt von Bonnie Bedelia, hat sich in Los Angeles eine berufliche Stellung aufgebaut. John kommt aus New York zu Besuch und fühlt sich von ihrem neuen Leben übergangen. Die Geiselnahme unterbricht ihren Streit. Damit muss er nicht nur eine Gruppe retten, sondern auch seine Haltung gegenüber Hollys Eigenständigkeit überdenken.","Holly ist McClanes Ehefrau und befindet sich unter den Geiseln.","Mary übernimmt diese Beziehung zu McClane nicht.","Gail ist nicht die Ehefrau unter den Geiseln.","Lucy ist McClanes Tochter, nicht seine Ehefrau.","Holly ist Johns Frau und eine eigenständige Führungskraft.","Handlung","https://en.wikipedia.org/wiki/Die_Hard","redaktionell_geprueft"
"ACT-M-002-V1","K-ACT-01-inhaberschuldverschreibungen","ACT-M-002","de","Film","Action","Stirb langsam","Die Hard","1988","Stirb langsam","mittel","Motiv","Geiselnahme|Raub|Polizei","Stirb langsam|Polizeifilme|Raubfilme","Grubers Terrorfassade verdeckt einen Wertpapierraub.","„Stirb langsam“ (1988): Warum dient die Inszenierung als Terroranschlag Grubers tatsächlichem Vorhaben?","Sie verhindert die Einführung eines neuen Medikaments.","Sie ermöglicht die Ausreise eines politischen Gefangenen.","Sie erzwingt einen Regierungswechsel in Japan.","Sie verschleiert einen geplanten Wertpapierraub.","D","Hinter Grubers politischer Fassade steckt ein Raubplan.","Gruber präsentiert politische Forderungen, während sein Team planmäßig an den Tresor gelangt. Die öffentlich sichtbare Geiselnahme dient als Tarnung für einen finanziell motivierten Raub. Alan Rickmans Figur wirkt deshalb zugleich wie ein Terroristenführer und ein Geschäftsmann. Wer seine Absicht erkennt, versteht auch, warum er mit dem erwartbaren Vorgehen der Behörden kalkuliert.","Eine Medikamenteneinführung ist nicht das verborgene Motiv.","Gefangenenforderungen gehören zur Täuschung, nicht zum eigentlichen Ziel.","Gruber verfolgt keinen Regierungswechsel in Japan.","Hinter Grubers politischer Fassade steckt ein Raubplan.","Grubers Terrorfassade verdeckt einen Wertpapierraub.","Handlung","https://en.wikipedia.org/wiki/Die_Hard","redaktionell_geprueft"
"ACT-S-001-V1","K-ACT-01-fbi-strom","ACT-S-001","de","Film","Action","Stirb langsam","Die Hard","1988","Stirb langsam","schwer","Handlung","Geiselnahme|Raub|Polizei","Stirb langsam|Polizeifilme|Raubfilme","Das FBI öffnet ungewollt Grubers letzte Tresorsperre.",„Stirb langsam“ (1988): Welche Maßnahme der Einsatzkräfte öffnet Gruber (Alan Rickman) ungewollt den Weg durch die letzte Tresorsicherung?,"Das Abschalten der Stromversorgung","Das Sperren der Zufahrtsstraßen","Das Einschalten der Außenbeleuchtung","Das Abschirmen der Funkfrequenzen","A","Der Stromausfall löst die letzte elektronische Tresorsicherung.","Die Behörden wollen den Tätern durch einen Stromausfall Kontrolle entziehen. Gruber hat diesen Eingriff jedoch vorausgesehen und in seine Planung aufgenommen. Gerade das vermeintliche Druckmittel beseitigt das letzte Hindernis vor der Beute. Die Szene macht deutlich, wie gefährlich ein Gegner ist, der nicht nur Technik, sondern auch behördliche Routinen versteht.","Der Stromausfall löst die letzte elektronische Tresorsicherung.","Straßensperren verändern die elektronische Sicherung nicht.","Zusätzliche Beleuchtung öffnet diese Sicherung nicht.","Eine Funkabschirmung ist nicht der entscheidende Schritt.","Das FBI öffnet ungewollt Grubers letzte Tresorsperre.","Handlung","https://en.wikipedia.org/wiki/Die_Hard","redaktionell_geprueft"
"ACT-S-002-V1","K-ACT-01-hollys-uhr","ACT-S-002","de","Film","Action","Stirb langsam","Die Hard","1988","Stirb langsam","schwer","Handlung","Geiselnahme|Raub|Polizei","Stirb langsam|Polizeifilme|Raubfilme","Hollys geöffnete Uhr löst Grubers letzten Halt.",„Stirb langsam“ (1988): Warum ist Hollys (Bonnie Bedelia) Armbanduhr beim Sturz Grubers (Alan Rickman) entscheidend?,"An ihr hängt er fest, bis McClane den Verschluss löst.","In ihr befindet sich ein Sender für den Polizeihubschrauber.","Sie löst beim Aufprall einen Feueralarm aus.","Mit ihr übermittelt Holly den Code für den Tresor.","A","McClane löst die Uhr und unterbricht dadurch Grubers Halt an Holly.","Hollys teure Uhr steht zunächst im Zusammenhang mit ihrem beruflichen Erfolg. Im Finale wird sie zu einer unmittelbaren Gefahr, weil Gruber daran Halt findet. McClane kann Holly retten, indem er den Verschluss öffnet. Ein früh eingeführter Alltagsgegenstand erhält so eine entscheidende Funktion für den Ausgang der körperlichen Auseinandersetzung.","McClane löst die Uhr und unterbricht dadurch Grubers Halt an Holly.","Die Uhr dient hier nicht als Hubschraubersender.","Ein durch die Uhr ausgelöster Feueralarm entscheidet die Szene nicht.","Ein Tresorcode wird damit nicht übermittelt.","Hollys geöffnete Uhr löst Grubers letzten Halt.","Auflösung","https://en.wikipedia.org/wiki/Die_Hard","redaktionell_geprueft"
"ACT-L-011-V1","K-ACT-06-fuenfzig","ACT-L-011","de","Film","Action","Speed","Speed","1994","Speed","leicht","Technik","Geiselnahme|Verfolgungsjagd|Polizei","Speed|Polizeifilme","Unter 50 Meilen pro Stunde droht die Explosion.","„Speed“ (1994): Der Bus fährt nach Aktivierung der Bombe noch 60 Meilen pro Stunde. Welche Grenze darf er beim Langsamerwerden nicht unterschreiten?","20 Meilen pro Stunde","40 Meilen pro Stunde","60 Meilen pro Stunde","50 Meilen pro Stunde","D","Die Bombe reagiert auf das Unterschreiten von 50 Meilen pro Stunde.","Die Regel verwandelt alltägliche Verkehrshindernisse in lebensgefährliche Probleme. Ampeln, Kurven und Staus können nicht einfach durch Anhalten bewältigt werden. Jack Traven muss daher zugleich die Bombe und den Fahrweg im Blick behalten. Die Geschwindigkeit ist hier keine beliebige Zahl, sondern die zentrale Bedingung, aus der fast alle Entscheidungen der Buspassagiere folgen.","20 Meilen pro Stunde lägen bereits deutlich unter der kritischen Grenze.","40 Meilen pro Stunde wären bereits zu langsam.","60 Meilen pro Stunde liegen noch oberhalb der Auslösegrenze.","Die Bombe reagiert auf das Unterschreiten von 50 Meilen pro Stunde.","Unter 50 Meilen pro Stunde droht die Explosion.","Handlung","https://catalog.afi.com/Film/60242-SPEED|https://www.imdb.com/title/tt0111257/plotsummary/","redaktionell_geprueft"
"ACT-L-012-V1","K-ACT-06-annie-darstellerin","ACT-L-012","de","Film","Action","Speed","Speed","1994","Speed","leicht","Besetzung","Geiselnahme|Verfolgungsjagd|Polizei","Speed|Polizeifilme","Sandra Bullock hält als Annie den Bus in Bewegung.","„Speed“ (1994): Welche Aufgabe übernimmt Sandra Bullocks Figur Annie während der Busfahrt?","Sie springt als Fahrerin ein.","Sie führt den Polizeieinsatz aus dem Hubschrauber.","Sie entschärft die Bombe unter dem Bus.","Sie verhandelt als Anwältin mit Payne.","A","Sandra Bullock spielt Annie, die den Bus steuert.","Annie ist keine ausgebildete Spezialistin, die auf einen Rettungseinsatz gewartet hat. Sie wird während einer gewöhnlichen Fahrt in die Verantwortung gedrängt. Sandra Bullock verbindet ihre Angst mit Entschlossenheit und trockenem Humor. Während Jack sich um die technische Bedrohung kümmert, muss Annie fortlaufend konkrete Entscheidungen treffen, von denen alle im Bus abhängen.","Sandra Bullock spielt Annie, die den Bus steuert.","Annie leitet keinen Hubschraubereinsatz.","Sie übernimmt das Steuer, nicht die Arbeit unter dem Bus.","Annie ist keine Anwältin, die für die Gruppe verhandelt.","Sandra Bullock hält als Annie den Bus in Bewegung.","keine","https://catalog.afi.com/Film/60242-SPEED|https://www.imdb.com/title/tt0111257/plotsummary/","redaktionell_geprueft"
"ACT-M-011-V1","K-ACT-06-payne-beruf","ACT-M-011","de","Film","Action","Speed","Speed","1994","Speed","mittel","Figur","Geiselnahme|Verfolgungsjagd|Polizei","Speed|Polizeifilme","Payne setzt Wissen aus dem Bombenräumdienst gegen die Polizei ein.",„Speed“ (1994): Woher bringt Howard Payne (Dennis Hopper) berufliche Kenntnisse über Sprengsätze mit?,"Aus seiner früheren Arbeit als Verkehrsanwalt","Aus seiner früheren Arbeit beim polizeilichen Bombenräumdienst","Aus seiner früheren Arbeit als Fluglotse","Aus seiner früheren Arbeit als Rettungsschwimmer","B","Payne war beim Bombenräumdienst der Polizei tätig.","Dennis Hopper spielt keinen Gegner, der sein Wissen erst während des Überfalls erwirbt. Payne kennt Polizeiarbeit und Bombentechnik aus eigener Erfahrung. Seine Verbitterung verbindet Fachwissen mit einem persönlichen Anspruch auf Geld und Anerkennung. Für Jack wird der Fall deshalb besonders schwierig: Der Erpresser kann viele übliche Reaktionen seiner früheren Kollegen vorhersehen.","Eine Tätigkeit als Anwalt erklärt seine Vorgeschichte nicht.","Payne war beim Bombenräumdienst der Polizei tätig.","Flugverkehrskontrolle ist nicht Paynes berufliche Vorgeschichte.","Er wird nicht als ehemaliger Rettungsschwimmer eingeführt.","Payne setzt Wissen aus dem Bombenräumdienst gegen die Polizei ein.","Handlung","https://catalog.afi.com/Film/60242-SPEED|https://www.imdb.com/title/tt0111257/plotsummary/","redaktionell_geprueft"
"ACT-M-012-V1","K-ACT-06-harry-beinschuss","ACT-M-012","de","Film","Action","Speed","Speed","1994","Speed","mittel","Handlung","Geiselnahme|Verfolgungsjagd|Polizei","Speed|Polizeifilme","Jack macht Harry zur unpraktischen Geisel, um ihn zu retten.","„Speed“ (1994): Welchen Nachteil für den Geiselnehmer will Jack (Keanu Reeves) schaffen, indem er Harry (Jeff Daniels) am Bein verletzt?","Harry kann keine geheimen Passwörter mehr verraten.","Harry verliert dadurch automatisch seine Polizeimarke.","Harry lässt sich schlechter als bewegliche Geisel mitnehmen.","Harry kann den Täter anschließend unbemerkt verfolgen.","C","Der verletzte Harry wird für Paynes Flucht als Geisel zur Belastung.","Die Aufzugssituation führt früh vor, wie radikal Jack unter Druck entscheidet. Sein Schuss richtet sich gegen einen Verbündeten, soll aber dessen Überleben ermöglichen. Dadurch wird die spätere Busrettung vorbereitet: Jack folgt nicht einfach einer Routine, sondern verändert die Bedingungen, unter denen der Gegner die Kontrolle zu besitzen glaubt.","Der Schuss soll keine Weitergabe von Passwörtern verhindern.","Eine Verletzung entzieht Harry nicht seine Polizeimarke.","Der verletzte Harry wird für Paynes Flucht als Geisel zur Belastung.","Jack will Harry befreien, nicht durch die Verletzung heimliches Verfolgen ermöglichen.","Jack macht Harry zur unpraktischen Geisel, um ihn zu retten.","Handlung","https://catalog.afi.com/Film/60242-SPEED|https://www.imdb.com/title/tt0111257/plotsummary/","redaktionell_geprueft"
"ACT-S-011-V1","K-ACT-06-videoschleife","ACT-S-011","de","Film","Action","Speed","Speed","1994","Speed","schwer","Technik","Geiselnahme|Verfolgungsjagd|Polizei","Speed|Polizeifilme","Die Videoschleife macht Überwachung zur falschen Sicherheit.","„Speed“ (1994): Warum bemerkt Payne die Räumung des Busses zunächst nicht über seine Kamera?","Die Fahrgäste bleiben unter den Sitzen versteckt.","Er sieht eine Wiederholung zuvor aufgezeichneter Bilder.","Jack hat Payne die falsche Buslinie genannt.","Sein Monitor wird durch einen Stromausfall abgeschaltet.","B","Die Polizei speist eine Videoschleife ein, die den verlassenen Bus nicht zeigt.","Jack entdeckt, dass Payne nicht nur Fernsehberichte verfolgt, sondern ein eigenes Bild aus dem Bus erhält. Die Polizei nutzt diese Überwachung nun gegen ihn. Eine kurze Aufnahme läuft wiederholt, während die Menschen evakuiert werden. Der Trick funktioniert, weil Payne seinem technischen Blick vertraut und die gezeigte Situation zunächst für gegenwärtig hält.","Die Menschen verlassen den Bus, statt unter den Sitzen zu bleiben.","Die Polizei speist eine Videoschleife ein, die den verlassenen Bus nicht zeigt.","Eine falsche Liniennummer ersetzt nicht die Manipulation des Kamerabilds.","Der Plan beruht auf einem glaubwürdigen Bild, nicht auf einem schwarzen Monitor.","Die Videoschleife macht Überwachung zur falschen Sicherheit.","Handlung","https://catalog.afi.com/Film/60242-SPEED|https://www.imdb.com/title/tt0111257/plotsummary/","redaktionell_geprueft"
"ACT-S-012-V1","K-ACT-06-zug-beschleunigen","ACT-S-012","de","Film","Action","Speed","Speed","1994","Speed","schwer","Handlung","Geiselnahme|Verfolgungsjagd|Polizei","Speed|Polizeifilme","Jack erzwingt die Entgleisung durch Beschleunigen.","„Speed“ (1994): Welches Ziel verfolgt Jack (Keanu Reeves), als er den ungebremsten U-Bahn-Zug noch schneller fahren lässt?","Er will Strom in das Stadtnetz zurückspeisen.","Er will einen rückwärts fahrenden Zug einholen.","Er will ihn gezielt entgleisen lassen.","Er will eine automatische Türsperre lösen.","C","Jack versucht durch zusätzliche Geschwindigkeit eine Entgleisung herbeizuführen.","Nach der Busrettung verlagert sich die Gefahr unter die Stadt. Annie ist gefesselt, und ein gewöhnlicher Ausstieg ist nicht möglich. Jack entscheidet sich deshalb für einen ungewöhnlichen Ausweg über eine Entgleisung. Das Finale variiert die Leitidee des Films: Geschwindigkeit muss verstanden und eingesetzt werden, nicht lediglich möglichst schnell verringert werden.","Die Energieversorgung der Stadt ist nicht sein Ziel.","Es geht nicht um das Einholen eines anderen Zuges.","Jack versucht durch zusätzliche Geschwindigkeit eine Entgleisung herbeizuführen.","Die Beschleunigung soll nicht lediglich eine Türsperre lösen.","Jack erzwingt die Entgleisung durch Beschleunigen.","Auflösung","https://catalog.afi.com/Film/60242-SPEED|https://www.imdb.com/title/tt0111257/plotsummary/","redaktionell_geprueft"
"ACT-L-033-V1","K-ACT-17-bond-connery","ACT-L-033","de","Film","Action","James Bond 007 – Goldfinger","Goldfinger","1964","James Bond","leicht","Besetzung","Spionage|Gold|Sabotage","James Bond|Agentenfilme","Sean Connery ist der Bond von Goldfinger.","„Goldfinger“ (1964): Welche Figur spielt Sean Connery?","Felix Leiter","Oddjob","James Bond","Auric Goldfinger","C","Sean Connery ist in diesem Film James Bond.","James Bond (Sean Connery) kommt Auric Goldfinger (Gert Fröbe) zunächst beim Golf näher. Goldfinger betrügt beim Spiel; Bond lässt sich auf das Duell ein, statt nur aus der Ferne zu beobachten. Später verfolgt er den Goldhändler auf einer Schweizer Passstraße. So führt die Ermittlung vom persönlichen Kräftemessen zur Verfolgung. Connerys Bond muss gesellschaftlich auftreten können und zugleich als Agent unauffällig am Gegner bleiben.","Felix Leiter wird hier von Cec Linder gespielt.","Oddjob wird von Harold Sakata gespielt.","Sean Connery ist in diesem Film James Bond.","Goldfinger wird von Gert Fröbe gespielt.","Sean Connery ist der Bond von Goldfinger.","keine","https://www.007.com/bond-tails-goldfinger/|https://www.007.com/goldfinger-2/","redaktionell_geprueft"
"ACT-L-034-V1","K-ACT-17-oddjob-hut","ACT-L-034","de","Film","Action","James Bond 007 – Goldfinger","Goldfinger","1964","James Bond","leicht","Figur","Spionage|Gold|Sabotage","James Bond|Agentenfilme","Oddjobs Hut ist Kleidung und Waffe zugleich.","„James Bond 007 – Goldfinger“ (1964): Wem gehört der gefährliche Hut mit Metallrand?","Q","M","Oddjob","Felix Leiter","C","Oddjob verwendet seinen Hut als Waffe.","Goldfingers schweigsamer Helfer benötigt wenige Worte, um bedrohlich zu wirken. Sein Hut verbindet ein gepflegtes äußeres Erscheinungsbild mit überraschender Gewalt. Die Fähigkeit wird früh demonstriert und bleibt als Gefahr präsent. Im späteren Kampf muss Bond deshalb nicht nur Oddjobs körperliche Stärke, sondern auch diesen scheinbar harmlosen Teil seiner Kleidung berücksichtigen.","Q entwickelt Bonds Ausrüstung, trägt aber nicht Oddjobs Waffe.","M ist nicht der Besitzer dieses Wurfhuts.","Oddjob verwendet seinen Hut als Waffe.","Felix Leiter setzt diesen Hut nicht als Waffe ein.","Oddjobs Hut ist Kleidung und Waffe zugleich.","Handlung","https://www.007.com/the-films/goldfinger/|https://en.wikipedia.org/wiki/Goldfinger_(film)","redaktionell_geprueft"
"ACT-M-033-V1","K-ACT-17-fort-knox-kontamination","ACT-M-033","de","Film","Action","James Bond 007 – Goldfinger","Goldfinger","1964","James Bond","mittel","Motiv","Spionage|Gold|Sabotage","James Bond|Agentenfilme","Goldfinger will fremdes Gold entwerten, um sein eigenes aufzuwerten.",„James Bond 007 – Goldfinger“ (1964): Warum würde Goldfingers (Gert Fröbe) Plan den Wert seines eigenen Goldes steigern?,"Das Gold in Fort Knox wäre durch radioaktive Kontamination nicht mehr nutzbar.","Alle Goldbarren der Welt würden automatisch zu seinem Eigentum.","Sein Gold würde durch Bestrahlung ein größeres Gewicht erhalten.","Die USA müssten ihm ihre jährliche Goldförderung schenken.","A","Die Unbrauchbarkeit großer Reserven soll sein eigenes Gold wertvoller machen.","Bond erkennt, dass ein vollständiger Abtransport der Reserven kaum durchführbar wäre. Goldfingers eigentlicher Plan umgeht dieses Problem: Das Gold soll bleiben, aber wirtschaftlich nicht mehr nutzbar sein. Die Auflösung verbindet eine spektakuläre Waffe mit einer Marktstrategie. Sein Reichtum würde nicht durch mehr Besitz, sondern durch die Verknappung des verfügbaren Goldes wachsen.","Die Unbrauchbarkeit großer Reserven soll sein eigenes Gold wertvoller machen.","Goldfinger erhält durch die Tat keinen Eigentumstitel an sämtlichen Goldbarren.","Die beabsichtigte Wertsteigerung beruht nicht auf einem höheren Gewicht seines Goldes.","Eine solche Schenkung ist nicht Teil seines Plans.","Goldfinger will fremdes Gold entwerten, um sein eigenes aufzuwerten.","Auflösung","https://www.007.com/the-films/goldfinger/|https://en.wikipedia.org/wiki/Goldfinger_(film)","redaktionell_geprueft"
"ACT-M-034-V1","K-ACT-17-jill-goldfarbe","ACT-M-034","de","Film","Action","James Bond 007 – Goldfinger","Goldfinger","1964","James Bond","mittel","Handlung","Spionage|Gold|Sabotage","James Bond|Agentenfilme","Jills goldbedeckter Körper verbindet Goldfingers Reichtum mit Gewalt.",„James Bond 007 – Goldfinger“ (1964): Welche Figur entdeckt Bond (Sean Connery) tot und mit Goldfarbe bedeckt?,"Tilly Masterson","Miss Moneypenny","Jill Masterson","Pussy Galore","C","Bond findet Jill Masterson in diesem Zustand.","Jill hilft Bond zunächst, Goldfingers Kartentrick zu durchschauen. Ihre Bestrafung macht aus dem spielerischen Beginn eine ernsthafte Bedrohung. Die auffällige Inszenierung verbindet Goldfingers wichtigste Obsession unmittelbar mit seiner Grausamkeit. Gefragt ist das gezeigte Bild des Films, nicht die medizinische Plausibilität der innerhalb der Handlung gegebenen Erklärung für ihren Tod.","Tilly ist Jills Schwester und wird nicht auf diese Weise aufgefunden.","Moneypenny gehört nicht zu den Opfern dieser Szene.","Bond findet Jill Masterson in diesem Zustand.","Pussy Galore ist nicht die mit Goldfarbe bedeckte Tote.","Jills goldbedeckter Körper verbindet Goldfingers Reichtum mit Gewalt.","Handlung","https://www.007.com/the-films/goldfinger/|https://en.wikipedia.org/wiki/Goldfinger_(film)","redaktionell_geprueft"
"ACT-S-033-V1","K-ACT-17-grand-slam-laser","ACT-S-033","de","Film","Action","James Bond 007 – Goldfinger","Goldfinger","1964","James Bond","schwer","Handlung","Spionage|Gold|Sabotage","James Bond|Agentenfilme","Bond überlebt den Laser durch vorgetäuschtes Wissen über Grand Slam.",„James Bond 007 – Goldfinger“ (1964): Warum bricht Goldfinger (Gert Fröbe) die unmittelbar drohende Tötung Bonds (Sean Connery) durch den Laser ab?,"Bond macht sich durch angebliches Wissen über Grand Slam vorläufig wertvoll.","Bond beweist, dass der Laser bereits vollständig zerstört ist.","Bond bietet ihm Zugang zu einem geheimen Schweizer Goldlager.","Bond überzeugt Oddjob, Goldfinger sofort festzunehmen.","A","Bonds Bluff über Grand Slam lässt Goldfinger ein weiteres Risiko seiner Tötung vermuten.","Bond ist auf einem Tisch fixiert und kann die Situation nicht körperlich lösen. Stattdessen macht er sein mögliches Wissen zu einem Risiko für den Gegner. Wenn der Geheimdienst bereits informiert sein könnte, genügt Bonds Tod nicht als Absicherung. Die Szene zeigt eine zentrale Agentenfähigkeit: Aus sehr begrenzten Informationen eine glaubhafte Verhandlungsposition schaffen.","Bonds Bluff über Grand Slam lässt Goldfinger ein weiteres Risiko seiner Tötung vermuten.","Der funktionsfähige Laser ist gerade die unmittelbare Bedrohung.","Ein neu angebotenes Schweizer Lager ist nicht der rettende Bluff.","Oddjob wechselt in dieser Szene nicht die Seiten.","Bond überlebt den Laser durch vorgetäuschtes Wissen über Grand Slam.","Handlung","https://de.wikipedia.org/wiki/James_Bond_007_%E2%80%93_Goldfinger|https://www.007.com/the-films/goldfinger/|https://en.wikipedia.org/wiki/Goldfinger_(film)","redaktionell_geprueft"
"ACT-S-034-V1","K-ACT-17-oddjob-strom","ACT-S-034","de","Film","Action","James Bond 007 – Goldfinger","Goldfinger","1964","James Bond","schwer","Handlung","Spionage|Gold|Sabotage","James Bond|Agentenfilme","Bond wendet Oddjobs Metallhut und das Gitter gegen ihn.",„James Bond 007 – Goldfinger“ (1964): Warum wird Oddjobs (Harold Sakata) Griff nach seinem Hut im Tresorraum tödlich?,"Im Hut wird beim zweiten Berühren ein Zeitzünder aktiviert.","Bond setzt das Metallgitter, an dem der Hut steckt, unter Strom.","Hinter dem Hut befindet sich ein verborgenes Scharfschützenfenster.","Das Gitter klappt zusammen und schließt ihn im Tresor ein.","B","Bond nutzt das Metallgitter als Stromleiter, während Oddjob nach dem Hut greift.","Die gewöhnliche körperliche Auseinandersetzung verschafft Bond kaum einen Vorteil. Oddjobs Hut bleibt dabei zugleich Gefahr und Ansatzpunkt. Als der Helfer ihn am Gitter zurückholen will, verwendet Bond den elektrischen Strom. Die Lösung entsteht aus dem Zusammenspiel von Gegnerwaffe und Umgebung und nicht aus einer plötzlich größeren Stärke des Agenten.","Der Hut enthält in dieser Szene keinen solchen Zeitzünder.","Bond nutzt das Metallgitter als Stromleiter, während Oddjob nach dem Hut greift.","Ein versteckter Scharfschütze entscheidet den Kampf nicht.","Oddjob stirbt nicht durch ein zuklappendes Gitter.","Bond wendet Oddjobs Metallhut und das Gitter gegen ihn.","Auflösung","https://www.007.com/focus-week-oddjob/|https://www.007.com/the-films/goldfinger/|https://en.wikipedia.org/wiki/Goldfinger_(film)","redaktionell_geprueft"
"ACT-L-041-V1","K-ACT-21-ethan-darsteller","ACT-L-041","de","Film","Action","Mission: Impossible","Mission: Impossible","1996","Mission: Impossible","leicht","Besetzung","Spionage|Undercover|Verrat","Mission: Impossible|Agentenfilme","Ethan Hunt ist die Agentenrolle von Tom Cruise.","„Mission: Impossible“ (1996): Welche Figur spielt Tom Cruise?","Luther Stickell","Ethan Hunt","Eugene Kittridge","Jim Phelps","B","Tom Cruise verkörpert Ethan Hunt.","Ethan Hunt steht im Mittelpunkt eines Agententeams, dessen Einsatz in Prag katastrophal scheitert. Tom Cruise verbindet die Rolle mit körperlicher Geschicklichkeit und improvisierten Täuschungen. Der Film etabliert damit eine Hauptfigur, die sich auf Kollegen verlassen muss, zugleich aber herausfinden soll, welchem vermeintlichen Verbündeten sie überhaupt noch trauen kann.","Luther Stickell wird von Ving Rhames gespielt.","Tom Cruise verkörpert Ethan Hunt.","Eugene Kittridge wird von Henry Czerny gespielt.","Jim Phelps wird hier von Jon Voight gespielt.","Ethan Hunt ist die Agentenrolle von Tom Cruise.","keine","https://en.wikipedia.org/wiki/Mission:_Impossible_(film)","redaktionell_geprueft"
"ACT-L-042-V1","K-ACT-21-imf-dienst","ACT-L-042","de","Film","Action","Mission: Impossible","Mission: Impossible","1996","Mission: Impossible","leicht","Figur","Spionage|Undercover|Verrat","Mission: Impossible|Agentenfilme","Ethan Hunt arbeitet für die IMF.","„Mission: Impossible“ (1996): Zu welcher Organisation gehört das Team, dessen Prager Einsatz Ethan (Tom Cruise) überlebt?","Zur amerikanischen National Security Agency","Zur Impossible Mission Force","Zum französischen Auslandsnachrichtendienst","Zum britischen Secret Intelligence Service","B","Ethans Team gehört zur Impossible Mission Force.","Die IMF setzt für verdeckte Aufträge spezialisierte Teams ein. Zu ihren Mitteln gehören Masken, technische Manipulationen und genau abgestimmte Rollen. Nach dem gescheiterten Einsatz muss Ethan ohne die reguläre Unterstützung dieser Organisation handeln. Gerade das macht die vertrauten Methoden seines Dienstes zugleich zu seinen wichtigsten Werkzeugen und zu einer möglichen Gefahr.","Es ist keine Einheit der NSA.","Ethans Team gehört zur Impossible Mission Force.","Es gehört nicht zum französischen Auslandsnachrichtendienst.","Das Team ist keine britische SIS-Einheit.","Ethan Hunt arbeitet für die IMF.","keine","https://en.wikipedia.org/wiki/Mission:_Impossible_(film)","redaktionell_geprueft"
"ACT-M-041-V1","K-ACT-21-noc-liste","ACT-M-041","de","Film","Action","Mission: Impossible","Mission: Impossible","1996","Mission: Impossible","mittel","Handlung","Spionage|Undercover|Verrat","Mission: Impossible|Agentenfilme","In Langley geht es um die NOC-Liste und damit um Agentenidentitäten.","„Mission: Impossible“ (1996): Welche Gefahr würde die Veröffentlichung der in Langley gestohlenen NOC-Liste schaffen?","Sämtliche Satelliten würden sofort ihre Umlaufbahnen verlassen.","Ein Prototyp eines Kampfflugzeugs würde ferngesteuert starten.","Alle amerikanischen Banken würden ihre Tresore automatisch öffnen.","Verdeckte Agenten würden durch ihre wahren Identitäten enttarnt.","D","Die Liste verknüpft verdeckte Tätigkeiten mit den tatsächlichen Agentenidentitäten.","Der berühmte Einbruch verlangt absolute Kontrolle über Geräusche, Temperatur und Bewegung. Ethan wird in den gesicherten Raum abgeseilt, während andere Teammitglieder seine Position absichern. Die Datei ist so wertvoll, weil ihre Veröffentlichung Menschen enttarnen würde. Sie dient Ethan zugleich als Köder, um die Hintergründe des Verrats aufzudecken und seine eigene Lage zu verändern.","Sie ist keine Satellitensteuerung.","Sie ist keine Startsoftware eines Flugzeugprototyps.","Sie enthält keine Steuerung sämtlicher Banktresore.","Die Liste verknüpft verdeckte Tätigkeiten mit den tatsächlichen Agentenidentitäten.","In Langley geht es um die NOC-Liste und damit um Agentenidentitäten.","Handlung","https://en.wikipedia.org/wiki/Mission:_Impossible_(film)","redaktionell_geprueft"
"ACT-M-042-V1","K-ACT-21-kittridge-verdacht","ACT-M-042","de","Film","Action","Mission: Impossible","Mission: Impossible","1996","Mission: Impossible","mittel","Handlung","Spionage|Undercover|Verrat","Mission: Impossible|Agentenfilme","Ethans Überleben macht ihn für Kittridge verdächtig.",„Mission: Impossible“ (1996): Wie deutet Kittridge (Henry Czerny) Ethans (Tom Cruise) scheinbar einzigartiges Überleben des Prager Einsatzes?,"Als Beweis dafür, dass die IMF niemals verraten wurde","Als Hinweis darauf, dass in Prag überhaupt kein Einsatz stattfand","Als sichere Bestätigung für Ethans sofortige Beförderung","Als mögliches Zeichen dafür, dass Ethan selbst der Maulwurf ist","D","Kittridge hält Ethan gerade wegen dieser Konstellation für einen möglichen Verräter.","Ethan erfährt, dass der Einsatz auch der Enttarnung eines Verräters dienen sollte. Aus seiner Sicht hat er gerade seine Kollegen verloren; aus Sicht der Ermittler passt sein Überleben zu einem vorbereiteten Komplott. Diese gegensätzlichen Deutungen treiben die Handlung an. Ethan muss den wirklichen Verrat aufklären, um die gegen ihn gerichtete Erklärung zu widerlegen.","Der Verdacht eines Verräters besteht für Kittridge weiterhin.","Der Einsatz wird nicht als vollständig erfunden betrachtet.","Das Überleben führt zunächst zu Misstrauen, nicht zu einer sicheren Beförderung.","Kittridge hält Ethan gerade wegen dieser Konstellation für einen möglichen Verräter.","Ethans Überleben macht ihn für Kittridge verdächtig.","Handlung","https://en.wikipedia.org/wiki/Mission:_Impossible_(film)","redaktionell_geprueft"
"ACT-S-041-V1","K-ACT-21-drake-bibel","ACT-S-041","de","Film","Action","Mission: Impossible","Mission: Impossible","1996","Mission: Impossible","schwer","Handlung","Spionage|Undercover|Verrat","Mission: Impossible|Agentenfilme","Die Hotelbibel verbindet den Verrat mit Jim Phelps.",„Mission: Impossible“ (1996): Warum ist die Herkunft einer Bibel aus dem Drake Hotel für Ethan (Tom Cruise) belastend für Phelps?,"Phelps war in Chicago, wodurch Ethan Buch und Verräterspur verknüpft.","Phelps hatte das Buch bei einer öffentlichen Auktion versteigert.","Phelps hatte in dem Buch einen unterschriebenen Mordauftrag versteckt.","Phelps war Eigentümer des Hotels und damit automatisch Max' Partner.","A","Ethan verbindet Phelps' Chicago-Aufenthalt mit der Herkunft der Bibel.","Biblische Anspielungen gehören zur verschlüsselten Kommunikation mit der Händlerin Max. Ethan verbindet diese Spur mit der Herkunft eines Buches und Phelps' Aufenthalt in Chicago. Entscheidend ist kein einzelnes Geständnis, sondern das Zusammenführen scheinbar nebensächlicher Angaben. So erkennt er, dass die Geschichte des vertrauten Vorgesetzten nicht zu dessen tatsächlicher Rolle passt.","Ethan verbindet Phelps' Chicago-Aufenthalt mit der Herkunft der Bibel.","Eine öffentliche Versteigerung begründet Ethans Schluss nicht.","Ein unterschriebener Mordauftrag ist nicht der Hinweis in dem Buch.","Phelps ist nicht als Eigentümer des Drake Hotels eingeführt.","Die Hotelbibel verbindet den Verrat mit Jim Phelps.","Auflösung","https://en.wikipedia.org/wiki/Mission:_Impossible_(film)","redaktionell_geprueft"
"ACT-S-042-V1","K-ACT-21-kaugummi-finale","ACT-S-042","de","Film","Action","Mission: Impossible","Mission: Impossible","1996","Mission: Impossible","schwer","Handlung","Spionage|Undercover|Verrat","Mission: Impossible|Agentenfilme","Der explosive Kaugummi kehrt im Tunnelfinale als entscheidendes Hilfsmittel zurück.","„Mission: Impossible“ (1996): In welcher Situation kommt der zuvor vorgestellte explosive Kaugummi entscheidend zum Einsatz?","Beim Kampf gegen den Hubschrauber im Tunnelfinale","Beim Einsturz des Prager Hotelbalkons","Beim Start einer Rakete aus einem U-Boot","Beim Öffnen des Banktresors in Zürich","A","Ethan nutzt den Kaugummi gegen den Hubschrauber während der Zugverfolgung.","Das Finale greift ein Hilfsmittel auf, das der Film schon früher vorgestellt hat. Die Verfolgung verlagert sich vom Zug auf den Hubschrauber und in den Tunnel, wodurch Ethan kaum Handlungsspielraum bleibt. Sein Ausweg entsteht aus der Erinnerung an vorhandene Ausrüstung. Damit verbindet die Szene spektakuläre Bewegung mit einem zuvor angelegten erzählerischen Baustein.","Ethan nutzt den Kaugummi gegen den Hubschrauber während der Zugverfolgung.","Das Finale mit dem Kaugummi spielt nicht an einem Hotelbalkon.","Eine U-Boot-Rakete ist nicht der Einsatzort dieses Hilfsmittels.","Ein Zürcher Banktresor gehört nicht zu diesem Einsatz.","Der explosive Kaugummi kehrt im Tunnelfinale als entscheidendes Hilfsmittel zurück.","Auflösung","https://en.wikipedia.org/wiki/Mission:_Impossible_(film)","redaktionell_geprueft"
"ACT-L-049-V1","K-ACT-25-wick-reeves","ACT-L-049","de","Film","Action","John Wick","John Wick","2014","John Wick","leicht","Besetzung","Rache|Organisierte Kriminalität|Trauer","John Wick|Rachefilme","John Wick wird von Keanu Reeves gespielt.","Wie heißt der frühere Auftragskiller, den Keanu Reeves im Actionfilm von 2014 spielt?","Viggo Tarasov","Winston","John Wick","Marcus","C","Keanu Reeves spielt den ehemaligen Auftragskiller John Wick.","John Wick (Keanu Reeves) lebt nach dem Tod seiner Frau zurückgezogen. Der Hund, den sie ihm hinterlassen hat, soll ihm helfen, mit ihrem Verlust weiterzuleben. Ein Überfall zerstört diese Verbindung und bringt ihn in seine frühere Welt zurück. Gangsterboss Viggo Tarasov (Michael Nyqvist) erkennt die Gefahr sofort: Sein Sohn hat einen ehemaligen Auftragskiller angegriffen, dessen Können und Ruf ihm aus eigener Erfahrung bekannt sind.","Viggo wird von Michael Nyqvist gespielt.","Winston wird von Ian McShane gespielt.","Keanu Reeves spielt John Wick.","Marcus wird von Willem Dafoe gespielt.","John Wick wird von Keanu Reeves gespielt.","keine","https://en.wikipedia.org/wiki/John_Wick_(film)","redaktionell_geprueft"
"ACT-L-050-V1","K-ACT-25-daisy-helen","ACT-L-050","de","Film","Action","John Wick","John Wick","2014","John Wick","leicht","Beziehung","Rache|Organisierte Kriminalität|Trauer","John Wick|Rachefilme","Daisy verbindet John mit Helens letztem Geschenk.","„John Wick“ (2014): Wer sorgt dafür, dass John (Keanu Reeves) nach Helens (Bridget Moynahan) Tod den Welpen Daisy erhält?","Helen durch ein vorbereitetes Abschiedsgeschenk","Winston durch einen Auftrag des Continental","Marcus als Bezahlung für einen gemeinsamen Auftrag","Iosef als Entschuldigung für einen früheren Streit","A","Daisy ist ein von Helen vorbereitetes Geschenk für John.","Der Hund trifft nach Helens Tod bei John ein und schafft eine neue tägliche Verbindung zum Leben. Deshalb hat der spätere Angriff eine Bedeutung, die über den Verlust eines Haustiers hinausgeht. Die Täter zerstören etwas, das eng mit Johns Trauer und dem letzten Wunsch seiner Frau verbunden ist. Das erklärt die persönliche Wucht seiner Reaktion.","Daisy ist ein von Helen vorbereitetes Geschenk für John.","Winston ist nicht der Urheber des Abschiedsgeschenks.","Daisy ist keine Bezahlung von Marcus.","Iosef schenkt John den Hund nicht zur Versöhnung.","Daisy verbindet John mit Helens letztem Geschenk.","Handlung","https://en.wikipedia.org/wiki/John_Wick_(film)","redaktionell_geprueft"
"ACT-M-049-V1","K-ACT-25-continental-regel","ACT-M-049","de","Film","Action","John Wick","John Wick","2014","John Wick","mittel","Schauplatz","Rache|Organisierte Kriminalität|Trauer","John Wick|Rachefilme","Das Continental verlangt eine Pause vom Töten auf seinem Gelände.",„John Wick“ (2014): Warum stellt Perkins' (Adrianne Palicki) Angriff auf John (Keanu Reeves) im Continental zugleich einen Regelbruch des Hotels dar?,"Sie nennt John versehentlich bei seinem richtigen Namen.","Sie bezahlt ihr Zimmer mit gewöhnlichem Bargeld.","Sie führt dort einen Mordauftrag aus.","Sie betritt das Hotel ohne Begleitung von Viggo.","C","Der Angriff verletzt das Verbot, im Hotel Mordaufträge auszuführen.","Das Hotel bildet einen Ruhepunkt innerhalb einer gewalttätigen Unterwelt. Dienstleistungen, Personal und Umgangsformen vermitteln Ordnung, obwohl viele Gäste außerhalb des Hauses tödliche Aufträge übernehmen. Diese Trennung funktioniert nur, wenn Regeln durchgesetzt werden. Ein Angriff auf einen Gast ist deshalb zugleich ein Angriff auf die Autorität des Ortes und hat Folgen über den unmittelbaren Kampf hinaus.","Die Nennung seines Namens ist nicht die verletzte Schutzregel.","Die Zahlungsweise ist nicht der entscheidende Regelbruch dieser Szene.","Der Angriff verletzt das Verbot, im Hotel Mordaufträge auszuführen.","Viggos Begleitung ist keine allgemeine Zutrittsbedingung.","Das Continental verlangt eine Pause vom Töten auf seinem Gelände.","Auflösung","https://en.wikipedia.org/wiki/John_Wick_(film)","redaktionell_geprueft"
"ACT-M-050-V1","K-ACT-25-iosef-viggo","ACT-M-050","de","Film","Action","John Wick","John Wick","2014","John Wick","mittel","Beziehung","Rache|Organisierte Kriminalität|Trauer","John Wick|Rachefilme","Iosef ist Viggos Sohn und Auslöser des Konflikts mit John.",„John Wick“ (2014): Warum ist Viggos (Michael Nyqvist) Schutz für Iosef (Alfie Allen) zugleich eine familiäre Entscheidung?,"Viggo versucht, seinen Onkel zu retten.","Viggo versucht, seinen Sohn zu retten.","Viggo versucht, seinen Bruder zu retten.","Viggo versucht, seinen Vater zu retten.","B","Iosef ist Viggos Sohn.","Iosef löst durch seinen Angriff auf John eine Krise aus, deren Tragweite er zunächst nicht begreift. Viggo kennt Johns Vergangenheit und erkennt die Gefahr sofort. Die familiäre Verbindung erklärt, warum er trotzdem versucht, Iosef zu schützen. Damit treffen in seinem Verhalten zwei Kräfte aufeinander: die nüchterne Einschätzung eines erfahrenen Verbrechers und die Loyalität eines Vaters.","Iosef ist nicht Viggos Onkel.","Iosef ist Viggos Sohn.","Iosef ist nicht Viggos Bruder.","Iosef ist nicht Viggos Vater.","Iosef ist Viggos Sohn und Auslöser des Konflikts mit John.","Handlung","https://en.wikipedia.org/wiki/John_Wick_(film)","redaktionell_geprueft"
"ACT-S-049-V1","K-ACT-25-marcus-hilfe","ACT-S-049","de","Film","Action","John Wick","John Wick","2014","John Wick","schwer","Beziehung","Rache|Organisierte Kriminalität|Trauer","John Wick|Rachefilme","Marcus nimmt den Auftrag an, handelt aber zugunsten von John.",„John Wick“ (2014): Welche Entscheidung bringt Marcus (Willem Dafoe) in Konflikt mit Viggo (Michael Nyqvist)?,"Er verkauft Viggos Haus heimlich an Winston.","Er unterstützt John, obwohl Viggo Johns Tod verlangt.","Er verhindert Johns Aufnahme als Gast des Hotels.","Er verrät Iosef den geheimen Zugang zum Continental.","B","Marcus handelt heimlich zu Johns Gunsten und widersetzt sich damit Viggos Ziel.","Marcus, gespielt von Willem Dafoe, erscheint zunächst als weiterer möglicher Gegner. Seine Eingriffe zeigen jedoch, dass seine Beziehung zu John mehr zählt als das angebotene Geld. Dadurch nutzt der Film die Unsicherheit über einen professionellen Killer für einen Loyalitätswechsel aus Sicht des Publikums. Diese Entscheidung bringt Marcus selbst in Gefahr, sobald Viggo davon erfährt.","Ein Hausverkauf löst diesen Konflikt nicht aus.","Marcus handelt heimlich zu Johns Gunsten und widersetzt sich damit Viggos Ziel.","Marcus blockiert nicht Johns Aufnahme im Hotel.","Ein solcher Zugangstipp ist nicht der Grund für Viggos Vorgehen gegen Marcus.","Marcus nimmt den Auftrag an, handelt aber zugunsten von John.","Auflösung","https://en.wikipedia.org/wiki/John_Wick_(film)","redaktionell_geprueft"
"ACT-S-050-V1","K-ACT-25-neuer-hund","ACT-S-050","de","Film","Action","John Wick","John Wick","2014","John Wick","schwer","Handlung","Rache|Organisierte Kriminalität|Trauer","John Wick|Rachefilme","Der neue Hund verbindet das Ende mit Helens Wunsch nach einem Weiterleben.","„John Wick“ (2014): Welche Handlung am Schluss greift Helens (Bridget Moynahan) Wunsch auf, John (Keanu Reeves) solle eine neue Bindung zum Leben finden?","John verschenkt sein Auto an Viggo.","John nimmt einen Hund aus der Tierklinik mit.","John eröffnet gemeinsam mit Iosef ein Tierheim.","John übergibt Daisy an Helens Eltern.","B","Die Mitnahme eines neuen Hundes greift das Motiv einer fürsorglichen Bindung wieder auf.","Nach dem letzten Kampf sucht John einen Ort, an dem er seine Verletzungen behandeln kann. Die Begegnung mit dem Hund greift das Motiv von Fürsorge und Verlust wieder auf. Sie macht die Gewalt nicht rückgängig und ersetzt Helen nicht. Dennoch entsteht eine neue Bindung, die an den ursprünglichen Wunsch seiner Frau erinnert, dass er weiterlebt.","Viggo erhält am Ende kein Auto als Geschenk.","Die Mitnahme eines neuen Hundes greift das Motiv einer fürsorglichen Bindung wieder auf.","Ein gemeinsames Tierheim mit Iosef entsteht nicht.","Daisy lebt zu diesem Zeitpunkt nicht mehr.","Der neue Hund verbindet das Ende mit Helens Wunsch nach einem Weiterleben.","Auflösung","https://en.wikipedia.org/wiki/John_Wick_(film)","redaktionell_geprueft"
