"question_id","knowledge_id","variant_of","language","domain","subdomain","film_title_de","film_title_original","film_year","franchise","difficulty","question_type","topic_tags","badge_tags","learning_objective","question","answer_a","answer_b","answer_c","answer_d","correct_answer","explanation_short","explanation_context","feedback_a","feedback_b","feedback_c","feedback_d","memory_anchor","spoiler_level","source_urls","verification_status"
"G100-20261008-ROMCOM-001-L1","K-G100-20261008-ROMCOM-001-L1","","de","Film","Rom-Com","Lichter der Großstadt","City Lights","1931","","leicht","Filmwissen","Rom-Com","Rom-Com","Sie kennt den Helfer zunächst ohne dessen sichtbare Erscheinung.","Welche Beeinträchtigung hat die Blumenverkäuferin (Virginia Cherrill) in „Lichter der Großstadt“?","Sie ist gehörlos","Sie ist blind","Sie hat eine gelähmte Hand","Sie kann nicht sprechen","B","Sie kann nicht sehen.","Die Blumenverkäuferin (Virginia Cherrill) kann den Tramp (Charlie Chaplin) nicht sehen. Deshalb entsteht ihre Vorstellung von ihm durch Geräusche, Berührungen und seine Hilfe. Er wird für sie zu einem großzügigen Mann, dessen tatsächliche Armut sie zunächst nicht kennt. Die Blindheit schafft so die Voraussetzung für ein Missverständnis, das später seine Bemühungen um ihre Behandlung und die besondere Form des Wiedererkennens miteinander verbindet.","Sie ist nicht gehörlos.","Sie kann nicht sehen.","Eine gelähmte Hand ist nicht ihre Beeinträchtigung.","Sie kann sprechen.","Sie kennt den Helfer zunächst ohne dessen sichtbare Erscheinung.","mittel","https://en.wikipedia.org/wiki/City_Lights|https://catalog.afi.com/Film/3886-CITY-LIGHTS","redaktionell_quellengeprueft"
"G100-20261008-ROMCOM-001-L2","K-G100-20261008-ROMCOM-001-L2","","de","Film","Rom-Com","Lichter der Großstadt","City Lights","1931","","leicht","Filmwissen","Rom-Com","Rom-Com","Die Freundschaft verschwindet mit der Nüchternheit.","Wann behandelt der Millionär (Harry Myers) den Tramp (Charlie Chaplin) in „Lichter der Großstadt“ als seinen Freund?","Wenn er allein im Haus ist","Wenn seine Gäste zusehen","Wenn er betrunken ist","Wenn sein Butler abwesend ist","C","Im betrunkenen Zustand erkennt er den Tramp als Freund an.","Der Millionär (Harry Myers) wird vom Tramp (Charlie Chaplin) vor einem Suizid bewahrt und nimmt ihn betrunken als Freund auf. Sobald er nüchtern ist, erkennt er den Besucher jedoch nicht mehr an. Diese wechselnde Behandlung öffnet und verschließt dem armen Mann den Zugang zu Geld, Haus und Gesellschaft. Aus einer rettenden Begegnung entsteht dadurch keine verlässliche Freundschaft, sondern eine Bindung, die immer wieder unvermittelt abbricht.","Alleinsein entscheidet nicht über die Freundschaft.","Die Anwesenheit von Gästen erklärt den Wechsel nicht.","Im betrunkenen Zustand erkennt er den Tramp als Freund an.","Der Butler ist nicht der Auslöser des Erinnerungswechsels.","Die Freundschaft verschwindet mit der Nüchternheit.","mittel","https://en.wikipedia.org/wiki/City_Lights|https://catalog.afi.com/Film/3886-CITY-LIGHTS","redaktionell_quellengeprueft"
"G100-20261008-ROMCOM-001-M1","K-G100-20261008-ROMCOM-001-M1","","de","Film","Rom-Com","Lichter der Großstadt","City Lights","1931","","mittel","Filmwissen","Rom-Com","Rom-Com","Die Hilfe beginnt mit Straßenkehrerlohn.","Welche Arbeit nimmt der Tramp (Charlie Chaplin) in „Lichter der Großstadt“ an, um der Blumenverkäuferin (Virginia Cherrill) zu helfen?","Er arbeitet als Hotelportier","Er arbeitet als Tellerwäscher","Er arbeitet als Fabrikarbeiter","Er arbeitet als Straßenkehrer","D","Er nimmt eine Stelle als Straßenkehrer an.","Der Tramp (Charlie Chaplin) arbeitet als Straßenkehrer, damit er die Blumenverkäuferin (Virginia Cherrill) unterstützen kann. Der Lohn soll ihre bedrängte Lage verbessern, ohne dass sie seine eigene Armut erfährt. Die Arbeit ist jedoch keine dauerhafte Lösung: Er verliert die Stelle. Der Versuch, durch gewöhnliche Erwerbsarbeit zu helfen, führt deshalb weiter zu einer riskanteren Möglichkeit, Geld zu verdienen, dem geplanten Boxkampf um ein Preisgeld.","Ein Hotel beschäftigt ihn für diese Hilfe nicht.","Tellerwaschen ist nicht die gezeigte Arbeit.","Eine Fabrikstelle nimmt er dafür nicht an.","Er nimmt eine Stelle als Straßenkehrer an.","Die Hilfe beginnt mit Straßenkehrerlohn.","mittel","https://en.wikipedia.org/wiki/City_Lights|https://catalog.afi.com/Film/3886-CITY-LIGHTS","redaktionell_quellengeprueft"
"G100-20261008-ROMCOM-001-M2","K-G100-20261008-ROMCOM-001-M2","","de","Film","Rom-Com","Lichter der Großstadt","City Lights","1931","","mittel","Filmwissen","Rom-Com","Rom-Com","Der Ersatzgegner macht aus dem Geldplan einen echten Kampf.","Warum scheitert in „Lichter der Großstadt“ die ursprüngliche Absprache für den Boxkampf des Tramps (Charlie Chaplin)?","Ein Ersatzgegner lehnt den abgesprochenen Ausgang ab","Der Veranstalter streicht das vereinbarte Preisgeld","Der Schiedsrichter entdeckt die Absprache vor Kampfbeginn","Der Tramp verwechselt die vereinbarte Kampfrunde","A","Der Ersatzgegner macht beim verabredeten Kampf nicht mit.","Der Tramp (Charlie Chaplin) hofft auf einen Boxkampf mit einem abgesprochenen Ausgang und geteiltem Preisgeld. Sein ursprünglicher Partner verschwindet jedoch, und der neue Gegner (Hank Mann) lässt sich auf die Abmachung nicht ein. Der scheinbar sichere Verdienst wird damit zu einem echten Kampf gegen einen überlegenen Mann. Die komischen Ausweichbewegungen entstehen aus diesem Wechsel: Er versucht, eine nun unkontrollierbare Situation mit Einfallsreichtum zu überstehen.","Der Ersatzgegner macht beim verabredeten Kampf nicht mit.","Das Preisgeld wird nicht als Ursache gestrichen.","Eine entdeckte Absprache ist nicht der Auslöser.","Eine verwechselte Runde erklärt das Scheitern nicht.","Der Ersatzgegner macht aus dem Geldplan einen echten Kampf.","mittel","https://en.wikipedia.org/wiki/City_Lights|https://catalog.afi.com/Film/3886-CITY-LIGHTS","redaktionell_quellengeprueft"
"G100-20261008-ROMCOM-001-S1","K-G100-20261008-ROMCOM-001-S1","","de","Film","Rom-Com","Lichter der Großstadt","City Lights","1931","","schwer","Filmwissen","Rom-Com","Rom-Com","Die Autotür erzeugt ein Bild von Wohlstand.","Welches Geräusch trägt in „Lichter der Großstadt“ dazu bei, dass die Blumenverkäuferin (Virginia Cherrill) den Tramp (Charlie Chaplin) für wohlhabend hält?","Das Klimpern einer gefüllten Geldbörse","Eine zuschlagende Autotür","Das Anfahren einer wartenden Kutsche","Die Schritte eines begleitenden Dieners","B","Sie deutet die Autotür als Hinweis auf seinen Besitz.","Die Blumenverkäuferin (Virginia Cherrill) hört eine Autotür und verbindet dieses Geräusch mit dem Tramp (Charlie Chaplin), der gerade eine Blume kauft. Sie hält ihn deshalb für einen Mann mit eigenem Wagen. Für das Publikum ist die tatsächliche Situation sichtbar; die junge Frau erschließt sie allein über das Gehör. Der Film nutzt so dieselbe Begegnung für zwei unterschiedliche Wahrnehmungen und begründet das spätere Missverständnis über seine gesellschaftliche Stellung.","Eine volle Geldbörse löst dieses Missverständnis nicht aus.","Sie deutet die Autotür als Hinweis auf seinen Besitz.","Eine Kutsche liefert hier nicht den entscheidenden Hinweis.","Ein Diener begleitet den Tramp dabei nicht.","Die Autotür erzeugt ein Bild von Wohlstand.","mittel","https://en.wikipedia.org/wiki/City_Lights","redaktionell_quellengeprueft"
"G100-20261008-ROMCOM-001-S2","K-G100-20261008-ROMCOM-001-S2","","de","Film","Rom-Com","Lichter der Großstadt","City Lights","1931","","schwer","Filmwissen","Rom-Com","Rom-Com","Die vertraute Hand verbindet das frühere und das neue Bild.","Wodurch erkennt die inzwischen sehende Blumenverkäuferin (Virginia Cherrill) ihren Helfer am Schluss von „Lichter der Großstadt“?","Durch seine Stimme beim Blumenkauf","Durch seinen Namen in einer Zeitungsmeldung","Durch die Berührung seiner Hand","Durch eine wiedergefundene Quittung","C","Die Berührung seiner Hand führt zum Wiedererkennen.","Die Blumenverkäuferin (Virginia Cherrill) sieht nun und begegnet dem Tramp (Charlie Chaplin), ohne ihn zunächst als ihren früheren Wohltäter einzuordnen. Erst als sie seine Hand berührt, verbindet sie den sichtbaren armen Mann mit dem ihr vertrauten Helfer. Die Szene löst die Identitätsfrage durch eine Wahrnehmung, die bereits während ihrer Blindheit möglich war. Wie sich die Beziehung danach entwickelt, bleibt offen; das Wiedererkennen selbst ist eindeutig gezeigt.","Seine Stimme bewirkt die Erkenntnis nicht.","Eine Zeitungsmeldung identifiziert ihn nicht für sie.","Die Berührung seiner Hand führt zum Wiedererkennen.","Eine Quittung löst die Begegnung nicht auf.","Die vertraute Hand verbindet das frühere und das neue Bild.","hoch","https://en.wikipedia.org/wiki/City_Lights|https://lcweb2.loc.gov/static/programs/national-film-preservation-board/documents/city_lights.pdf","redaktionell_quellengeprueft"
"G100-20261008-ROMCOM-001-Y","K-G100-20261008-ROMCOM-001-Y","","de","Film","Rom-Com","Lichter der Großstadt","City Lights","1931","","mittel","Filmjahr","Rom-Com","Rom-Com","1927 The Jazz Singer, 1931 City Lights: vier Jahre.","In welchem Jahr wurde „Lichter der Großstadt“ mit Charlie Chaplin erstmals veröffentlicht?","1927","1929","1934","1931","D","Die erste Veröffentlichung war 1931.","Lichter der Großstadt wurde 1931 uraufgeführt, vier Jahre nach The Jazz Singer von 1927. Obwohl sich der Tonfilm inzwischen durchgesetzt hatte, verzichtete Charlie Chaplin weiterhin auf gesprochenen Dialog seiner Figuren. Musik und Geräusche gehören dennoch zur Tonspur. Der Abstand zeigt eine bewusste gestalterische Entscheidung innerhalb eines technischen Umbruchs: Der Film verwendet Ton, bewahrt aber die Verständigung durch sichtbares Spiel und Zwischentitel.","1927 erschien The Jazz Singer, nicht dieser Film.","1929 liegt vor der Premiere.","1934 ist nicht das Erstjahr.","Die erste Veröffentlichung war 1931.","1927 The Jazz Singer, 1931 City Lights: vier Jahre.","mittel","https://catalog.afi.com/Film/3886-CITY-LIGHTS|https://lcweb2.loc.gov/static/programs/national-film-preservation-board/documents/city_lights.pdf","redaktionell_quellengeprueft"
"G100-20261008-ROMCOM-001-D","K-G100-20261008-ROMCOM-001-D","","de","Film","Rom-Com","Lichter der Großstadt","City Lights","1931","","mittel","Regie","Rom-Com","Rom-Com","Chaplin gestaltet den Film und spielt den Tramp.","Wer führte bei „Lichter der Großstadt“ mit Virginia Cherrill und Harry Myers Hauptregie?","Charlie Chaplin","Buster Keaton","Harold Lloyd","Ernst Lubitsch","A","Charlie Chaplin trägt den Hauptregiecredit.","Charlie Chaplin führte bei Lichter der Großstadt Regie und spielte den Tramp. Die Verbindung von Darstellung und Inszenierung ist für die genaue Abstimmung der Körperkomik bedeutsam: Ein Missverständnis kann aus einer Bewegung entstehen und durch eine weitere Bewegung aufgelöst werden. Der offizielle Regiecredit bezeichnet dabei die Verantwortung für den Film als Ganzes. Virginia Cherrill und Harry Myers verkörpern die beiden wichtigsten Begegnungen seiner Hauptfigur.","Charlie Chaplin trägt den Hauptregiecredit.","Keaton inszenierte diesen Film nicht.","Lloyd führte hier nicht Regie.","Lubitsch ist nicht der Regisseur.","Chaplin gestaltet den Film und spielt den Tramp.","mittel","https://catalog.afi.com/Film/3886-CITY-LIGHTS|https://lcweb2.loc.gov/static/programs/national-film-preservation-board/documents/city_lights.pdf","redaktionell_quellengeprueft"
"G100-20261008-ROMCOM-002-L1","K-G100-20261008-ROMCOM-002-L1","","de","Film","Rom-Com","Ehekrieg","Adam's Rib","1949","","leicht","Filmwissen","Rom-Com","Rom-Com","Der gemeinsame Beruf wird zum Schauplatz des Ehekonflikts.","Welchen Beruf haben Adam und Amanda Bonner (Spencer Tracy, Katharine Hepburn) in „Ehekrieg“?","Beide sind Ärzte","Beide sind Journalisten","Beide sind Juristen","Beide sind Hochschullehrer","C","Beide arbeiten als Juristen.","Adam Bonner (Spencer Tracy) und Amanda Bonner (Katharine Hepburn) arbeiten beide als Juristen. Ein Strafverfahren bringt ihre beruflichen Standpunkte in direkten Gegensatz: Er vertritt die Anklage, sie übernimmt die Verteidigung. Dadurch bleibt der Streit nicht auf das Gericht beschränkt, sondern setzt sich zu Hause fort. Ihr gemeinsames Fachgebiet schafft zunächst Nähe und gemeinsame Sprache, wird aber auch zum Mittel, mit dem sie einander öffentlich herausfordern.","Sie arbeiten nicht beide als Ärzte.","Journalismus ist nicht ihr gemeinsamer Beruf.","Beide arbeiten als Juristen.","Sie sind nicht beide Hochschullehrer.","Der gemeinsame Beruf wird zum Schauplatz des Ehekonflikts.","mittel","https://en.wikipedia.org/wiki/Adam's_Rib|https://www.utoronto.ca/news/big-screen-u-t-researcher-hollywood-s-depiction-women-law","redaktionell_quellengeprueft"
"G100-20261008-ROMCOM-002-L2","K-G100-20261008-ROMCOM-002-L2","","de","Film","Rom-Com","Ehekrieg","Adam's Rib","1949","","leicht","Filmwissen","Rom-Com","Rom-Com","Doris’ Schüsse eröffnen das Strafverfahren.","Weshalb wird Doris Attinger (Judy Holliday) in „Ehekrieg“ angeklagt?","Sie hat die Geliebte ihres Mannes erpresst","Sie hat die gemeinsame Wohnung angezündet","Sie hat Beweise für ein Scheidungsverfahren gefälscht","Sie hat auf ihren untreuen Ehemann geschossen","D","Doris schießt auf ihren untreuen Ehemann.","Doris Attinger (Judy Holliday) folgt ihrem Mann Warren (Tom Ewell), überrascht ihn bei einer anderen Frau und schießt auf ihn. Das daraus entstehende Strafverfahren bildet den Ausgangspunkt für den Streit des Ehepaars Bonner. Amanda (Katharine Hepburn) verteidigt Doris, während Adam (Spencer Tracy) als Ankläger auftritt. Die Tat erhält dadurch zwei Ebenen: ihre juristische Beurteilung und die Frage, welche Erwartungen die Gesellschaft an verletzte Ehemänner und Ehefrauen stellt.","Eine Erpressung ist nicht die angeklagte Tat.","Ein Wohnungsbrand führt nicht zum Verfahren.","Gefälschte Scheidungsunterlagen sind nicht der Anlass.","Doris schießt auf ihren untreuen Ehemann.","Doris’ Schüsse eröffnen das Strafverfahren.","mittel","https://en.wikipedia.org/wiki/Adam's_Rib|https://www.tcm.com/watchtcm/titles/15824","redaktionell_quellengeprueft"
"G100-20261008-ROMCOM-002-M1","K-G100-20261008-ROMCOM-002-M1","","de","Film","Rom-Com","Ehekrieg","Adam's Rib","1949","","mittel","Filmwissen","Rom-Com","Rom-Com","Amanda verlangt gleiche Maßstäbe für die Geschlechter.","Welche gesellschaftliche Ungleichheit kritisiert Amanda Bonner (Katharine Hepburn) mit ihrer Verteidigung in „Ehekrieg“?","Ehebruch und Eifersucht werden bei Männern anders bewertet","Wohlhabende Angeklagte erhalten meist mildere Strafen","Verheiratete Frauen werden seltener als Zeuginnen ernst genommen","Öffentliche Verfahren verletzen häufiger die Privatsphäre von Frauen","A","Amanda greift unterschiedliche Maßstäbe für Männer und Frauen an.","Amanda Bonner (Katharine Hepburn) will zeigen, dass die Gesellschaft eine eifersüchtige Frau strenger beurteilt als einen Mann in derselben Lage. Sie stellt daher die Erwartungen an Ehebruch und Gegenwehr in den Mittelpunkt. Adam (Spencer Tracy) hält dagegen an der Strafbarkeit der Tat fest. Der Konflikt entsteht nicht allein aus persönlicher Loyalität, sondern aus zwei unterschiedlichen Blicken auf dasselbe Verfahren: Gleichbehandlung und Verantwortung für gewaltsames Handeln stehen gegeneinander.","Amanda greift unterschiedliche Maßstäbe für Männer und Frauen an.","Vermögensabhängige Strafen sind nicht ihr Hauptargument.","Eine geringere Glaubwürdigkeit verheirateter Zeuginnen ist nicht ihr zentraler Vergleich.","Die Privatsphäre ist nicht der Kern ihres Vergleichs.","Amanda verlangt gleiche Maßstäbe für die Geschlechter.","mittel","https://en.wikipedia.org/wiki/Adam's_Rib|https://www.utoronto.ca/news/big-screen-u-t-researcher-hollywood-s-depiction-women-law|https://www.tcm.com/articles/89267/trivia-3-19-and-8-27-adams-rib","redaktionell_quellengeprueft"
"G100-20261008-ROMCOM-002-M2","K-G100-20261008-ROMCOM-002-M2","","de","Film","Rom-Com","Ehekrieg","Adam's Rib","1949","","mittel","Filmwissen","Rom-Com","Rom-Com","Olympia macht Adam zum anschaulichen Gegenbeispiel.","Wie demonstriert Olympia La Pere (Hope Emerson) in „Ehekrieg“ ihre körperliche Stärke im Gerichtssaal?","Sie trägt Amanda Bonner (Katharine Hepburn) durch den Saal","Sie hebt Adam Bonner (Spencer Tracy) hoch","Sie stemmt Warren Attinger (Tom Ewell) über den Kopf","Sie wirft Kip Lurie (David Wayne) über eine Bank","B","Olympia hebt Adam hoch.","Olympia La Pere (Hope Emerson) gehört zu den Frauen, deren Fähigkeiten Amanda Bonner (Katharine Hepburn) vor Gericht vorführt. Ihre körperliche Kraft zeigt sie ausgerechnet an Adam (Spencer Tracy), den sie hochhebt. Damit wird eine abstrakte Behauptung über männliche Überlegenheit durch ein sichtbares Gegenbeispiel unterbrochen. Zugleich wird der Ankläger selbst zum Gegenstand der Vorführung, sodass der berufliche Konflikt für ihn auch eine persönliche Demütigung erhält.","Amanda wird bei dieser Demonstration nicht getragen.","Olympia hebt Adam hoch.","Warren ist nicht der angehobene Mann.","Kip wird nicht über eine Bank geworfen.","Olympia macht Adam zum anschaulichen Gegenbeispiel.","mittel","https://en.wikipedia.org/wiki/Adam's_Rib|https://catalog.afi.com/Film/25613-ADAM%27S-RIB","redaktionell_quellengeprueft"
"G100-20261008-ROMCOM-002-S1","K-G100-20261008-ROMCOM-002-S1","","de","Film","Rom-Com","Ehekrieg","Adam's Rib","1949","","schwer","Filmwissen","Rom-Com","Rom-Com","Die gefährlich wirkende Pistole lässt sich aufessen.","Woraus besteht die vermeintliche Pistole, mit der Adam Bonner (Spencer Tracy) in „Ehekrieg“ einen Eifersuchtskonflikt zuspitzt?","Aus bemaltem Holz","Aus schwarz gefärbtem Wachs","Aus essbarer Lakritz","Aus einer hohlen Kunststoffhülle","C","Die Pistole besteht aus essbarer Lakritz.","Adam Bonner (Spencer Tracy) bedroht Amanda (Katharine Hepburn) und Kip Lurie (David Wayne) scheinbar mit einer Pistole. Ihre Empörung über die Waffe ermöglicht ihm, die zuvor vertretene Rechtfertigung von Eifersuchtsgewalt gegen sie zu wenden. Dann beißt er ein Stück von der Pistole ab: Sie ist eine Süßigkeit. Die Szene verbindet deshalb eine ernsthafte argumentative Falle mit einer sichtbaren komischen Auflösung der unmittelbaren Gefahr.","Es ist keine bemalte Holzattrappe.","Wachs bildet diese Attrappe nicht.","Die Pistole besteht aus essbarer Lakritz.","Eine Kunststoffhülle ist nicht die Auflösung.","Die gefährlich wirkende Pistole lässt sich aufessen.","hoch","https://en.wikipedia.org/wiki/Adam's_Rib|https://catalog.afi.com/Film/25613-ADAM%27S-RIB","redaktionell_quellengeprueft"
"G100-20261008-ROMCOM-002-S2","K-G100-20261008-ROMCOM-002-S2","","de","Film","Rom-Com","Ehekrieg","Adam's Rib","1949","","schwer","Filmwissen","Rom-Com","Rom-Com","Porters Einwand gegen Madelaine führt nach Kanins Erinnerung zum Namen Amanda.","Welche Entscheidung Cole Porters führte laut der von AFI referierten Kanin-Erinnerung zur Namensänderung der Juristin (Katharine Hepburn) in „Ehekrieg“?","Er wollte den Figurennamen aus einem bestehenden Lied übernehmen","Er wollte den Figurennamen durch den Namen der Darstellerin ersetzen","Er wollte einen zweiten Figurennamen für ein geplantes Duett verwenden","Er wollte kein Lied für die ursprünglich Madelaine genannte Figur schreiben","D","Nach Kanins von AFI referierter Erinnerung wollte Porter kein Lied für eine Madelaine genannte Figur schreiben.","AFI referiert Garson Kanins Erinnerung: Cole Porter wollte kein Lied für die ursprünglich Madelaine genannte Juristin schreiben. Daraufhin erhielt die Figur, gespielt von Katharine Hepburn, den Namen Amanda. Im Film singt der Nachbar Kip Lurie (David Wayne) Farewell, Amanda für sie. Die Anekdote zeigt, wie eine musikalische Entscheidung bis in die Benennung einer Hauptfigur eingreifen kann. Sie wird ausdrücklich als rückblickende Erinnerung Kanins zugeschrieben.","AFI berichtet keine solche Übernahme eines bestehenden Liednamens als Anlass.","Hepburns eigener Name erklärt die Änderung nicht.","Ein zweiter Name für ein Duett ist nicht der berichtete Anlass.","Porter wollte laut Kanin kein Lied für eine Madelaine genannte Figur schreiben.","Porters Einwand gegen Madelaine führt nach Kanins Erinnerung zum Namen Amanda.","mittel","https://catalog.afi.com/Film/25613-ADAM%27S-RIB","redaktionell_quellengeprueft"
"G100-20261008-ROMCOM-002-Y","K-G100-20261008-ROMCOM-002-Y","","de","Film","Rom-Com","Ehekrieg","Adam's Rib","1949","","mittel","Filmjahr","Rom-Com","Rom-Com","1949 Film, 1973 Fernsehserie: 24 Jahre.","In welchem Jahr wurde „Ehekrieg“ mit Spencer Tracy und Katharine Hepburn erstmals veröffentlicht?","1949","1946","1952","1955","A","Der Film erschien 1949.","Ehekrieg erschien 1949. Vierundzwanzig Jahre später, 1973, begann bei ABC eine gleichnamige Fernsehserie mit Ken Howard und Blythe Danner. Das AFI nennt diese spätere Bearbeitung der Konstellation zweier verheirateter Juristen. Die beiden Jahreszahlen unterscheiden daher die ursprüngliche Kinokomödie von einem Fernsehformat, das ihren Ausgangspunkt erneut verwendete. Die Serie ist keine weitere Veröffentlichung desselben Films, sondern eine eigene Produktion mit neuer Besetzung.","Der Film erschien 1949.","1946 ist nicht das Erstjahr.","1952 liegt nach der Erstveröffentlichung.","1955 bezeichnet nicht diese Premiere.","1949 Film, 1973 Fernsehserie: 24 Jahre.","mittel","https://catalog.afi.com/Film/25613-ADAM%27S-RIB","redaktionell_quellengeprueft"
"G100-20261008-ROMCOM-002-D","K-G100-20261008-ROMCOM-002-D","","de","Film","Rom-Com","Ehekrieg","Adam's Rib","1949","","mittel","Regie","Rom-Com","Rom-Com","Cukor inszeniert, Gordon und Kanin schreiben.","Wer führte bei „Ehekrieg“ mit Spencer Tracy und Katharine Hepburn Hauptregie?","George Stevens","George Cukor","William Wyler","Frank Capra","B","George Cukor ist der Hauptregisseur.","George Cukor inszenierte Ehekrieg nach einem Drehbuch von Ruth Gordon und Garson Kanin. Spencer Tracy und Katharine Hepburn spielen das Juristenpaar, dessen öffentlicher Prozessstreit in die eigene Beziehung hineinreicht. Die Credits unterscheiden die Regie von der gemeinsam geleisteten Drehbucharbeit. Gerade das Wechselspiel zwischen Gerichtsauftritten und privaten Auseinandersetzungen gehört zur Gestaltung des Films: Dieselben Argumente gewinnen in der Ehe eine andere Wirkung als vor Publikum.","Stevens führte hier nicht Regie.","George Cukor ist der Hauptregisseur.","Wyler trägt diesen Filmcredit nicht.","Capra inszenierte die Produktion nicht.","Cukor inszeniert, Gordon und Kanin schreiben.","mittel","https://catalog.afi.com/Film/25613-ADAM%27S-RIB","redaktionell_quellengeprueft"
"G100-20261008-ROMCOM-003-L1","K-G100-20261008-ROMCOM-003-L1","","de","Film","Rom-Com","Frühstück bei Tiffany","Breakfast at Tiffany's","1961","","leicht","Filmwissen","Rom-Com","Rom-Com","Paul schreibt, lebt aber nicht allein von seiner Literatur.","Welchen Beruf hat Paul Varjak (George Peppard) in „Frühstück bei Tiffany“?","Fotograf","Maler","Komponist","Schriftsteller","D","Paul ist Schriftsteller.","Paul Varjak (George Peppard) zieht in dasselbe Haus wie Holly Golightly (Audrey Hepburn) und stellt sich als Schriftsteller vor. Sein beruflicher Erfolg liegt jedoch zurück, und seine finanzielle Lage hängt von einer privaten Beziehung ab. Damit begegnen sich zwei Menschen, deren Auftreten nicht einfach ihre tatsächlichen Lebensumstände verrät. Das Schreiben gibt Paul eine eigene Perspektive auf Holly, löst aber seine Unsicherheit über Geld und Unabhängigkeit zunächst nicht.","Fotografie ist nicht sein Beruf.","Paul arbeitet nicht als Maler.","Er ist kein Komponist.","Paul ist Schriftsteller.","Paul schreibt, lebt aber nicht allein von seiner Literatur.","mittel","https://en.wikipedia.org/wiki/Breakfast_at_Tiffany's_(film)|https://catalog.afi.com/Film/22674-BREAKFAST-ATTIFFANYS","redaktionell_quellengeprueft"
"G100-20261008-ROMCOM-003-L2","K-G100-20261008-ROMCOM-003-L2","","de","Film","Rom-Com","Frühstück bei Tiffany","Breakfast at Tiffany's","1961","","leicht","Filmwissen","Rom-Com","Rom-Com","Die namenlose Katze verkörpert Hollys Widerstand gegen Zugehörigkeit.","Wie bezeichnet Holly Golightly (Audrey Hepburn) in „Frühstück bei Tiffany“ die Katze, mit der sie zusammenlebt?","Sie gibt ihr keinen Namen","Sie nennt sie nach ihrem früheren Ehemann","Sie nennt sie nach ihrem Lieblingsgeschäft","Sie nennt sie nach ihrem Heimatort","A","Die Katze hat keinen eigenen Namen.","Holly Golightly (Audrey Hepburn) lebt mit einer Katze zusammen, der sie keinen Namen gegeben hat. Sie erklärt diese Entscheidung mit ihrer Vorstellung, dass beide einander nicht gehören. Das Tier wird dadurch zu einem konkreten Ausdruck ihres Widerstands gegen feste Bindungen. Die Haltung betrifft mehr als einen ungewöhnlichen Haustiernamen: Holly möchte sich selbst als unabhängig verstehen, obwohl sie ständig auf andere Menschen und deren Unterstützung angewiesen ist.","Die Katze hat keinen eigenen Namen.","Sie trägt nicht den Namen ihres früheren Mannes.","Holly benennt sie nicht nach einem Geschäft.","Ein Heimatort wird nicht zum Katzennamen.","Die namenlose Katze verkörpert Hollys Widerstand gegen Zugehörigkeit.","mittel","https://en.wikipedia.org/wiki/Breakfast_at_Tiffany's_(film)|https://catalog.afi.com/Film/22674-BREAKFAST-ATTIFFANYS","redaktionell_quellengeprueft"
"G100-20261008-ROMCOM-003-M1","K-G100-20261008-ROMCOM-003-M1","","de","Film","Rom-Com","Frühstück bei Tiffany","Breakfast at Tiffany's","1961","","mittel","Filmwissen","Rom-Com","Rom-Com","Der harmlose Wetterbericht ist ein krimineller Code.","Welche Funktion haben die „Wetterberichte“, die Holly (Audrey Hepburn) in „Frühstück bei Tiffany“ aus dem Gefängnis übermittelt?","Sie koordinieren einen geplanten Gefängnisausbruch","Sie transportieren verschlüsselte Informationen eines Drogenrings","Sie melden Kursschwankungen für illegale Börsengeschäfte","Sie warnen vor bevorstehenden Razzien in Nachtclubs","B","Die Meldungen dienen einem Drogenring als verschlüsselte Nachrichten.","Holly Golightly (Audrey Hepburn) besucht Sally Tomato (Alan Reed) im Gefängnis und gibt anschließend seine scheinbar harmlosen Wetterberichte weiter. Sie versteht zunächst nicht, dass die Meldungen zum Nachrichtenaustausch eines Drogenrings gehören. Der bezahlte Gefängnisbesuch verbindet deshalb ihre Suche nach Einkommen mit einer Gefahr, die sie unterschätzt. Als die Verbindung bekannt wird, hat sie Folgen für ihre gesellschaftlichen und persönlichen Pläne, obwohl sie sich selbst nicht als Beteiligte eines solchen Geschäfts sieht.","Ein Ausbruch wird damit nicht organisiert.","Die Meldungen dienen einem Drogenring als verschlüsselte Nachrichten.","Börsenkurse sind nicht der Inhalt des Codes.","Nachtclub-Razzien bilden nicht den Zweck dieser Nachrichten.","Der harmlose Wetterbericht ist ein krimineller Code.","mittel","https://en.wikipedia.org/wiki/Breakfast_at_Tiffany's_(film)|https://catalog.afi.com/Film/22674-BREAKFAST-ATTIFFANYS","redaktionell_quellengeprueft"
"G100-20261008-ROMCOM-003-M2","K-G100-20261008-ROMCOM-003-M2","","de","Film","Rom-Com","Frühstück bei Tiffany","Breakfast at Tiffany's","1961","","mittel","Filmwissen","Rom-Com","Rom-Com","Doc gehört zu Hollys früherer Ehe und Identität.","Welche Beziehung hat Doc Golightly (Buddy Ebsen) in „Frühstück bei Tiffany“ tatsächlich zu Holly (Audrey Hepburn)?","Er ist ihr Adoptivvater","Er ist ihr älterer Bruder","Er ist ihr früherer Ehemann","Er ist ihr ehemaliger Vormund","C","Doc ist Hollys früherer Ehemann.","Doc Golightly (Buddy Ebsen) erscheint in New York und erzählt Paul Varjak (George Peppard) von Hollys (Audrey Hepburn) früherem Leben. Er ist kein Vater, sondern ihr früherer Ehemann; sie lebte damals unter dem Namen Lula Mae. Sein Auftauchen macht die Entfernung zwischen ihrer New Yorker Selbstdarstellung und ihrer Herkunft sichtbar. Er möchte sie zurückbringen, während Holly an dem selbst gewählten Leben festhält, auch wenn dieses unsicher und widersprüchlich bleibt.","Die Ehe ist keine Adoptivvaterbeziehung.","Er ist nicht ihr Bruder.","Doc ist Hollys früherer Ehemann.","Ein Vormundschaftsverhältnis erklärt den Namen nicht.","Doc gehört zu Hollys früherer Ehe und Identität.","mittel","https://en.wikipedia.org/wiki/Breakfast_at_Tiffany's_(film)|https://catalog.afi.com/Film/22674-BREAKFAST-ATTIFFANYS","redaktionell_quellengeprueft"
"G100-20261008-ROMCOM-003-S1","K-G100-20261008-ROMCOM-003-S1","","de","Film","Rom-Com","Frühstück bei Tiffany","Breakfast at Tiffany's","1961","","schwer","Filmwissen","Rom-Com","Rom-Com","Ein billiger Packungsring bekommt eine persönliche Gravur.","Woher stammt der Ring, den Paul (George Peppard) in „Frühstück bei Tiffany“ für Holly (Audrey Hepburn) gravieren lassen möchte?","Aus einem Pfandhaus","Aus einem verlassenen Hotelzimmer","Aus einem Nachlass seines Vaters","Aus einer Cracker-Jack-Packung","D","Der Ring war eine Beigabe in einer Cracker-Jack-Packung.","Paul Varjak (George Peppard) und Holly Golightly (Audrey Hepburn) besuchen das Schmuckgeschäft und suchen eine Möglichkeit, dort mit wenig Geld etwas Besonderes zu erhalten. Der Ring stammt aus einer Cracker-Jack-Packung und soll graviert werden. Der geringe materielle Wert widerspricht der persönlichen Bedeutung der Geste nicht. Die Szene zeigt, wie die beiden innerhalb einer Welt von Luxus und hohen Preisen eine eigene kleine Form von Verbindlichkeit herstellen.","Paul kauft ihn dafür nicht im Pfandhaus.","Er findet ihn nicht in einem Hotelzimmer.","Ein väterlicher Nachlass ist nicht seine Herkunft.","Der Ring war eine Beigabe in einer Cracker-Jack-Packung.","Ein billiger Packungsring bekommt eine persönliche Gravur.","mittel","https://en.wikipedia.org/wiki/Breakfast_at_Tiffany's_(film)|https://catalog.afi.com/Film/22674-BREAKFAST-ATTIFFANYS","redaktionell_quellengeprueft"
"G100-20261008-ROMCOM-003-S2","K-G100-20261008-ROMCOM-003-S2","","de","Film","Rom-Com","Frühstück bei Tiffany","Breakfast at Tiffany's","1961","","schwer","Filmwissen","Rom-Com","Rom-Com","Pauls Geld hängt an seiner Affäre mit 2E.","Warum unterstützt Emily „2E“ Failenson (Patricia Neal) Paul (George Peppard) in „Frühstück bei Tiffany“ finanziell?","Die Unterstützung ist mit ihrer Affäre verbunden","Sie verwaltet seinen geerbten Familienfonds","Sie bezahlt ihn für ein noch unveröffentlichtes Buch","Sie zahlt einen Vorschuss für ein geplantes Drehbuch","A","Das Geld gehört zur persönlichen Affäre.","Emily „2E“ Failenson (Patricia Neal) finanziert Paul Varjaks (George Peppard) Leben als Teil ihrer Affäre. Seine Unabhängigkeit als Schriftsteller ist deshalb zunächst ebenso fraglich wie Hollys (Audrey Hepburn) Selbstbild einer ungebundenen Frau. Als Paul sich Holly zuwendet, muss er auch diese finanzielle Bindung verändern. Das Geld ist kein neutraler Zuschuss zur Kunst, sondern verbindet Versorgung mit einer persönlichen Beziehung, aus der er sich lösen möchte.","Das Geld gehört zur persönlichen Affäre.","Paul lebt nicht von einem von ihr verwalteten Erbe.","Ein Buchhonorar ist nicht die Grundlage dieser Beziehung.","Ein Drehbuchvorschuss begründet ihre Unterstützung nicht.","Pauls Geld hängt an seiner Affäre mit 2E.","mittel","https://en.wikipedia.org/wiki/Breakfast_at_Tiffany's_(film)|https://catalog.afi.com/Film/22674-BREAKFAST-ATTIFFANYS","redaktionell_quellengeprueft"
"G100-20261008-ROMCOM-003-Y","K-G100-20261008-ROMCOM-003-Y","","de","Film","Rom-Com","Frühstück bei Tiffany","Breakfast at Tiffany's","1961","","mittel","Filmjahr","Rom-Com","Rom-Com","1958 Novelle, 1961 Film: drei Jahre.","In welchem Jahr wurde „Frühstück bei Tiffany“ mit Audrey Hepburn und George Peppard erstmals veröffentlicht?","1958","1961","1964","1967","B","Die Weltpremiere fand 1961 statt.","Frühstück bei Tiffany wurde 1961 veröffentlicht, drei Jahre nach Truman Capotes gleichnamiger Novelle von 1958. Das AFI nennt die literarische Vorlage und die New Yorker Weltpremiere. Der zeitliche Abstand verbindet zwei eigenständige Fassungen des Stoffes: Die filmische Beziehung zwischen Holly Golightly (Audrey Hepburn) und Paul Varjak (George Peppard) folgt einer eigenen Bearbeitung. Das Vorlagenjahr gehört daher nicht zur Erstveröffentlichung der Verfilmung.","1958 erschien Capotes Vorlage.","Die Weltpremiere fand 1961 statt.","1964 liegt nach der Erstveröffentlichung.","1967 ist nicht das Filmjahr.","1958 Novelle, 1961 Film: drei Jahre.","mittel","https://catalog.afi.com/Film/22674-BREAKFAST-ATTIFFANYS","redaktionell_quellengeprueft"
"G100-20261008-ROMCOM-003-D","K-G100-20261008-ROMCOM-003-D","","de","Film","Rom-Com","Frühstück bei Tiffany","Breakfast at Tiffany's","1961","","mittel","Regie","Rom-Com","Rom-Com","Blake Edwards verantwortet die fertiggestellte Filmfassung.","Wer führte bei „Frühstück bei Tiffany“ mit Audrey Hepburn und George Peppard Hauptregie?","Stanley Donen","Billy Wilder","Blake Edwards","George Cukor","C","Blake Edwards inszenierte den fertigen Film.","Blake Edwards führte bei der Verfilmung Regie; George Axelrod schrieb das Drehbuch nach Truman Capotes Vorlage. Das AFI beschreibt zudem frühere Planungen mit John Frankenheimer, die vom fertigen Film zu unterscheiden sind. Eine Entwicklungsphase schafft keinen zusätzlichen Hauptregiecredit. Die endgültige Inszenierung verbindet Hollys (Audrey Hepburn) gesellschaftliches Auftreten mit Pauls (George Peppard) Beobachtung und einer Liebesgeschichte, deren Verlauf nicht einfach aus dem Buch übernommen wurde.","Donen trägt diesen Regiecredit nicht.","Wilder führte hier nicht Regie.","Blake Edwards inszenierte den fertigen Film.","Cukor ist nicht der Hauptregisseur.","Blake Edwards verantwortet die fertiggestellte Filmfassung.","mittel","https://catalog.afi.com/Film/22674-BREAKFAST-ATTIFFANYS","redaktionell_quellengeprueft"
"G100-20261008-ROMCOM-004-L1","K-G100-20261008-ROMCOM-004-L1","","de","Film","Rom-Com","Der Stadtneurotiker","Annie Hall","1977","","leicht","Filmwissen","Rom-Com","Rom-Com","Alvy kann Beziehungen kommentieren, ohne sie sicher zu führen.","Womit verdient Alvy Singer (Woody Allen) in „Der Stadtneurotiker“ seinen Lebensunterhalt?","Mit Auftritten als Komiker","Mit Arbeit als Literaturkritiker","Mit Unterricht als Musiklehrer","Mit Arbeit als Werbetexter","A","Alvy tritt als Komiker auf.","Alvy Singer (Woody Allen) arbeitet als Komiker und verwendet auch seine Beziehungen als Stoff für Beobachtungen und Witze. Die berufliche Rolle erklärt seine Sicherheit im Sprechen, ohne ihn im persönlichen Leben sicher zu machen. Er kommentiert Ereignisse, wendet sich direkt ans Publikum und erinnert sich an die Beziehung zu Annie Hall (Diane Keaton). Seine Erzählerstimme gehört deshalb zu einem Mann, der Erfahrungen in Worte verwandelt, sie damit aber nicht unbedingt bewältigt.","Alvy tritt als Komiker auf.","Literaturkritik ist nicht sein Beruf.","Musikunterricht verdient nicht seinen Lebensunterhalt.","Werbetexter ist nicht seine Tätigkeit.","Alvy kann Beziehungen kommentieren, ohne sie sicher zu führen.","mittel","https://en.wikipedia.org/wiki/Annie_Hall|https://catalog.afi.com/Film/55190-ANNIE-HALL","redaktionell_quellengeprueft"
"G100-20261008-ROMCOM-004-L2","K-G100-20261008-ROMCOM-004-L2","","de","Film","Rom-Com","Der Stadtneurotiker","Annie Hall","1977","","leicht","Filmwissen","Rom-Com","Rom-Com","Annies Gesang steht für wachsende Eigenständigkeit.","Welche künstlerische Laufbahn möchte Annie Hall (Diane Keaton) in „Der Stadtneurotiker“ verfolgen?","Eine Laufbahn als Tänzerin","Eine Laufbahn als Sängerin","Eine Laufbahn als Schauspielerin","Eine Laufbahn als Fotografin","B","Annie möchte als Sängerin auftreten.","Annie Hall (Diane Keaton) möchte singen und tritt in einem Nachtclub auf. Ihr erstes Auftreten verläuft unsicher, während spätere Auftritte mehr Selbstvertrauen zeigen. Alvy Singer (Woody Allen) ermutigt sie, reagiert aber zugleich widersprüchlich auf ihre wachsende Eigenständigkeit. Die künstlerische Entwicklung gehört deshalb zu ihrer persönlichen Veränderung. Sie findet eine Stimme, die nicht nur Teil der gemeinsamen Beziehung ist, sondern auch neue Kontakte und Möglichkeiten außerhalb davon eröffnet.","Tanz ist nicht die angestrebte Laufbahn.","Annie möchte als Sängerin auftreten.","Eine Schauspielkarriere verfolgt sie hier nicht.","Fotografie interessiert sie, ist aber nicht diese Bühnenlaufbahn.","Annies Gesang steht für wachsende Eigenständigkeit.","mittel","https://en.wikipedia.org/wiki/Annie_Hall|https://catalog.afi.com/Film/55190-ANNIE-HALL","redaktionell_quellengeprueft"
"G100-20261008-ROMCOM-004-M1","K-G100-20261008-ROMCOM-004-M1","","de","Film","Rom-Com","Der Stadtneurotiker","Annie Hall","1977","","mittel","Filmwissen","Rom-Com","Rom-Com","Eine Tennisrunde wird zum Beginn der Beziehung.","Bei welcher Freizeitaktivität lernen Alvy und Annie (Woody Allen, Diane Keaton) sich in „Der Stadtneurotiker“ kennen?","Beim Bowling","Beim Billard","Beim Tennis","Beim Joggen","C","Sie begegnen sich beim Tennis.","Alvy Singer (Woody Allen) und Annie Hall (Diane Keaton) lernen sich beim Tennis kennen. Nach dem Spiel entwickeln sich ein verlegenes Gespräch und eine gemeinsame Fahrt. Das Treffen beginnt in einer gewöhnlichen Freizeitgruppe und führt erst allmählich in eine persönliche Annäherung. Dadurch erscheint die Beziehung nicht als sofortige sichere Übereinstimmung: Unsicherheit, unterschiedliche Ausdrucksweisen und das Bemühen, einen guten Eindruck zu machen, prägen schon ihre ersten Gespräche.","Bowling führt sie nicht zusammen.","Billard ist nicht der Ort des Kennenlernens.","Sie begegnen sich beim Tennis.","Sie lernen sich nicht beim Joggen kennen.","Eine Tennisrunde wird zum Beginn der Beziehung.","mittel","https://en.wikipedia.org/wiki/Annie_Hall|https://catalog.afi.com/Film/55190-ANNIE-HALL","redaktionell_quellengeprueft"
"G100-20261008-ROMCOM-004-M2","K-G100-20261008-ROMCOM-004-M2","","de","Film","Rom-Com","Der Stadtneurotiker","Annie Hall","1977","","mittel","Filmwissen","Rom-Com","Rom-Com","Die Spinne öffnet den Weg zurück in die Beziehung.","Weshalb ruft Annie (Diane Keaton) Alvy (Woody Allen) in „Der Stadtneurotiker“ nachts in ihre Wohnung?","Sie hat sich aus dem Schlafzimmer ausgesperrt","Sie fürchtet einen Einbrecher im Treppenhaus","Sie braucht Hilfe bei einem geplatzten Wasserrohr","Sie braucht Hilfe wegen einer Spinne","D","Annie ruft wegen einer Spinne an.","Annie Hall (Diane Keaton) bittet Alvy Singer (Woody Allen) nachts um Hilfe wegen einer Spinne. Der scheinbar kleine häusliche Anlass bringt die bereits getrennten Partner wieder zusammen. Ihre Nähe erneuert sich dabei nicht durch ein ausführlich ausgehandeltes Beziehungsmodell, sondern durch eine vertraute Form von Hilfe und gemeinsame Reaktionen. Die Szene zeigt, wie eine praktische Bitte Gefühle wieder aktiviert, obwohl die früheren Schwierigkeiten damit noch nicht gelöst sind.","Eine verschlossene Schlafzimmertür ist nicht der Anlass.","Ein Einbrecher löst den Anruf nicht aus.","Ein Wasserrohrschaden begründet den Besuch nicht.","Annie ruft wegen einer Spinne an.","Die Spinne öffnet den Weg zurück in die Beziehung.","mittel","https://en.wikipedia.org/wiki/Annie_Hall|https://catalog.afi.com/Film/55190-ANNIE-HALL","redaktionell_quellengeprueft"
"G100-20261008-ROMCOM-004-S1","K-G100-20261008-ROMCOM-004-S1","","de","Film","Rom-Com","Der Stadtneurotiker","Annie Hall","1977","","schwer","Filmwissen","Rom-Com","Rom-Com","Untertitel zeigen, was das höfliche Gespräch verschweigt.","Was zeigen die Untertitel beim frühen Fotografiegespräch von Alvy und Annie (Woody Allen, Diane Keaton) in „Der Stadtneurotiker“?","Ihre unausgesprochenen Gedanken","Ihre späteren Erinnerungen an das Gespräch","Ihre gegenseitigen Übersetzungsfehler","Ihre geplanten nächsten Verabredungen","A","Die Untertitel machen die Gedanken hinter dem Gespräch sichtbar.","Alvy Singer (Woody Allen) und Annie Hall (Diane Keaton) sprechen über Fotografie, während Untertitel ihre nicht ausgesprochenen Gedanken zeigen. Der höfliche Austausch und die inneren Erwartungen laufen dadurch nebeneinander. Das Publikum erhält mehr Informationen als die Figuren im Gespräch voneinander bekommen. Diese Gestaltung macht das erste gegenseitige Abtasten sichtbar: Die Worte beschäftigen sich mit Kunst, während Unsicherheit, Anziehung und die Angst vor einem ungünstigen Eindruck eine andere Ebene bilden.","Die Untertitel machen die Gedanken hinter dem Gespräch sichtbar.","Sie berichten nicht rückblickend aus späteren Erinnerungen.","Es geht nicht um Übersetzungsfehler.","Sie listen keine nächsten Verabredungen auf.","Untertitel zeigen, was das höfliche Gespräch verschweigt.","mittel","https://en.wikipedia.org/wiki/Annie_Hall|https://lcweb2.loc.gov/static/programs/national-film-preservation-board/documents/anniehall2.pdf","redaktionell_quellengeprueft"
"G100-20261008-ROMCOM-004-S2","K-G100-20261008-ROMCOM-004-S2","","de","Film","Rom-Com","Der Stadtneurotiker","Annie Hall","1977","","schwer","Filmwissen","Rom-Com","Rom-Com","Das Theaterstück gibt Alvy das verweigerte glückliche Ende.","Wie verändert Alvy (Woody Allen) in „Der Stadtneurotiker“ die eigene Beziehungsgeschichte für sein Theaterstück?","Er lässt die Trennung durch einen Brief erfolgen","Er lässt das Paar am Ende zusammenkommen","Er erklärt die Trennung zu einem Missverständnis","Er lässt den Mann die Beziehung zuerst beenden","B","Im Stück erhält die Beziehung den gewünschten glücklichen Ausgang.","Alvy Singer (Woody Allen) verarbeitet seine Beziehung zu Annie Hall (Diane Keaton) in einem Theaterstück. Dort endet die Begegnung anders als in seinem Leben: Das Paar findet zusammen. Die Veränderung macht den Abstand zwischen Erfahrung und künstlerischer Bearbeitung sichtbar. Alvy kann in einer geschriebenen Szene eine gewünschte Antwort erzeugen, die er in der tatsächlichen Beziehung nicht erhält. Sein Erzählen wird damit ausdrücklich auch zu einem Versuch, Verlust nachträglich zu ordnen.","Ein Trennungsbrief ist nicht die wesentliche Änderung.","Im Stück erhält die Beziehung den gewünschten glücklichen Ausgang.","Die Trennung wird nicht lediglich zum Missverständnis erklärt.","Alvy ändert nicht einfach nur die Person, die sich zuerst trennt.","Das Theaterstück gibt Alvy das verweigerte glückliche Ende.","hoch","https://en.wikipedia.org/wiki/Annie_Hall|https://catalog.afi.com/Film/55190-ANNIE-HALL","redaktionell_quellengeprueft"
"G100-20261008-ROMCOM-004-Y","K-G100-20261008-ROMCOM-004-Y","","de","Film","Rom-Com","Der Stadtneurotiker","Annie Hall","1977","","mittel","Filmjahr","Rom-Com","Rom-Com","1977 Film, 1979 Schnittmemoiren: zwei Jahre.","In welchem Jahr wurde „Der Stadtneurotiker“ mit Woody Allen und Diane Keaton erstmals veröffentlicht?","1974","1979","1977","1982","C","Die Erstveröffentlichung war 1977.","Der Stadtneurotiker erschien 1977. Zwei Jahre später, 1979, veröffentlichten Ralph Rosenblum und Robert Karen When the Shooting Stops…The Cutting Begins. Das AFI zieht diese Schnittmemoiren für die Entstehungsgeschichte des Films heran. Der Abstand verbindet das fertige Werk mit einer späteren Darstellung seiner Bearbeitung: Rosenblum beschreibt, wie das Material im Schnitt zur konzentrierten Beziehungsgeschichte wurde. Das Buchjahr ist damit eine zusätzliche Station der Werkgeschichte, nicht das Filmjahr.","1974 ist nicht das Erstjahr.","1979 erschienen die hier herangezogenen Schnittmemoiren.","Die Erstveröffentlichung war 1977.","1982 liegt nach der Premiere.","1977 Film, 1979 Schnittmemoiren: zwei Jahre.","mittel","https://catalog.afi.com/Film/55190-ANNIE-HALL","redaktionell_quellengeprueft"
"G100-20261008-ROMCOM-004-D","K-SCHAUSPIELER-202610-P01-070-S-1","SCHAUSPIELER-202610-P01-070-S-1","de","Film","Rom-Com","Der Stadtneurotiker","Annie Hall","1977","","mittel","Regie","Rom-Com","Rom-Com","Woody Allen inszeniert die Zusammenarbeit mit Diane Keaton.","Wer führte bei „Der Stadtneurotiker“ mit Diane Keaton Hauptregie?","Robert Altman","Mike Nichols","Paul Mazursky","Woody Allen","D","Woody Allen führte selbst Hauptregie.","Woody Allen führte bei Der Stadtneurotiker Regie und spielte Alvy Singer. Diane Keaton verkörpert Annie Hall. Gemeinsam mit Marshall Brickman schrieb Allen außerdem das Drehbuch, dessen Autorencredit von der Regie zu unterscheiden ist. Die Inszenierung verbindet direkte Publikumsansprache, Rückblenden und sichtbar gemachte Gedanken zu einer Erinnerung an die Beziehung. Alvys Darstellung erhält dadurch mehrere Formen, ohne dass seine persönliche Sicht zur einzigen möglichen Wahrnehmung der Ereignisse wird.","Altman inszenierte diese Zusammenarbeit nicht.","Nichols trägt diesen Regiecredit nicht.","Mazursky ist nicht der Hauptregisseur.","Woody Allen führte selbst Hauptregie.","Woody Allen inszeniert die Zusammenarbeit mit Diane Keaton.","mittel","https://catalog.afi.com/Film/55190-ANNIE-HALL","redaktionell_quellengeprueft"
"G100-20261008-ROMCOM-005-L1","K-G100-20261008-ROMCOM-005-L1","","de","Film","Rom-Com","Clueless – Was sonst!","Clueless","1995","","leicht","Filmwissen","Rom-Com","Rom-Com","Beverly Hills prägt Chers selbstverständlichen Blick auf Wohlstand.","In welchem wohlhabenden Umfeld lebt Cher (Alicia Silverstone) in „Clueless – Was sonst!“?","Palm Beach","Beverly Hills","Greenwich","Scottsdale","B","Chers Alltag spielt im Milieu von Beverly Hills.","Cher (Alicia Silverstone) lebt als Tochter eines wohlhabenden Anwalts in Beverly Hills. Kleidung, Autos und gesellschaftliche Kontakte wirken für sie zunächst wie selbstverständlich verfügbare Mittel, mit denen sich Probleme lösen lassen. Das Umfeld erklärt ihren selbstbewussten Blick auf andere Menschen, ohne ihre Fehleinschätzungen zu verhindern. Ihre Ratschläge an Freundinnen beruhen deshalb sowohl auf Hilfsbereitschaft als auch auf der Annahme, dass ihre eigene Lebensweise das passende Vorbild für alle sei.","Palm Beach ist nicht ihr Wohnumfeld.","Chers Alltag spielt im Milieu von Beverly Hills.","Greenwich bildet nicht den Schauplatz.","Scottsdale ist nicht die gesuchte Stadt.","Beverly Hills prägt Chers selbstverständlichen Blick auf Wohlstand.","mittel","https://en.wikipedia.org/wiki/Clueless|https://www.paramountplus.com/sneak-peak/where-to-watch-clueless/","redaktionell_quellengeprueft"
"G100-20261008-ROMCOM-005-L2","K-G100-20261008-ROMCOM-005-L2","","de","Film","Rom-Com","Clueless – Was sonst!","Clueless","1995","","leicht","Filmwissen","Rom-Com","Rom-Com","Tais Makeover verändert mehr als ihre Kleidung.","Was unternehmen Cher und Dionne (Alicia Silverstone, Stacey Dash) in „Clueless – Was sonst!“ mit der neuen Mitschülerin Tai (Brittany Murphy)?","Sie trainieren sie für die Schulmannschaft","Sie bereiten sie auf eine Theaterhauptrolle vor","Sie geben ihr ein modisches Makeover","Sie organisieren ihren Wahlkampf zur Klassensprecherin","C","Sie verändern Tais Kleidung und Auftreten.","Cher (Alicia Silverstone) und Dionne (Stacey Dash) nehmen sich der neuen Mitschülerin Tai (Brittany Murphy) an und verändern ihre Kleidung sowie ihr Auftreten. Cher behandelt das Makeover zunächst als eine erfolgreiche Hilfeleistung. Die neue Beliebtheit entwickelt jedoch eigene Folgen, die sie nicht kontrolliert. Das Projekt zeigt daher nicht nur ein Vorher und Nachher des Aussehens: Es verändert Beziehungen und macht deutlich, dass ein anderer Mensch keine beliebig lenkbare Verbesserungsidee bleibt.","Ein Mannschaftstraining ist nicht ihr Projekt.","Eine Theaterrolle ist nicht das gemeinsame Vorhaben.","Sie verändern Tais Kleidung und Auftreten.","Ein Wahlkampf begründet die Veränderung nicht.","Tais Makeover verändert mehr als ihre Kleidung.","mittel","https://en.wikipedia.org/wiki/Clueless|https://www.paramountplus.com/sneak-peak/where-to-watch-clueless/","redaktionell_quellengeprueft"
"G100-20261008-ROMCOM-005-M1","K-G100-20261008-ROMCOM-005-M1","","de","Film","Rom-Com","Clueless – Was sonst!","Clueless","1995","","mittel","Filmwissen","Rom-Com","Rom-Com","Der Liebesplan soll zuerst die eigenen Noten verbessern.","Was erhofft sich Cher (Alicia Silverstone) in „Clueless – Was sonst!“ zunächst davon, zwei Lehrkräfte miteinander zu verkuppeln?","Mehr Freiheit bei der Kleiderordnung","Eine Empfehlung für ein Auslandsjahr","Die Abschaffung einer Pflichtprüfung","Bessere Noten durch mildere Bewertung","D","Cher will ihre Noten verbessern.","Cher (Alicia Silverstone) möchte, dass Mr. Hall (Wallace Shawn) ihre Leistungen günstiger beurteilt. Sie führt seine Strenge auf Unzufriedenheit zurück und organisiert eine Annäherung mit Miss Geist (Twink Caplan). Der Plan beginnt also mit einem eigenen schulischen Vorteil. Als die Beziehung funktioniert, versteht Cher sich zunehmend als erfolgreiche Vermittlerin. Ihr anfänglicher Eigennutz und ihre spätere Freude am Helfen gehen dabei ineinander über, statt von Anfang an sauber getrennt zu sein.","Die Kleiderordnung ist nicht das anfängliche Ziel.","Ein Auslandsjahr begründet den Plan nicht.","Eine Prüfung soll dadurch nicht abgeschafft werden.","Cher will ihre Noten verbessern.","Der Liebesplan soll zuerst die eigenen Noten verbessern.","mittel","https://en.wikipedia.org/wiki/Clueless","redaktionell_quellengeprueft"
"G100-20261008-ROMCOM-005-M2","K-G100-20261008-ROMCOM-005-M2","","de","Film","Rom-Com","Clueless – Was sonst!","Clueless","1995","","mittel","Filmwissen","Rom-Com","Rom-Com","Die frühere Stieffamilie schafft Vertrautheit ohne Blutsverwandtschaft.","Welche familiäre Beziehung verbindet Josh (Paul Rudd) und Cher (Alicia Silverstone) in „Clueless – Was sonst!“?","Er ist ihr früherer Stiefbruder","Er ist ihr Cousin","Er ist ihr Halbbruder","Er ist der Verlobte ihrer Schwester","A","Josh ist Chers früherer Stiefbruder.","Josh (Paul Rudd) war durch eine frühere Ehe von Chers Vater (Dan Hedaya) ihr Stiefbruder. Nach der Scheidung bleibt er der Familie verbunden und hält sich weiterhin im Haus auf. Cher (Alicia Silverstone) begegnet ihm deshalb mit einer Vertrautheit, die zunächst eher nach familiärer Reiberei als nach Anziehung aussieht. Die genaue Beziehung erklärt den gemeinsamen Alltag, ohne eine Blutsverwandtschaft zu behaupten, und ist für die spätere Veränderung ihrer Gefühle bedeutsam.","Josh ist Chers früherer Stiefbruder.","Er ist nicht ihr Cousin.","Sie sind keine Halbgeschwister.","Eine Schwesterverlobung begründet die Beziehung nicht.","Die frühere Stieffamilie schafft Vertrautheit ohne Blutsverwandtschaft.","mittel","https://en.wikipedia.org/wiki/Clueless","redaktionell_quellengeprueft"
"G100-20261008-ROMCOM-005-S1","K-G100-20261008-ROMCOM-005-S1","","de","Film","Rom-Com","Clueless – Was sonst!","Clueless","1995","","schwer","Filmwissen","Rom-Com","Rom-Com","Die moderne Vermittlerin folgt Austens Emma.","Welcher Roman von Jane Austen bildet die erzählerische Vorlage für „Clueless – Was sonst!“?","Stolz und Vorurteil","Emma","Überredung","Mansfield Park","B","Die Geschichte überträgt Emma in ein modernes Schulmilieu.","Amy Heckerling überträgt Jane Austens Emma in eine amerikanische Highschoolwelt. Cher (Alicia Silverstone) ähnelt der selbstsicheren Vermittlerin der Vorlage: Sie meint, andere Beziehungen durchschauen und verbessern zu können, erkennt die eigenen Gefühle aber spät. Die Verbindung liegt deshalb nicht in historischen Kostümen oder übernommenen Dialogen, sondern in Figurenfunktionen und Fehleinschätzungen. Ein modernes Milieu kann die Struktur eines älteren Romans bewahren und seine sozialen Voraussetzungen zugleich verändern.","Stolz und Vorurteil ist nicht die Vorlage.","Die Geschichte überträgt Emma in ein modernes Schulmilieu.","Überredung bildet nicht den Ausgangspunkt.","Mansfield Park ist nicht die bearbeitete Geschichte.","Die moderne Vermittlerin folgt Austens Emma.","mittel","https://en.wikipedia.org/wiki/Clueless|https://blogs.loc.gov/loc/2026/02/how-amy-heckerlings-babysitter-helped-create-clueless-now-in-the-national-film-registry/","redaktionell_quellengeprueft"
"G100-20261008-ROMCOM-005-S2","K-G100-20261008-ROMCOM-005-S2","","de","Film","Rom-Com","Clueless – Was sonst!","Clueless","1995","","schwer","Filmwissen","Rom-Com","Rom-Com","Ein Wort der Babysitterin wird zum Filmtitel.","Von wem übernahm Amy Heckerling laut ihrem LoC-Interview das später titelgebende Wort für „Clueless – Was sonst!“?","Von einer Castingassistentin","Von einer Kostümbildnerin","Von ihrer Babysitterin","Von einer Lehrerin ihrer Tochter","C","Ihre Babysitterin verwendete das Wort.","Amy Heckerling erzählt im Interviewbericht der Library of Congress, dass ihre Babysitterin das Wort clueless verwendete. Der Ausdruck fiel ihr auf und wurde zum Titel der Komödie. Das Detail verweist auf die Beobachtung alltäglicher Sprache als Ausgangspunkt des Schreibens. Der Titel beschreibt die selbstsicheren Fehlurteile der Hauptfigur, stammt aber laut Heckerlings eigener Erinnerung aus einem konkreten Gespräch ihres privaten Alltags und nicht aus einem eigens erfundenen Jugendwort.","Eine Castingassistentin lieferte es nach dem Bericht nicht.","Die Kostümabteilung ist nicht die genannte Quelle.","Ihre Babysitterin verwendete das Wort.","Eine Lehrerin wird dafür nicht genannt.","Ein Wort der Babysitterin wird zum Filmtitel.","mittel","https://blogs.loc.gov/loc/2026/02/how-amy-heckerlings-babysitter-helped-create-clueless-now-in-the-national-film-registry/","redaktionell_quellengeprueft"
"G100-20261008-ROMCOM-005-Y","K-G100-20261008-ROMCOM-005-Y","","de","Film","Rom-Com","Clueless – Was sonst!","Clueless","1995","","mittel","Filmjahr","Rom-Com","Rom-Com","1982 Fast Times, 1995 Clueless: 13 Jahre.","In welchem Jahr wurde „Clueless – Was sonst!“ mit Alicia Silverstone und Paul Rudd erstmals veröffentlicht?","1992","1997","2000","1995","D","Der Film erschien 1995.","Clueless erschien 1995, dreizehn Jahre nach Amy Heckerlings Fast Times at Ridgemont High von 1982. Der gelesene Interviewbericht der Library of Congress verbindet beide Filme als Stationen ihrer Arbeit über Jugendliche. Der Abstand macht sichtbar, dass Heckerling zu einem vertrauten Themenfeld zurückkehrte, dabei aber ein anderes Milieu und eine literarisch angelegte Vermittlungsfigur wählte. Die beiden Jahreszahlen beziehen sich auf unterschiedliche Kinofilme, nicht auf Film und Fernsehserie.","1992 liegt vor dieser Veröffentlichung.","1997 ist nicht das Erstjahr.","2000 bezeichnet nicht den Kinostart.","Der Film erschien 1995.","1982 Fast Times, 1995 Clueless: 13 Jahre.","mittel","https://catalog.afi.com/Film/67154-CLUELESS|https://blogs.loc.gov/loc/2026/02/how-amy-heckerlings-babysitter-helped-create-clueless-now-in-the-national-film-registry/","redaktionell_quellengeprueft"
"G100-20261008-ROMCOM-005-D","K-G100-20261008-ROMCOM-005-D","","de","Film","Rom-Com","Clueless – Was sonst!","Clueless","1995","","mittel","Regie","Rom-Com","Rom-Com","Heckerling schreibt und inszeniert Chers Fehleinschätzungen.","Wer führte bei „Clueless – Was sonst!“ mit Alicia Silverstone und Brittany Murphy Hauptregie?","Amy Heckerling","Penny Marshall","Nora Ephron","Susan Seidelman","A","Amy Heckerling schrieb und inszenierte den Film.","Amy Heckerling schrieb das Drehbuch und führte bei Clueless Regie. Die Verbindung beider Aufgaben ermöglicht die genaue Abstimmung zwischen Chers (Alicia Silverstone) selbstsicherer Erzählerstimme und den sichtbaren Folgen ihrer Entscheidungen. Ihre Absichten und ihre tatsächlichen Kenntnisse stimmen häufig nicht überein. Der Hauptregiecredit gehört zur Kinoproduktion mit Brittany Murphy als Tai; spätere Fernsehbearbeitungen sind eigene Produktionen und ersetzen diesen Credit nicht.","Amy Heckerling schrieb und inszenierte den Film.","Marshall trägt diesen Regiecredit nicht.","Ephron führte hier nicht Hauptregie.","Seidelman ist nicht die Regisseurin.","Heckerling schreibt und inszeniert Chers Fehleinschätzungen.","mittel","https://catalog.afi.com/Film/67154-CLUELESS|https://blogs.loc.gov/loc/2026/02/how-amy-heckerlings-babysitter-helped-create-clueless-now-in-the-national-film-registry/","redaktionell_quellengeprueft"
"G100-20261008-ROMCOM-006-L1","K-G100-20261008-ROMCOM-006-L1","","de","Film","Rom-Com","Die Hochzeit meines besten Freundes","My Best Friend's Wedding","1997","","leicht","Filmwissen","Rom-Com","Rom-Com","Die professionelle Beobachterin verliert die Kontrolle über ihr eigenes Vorhaben.","Welchen Beruf hat Julianne Potter (Julia Roberts) in „Die Hochzeit meines besten Freundes“?","Modejournalistin","Reisefotografin","Restaurantkritikerin","Literaturagentin","C","Julianne arbeitet als Restaurantkritikerin.","Julianne Potter (Julia Roberts) arbeitet in New York als Restaurantkritikerin. Ihr Alltag wird unterbrochen, als Michael O’Neal (Dermot Mulroney) seine bevorstehende Hochzeit ankündigt. Sie reist zu ihm, statt die Nachricht nur aus der Ferne zu begleiten. Die beruflich selbstständige Frau gerät dabei in eine Situation, die sie nicht durch souveräne Beobachtung kontrollieren kann. Ihre Fähigkeit, andere zu beurteilen, schützt sie nicht vor Irrtümern über die eigenen Gefühle.","Modejournalismus ist nicht ihr Beruf.","Sie arbeitet nicht als Reisefotografin.","Julianne arbeitet als Restaurantkritikerin.","Literaturvermittlung ist nicht ihre Tätigkeit.","Die professionelle Beobachterin verliert die Kontrolle über ihr eigenes Vorhaben.","mittel","https://en.wikipedia.org/wiki/My_Best_Friend's_Wedding|https://www.sonypicturesmuseum.com/collection/film/701/my-best-friend-s-wedding.html","redaktionell_quellengeprueft"
"G100-20261008-ROMCOM-006-L2","K-G100-20261008-ROMCOM-006-L2","","de","Film","Rom-Com","Die Hochzeit meines besten Freundes","My Best Friend's Wedding","1997","","leicht","Filmwissen","Rom-Com","Rom-Com","Die Reise nach Chicago bringt Julianne mitten in die Hochzeitsvorbereitungen.","In welcher US-Stadt findet die Hochzeit statt, zu der Julianne (Julia Roberts) in „Die Hochzeit meines besten Freundes“ anreist?","Boston","Seattle","Philadelphia","Chicago","D","Die Hochzeit findet in Chicago statt.","Julianne Potter (Julia Roberts) reist von New York nach Chicago, wo Michael O’Neal (Dermot Mulroney) heiraten wird. Die kurze Zeit bis zur Feier setzt ihre Versuche unter Druck, den Ablauf zu verändern. Sie tritt dabei in ein bereits organisiertes Umfeld aus Familie, Freunden und gemeinsamen Vorbereitungen ein. Chicago ist deshalb nicht nur eine Kulisse: Die Reise bringt Julianne in den unmittelbaren Alltag des Paares, dessen feste Pläne sie zuvor unterschätzt hatte.","Boston ist nicht der Hochzeitsschauplatz.","Seattle ist nicht das Reiseziel.","Philadelphia bildet nicht diesen Schauplatz.","Die Hochzeit findet in Chicago statt.","Die Reise nach Chicago bringt Julianne mitten in die Hochzeitsvorbereitungen.","mittel","https://en.wikipedia.org/wiki/My_Best_Friend's_Wedding","redaktionell_quellengeprueft"
"G100-20261008-ROMCOM-006-M1","K-G100-20261008-ROMCOM-006-M1","","de","Film","Rom-Com","Die Hochzeit meines besten Freundes","My Best Friend's Wedding","1997","","mittel","Filmwissen","Rom-Com","Rom-Com","George wird zum erfundenen Verlobten statt zum Helfer beim ehrlichen Gespräch.","Welche erfundene Rolle übernimmt George Downes (Rupert Everett) für Julianne (Julia Roberts) in „Die Hochzeit meines besten Freundes“?","Ihren neuen Verlobten","Ihren früheren Ehemann","Ihre heimliche Affäre","Einen früheren Urlaubsflirt","A","George spielt ihren angeblichen Verlobten.","George Downes (Rupert Everett) kommt nach Chicago, um Julianne Potter (Julia Roberts) zu unterstützen. Sie stellt ihn jedoch als ihren Verlobten vor, um Michael O’Neal (Dermot Mulroney) eifersüchtig zu machen. George spielt die Rolle mit, obwohl er eigentlich zu einem ehrlichen Gespräch geraten hatte. Die erfundene Bindung vergrößert Juliannes Spielraum nur scheinbar: Sie muss weitere Erklärungen finden und entfernt sich erneut von einer offenen Aussage über ihre Gefühle.","George spielt ihren angeblichen Verlobten.","Er tritt nicht als früherer Ehemann auf.","Sie stellt George als festen Verlobten vor, nicht als heimliche Affäre.","Ein früherer Urlaubsflirt ist nicht die vorgetäuschte Beziehung.","George wird zum erfundenen Verlobten statt zum Helfer beim ehrlichen Gespräch.","mittel","https://en.wikipedia.org/wiki/My_Best_Friend's_Wedding","redaktionell_quellengeprueft"
"G100-20261008-ROMCOM-006-M2","K-G100-20261008-ROMCOM-006-M2","","de","Film","Rom-Com","Die Hochzeit meines besten Freundes","My Best Friend's Wedding","1997","","mittel","Filmwissen","Rom-Com","Rom-Com","Die geplante Blamage wird zu einer Sympathieszene.","Wie reagiert das Publikum auf Kimmys (Cameron Diaz) misslungenen Karaoke-Auftritt in „Die Hochzeit meines besten Freundes“?","Es lacht über sie, ohne sie zu unterstützen","Es feuert sie mit wachsender Sympathie an","Es ignoriert sie und führt seine Gespräche weiter","Es buht sie aus","B","Der Auftritt verschafft Kimmy Sympathie und Unterstützung.","Julianne Potter (Julia Roberts) bringt Kimmy Wallace (Cameron Diaz) zum Karaoke, obwohl diese unsicher singt. Der geplante peinliche Auftritt soll ihr schaden, bewirkt aber das Gegenteil: Das Publikum unterstützt sie. Michael O’Neal (Dermot Mulroney) reagiert ebenfalls liebevoll. Die Szene unterscheidet technische Leistung von persönlicher Wirkung. Ein unvollkommener Auftritt kann Vertrauen und Sympathie stärken, wenn die Zuhörer die erkennbare Anstrengung schätzen, statt ausschließlich saubere Töne zu bewerten.","Das Lachen bleibt nicht eine bloße Abwertung ohne Unterstützung.","Der Auftritt verschafft Kimmy Sympathie und Unterstützung.","Die Zuhörer ignorieren den Auftritt nicht.","Buhrufe bestimmen die Reaktion nicht.","Die geplante Blamage wird zu einer Sympathieszene.","mittel","https://en.wikipedia.org/wiki/My_Best_Friend's_Wedding","redaktionell_quellengeprueft"
"G100-20261008-ROMCOM-006-S1","K-G100-20261008-ROMCOM-006-S1","","de","Film","Rom-Com","Die Hochzeit meines besten Freundes","My Best Friend's Wedding","1997","","schwer","Filmwissen","Rom-Com","Rom-Com","Ein gespeicherter Entwurf wird durch die Sekretärin zur versandten Manipulation.","Warum wird Juliannes (Julia Roberts) gespeicherte gefälschte E-Mail in „Die Hochzeit meines besten Freundes“ doch abgeschickt?","Julianne (Julia Roberts) verwechselt die Speichertaste mit der Sendetaste","Eine automatische Zeitsteuerung löst den Versand aus","Die Sekretärin verschickt den vorgefundenen Entwurf","Eine Rückfrage ihres Freundes veranlasst Julianne (Julia Roberts) zum Versand","C","Die Sekretärin sendet den Entwurf mit den übrigen Nachrichten.","Julianne Potter (Julia Roberts) schreibt im Büro von Walter Wallace (Philip Bosco) eine falsche Nachricht an Michaels (Dermot Mulroney) Vorgesetzten. Sie speichert sie, statt sie selbst zu senden. Walters Sekretärin verschickt jedoch die vorhandenen Entwürfe im Rahmen ihres Auftrags. Dadurch wird die Manipulation wirksam, obwohl Julianne vor dem letzten Schritt zurückschreckt. Das unbeabsichtigte Absenden hebt ihre Verantwortung für den bewusst geschriebenen Inhalt nicht auf.","Julianne drückt nicht versehentlich selbst auf Senden.","Ein zeitgesteuerter Versand ist nicht die Ursache.","Die Sekretärin sendet den Entwurf mit den übrigen Nachrichten.","Eine Rückfrage führt nicht zu einem bewussten Absenden durch Julianne.","Ein gespeicherter Entwurf wird durch die Sekretärin zur versandten Manipulation.","hoch","https://en.wikipedia.org/wiki/My_Best_Friend's_Wedding","redaktionell_quellengeprueft"
"G100-20261008-ROMCOM-006-S2","K-G100-20261008-ROMCOM-006-S2","","de","Film","Rom-Com","Die Hochzeit meines besten Freundes","My Best Friend's Wedding","1997","","schwer","Filmwissen","Rom-Com","Rom-Com","Der letzte Tanz gehört der verlässlichen Freundschaft.","Mit wem tanzt Julianne (Julia Roberts) am Ende von „Die Hochzeit meines besten Freundes“?","Mit Michael (Dermot Mulroney)","Mit Walter (Philip Bosco)","Mit Joe (M. Emmet Walsh)","Mit George (Rupert Everett)","D","George überrascht sie bei der Feier und tanzt mit ihr.","Nachdem Michael O’Neal (Dermot Mulroney) und Kimmy Wallace (Cameron Diaz) geheiratet haben, bleibt Julianne Potter (Julia Roberts) zunächst allein zurück. George Downes (Rupert Everett) spricht mit ihr am Telefon und überrascht sie dann durch seine Anwesenheit bei der Feier. Ihr gemeinsamer Tanz verschafft dem Ende Wärme, ohne ihren ursprünglichen Plan zu erfüllen. Die Freundschaft trägt einen Schluss, in dem Unterstützung und Trost möglich bleiben, auch wenn die gewünschte Liebesbeziehung nicht entsteht.","Der Schlussmoment gehört nicht ihrem Tanz mit Michael.","Walter ist nicht ihr letzter Tanzpartner.","Joe tanzt nicht in dieser Schlussauflösung mit ihr.","George überrascht sie bei der Feier und tanzt mit ihr.","Der letzte Tanz gehört der verlässlichen Freundschaft.","hoch","https://en.wikipedia.org/wiki/My_Best_Friend's_Wedding","redaktionell_quellengeprueft"
"G100-20261008-ROMCOM-006-Y","K-G100-20261008-ROMCOM-006-Y","","de","Film","Rom-Com","Die Hochzeit meines besten Freundes","My Best Friend's Wedding","1997","","mittel","Filmjahr","Rom-Com","Rom-Com","1997 Film, 2024 Musicalpremiere: 27 Jahre.","In welchem Jahr wurde „Die Hochzeit meines besten Freundes“ mit Julia Roberts und Dermot Mulroney erstmals veröffentlicht?","1997","1994","2000","2003","A","Der Originalfilm erschien 1997.","Die Hochzeit meines besten Freundes erschien 1997. Siebenundzwanzig Jahre später, 2024, brachte das Ogunquit Playhouse die Musicalbearbeitung als Weltpremiere auf die Bühne. Die offizielle Theaterseite nennt die Produktion ausdrücklich so. Der Abstand verbindet einen Kinofilm mit einer neu gestalteten Bühnenfassung, die den Stoff und bekannte Lieder zusammenführt. Frühere angekündigte Projekte sind davon zu unterscheiden: Für diesen Anker zählt die tatsächlich veranstaltete Premiere in Ogunquit.","Der Originalfilm erschien 1997.","1994 ist nicht das Erstjahr.","2000 liegt nach dem Kinostart.","2003 bezeichnet nicht diese Veröffentlichung.","1997 Film, 2024 Musicalpremiere: 27 Jahre.","mittel","https://catalog.afi.com/Catalog/moviedetails/61087|https://www.ogunquitplayhouse.org/show/2024-my-best-friends-wedding/","redaktionell_quellengeprueft"
"G100-20261008-ROMCOM-006-D","K-G100-20261008-ROMCOM-006-D","","de","Film","Rom-Com","Die Hochzeit meines besten Freundes","My Best Friend's Wedding","1997","","mittel","Regie","Rom-Com","Rom-Com","P. J. Hogan inszeniert Ronald Bass’ Drehbuch.","Wer führte bei „Die Hochzeit meines besten Freundes“ mit Julia Roberts und Cameron Diaz Hauptregie?","Nora Ephron","P. J. Hogan","Garry Marshall","Roger Michell","B","P. J. Hogan ist der Hauptregisseur.","P. J. Hogan inszenierte Die Hochzeit meines besten Freundes nach dem Drehbuch von Ronald Bass. Julia Roberts spielt Julianne, deren Versuche, eine Hochzeit zu verhindern, wiederholt andere Ergebnisse hervorbringen als erhofft. Der Regiecredit bezeichnet die Gestaltung dieses Films; Jerry Zucker gehört zur Produktion. Die getrennten Aufgaben sind in den offiziellen Quellen ausgewiesen. Der australische Regisseur verbindet dabei eine romantische Ausgangslage mit der Komik misslingender Täuschungen.","Ephron inszenierte diesen Film nicht.","P. J. Hogan ist der Hauptregisseur.","Marshall trägt hier nicht den Regiecredit.","Michell führte bei dieser Produktion nicht Regie.","P. J. Hogan inszeniert Ronald Bass’ Drehbuch.","mittel","https://catalog.afi.com/Catalog/moviedetails/61087|https://www.sonypicturesmuseum.com/collection/film/701/my-best-friend-s-wedding.html","redaktionell_quellengeprueft"
"G100-20261008-ROMCOM-007-L1","K-G100-20261008-ROMCOM-007-L1","","de","Film","Rom-Com","Harold und Maude","Harold and Maude","1971","","leicht","Filmwissen","Rom-Com","Rom-Com","Eine fremde Beerdigung eröffnet die Begegnung zweier unterschiedlicher Lebenshaltungen.","Bei welcher Gelegenheit begegnen Harold und Maude (Bud Cort, Ruth Gordon) einander in „Harold und Maude“?","Bei einer Ausstellungseröffnung","Bei einer Gartenvereinsversammlung","Bei einem Wohltätigkeitskonzert","Bei der Beerdigung eines Fremden","D","Sie treffen sich bei der Beerdigung eines Fremden.","Harold (Bud Cort) und Maude (Ruth Gordon) besuchen die Beerdigung eines Menschen, den sie nicht persönlich kannten. Dieses ungewöhnliche gemeinsame Interesse eröffnet ihre Bekanntschaft. Ihre Haltung zum Tod ist jedoch verschieden: Harold kreist um ihn, während Maude aus seiner Nähe eine Aufforderung zum Leben gewinnt. Das Treffen verbindet deshalb keine einfach gleichgesinnten Figuren. Es schafft einen Ausgangspunkt, von dem aus sich Harolds Blick auf die eigene Gegenwart verändern kann.","Eine Ausstellung eröffnet ihre Bekanntschaft nicht.","Eine Gartenversammlung führt sie nicht zusammen.","Ein Wohltätigkeitskonzert ist nicht das erste Treffen.","Sie treffen sich bei der Beerdigung eines Fremden.","Eine fremde Beerdigung eröffnet die Begegnung zweier unterschiedlicher Lebenshaltungen.","mittel","https://en.wikipedia.org/wiki/Harold_and_Maude|https://catalog.afi.com/Film/54046-HAROLD-AND-MAUDE","redaktionell_quellengeprueft"
"G100-20261008-ROMCOM-007-L2","K-G100-20261008-ROMCOM-007-L2","","de","Film","Rom-Com","Harold und Maude","Harold and Maude","1971","","leicht","Filmwissen","Rom-Com","Rom-Com","Die aufwendigen Todesinszenierungen erreichen die Mutter kaum.","Wie sucht Harold (Bud Cort) in „Harold und Maude“ wiederholt die Aufmerksamkeit seiner Mutter (Vivian Pickles)?","Er inszeniert seinen eigenen Tod","Er täuscht schwere Gedächtnisverluste vor","Er erfindet gefährliche Verfolger","Er behauptet, ausgeraubt worden zu sein","A","Harold führt scheinbare Suizide vor.","Harold (Bud Cort) inszeniert scheinbare Suizide, während seine Mutter (Vivian Pickles) häufig erstaunlich unbeeindruckt reagiert. Die drastischen Vorführungen erzeugen deshalb nicht die Nähe, die er sucht. Der Film verbindet seine Beschäftigung mit dem Tod mit einer gestörten alltäglichen Verständigung im Haus. Eine spektakuläre Geste ersetzt kein tatsächlich zugewandtes Gespräch. Die wiederkehrende Komik lebt gerade aus dem Gegensatz zwischen der aufwendigen Inszenierung und ihrer nüchternen Reaktion.","Harold führt scheinbare Suizide vor.","Gedächtnisverluste bilden nicht seine wiederkehrende Inszenierung.","Er behauptet nicht regelmäßig, verfolgt zu werden.","Vorgetäuschte Raubüberfälle sind nicht sein Muster.","Die aufwendigen Todesinszenierungen erreichen die Mutter kaum.","mittel","https://en.wikipedia.org/wiki/Harold_and_Maude|https://catalog.afi.com/Film/54046-HAROLD-AND-MAUDE","redaktionell_quellengeprueft"
"G100-20261008-ROMCOM-007-M1","K-G100-20261008-ROMCOM-007-M1","","de","Film","Rom-Com","Harold und Maude","Harold and Maude","1971","","mittel","Filmwissen","Rom-Com","Rom-Com","Der geschenkte Jaguar wird wieder zum Leichenwagen.","Was macht Harold (Bud Cort) in „Harold und Maude“ aus dem Jaguar, den seine Mutter (Vivian Pickles) ihm schenkt?","Er baut ihn zu einem Rennwagen um","Er baut ihn zu einem Leichenwagen um","Er verkauft ihn und kauft ein Motorrad","Er verwandelt ihn in einen Campingwagen","B","Harold verwandelt den Jaguar in einen Leichenwagen.","Harolds Mutter (Vivian Pickles) schenkt ihm einen Jaguar, um seinen bisherigen Leichenwagen und damit einen Teil seines ungewöhnlichen Auftretens zu ersetzen. Harold (Bud Cort) baut das neue Auto jedoch erneut zu einem Leichenwagen um. Das Geschenk erreicht dadurch nicht die beabsichtigte Normalisierung. Er eignet sich den teuren Wagen auf seine eigene Weise an und macht sichtbar, wie wenig eine materielle Verbesserung allein die Auseinandersetzung über sein Leben verändern kann.","Ein Rennwagen ist nicht sein Umbau.","Harold verwandelt den Jaguar in einen Leichenwagen.","Er ersetzt ihn nicht durch ein Motorrad.","Ein Campingfahrzeug entsteht daraus nicht.","Der geschenkte Jaguar wird wieder zum Leichenwagen.","mittel","https://en.wikipedia.org/wiki/Harold_and_Maude|https://catalog.afi.com/Film/54046-HAROLD-AND-MAUDE","redaktionell_quellengeprueft"
"G100-20261008-ROMCOM-007-M2","K-G100-20261008-ROMCOM-007-M2","","de","Film","Rom-Com","Harold und Maude","Harold and Maude","1971","","mittel","Filmwissen","Rom-Com","Rom-Com","Der Stadtbaum erhält im Wald einen neuen Lebensort.","Was tut Maude (Ruth Gordon) in „Harold und Maude“ mit einem verkümmernden Baum am Straßenrand?","Sie stellt ihn mit Harold (Bud Cort) in ein Gewächshaus","Sie verkauft ihn mit Harold (Bud Cort) an eine Gärtnerei","Sie verpflanzt ihn mit Harold (Bud Cort) in den Wald","Sie übergibt ihn mit Harold (Bud Cort) dem Stadtgärtner","C","Maude und Harold bringen den Baum in den Wald.","Maude (Ruth Gordon) sieht einen verkümmernden Baum in der Stadt und beschließt, ihn an einen besseren Ort zu bringen. Gemeinsam mit Harold (Bud Cort) verpflanzt sie ihn in den Wald. Die spontane Rettungsaktion zeigt ihre Zuwendung zu etwas Lebendigem, ohne sich um die gewöhnlichen Grenzen erlaubten Handelns zu kümmern. Für Harold wird Lebensfreude dadurch praktisch erfahrbar: Sie besteht nicht nur in einem gesprochenen Rat, sondern in einer gemeinsam ausgeführten Handlung.","Ein Gewächshaus ist nicht ihr Ziel.","Sie verkaufen den Baum nicht.","Maude und Harold bringen den Baum in den Wald.","Sie übergeben ihn nicht dem Stadtgärtner.","Der Stadtbaum erhält im Wald einen neuen Lebensort.","mittel","https://en.wikipedia.org/wiki/Harold_and_Maude","redaktionell_quellengeprueft"
"G100-20261008-ROMCOM-007-S1","K-G100-20261008-ROMCOM-007-S1","","de","Film","Rom-Com","Harold und Maude","Harold and Maude","1971","","schwer","Filmwissen","Rom-Com","Rom-Com","Die kurze Tätowierungsaufnahme öffnet eine schwere Vergangenheit.","Welches Detail entdeckt Harold (Bud Cort) beim Halten von Maudes (Ruth Gordon) Hand in „Harold und Maude“ an ihrem Arm?","Eine kreuzförmige Narbe","Ein großes Blumenmotiv","Eine eingeritzte Reihe von Initialen","Eine Nummerntätowierung","D","Er bemerkt eine Nummerntätowierung.","Harold (Bud Cort) bemerkt auf Maudes (Ruth Gordon) Arm eine Nummerntätowierung. Dieses kurze Detail verweist auf ihre Vergangenheit als Holocaustüberlebende und gibt ihrer Lebensfreude einen schwerwiegenden Hintergrund. Der Film erzählt diese Geschichte nicht ausführlich aus. Die Andeutung macht aber deutlich, dass ihre Haltung nicht aus fehlender Erfahrung mit Leid entsteht. Ein bestimmtes Lager wird dabei nicht benannt und sollte aus der sichtbaren Nummer nicht zusätzlich abgeleitet werden.","Eine kreuzförmige Narbe wird dabei nicht entdeckt.","Ein Blumenmotiv ist nicht das sichtbare Zeichen.","Eingeritzte Initialen bilden nicht das gezeigte Detail.","Er bemerkt eine Nummerntätowierung.","Die kurze Tätowierungsaufnahme öffnet eine schwere Vergangenheit.","hoch","https://en.wikipedia.org/wiki/Harold_and_Maude|https://catalog.afi.com/Film/54046-HAROLD-AND-MAUDE","redaktionell_quellengeprueft"
"G100-20261008-ROMCOM-007-S2","K-G100-20261008-ROMCOM-007-S2","","de","Film","Rom-Com","Harold und Maude","Harold and Maude","1971","","schwer","Filmwissen","Rom-Com","Rom-Com","Der Leichenwagen stürzt, Harold bleibt lebend mit dem Banjo zurück.","Was zeigt „Harold und Maude“ nach dem Absturz von Harolds (Bud Cort) Wagen?","Harold (Bud Cort) steht lebend auf der Klippe und spielt Banjo","Harold (Bud Cort) wird verletzt aus dem Wagen geborgen","Harold (Bud Cort) fährt mit einem zweiten Wagen davon","Harold (Bud Cort) wird von einem Rettungsboot aufgenommen","A","Harold steht lebend auf der Klippe und spielt Banjo.","Nach Maudes (Ruth Gordon) Tod fährt Harolds (Bud Cort) Wagen über eine Klippe. Der scheinbare Suizid wird unmittelbar anders aufgelöst: Harold steht lebend oben und spielt Banjo. Die Aufnahme trennt die Zerstörung des Leichenwagens vom Tod seines Besitzers. Das Instrument gehört zu dem Leben, das Maude ihm nähergebracht hat. Der Schluss zeigt deshalb eine fortbestehende Verbindung zu ihr, ohne seine eigene Zukunft als weitere Todesinszenierung festzulegen.","Harold steht lebend auf der Klippe und spielt Banjo.","Eine Bergung aus dem Wagen wird nicht gezeigt.","Ein zweiter Wagen bildet nicht die Schlussauflösung.","Ein Rettungsboot holt ihn nicht ab.","Der Leichenwagen stürzt, Harold bleibt lebend mit dem Banjo zurück.","hoch","https://en.wikipedia.org/wiki/Harold_and_Maude|https://catalog.afi.com/Film/54046-HAROLD-AND-MAUDE","redaktionell_quellengeprueft"
"G100-20261008-ROMCOM-007-Y","K-G100-20261008-ROMCOM-007-Y","","de","Film","Rom-Com","Harold und Maude","Harold and Maude","1971","","mittel","Filmjahr","Rom-Com","Rom-Com","1949 Gordon als Mitautorin, 1971 als Maude: 22 Jahre.","In welchem Jahr wurde „Harold und Maude“ mit Bud Cort und Ruth Gordon erstmals veröffentlicht?","1968","1971","1974","1977","B","Der Film erschien 1971.","Harold und Maude erschien 1971, zweiundzwanzig Jahre nach Ehekrieg von 1949. Ruth Gordon schrieb das Drehbuch zu Ehekrieg gemeinsam mit Garson Kanin und verkörpert später Maude. Die gelesenen Quellen verbinden damit zwei unterschiedliche Aufgaben derselben Künstlerin: Schreiben und Spielen. Der Abstand ordnet die Hauptdarstellerin in eine längere Filmkarriere ein, statt sie nur als Entdeckung dieses ungewöhnlichen Liebesfilms wahrzunehmen.","1968 ist nicht das Erstjahr.","Der Film erschien 1971.","1974 liegt nach dem Kinostart.","1977 bezeichnet nicht diese Veröffentlichung.","1949 Gordon als Mitautorin, 1971 als Maude: 22 Jahre.","mittel","https://catalog.afi.com/Film/54046-HAROLD-AND-MAUDE|https://www.criterion.com/current/posts/2337-harold-and-maude-life-and-how-to-live-it|https://catalog.afi.com/Film/25613-ADAM%27S-RIB","redaktionell_quellengeprueft"
"G100-20261008-ROMCOM-007-D","K-G100-20261008-ROMCOM-007-D","","de","Film","Rom-Com","Harold und Maude","Harold and Maude","1971","","mittel","Regie","Rom-Com","Rom-Com","Ashby inszeniert Higgins’ Geschichte mit Cort und Gordon.","Wer führte bei „Harold und Maude“ mit Bud Cort und Ruth Gordon Hauptregie?","Bob Rafelson","Arthur Penn","Hal Ashby","Robert Altman","C","Hal Ashby ist der Hauptregisseur.","Hal Ashby inszenierte Harold und Maude nach einem Drehbuch von Colin Higgins. Bud Cort und Ruth Gordon spielen die Figuren, deren Begegnung einen jungen Mann aus seinen gewohnten Todesbildern herausführt. AFI und Criterion führen Ashbys Regie und Higgins’ Schreiben getrennt auf. Der Film verbindet makabre Komik mit Zärtlichkeit und einer abrupten Veränderung des Blicks auf einzelne Handlungen; die Hauptregie bezeichnet die Gestaltung dieses gesamten Zusammenhangs.","Rafelson führte bei diesem Film nicht Regie.","Penn trägt diesen Regiecredit nicht.","Hal Ashby ist der Hauptregisseur.","Altman inszenierte diese Produktion nicht.","Ashby inszeniert Higgins’ Geschichte mit Cort und Gordon.","mittel","https://catalog.afi.com/Film/54046-HAROLD-AND-MAUDE|https://www.criterion.com/films/27896-harold-and-maude","redaktionell_quellengeprueft"
"G100-20261008-ROMCOM-008-L1","K-G100-20261008-ROMCOM-008-L1","","de","Film","Rom-Com","Is’ was, Doc?","What's Up, Doc?","1972","","leicht","Filmwissen","Rom-Com","Rom-Com","Die geplante Stipendienbewerbung gerät in ein Verwechslungsabenteuer.","Weshalb reist Howard Bannister (Ryan O’Neal) in „Is’ was, Doc?“ nach San Francisco?","Er bewirbt sich um ein Forschungsstipendium","Er tritt eine neue Hochschulstelle an","Er verteidigt seine Doktorarbeit","Er nimmt einen bereits verliehenen Forschungspreis entgegen","A","Howard konkurriert um ein Forschungsstipendium.","Howard Bannister (Ryan O’Neal) reist nach San Francisco, um sich um ein Forschungsstipendium zu bewerben. Seine Verlobte Eunice Burns (Madeline Kahn) begleitet ihn und versucht, den Aufenthalt streng zu ordnen. Das fachliche Ziel wird jedoch von Begegnungen, Verwechslungen und einer Verfolgung überlagert. Gerade der geplante geregelte Auftritt vor möglichen Geldgebern schafft einen Ausgangspunkt, von dem aus die Handlung immer weiter in unkontrollierbare Situationen abweicht.","Howard konkurriert um ein Forschungsstipendium.","Eine zugesagte Hochschulstelle ist nicht der Reisegrund.","Eine Dissertation verteidigt er dort nicht.","Der Preis ist ihm nicht bereits verliehen.","Die geplante Stipendienbewerbung gerät in ein Verwechslungsabenteuer.","mittel","https://en.wikipedia.org/wiki/What's_Up,_Doc%3F_(1972_film)|https://catalog.afi.com/Film/54720-WHATS-UP-DOC","redaktionell_quellengeprueft"
"G100-20261008-ROMCOM-008-L2","K-G100-20261008-ROMCOM-008-L2","","de","Film","Rom-Com","Is’ was, Doc?","What's Up, Doc?","1972","","leicht","Filmwissen","Rom-Com","Rom-Com","Vier gleiche Taschen verbinden vier unterschiedliche Interessen.","Wie viele gleich aussehende karierte Reisetaschen geraten in „Is’ was, Doc?“ durcheinander?","Zwei","Vier","Drei","Fünf","B","Vier Taschen sehen gleich aus und werden verwechselt.","Vier gleich aussehende karierte Reisetaschen treffen im Hotel aufeinander. Eine enthält Howards (Ryan O’Neal) Steine, eine Judys (Barbra Streisand) Kleidung, eine Schmuck und eine geheime Unterlagen. Die äußere Ähnlichkeit verdeckt also völlig unterschiedliche Inhalte und Interessen. Sobald die Taschen vertauscht werden, verfolgen mehrere Gruppen scheinbar dasselbe Objekt aus verschiedenen Gründen. Die Komödie benötigt dafür keine komplizierte technische Täuschung, sondern eine einfache wiederkehrende Verwechslung.","Zwei erfassen nicht alle beteiligten Taschen.","Vier Taschen sehen gleich aus und werden verwechselt.","Drei sind eine Tasche zu wenig.","Fünf ist nicht die gezeigte Zahl.","Vier gleiche Taschen verbinden vier unterschiedliche Interessen.","mittel","https://en.wikipedia.org/wiki/What's_Up,_Doc%3F_(1972_film)|https://catalog.afi.com/Film/54720-WHATS-UP-DOC","redaktionell_quellengeprueft"
"G100-20261008-ROMCOM-008-M1","K-G100-20261008-ROMCOM-008-M1","","de","Film","Rom-Com","Is’ was, Doc?","What's Up, Doc?","1972","","mittel","Filmwissen","Rom-Com","Rom-Com","Die Steine sind für Howard musikalisches Forschungsmaterial.","Welche Eigenschaft untersucht Howard Bannister (Ryan O’Neal) in „Is’ was, Doc?“ an seinen mitgebrachten Steinen?","Ihre ungewöhnliche elektrische Leitfähigkeit","Ihre Fähigkeit, Wärme zu speichern","Ihre besonderen Klangeigenschaften","Ihre wechselnde magnetische Ausrichtung","C","Howard interessiert sich für die musikalischen Klänge der Steine.","Howard Bannister (Ryan O’Neal) ist Musikwissenschaftler und untersucht Steine mit besonderen Klangeigenschaften. Was für andere wie gewöhnliches schweres Material aussieht, ist für ihn der Gegenstand einer Forschungsbewerbung. Die Steine bilden deshalb einen eigenen Wert innerhalb der Taschenverwechslung, obwohl andere Beteiligte Schmuck oder geheime Papiere erwarten. Seine konzentrierte fachliche Perspektive kollidiert mit der Umgebung, die dieselben Gegenstände ständig nach ganz anderen Interessen beurteilt.","Elektrische Leitfähigkeit ist nicht sein Untersuchungsziel.","Wärmespeicherung begründet die Forschung nicht.","Howard interessiert sich für die musikalischen Klänge der Steine.","Magnetische Ausrichtung ist nicht das Thema.","Die Steine sind für Howard musikalisches Forschungsmaterial.","mittel","https://en.wikipedia.org/wiki/What's_Up,_Doc%3F_(1972_film)|https://catalog.afi.com/Film/54720-WHATS-UP-DOC","redaktionell_quellengeprueft"
"G100-20261008-ROMCOM-008-M2","K-G100-20261008-ROMCOM-008-M2","","de","Film","Rom-Com","Is’ was, Doc?","What's Up, Doc?","1972","","mittel","Filmwissen","Rom-Com","Rom-Com","Judy ersetzt Eunice beim Bankett, Howard spielt mit.","Als wen stellt sich Judy (Barbra Streisand) beim Bankett in „Is’ was, Doc?“ vor?","Als Mrs. Van Hoskins (Mabel Albertson)","Als Larrabees (Austin Pendleton) Assistentin","Als Hugh Simons (Kenneth Mars) Kollegin","Als Eunice Burns (Madeline Kahn)","D","Judy gibt sich als Howards Verlobte Eunice aus.","Judy Maxwell (Barbra Streisand) erscheint beim Bankett als Eunice Burns (Madeline Kahn), die eigentliche Verlobte von Howard Bannister (Ryan O’Neal). Mit Witz und Wissen gewinnt sie die Anwesenden für sich. Howard lässt die Täuschung zu, weil er einen Vorteil für seine Bewerbung erwartet. Als die echte Eunice auftaucht, verteidigt er sogar die falsche Version. Die Identitätsverwechslung beruht daher nicht allein auf Judys Initiative, sondern auch auf seinem eigenen opportunistischen Mitwirken.","Sie übernimmt nicht die Identität der Schmuckbesitzerin.","Eine Assistentinnenstelle behauptet sie nicht.","Sie tritt nicht als Kollegin des Konkurrenten auf.","Judy gibt sich als Howards Verlobte Eunice aus.","Judy ersetzt Eunice beim Bankett, Howard spielt mit.","mittel","https://en.wikipedia.org/wiki/What's_Up,_Doc%3F_(1972_film)|https://catalog.afi.com/Film/54720-WHATS-UP-DOC","redaktionell_quellengeprueft"
"G100-20261008-ROMCOM-008-S1","K-G100-20261008-ROMCOM-008-S1","","de","Film","Rom-Com","Is’ was, Doc?","What's Up, Doc?","1972","","schwer","Filmwissen","Rom-Com","Rom-Com","Judys Plagiatsnachweis rettet Howards Forschungsbewerbung.","Weshalb erhält Howard (Ryan O’Neal) in „Is’ was, Doc?“ schließlich doch das Forschungsstipendium?","Sein Konkurrent wird als Plagiator entlarvt","Ein Geldgeber verdoppelt das Förderbudget","Die Jury teilt das Stipendium zwischen beiden Forschern","Der ursprüngliche Gewinner verzichtet freiwillig","A","Das aufgedeckte Plagiat verändert die Entscheidung.","Am Flughafen scheint Hugh Simon (Kenneth Mars) das Stipendium gewonnen zu haben. Judy Maxwell (Barbra Streisand) erkennt jedoch, dass seine Arbeit ein Plagiat ist, und entlarvt ihn. Dadurch erhält Howard Bannister (Ryan O’Neal) die Förderung. Das Ende führt sein ursprüngliches Reisevorhaben zu einem Ergebnis zurück, das weder die Verfolgung noch eine bloß günstige Bekanntschaft erklärt. Judys Wissen wird nun entscheidend, obwohl Howard sie zuvor vor allem als Ursache der Unordnung erlebt hatte.","Das aufgedeckte Plagiat verändert die Entscheidung.","Ein verdoppeltes Budget rettet die Bewerbung nicht.","Eine geteilte Förderung ist nicht die Auflösung.","Der Konkurrent zieht sich nicht freiwillig zurück.","Judys Plagiatsnachweis rettet Howards Forschungsbewerbung.","hoch","https://en.wikipedia.org/wiki/What's_Up,_Doc%3F_(1972_film)|https://catalog.afi.com/Film/54720-WHATS-UP-DOC","redaktionell_quellengeprueft"
"G100-20261008-ROMCOM-008-S2","K-G100-20261008-ROMCOM-008-S2","","de","Film","Rom-Com","Is’ was, Doc?","What's Up, Doc?","1972","","schwer","Filmwissen","Rom-Com","Rom-Com","O’Neals neue Figur widerspricht der Liebesformel seines früheren Films.","Welchen früheren Film parodiert der letzte Dialog zwischen Judy und Howard (Barbra Streisand, Ryan O’Neal) in „Is’ was, Doc?“?","Die Reifeprüfung","Love Story","Barfuß im Park","Bonnie und Clyde","B","Der Dialog spielt auf Love Story an.","Judy Maxwell (Barbra Streisand) verwendet im Flugzeug eine bekannte Liebesformel aus Love Story, die Howard Bannister (Ryan O’Neal) sofort als unsinnig zurückweist. Der Witz erhält eine zusätzliche Ebene, weil O’Neal selbst die männliche Hauptrolle in Love Story gespielt hatte. Ein Darsteller widerspricht damit innerhalb eines neuen Films einer Formel, die mit seinem früheren Erfolg verbunden ist. Die romantische Versöhnung bleibt bestehen, während ihr feierlicher Ausdruck komisch gebrochen wird.","Die Reifeprüfung liefert nicht die parodierte Schlussformel.","Der Dialog spielt auf Love Story an.","Barfuß im Park ist nicht die Dialogreferenz.","Bonnie und Clyde ist nicht die gesuchte Vorlage.","O’Neals neue Figur widerspricht der Liebesformel seines früheren Films.","hoch","https://en.wikipedia.org/wiki/What's_Up,_Doc%3F_(1972_film)|https://catalog.afi.com/Film/54720-WHATS-UP-DOC","redaktionell_quellengeprueft"
"G100-20261008-ROMCOM-008-Y","K-G100-20261008-ROMCOM-008-Y","","de","Film","Rom-Com","Is’ was, Doc?","What's Up, Doc?","1972","","mittel","Filmjahr","Rom-Com","Rom-Com","1950 Cartoon, 1972 Spielfilm: 22 Jahre.","In welchem Jahr wurde „Is’ was, Doc?“ mit Barbra Streisand und Ryan O’Neal erstmals veröffentlicht?","1969","1975","1972","1978","C","Der Spielfilm erschien 1972.","Is’ was, Doc? erschien 1972, zweiundzwanzig Jahre nach dem gleichnamigen Warner-Cartoon von 1950. Das AFI nennt diesen früheren Kurzfilm und seine Verwendung in der Flugzeugszene. Der Abstand verbindet unterschiedliche Formen der Komödie: einen animierten Kurzfilm und einen Spielfilm mit realen Darstellern. Die sichtbare Vorführung des Cartoons gehört zur neuen Filmhandlung; sie macht die ältere Produktion nicht zu einer früheren Fassung desselben Spielfilms.","1969 ist nicht das Erstjahr.","1975 liegt nach der Veröffentlichung.","Der Spielfilm erschien 1972.","1978 gehört nicht zur ursprünglichen Premiere.","1950 Cartoon, 1972 Spielfilm: 22 Jahre.","mittel","https://catalog.afi.com/Film/54720-WHATS-UP-DOC","redaktionell_quellengeprueft"
"G100-20261008-ROMCOM-008-D","K-G100-20261008-ROMCOM-008-D","","de","Film","Rom-Com","Is’ was, Doc?","What's Up, Doc?","1972","","mittel","Regie","Rom-Com","Rom-Com","Bogdanovich inszeniert das Zusammenspiel von Wortgefecht und Verfolgung.","Wer führte bei „Is’ was, Doc?“ mit Barbra Streisand und Ryan O’Neal Hauptregie?","Blake Edwards","Mel Brooks","Mike Nichols","Peter Bogdanovich","D","Peter Bogdanovich ist der Hauptregisseur.","Peter Bogdanovich inszenierte Is’ was, Doc? mit Barbra Streisand und Ryan O’Neal. Buck Henry, David Newman und Robert Benton werden als Drehbuchautoren geführt. Die Hauptregie ist von diesen drei Schreibcredits zu unterscheiden. Die Gestaltung greift die schnelle Bewegung und die Wortgefechte der Screwball-Komödie auf, verbindet sie aber mit einer ausgedehnten Verfolgung durch San Francisco. Wiederkehrende Taschen und wechselnde Identitäten halten die verschiedenen Handlungsstränge zusammen.","Edwards inszenierte diese Komödie nicht.","Brooks trägt den Regiecredit nicht.","Nichols führte hier nicht Hauptregie.","Peter Bogdanovich ist der Hauptregisseur.","Bogdanovich inszeniert das Zusammenspiel von Wortgefecht und Verfolgung.","mittel","https://catalog.afi.com/Film/54720-WHATS-UP-DOC","redaktionell_quellengeprueft"
"G100-20261008-ROMCOM-009-L1","K-G100-20261008-ROMCOM-009-L1","","de","Film","Rom-Com","Barfuß im Park","Barefoot in the Park","1967","","leicht","Filmwissen","Rom-Com","Rom-Com","Paul bringt berufliche Vorsicht in den neuen Haushalt.","Welchen Beruf hat Paul Bratter (Robert Redford) in „Barfuß im Park“?","Architekt","Rechtsanwalt","Steuerberater","Versicherungsvertreter","B","Paul arbeitet als Rechtsanwalt.","Paul Bratter (Robert Redford) beginnt seine Ehe mit Corie Bratter (Jane Fonda) als vorsichtiger junger Rechtsanwalt. Seine kontrollierte Art prägt auch den Umgang mit dem gemeinsamen Zuhause. In der neuen Wohnung treffen zwei Vorstellungen von Alltag aufeinander. Was Corie als Abenteuer begrüßt, prüft Paul zunächst auf praktische Schwierigkeiten und mögliche Unannehmlichkeiten. Die gegensätzlichen Erwartungen machen selbst gewöhnliche Wohnprobleme zum Anlass persönlicher Auseinandersetzungen.","Er entwirft keine Gebäude als Architekt.","Paul ist ein junger Rechtsanwalt.","Die Filmfigur ist kein Steuerberater.","Versicherungsverträge sind nicht sein Beruf.","Paul bringt berufliche Vorsicht in den neuen Haushalt.","mittel","https://en.wikipedia.org/wiki/Barefoot_in_the_Park_(film)","redaktionell_quellengeprueft"
"G100-20261008-ROMCOM-009-L2","K-G100-20261008-ROMCOM-009-L2","","de","Film","Rom-Com","Barfuß im Park","Barefoot in the Park","1967","","leicht","Filmwissen","Rom-Com","Rom-Com","Vor dem Besuch kommt der mühsame Aufstieg.","Was erschwert in „Barfuß im Park“ den Weg zur neuen Wohnung besonders?","Ein langer Weg durch den Innenhof","Ein ständig verschlossenes Hoftor","Viele Treppen ohne Aufzug","Ein Zugang über eine Feuertreppe","C","Die Wohnung hat keinen Aufzug.","Corie Bratter (Jane Fonda) begeistert sich für die neue Wohnung in Greenwich Village, während Paul Bratter (Robert Redford) ihre Nachteile sofort bemerkt. Gäste müssen die vielen Stufen ebenfalls bewältigen. Die körperliche Anstrengung macht den Wohnort zu einem komischen Schauplatz: Besucher kommen schon erschöpft an, bevor das Gespräch beginnt. Die Treppe beeinflusst dadurch den Rhythmus der Begegnungen im jungen Haushalt.","Der Innenhof ist nicht das wiederkehrende Hindernis.","Ein Hoftor verursacht diese Anstrengung nicht.","Die Wohnung liegt hoch in einem Haus ohne Aufzug.","Der normale Besuch steigt die Haustreppe hinauf.","Vor dem Besuch kommt der mühsame Aufstieg.","mittel","https://en.wikipedia.org/wiki/Barefoot_in_the_Park_(film)","redaktionell_quellengeprueft"
"G100-20261008-ROMCOM-009-M1","K-G100-20261008-ROMCOM-009-M1","","de","Film","Rom-Com","Barfuß im Park","Barefoot in the Park","1967","","mittel","Filmwissen","Rom-Com","Rom-Com","Die Tochter plant das Rendezvous der Mutter.","Warum organisiert Corie (Jane Fonda) das gemeinsame Abendessen in „Barfuß im Park“?","Sie will die Versöhnung mit ihrem Mann feiern","Sie will den Nachbarn um Umzugshilfe bitten","Sie will ihre Mutter vom neuen Zuhause überzeugen","Sie will ihre Mutter mit dem Nachbarn verkuppeln","D","Corie will ihre Mutter mit Victor zusammenbringen.","Ethel Banks (Mildred Natwick) ist Cories verwitwete Mutter. Victor Velasco (Charles Boyer), der ungewöhnliche Nachbar, erscheint Corie Bratter (Jane Fonda) als möglicher neuer Partner für sie. Das gemeinsame Essen mit Paul Bratter (Robert Redford) soll diese Annäherung erleichtern. Corie organisiert die Begegnung voller Optimismus, ohne ausreichend zu berücksichtigen, wie anstrengend Victors Lebensweise für die anderen Gäste sein kann.","Das Essen geht dem großen Ehestreit voraus und feiert keine Versöhnung.","Umzugshilfe ist nicht der Zweck dieser gemeinsamen Einladung.","Corie möchte eine Paarung anbahnen, nicht bloß die Wohnung verteidigen.","Corie plant eine neue Beziehung für ihre Mutter mit Victor.","Die Tochter plant das Rendezvous der Mutter.","mittel","https://en.wikipedia.org/wiki/Barefoot_in_the_Park_(film)","redaktionell_quellengeprueft"
"G100-20261008-ROMCOM-009-M2","K-G100-20261008-ROMCOM-009-M2","","de","Film","Rom-Com","Barfuß im Park","Barefoot in the Park","1967","","mittel","Filmwissen","Rom-Com","Rom-Com","Staten Island wird zum albanischen Ausflug.","Welche Küche bietet das Restaurant des gemeinsamen Ausflugs in „Barfuß im Park“?","Albanische Küche","Griechische Küche","Ungarische Küche","Türkische Küche","A","Der Ausflug führt in ein albanisches Restaurant.","Victor Velasco (Charles Boyer) führt Corie Bratter (Jane Fonda), Paul Bratter (Robert Redford) und Ethel Banks (Mildred Natwick) zum Essen nach Staten Island. Im albanischen Restaurant werden nicht nur Speisen serviert; Musik, Tanz und Alkohol machen den Besuch zu einem temperamentvollen Erlebnis. Der Abend verdeutlicht die unterschiedlichen Grenzen der Gäste. Cories Begeisterung für Spontaneität trifft auf die Erschöpfung ihrer Begleiter.","Victor führt die Gruppe in ein albanisches Restaurant.","Es ist kein griechisches Lokal.","Ungarische Küche wird hier nicht genannt.","Das Restaurant wird nicht als türkisch beschrieben.","Staten Island wird zum albanischen Ausflug.","mittel","https://en.wikipedia.org/wiki/Barefoot_in_the_Park_(film)","redaktionell_quellengeprueft"
"G100-20261008-ROMCOM-009-S1","K-G100-20261008-ROMCOM-009-S1","","de","Film","Rom-Com","Barfuß im Park","Barefoot in the Park","1967","","schwer","Filmwissen","Rom-Com","Rom-Com","Das Schlafzimmerfenster dient als Durchgang.","Wie erreicht Victor Velasco (Charles Boyer) in „Barfuß im Park“ seine Unterkunft?","Durch eine Falltür im Hausflur","Durch das Fenster der Bratters","Über die Küche der Nachbarwohnung","Durch eine Außentür auf dem Dach","B","Victors Weg führt durch das Fenster der Bratters.","Victor Velasco (Charles Boyer) wohnt über Corie Bratter (Jane Fonda) und Paul Bratter (Robert Redford). Sein ungewöhnlicher Zugang macht die Wohnung des Paars zur Durchgangsstation. Damit bleibt Nachbarschaft nicht auf höfliche Gespräche im Treppenhaus beschränkt. Der fremde Mann greift buchstäblich in den privaten Raum der frisch Verheirateten ein. Diese räumliche Eigenheit erklärt, warum er so rasch Teil ihres Ehealltags wird.","Eine Falltür ist nicht sein Zugang.","Er benutzt das Fenster des jungen Paars als Durchgang.","Er geht nicht durch die Küche einer anderen Nachbarwohnung.","Die Unterkunft erreicht er nicht über eine normale Dachaußentür.","Das Schlafzimmerfenster dient als Durchgang.","mittel","https://en.wikipedia.org/wiki/Barefoot_in_the_Park_(film)|https://catalog.afi.com/Film/22475-BAREFOOT-IN-THE-PARK","redaktionell_quellengeprueft"
"G100-20261008-ROMCOM-009-S2","K-G100-20261008-ROMCOM-009-S2","","de","Film","Rom-Com","Barfuß im Park","Barefoot in the Park","1967","","schwer","Filmwissen","Rom-Com","Rom-Com","Der Sturz erklärt die scheinbar verdächtige Übernachtung.","Warum verbringt Ethel Banks (Mildred Natwick) in „Barfuß im Park“ die Nacht bei Victor (Charles Boyer)?","Sie verpasst die letzte Fähre","Sie verliert ihren Haustürschlüssel","Sie stürzt auf vereisten Stufen","Sie wartet auf einen ausgefallenen Zug","C","Ethel stürzt auf eisigen Stufen.","Corie Bratter (Jane Fonda) erschrickt, als Ethel Banks (Mildred Natwick) nicht nach Hause gekommen ist. Die Erklärung ist weniger skandalös, als die Tochter zunächst befürchtet: Beim Heimweg mit Victor Velasco (Charles Boyer) rutscht ihre Mutter auf vereisten Stufen aus. Sie wird zu seiner Unterkunft zurückgebracht. Die Übernachtung zeigt, wie schnell aus unvollständigen Informationen ein falscher Verdacht über eine Beziehung entstehen kann.","Eine verpasste Fähre erklärt die Übernachtung nicht.","Ein verlorener Schlüssel ist nicht der Anlass.","Nach dem Sturz wird sie zu Victor zurückgebracht.","Eine Zugstörung hält sie nicht bei Victor fest.","Der Sturz erklärt die scheinbar verdächtige Übernachtung.","hoch","https://en.wikipedia.org/wiki/Barefoot_in_the_Park_(film)","redaktionell_quellengeprueft"
"G100-20261008-ROMCOM-009-Y","K-G100-20261008-ROMCOM-009-Y","","de","Film","Rom-Com","Barfuß im Park","Barefoot in the Park","1967","","mittel","Filmjahr","Rom-Com","Rom-Com","1963 Bühne, 1967 Film: vier Jahre Abstand.","Wann wurde „Barfuß im Park“ erstmals veröffentlicht?","1963","1971","1975","1967","D","Der Film erschien erstmals 1967.","Neil Simons Bühnenstück eröffnete am Broadway 1963; die Filmfassung erschien 1967, vier Jahre später. Robert Redford spielte Paul Bratter bereits auf der Bühne und übernahm die Rolle vor der Kamera erneut. Der zeitliche Abstand verbindet zwei Aufführungsformen derselben Geschichte. Das Filmjahr bezeichnet daher die Verfilmung, während 1963 zum ursprünglichen Theatererfolg gehört und nicht zum ersten Kinostart.","1963 eröffnete die Broadway-Vorlage.","1971 liegt vier Jahre nach der Filmveröffentlichung.","1975 liegt acht Jahre danach.","Die ersten Vorführungen lagen 1967.","1963 Bühne, 1967 Film: vier Jahre Abstand.","mittel","https://catalog.afi.com/Film/22475-BAREFOOT-IN-THE-PARK","redaktionell_quellengeprueft"
"G100-20261008-ROMCOM-009-D","K-G100-20261008-ROMCOM-009-D","","de","Film","Rom-Com","Barfuß im Park","Barefoot in the Park","1967","","mittel","Regie","Rom-Com","Rom-Com","Saks inszeniert den Film, Nichols die Bühne.","Wer führte bei „Barfuß im Park“ Hauptregie?","Gene Saks","Mike Nichols","George Cukor","Blake Edwards","A","Gene Saks führte Regie.","Gene Saks übernahm die Hauptregie der Filmfassung von Neil Simons Stück. Die Bühneninszenierung war zuvor von Mike Nichols betreut worden; beide Credits gehören zu unterschiedlichen Fassungen. Jane Fonda als Corie Bratter und Robert Redford als Paul Bratter tragen den Ehekonflikt nun vor der Filmkamera aus. Für Saks war die Verfilmung der Einstieg in die Regie eines abendfüllenden Kinofilms.","Gene Saks inszenierte die Filmfassung.","Mike Nichols inszenierte die Broadway-Produktion, nicht diesen Film.","George Cukor hat hier keinen Regiecredit.","Blake Edwards führte bei diesem Film nicht Regie.","Saks inszeniert den Film, Nichols die Bühne.","mittel","https://catalog.afi.com/Film/22475-BAREFOOT-IN-THE-PARK","redaktionell_quellengeprueft"
"G100-20261008-ROMCOM-010-L1","K-G100-20261008-ROMCOM-010-L1","","de","Film","Rom-Com","High Fidelity","High Fidelity","2000","","leicht","Filmwissen","Rom-Com","Rom-Com","Championship Vinyl ist Robs tägliche Musikwelt.","Was betreibt Rob Gordon (John Cusack) in „High Fidelity“?","Einen Musikclub","Ein Tonstudio","Einen Schallplattenladen","Ein Musikmagazin","C","Rob betreibt den Laden Championship Vinyl.","Rob Gordon (John Cusack) arbeitet im Schallplattenladen Championship Vinyl. Dick (Todd Louiso) und Barry Judd (Jack Black) begleiten seinen Alltag mit eigenen Vorlieben und Urteilen über Musik. Das Geschäft ist zugleich sozialer Treffpunkt und Bühne für Streit über Geschmack. Rob behandelt Songs mit einer Sicherheit, die ihm in Liebesbeziehungen fehlt. Sein musikalisches Spezialwissen ersetzt deshalb keine Aufmerksamkeit für andere Menschen.","Er betreibt keinen Club als sein Hauptgeschäft.","Ein Tonstudio ist nicht sein Arbeitsplatz.","Rob besitzt einen Schallplattenladen.","Er gibt kein Musikmagazin heraus.","Championship Vinyl ist Robs tägliche Musikwelt.","mittel","https://en.wikipedia.org/wiki/High_Fidelity_(film)","redaktionell_quellengeprueft"
"G100-20261008-ROMCOM-010-L2","K-G100-20261008-ROMCOM-010-L2","","de","Film","Rom-Com","High Fidelity","High Fidelity","2000","","leicht","Filmwissen","Rom-Com","Rom-Com","Top-Fünf-Denken trifft auf Beziehungsprobleme.","Was ordnet Rob (John Cusack) in „High Fidelity“ in einer zentralen persönlichen Top-Fünf-Liste?","Seine erfolgreichsten Verkaufstage","Seine besten eigenen Konzerte","Seine teuersten Plattenkäufe","Seine schmerzhaftesten Trennungen","D","Rob zählt seine fünf prägendsten Trennungen auf.","Nachdem Laura (Iben Hjejle) ihn verlassen hat, versucht Rob Gordon (John Cusack), den Verlust durch Ranglisten zu erklären. Er erinnert sich an frühere Beziehungen und vergleicht ihre schmerzhaften Enden. Das vertraute Verfahren aus der Musikdiskussion wird zur Selbstbefragung. Die Ordnung schafft zunächst Abstand zum Schmerz, macht aber auch sichtbar, wie stark Rob seine eigene Perspektive über die Erfahrungen der Frauen stellt.","Verkaufszahlen bilden diese persönliche Liste nicht.","Eigene Konzertauftritte sind nicht ihr Thema.","Die Liste ordnet keine Rekordpreise seiner Sammlung.","Er geht seine schlimmsten Beziehungsenden durch.","Top-Fünf-Denken trifft auf Beziehungsprobleme.","mittel","https://en.wikipedia.org/wiki/High_Fidelity_(film)","redaktionell_quellengeprueft"
"G100-20261008-ROMCOM-010-M1","K-G100-20261008-ROMCOM-010-M1","","de","Film","Rom-Com","High Fidelity","High Fidelity","2000","","mittel","Filmwissen","Rom-Com","Rom-Com","Der Roman ist London, der Film Chicago.","In welcher Stadt spielt Rob Gordons (John Cusack) Alltag in „High Fidelity“?","Chicago","Seattle","Boston","Philadelphia","A","Die Handlung spielt in Chicago.","Rob Gordon (John Cusack) lebt und arbeitet in Chicago. Der Laden Championship Vinyl und seine Begegnungen mit Laura (Iben Hjejle) gehören zu diesem amerikanischen Stadtmilieu. Nick Hornbys Roman war dagegen in London angesiedelt. Die Verfilmung behält den musikalischen Blick auf Beziehungen bei, setzt ihn aber in eine andere urbane Umgebung. Buchschauplatz und Filmhandlung dürfen deshalb nicht gleichgesetzt werden.","Der Film verlegt Robs Alltag nach Chicago.","Seattle ist nicht der Hauptschauplatz.","Boston ist nicht die Stadt seines Ladens.","Philadelphia ist nicht der Schauplatz dieser Verfilmung.","Der Roman ist London, der Film Chicago.","mittel","https://en.wikipedia.org/wiki/High_Fidelity_(film)","redaktionell_quellengeprueft"
"G100-20261008-ROMCOM-010-M2","K-G100-20261008-ROMCOM-010-M2","","de","Film","Rom-Com","High Fidelity","High Fidelity","2000","","mittel","Filmwissen","Rom-Com","Rom-Com","Gemeinsame Vergangenheit wird in der Trauer wieder wichtig.","Welches Ereignis bringt Rob (John Cusack) und Laura (Iben Hjejle) in „High Fidelity“ wieder enger zusammen?","Die Hochzeit ihrer Schwester","Der Tod ihres Vaters","Die Schließung seines Ladens","Ein gemeinsamer Konzerturlaub","B","Lauras Vater stirbt; die Trauer verbindet das Paar wieder.","Laura (Iben Hjejle) kommt nach dem Tod ihres Vaters wieder auf Rob Gordon (John Cusack) zu. Ihre gemeinsame Vergangenheit gewinnt in der Trauer eine andere Bedeutung als während des vorausgegangenen Streits. Das Wiedersehen löst Robs Selbstbezogenheit nicht automatisch. Es eröffnet jedoch eine neue Nähe, die er nicht allein durch eine Rangliste seiner früheren Beziehungen oder durch das Urteil über einen Rivalen verstehen kann.","Eine Hochzeit der Schwester löst diese Annäherung nicht aus.","Die Trauer um ihren Vater führt wieder zu Nähe.","Eine Ladenschließung ist nicht der Anlass.","Eine geplante Reise bringt sie nicht zusammen.","Gemeinsame Vergangenheit wird in der Trauer wieder wichtig.","mittel","https://en.wikipedia.org/wiki/High_Fidelity_(film)","redaktionell_quellengeprueft"
"G100-20261008-ROMCOM-010-S1","K-G100-20261008-ROMCOM-010-S1","","de","Film","Rom-Com","High Fidelity","High Fidelity","2000","","schwer","Filmwissen","Rom-Com","Rom-Com","Die Zusammenstellung soll der Empfängerin gefallen.","Wonach richtet Rob (John Cusack) am Ende von „High Fidelity“ eine neue Zusammenstellung von Liedern aus?","Nach Barrys (Jack Black) Verkaufsprognosen","Nach den seltensten Erstpressungen","Nach Lauras (Iben Hjejle) Geschmack","Nach seiner eigenen Lieblingsrangliste","C","Rob stellt diesmal Lauras Geschmack in den Mittelpunkt.","Rob Gordon (John Cusack) beginnt eine neue Musikauswahl für Laura (Iben Hjejle). Dabei möchte er nicht bloß sein eigenes Kennertum vorführen. Er denkt darüber nach, was sie hören will. Die kleine Handlung markiert eine Verschiebung seiner Aufmerksamkeit: Ein Geschenk soll zur Empfängerin passen, statt nur etwas über den Schenkenden auszusagen. Der Schluss fasst Entwicklung in einem vertrauten musikalischen Alltagsritual zusammen.","Barrys Markturteil ist nicht das Auswahlprinzip.","Sammlerwert bestimmt diese Zusammenstellung nicht.","Er will Musik zusammenstellen, die Laura gefällt.","Seine eigene Rangliste steht erstmals nicht im Mittelpunkt.","Die Zusammenstellung soll der Empfängerin gefallen.","hoch","https://en.wikipedia.org/wiki/High_Fidelity_(film)","redaktionell_quellengeprueft"
"G100-20261008-ROMCOM-010-S2","K-G100-20261008-ROMCOM-010-S2","","de","Film","Rom-Com","High Fidelity","High Fidelity","2000","","schwer","Filmwissen","Rom-Com","Rom-Com","Der streitlustige Verkäufer erweist sich als Sänger.","Welches Lied singt Barry (Jack Black) bei seinem Auftritt gegen Ende von „High Fidelity“?","Ain’t No Sunshine","Stand by Me","Try a Little Tenderness","Let’s Get It On","D","Barry überrascht mit Let’s Get It On.","Barry Judd (Jack Black) tritt mit seiner Band auf und singt Marvin Gayes „Let’s Get It On“. Rob Gordon (John Cusack) hat seinen lauten Mitarbeiter zuvor vor allem als streitlustigen Musikkenner erlebt. Der Auftritt zeigt eine zusätzliche Seite: Hinter dem dauernden Urteil über fremde Musik steht tatsächlich musikalisches Können. Die Gesangsnummer verändert damit den Eindruck einer vertrauten Nebenfigur, ohne ihre vorherigen Eigenheiten zu löschen.","Ain’t No Sunshine ist nicht die Nummer dieses Auftritts.","Stand by Me wird hier nicht als seine Nummer präsentiert.","Try a Little Tenderness ist nicht das gesuchte Schlusslied.","Barry singt Marvin Gayes Let’s Get It On.","Der streitlustige Verkäufer erweist sich als Sänger.","mittel","https://en.wikipedia.org/wiki/High_Fidelity_(film)","redaktionell_quellengeprueft"
"G100-20261008-ROMCOM-010-Y","K-G100-20261008-ROMCOM-010-Y","","de","Film","Rom-Com","High Fidelity","High Fidelity","2000","","mittel","Filmjahr","Rom-Com","Rom-Com","1988 Gefährliche Liebschaften, 2000 High Fidelity: zwölf Jahre.","Wann wurde „High Fidelity“ erstmals veröffentlicht?","2000","1996","2004","2008","A","Das Erstjahr ist 2000.","„High Fidelity“ erschien 2000, zwölf Jahre nach Stephen Frears’ „Gefährliche Liebschaften“ von 1988. Beide Filme befassen sich mit Begehren und Selbsttäuschung, jedoch in sehr unterschiedlichen gesellschaftlichen Milieus. Der frühere Film spielt mit aristokratischer Verführung, der spätere mit Plattenladenalltag und privaten Ranglisten. Die Verbindung über denselben Regisseur liefert einen konkreten zeitlichen Anker, ohne aus ähnlichen Themen eine gemeinsame Handlung zu machen.","Der Film erschien 2000.","1996 liegt vier Jahre davor.","2004 liegt vier Jahre danach.","2008 liegt acht Jahre danach.","1988 Gefährliche Liebschaften, 2000 High Fidelity: zwölf Jahre.","mittel","https://www.bfi.org.uk/film/379b71f4-57d7-5228-b0cd-087b599ee9a2/high-fidelity|https://www.bfi.org.uk/film/221585c1-d6b0-550d-86dc-6487a87f3171/dangerous-liaisons","redaktionell_quellengeprueft"
"G100-20261008-ROMCOM-010-D","K-G100-20261008-ROMCOM-010-D","","de","Film","Rom-Com","High Fidelity","High Fidelity","2000","","mittel","Regie","Rom-Com","Rom-Com","Frears führt Regie; Cusack spielt und schreibt mit.","Wer führte bei „High Fidelity“ Hauptregie?","Mike Newell","Stephen Frears","Alan Parker","Richard Curtis","B","Stephen Frears inszenierte die Verfilmung.","Stephen Frears führte bei der Verfilmung von Nick Hornbys Roman Regie. John Cusack spielte Rob Gordon und gehörte zugleich zum Drehbuchteam. Die Rollen vor und hinter der Kamera werden dadurch nicht austauschbar: Die Hauptregie bleibt Frears zugeordnet. Robs direkte Ansprache des Publikums erlaubt dem Film, seine selbstbewussten Erklärungen neben Handlungen zu stellen, die diese Selbstdarstellung häufig in Frage stellen.","Mike Newell wurde als ausführender Produzent beteiligt, führte aber nicht Hauptregie.","Stephen Frears ist der Hauptregisseur.","Alan Parker ist nicht der Regisseur dieser Verfilmung.","Richard Curtis hat hier keinen Hauptregiecredit.","Frears führt Regie; Cusack spielt und schreibt mit.","mittel","https://www.bfi.org.uk/film/379b71f4-57d7-5228-b0cd-087b599ee9a2/high-fidelity|https://en.wikipedia.org/wiki/High_Fidelity_(film)","redaktionell_quellengeprueft"
"G100-20261008-ROMCOM-011-L1","K-G100-20261008-ROMCOM-011-L1","","de","Film","Rom-Com","The Big Sick","The Big Sick","2017","","leicht","Filmwissen","Rom-Com","Rom-Com","Ein Comedyauftritt steht am Anfang der Beziehung.","Welchen Bühnenberuf verfolgt Kumail (Kumail Nanjiani) in „The Big Sick“?","Musicaldarsteller","Kabarett-Pianist","Improvisationsschauspieler","Stand-up-Komiker","D","Kumail arbeitet an einer Stand-up-Karriere.","Kumail (Kumail Nanjiani) tritt in einem Comedyclub auf und hofft auf größere berufliche Chancen. Dort lernt er Emily Gardner (Zoe Kazan) kennen, die auf seinen Auftritt reagiert. Der Bühnenalltag verbindet den Beginn ihrer Beziehung mit seinen persönlichen Ambitionen. Die Filmfigur trägt den Namen des wirklichen Mitautors und Hauptdarstellers, doch die Geschichte verarbeitet gemeinsame Erlebnisse des realen Paars in einer fiktionalisierten Form.","Er strebt keine Laufbahn als Musicaldarsteller an.","Sein Auftritt besteht nicht aus Klavierkabarett.","Sein zentrales Bühnenformat ist Stand-up, nicht ein Improvisationstheater.","Kumail versucht, mit Stand-up-Comedy erfolgreich zu werden.","Ein Comedyauftritt steht am Anfang der Beziehung.","mittel","https://en.wikipedia.org/wiki/The_Big_Sick","redaktionell_quellengeprueft"
"G100-20261008-ROMCOM-011-L2","K-G100-20261008-ROMCOM-011-L2","","de","Film","Rom-Com","The Big Sick","The Big Sick","2017","","leicht","Filmwissen","Rom-Com","Rom-Com","Gemeinsame Sorge verbindet zunächst misstrauische Menschen.","Mit wem kommt Kumail (Kumail Nanjiani) während Emilys (Zoe Kazan) Krankenhausaufenthalt in „The Big Sick“ besonders ins Gespräch?","Mit ihren Eltern","Mit ihren Geschwistern","Mit ihren Studienfreunden","Mit ihren Großeltern","A","Kumail lernt Emilys Eltern näher kennen.","Während Emily Gardner (Zoe Kazan) im Krankenhaus liegt, trifft Kumail (Kumail Nanjiani) auf Beth Gardner (Holly Hunter) und Terry Gardner (Ray Romano). Die Eltern kennen ihn zunächst vor allem als Mann, der ihre Tochter verletzt hat. Gemeinsame Sorge verändert den Umgang miteinander. Der Film lässt eine Beziehung zwischen Angehörigen entstehen, obwohl die erkrankte Tochter selbst an diesen Gesprächen nicht teilnehmen kann.","Die Krise führt ihn mit Emilys Eltern zusammen.","Geschwister sind nicht das zentrale Paar seiner Krankenhausbegegnungen.","Die Annäherung konzentriert sich nicht auf ihre Kommilitonen.","Ihre Großeltern stehen nicht im Mittelpunkt dieser Beziehung.","Gemeinsame Sorge verbindet zunächst misstrauische Menschen.","mittel","https://en.wikipedia.org/wiki/The_Big_Sick","redaktionell_quellengeprueft"
"G100-20261008-ROMCOM-011-M1","K-G100-20261008-ROMCOM-011-M1","","de","Film","Rom-Com","The Big Sick","The Big Sick","2017","","mittel","Filmwissen","Rom-Com","Rom-Com","Die Fotos machen den verschwiegenen Familienkonflikt sichtbar.","Was entdeckt Emily (Zoe Kazan) in „The Big Sick“, bevor sie sich von Kumail (Kumail Nanjiani) trennt?","Briefe einer heimlich weitergeführten früheren Beziehung","Fotos möglicher von der Familie vermittelter Ehepartnerinnen","Nachrichten über eine schon gebuchte gemeinsame Hochzeit","Unterlagen über einen geplanten Umzug ohne sie","B","Emily findet Fotos von Frauen, die Kumails Familie als Ehepartnerinnen vorsieht.","Emily Gardner (Zoe Kazan) findet die Bilder und fragt Kumail (Kumail Nanjiani) nach ihrer Bedeutung. Seine Familie stellt ihm mögliche Ehepartnerinnen vor, während er Emily über den familiären Widerstand im Unklaren lässt. Der Streit betrifft deshalb nicht allein verschiedene kulturelle Vorstellungen. Emily erkennt, dass sie ihre gemeinsame Zukunft auf einer anderen Informationsgrundlage beurteilt hat als er und verlangt eine ehrliche Entscheidung.","Eine laufende frühere Beziehung ist nicht die entdeckte Wahrheit.","Die Fotos führen zur Enthüllung der arrangierten Kennenlernversuche.","Eine gebuchte Hochzeit erklärt den Streit nicht.","Ein geheimer Umzugsplan ist nicht der Auslöser.","Die Fotos machen den verschwiegenen Familienkonflikt sichtbar.","mittel","https://en.wikipedia.org/wiki/The_Big_Sick","redaktionell_quellengeprueft"
"G100-20261008-ROMCOM-011-M2","K-G100-20261008-ROMCOM-011-M2","","de","Film","Rom-Com","The Big Sick","The Big Sick","2017","","mittel","Filmwissen","Rom-Com","Rom-Com","Die Unterschrift macht aus dem Besuch eine Verantwortung.","Wozu gibt Kumail (Kumail Nanjiani) im Krankenhaus von „The Big Sick“ schriftlich seine Zustimmung?","Die Patientin sofort in ein anderes Krankenhaus zu verlegen","Die Patientin für eine experimentelle Studie anzumelden","Die Patientin in ein medizinisch eingeleitetes Koma zu versetzen","Die Patientin entgegen ärztlichem Rat zu entlassen","C","Er unterschreibt die Zustimmung zum medizinisch eingeleiteten Koma.","Kumail (Kumail Nanjiani) wird zu Emily Gardner (Zoe Kazan) ins Krankenhaus gerufen, obwohl die Beziehung bereits zerbrochen ist. Das Personal benötigt eine Entscheidung über das medizinisch eingeleitete Koma. Er unterschreibt und benachrichtigt anschließend ihre Eltern. Die konkrete Handlung bindet ihn an die Krise: Er kann sich nicht auf die Rolle eines unbeteiligten ehemaligen Partners zurückziehen, sondern muss Verantwortung in einer akuten Situation übernehmen.","Eine Verlegung ist nicht die Entscheidung dieser Szene.","Die Szene handelt nicht von einer Studienanmeldung.","Seine Unterschrift erlaubt die Einleitung des Komas.","Er unterschreibt keine Entlassung gegen ärztlichen Rat.","Die Unterschrift macht aus dem Besuch eine Verantwortung.","mittel","https://en.wikipedia.org/wiki/The_Big_Sick","redaktionell_quellengeprueft"
"G100-20261008-ROMCOM-011-S1","K-G100-20261008-ROMCOM-011-S1","","de","Film","Rom-Com","The Big Sick","The Big Sick","2017","","schwer","Filmwissen","Rom-Com","Rom-Com","Die medizinische Auflösung beendet nicht automatisch den Liebeskonflikt.","Welche Diagnose wird für Emily (Zoe Kazan) in „The Big Sick“ schließlich genannt?","Systemischer Lupus erythematodes","Sarkoidose","Rheumatoide Arthritis","Still-Syndrom bei Erwachsenen","D","Die Filmdiagnose lautet Still-Syndrom bei Erwachsenen.","Emily Gardner (Zoe Kazan) reagiert schließlich auf eine entzündungshemmende Behandlung und erwacht aus dem Koma. Die Geschichte benennt ihre Erkrankung als seltene Form der Still-Krankheit im Erwachsenenalter. Damit erhält die zuvor rätselhafte Krise eine Erklärung. Die gesundheitliche Besserung löst jedoch nicht gleichzeitig den Beziehungsstreit: Kumail (Kumail Nanjiani) muss akzeptieren, dass Emily seine erneute Nähe nach dem Erwachen nicht sofort erwidert.","Lupus ist nicht Emilys abschließende Filmdiagnose.","Sarkoidose wird nicht als Auflösung genannt.","Rheumatoide Arthritis ist nicht die gesuchte Diagnose.","Der Film nennt eine Form der Still-Krankheit im Erwachsenenalter.","Die medizinische Auflösung beendet nicht automatisch den Liebeskonflikt.","hoch","https://en.wikipedia.org/wiki/The_Big_Sick","redaktionell_quellengeprueft"
"G100-20261008-ROMCOM-011-S2","K-G100-20261008-ROMCOM-011-S2","","de","Film","Rom-Com","The Big Sick","The Big Sick","2017","","schwer","Filmwissen","Rom-Com","Rom-Com","Der neue Zuruf spiegelt das erste Kennenlernen.","Wie begegnet Emily (Zoe Kazan) Kumail (Kumail Nanjiani) in der Schlussszene von „The Big Sick“ wieder?","Sie ruft aus dem Publikum seines Comedyauftritts","Sie wartet am Ausgang seines Flughafens","Sie besucht ihn unangekündigt im Elternhaus","Sie meldet sich während seiner Radiosendung","A","Emily meldet sich aus dem Publikum eines New Yorker Auftritts.","Kumail (Kumail Nanjiani) beginnt in New York einen neuen Abschnitt seiner Bühnenlaufbahn. Als ein Zuruf aus dem Publikum seinen Auftritt unterbricht, erkennt er Emily Gardner (Zoe Kazan). Die Begegnung greift die Situation ihres ersten Kennenlernens auf. Nun steht jedoch die gemeinsame Krise zwischen den beiden. Der Schluss eröffnet ihre Annäherung durch eine wiederkehrende Handlung, statt eine sofortige Versöhnung im Krankenzimmer zu behaupten.","Sie sitzt bei seinem Auftritt und macht sich durch einen Zuruf bemerkbar.","Die Schlussbegegnung erfolgt nicht am Flughafen.","Sie erscheint nicht für diese Szene im Elternhaus.","Eine Radiosendung bildet nicht den Schauplatz.","Der neue Zuruf spiegelt das erste Kennenlernen.","hoch","https://en.wikipedia.org/wiki/The_Big_Sick","redaktionell_quellengeprueft"
"G100-20261008-ROMCOM-011-Y","K-G100-20261008-ROMCOM-011-Y","","de","Film","Rom-Com","The Big Sick","The Big Sick","2017","","mittel","Filmjahr","Rom-Com","Rom-Com","2012 Ruby Sparks, 2017 The Big Sick: fünf Jahre.","Wann wurde „The Big Sick“ erstmals veröffentlicht?","2013","2017","2015","2019","B","Der Film wurde erstmals 2017 gezeigt.","„The Big Sick“ wurde 2017 beim Sundance Film Festival erstmals gezeigt. Fünf Jahre zuvor erschien 2012 „Ruby Sparks“, dessen Drehbuch Zoe Kazan schrieb. In „The Big Sick“ spielt Zoe Kazan Emily Gardner; die Autoren sind hier Emily V. Gordon und Kumail Nanjiani. Der Abstand verbindet zwei romantische Filme und unterscheidet Kazans eigene schriftstellerische Arbeit von ihrer Rolle in einer autobiografisch angeregten Geschichte.","2013 liegt vier Jahre davor.","Die Sundance-Premiere lag 2017.","2015 liegt zwei Jahre davor.","2019 liegt zwei Jahre danach.","2012 Ruby Sparks, 2017 The Big Sick: fünf Jahre.","mittel","https://www.sundance.org/blogs/premieres-midnight-kids-and-more-latest-additions-to-2017-sundance-film-festival-lineup-3/|https://www.bfi.org.uk/film/daafdfdf-7362-55bf-bda2-4d52d24573ef/ruby-sparks","redaktionell_quellengeprueft"
"G100-20261008-ROMCOM-011-D","K-G100-20261008-ROMCOM-011-D","","de","Film","Rom-Com","The Big Sick","The Big Sick","2017","","mittel","Regie","Rom-Com","Rom-Com","Showalter inszeniert die Geschichte des schreibenden Paars.","Wer führte bei „The Big Sick“ Hauptregie?","Judd Apatow","Nicholas Stoller","Michael Showalter","Greg Mottola","C","Michael Showalter führte Regie.","Michael Showalter inszenierte das Drehbuch von Emily V. Gordon und Kumail Nanjiani. Nanjiani übernimmt außerdem die Hauptrolle des Kumail, während Zoe Kazan Emily Gardner spielt. Diese Aufgaben sind von der Regie zu unterscheiden. Der Film verbindet Comedyclub, Familienbegegnungen und Krankenhausphase zu einer Liebesgeschichte, deren längerer Mittelteil von der gemeinsamen Sorge um eine abwesende, erkrankte Person bestimmt wird.","Judd Apatow produzierte den Film, führte aber nicht Regie.","Nicholas Stoller trägt hier keinen Hauptregiecredit.","Michael Showalter ist der Regisseur.","Greg Mottola inszenierte diesen Film nicht.","Showalter inszeniert die Geschichte des schreibenden Paars.","mittel","https://www.sundance.org/blogs/premieres-midnight-kids-and-more-latest-additions-to-2017-sundance-film-festival-lineup-3/|https://en.wikipedia.org/wiki/The_Big_Sick","redaktionell_quellengeprueft"
"G100-20261008-ROMCOM-012-L1","K-G100-20261008-ROMCOM-012-L1","","de","Film","Rom-Com","Silver Linings","Silver Linings Playbook","2012","","leicht","Filmwissen","Rom-Com","Rom-Com","Pat blickt zuerst auf die zerbrochene Ehe zurück.","Was möchte Pat (Bradley Cooper) nach seiner Entlassung in „Silver Linings“ zunächst erreichen?","Seine getrennt lebende Frau zurückgewinnen","Seine erste Jugendliebe wiederfinden","Seinen Vater mit einer Freundin verkuppeln","Eine neue Partnerin online kennenlernen","A","Pat will wieder mit Nikki zusammenkommen.","Pat Solitano Jr. (Bradley Cooper) kehrt nach einem Klinikaufenthalt zu seinen Eltern zurück. Er konzentriert sich auf Nikki (Brea Bee), obwohl sie Abstand von ihm verlangt und eine gerichtliche Schutzanordnung besteht. Seine Überzeugung, die alte Beziehung wiederherstellen zu können, bestimmt viele Entscheidungen. Der Film zeigt dabei die Spannung zwischen einem eigenen Wunsch und der Bereitschaft, Grenzen eines anderen Menschen tatsächlich anzuerkennen.","Pat will seine Beziehung mit Nikki wiederherstellen.","Eine Jugendliebe ist nicht sein anfängliches Ziel.","Er plant keine neue Beziehung für den Vater.","Sein anfängliches Vorhaben ist keine Partnersuche im Internet.","Pat blickt zuerst auf die zerbrochene Ehe zurück.","mittel","https://en.wikipedia.org/wiki/Silver_Linings_Playbook","redaktionell_quellengeprueft"
"G100-20261008-ROMCOM-012-L2","K-G100-20261008-ROMCOM-012-L2","","de","Film","Rom-Com","Silver Linings","Silver Linings Playbook","2012","","leicht","Filmwissen","Rom-Com","Rom-Com","Ein Brief wird gegen gemeinsame Tanzproben getauscht.","Welche Gegenleistung verlangt Tiffany (Jennifer Lawrence) in „Silver Linings“ von Pat (Bradley Cooper) für einen Brief?","Er soll sie zu einer Familienhochzeit begleiten","Er soll mit ihr an einem Tanzwettbewerb teilnehmen","Er soll ihr bei einem Wohnungsumzug helfen","Er soll sie mit einem Bekannten verabreden","B","Tiffany verlangt Pat als Tanzpartner.","Tiffany Maxwell (Jennifer Lawrence) bietet Pat Solitano Jr. (Bradley Cooper) an, einen Brief an Nikki (Brea Bee) weiterzugeben. Dafür soll er mit ihr trainieren und an einem Tanzwettbewerb teilnehmen. Pat deutet den Tausch zunächst als Hilfe für seine alte Ehe. Die gemeinsamen Proben schaffen jedoch eine neue Beziehung im Alltag. Was als Mittel zu einem anderen Zweck beginnt, verändert seine Aufmerksamkeit und seine Bindung.","Eine Hochzeitsbegleitung ist nicht der vereinbarte Tausch.","Sie benötigt Pat als Partner für den Tanzwettbewerb.","Ein Umzug ist nicht ihre Gegenforderung.","Sie verlangt keine Vermittlung eines neuen Dates.","Ein Brief wird gegen gemeinsame Tanzproben getauscht.","mittel","https://en.wikipedia.org/wiki/Silver_Linings_Playbook","redaktionell_quellengeprueft"
"G100-20261008-ROMCOM-012-M1","K-G100-20261008-ROMCOM-012-M1","","de","Film","Rom-Com","Silver Linings","Silver Linings Playbook","2012","","mittel","Filmwissen","Rom-Com","Rom-Com","Die Eagles bestimmen den familiären Footballalltag.","Für welches Footballteam begeistert sich Pats Vater (Robert De Niro) in „Silver Linings“?","Pittsburgh Steelers","New York Giants","Philadelphia Eagles","Washington Redskins","C","Pat Sr. ist Anhänger der Philadelphia Eagles.","Pat Solitano Sr. (Robert De Niro) verfolgt die Philadelphia Eagles mit großer Leidenschaft. Er verknüpft den Ausgang ihrer Spiele mit persönlichen Ritualen und der Anwesenheit seines Sohnes Pat Solitano Jr. (Bradley Cooper). Dadurch erhält Sport eine Wirkung auf die Familie, die weit über einen Fernsehabend hinausgeht. Die irrationalen Erwartungen des Vaters setzen den Sohn unter Druck und greifen in dessen neue Alltagspläne ein.","Die Steelers sind nicht sein bevorzugtes Team.","Er unterstützt nicht die Giants als sein zentrales Team.","Seine Rituale und Wetten drehen sich um die Eagles.","Das damalige Washington-Team ist nicht seine Lieblingsmannschaft.","Die Eagles bestimmen den familiären Footballalltag.","mittel","https://en.wikipedia.org/wiki/Silver_Linings_Playbook","redaktionell_quellengeprueft"
"G100-20261008-ROMCOM-012-M2","K-G100-20261008-ROMCOM-012-M2","","de","Film","Rom-Com","Silver Linings","Silver Linings Playbook","2012","","mittel","Filmwissen","Rom-Com","Rom-Com","Die Wette verlangt Mittelmaß statt Turniersieg.","Welche Mindestwertung brauchen Pat und Tiffany (Bradley Cooper, Jennifer Lawrence) in „Silver Linings“ für die kombinierte Wette?","6 von 10 Punkten","7 von 10 Punkten","8 von 10 Punkten","5 von 10 Punkten","D","Die Tänzer müssen mindestens fünf von zehn Punkten erreichen.","Pat Solitano Sr. (Robert De Niro) verbindet eine Footballwette mit dem Ergebnis des Tanzwettbewerbs. Pat Solitano Jr. (Bradley Cooper) und Tiffany Maxwell (Jennifer Lawrence) müssen dafür nicht gewinnen, sondern die vereinbarte Grenze von fünf Punkten erreichen. Das erklärt die ungewöhnliche Reaktion ihrer Angehörigen auf die mäßige Wertung. Für die Familie zählt eine andere Erfolgsbedingung als für das übrige Publikum im Saal.","Sechs Punkte liegen über der geforderten Grenze.","Sieben Punkte sind keine notwendige Mindestwertung.","Acht Punkte wären mehr als nötig.","Fünf Punkte reichen für den Tanzteil der Wette.","Die Wette verlangt Mittelmaß statt Turniersieg.","hoch","https://en.wikipedia.org/wiki/Silver_Linings_Playbook","redaktionell_quellengeprueft"
"G100-20261008-ROMCOM-012-S1","K-G100-20261008-ROMCOM-012-S1","","de","Film","Rom-Com","Silver Linings","Silver Linings Playbook","2012","","schwer","Filmwissen","Rom-Com","Rom-Com","Die vertraute Sprache verrät die tatsächliche Autorin.","Woran erkennt Pat (Bradley Cooper) in „Silver Linings“ die tatsächliche Verfasserin des angeblichen Antwortbriefs?","An einer aus Gesprächen vertrauten Formulierung","An einer erfundenen gemeinsamen Urlaubserinnerung","An einem falsch geschriebenen Spitznamen","An einem widersprüchlichen Datum","A","Eine typische Formulierung weist auf Tiffany hin.","Pat Solitano Jr. (Bradley Cooper) bemerkt im angeblichen Brief von Nikki (Brea Bee) eine Wendung, die er von Tiffany Maxwell (Jennifer Lawrence) kennt. Die Worte über das Lesen der Zeichen verbinden den Text mit ihrer eigenen Sprechweise. Er versteht damit, dass sie die Antwort verfasst hat. Diese Erkenntnis bleibt zunächst unausgesprochen und erhält Bedeutung, als er ihr später seine Gefühle offenbart.","Die vertraute Wendung verrät Tiffanys Urheberschaft.","Eine erfundene Urlaubserinnerung ist nicht das entscheidende Indiz.","Ein falsch geschriebener Spitzname löst die Erkenntnis nicht aus.","Eine Datumsabweichung ist nicht der Hinweis auf Tiffany.","Die vertraute Sprache verrät die tatsächliche Autorin.","hoch","https://en.wikipedia.org/wiki/Silver_Linings_Playbook","redaktionell_quellengeprueft"
"G100-20261008-ROMCOM-012-S2","K-G100-20261008-ROMCOM-012-S2","","de","Film","Rom-Com","Silver Linings","Silver Linings Playbook","2012","","schwer","Filmwissen","Rom-Com","Rom-Com","Ein Liebeslied wird zum belastenden Erinnerungsreiz.","Welches Lied löst bei Pat (Bradley Cooper) in „Silver Linings“ Erinnerungen und starke Unruhe aus?","You Are the Sunshine of My Life","My Cherie Amour","Isn’t She Lovely","I Just Called to Say I Love You","B","Das musikalische Reizmotiv ist My Cherie Amour.","Pat Solitano Jr. (Bradley Cooper) reagiert heftig auf Stevie Wonders „My Cherie Amour“. Das Lied ist für ihn mit belastenden Erinnerungen an Nikki (Brea Bee) verbunden; er kann es auch hören, ohne dass es gerade tatsächlich gespielt wird. Die Musik dient deshalb nicht nur als stimmungsvolle Begleitung. Ein vertrauter romantischer Song wird innerhalb seiner subjektiven Wahrnehmung zu einem Zeichen überwältigender Vergangenheit.","Dieses andere Stevie-Wonder-Lied ist nicht der genannte Auslöser.","My Cherie Amour ist mit seiner belastenden Vergangenheit verknüpft.","Isn’t She Lovely übernimmt dieses Motiv nicht.","Der spätere Stevie-Wonder-Hit ist nicht das gesuchte Lied.","Ein Liebeslied wird zum belastenden Erinnerungsreiz.","mittel","https://en.wikipedia.org/wiki/Silver_Linings_Playbook","redaktionell_quellengeprueft"
"G100-20261008-ROMCOM-012-Y","K-G100-20261008-ROMCOM-012-Y","","de","Film","Rom-Com","Silver Linings","Silver Linings Playbook","2012","","mittel","Filmjahr","Rom-Com","Rom-Com","2010 The Fighter, 2012 Silver Linings: zwei Jahre.","Wann wurde „Silver Linings“ erstmals veröffentlicht?","2008","2010","2012","2014","C","Silver Linings erschien erstmals 2012.","David O. Russells „The Fighter“ erschien 2010, „Silver Linings“ 2012: Zwischen den Filmen liegen zwei Jahre. Beide verknüpfen die Entwicklung ihrer Hauptfigur mit familiären Erwartungen und einer körperlichen Aktivität. Boxkampf und Tanzturnier erfüllen allerdings unterschiedliche Aufgaben. Die Daten geben einen konkreten Abstand innerhalb des Regiewerks und verhindern, dass ein ähnlicher Familienkonflikt die beiden Veröffentlichungen in der Erinnerung zusammenfallen lässt.","2008 liegt vier Jahre davor.","2010 ist das Jahr von The Fighter.","Das erste Veröffentlichungsjahr ist 2012.","2014 liegt zwei Jahre danach.","2010 The Fighter, 2012 Silver Linings: zwei Jahre.","mittel","https://www.bfi.org.uk/sight-and-sound/reviews/film-week-silver-linings-playbook","redaktionell_quellengeprueft"
"G100-20261008-ROMCOM-012-D","K-SCHAUSPIELER-202610-P01-081-S-2","SCHAUSPIELER-202610-P01-081-S-2","de","Film","Rom-Com","Silver Linings","Silver Linings Playbook","2012","","mittel","Regie","Rom-Com","Rom-Com","Russell inszeniert die Begegnung zwischen Pat und Tiffany.","Wer führte bei „Silver Linings“ Hauptregie?","Alexander Payne","Jason Reitman","James L. Brooks","David O. Russell","D","David O. Russell führte Regie.","David O. Russell inszeniert Pat Solitano Jr. (Bradley Cooper) und Tiffany Maxwell (Jennifer Lawrence) in einer Geschichte über Beziehungswünsche, Konflikte und gemeinsame Tanzproben. Er schrieb auch das Drehbuch nach Matthew Quicks Roman. Die Begegnungen wechseln zwischen streitenden Familienmitgliedern, privaten Gesprächen und einer öffentlichen Vorführung. Der Tanzwettbewerb führt diese Räume zusammen, weil Zuschauer und Beteiligte dasselbe Ergebnis aus unterschiedlichen Gründen bewerten.","Alexander Payne ist nicht der Regisseur dieses Films.","Jason Reitman trägt hier keinen Hauptregiecredit.","James L. Brooks inszenierte diese Verfilmung nicht.","David O. Russell führte Regie.","Russell inszeniert die Begegnung zwischen Pat und Tiffany.","mittel","https://www.bfi.org.uk/sight-and-sound/reviews/film-week-silver-linings-playbook","redaktionell_quellengeprueft"
"G100-20261008-ROMCOM-013-L1","K-G100-20261008-ROMCOM-013-L1","","de","Film","Rom-Com","Punch-Drunk Love","Punch-Drunk Love","2002","","leicht","Filmwissen","Rom-Com","Rom-Com","Ein ungewöhnlicher Alltagsartikel bildet Barrys Geschäft.","Welche Waren verkauft Barry Egan (Adam Sandler) in „Punch-Drunk Love“?","Besondere Küchenmesser","Ungewöhnliche Toilettensauger","Bedruckte Bürotassen","Elektrische Massagegeräte","B","Barry handelt mit ungewöhnlichen Toilettensaugern.","Barry Egan (Adam Sandler) betreibt ein kleines Geschäft für ungewöhnliche Toilettensauger. Sein Arbeitsraum ist keine glänzende Bühne erfolgreicher Selbstverwirklichung, sondern Teil eines einsamen und angespannten Alltags. Die unauffällige Ware steht neben auffälligen Gefühlsausbrüchen. Lena Leonard (Emily Watson) begegnet einem Menschen, der im Beruf funktionierende Abläufe kennt, in persönlichen Beziehungen aber Schwierigkeiten hat, seine Bedürfnisse auszusprechen und Nähe auszuhalten.","Küchenmesser sind nicht seine Ware.","Barry vertreibt neuartige Toilettensauger.","Bürotassen bilden nicht das Angebot seines Geschäfts.","Massagegeräte sind nicht sein Handelsprodukt.","Ein ungewöhnlicher Alltagsartikel bildet Barrys Geschäft.","mittel","https://en.wikipedia.org/wiki/Punch-Drunk_Love","redaktionell_quellengeprueft"
"G100-20261008-ROMCOM-013-L2","K-G100-20261008-ROMCOM-013-L2","","de","Film","Rom-Com","Punch-Drunk Love","Punch-Drunk Love","2002","","leicht","Filmwissen","Rom-Com","Rom-Com","Barry folgt Lena bewusst auf die Inseln.","Wohin reist Barry (Adam Sandler) in „Punch-Drunk Love“, um Lena (Emily Watson) zu treffen?","Nach Puerto Rico","Nach Florida","Nach Hawaii","Auf die Bahamas","C","Barry sucht Lena auf Hawaii auf.","Lena Leonard (Emily Watson) reist beruflich nach Hawaii. Barry Egan (Adam Sandler) folgt ihr und wagt damit einen Schritt aus seiner vertrauten Umgebung heraus. Die Begegnung entsteht nicht durch einen zufälligen Urlaub am selben Ort. Er sucht sie bewusst auf. Der Ortswechsel lässt Nähe außerhalb von Betrieb und Familienbesuchen entstehen und gibt seiner zunächst zögernden Beziehung eine konkrete gemeinsame Erfahrung.","Puerto Rico ist nicht das Reiseziel.","Florida bildet nicht den Schauplatz dieser Begegnung.","Er folgt Lena nach Hawaii.","Die Bahamas sind nicht das Ziel seiner Reise.","Barry folgt Lena bewusst auf die Inseln.","mittel","https://en.wikipedia.org/wiki/Punch-Drunk_Love","redaktionell_quellengeprueft"
"G100-20261008-ROMCOM-013-M1","K-G100-20261008-ROMCOM-013-M1","","de","Film","Rom-Com","Punch-Drunk Love","Punch-Drunk Love","2002","","mittel","Filmwissen","Rom-Com","Rom-Com","Pudding wird zum möglichen Ticket für spätere Reisen.","Was möchte Barry (Adam Sandler) in „Punch-Drunk Love“ mit großen Einkäufen von Pudding gewinnen?","Rabattgutscheine für Hotels","Freikarten für Vergnügungsparks","Guthaben für Bahnreisen","Bonusmeilen für Flugreisen","D","Die Puddingkäufe sollen Barry viele Flugmeilen verschaffen.","Barry Egan (Adam Sandler) entdeckt ein günstiges Verhältnis zwischen dem Preis von Pudding und den dafür angebotenen Flugmeilen. Er kauft deshalb große Mengen. Die Rechnung eröffnet ihm eine ungewöhnliche Vorstellung von Bewegungsfreiheit. Das Guthaben steht allerdings nicht sofort zur Verfügung. Später verspricht er Lena Leonard (Emily Watson), sie nach der Verarbeitung seiner Meilen künftig auf ihre beruflichen Reisen zu begleiten.","Hotelrabatte sind nicht sein Ziel.","Vergnügungsparkkarten gehören nicht zu diesem Angebot.","Es geht um Flüge, nicht um Bahnfahrten.","Er nutzt ein Angebot für Flugmeilen aus.","Pudding wird zum möglichen Ticket für spätere Reisen.","mittel","https://en.wikipedia.org/wiki/Punch-Drunk_Love","redaktionell_quellengeprueft"
"G100-20261008-ROMCOM-013-M2","K-G100-20261008-ROMCOM-013-M2","","de","Film","Rom-Com","Punch-Drunk Love","Punch-Drunk Love","2002","","mittel","Filmwissen","Rom-Com","Rom-Com","Der private Anruf wird zur fremden Zugriffsmöglichkeit.","Welche Handlung führt in „Punch-Drunk Love“ zur Erpressung von Barry (Adam Sandler)?","Ein Anruf bei einer Telefonsex-Hotline","Ein Gespräch über eine Kontaktanzeige","Eine Anmeldung bei einer Partnervermittlung","Eine private Nachricht auf einer Datingseite","A","Der Telefonsex-Anruf setzt die Erpressung in Gang.","Barry Egan (Adam Sandler) sucht in seiner Einsamkeit telefonischen Kontakt. Nach dem Anruf verlangt die Betreiberin Geld und setzt die erhaltenen persönlichen Informationen gegen ihn ein. Das vermeintlich begrenzte Gespräch greift dadurch in seinen Alltag über. Während sich die Beziehung zu Lena Leonard (Emily Watson) entwickelt, muss er zugleich mit einer Bedrohung umgehen, die aus einem früheren Versuch entstanden ist, Nähe ohne direkten persönlichen Kontakt zu finden.","Die Telefonsex-Hotline nutzt seine persönlichen Angaben aus.","Eine gedruckte Kontaktanzeige löst die Erpressung nicht aus.","Er gerät nicht durch eine normale Partnervermittlung in diese Lage.","Eine Datingseite ist nicht der Ausgangspunkt.","Der private Anruf wird zur fremden Zugriffsmöglichkeit.","mittel","https://en.wikipedia.org/wiki/Punch-Drunk_Love","redaktionell_quellengeprueft"
"G100-20261008-ROMCOM-013-S1","K-G100-20261008-ROMCOM-013-S1","","de","Film","Rom-Com","Punch-Drunk Love","Punch-Drunk Love","2002","","schwer","Filmwissen","Rom-Com","Rom-Com","Der Gegner wird im Matratzenladen aufgesucht.","Welches Geschäft betreibt Dean Trumbell (Philip Seymour Hoffman) in „Punch-Drunk Love“ neben der Erpressungsmasche?","Einen Teppichladen","Einen Matratzenladen","Einen Elektrohandel","Ein Küchenstudio","B","Dean betreibt einen Matratzenladen.","Dean Trumbell (Philip Seymour Hoffman) steht hinter der Erpressung und betreibt einen Matratzenladen in Utah. Barry Egan (Adam Sandler) sucht ihn dort auf, nachdem die Drohungen eskaliert sind. Die Konfrontation findet deshalb in einem gewöhnlichen Verkaufsraum statt. Das alltägliche Geschäftsumfeld macht die Bedrohung nicht harmlos. Es verbindet Barrys eigenes unscheinbares Berufsleben mit dem ebenso prosaischen Arbeitsplatz eines Mannes, der Macht über ihn ausüben will.","Ein Teppichgeschäft ist nicht der Schauplatz der Konfrontation.","Dean arbeitet im Matratzenhandel.","Er betreibt hier keinen Elektrohandel.","Ein Küchenstudio ist nicht sein Geschäft.","Der Gegner wird im Matratzenladen aufgesucht.","mittel","https://en.wikipedia.org/wiki/Punch-Drunk_Love","redaktionell_quellengeprueft"
"G100-20261008-ROMCOM-013-S2","K-G100-20261008-ROMCOM-013-S2","","de","Film","Rom-Com","Punch-Drunk Love","Punch-Drunk Love","2002","","schwer","Filmwissen","Rom-Com","Rom-Com","Die Konfrontation kostet zunächst Aufmerksamkeit für Lena.","Was wirft Lena (Emily Watson) Barry (Adam Sandler) nach ihrer Verletzung in „Punch-Drunk Love“ besonders vor?","Dass er ihre Schwester nicht benachrichtigt hat","Dass er die Reise ohne Rücksprache abgesagt hat","Dass er sie im Krankenhaus allein gelassen hat","Dass er die gemeinsame Rechnung nicht bezahlt hat","C","Lena ist verletzt, weil Barry sie im Krankenhaus zurückgelassen hat.","Nach dem Zusammenstoß wird Lena Leonard (Emily Watson) medizinisch versorgt. Barry Egan (Adam Sandler) verlässt das Krankenhaus, um Dean Trumbell (Philip Seymour Hoffman) entgegenzutreten. Für Lena ist dieses Weggehen selbst eine Verletzung der neuen Nähe. Die Erklärung seiner Erpressung reicht deshalb nicht als Entschuldigung. Erst ihr Gespräch macht deutlich, dass die Bewältigung äußerer Gefahr nicht erlaubt, die unmittelbar betroffene Partnerin allein zu lassen.","Eine unterlassene Nachricht an die Schwester ist nicht der zentrale Vorwurf.","Eine Reiseabsage bildet nicht diesen Konflikt.","Barry hat sie verlassen, um den Erpresser aufzusuchen.","Die Rechnung ist nicht Lenas Einwand.","Die Konfrontation kostet zunächst Aufmerksamkeit für Lena.","hoch","https://en.wikipedia.org/wiki/Punch-Drunk_Love","redaktionell_quellengeprueft"
"G100-20261008-ROMCOM-013-Y","K-G100-20261008-ROMCOM-013-Y","","de","Film","Rom-Com","Punch-Drunk Love","Punch-Drunk Love","2002","","mittel","Filmjahr","Rom-Com","Rom-Com","1999 Magnolia, 2002 Punch-Drunk Love: drei Jahre.","Wann wurde „Punch-Drunk Love“ erstmals veröffentlicht?","1998","2000","2004","2002","D","Punch-Drunk Love erschien erstmals 2002.","Paul Thomas Andersons „Magnolia“ erschien 1999, „Punch-Drunk Love“ 2002: Der Abstand beträgt drei Jahre. Auf die große Zahl miteinander verflochtener Lebensgeschichten des früheren Films folgt eine engere Konzentration auf Barry Egan (Adam Sandler) und seine Begegnung mit Lena Leonard (Emily Watson). Die Verbindung verankert das Filmjahr in Andersons Werk, ohne den Cannes-Auftritt von 2002 mit einem späteren nationalen Kinostart zu verwechseln.","1998 liegt vier Jahre davor.","2000 liegt zwei Jahre davor.","2004 liegt zwei Jahre danach.","Die erste Festivalveröffentlichung lag 2002.","1999 Magnolia, 2002 Punch-Drunk Love: drei Jahre.","mittel","https://www.festival-cannes.com/en/f/punch-drunk-love/|https://www.bfi.org.uk/film/a5cbe0af-dae7-5b36-90f6-2212137dcc65/magnolia|https://en.wikipedia.org/wiki/Punch-Drunk_Love","redaktionell_quellengeprueft"
"G100-20261008-ROMCOM-013-D","K-G100-20261008-ROMCOM-013-D","","de","Film","Rom-Com","Punch-Drunk Love","Punch-Drunk Love","2002","","mittel","Regie","Rom-Com","Rom-Com","Paul Thomas Anderson begleitet Barrys schwierige Annäherung.","Wer führte bei „Punch-Drunk Love“ Hauptregie?","Paul Thomas Anderson","Wes Anderson","David O. Russell","Alexander Payne","A","Paul Thomas Anderson führte Regie.","Paul Thomas Anderson schrieb und inszenierte die Geschichte von Barry Egan (Adam Sandler). Die offizielle Cannes-Filmseite nennt ihn eindeutig als Regisseur und Drehbuchautor. Lena Leonard (Emily Watson) tritt in Barrys von Schwestern, Geschäft und plötzlichen Ausbrüchen bestimmten Alltag. Die Liebesgeschichte verändert dessen Verhältnis zur Außenwelt, ohne ihn von Beginn an als gelassenen Helden zu präsentieren oder seine Schwierigkeiten mit einem einfachen Witz aufzulösen.","Paul Thomas Anderson schrieb und inszenierte den Film.","Wes Anderson ist ein anderer Filmemacher und hat hier keinen Regiecredit.","David O. Russell führte nicht bei dieser Produktion Regie.","Alexander Payne ist nicht der Hauptregisseur.","Paul Thomas Anderson begleitet Barrys schwierige Annäherung.","mittel","https://www.festival-cannes.com/en/f/punch-drunk-love/|https://en.wikipedia.org/wiki/Punch-Drunk_Love","redaktionell_quellengeprueft"
"G100-20261008-ROMCOM-014-L1","K-G100-20261008-ROMCOM-014-L1","","de","Film","Rom-Com","Kick it like Beckham","Bend It Like Beckham","2002","","leicht","Filmwissen","Rom-Com","Rom-Com","Zu Hause heißt das Training Ferienjob.","Mit welcher Ausrede erklärt Jess (Parminder Nagra) in „Kick it like Beckham“ ihre regelmäßige Abwesenheit zu Hause?","Mit Nachhilfestunden","Mit einem Tanzkurs","Mit einem Ferienjob","Mit einem Schulprojekt","C","Jess tarnt das Training als Ferienjob.","Jess Bhamra (Parminder Nagra) trainiert heimlich mit einer Frauenmannschaft. Ihren Eltern erklärt sie die Abwesenheit durch einen Ferienjob. Die Lüge verschafft ihr zunächst Freiraum, hält aber die Auseinandersetzung über ihre Wünsche auf. Joe (Jonathan Rhys Meyers) erlebt ihr sportliches Talent, während die Familie den neuen Alltag anders versteht. Der Konflikt beruht deshalb auch darauf, dass dieselben Stunden für verschiedene Menschen unterschiedliche Bedeutungen haben.","Nachhilfe ist nicht ihre hauptsächliche Ausrede für das Training.","Ein Tanzkurs erklärt diese regelmäßigen Wege nicht.","Jess behauptet, einen Ferienjob zu haben.","Ein Schulprojekt wird nicht als Tarnung verwendet.","Zu Hause heißt das Training Ferienjob.","mittel","https://en.wikipedia.org/wiki/Bend_It_Like_Beckham","redaktionell_quellengeprueft"
"G100-20261008-ROMCOM-014-L2","K-G100-20261008-ROMCOM-014-L2","","de","Film","Rom-Com","Kick it like Beckham","Bend It Like Beckham","2002","","leicht","Filmwissen","Rom-Com","Rom-Com","Familienhochzeit und wichtiges Spiel besetzen denselben Tag.","Welches Familienereignis kollidiert in „Kick it like Beckham“ mit Jess’ (Parminder Nagra) entscheidendem Spiel?","Die Verlobung ihrer Cousine","Die Silberhochzeit ihrer Eltern","Die Abschlussfeier ihres Bruders","Die Hochzeit ihrer Schwester","D","Pinkys Hochzeit und das Spiel finden am selben Tag statt.","Pinky Bhamra (Archie Panjabi), die Schwester von Jess Bhamra (Parminder Nagra), heiratet am Tag des entscheidenden Spiels. Jess kann nicht einfach an beiden Veranstaltungen vollständig teilnehmen. Der Termin verdichtet den Familienkonflikt zu einer praktischen Entscheidung. Ihr Vater, Mr. Bhamra (Anupam Kher), muss nun nicht nur allgemein über den Sport urteilen, sondern auf die konkrete Enttäuschung seiner Tochter während der Hochzeitsfeier reagieren.","Eine Verlobungsfeier ist nicht der Termin dieses Konflikts.","Die Eltern feiern an diesem Tag keine Silberhochzeit als zentrales Ereignis.","Eine Abschlussfeier des Bruders ist nicht der Anlass.","Pinkys Hochzeit kollidiert mit dem wichtigen Spiel.","Familienhochzeit und wichtiges Spiel besetzen denselben Tag.","mittel","https://en.wikipedia.org/wiki/Bend_It_Like_Beckham","redaktionell_quellengeprueft"
"G100-20261008-ROMCOM-014-M1","K-G100-20261008-ROMCOM-014-M1","","de","Film","Rom-Com","Kick it like Beckham","Bend It Like Beckham","2002","","mittel","Filmwissen","Rom-Com","Rom-Com","Die väterliche Warnung hat eine eigene Diskriminierungsgeschichte.","Welche frühere Erfahrung prägt Mr. Bhamras (Anupam Kher) Vorbehalte gegen den Sport seiner Tochter in „Kick it like Beckham“?","Rassistische Ausgrenzung beim Cricket in England","Eine schwere Verletzung beim Cricket in Indien","Ein Betrugsverdacht gegen seinen früheren Verein","Ein verlorenes Stipendium durch sportliche Überlastung","A","Der Vater erinnert sich an rassistische Ausgrenzung im Cricket.","Mr. Bhamra (Anupam Kher) erzählt, dass er in England beim Cricket wegen seiner Herkunft zurückgewiesen wurde. Seine Ablehnung gegenüber dem Wunsch von Jess Bhamra (Parminder Nagra) entsteht damit auch aus verletzter Erfahrung und der Sorge vor erneuter Ausgrenzung. Das macht den Konflikt verständlicher, ohne den Wunsch der Tochter zu entwerten. Ihr Vater schützt sie zunächst vor einer Zukunft, die er durch seine Vergangenheit beurteilt.","Er wurde in England beim Cricket wegen seiner Herkunft ausgegrenzt.","Eine Verletzung ist nicht der erzählte Ursprung seiner Ablehnung.","Ein Vereinsbetrug erklärt seine Warnung nicht.","Ein verlorenes Stipendium ist nicht sein persönliches Erlebnis.","Die väterliche Warnung hat eine eigene Diskriminierungsgeschichte.","mittel","https://en.wikipedia.org/wiki/Bend_It_Like_Beckham","redaktionell_quellengeprueft"
"G100-20261008-ROMCOM-014-M2","K-G100-20261008-ROMCOM-014-M2","","de","Film","Rom-Com","Kick it like Beckham","Bend It Like Beckham","2002","","mittel","Filmwissen","Rom-Com","Rom-Com","Gemeinsame sportliche Ziele verhindern keine romantische Eifersucht.","Was verletzt Jules (Keira Knightley) bei der Hamburg-Reise in „Kick it like Beckham“ besonders?","Die Absage ihrer Freundin an das gemeinsame Training","Die Annäherung ihrer Freundin an den Trainer","Der angekündigte Vereinswechsel des Trainers","Die Bewerbung ihrer Freundin um ihren Mannschaftsplatz","B","Jules reagiert eifersüchtig auf Jess und Joe.","Jules Paxton (Keira Knightley) fühlt sich zu Joe (Jonathan Rhys Meyers) hingezogen. Als Jess Bhamra (Parminder Nagra) ihm während der Reise nach Hamburg näherkommt, entsteht ein Konflikt zwischen den Freundinnen. Die sportliche Zusammenarbeit schützt ihre Beziehung nicht vor Eifersucht. Der Film verknüpft damit zwei Ebenen: Sie teilen den Wunsch, als Spielerinnen ernst genommen zu werden, müssen aber zusätzlich ihre persönlichen Erwartungen aneinander klären.","Jess beendet dort nicht einfach das gemeinsame Training.","Jules fühlt sich durch die beinahe romantische Begegnung mit Joe verletzt.","Ein Vereinswechsel von Joe ist nicht der Auslöser dieser Eifersucht.","Jess konkurriert nicht heimlich um Jules’ Platz als Anlass des Streits.","Gemeinsame sportliche Ziele verhindern keine romantische Eifersucht.","mittel","https://en.wikipedia.org/wiki/Bend_It_Like_Beckham","redaktionell_quellengeprueft"
"G100-20261008-ROMCOM-014-S1","K-G100-20261008-ROMCOM-014-S1","","de","Film","Rom-Com","Kick it like Beckham","Bend It Like Beckham","2002","","schwer","Filmwissen","Rom-Com","Rom-Com","Ein öffentliches Foto beendet das private Versteckspiel.","Wodurch erfahren Jess’ (Parminder Nagra) Eltern in „Kick it like Beckham“ von ihrer heimlichen Hamburg-Reise?","Durch einen gefundenen Flugbeleg","Durch einen Anruf des Vereins","Durch ein Foto in der Zeitung","Durch einen Brief des Hotels","C","Ein Zeitungsfoto macht die heimliche Reise sichtbar.","Jess Bhamra (Parminder Nagra) hält ihre Reise mit der Mannschaft vor der Familie geheim. Ein veröffentlichtes Bild durchkreuzt diese Trennung der Lebensbereiche. Mr. Bhamra (Anupam Kher) und Mrs. Bhamra (Shaheen Khan) erfahren dadurch von dem Ausflug. Die Enthüllung folgt nicht aus einem freiwilligen Geständnis. Gerade weil das Bild ein öffentliches Ereignis dokumentiert, kann Jess ihren sportlichen Alltag nicht dauerhaft als private Ausnahme verbergen.","Ein Flugbeleg ist nicht der entscheidende Fund.","Der Verein informiert die Eltern nicht auf diesem Weg.","Das veröffentlichte Foto verrät die Reise.","Ein Hotelbrief deckt die Reise nicht auf.","Ein öffentliches Foto beendet das private Versteckspiel.","mittel","https://en.wikipedia.org/wiki/Bend_It_Like_Beckham","redaktionell_quellengeprueft"
"G100-20261008-ROMCOM-014-S2","K-G100-20261008-ROMCOM-014-S2","","de","Film","Rom-Com","Kick it like Beckham","Bend It Like Beckham","2002","","schwer","Filmwissen","Rom-Com","Rom-Com","Santa Clara verbindet Studium und sportliche Zukunft.","An welchem Ort erhalten Jess und Jules (Parminder Nagra, Keira Knightley) in „Kick it like Beckham“ eine Studienchance?","Boston in Massachusetts","Austin in Texas","Seattle in Washington","Santa Clara in Kalifornien","D","Die Stipendien führen nach Santa Clara in Kalifornien.","Jess Bhamra (Parminder Nagra) und Jules Paxton (Keira Knightley) erhalten die Möglichkeit, mit Stipendien an der Santa Clara University weiterzulernen und zu spielen. Der spätere Aufbruch führt ihre Freundschaft und ihre beruflichen Wünsche zusammen. Für Jess verlangt er außerdem die Zustimmung ihrer Familie. Die Aussicht ist deshalb mehr als der Gewinn eines einzelnen Spiels: Sie macht aus dem bisher heimlichen Interesse einen möglichen längerfristigen Lebensweg.","Boston ist nicht der genannte Hochschulort.","Austin ist nicht das Ziel ihres gemeinsamen Aufbruchs.","Seattle wird nicht als Ort der Stipendien genannt.","Beide erhalten eine Chance über Stipendien in Santa Clara.","Santa Clara verbindet Studium und sportliche Zukunft.","hoch","https://en.wikipedia.org/wiki/Bend_It_Like_Beckham","redaktionell_quellengeprueft"
"G100-20261008-ROMCOM-014-Y","K-G100-20261008-ROMCOM-014-Y","","de","Film","Rom-Com","Kick it like Beckham","Bend It Like Beckham","2002","","mittel","Filmjahr","Rom-Com","Rom-Com","1993 Bhaji on the Beach, 2002 Kick it like Beckham: neun Jahre.","Wann wurde „Kick it like Beckham“ erstmals veröffentlicht?","2002","1998","2000","2004","A","Die Erstveröffentlichung erfolgte 2002.","Gurinder Chadhas erster Langfilm „Bhaji on the Beach“ erschien 1993; „Kick it like Beckham“ folgte 2002, neun Jahre später. Beide stellen britisch-asiatische Lebenswelten und unterschiedliche Erwartungen innerhalb von Familien ins Zentrum. Der Abstand macht den späteren internationalen Erfolg zeitlich greifbar. Das US-Veröffentlichungsjahr 2003 gehört zur regionalen Auswertung von „Kick it like Beckham“ und ersetzt nicht den britischen Erststart im Jahr 2002.","Der erste britische Kinostart lag 2002.","1998 liegt vier Jahre davor.","2000 liegt zwei Jahre davor.","2004 liegt zwei Jahre danach.","1993 Bhaji on the Beach, 2002 Kick it like Beckham: neun Jahre.","mittel","https://www.bfi.org.uk/film/07acc94c-5b89-5dc9-b894-e36a3d77cc0e/bend-it-like-beckham|https://www.bfi.org.uk/film/41f51c72-2576-5915-92c4-498404aa5bb2/bhaji-on-the-beach|https://en.wikipedia.org/wiki/Bend_It_Like_Beckham","redaktionell_quellengeprueft"
"G100-20261008-ROMCOM-014-D","K-G100-20261008-ROMCOM-014-D","","de","Film","Rom-Com","Kick it like Beckham","Bend It Like Beckham","2002","","mittel","Regie","Rom-Com","Rom-Com","Chadha verbindet Sport, Familie und romantische Konflikte.","Wer führte bei „Kick it like Beckham“ Hauptregie?","Mira Nair","Gurinder Chadha","Deepa Mehta","Gina Prince-Bythewood","B","Gurinder Chadha führte Regie.","Gurinder Chadha ist als Regisseurin, Mitautorin und Produzentin der Geschichte beteiligt. Jess Bhamra (Parminder Nagra) und Jules Paxton (Keira Knightley) werden dabei über Freundschaft, Familienkonflikte und sportliche Chancen verbunden. Der BFI-Credit nennt Chadha eindeutig als Hauptregisseurin. Ihre weiteren Aufgaben erweitern diesen Credit, stellen aber kein zusätzliches Regieteam dar. Das Werk verbindet die romantischen Konflikte mit einem konkreten Wunsch nach selbstbestimmter Zukunft.","Mira Nair ist nicht die Regisseurin dieses Werks.","Gurinder Chadha inszenierte den Film.","Deepa Mehta trägt hier keinen Hauptregiecredit.","Gina Prince-Bythewood hat diesen Film nicht inszeniert.","Chadha verbindet Sport, Familie und romantische Konflikte.","mittel","https://www.bfi.org.uk/film/07acc94c-5b89-5dc9-b894-e36a3d77cc0e/bend-it-like-beckham|https://en.wikipedia.org/wiki/Bend_It_Like_Beckham","redaktionell_quellengeprueft"
"G100-20261008-ROMCOM-015-L1","K-G100-20261008-ROMCOM-015-L1","","de","Film","Rom-Com","30 über Nacht","13 Going on 30","2004","","leicht","Filmwissen","Rom-Com","Rom-Com","Poise ist Jennas Arbeitsplatz, Sparkle die Konkurrenz.","Bei welchem Magazin arbeitet die erwachsene Jenna (Jennifer Garner) in „30 über Nacht“?","Sparkle","Runway","Mode","Poise","D","Jenna arbeitet für Poise.","Jenna Rink (Jennifer Garner) entdeckt in ihrem neuen erwachsenen Alltag eine Stelle beim Modemagazin Poise. Lucy Wyman (Judy Greer) arbeitet ebenfalls dort, und Richard Kneeland (Andy Serkis) ist ihr Vorgesetzter. Jenna muss Aufgaben und Beziehungen verstehen, an die sie keine Erinnerung besitzt. Der Arbeitsplatz liefert damit scheinbar den gewünschten Erfolg, lässt sie aber zugleich mit den Folgen einer ihr fremd gewordenen Persönlichkeit zusammentreffen.","Sparkle ist das Konkurrenzmagazin.","Runway ist nicht Jennas Zeitschrift.","Mode ist nicht der Name ihres Magazins.","Jenna arbeitet bei Poise.","Poise ist Jennas Arbeitsplatz, Sparkle die Konkurrenz.","mittel","https://en.wikipedia.org/wiki/13_Going_on_30","redaktionell_quellengeprueft"
"G100-20261008-ROMCOM-015-L2","K-G100-20261008-ROMCOM-015-L2","","de","Film","Rom-Com","30 über Nacht","13 Going on 30","2004","","leicht","Filmwissen","Rom-Com","Rom-Com","Der frühere Freund liefert Fotos für Jennas Projekt.","Welchen Beruf hat der erwachsene Matty (Mark Ruffalo) in „30 über Nacht“?","Fotograf","Grafikdesigner","Modejournalist","Bekleidungsdesigner","A","Matty arbeitet als Fotograf.","Jenna Rink (Jennifer Garner) findet ihren früheren Freund Matty Flamhaff (Mark Ruffalo) als erwachsenen Fotografen wieder. Sie braucht seine Arbeit später für eine neue Präsentation des Magazins. Beruflicher Auftrag und persönliche Annäherung überschneiden sich dadurch. Matty erklärt ihr zugleich, warum der Kontakt zwischen ihnen abgebrochen war. Seine Fotos sind deshalb nicht nur Material für die Redaktion, sondern Teil einer vorsichtigen Wiederbegegnung zweier entfremdeter Menschen.","Matty verdient seinen Lebensunterhalt als Fotograf.","Er ist nicht der Grafikdesigner dieser Geschichte.","Er arbeitet nicht als Modejournalist.","Bekleidungsdesign ist nicht sein Beruf.","Der frühere Freund liefert Fotos für Jennas Projekt.","mittel","https://en.wikipedia.org/wiki/13_Going_on_30","redaktionell_quellengeprueft"
"G100-20261008-ROMCOM-015-M1","K-G100-20261008-ROMCOM-015-M1","","de","Film","Rom-Com","30 über Nacht","13 Going on 30","2004","","mittel","Filmwissen","Rom-Com","Rom-Com","Das handgemachte Haus trägt den Wunschstaub.","Welches selbstgemachte Geburtstagsgeschenk erhält Jenna (Christa B. Allen) am Anfang von „30 über Nacht“?","Ein Fotoalbum","Ein Puppenhaus","Eine Schmuckschatulle","Ein bemaltes Skateboard","B","Matty hat für Jenna ein Puppenhaus gebaut.","Der junge Matty Flamhaff (Sean Marquette) schenkt Jenna Rink (Christa B. Allen) ein selbstgemachtes Puppenhaus. Auf dessen Dach liegt der als magisch bezeichnete Wunschstaub. Das Geschenk steht für persönliche Aufmerksamkeit, während Jenna nach Anerkennung durch die beliebte Clique sucht. Der Gegenstand verbindet damit zwei Wünsche: die auffällige Zukunft, von der sie träumt, und die bereits vorhandene Nähe, die sie zunächst nicht entsprechend würdigt.","Ein Album ist nicht dieses Geschenk.","Matty schenkt ihr ein selbstgebautes Puppenhaus.","Eine Schmuckschatulle wird nicht als seine Gabe gezeigt.","Ein Skateboard ist nicht der geschenkte Gegenstand.","Das handgemachte Haus trägt den Wunschstaub.","mittel","https://en.wikipedia.org/wiki/13_Going_on_30","redaktionell_quellengeprueft"
"G100-20261008-ROMCOM-015-M2","K-G100-20261008-ROMCOM-015-M2","","de","Film","Rom-Com","30 über Nacht","13 Going on 30","2004","","mittel","Filmwissen","Rom-Com","Rom-Com","Jugenderinnerung verwandelt eine steife Feier in gemeinsames Tanzen.","Zu welchem Lied bringt Jenna (Jennifer Garner) in „30 über Nacht“ die Partygesellschaft gemeinsam zum Tanzen?","Beat It","Billie Jean","Thriller","Bad","C","Jenna beginnt die gemeinsame Thriller-Tanzfolge.","Jenna Rink (Jennifer Garner) greift bei einer zunächst wenig lebendigen Feier auf die vertraute Choreografie von Michael Jacksons „Thriller“ zurück. Matty Flamhaff (Mark Ruffalo) und die übrigen Gäste schließen sich an. Ihre Erinnerung an die Jugendzeit wird hier zu einer sozialen Stärke. Sie gewinnt die Gesellschaft nicht durch das Auftreten einer perfekten Erwachsenen, sondern durch ein gemeinsames, überraschend spielerisches Ritual.","Beat It ist nicht die Nummer dieser Szene.","Billie Jean bestimmt diese gemeinsame Tanzfolge nicht.","Die Gruppe tanzt zur Thriller-Choreografie.","Bad ist nicht das gesuchte Lied.","Jugenderinnerung verwandelt eine steife Feier in gemeinsames Tanzen.","mittel","https://en.wikipedia.org/wiki/13_Going_on_30","redaktionell_quellengeprueft"
"G100-20261008-ROMCOM-015-S1","K-G100-20261008-ROMCOM-015-S1","","de","Film","Rom-Com","30 über Nacht","13 Going on 30","2004","","schwer","Filmwissen","Rom-Com","Rom-Com","Der aktuelle Verrat legt Jennas frühere Sabotage offen.","Wer hatte Poise laut Lucys (Judy Greer) Enthüllung in „30 über Nacht“ ursprünglich zugunsten des Konkurrenzmagazins sabotiert?","Lucy Wyman (Judy Greer)","Richard Kneeland (Andy Serkis)","Matty Flamhaff (Mark Ruffalo)","Jenna Rink (Jennifer Garner)","D","Jenna selbst hatte Poise zuvor sabotiert.","Lucy Wyman (Judy Greer) nimmt Jennas Präsentation zum Konkurrenzmagazin Sparkle mit. Als Jenna Rink (Jennifer Garner) sie zur Rede stellt, erfährt sie, dass ihre eigene erwachsene Vorgängerpersönlichkeit Poise bereits geschadet hatte, um dort eine neue Stelle zu bekommen. Die Enthüllung trennt Lucys aktuellen Verrat von Jennas früheren Entscheidungen. Jenna kann sich deshalb nicht allein als Opfer ihrer Kollegin verstehen, sondern muss ihre bisherige Lebensführung hinterfragen.","Lucy nutzt später Jennas Präsentation, doch die ursprüngliche Enthüllung betrifft Jenna.","Kneeland sucht den Saboteur und ist nicht die genannte Person.","Matty ist nicht der ursprüngliche Saboteur des Magazins.","Lucy enthüllt Jennas frühere Beteiligung an der Sabotage.","Der aktuelle Verrat legt Jennas frühere Sabotage offen.","hoch","https://en.wikipedia.org/wiki/13_Going_on_30","redaktionell_quellengeprueft"
"G100-20261008-ROMCOM-015-S2","K-G100-20261008-ROMCOM-015-S2","","de","Film","Rom-Com","30 über Nacht","13 Going on 30","2004","","schwer","Filmwissen","Rom-Com","Rom-Com","Die erledigten Hausaufgaben verlieren ihren Wert als Eintrittskarte.","Wie reagiert Jenna (Christa B. Allen) nach ihrer Rückkehr in „30 über Nacht“ auf die Clique?","Sie zerreißt die für die Clique erledigten Hausaufgaben.","Sie fordert von der Clique eine öffentliche Entschuldigung.","Sie sagt die Party ab und trifft Matty (Sean Marquette) allein.","Sie lädt ihre Außenseiterfreunde zur Party ein.","A","Jenna zerreißt die Hausaufgaben und beendet ihre Unterordnung unter die Clique.","Jenna Rink (Christa B. Allen) erhält die Gelegenheit, den Geburtstag noch einmal anders zu erleben. Sie begrüßt Matty Flamhaff (Sean Marquette) herzlich und weist die Clique um die junge Lucy Wyman (Alexandra Kyle) zurück. Das Zerreißen ihrer erledigten Hausaufgaben beendet den Handel um vermeintliche Beliebtheit. Die Schlussentscheidung verändert nicht nur eine spätere Partnerwahl, sondern das Verhalten, mit dem Jenna Anerkennung im eigenen Alltag sucht.","Sie zerstört die erledigten Hausaufgaben und weist die Clique hinaus.","Eine eingeforderte öffentliche Entschuldigung ist nicht die gezeigte Reaktion.","Sie ersetzt die Party nicht durch ein anschließendes Treffen allein mit Matty.","Eine Einladung weiterer Freunde ist nicht dieser Entschluss.","Die erledigten Hausaufgaben verlieren ihren Wert als Eintrittskarte.","hoch","https://en.wikipedia.org/wiki/13_Going_on_30","redaktionell_quellengeprueft"
"G100-20261008-ROMCOM-015-Y","K-G100-20261008-ROMCOM-015-Y","","de","Film","Rom-Com","30 über Nacht","13 Going on 30","2004","","mittel","Filmjahr","Rom-Com","Rom-Com","1988 Big, 2004 30 über Nacht: sechzehn Jahre.","Wann wurde „30 über Nacht“ erstmals veröffentlicht?","2000","2004","2002","2006","B","Der Film erschien erstmals 2004.","„30 über Nacht“ erschien 2004, sechzehn Jahre nach „Big“ von 1988. In beiden Filmen steht ein plötzlich erwachsen erscheinender Mensch vor einer Welt, für die seine bisherigen Erfahrungen nicht ausreichen. Tom Hanks spielt in „Big“ Josh Baskin; Jennifer Garner übernimmt hier Jenna Rink. Die ähnliche Grundidee bietet einen Erinnerungsanker, während die datierten Veröffentlichungen verhindern, dass die Geschichten derselben Kinozeit zugerechnet werden.","2000 liegt vier Jahre davor.","Der Film erschien 2004.","2002 liegt zwei Jahre davor.","2006 liegt zwei Jahre danach.","1988 Big, 2004 30 über Nacht: sechzehn Jahre.","mittel","https://www.bfi.org.uk/film/f0026709-8f40-5c57-9d1d-c4bca34933b2/13-going-on-30|https://www.bfi.org.uk/film/48d6112c-e6d7-5460-991e-5fd89f765ac2/big","redaktionell_quellengeprueft"
"G100-20261008-ROMCOM-015-D","K-G100-20261008-ROMCOM-015-D","","de","Film","Rom-Com","30 über Nacht","13 Going on 30","2004","","mittel","Regie","Rom-Com","Rom-Com","Winick verbindet die beiden Lebensabschnitte einer Figur.","Wer führte bei „30 über Nacht“ Hauptregie?","Mark Waters","Garry Marshall","Gary Winick","Penny Marshall","C","Gary Winick führte Regie.","Gary Winick inszeniert Jenna Rinks (Jennifer Garner) Begegnung mit einem erwachsenen Leben, dessen Vergangenheit sie zunächst nicht kennt. Christa B. Allen spielt ihre jugendliche Fassung. Die beiden Darstellerinnen gehören zu einer Figur in unterschiedlichen Lebensabschnitten. Der BFI-Credit nennt Winick eindeutig als Regisseur. Die Fantasiegeschichte verbindet beruflichen Erfolg mit der Frage, welche Beziehungen Jenna auf dem Weg dorthin verloren hat.","Mark Waters führte nicht bei diesem Film Regie.","Garry Marshall ist nicht der Regisseur dieser Produktion.","Gary Winick ist der Hauptregisseur.","Penny Marshall inszenierte Big, aber nicht diesen Film.","Winick verbindet die beiden Lebensabschnitte einer Figur.","mittel","https://www.bfi.org.uk/film/f0026709-8f40-5c57-9d1d-c4bca34933b2/13-going-on-30|https://en.wikipedia.org/wiki/13_Going_on_30","redaktionell_quellengeprueft"
"G100-20261008-ROMCOM-016-L1","K-G100-20261008-ROMCOM-016-L1","","de","Film","Rom-Com","Freunde mit gewissen Vorzügen","Friends with Benefits","2011","","leicht","Filmwissen","Rom-Com","Rom-Com","Ein beruflicher Vermittlungsauftrag steht am Anfang.","Welchen Beruf hat Jamie (Mila Kunis) in „Freunde mit gewissen Vorzügen“?","Personalvermittlerin","Werbetexterin","Modefotografin","Presseagentin","A","Jamie arbeitet als Headhunterin.","Jamie Rellis (Mila Kunis) sucht geeignete Führungskräfte für offene Stellen. Ihre Begegnung mit Dylan Harper (Justin Timberlake) beginnt deshalb als beruflicher Auftrag. Sie möchte ihn für einen Wechsel nach New York gewinnen. Das spätere private Verhältnis entwickelt sich aus diesem Kontakt, doch Jamies eigene Interessen verschwinden nicht. Der Film lässt die berufliche Vermittlung und die persönliche Nähe wiederholt miteinander in Konflikt geraten.","Jamie vermittelt berufliche Führungskräfte.","Sie ist nicht die Werbetexterin der Geschichte.","Modefotografie ist nicht ihr Beruf.","Sie vermittelt eine Stelle, statt Dylan als Presseagentin zu betreuen.","Ein beruflicher Vermittlungsauftrag steht am Anfang.","mittel","https://en.wikipedia.org/wiki/Friends_with_Benefits_(film)","redaktionell_quellengeprueft"
"G100-20261008-ROMCOM-016-L2","K-G100-20261008-ROMCOM-016-L2","","de","Film","Rom-Com","Freunde mit gewissen Vorzügen","Friends with Benefits","2011","","leicht","Filmwissen","Rom-Com","Rom-Com","GQ bringt Dylan beruflich nach New York.","Für welches Magazin nimmt Dylan (Justin Timberlake) in „Freunde mit gewissen Vorzügen“ eine Stelle in New York an?","Esquire","GQ","Men’s Health","Details","B","Dylan wechselt als Art Director zu GQ.","Dylan Harper (Justin Timberlake) arbeitet zunächst in Los Angeles. Jamie Rellis (Mila Kunis) wirbt ihn für eine Stelle als Art Director bei GQ in New York an. Ihre gemeinsame Erkundung der Stadt hilft ihm, den Wechsel zu akzeptieren. Der neue Arbeitsplatz erklärt seine dauerhafte Anwesenheit dort. Er ist nicht bloß ein Besucher auf einer kurzen Reise, als die persönliche Beziehung zwischen den beiden entsteht.","Esquire ist nicht sein neuer Arbeitgeber.","Dylan wird bei GQ angestellt.","Men’s Health bietet ihm nicht die gesuchte Stelle.","Details ist nicht das Magazin seiner neuen Arbeit.","GQ bringt Dylan beruflich nach New York.","mittel","https://en.wikipedia.org/wiki/Friends_with_Benefits_(film)","redaktionell_quellengeprueft"
"G100-20261008-ROMCOM-016-M1","K-G100-20261008-ROMCOM-016-M1","","de","Film","Rom-Com","Freunde mit gewissen Vorzügen","Friends with Benefits","2011","","mittel","Filmwissen","Rom-Com","Rom-Com","Der Einjahresvertrag bindet Jamies Provision an Dylans Bleiben.","Warum beunruhigt Jamie (Mila Kunis) in „Freunde mit gewissen Vorzügen“ ein möglicher früher Stellenwechsel von Dylan (Justin Timberlake)?","Sie müsste seine Wohnung weiterbezahlen","Sie verlöre ihren eigenen Arbeitsvertrag","Ihre Vermittlungsprovision wäre gefährdet","Sie müsste die Umzugskosten allein erstatten","C","Dylans vorzeitiger Weggang könnte Jamies Provision kosten.","Jamie Rellis (Mila Kunis) hat Dylan Harper (Justin Timberlake) für eine Beschäftigung mit einjährigem Vertrag vermittelt. Ein früher Wechsel würde ihre Provision berühren. Als sie davon erfährt, trifft die berufliche Verpflichtung auf den bereits verletzten privaten Kontakt. Der Streit zeigt, dass die beiden ihre Beziehung nicht einfach in unabhängige Bereiche aufteilen können. Der ursprüngliche Auftrag besitzt auch nach der persönlichen Enttäuschung noch finanzielle Folgen.","Seine Wohnung zu bezahlen ist nicht ihr finanzielles Problem.","Ihr eigener Arbeitsvertrag endet dadurch nicht.","Die Provision hängt am vereinbarten Beschäftigungszeitraum.","Die Szene begründet den Streit nicht mit alleinigen Umzugskosten.","Der Einjahresvertrag bindet Jamies Provision an Dylans Bleiben.","mittel","https://en.wikipedia.org/wiki/Friends_with_Benefits_(film)","redaktionell_quellengeprueft"
"G100-20261008-ROMCOM-016-M2","K-G100-20261008-ROMCOM-016-M2","","de","Film","Rom-Com","Freunde mit gewissen Vorzügen","Friends with Benefits","2011","","mittel","Filmwissen","Rom-Com","Rom-Com","Das belauschte Urteil zerstört das neue Vertrauen.","Welche Bemerkung hört Jamie (Mila Kunis) in „Freunde mit gewissen Vorzügen“ während des Familienbesuchs von Dylan (Justin Timberlake)?","Er empfinde sie wie eine kleine Schwester","Er plane bereits eine Rückkehr zu seiner Exfreundin","Sie sei ihm für ein gemeinsames Leben zu ehrgeizig","Sie sei für eine Beziehung zu sehr beschädigt","D","Jamie hört, dass Dylan sie für zu beschädigt hält.","Jamie Rellis (Mila Kunis) besucht mit Dylan Harper (Justin Timberlake) dessen Familie in Los Angeles. Sie hört ihn gegenüber seiner Schwester Annie (Jenna Elfman) sagen, Jamie sei für eine Beziehung zu beschädigt. Die Bemerkung trifft sie gerade nach einer gemeinsamen Nacht. Ihr Rückzug beruht daher nicht auf einer bloßen Vermutung über seine Gefühle, sondern auf einem Urteil, das sie ohne seine beabsichtigte Offenheit mitbekommen hat.","Diese geschwisterliche Einordnung ist nicht die belauschte Bemerkung.","Er kündigt dort keine Rückkehr zur Exfreundin an.","Ihr Ehrgeiz ist nicht der Inhalt seines verletzenden Urteils.","Dylan nennt sie gegenüber seiner Schwester zu beschädigt für eine Beziehung.","Das belauschte Urteil zerstört das neue Vertrauen.","mittel","https://en.wikipedia.org/wiki/Friends_with_Benefits_(film)","redaktionell_quellengeprueft"
"G100-20261008-ROMCOM-016-S1","K-G100-20261008-ROMCOM-016-S1","","de","Film","Rom-Com","Freunde mit gewissen Vorzügen","Friends with Benefits","2011","","schwer","Filmwissen","Rom-Com","Rom-Com","Der Vater warnt vor einem Bedauern, das er selbst kennt.","Was bereut Mr. Harper (Richard Jenkins) im Flughafengespräch von „Freunde mit gewissen Vorzügen“?","Eine frühere große Liebe gehen gelassen zu haben","Für eine Beziehung seine berufliche Chance aufgegeben zu haben","Seine erste Ehe wegen eines Umzugs begonnen zu haben","Eine Versöhnung mit seinem Bruder abgelehnt zu haben","A","Er bereut, eine große Liebe nicht festgehalten zu haben.","Dylans Vater, Mr. Harper (Richard Jenkins), erkennt in einer Passantin zunächst eine Frau aus seiner Vergangenheit. Danach erzählt er Dylan Harper (Justin Timberlake), dass er eine frühere große Liebe gehen ließ. Diese Erinnerung führt zu einem Rat an den Sohn. Der Vater verbindet seine heutige Reue mit einer damaligen Entscheidung und gibt Dylan einen konkreten Anlass, seine Zurückhaltung gegenüber Jamie Rellis (Mila Kunis) zu hinterfragen.","Er erzählt von der Frau, die er liebte und dennoch gehen ließ.","Eine geopferte berufliche Chance ist nicht sein zentrales Bedauern.","Die Szene erklärt keine aus Umzugsgründen begonnene Ehe.","Ein Bruderstreit bildet nicht den Rat an seinen Sohn.","Der Vater warnt vor einem Bedauern, das er selbst kennt.","mittel","https://en.wikipedia.org/wiki/Friends_with_Benefits_(film)","redaktionell_quellengeprueft"
"G100-20261008-ROMCOM-016-S2","K-G100-20261008-ROMCOM-016-S2","","de","Film","Rom-Com","Freunde mit gewissen Vorzügen","Friends with Benefits","2011","","schwer","Filmwissen","Rom-Com","Rom-Com","Grand Central wird zur Bühne des neuen Anfangs.","Wo überrascht Dylan (Justin Timberlake) Jamie (Mila Kunis) am Ende von „Freunde mit gewissen Vorzügen“ mit einem Flashmob?","In der Penn Station","In Grand Central Terminal","Im Port Authority Bus Terminal","Am Bahnhof Hoboken Terminal","B","Der Flashmob findet in Grand Central statt.","Dylan Harper (Justin Timberlake) lässt Jamie Rellis (Mila Kunis) unter einem Vorwand nach Grand Central kommen. Dort organisiert er einen Flashmob und gesteht seine Gefühle. Die große öffentliche Geste greift die romantischen Klischees auf, über die beide zuvor gesprochen haben. Anschließend verabreden sie sich zu einem ersten wirklichen Date. Der Schluss verändert damit ihre Haltung zur gemeinsamen Beziehung durch eine konkrete Begegnung an einem bekannten Ort.","Penn Station ist nicht der Schauplatz des Flashmobs.","Die Inszenierung findet in Grand Central statt.","Der Busbahnhof bildet nicht den Ort dieser Szene.","Hoboken Terminal ist nicht der gesuchte Bahnhof.","Grand Central wird zur Bühne des neuen Anfangs.","hoch","https://en.wikipedia.org/wiki/Friends_with_Benefits_(film)","redaktionell_quellengeprueft"
"G100-20261008-ROMCOM-016-Y","K-G100-20261008-ROMCOM-016-Y","","de","Film","Rom-Com","Freunde mit gewissen Vorzügen","Friends with Benefits","2011","","mittel","Filmjahr","Rom-Com","Rom-Com","2010 Easy A, 2011 Freunde mit gewissen Vorzügen: ein Jahr.","Wann wurde „Freunde mit gewissen Vorzügen“ erstmals veröffentlicht?","2007","2009","2011","2013","C","Das erste Veröffentlichungsjahr ist 2011.","Will Glucks „Easy A“ erschien 2010, „Freunde mit gewissen Vorzügen“ 2011: Zwischen den Komödien liegt ein Jahr. Der frühere Film untersucht schulische Gerüchte über Beziehungen, der spätere die Erwartungen an ein erwachsenes Paar. Emma Stone gehört bei beiden Produktionen zur Besetzung, übernimmt jedoch unterschiedliche Rollen. Der Werkvergleich verankert das Veröffentlichungsjahr, ohne den einen Film als Fortsetzung der anderen Geschichte zu behandeln.","2007 liegt vier Jahre davor.","2009 liegt zwei Jahre davor.","Die Veröffentlichung lag 2011.","2013 liegt zwei Jahre danach.","2010 Easy A, 2011 Freunde mit gewissen Vorzügen: ein Jahr.","mittel","https://www.bfi.org.uk/film/8a282c5c-f3c6-5a86-998a-67d5b56f835f/friends-with-benefits|https://www.bfi.org.uk/film/96b5e9bb-6bd7-56ec-80e8-c4123a0174f7/easy-a|https://en.wikipedia.org/wiki/Friends_with_Benefits_(film)","redaktionell_quellengeprueft"
"G100-20261008-ROMCOM-016-D","K-G100-20261008-ROMCOM-016-D","","de","Film","Rom-Com","Freunde mit gewissen Vorzügen","Friends with Benefits","2011","","mittel","Regie","Rom-Com","Rom-Com","Gluck inszeniert die filmkundigen Figuren und ihre eigene Liebesgeschichte.","Wer führte bei „Freunde mit gewissen Vorzügen“ Hauptregie?","Ivan Reitman","Nicholas Stoller","Judd Apatow","Will Gluck","D","Will Gluck führte Regie.","Will Gluck inszenierte die Geschichte von Jamie Rellis (Mila Kunis) und Dylan Harper (Justin Timberlake) und gehörte auch zum Drehbuchteam. Die Hauptregie wird vom BFI eindeutig ihm zugeordnet. Beruflicher Wechsel, Familienbesuche und verletzende Äußerungen verändern das Verhältnis der beiden. Die wiederkehrenden Kommentare über romantische Filmkonventionen erhalten am Schluss eine praktische Bedeutung, weil das Paar selbst eine große öffentliche Liebesgeste erlebt.","Ivan Reitman inszenierte Freundschaft Plus, nicht diesen Film.","Nicholas Stoller ist nicht der Hauptregisseur.","Judd Apatow trägt hier keinen Regiecredit.","Will Gluck führte Regie.","Gluck inszeniert die filmkundigen Figuren und ihre eigene Liebesgeschichte.","mittel","https://www.bfi.org.uk/film/8a282c5c-f3c6-5a86-998a-67d5b56f835f/friends-with-benefits|https://en.wikipedia.org/wiki/Friends_with_Benefits_(film)","redaktionell_quellengeprueft"
"G100-20261008-ROMCOM-017-L1","K-G100-20261008-ROMCOM-017-L1","","de","Film","Rom-Com","Love and Other Drugs – Nebenwirkung inklusive","Love & Other Drugs","2010","","leicht","Filmwissen","Rom-Com","Rom-Com","Der Verkäufer gelangt über Arztpraxen in Maggies Leben.","Womit verdient Jamie Randall (Jake Gyllenhaal) in „Love and Other Drugs – Nebenwirkung inklusive“ sein Geld?","Als Arzt in einer Privatpraxis","Als Vertreter eines Pharmaunternehmens","Als Apotheker mit eigenem Geschäft","Als Forscher in einem Medikamentenlabor","B","Jamie arbeitet im Außendienst eines Pharmaunternehmens.","Jamie Randall (Jake Gyllenhaal) findet nach dem Verlust seiner vorherigen Arbeit eine Stelle im Arzneimittelvertrieb. Er soll Ärzte dazu bewegen, die Produkte seines Unternehmens zu verschreiben. Sein Charme und seine Verkaufsstrategien verschaffen ihm Zugang zu den Praxen. In diesem beruflichen Umfeld begegnet er Maggie Murdock (Anne Hathaway); die Romanze entsteht damit mitten in einer von Wettbewerb geprägten Branche.","Er arbeitet nicht als behandelnder Arzt.","Jamie verkauft Arzneimittel für Pfizer.","Eine eigene Apotheke betreibt er nicht.","Seine Aufgabe ist der Vertrieb, nicht die Laborforschung.","Der Verkäufer gelangt über Arztpraxen in Maggies Leben.","mittel","https://en.wikipedia.org/wiki/Love_%26_Other_Drugs","redaktionell_quellengeprueft"
"G100-20261008-ROMCOM-017-L2","K-G100-20261008-ROMCOM-017-L2","","de","Film","Rom-Com","Love and Other Drugs – Nebenwirkung inklusive","Love & Other Drugs","2010","","leicht","Filmwissen","Rom-Com","Rom-Com","Die Erkrankung stellt die gemeinsame Zukunft infrage.","Mit welcher Erkrankung lebt Maggie Murdock (Anne Hathaway) in „Love and Other Drugs – Nebenwirkung inklusive“?","Multipler Sklerose","Epilepsie","Parkinson","Amyotropher Lateralsklerose","C","Maggie lebt mit früh einsetzender Parkinson-Erkrankung.","Maggie Murdock (Anne Hathaway) lebt schon als junge Frau mit Parkinson. Die Erkrankung beeinflusst ihren Alltag und ihre Erwartungen an eine Partnerschaft. Jamie Randall (Jake Gyllenhaal) muss lernen, dass seine berufliche Nähe zur Arzneimittelbranche ihm keine einfache Lösung für ihre Situation verschafft. Für die Handlung ist entscheidend, wie beide mit Unsicherheit und möglichen Belastungen einer gemeinsamen Zukunft umgehen.","Multiple Sklerose ist nicht ihre Diagnose.","Epilepsie bestimmt ihre Erkrankung nicht.","Maggie hat früh einsetzende Parkinson-Symptome.","ALS wird bei ihr nicht diagnostiziert.","Die Erkrankung stellt die gemeinsame Zukunft infrage.","mittel","https://en.wikipedia.org/wiki/Love_%26_Other_Drugs","redaktionell_quellengeprueft"
"G100-20261008-ROMCOM-017-M1","K-G100-20261008-ROMCOM-017-M1","","de","Film","Rom-Com","Love and Other Drugs – Nebenwirkung inklusive","Love & Other Drugs","2010","","mittel","Filmwissen","Rom-Com","Rom-Com","Freier Platz für eigene Muster entsteht durch das Wegwerfen fremder.","Wie bekämpft Jamie Randall (Jake Gyllenhaal) in „Love and Other Drugs – Nebenwirkung inklusive“ die Konkurrenz in Arztpraxen?","Er erklärt Konkurrenzpräparate für nicht mehr lieferbar.","Er bezahlt Ärzte für abgelehnte Konkurrenzverschreibungen.","Er verbreitet erfundene Warnungen vor Konkurrenzpräparaten.","Er wirft die Prozac-Muster der Konkurrenz weg.","D","Jamie beseitigt die Arzneimittelmuster seines Konkurrenten.","Jamie Randall (Jake Gyllenhaal) soll sein eigenes Produkt gegen eine bereits etablierte Konkurrenz durchsetzen. In den Praxen wirft er deshalb die dort vorhandenen Prozac-Muster weg. Der Eingriff zeigt, wie wenig zurückhaltend er den Vertrieb zunächst betreibt. Die Szene macht den Wettbewerb konkret: Es geht um den Platz im Praxisalltag und um die Entscheidung der Ärzte, welche Mittel sie verschreiben.","Eine vorgetäuschte Liefersperre ist nicht die gezeigte Taktik.","Für abgelehnte Konkurrenzverschreibungen zahlt er hier nicht.","Eine erfundene Arzneimittelwarnung verwendet er nicht als diese Methode.","Jamie entsorgt fremde Muster, um seinem Produkt Platz zu verschaffen.","Freier Platz für eigene Muster entsteht durch das Wegwerfen fremder.","mittel","https://en.wikipedia.org/wiki/Love_%26_Other_Drugs","redaktionell_quellengeprueft"
"G100-20261008-ROMCOM-017-M2","K-G100-20261008-ROMCOM-017-M2","","de","Film","Rom-Com","Love and Other Drugs – Nebenwirkung inklusive","Love & Other Drugs","2010","","mittel","Filmwissen","Rom-Com","Rom-Com","Der Grenzübertritt dient einem günstigeren Einkauf.","Warum begleitet Maggie Murdock (Anne Hathaway) in „Love and Other Drugs – Nebenwirkung inklusive“ ältere Menschen nach Kanada?","Damit sie dort preiswertere Medikamente kaufen können","Damit sie an einer klinischen Studie teilnehmen können","Damit sie bei einem Spezialisten operiert werden können","Damit sie in ein betreutes Wohnheim umziehen können","A","Die Reisenden wollen in Kanada günstiger Medikamente kaufen.","Maggie Murdock (Anne Hathaway) unterstützt ältere Menschen bei einer Fahrt nach Kanada, wo diese preiswerter an ihre Medikamente kommen. Jamie Randall (Jake Gyllenhaal) wartet auf ihre Rückkehr und macht dadurch seine Nähe zu ihr sichtbar. Die Reise erweitert zugleich den Blick auf die Arzneimittelwelt: Neben dem Verkaufserfolg stehen Menschen, für die die Kosten der Versorgung ein ganz praktisches Problem sind.","Die Fahrt ermöglicht günstigere Arzneimittelkäufe.","Eine gemeinsame klinische Studie ist nicht das Ziel.","Die Gruppe reist nicht zu einer Operation.","Ein Umzug ins Wohnheim findet nicht statt.","Der Grenzübertritt dient einem günstigeren Einkauf.","mittel","https://en.wikipedia.org/wiki/Love_%26_Other_Drugs","redaktionell_quellengeprueft"
"G100-20261008-ROMCOM-017-S1","K-G100-20261008-ROMCOM-017-S1","","de","Film","Rom-Com","Love and Other Drugs – Nebenwirkung inklusive","Love & Other Drugs","2010","","schwer","Filmwissen","Rom-Com","Rom-Com","Die Suche nach Heilung wird als Bedingung der Liebe empfunden.","Warum beendet Maggie Murdock (Anne Hathaway) in „Love and Other Drugs – Nebenwirkung inklusive“ zeitweise die Beziehung zu Jamie (Jake Gyllenhaal)?","Sie glaubt, er wolle ihre Kunstkarriere beenden.","Sie glaubt, er könne sie nur geheilt akzeptieren.","Sie glaubt, er wolle sie zum Firmenumzug zwingen.","Sie glaubt, er habe ihre Diagnose öffentlich gemacht.","B","Maggie fühlt sich nur unter der Bedingung einer Heilung angenommen.","Jamie Randall (Jake Gyllenhaal) sucht zunehmend nach Ärzten und Behandlungen für Maggie Murdock (Anne Hathaway). Was für ihn als Hilfe gedacht ist, erlebt sie als Bedingung für ihre gemeinsame Zukunft. Sie befürchtet, dass er mit ihr nur leben könne, wenn ihre Krankheit verschwindet. Die Trennung verlangt daher eine Veränderung seiner Haltung zur Beziehung und zu der Unsicherheit, die sie begleitet.","Ihre Kunstkarriere ist nicht der Trennungsgrund.","Seine Suche nach einer Heilung lässt sie an seiner bedingungslosen Zuneigung zweifeln.","Ein erzwungener Firmenumzug löst die Trennung nicht aus.","Eine Veröffentlichung ihrer Diagnose ist nicht der entscheidende Konflikt.","Die Suche nach Heilung wird als Bedingung der Liebe empfunden.","mittel","https://en.wikipedia.org/wiki/Love_%26_Other_Drugs","redaktionell_quellengeprueft"
"G100-20261008-ROMCOM-017-S2","K-G100-20261008-ROMCOM-017-S2","","de","Film","Rom-Com","Love and Other Drugs – Nebenwirkung inklusive","Love & Other Drugs","2010","","schwer","Filmwissen","Rom-Com","Rom-Com","Die gespeicherte Nähe verändert den Blick auf die Zukunft.","Was lässt Jamie Randall (Jake Gyllenhaal) in „Love and Other Drugs – Nebenwirkung inklusive“ vor seiner endgültigen Entscheidung gemeinsame glückliche Momente wiedererleben?","Ein Fotoalbum aus Maggies Kindheit","Ein Brief aus Maggies Selbsthilfegruppe","Eine Videoaufnahme des Paares","Ein Mitschnitt seines Verkaufsvortrags","C","Jamie sieht eine Videoaufnahme ihrer Beziehung wieder.","Jamie Randall (Jake Gyllenhaal) begegnet auf einer Videoaufnahme den glücklichen Augenblicken mit Maggie Murdock (Anne Hathaway) erneut. Das wiedergefundene Bild ihrer Nähe hilft ihm, seine Zukunft nicht allein nach einem beruflichen Aufstieg zu bestimmen. Am Ende entscheidet er sich für sie und für einen anderen Lebensweg. Die Aufnahme verbindet einen früheren gemeinsamen Moment mit der späteren Entscheidung, trotz der Krankheit zusammenzubleiben.","Maggies Kindheitsalbum löst diesen Rückblick nicht aus.","Ein Gruppenbrief ist nicht der entscheidende Erinnerungsgegenstand.","Auf der Videoaufnahme sieht Jamie die gemeinsame Nähe wieder.","Sein Verkaufsvortrag zeigt nicht die gemeinsamen glücklichen Momente.","Die gespeicherte Nähe verändert den Blick auf die Zukunft.","hoch","https://en.wikipedia.org/wiki/Love_%26_Other_Drugs","redaktionell_quellengeprueft"
"G100-20261008-ROMCOM-017-Y","K-G100-20261008-ROMCOM-017-Y","","de","Film","Rom-Com","Love and Other Drugs – Nebenwirkung inklusive","Love & Other Drugs","2010","","mittel","Filmjahr","Rom-Com","Rom-Com","2005 Buch, 2010 Film: fünf Jahre Abstand.","In welchem Jahr wurde „Love and Other Drugs – Nebenwirkung inklusive“ erstmals veröffentlicht?","2007","2013","2016","2010","D","2005 das Buch Hard Sell, 2010 der Film: fünf Jahre.","Love and Other Drugs erschien 2010. Jamie Reidys Buch Hard Sell wurde 2005 veröffentlicht, also fünf Jahre zuvor; der AFI-Katalog führt es als literarische Quelle auf. Die Verbindung hilft, die Satire auf den Arzneimittelvertrieb zeitlich einzuordnen. Der Film entwickelt daraus seine romantische Geschichte, während das Buch den Bezug zur persönlichen Erfahrung eines Verkäufers in dieser Branche herstellt.","2007 liegt drei Jahre davor.","2013 liegt drei Jahre danach.","2016 wäre sechs Jahre später.","2010 ist das erste Veröffentlichungsjahr.","2005 Buch, 2010 Film: fünf Jahre Abstand.","mittel","https://catalog.afi.com/Catalog/MovieDetails/66537","redaktionell_quellengeprueft"
"G100-20261008-ROMCOM-017-D","K-G100-20261008-ROMCOM-017-D","","de","Film","Rom-Com","Love and Other Drugs – Nebenwirkung inklusive","Love & Other Drugs","2010","","mittel","Regie","Rom-Com","Rom-Com","Zwick inszeniert und gehört zugleich zum Autorenteam.","Wer führte bei „Love and Other Drugs – Nebenwirkung inklusive“ Regie?","Edward Zwick","James L. Brooks","Cameron Crowe","Alexander Payne","A","Edward Zwick führte Regie.","Edward Zwick führte bei Love and Other Drugs Regie und arbeitete auch am Drehbuch mit. Der AFI-Katalog nennt neben ihm Charles Randolph und Marshall Herskovitz als Drehbuchautoren. Jake Gyllenhaal spielt Jamie Randall, Anne Hathaway Maggie Murdock. Die Credits unterscheiden damit die gemeinsame Arbeit am Text von der eindeutig Zwick zugeordneten Regie der Verbindung aus Liebesgeschichte und Satire auf den Arzneimittelvertrieb.","AFI nennt Edward Zwick als Regisseur.","James L. Brooks inszenierte diesen Film nicht.","Cameron Crowe hat hier keinen Hauptregiecredit.","Alexander Payne war nicht der Regisseur.","Zwick inszeniert und gehört zugleich zum Autorenteam.","mittel","https://catalog.afi.com/Catalog/MovieDetails/66537","redaktionell_quellengeprueft"
"G100-20261008-ROMCOM-018-L1","K-G100-20261008-ROMCOM-018-L1","","de","Film","Rom-Com","Vielleicht, vielleicht auch nicht","Definitely, Maybe","2008","","leicht","Filmwissen","Rom-Com","Rom-Com","Die Tochter hört die Liebesgeschichte ihres Vaters.","Wem erzählt Will Hayes (Ryan Reynolds) in „Vielleicht, vielleicht auch nicht“ seine früheren Liebesgeschichten?","Seiner Mutter","Seiner Therapeutin","Seiner Tochter","Seiner Verlobten","C","Will erzählt seiner Tochter Maya von seinen Beziehungen.","Will Hayes (Ryan Reynolds) steht vor einer Scheidung und erzählt seiner Tochter Maya Hayes (Abigail Breslin), wie seine früheren Beziehungen verliefen. Das Mädchen fragt nach der Geschichte ihrer Eltern und hört aufmerksam zu. Durch ihre Nachfragen wird aus dem Rückblick ein Gespräch zwischen Vater und Tochter. Die Rahmensituation verknüpft die Romanze mit dem Wunsch eines Kindes, die eigene Familiengeschichte besser zu verstehen.","Seine Mutter ist nicht die Zuhörerin der Rahmengeschichte.","Eine Therapiesitzung bildet nicht den Rahmen.","Will erzählt seiner Tochter Maya von seiner Vergangenheit.","Eine Verlobte hört diese Rückschau nicht an.","Die Tochter hört die Liebesgeschichte ihres Vaters.","mittel","https://en.wikipedia.org/wiki/Definitely,_Maybe","redaktionell_quellengeprueft"
"G100-20261008-ROMCOM-018-L2","K-G100-20261008-ROMCOM-018-L2","","de","Film","Rom-Com","Vielleicht, vielleicht auch nicht","Definitely, Maybe","2008","","leicht","Filmwissen","Rom-Com","Rom-Com","Der Wahlkampf eröffnet Wills New Yorker Lebensabschnitt.","Wofür zieht Will Hayes (Ryan Reynolds) am Anfang seiner Rückschau in „Vielleicht, vielleicht auch nicht“ nach New York?","Für die Ausbildung zum Börsenmakler","Für einen Vertrag als Berufsmusiker","Für ein Praktikum bei einer Sportzeitung","Für Bill Clintons Wahlkampf","D","Will kommt für Bill Clintons Wahlkampf nach New York.","Will Hayes (Ryan Reynolds) verlässt seine bisherige Umgebung, um in New York an Bill Clintons Wahlkampf mitzuarbeiten. Der politische Aufbruch eröffnet ihm zugleich neue persönliche Begegnungen. April Hoffman (Isla Fisher) lernt er in diesem Arbeitsumfeld kennen. Die Rückschau beginnt deshalb mit einem beruflichen Ortswechsel, bevor die verschiedenen Beziehungen und ihre späteren Folgen für seine Familiengeschichte in den Mittelpunkt rücken.","Eine Börsenmaklerausbildung führt ihn nicht dorthin.","Ein Musikervertrag ist nicht sein Anlass.","Ein Sportzeitungspraktikum gehört nicht zu diesem Einstieg.","Will arbeitet für Clintons Präsidentschaftswahlkampf.","Der Wahlkampf eröffnet Wills New Yorker Lebensabschnitt.","mittel","https://en.wikipedia.org/wiki/Definitely,_Maybe","redaktionell_quellengeprueft"
"G100-20261008-ROMCOM-018-M1","K-G100-20261008-ROMCOM-018-M1","","de","Film","Rom-Com","Vielleicht, vielleicht auch nicht","Definitely, Maybe","2008","","mittel","Filmwissen","Rom-Com","Rom-Com","Emily ist der erzählte Name von Mayas Mutter.","Welche Frau ist in „Vielleicht, vielleicht auch nicht“ die Mutter von Maya (Abigail Breslin)?","Emily (Elizabeth Banks)","April (Isla Fisher)","Summer (Rachel Weisz)","Anne (Annie Parisse)","A","Emily bezeichnet in der Erzählung Mayas Mutter Sarah.","Will Hayes (Ryan Reynolds) verändert die Namen der Frauen, von denen er seiner Tochter Maya Hayes (Abigail Breslin) erzählt. Maya erkennt schließlich, dass Emily Jones (Elizabeth Banks) für ihre eigene Mutter Sarah steht. Damit wird das Rätsel innerhalb der Familiengeschichte gelöst. Die erzählten Liebesbeziehungen führen also nicht nur zu einer romantischen Wahl, sondern erklären dem Mädchen auch, aus welcher Beziehung es selbst hervorgegangen ist.","Emily ist der erzählte Name von Sarah, Mayas Mutter.","April ist nicht Mayas Mutter.","Summer ist nicht Mayas Mutter.","Anne ist eine Kollegin, nicht Mayas Mutter.","Emily ist der erzählte Name von Mayas Mutter.","hoch","https://en.wikipedia.org/wiki/Definitely,_Maybe","redaktionell_quellengeprueft"
"G100-20261008-ROMCOM-018-M2","K-G100-20261008-ROMCOM-018-M2","","de","Film","Rom-Com","Vielleicht, vielleicht auch nicht","Definitely, Maybe","2008","","mittel","Filmwissen","Rom-Com","Rom-Com","Die Veröffentlichung stellt Journalismus gegen Wahlkampfinteressen.","Welche Handlung von Summer (Rachel Weisz) belastet ihre Beziehung zu Will (Ryan Reynolds) in „Vielleicht, vielleicht auch nicht“?","Sie verkauft seine Firma an einen konkurrierenden Berater.","Ihr Artikel schadet der von ihm betreuten Wahlkampagne.","Sie verrät April (Isla Fisher) seinen geplanten Umzug.","Sie lehnt seine gemeinsame Auswanderung nach London ab.","B","Summers journalistische Veröffentlichung schadet Wills Kampagne.","Summer Hartley (Rachel Weisz) arbeitet als Journalistin, während Will Hayes (Ryan Reynolds) eine politische Kampagne betreut. Ihr Artikel über den Kandidaten richtet Schaden an, obwohl Will sie von der Veröffentlichung abhalten möchte. Die beruflichen Rollen geraten damit unmittelbar gegeneinander. Die Beziehung zerbricht an einem Konflikt, in dem sein Interesse am Erfolg der Kampagne und ihre Entscheidung als Journalistin nicht miteinander vereinbar sind.","Ein Firmenverkauf ist nicht der entscheidende Vorgang.","Summers Enthüllungsartikel beschädigt Wills politische Arbeit.","Ein verratener Umzugsplan verursacht diesen Bruch nicht.","Ein abgelehnter Londoner Umzug ist nicht der Konflikt.","Die Veröffentlichung stellt Journalismus gegen Wahlkampfinteressen.","mittel","https://en.wikipedia.org/wiki/Definitely,_Maybe","redaktionell_quellengeprueft"
"G100-20261008-ROMCOM-018-S1","K-G100-20261008-ROMCOM-018-S1","","de","Film","Rom-Com","Vielleicht, vielleicht auch nicht","Definitely, Maybe","2008","","schwer","Filmwissen","Rom-Com","Rom-Com","Die persönliche Widmung unterscheidet das Buch von allen anderen Ausgaben.","Warum ist ein bestimmtes Jane-Eyre-Exemplar für April Hoffman (Isla Fisher) in „Vielleicht, vielleicht auch nicht“ so wichtig?","Es enthält einen Liebesbrief ihrer ersten Freundin.","Es ist der letzte Band aus der Bibliothek ihrer Mutter.","Es enthält eine Widmung ihres verstorbenen Vaters.","Es trägt ein Autogramm ihrer ehemaligen Lehrerin.","C","Die Widmung ihres verstorbenen Vaters macht das Buch einzigartig.","April Hoffman (Isla Fisher) sucht nach einem verlorenen Exemplar von Jane Eyre, das ihr Vater ihr geschenkt und gewidmet hatte. Andere Ausgaben ersetzen dieses persönliche Erinnerungsstück nicht. Will Hayes (Ryan Reynolds) findet das gesuchte Buch, gibt es aber zunächst nicht zurück. Der Gegenstand trägt deshalb zwei Ebenen: Aprils Erinnerung an ihren Vater und Wills Schwierigkeit, die Bedeutung ihrer Beziehung offen anzuerkennen.","Ein Liebesbrief einer Freundin erklärt den Wert nicht.","Es geht nicht um den Rest einer mütterlichen Bibliothek.","Aprils Vater hatte ihr dieses Exemplar persönlich gewidmet.","Ein Lehrerinnenautogramm ist nicht die entscheidende Eintragung.","Die persönliche Widmung unterscheidet das Buch von allen anderen Ausgaben.","mittel","https://en.wikipedia.org/wiki/Definitely,_Maybe","redaktionell_quellengeprueft"
"G100-20261008-ROMCOM-018-S2","K-G100-20261008-ROMCOM-018-S2","","de","Film","Rom-Com","Vielleicht, vielleicht auch nicht","Definitely, Maybe","2008","","schwer","Filmwissen","Rom-Com","Rom-Com","Der unveränderte Name markiert die besondere Stellung Aprils.","Welche Entscheidung über Namen fällt bei der Auflösung von Wills (Ryan Reynolds) Erzählung in „Vielleicht, vielleicht auch nicht“ auf?","Summers (Rachel Weisz) Name wurde nicht verändert.","Emilys (Elizabeth Banks) Name wurde nicht verändert.","Alle drei Namen wurden vertauscht.","Aprils (Isla Fisher) Name wurde nicht verändert.","D","April ist die Ausnahme: Ihr Name bleibt unverändert.","Will Hayes (Ryan Reynolds) kündigt seiner Tochter Maya Hayes (Abigail Breslin) an, Namen zu verändern. Am Ende zeigt sich jedoch, dass April Hoffman (Isla Fisher) unter ihrem wirklichen Namen erzählt wurde. Summer Hartley (Rachel Weisz) und Emily Jones (Elizabeth Banks) tragen erzählerisch veränderte Namen. Diese Ausnahme macht April innerhalb der Rückschau besonders und hilft Maya, Wills noch nicht abgeschlossene Gefühle für sie zu erkennen.","Summer ist ein veränderter Name; die reale Frau heißt Natasha.","Emily ist der veränderte Name von Sarah.","Die Ausnahme April widerspricht einem Austausch aller Namen.","April behält in Wills Rückschau ihren wirklichen Namen.","Der unveränderte Name markiert die besondere Stellung Aprils.","hoch","https://en.wikipedia.org/wiki/Definitely,_Maybe","redaktionell_quellengeprueft"
"G100-20261008-ROMCOM-018-Y","K-G100-20261008-ROMCOM-018-Y","","de","Film","Rom-Com","Vielleicht, vielleicht auch nicht","Definitely, Maybe","2008","","mittel","Filmjahr","Rom-Com","Rom-Com","1999 Notting Hill, 2008 Vielleicht, vielleicht auch nicht: neun Jahre.","In welchem Jahr wurde „Vielleicht, vielleicht auch nicht“ erstmals veröffentlicht?","2008","2005","2011","2014","A","1999 Notting Hill, 2008 dieser Film: neun Jahre.","Vielleicht, vielleicht auch nicht erschien 2008. Working Title führt Notting Hill mit einem Start von 1999; zwischen diesen beiden romantischen Filmen des Unternehmens liegen neun Jahre. Der Vergleich verbindet zwei konkrete Werke aus demselben Produktionsumfeld. Die spätere Geschichte verwendet eine Vater-Tochter-Rückschau als Rahmen, während der frühere Film die Begegnung eines Buchhändlers mit einem Filmstar zum Ausgangspunkt seiner Romanze macht.","Working Title führt den Film unter 2008.","2005 ist drei Jahre zu früh.","2011 liegt drei Jahre später.","2014 liegt sechs Jahre später.","1999 Notting Hill, 2008 Vielleicht, vielleicht auch nicht: neun Jahre.","mittel","https://www.workingtitlefilms.com/film/definitely-maybe/|https://www.workingtitlefilms.com/film/notting-hill/","redaktionell_quellengeprueft"
"G100-20261008-ROMCOM-018-D","K-G100-20261008-ROMCOM-018-D","","de","Film","Rom-Com","Vielleicht, vielleicht auch nicht","Definitely, Maybe","2008","","mittel","Regie","Rom-Com","Rom-Com","Brooks gestaltet die Erzählung als Autor und Regisseur.","Wer führte bei „Vielleicht, vielleicht auch nicht“ Regie?","Richard Curtis","Adam Brooks","Roger Michell","Marc Lawrence","B","Adam Brooks schrieb das Drehbuch und führte Regie.","Adam Brooks verantwortet sowohl das Drehbuch als auch die Regie von Vielleicht, vielleicht auch nicht. Working Title beschreibt die Anlage als romantisches Identitätsrätsel: Will Hayes (Ryan Reynolds) erzählt Maya Hayes (Abigail Breslin) von seiner Vergangenheit, während die Mutter zunächst hinter veränderten Namen verborgen bleibt. Die gemeinsame Autorenschaft und Regie verbinden die Struktur dieser Rückschau mit ihrer Umsetzung als Gespräch zwischen Vater und Tochter.","Richard Curtis trägt hier keinen Regiecredit.","Adam Brooks schrieb und inszenierte den Film.","Roger Michell führte bei diesem Film nicht Regie.","Marc Lawrence inszenierte diese Rückschau nicht.","Brooks gestaltet die Erzählung als Autor und Regisseur.","mittel","https://www.workingtitlefilms.com/film/definitely-maybe/|https://catalog.afi.com/Catalog/moviedetails/64620","redaktionell_quellengeprueft"
"G100-20261008-ROMCOM-019-L1","K-G100-20261008-ROMCOM-019-L1","","de","Film","Rom-Com","Wenn Liebe so einfach wäre","It's Complicated","2009","","leicht","Filmwissen","Rom-Com","Rom-Com","Die Bäckerei gehört zu Janes eigenständigem Leben.","Welches Geschäft betreibt Jane Adler (Meryl Streep) in „Wenn Liebe so einfach wäre“?","Eine Buchhandlung","Eine Blumenhandlung","Eine Kunstgalerie","Eine Bäckerei","D","Jane besitzt eine Bäckerei in Santa Barbara.","Jane Adler (Meryl Streep) hat sich nach ihrer Scheidung ein eigenes Leben aufgebaut und betreibt eine Bäckerei in Santa Barbara. Das Geschäft macht ihre Selbstständigkeit sichtbar und wird auch zum Ort persönlicher Begegnungen. Ihre spätere Annäherung an einen neuen Partner entwickelt sich vor diesem Hintergrund. Die Arbeit gehört damit zu der Lebenswelt, die durch die erneute Nähe zum Exmann durcheinandergerät.","Eine Buchhandlung ist nicht ihr Geschäft.","Sie führt keinen Blumenladen.","Eine Kunstgalerie gehört ihr nicht.","Jane besitzt eine Bäckerei in Santa Barbara.","Die Bäckerei gehört zu Janes eigenständigem Leben.","mittel","https://en.wikipedia.org/wiki/It%27s_Complicated_(film)|https://www.universalpicturesathome.com/movies/its-complicated","redaktionell_quellengeprueft"
"G100-20261008-ROMCOM-019-L2","K-G100-20261008-ROMCOM-019-L2","","de","Film","Rom-Com","Wenn Liebe so einfach wäre","It's Complicated","2009","","leicht","Filmwissen","Rom-Com","Rom-Com","Der Hausumbau bringt den möglichen neuen Partner ins Bild.","In welchem Beruf begegnet Adam Schaffer (Steve Martin) Jane Adler (Meryl Streep) in „Wenn Liebe so einfach wäre“?","Als Architekt","Als Steuerberater","Als Rechtsanwalt","Als Immobilienmakler","A","Adam ist der Architekt für Janes Hausumbau.","Adam Schaffer (Steve Martin) kommt als Architekt in das Leben von Jane Adler (Meryl Streep). Er soll ihr Haus erweitern und lernt sie über diese Zusammenarbeit kennen. Auch er hat eine Scheidung hinter sich, wodurch beide einen persönlichen Erfahrungshintergrund teilen. Die geplante Veränderung des Hauses begleitet so die Möglichkeit eines neuen Lebensabschnitts, während Janes Vergangenheit zugleich wieder an Bedeutung gewinnt.","Adam plant als Architekt den Umbau ihres Hauses.","Er wird nicht als Steuerberater beauftragt.","Eine juristische Vertretung bringt die beiden nicht zusammen.","Er verkauft oder vermittelt ihr Haus nicht.","Der Hausumbau bringt den möglichen neuen Partner ins Bild.","mittel","https://en.wikipedia.org/wiki/It%27s_Complicated_(film)|https://www.universalpicturesathome.com/movies/its-complicated","redaktionell_quellengeprueft"
"G100-20261008-ROMCOM-019-M1","K-G100-20261008-ROMCOM-019-M1","","de","Film","Rom-Com","Wenn Liebe so einfach wäre","It's Complicated","2009","","mittel","Filmwissen","Rom-Com","Rom-Com","Der gemeinsame Familienanlass öffnet die Tür zur alten Beziehung.","Bei welchem Anlass kommen Jane (Meryl Streep) und Jake Adler (Alec Baldwin) in „Wenn Liebe so einfach wäre“ wieder näher zusammen?","Bei der Hochzeit ihrer Tochter in Santa Barbara","Beim Studienabschluss ihres Sohnes in New York","Bei einer Trauerfeier für einen gemeinsamen Freund","Bei einer Reise zur Silberhochzeit ihrer Eltern","B","Der Studienabschluss ihres Sohnes bringt die Expartner nach New York.","Jane Adler (Meryl Streep) und ihr Exmann Jake Adler (Alec Baldwin) reisen zum Studienabschluss ihres Sohnes Luke Adler (Hunter Parrish) nach New York. Der familiäre Anlass schafft einen gemeinsamen Aufenthalt außerhalb ihres gewöhnlichen Alltags. Ein Abend entwickelt sich dort zu einer neuen intimen Begegnung. Ausgerechnet eine Feier ihres erwachsenen Kindes wird damit zum Ausgangspunkt einer Affäre zwischen den längst geschiedenen Eltern.","Die Hochzeit einer Tochter ist nicht dieser Anlass.","Die Abschlussfeier des Sohnes führt zum gemeinsamen New Yorker Aufenthalt.","Eine Trauerfeier löst die Annäherung nicht aus.","Eine elterliche Silberhochzeit wird hierfür nicht besucht.","Der gemeinsame Familienanlass öffnet die Tür zur alten Beziehung.","mittel","https://en.wikipedia.org/wiki/It%27s_Complicated_(film)","redaktionell_quellengeprueft"
"G100-20261008-ROMCOM-019-M2","K-G100-20261008-ROMCOM-019-M2","","de","Film","Rom-Com","Wenn Liebe so einfach wäre","It's Complicated","2009","","mittel","Filmwissen","Rom-Com","Rom-Com","Der künftige Schwiegersohn wird zum unfreiwilligen Mitwisser.","Warum muss Harley (John Krasinski) in „Wenn Liebe so einfach wäre“ ein unangenehmes Geheimnis bewahren?","Er entdeckt einen Betrug in einem Familienbetrieb.","Er entdeckt gefälschte Bauunterlagen für den Hausumbau.","Er entdeckt die Affäre seiner künftigen Schwiegereltern.","Er entdeckt heimliche Pläne zur Auswanderung.","C","Harley entdeckt, dass Jane und Jake wieder eine Affäre haben.","Harley (John Krasinski), der Verlobte von Lauren Adler (Caitlin FitzGerald), erkennt, dass Jane Adler (Meryl Streep) und Jake Adler (Alec Baldwin) wieder intim miteinander sind. Als künftiges Mitglied der Familie gerät er dadurch zwischen Mitwissen und Verschweigen. Die übrigen Kinder erfahren zunächst nichts davon. Das Geheimnis betrifft somit nicht nur das Paar, sondern belastet auch jemanden, der gerade erst Teil seiner Familie wird.","Ein Betrug im Familienbetrieb ist nicht sein Geheimnis.","Gefälschte Bauunterlagen findet er nicht.","Harley bekommt die wiederaufgenommene Beziehung von Jane und Jake mit.","Ein Auswanderungsplan wird ihm nicht bekannt.","Der künftige Schwiegersohn wird zum unfreiwilligen Mitwisser.","mittel","https://en.wikipedia.org/wiki/It%27s_Complicated_(film)","redaktionell_quellengeprueft"
"G100-20261008-ROMCOM-019-S1","K-G100-20261008-ROMCOM-019-S1","","de","Film","Rom-Com","Wenn Liebe so einfach wäre","It's Complicated","2009","","schwer","Filmwissen","Rom-Com","Rom-Com","Die Webcam macht das verborgene Dreieck sichtbar.","Wodurch erfährt Adam (Steve Martin) in „Wenn Liebe so einfach wäre“ unmittelbar von Janes (Meryl Streep) Affäre?","Er erhält eine anonyme Sprachnachricht.","Jane schickt versehentlich ein Foto.","Ein Mitwisser erzählt es ihm bei der Feier.","Jake (Alec Baldwin) gerät nackt ins Webcam-Bild.","D","Adam sieht Jake über Janes laufende Webcam.","Jane Adler (Meryl Streep) spricht über die Webcam mit Adam Schaffer (Steve Martin). Jake Adler (Alec Baldwin) legt sich nackt in die Nähe des Computers und wird für Adam sichtbar. Das intime Geheimnis wird dadurch ohne ein geplantes Geständnis enthüllt. Die Technik verbindet zwei getrennte Räume und lässt Adams neue Beziehung zu Jane mit der noch nicht geklärten Vergangenheit zusammenstoßen.","Eine anonyme Sprachnachricht enthüllt die Situation nicht.","Ein versehentlich verschicktes Foto ist nicht das Medium.","Adam erfährt es nicht aus einem Bericht bei der Feier.","Die Webcam zeigt Adam den nackten Jake.","Die Webcam macht das verborgene Dreieck sichtbar.","hoch","https://en.wikipedia.org/wiki/It%27s_Complicated_(film)","redaktionell_quellengeprueft"
"G100-20261008-ROMCOM-019-S2","K-G100-20261008-ROMCOM-019-S2","","de","Film","Rom-Com","Wenn Liebe so einfach wäre","It's Complicated","2009","","schwer","Filmwissen","Rom-Com","Rom-Com","Die Croissants erinnern an den früheren gemeinsamen Abend.","Auf welche gemeinsame Erfahrung spielt Adams (Steve Martin) spätere Bitte um Croissants in „Wenn Liebe so einfach wäre“ an?","Auf das gemeinsame Backen in der Bäckerei","Auf ein Frühstück während ihrer Hochzeitsreise","Auf einen Backkurs mit ihren Kindern","Auf ihre erste Begegnung in einem Pariser Café","A","Die Bitte erinnert an ihren gemeinsamen Backabend.","Jane Adler (Meryl Streep) und Adam Schaffer (Steve Martin) backen bei einem früheren gemeinsamen Abend Schokoladencroissants in ihrer Bäckerei. Nach dem Bruch kommt Adam später wegen der Arbeiten am Haus zurück und fragt erneut danach. Die alltägliche Bitte greift die Erinnerung an ihre Nähe auf. Der Schluss deutet damit über eine kleine gemeinsame Tätigkeit die Möglichkeit einer erneuten Annäherung an.","Jane und Adam hatten zuvor zusammen Schokoladencroissants gebacken.","Eine gemeinsame Hochzeitsreise gab es nicht.","Ein Kinderbackkurs ist nicht die Erinnerung.","Ein erstes Treffen in Paris liegt der Bitte nicht zugrunde.","Die Croissants erinnern an den früheren gemeinsamen Abend.","hoch","https://en.wikipedia.org/wiki/It%27s_Complicated_(film)","redaktionell_quellengeprueft"
"G100-20261008-ROMCOM-019-Y","K-G100-20261008-ROMCOM-019-Y","","de","Film","Rom-Com","Wenn Liebe so einfach wäre","It's Complicated","2009","","mittel","Filmjahr","Rom-Com","Rom-Com","2006 Liebe braucht keine Ferien, 2009 Wenn Liebe so einfach wäre: drei Jahre.","In welchem Jahr wurde „Wenn Liebe so einfach wäre“ erstmals veröffentlicht?","2006","2009","2012","2015","B","2006 Liebe braucht keine Ferien, 2009 dieser Film: drei Jahre.","Wenn Liebe so einfach wäre erschien 2009. Nancy Meyers hatte zuvor Liebe braucht keine Ferien inszeniert, den Sony als Film von 2006 führt; der Abstand beträgt drei Jahre. Beide Werke behandeln neue Beziehungen nach enttäuschenden Erfahrungen, aber in unterschiedlichen Lebenssituationen. Die beiden datierten Filme bilden einen konkreten Anker innerhalb derselben Regiearbeit und verhindern eine Verwechslung der ähnlichen romantischen Themen.","2006 gehört zum früheren Zeitanker, nicht zu diesem Film.","Universal führt 2009 als Erscheinungsjahr.","2012 ist drei Jahre später.","2015 liegt sechs Jahre später.","2006 Liebe braucht keine Ferien, 2009 Wenn Liebe so einfach wäre: drei Jahre.","mittel","https://www.universalpicturesathome.com/movies/its-complicated|https://www.sonypictures.com/movies/theholiday","redaktionell_quellengeprueft"
"G100-20261008-ROMCOM-019-D","K-G100-20261008-ROMCOM-019-D","","de","Film","Rom-Com","Wenn Liebe so einfach wäre","It's Complicated","2009","","mittel","Regie","Rom-Com","Rom-Com","Meyers verantwortet Drehbuch und Regie.","Wer führte bei „Wenn Liebe so einfach wäre“ Regie?","Nora Ephron","Nicole Holofcener","Nancy Meyers","Diane English","C","Nancy Meyers schrieb und inszenierte den Film.","Nancy Meyers führte Regie und schrieb das Drehbuch von Wenn Liebe so einfach wäre. Universal führt beide Zuständigkeiten ausdrücklich auf. Die Hauptrollen spielen Meryl Streep als Jane Adler, Alec Baldwin als Jake Adler und Steve Martin als Adam Schaffer. Das Beziehungsdreieck verbindet Janes wiederkehrende Vergangenheit mit einer neuen Möglichkeit; Meyers gestaltet diese Verbindung zugleich als Autorin der Geschichte und als Regisseurin ihrer Umsetzung.","Nora Ephron hat hier keinen Regiecredit.","Nicole Holofcener inszenierte diesen Film nicht.","Universal nennt Nancy Meyers als Regisseurin.","Diane English war nicht die Regisseurin.","Meyers verantwortet Drehbuch und Regie.","mittel","https://www.universalpicturesathome.com/movies/its-complicated","redaktionell_quellengeprueft"
"G100-20261008-ROMCOM-020-L1","K-G100-20261008-ROMCOM-020-L1","","de","Film","Rom-Com","Love, Rosie – Für immer vielleicht","Love, Rosie","2014","","leicht","Filmwissen","Rom-Com","Rom-Com","Die lange Freundschaft geht der Romanze voraus.","Wie kennen sich Rosie Dunne (Lily Collins) und Alex Stewart (Sam Claflin) zu Beginn von „Love, Rosie – Für immer vielleicht“?","Sie sind seit ihrer Kindheit befreundet.","Sie treffen sich erstmals als Arbeitskollegen.","Sie werden einander als Nachbarn vorgestellt.","Sie lernen sich beim Studium in Boston kennen.","A","Rosie und Alex sind seit ihrer Kindheit beste Freunde.","Rosie Dunne (Lily Collins) und Alex Stewart (Sam Claflin) wachsen mit einer engen Freundschaft auf. Gerade diese Vertrautheit erschwert ihnen, ihre romantischen Gefühle offen auszusprechen. Neue Partner, Zukunftspläne und Missverständnisse verändern die Nähe im Laufe der Jahre. Der Film verfolgt damit keine erste Begegnung zweier Fremder, sondern eine Beziehung, deren lange gemeinsame Geschichte zugleich Halt bietet und Entscheidungen kompliziert macht.","Die beiden verbindet eine lange Kindheitsfreundschaft.","Ein gemeinsamer Arbeitsplatz ist nicht ihr Ausgangspunkt.","Eine erste Nachbarschaftsvorstellung begründet die Beziehung nicht.","Die Bekanntschaft besteht schon vor möglichen Studienplänen.","Die lange Freundschaft geht der Romanze voraus.","mittel","https://en.wikipedia.org/wiki/Love,_Rosie_(film)|https://constantin.film/kino/love-rosie-fuer-immer-vielleicht-2/","redaktionell_quellengeprueft"
"G100-20261008-ROMCOM-020-L2","K-G100-20261008-ROMCOM-020-L2","","de","Film","Rom-Com","Love, Rosie – Für immer vielleicht","Love, Rosie","2014","","leicht","Filmwissen","Rom-Com","Rom-Com","Das Hotel bleibt ein eigener Zukunftswunsch.","Welchen beruflichen Traum verfolgt Rosie Dunne (Lily Collins) in „Love, Rosie – Für immer vielleicht“?","Eine eigene Modefirma zu gründen","Ein eigenes Hotel zu führen","Als Ärztin eine Praxis zu eröffnen","Als Journalistin im Ausland zu arbeiten","B","Rosie möchte ein eigenes Hotel führen.","Rosie Dunne (Lily Collins) verbindet ihre Zukunftspläne mit dem Wunsch, eines Tages ein eigenes Hotel zu führen. Das Ziel verlangt Ausbildung und berufliche Erfahrung, während ihr Leben wiederholt einen anderen Verlauf nimmt als erwartet. Der Traum bleibt dennoch bestehen. Neben der wechselhaften Beziehung zu Alex Stewart (Sam Claflin) besitzt Rosie dadurch eine eigene langfristige Perspektive, die über die Suche nach einem Partner hinausgeht.","Eine Modefirma ist nicht ihr Berufsziel.","Rosie möchte ihr eigenes Hotel betreiben.","Eine ärztliche Praxis gehört nicht zu ihrem Plan.","Eine Auslandskorrespondentenstelle strebt sie nicht an.","Das Hotel bleibt ein eigener Zukunftswunsch.","mittel","https://en.wikipedia.org/wiki/Love,_Rosie_(film)","redaktionell_quellengeprueft"
"G100-20261008-ROMCOM-020-M1","K-G100-20261008-ROMCOM-020-M1","","de","Film","Rom-Com","Love, Rosie – Für immer vielleicht","Love, Rosie","2014","","mittel","Filmwissen","Rom-Com","Rom-Com","Die Schwangerschaft trennt die geplanten gemeinsamen Wege.","Was hält Rosie (Lily Collins) in „Love, Rosie – Für immer vielleicht“ vom geplanten Umzug mit Alex (Sam Claflin) nach Boston ab?","Sie muss die Firma ihres Vaters übernehmen.","Sie verliert ihren Pass vor der Abreise.","Sie wird nach dem Abschlussball schwanger.","Sie wird an keiner Hochschule angenommen.","C","Die Schwangerschaft verhindert die geplante gemeinsame Zukunft in Boston.","Rosie Dunne (Lily Collins) wird nach dem Abschlussball von Greg (Christian Cooke) schwanger. Die Nachricht verändert ihre Pläne, mit Alex Stewart (Sam Claflin) nach Boston zu gehen. Sie verschweigt ihm die Situation zunächst, weil sie nicht möchte, dass er seine eigene Chance aufgibt. Aus der räumlichen Trennung wächst damit ein langfristiger Unterschied zwischen den Lebenswegen der beiden Freunde.","Eine übernommene Firma verhindert die Reise nicht.","Ein fehlender Pass ist nicht die entscheidende Ursache.","Die ungeplante Schwangerschaft verändert Rosies Lebensweg.","Eine allgemeine Hochschulablehnung erklärt den Bruch des Plans nicht.","Die Schwangerschaft trennt die geplanten gemeinsamen Wege.","mittel","https://en.wikipedia.org/wiki/Love,_Rosie_(film)","redaktionell_quellengeprueft"
"G100-20261008-ROMCOM-020-M2","K-G100-20261008-ROMCOM-020-M2","","de","Film","Rom-Com","Love, Rosie – Für immer vielleicht","Love, Rosie","2014","","mittel","Filmwissen","Rom-Com","Rom-Com","Der Liebesbrief wird absichtlich zurückgehalten.","Warum erreicht Alex' (Sam Claflin) entscheidender Liebesbrief Rosie (Lily Collins) in „Love, Rosie – Für immer vielleicht“ zunächst nicht?","Alex schickt den Brief an Rosies frühere Adresse.","Rosies Mutter vernichtet den Brief aus Sorge.","Die Post gibt den Brief ungeöffnet an Alex zurück.","Greg (Christian Cooke) fängt den Brief ab.","D","Greg versteckt den Liebesbrief vor Rosie.","Alex Stewart (Sam Claflin) schreibt Rosie Dunne (Lily Collins) nach einem Besuch einen Brief, in dem er seine Gefühle ausdrückt. Greg (Christian Cooke), Rosies Ehemann, fängt ihn ab und versteckt ihn. Rosie findet die Nachricht erst später beim Packen seiner Sachen. Ein bewusst zurückgehaltener Gegenstand verlängert so das Missverständnis zwischen den Freunden und verhindert, dass sie zur richtigen Zeit voneinander erfahren.","Eine alte Adresse ist nicht der Grund.","Rosies Mutter zerstört den Brief nicht.","Eine postalische Rücksendung erklärt das Ausbleiben nicht.","Greg hält Alex' Brief von Rosie fern.","Der Liebesbrief wird absichtlich zurückgehalten.","mittel","https://en.wikipedia.org/wiki/Love,_Rosie_(film)","redaktionell_quellengeprueft"
"G100-20261008-ROMCOM-020-S1","K-G100-20261008-ROMCOM-020-S1","","de","Film","Rom-Com","Love, Rosie – Für immer vielleicht","Love, Rosie","2014","","schwer","Filmwissen","Rom-Com","Rom-Com","Vergessener Kuss und vermeintliche Ablehnung sind zwei verschiedene Sichtweisen.","Warum missversteht Alex (Sam Claflin) Rosies (Lily Collins) Verhalten nach ihrem Geburtstagskuss in „Love, Rosie – Für immer vielleicht“?","Sie erinnert sich nach dem Alkohol nicht an den Kuss.","Sie verwechselt ihn ausdrücklich mit einem anderen Jungen.","Sie behauptet, der Kuss sei Teil einer Wette gewesen.","Sie sagt, ihre Eltern hätten jede Beziehung verboten.","A","Rosie hat den Kuss vergessen; Alex deutet ihre Worte als Ablehnung.","Rosie Dunne (Lily Collins) und Alex Stewart (Sam Claflin) küssen sich bei ihrer Geburtstagsfeier. Nach zu viel Alkohol erinnert Rosie sich jedoch nicht mehr daran und würde den Abend am liebsten vergessen. Alex bezieht diese Äußerung auf den Kuss und fühlt sich zurückgewiesen. Das Publikum kennt den Unterschied zwischen Erinnerungslücke und Ablehnung; die Figuren klären ihn dagegen lange nicht und richten ihre weiteren Entscheidungen danach aus.","Rosies Erinnerungslücke lässt Alex ihre Worte als Ablehnung deuten.","Eine Verwechslung mit einem anderen Jungen erklärt die Szene nicht.","Von einer Kusswette ist nicht die Rede.","Ein ausgesprochenes Elternverbot löst das Missverständnis nicht aus.","Vergessener Kuss und vermeintliche Ablehnung sind zwei verschiedene Sichtweisen.","mittel","https://en.wikipedia.org/wiki/Love,_Rosie_(film)","redaktionell_quellengeprueft"
"G100-20261008-ROMCOM-020-S2","K-G100-20261008-ROMCOM-020-S2","","de","Film","Rom-Com","Love, Rosie – Für immer vielleicht","Love, Rosie","2014","","schwer","Filmwissen","Rom-Com","Rom-Com","Das väterliche Erbe schafft die finanzielle Grundlage für den Traum.","Wodurch kann Rosie Dunne (Lily Collins) in „Love, Rosie – Für immer vielleicht“ schließlich ihren Hoteltraum finanzieren?","Durch den Verkauf von Alex' (Sam Claflin) Wohnung","Durch das Erbe ihres Vaters","Durch einen Gewinn bei einer Fernsehshow","Durch Gregs (Christian Cooke) Abfindung nach der Scheidung","B","Rosie verwendet das Erbe ihres Vaters für ihr eigenes Hotel.","Rosie Dunne (Lily Collins) kann nach vielen Umwegen ihr eigenes Hotel eröffnen, weil das Erbe ihres Vaters ihr die finanzielle Grundlage gibt. Alex Stewart (Sam Claflin) kommt später als Gast dorthin. Der Ort vereint damit einen selbst erreichten Lebenswunsch und die spätere romantische Annäherung. Die Finanzierung erklärt, wie aus Rosies lange bestehendem beruflichem Traum am Ende ein tatsächlich eröffnetes Geschäft wird.","Alex verkauft dafür keine Wohnung.","Das väterliche Erbe ermöglicht ihr den eigenen Hotelbetrieb.","Ein Fernsehgewinn finanziert den Traum nicht.","Eine Abfindung von Greg ist nicht die entscheidende Grundlage.","Das väterliche Erbe schafft die finanzielle Grundlage für den Traum.","hoch","https://en.wikipedia.org/wiki/Love,_Rosie_(film)","redaktionell_quellengeprueft"
"G100-20261008-ROMCOM-020-Y","K-G100-20261008-ROMCOM-020-Y","","de","Film","Rom-Com","Love, Rosie – Für immer vielleicht","Love, Rosie","2014","","mittel","Filmjahr","Rom-Com","Rom-Com","2004 Roman, 2014 Film: zehn Jahre Abstand.","In welchem Jahr wurde „Love, Rosie – Für immer vielleicht“ erstmals veröffentlicht?","2011","2017","2014","2020","C","2004 der Roman Where Rainbows End, 2014 der Film: zehn Jahre.","Love, Rosie erschien 2014. Cecelia Ahern veröffentlichte die Romanvorlage Where Rainbows End 2004, also zehn Jahre zuvor; ihre offizielle Biografie nennt dieses Buch und seine spätere Verfilmung. Der Abstand verbindet zwei konkrete Fassungen der Geschichte über langjährige Freunde. Der Filmstart gehört daher zur späteren Bildschirmumsetzung und wird vom deutlich früheren Erscheinen der literarischen Vorlage getrennt.","2011 wäre drei Jahre zu früh.","2017 ist drei Jahre später.","Constantins Veröffentlichungstermin liegt 2014.","2020 liegt sechs Jahre später.","2004 Roman, 2014 Film: zehn Jahre Abstand.","mittel","https://constantin.film/kino/love-rosie-fuer-immer-vielleicht-2/|https://www.cecelia-ahern.com/about","redaktionell_quellengeprueft"
"G100-20261008-ROMCOM-020-D","K-G100-20261008-ROMCOM-020-D","","de","Film","Rom-Com","Love, Rosie – Für immer vielleicht","Love, Rosie","2014","","mittel","Regie","Rom-Com","Rom-Com","Ditter inszeniert, Towhidi adaptiert Aherns Roman.","Wer führte bei „Love, Rosie – Für immer vielleicht“ Regie?","Marc Webb","Richard Curtis","Lone Scherfig","Christian Ditter","D","Christian Ditter inszenierte die Romanverfilmung.","Christian Ditter führte bei Love, Rosie Regie. Constantin trennt seinen Credit vom Drehbuch, das Juliette Towhidi nach Cecelia Aherns Roman schrieb. Lily Collins spielt Rosie Dunne, Sam Claflin Alex Stewart. Die Verfilmung verfolgt deren Freundschaft über zahlreiche verpasste Gelegenheiten. Ditter ist damit für die Inszenierung zuständig, während die Entwicklung des Filmtexts und die literarische Urheberschaft anderen Mitwirkenden zugeordnet sind.","Marc Webb führte hier nicht Regie.","Richard Curtis inszenierte diese Verfilmung nicht.","Lone Scherfig hat hier keinen Regiecredit.","Constantin nennt Christian Ditter als Regisseur.","Ditter inszeniert, Towhidi adaptiert Aherns Roman.","mittel","https://constantin.film/kino/love-rosie-fuer-immer-vielleicht-2/","redaktionell_quellengeprueft"
"G100-20261008-ROMCOM-021-L1","K-G100-20261008-ROMCOM-021-L1","","de","Film","Rom-Com","Im Juli","Im Juli","2000","","leicht","Filmwissen","Rom-Com","Rom-Com","Der geregelte Schulalltag ist der Ausgangspunkt der Reise.","Welchen Beruf übt Daniel (Moritz Bleibtreu) in „Im Juli“ zu Beginn aus?","Er ist angehender Rechtsanwalt im Referendariat.","Er ist angehender Lehrer im Referendariat.","Er ist Arzt in der Weiterbildung.","Er ist Architekt in einem Planungsbüro.","B","Daniel ist angehender Lehrer an einer Hamburger Schule.","Daniel (Moritz Bleibtreu) beginnt seine Reise als Hamburger Referendar, der zunächst ein geregeltes und zurückhaltendes Leben führt. Die Ferien schaffen den Freiraum für die unerwartete Fahrt. Sein Alltag an der Schule bildet einen deutlichen Ausgangspunkt für die Begegnungen unterwegs. Als er die gewohnte Umgebung verlässt, muss er sich auf Situationen einlassen, die sich kaum wie sein bisheriger Tagesablauf planen lassen.","Sein Referendariat gehört nicht zur juristischen Ausbildung.","Daniel arbeitet als Referendar an einer Hamburger Schule.","Eine ärztliche Weiterbildung macht er nicht.","Ein Architekturbüro ist nicht sein Arbeitsplatz.","Der geregelte Schulalltag ist der Ausgangspunkt der Reise.","mittel","https://en.wikipedia.org/wiki/In_July_(film)|https://www.filmportal.de/film/im-juli_6944224c1b4f42099563a7533835400d","redaktionell_quellengeprueft"
"G100-20261008-ROMCOM-021-L2","K-G100-20261008-ROMCOM-021-L2","","de","Film","Rom-Com","Im Juli","Im Juli","2000","","leicht","Filmwissen","Rom-Com","Rom-Com","Die Verabredung am Bosporus gibt der Fahrt ihr Ziel.","Welche Stadt will Daniel (Moritz Bleibtreu) auf seiner Reise in „Im Juli“ erreichen?","Athen","Rom","Istanbul","Budapest","C","Daniel reist nach Istanbul.","Daniel (Moritz Bleibtreu) begegnet in Hamburg Melek (İdil Üner) und glaubt, in ihr seine ersehnte Partnerin gefunden zu haben. Nach ihrer Abreise will er sie in Istanbul wiedersehen. Aus diesem Wunsch entsteht die Fahrt durch Südosteuropa. Juli (Christiane Paul) begleitet ihn unterwegs, während seine Aufmerksamkeit anfangs auf der Verabredung am Bosporus liegt und ihre Gefühle für ihn noch übersehen werden.","Athen ist nicht das vereinbarte Reiseziel.","Eine Verabredung in Rom verfolgt er nicht.","Daniel möchte Melek in Istanbul wiedersehen.","Budapest ist nicht sein endgültiges Ziel.","Die Verabredung am Bosporus gibt der Fahrt ihr Ziel.","mittel","https://en.wikipedia.org/wiki/In_July_(film)|https://www.filmportal.de/film/im-juli_6944224c1b4f42099563a7533835400d","redaktionell_quellengeprueft"
"G100-20261008-ROMCOM-021-M1","K-G100-20261008-ROMCOM-021-M1","","de","Film","Rom-Com","Im Juli","Im Juli","2000","","mittel","Filmwissen","Rom-Com","Rom-Com","Ein Sonnensymbol führt zur zunächst falschen Zuordnung.","Welches Motiv auf einem gekauften Ring deutet Daniel (Moritz Bleibtreu) in „Im Juli“ als Liebeszeichen?","Einen Mond","Einen Vogel","Einen Stern","Eine Sonne","D","Das Sonnensymbol wird zum vermeintlichen Zeichen der richtigen Frau.","Juli (Christiane Paul) verkauft Daniel (Moritz Bleibtreu) einen Ring mit einem Sonnensymbol und verbindet ihn mit der Suche nach seiner Traumfrau. Sie selbst hofft, dass er dadurch sie erkennen wird. Daniel begegnet jedoch Melek (İdil Üner), deren Oberteil ebenfalls eine Sonne zeigt. Das gleiche Motiv führt seine Aufmerksamkeit somit zunächst zu einer anderen Frau als derjenigen, die ihm den Ring verkauft hat.","Ein Mondsymbol ist nicht das Zeichen des Rings.","Ein Vogelmotiv führt Daniel nicht zur vermeintlichen Traumfrau.","Ein Stern ist nicht das vereinbarte Erkennungszeichen.","Der Ring trägt ein Sonnensymbol.","Ein Sonnensymbol führt zur zunächst falschen Zuordnung.","mittel","https://en.wikipedia.org/wiki/In_July_(film)","redaktionell_quellengeprueft"
"G100-20261008-ROMCOM-021-M2","K-G100-20261008-ROMCOM-021-M2","","de","Film","Rom-Com","Im Juli","Im Juli","2000","","mittel","Filmwissen","Rom-Com","Rom-Com","Die erste anhaltende Mitfahrgelegenheit ist ausgerechnet Daniel.","Wie schließt sich Juli (Christiane Paul) in „Im Juli“ Daniels (Moritz Bleibtreu) Reise an?","Daniel nimmt sie als Anhalterin mit.","Sie bucht denselben Fernbus wie Daniel.","Sie folgt Daniel mit einem gemieteten Motorrad.","Sie trifft ihn zufällig im Nachtzug.","A","Juli steigt als Anhalterin in Daniels Auto ein.","Juli (Christiane Paul) verlässt nach ihrer Enttäuschung Hamburg und stellt sich zum Trampen an die Straße. Daniel (Moritz Bleibtreu) ist mit einem geliehenen Auto unterwegs und hält als erster für sie an. So kommt die gemeinsame Reise zustande, ohne dass sie vorher miteinander vereinbart wurde. Die zufällige Mitfahrt schafft die Nähe, die ihrem ursprünglichen Versuch einer direkten Verabredung noch gefehlt hatte.","Daniel hält mit dem Auto an und nimmt Juli mit.","Ein gemeinsamer Fernbus bringt sie nicht zusammen.","Juli folgt ihm nicht auf einem Motorrad.","Ein Nachtzug ist nicht der Ort dieses Zusammentreffens.","Die erste anhaltende Mitfahrgelegenheit ist ausgerechnet Daniel.","mittel","https://en.wikipedia.org/wiki/In_July_(film)","redaktionell_quellengeprueft"
"G100-20261008-ROMCOM-021-S1","K-G100-20261008-ROMCOM-021-S1","","de","Film","Rom-Com","Im Juli","Im Juli","2000","","schwer","Filmwissen","Rom-Com","Rom-Com","Der Kofferraum verbirgt einen Toten statt gewöhnlicher Schmuggelware.","Welche verborgene Fracht hat Isa (Mehmet Kurtuluş) in „Im Juli“ im Kofferraum?","Gestohlene Gemälde","Eine Leiche","Unversteuerten Schmuck","Eine Waffenlieferung","B","Isa hat eine Leiche im Kofferraum.","Daniel (Moritz Bleibtreu) begegnet während der Reise Isa (Mehmet Kurtuluş), dessen Wagen eine Leiche im Kofferraum enthält. Die verborgene Fracht verändert den Blick auf den zunächst unbekannten Mitreisenden. Daniels Suche nach einem romantischen Treffen verbindet sich dadurch mit einer fremden, ernsten Angelegenheit. Der Roadmovie führt die Hauptfigur immer wieder in unerwartete Geschichten anderer Menschen hinein, die seinen Weg zusätzlich komplizieren.","Gemälde sind nicht die verborgene Fracht.","Isa transportiert eine Leiche im Kofferraum.","Schmuck schmuggelt er dort nicht.","Eine Waffenlieferung erklärt die Episode nicht.","Der Kofferraum verbirgt einen Toten statt gewöhnlicher Schmuggelware.","mittel","https://www.filmportal.de/film/im-juli_6944224c1b4f42099563a7533835400d","redaktionell_quellengeprueft"
"G100-20261008-ROMCOM-021-S2","K-G100-20261008-ROMCOM-021-S2","","de","Film","Rom-Com","Im Juli","Im Juli","2000","","schwer","Filmwissen","Rom-Com","Rom-Com","Eine aus Liebe unternommene Tramptour liefert den persönlichen Bezug.","Welche eigene Reiseerfahrung nennt Fatih Akin im Produktionspresseheft als Bezug zu „Im Juli“?","Er reiste für einen Filmdreh erstmals nach Istanbul.","Er begleitete einen erkrankten Verwandten im Auto nach Istanbul.","Er trampte einer geliebten Frau nach Istanbul hinterher.","Er arbeitete auf einer Busreise nach Istanbul als Reiseleiter.","C","Akin berichtet von einer eigenen Liebesreise per Anhalter nach Istanbul.","Im Interview des Produktionspressehefts erzählt Fatih Akin, dass er einmal einer Frau nach Istanbul nachgereist sei. Weil ihm Geld fehlte, sei er getrampt. Diese persönliche Erinnerung erklärt einen Bezug zwischen dem romantischen Reiseimpuls des Films und der Erfahrung seines Autors. Die Aussage wird ausdrücklich dem Regisseur zugeschrieben; sie beweist nicht, dass sämtliche späteren Ereignisse der Filmhandlung autobiografisch sind.","Ein erster Drehauftrag ist nicht die erzählte Erfahrung.","Eine Krankenfahrt nennt er dort nicht.","Akin schildert, dass er aus Liebe und ohne Geld nach Istanbul trampte.","Eine Tätigkeit als Reiseleiter begründet diesen Bezug nicht.","Eine aus Liebe unternommene Tramptour liefert den persönlichen Bezug.","mittel","https://www.wuestefilm.de/wp-content/uploads/2016/05/presseheft_imjuli.pdf","redaktionell_quellengeprueft"
"G100-20261008-ROMCOM-021-Y","K-G100-20261008-ROMCOM-021-Y","","de","Film","Rom-Com","Im Juli","Im Juli","2000","","mittel","Filmjahr","Rom-Com","Rom-Com","1998 Kurz und schmerzlos, 2000 Im Juli: zwei Jahre Abstand.","In welchem Jahr wurde „Im Juli“ erstmals veröffentlicht?","1997","2003","2006","2000","D","1998 Kurz und schmerzlos, 2000 Im Juli: zwei Jahre.","Im Juli kam 2000 ins Kino. Fatih Akins früherer Langfilm Kurz und schmerzlos erschien 1998, also zwei Jahre zuvor; filmportal dokumentiert die Werk- und Aufführungsdaten. Der Vergleich verbindet zwei konkrete Stationen seiner frühen Regiearbeit. Nach einer Geschichte aus dem Hamburger Kleingangstermilieu folgte der romantische Roadmovie, dessen Reise die Figuren aus ihrem gewohnten Hamburger Alltag nach Südosteuropa führt.","1997 liegt drei Jahre davor.","2003 liegt drei Jahre danach.","2006 wäre sechs Jahre später.","filmportal weist den Kinostart von 2000 aus.","1998 Kurz und schmerzlos, 2000 Im Juli: zwei Jahre Abstand.","mittel","https://www.filmportal.de/film/im-juli_6944224c1b4f42099563a7533835400d|https://www.filmportal.de/film/kurz-und-schmerzlos_1e65902d2d3a4b66b3595422503dc303","redaktionell_quellengeprueft"
"G100-20261008-ROMCOM-021-D","K-G100-20261008-ROMCOM-021-D","","de","Film","Rom-Com","Im Juli","Im Juli","2000","","mittel","Regie","Rom-Com","Rom-Com","Akin verantwortet Regie und Drehbuch und hat zusätzlich eine Gastrolle.","Wer führte bei „Im Juli“ die Hauptregie?","Fatih Akin","Thomas Arslan","Kutluğ Ataman","Nuri Bilge Ceylan","A","Fatih Akin schrieb und inszenierte den Roadmovie.","Fatih Akin ist bei Im Juli sowohl als Regisseur als auch als Drehbuchautor ausgewiesen. Moritz Bleibtreu spielt Daniel, Christiane Paul Juli. filmportal führt daneben Akins eigenen kurzen Auftritt als Zöllner auf. Diese Mitwirkung vor der Kamera ergänzt die Hauptregie, ersetzt sie aber nicht. Die berufliche Zuständigkeit hinter der Kamera und die kleine Rolle innerhalb der Reisehandlung werden in den Credits getrennt dokumentiert.","filmportal nennt Fatih Akin als Hauptregisseur.","Thomas Arslan inszenierte diesen Roadmovie nicht.","Kutluğ Ataman trägt hier keinen Regiecredit.","Nuri Bilge Ceylan führte hier nicht Regie.","Akin verantwortet Regie und Drehbuch und hat zusätzlich eine Gastrolle.","mittel","https://www.filmportal.de/film/im-juli_6944224c1b4f42099563a7533835400d","redaktionell_quellengeprueft"
"G100-20261008-ROMCOM-022-L1","K-G100-20261008-ROMCOM-022-L1","","de","Film","Rom-Com","Der bewegte Mann","Der bewegte Mann","1994","","leicht","Filmwissen","Rom-Com","Rom-Com","Die selbst verursachte Trennung macht Axel wohnungslos.","Warum wirft Doro (Katja Riemann) Axel (Til Schweiger) in „Der bewegte Mann“ aus der Wohnung?","Er hat ihre gemeinsame Miete verspielt.","Er hat heimlich den Mietvertrag gekündigt.","Sie erwischt ihn beim Fremdgehen.","Sie entdeckt einen Betrug mit ihrem Erbe.","C","Axels Untreue führt zur Trennung und Wohnungssuche.","Doro Feldheim (Katja Riemann) erwischt Axel Feldheim (Til Schweiger) beim Fremdgehen und setzt ihn vor die Tür. Axel muss deshalb kurzfristig eine neue Unterkunft finden. Die Suche bringt ihn in ein für ihn neues Umfeld und schafft die späteren Verwicklungen. Sein Problem beginnt damit bei seinem eigenen Verhalten in der Beziehung, bevor Missverständnisse über andere Männer und neue Bekanntschaften entstehen.","Verspielte Miete ist nicht der Grund.","Eine heimliche Kündigung löst die Trennung nicht aus.","Doro entdeckt Axels Untreue.","Ein Erbschaftsbetrug liegt nicht zugrunde.","Die selbst verursachte Trennung macht Axel wohnungslos.","mittel","https://en.wikipedia.org/wiki/Der_bewegte_Mann|https://www.filmportal.de/film/der-bewegte-mann_77f80e3e081149febc99e01777afe5bb","redaktionell_quellengeprueft"
"G100-20261008-ROMCOM-022-L2","K-G100-20261008-ROMCOM-022-L2","","de","Film","Rom-Com","Der bewegte Mann","Der bewegte Mann","1994","","leicht","Filmwissen","Rom-Com","Rom-Com","Norbert wird der gewählte Gastgeber.","Bei wem zieht Axel (Til Schweiger) nach der Trennung in „Der bewegte Mann“ ein?","Walter (Rufus Beck)","Metzger (Armin Rohde)","Doro (Katja Riemann)","Norbert (Joachim Król)","D","Norbert bietet Axel eine neue Bleibe.","Axel Feldheim (Til Schweiger) lernt nach der Trennung Walter, genannt Waltraut (Rufus Beck), kennen und geht mit ihm zu einer Party. Dort entscheidet er sich, bei Norbert Brommer (Joachim Król) unterzukommen. Norberts eigene Beziehung ist gerade gescheitert. Der neue gemeinsame Wohnraum schafft eine Nähe, die Axel später unterschiedlich auslegt und auf die er erneut zurückgreift, wenn seine alten Beziehungsprobleme wiederkehren.","Walter lädt ihn zwar ein, wird aber nicht der gewählte Gastgeber.","Metzger nimmt Axel nicht als Mitbewohner auf.","Zu Doro kehrt Axel zu diesem Zeitpunkt nicht zurück.","Axel entscheidet sich für Norberts Unterkunft.","Norbert wird der gewählte Gastgeber.","mittel","https://en.wikipedia.org/wiki/Der_bewegte_Mann","redaktionell_quellengeprueft"
"G100-20261008-ROMCOM-022-M1","K-G100-20261008-ROMCOM-022-M1","","de","Film","Rom-Com","Der bewegte Mann","Der bewegte Mann","1994","","mittel","Filmwissen","Rom-Com","Rom-Com","Die erwartete Elternschaft eröffnet einen neuen Versuch.","Warum möchte Doro (Katja Riemann) der Beziehung zu Axel (Til Schweiger) in „Der bewegte Mann“ eine zweite Chance geben?","Sie erwartet ein Kind von ihm.","Er hat ihr seine gesamte Affäre gestanden.","Sie will sein gemeinsames Erbe retten.","Er hat sich zu einer Paartherapie verpflichtet.","A","Doros Schwangerschaft verändert ihre Entscheidung über die Beziehung.","Doro Feldheim (Katja Riemann) teilt Axel Feldheim (Til Schweiger) mit, dass sie ein Kind von ihm erwartet. Sie will deshalb ihre Beziehung noch einmal versuchen. Axel freut sich auf die Vaterschaft, löst seine bisherigen Verhaltensmuster aber damit nicht automatisch. Die Schwangerschaft verändert die Voraussetzungen der Partnerschaft, während seine späteren Entscheidungen erneut die Frage aufwerfen, ob der Neuanfang wirklich Bestand hat.","Doro ist schwanger und möchte die Beziehung neu versuchen.","Ein vollständiges Geständnis erklärt diesen Entschluss nicht.","Ein bedrohtes Erbe ist kein Motiv.","Eine vereinbarte Paartherapie führt nicht zu diesem Schritt.","Die erwartete Elternschaft eröffnet einen neuen Versuch.","mittel","https://en.wikipedia.org/wiki/Der_bewegte_Mann","redaktionell_quellengeprueft"
"G100-20261008-ROMCOM-022-M2","K-G100-20261008-ROMCOM-022-M2","","de","Film","Rom-Com","Der bewegte Mann","Der bewegte Mann","1994","","mittel","Filmwissen","Rom-Com","Rom-Com","Das Versteck macht die harmlose Erklärung kaum glaubwürdig.","Wo verbirgt Axel (Til Schweiger) in „Der bewegte Mann“ den unbekleideten Norbert (Joachim Król), als Doro (Katja Riemann) erscheint?","Unter dem Bett","Im Kleiderschrank","Hinter dem Duschvorhang","Auf dem Balkon","B","Der nackte Norbert wird im Kleiderschrank versteckt.","Norbert Brommer (Joachim Król) begleitet Axel Feldheim (Til Schweiger) in dessen frühere Wohnung und zieht sich während der Annäherung aus. Als Doro Feldheim (Katja Riemann) auftaucht, versteckt Axel ihn rasch im Kleiderschrank. Der Versuch, die Situation zu verbergen, erzeugt ein besonders kompromittierendes Bild. Doro muss nun nicht nur Axels Untreue, sondern auch seine widersprüchlichen Erklärungen über die neue Bekanntschaft beurteilen.","Unter dem Bett wird er nicht verborgen.","Norbert versteckt sich im Kleiderschrank.","Der Duschvorhang ist nicht dieses Versteck.","Auf den Balkon wird er nicht geschickt.","Das Versteck macht die harmlose Erklärung kaum glaubwürdig.","mittel","https://en.wikipedia.org/wiki/Der_bewegte_Mann","redaktionell_quellengeprueft"
"G100-20261008-ROMCOM-022-S1","K-G100-20261008-ROMCOM-022-S1","","de","Film","Rom-Com","Der bewegte Mann","Der bewegte Mann","1994","","schwer","Filmwissen","Rom-Com","Rom-Com","Elkes Mittel führt zu Axels Zustand und zu Doros falscher Deutung.","Wer gibt Axel (Til Schweiger) in „Der bewegte Mann“ ein bewusstseinsveränderndes Mittel, bevor Doro (Katja Riemann) ihn unbekleidet entdeckt?","Walter (Rufus Beck)","Norbert (Joachim Król)","Elke (Antonia Lang)","Metzger (Armin Rohde)","C","Elke gibt Axel das bewusstseinsverändernde Mittel.","Axel Feldheim (Til Schweiger) trifft seine frühere Freundin Elke Schmitt (Antonia Lang) in der Wohnung von Norbert Brommer (Joachim Król). Elke gibt ihm ein bewusstseinsveränderndes Mittel und lässt ihn unbekleidet auf einem Tisch zurück. Doro Feldheim (Katja Riemann) entdeckt ihn dort und deutet die Situation falsch. Die Ursache seines Zustands gehört somit zu einer anderen Begegnung als der, die Doro zunächst vermutet.","Walter verabreicht es Axel nicht.","Norbert hat ihm seine Wohnung überlassen, gibt ihm aber nicht das Mittel.","Elke gibt Axel das Mittel während ihrer Verabredung.","Metzger ist nicht derjenige, der Axel das Mittel gibt.","Elkes Mittel führt zu Axels Zustand und zu Doros falscher Deutung.","hoch","https://en.wikipedia.org/wiki/Der_bewegte_Mann|https://www.filmportal.de/film/der-bewegte-mann_77f80e3e081149febc99e01777afe5bb","redaktionell_quellengeprueft"
"G100-20261008-ROMCOM-022-S2","K-G100-20261008-ROMCOM-022-S2","","de","Film","Rom-Com","Der bewegte Mann","Der bewegte Mann","1994","","schwer","Filmwissen","Rom-Com","Rom-Com","Zwei König-Comics werden zu einer Filmfassung verbunden.","Von wem stammen die Comics, die „Der bewegte Mann“ zugrunde liegen?","Walter Moers","Ralf Paul","Mawil","Ralf König","D","Ralf Königs Comics bilden die Vorlagen.","filmportal nennt zwei Comics von Ralf König als Vorlagen: Der bewegte Mann und Pretty Baby. Sönke Wortmann schrieb das Filmdrehbuch und führte Regie. Die literarisch-grafische Urheberschaft liegt somit bei König, während die Filmfassung einen eigenen Autor und Regisseur hat. Die doppelte Vorlagenangabe verhindert, die Adaption ausschließlich auf den gleichnamigen Comic oder auf eine angeblich originale Filmidee zu reduzieren.","Walter Moers zeichnete diese Vorlagen nicht.","Ralf Paul ist nicht der Vorlagenautor.","Mawil trägt für diese Comics keinen Urhebercredit.","filmportal führt Ralf König als Urheber beider Vorlagen auf.","Zwei König-Comics werden zu einer Filmfassung verbunden.","mittel","https://www.filmportal.de/film/der-bewegte-mann_77f80e3e081149febc99e01777afe5bb","redaktionell_quellengeprueft"
"G100-20261008-ROMCOM-022-Y","K-G100-20261008-ROMCOM-022-Y","","de","Film","Rom-Com","Der bewegte Mann","Der bewegte Mann","1994","","mittel","Filmjahr","Rom-Com","Rom-Com","1991 Allein unter Frauen, 1994 Der bewegte Mann: drei Jahre Abstand.","In welchem Jahr wurde „Der bewegte Mann“ erstmals veröffentlicht?","1994","1991","1997","2000","A","1991 Allein unter Frauen, 1994 Der bewegte Mann: drei Jahre.","Der bewegte Mann erschien 1994. Sönke Wortmanns frühere Komödie Allein unter Frauen wurde bereits 1991 ausgewertet; filmportal dokumentiert ihre damalige Festivalpräsenz. Drei Jahre trennen die beiden Filme. In beiden gerät ein Mann nach dem Ende seiner bisherigen Beziehung in ein neues Wohnumfeld. Dieser gemeinsame Ausgangspunkt schafft einen konkreten Werkvergleich, ohne die verschiedenen Figuren und ihre Beziehungen gleichzusetzen.","Der dokumentierte Kinostart liegt 1994.","1991 gehört zum früheren Vergleichswerk.","1997 liegt drei Jahre später.","2000 liegt sechs Jahre später.","1991 Allein unter Frauen, 1994 Der bewegte Mann: drei Jahre Abstand.","mittel","https://www.filmportal.de/film/der-bewegte-mann_77f80e3e081149febc99e01777afe5bb|https://hdf-kino.de/goldene-leinwand/der-bewegte-mann/|https://www.filmportal.de/film/allein-unter-frauen_87da06a4da864b9dac6253b61b5164e2","redaktionell_quellengeprueft"
"G100-20261008-ROMCOM-022-D","K-G100-20261008-ROMCOM-022-D","","de","Film","Rom-Com","Der bewegte Mann","Der bewegte Mann","1994","","mittel","Regie","Rom-Com","Rom-Com","Wortmann adaptiert und inszeniert Königs Comicvorlagen.","Wer führte bei „Der bewegte Mann“ Regie?","Doris Dörrie","Sönke Wortmann","Detlev Buck","Peter Timm","B","Sönke Wortmann schrieb das Drehbuch und führte Regie.","Sönke Wortmann übernahm für Der bewegte Mann sowohl die Regie als auch das Drehbuch. Die Vorlagen stammen von Ralf König; Bernd Eichinger ist als Produzent geführt. Til Schweiger spielt Axel Feldheim, Joachim Król Norbert Brommer und Katja Riemann Doro Feldheim. Die Credits unterscheiden damit die Inszenierung und Filmadaption von der Comicurheberschaft sowie von der Verantwortung für die Produktion.","Doris Dörrie inszenierte diesen Film nicht.","filmportal und HDF KINO nennen Sönke Wortmann.","Detlev Buck hat hier keinen Hauptregiecredit.","Peter Timm war nicht der Regisseur.","Wortmann adaptiert und inszeniert Königs Comicvorlagen.","mittel","https://www.filmportal.de/film/der-bewegte-mann_77f80e3e081149febc99e01777afe5bb|https://hdf-kino.de/goldene-leinwand/der-bewegte-mann/","redaktionell_quellengeprueft"
"G100-20261008-ROMCOM-023-L1","K-G100-20261008-ROMCOM-023-L1","","de","Film","Rom-Com","Keinohrhasen","Keinohrhasen","2007","Keinohrhasen","leicht","Filmwissen","Rom-Com","Rom-Com","Die gerichtliche Pflicht führt in den Kinderhort.","Wo muss Ludo Decker (Til Schweiger) in „Keinohrhasen“ seine Sozialstunden leisten?","In einem Seniorenheim","In einem Tierheim","In einem Krankenhaus","In einem Kinderhort","D","Ludo muss seine Sozialstunden in einem Kinderhort leisten.","Ludo Decker (Til Schweiger) arbeitet als Boulevardreporter und muss nach einem misslungenen Einsatz Sozialstunden in einem Kinderhort leisten. Dort begegnet er Anna Gotzlowski (Nora Tschirner), die mit dem Alltag der Kinder vertraut ist und ihn zunächst widerwillig aufnimmt. Die verpflichtende Arbeit bringt ihn aus seiner gewohnten Medienwelt in ein Umfeld, dessen Aufgaben und Beziehungen er erst kennenlernen muss.","Ein Seniorenheim ist nicht sein Einsatzort.","Ein Tierheim wird ihm nicht zugewiesen.","Ein Krankenhaus nimmt ihn nicht für diese Sozialstunden auf.","Das Gericht weist Ludo Arbeit in einem Kinderhort zu.","Die gerichtliche Pflicht führt in den Kinderhort.","mittel","https://en.wikipedia.org/wiki/Rabbit_Without_Ears|https://www.filmportal.de/film/keinohrhasen_220f2fc3af844a409ae985d62b9f2f22","redaktionell_quellengeprueft"
"G100-20261008-ROMCOM-023-L2","K-G100-20261008-ROMCOM-023-L2","","de","Film","Rom-Com","Keinohrhasen","Keinohrhasen","2007","Keinohrhasen","leicht","Filmwissen","Rom-Com","Rom-Com","Das alte Machtverhältnis kehrt im Kinderhort zunächst um.","Welche Vorgeschichte haben Anna Gotzlowski (Nora Tschirner) und Ludo Decker (Til Schweiger) in „Keinohrhasen“?","Er hat sie als Kind gehänselt.","Sie waren früher miteinander verlobt.","Sie haben gemeinsam Journalismus studiert.","Er hat sie aus seiner Redaktion entlassen.","A","Anna kennt Ludo aus der Kindheit und erinnert sich an seine Hänseleien.","Anna Gotzlowski (Nora Tschirner) kennt Ludo Decker (Til Schweiger) bereits aus der Kindheit. Damals hat er sie gehänselt, weshalb die Begegnung im Kinderhort für sie keine unbelastete erste Bekanntschaft ist. Sie nutzt anfangs ihre neue Macht über seine Aufgaben, um ihm die Arbeit schwerzumachen. Die spätere Annäherung muss damit auch die Erinnerung an ein früheres verletzendes Verhältnis überwinden.","Anna erinnert sich an Ludos Hänseleien aus der Kindheit.","Eine frühere Verlobung bestand nicht.","Ein gemeinsames Journalismusstudium verbindet sie nicht.","Ludo war nicht ihr Vorgesetzter in einer Redaktion.","Das alte Machtverhältnis kehrt im Kinderhort zunächst um.","mittel","https://en.wikipedia.org/wiki/Rabbit_Without_Ears","redaktionell_quellengeprueft"
"G100-20261008-ROMCOM-023-M1","K-G100-20261008-ROMCOM-023-M1","","de","Film","Rom-Com","Keinohrhasen","Keinohrhasen","2007","Keinohrhasen","mittel","Filmwissen","Rom-Com","Rom-Com","Der spektakuläre Sturz hat rechtliche Folgen.","Was geschieht bei Ludos (Til Schweiger) misslungenem Reportereinsatz in „Keinohrhasen“?","Er stürzt von einer Treppe und beschädigt eine Kamera.","Er bricht durch ein Glasdach und landet in einer Torte.","Er fällt in einen Pool und verliert das Interviewmaterial.","Er fährt mit einem Wagen in den Eingang eines Hotels.","B","Ludo stürzt durch ein Glasdach mitten in eine Feier.","Ludo Decker (Til Schweiger) versucht bei einer prominenten Feier, an Material für seine Boulevardarbeit zu gelangen. Sein riskantes Vorgehen endet damit, dass er durch ein Glasdach bricht und in einer Torte landet. Der Vorfall führt zu den gerichtlich angeordneten Sozialstunden. Aus einem beruflichen Eingriff in die Privatsphäre anderer entsteht so die verpflichtende Begegnung mit einem für ihn völlig anderen Arbeitsalltag.","Der folgenreiche Unfall findet nicht auf einer Treppe statt.","Der Sturz durch das Glasdach endet auf der Feier in einer Torte.","Ein Poolunfall führt nicht zu diesem Urteil.","Ein Wagenunfall am Hoteleingang ist nicht der Auslöser.","Der spektakuläre Sturz hat rechtliche Folgen.","mittel","https://en.wikipedia.org/wiki/Rabbit_Without_Ears","redaktionell_quellengeprueft"
"G100-20261008-ROMCOM-023-M2","K-G100-20261008-ROMCOM-023-M2","","de","Film","Rom-Com","Keinohrhasen","Keinohrhasen","2007","Keinohrhasen","mittel","Filmwissen","Rom-Com","Rom-Com","Der Fotograf liefert die Bilder zum Boulevardbericht.","Welche Aufgabe übernimmt Moritz (Matthias Schweighöfer) im Team von Ludo (Til Schweiger) bei „Keinohrhasen“?","Er vertritt Ludo als Rechtsanwalt.","Er betreut die Anzeigenkunden der Zeitung.","Er fotografiert für die Boulevardberichte.","Er führt die Interviews als Chefredakteur.","C","Moritz ist der Fotograf an Ludos Seite.","Moritz (Matthias Schweighöfer) begleitet Ludo Decker (Til Schweiger) als Fotograf bei den Einsätzen für die Boulevardzeitung. Ihre Zusammenarbeit verbindet den Bericht mit den gesuchten Bildern der prominenten Personen. Damit gehört Moritz zu Ludos beruflicher Welt, aus der die späteren Probleme entstehen. Die Figur wird von der Leitung der Redaktion und von den Menschen im Kinderhort als eigener Kollege unterschieden.","Er ist nicht Ludos Anwalt.","Die Betreuung der Anzeigenkunden ist nicht seine Aufgabe.","Moritz arbeitet als Fotograf an Ludos Seite.","Als Chefredakteur führt er die Berichte nicht.","Der Fotograf liefert die Bilder zum Boulevardbericht.","mittel","https://en.wikipedia.org/wiki/Rabbit_Without_Ears","redaktionell_quellengeprueft"
"G100-20261008-ROMCOM-023-S1","K-G100-20261008-ROMCOM-023-S1","","de","Film","Rom-Com","Keinohrhasen","Keinohrhasen","2007","Keinohrhasen","schwer","Filmwissen","Rom-Com","Rom-Com","Die persönliche Wahl widerspricht dem Auftrag der Redaktion.","Warum verliert Ludo Decker (Til Schweiger) in „Keinohrhasen“ seinen Job bei der Zeitung?","Er verkauft seine Fotos heimlich an eine andere Zeitung.","Er verweigert die Veröffentlichung eines Gerichtsurteils.","Er unterschreibt einen Werbevertrag ohne Erlaubnis der Redaktion.","Er berichtet über Anna (Nora Tschirner) statt über Prominente.","D","Ludo berichtet über Anna und verfehlt damit den erwarteten Prominentenauftrag.","Ludo Decker (Til Schweiger) richtet bei einer Filmpreisveranstaltung seinen Bericht auf Anna Gotzlowski (Nora Tschirner), statt wie erwartet die prominenten Gäste zu bedienen. Seine persönliche Wahl passt nicht zu den Interessen der Boulevardredaktion, die ihn entlässt. Die Szene zeigt einen Wandel seiner Aufmerksamkeit: Die Frau aus seinem Alltag wird ihm wichtiger als die Personen, deren öffentliche Bilder zuvor seinen Beruf bestimmt haben.","Ein heimlicher Bilderverkauf ist nicht die Ursache.","Ein verweigertes Urteil löst die Entlassung nicht aus.","Ein unerlaubter Werbevertrag wird nicht zum Kündigungsgrund.","Sein persönlich gewählter Bericht über Anna verfehlt den Auftrag der Redaktion.","Die persönliche Wahl widerspricht dem Auftrag der Redaktion.","mittel","https://en.wikipedia.org/wiki/Rabbit_Without_Ears","redaktionell_quellengeprueft"
"G100-20261008-ROMCOM-023-S2","K-G100-20261008-ROMCOM-023-S2","","de","Film","Rom-Com","Keinohrhasen","Keinohrhasen","2007","Keinohrhasen","schwer","Filmwissen","Rom-Com","Rom-Com","Die Kinderbühne wird zum Ort des eigenen öffentlichen Geständnisses.","Wo erklärt Ludo Decker (Til Schweiger) Anna (Nora Tschirner) in „Keinohrhasen“ schließlich öffentlich seine Liebe?","Auf der Bühne einer Kinderaufführung","Auf dem roten Teppich der Filmpreisgala","Am Mikrofon eines Presseempfangs","Bei einer Party in einem Nachtclub","A","Ludo gesteht Anna auf der Bühne der Kinderaufführung seine Liebe.","Ludo Decker (Til Schweiger) nutzt am Ende eine Aufführung der Kinder, um Anna Gotzlowski (Nora Tschirner) seine Liebe zu erklären. Er macht seine eigenen Gefühle öffentlich, statt weiterhin nur die Privatleben anderer Menschen für Berichte auszunutzen. Der Auftritt führt die Schlussentscheidung an den Ort, an dem seine Veränderung begonnen hat. Das Publikum der Szene gehört nun zu Annas Alltag und zur gemeinsamen Erfahrung im Kinderhort.","Ludo tritt bei der Aufführung der Kinder auf und erklärt seine Gefühle.","Der rote Teppich ist nicht der Ort dieses Geständnisses.","Ein Presseempfang bildet nicht den Schlussauftritt.","Ein Nachtclub ist nicht der Schauplatz der Erklärung.","Die Kinderbühne wird zum Ort des eigenen öffentlichen Geständnisses.","hoch","https://en.wikipedia.org/wiki/Rabbit_Without_Ears","redaktionell_quellengeprueft"
"G100-20261008-ROMCOM-023-Y","K-G100-20261008-ROMCOM-023-Y","","de","Film","Rom-Com","Keinohrhasen","Keinohrhasen","2007","Keinohrhasen","mittel","Filmjahr","Rom-Com","Rom-Com","2007 erster Film, 2009 Fortsetzung: zwei Jahre Abstand.","In welchem Jahr wurde „Keinohrhasen“ erstmals veröffentlicht?","2004","2007","2010","2013","B","2007 Keinohrhasen, 2009 Zweiohrküken: zwei Jahre.","Keinohrhasen erschien 2007. Die Fortsetzung Zweiohrküken kam 2009 heraus, also zwei Jahre später; filmportal führt die Veröffentlichungsdaten beider Filme. Der zeitliche Vergleich bezieht sich auf zwei konkrete Kinofilme mit wiederkehrenden Hauptfiguren. Das erste Werk entwickelt die Annäherung im Kinderhort, während der zweite Film die inzwischen bestehende Beziehung weiterführt und mit neuen Konflikten konfrontiert.","2004 wäre drei Jahre zu früh.","Die Premiere und der Kinostart liegen 2007.","2010 liegt drei Jahre später.","2013 liegt sechs Jahre später.","2007 erster Film, 2009 Fortsetzung: zwei Jahre Abstand.","mittel","https://www.filmportal.de/film/keinohrhasen_220f2fc3af844a409ae985d62b9f2f22|https://www.filmportal.de/en/movie/zweiohrkuken_6a4b8138f7ec5e9be040007f01000c07","redaktionell_quellengeprueft"
"G100-20261008-ROMCOM-023-D","K-G100-20261008-ROMCOM-023-D","","de","Film","Rom-Com","Keinohrhasen","Keinohrhasen","2007","Keinohrhasen","mittel","Regie","Rom-Com","Rom-Com","Schweiger Hauptregie, Künstler zweiter Stab.","Wer führte bei „Keinohrhasen“ die Hauptregie?","Torsten Künstler","Matthias Schweighöfer","Til Schweiger","Detlev Buck","C","Til Schweiger ist Hauptregisseur; Torsten Künstler leitete den zweiten Stab.","Til Schweiger führte bei Keinohrhasen die Hauptregie und spielt Ludo Decker. filmportal weist Torsten Künstler gesondert für die Regie des zweiten Stabs aus. Das Drehbuch stammt von Anika Decker und Schweiger. Matthias Schweighöfer verkörpert Moritz und ist damit als Darsteller beteiligt. Die getrennten Credits verhindern, aus einer weiteren Regietätigkeit am Set ein gleichberechtigtes Hauptregieteam oder aus der Besetzung die Filmregie abzuleiten.","Torsten Künstler führte den zweiten Stab, nicht die Hauptregie.","Matthias Schweighöfer spielt Moritz, führte hier aber nicht Hauptregie.","Til Schweiger trägt den Hauptregiecredit.","Detlev Buck inszenierte den Film nicht.","Schweiger Hauptregie, Künstler zweiter Stab.","mittel","https://www.filmportal.de/film/keinohrhasen_220f2fc3af844a409ae985d62b9f2f22","redaktionell_quellengeprueft"
"G100-20261008-ROMCOM-024-L1","K-G100-20261008-ROMCOM-024-L1","","de","Film","Rom-Com","Love, Simon","Love, Simon","2018","","leicht","Filmwissen","Rom-Com","Rom-Com","Die E-Mails schaffen Nähe, bevor die Identität bekannt ist.","Wie entwickelt Simon Spier (Nick Robinson) in „Love, Simon“ seine zunächst anonyme Liebesbeziehung?","Durch einen Austausch von E-Mails","Durch anonyme Briefe im Schulspind","Durch Gespräche bei einer Telefonseelsorge","Durch Nachrichten in einem Online-Rollenspiel","A","Simon entwickelt die Beziehung über anonyme E-Mails.","Simon Spier (Nick Robinson) hat seine Homosexualität zunächst vor seiner Umgebung verborgen. Als ein anderer Schüler anonym über seine Gefühle schreibt, nimmt Simon per E-Mail Kontakt auf. Die beiden können sich in der Korrespondenz öffnen, ohne ihre Namen zu nennen. Die entstehende Nähe steht deshalb im Gegensatz zum noch unbekannten Gegenüber im Schulalltag, wo Simon immer wieder über dessen Identität rätselt.","Simon und sein unbekanntes Gegenüber schreiben einander E-Mails.","Papierbriefe im Spind sind nicht ihr Kommunikationsweg.","Eine Telefonseelsorge bringt die beiden nicht zusammen.","Ein Online-Rollenspiel ist nicht der Ort der Korrespondenz.","Die E-Mails schaffen Nähe, bevor die Identität bekannt ist.","mittel","https://en.wikipedia.org/wiki/Love,_Simon|https://www.20thcenturystudios.com/movies/love-simon","redaktionell_quellengeprueft"
"G100-20261008-ROMCOM-024-L2","K-G100-20261008-ROMCOM-024-L2","","de","Film","Rom-Com","Love, Simon","Love, Simon","2018","","leicht","Filmwissen","Rom-Com","Rom-Com","Das private Wissen wird für einen fremden Flirt eingesetzt.","Welche Hilfe verlangt Martin Addison (Logan Miller) in „Love, Simon“ von Simon (Nick Robinson)?","Er soll ihm einen Schulwechsel ermöglichen.","Er soll ihm helfen, Abby (Alexandra Shipp) näherzukommen.","Er soll für ihn eine Prüfung schreiben.","Er soll ihn zum Klassensprecher machen.","B","Martin verlangt Hilfe beim Werben um Abby.","Martin Addison (Logan Miller) entdeckt die private Korrespondenz von Simon Spier (Nick Robinson) auf einem Schulcomputer. Er setzt Simon damit unter Druck, um Abby Suso (Alexandra Shipp) näherzukommen. Simon soll seine Freundschaft zu ihr für Martins Zwecke einsetzen. Die Forderung bedroht daher nicht nur seine Privatsphäre, sondern wirkt sich auch auf den Umgang mit Menschen aus, denen er eigentlich nahesteht.","Ein Schulwechsel ist nicht seine Forderung.","Martin will Simons Unterstützung bei Abby.","Simon soll keine Prüfung für ihn übernehmen.","Eine Klassensprecherwahl gehört nicht zum Druckmittel.","Das private Wissen wird für einen fremden Flirt eingesetzt.","mittel","https://en.wikipedia.org/wiki/Love,_Simon","redaktionell_quellengeprueft"
"G100-20261008-ROMCOM-024-M1","K-G100-20261008-ROMCOM-024-M1","","de","Film","Rom-Com","Love, Simon","Love, Simon","2018","","mittel","Filmwissen","Rom-Com","Rom-Com","Jacques ist die verborgene Schreibidentität Simons.","Welchen Namen verwendet Simon Spier (Nick Robinson) in „Love, Simon“ für seine anonyme Korrespondenz?","Charlie","Oliver","Jacques","Victor","C","Simons E-Mail-Alias lautet Jacques.","Simon Spier (Nick Robinson) benutzt für seine geheime Korrespondenz den Namen Jacques. Sein Gegenüber schreibt als Blue, wodurch beide zunächst ohne ihre Alltagsidentität miteinander sprechen können. Die Trennung zwischen Alias und tatsächlicher Person prägt Simons Suche nach dem anderen Schüler. Auch der unerlaubte Zugriff auf die Nachrichten ist so gefährlich, weil er diese geschützte Verbindung mit seinem öffentlich bekannten Namen zusammenbringt.","Charlie ist nicht sein Alias.","Oliver verwendet er für diese E-Mails nicht.","Simon schreibt unter dem Namen Jacques.","Victor ist nicht sein Name in der Korrespondenz.","Jacques ist die verborgene Schreibidentität Simons.","mittel","https://en.wikipedia.org/wiki/Love,_Simon","redaktionell_quellengeprueft"
"G100-20261008-ROMCOM-024-M2","K-G100-20261008-ROMCOM-024-M2","","de","Film","Rom-Com","Love, Simon","Love, Simon","2018","","mittel","Filmwissen","Rom-Com","Rom-Com","Der Schutz des eigenen Geheimnisses führt zu Lügen über andere.","Warum sind Simons (Nick Robinson) Freunde nach den Enthüllungen in „Love, Simon“ auf ihn wütend?","Er hat ihre Nachrichten für eine Schulzeitung verkauft.","Er hat ihnen ein zugesagtes Stipendium weggenommen.","Er hat ihre gemeinsame Reise heimlich abgesagt.","Er hat ihre Beziehungen mit erfundenen Angaben beeinflusst.","D","Simons Lügen über Beziehungen haben seine Freunde verletzt.","Simon Spier (Nick Robinson) versucht unter dem Druck von Martin Addison (Logan Miller), die Beziehungen seines Freundeskreises zu lenken. Er erzählt erfundene Dinge, damit Martins Annäherung an Abby Suso (Alexandra Shipp) eine Chance bekommt. Als die Manipulation sichtbar wird, sind die Freunde verletzt. Der Streit betrifft deshalb ihr beschädigtes Vertrauen und verlangt von Simon eine eigene Entschuldigung für sein Verhalten.","Ein Verkauf ihrer Nachrichten findet nicht statt.","Er nimmt ihnen kein Stipendium weg.","Eine heimlich abgesagte Reise verursacht den Streit nicht.","Simon hat Informationen erfunden und damit die Gefühle seiner Freunde beeinflusst.","Der Schutz des eigenen Geheimnisses führt zu Lügen über andere.","mittel","https://en.wikipedia.org/wiki/Love,_Simon","redaktionell_quellengeprueft"
"G100-20261008-ROMCOM-024-S1","K-G100-20261008-ROMCOM-024-S1","","de","Film","Rom-Com","Love, Simon","Love, Simon","2018","","schwer","Filmwissen","Rom-Com","Rom-Com","Die Veröffentlichung gefährdet beide Seiten der Korrespondenz.","Warum löscht Blue in „Love, Simon“ seinen E-Mail-Zugang nach der Veröffentlichung von Simons (Nick Robinson) Nachrichten?","Er fürchtet, ebenfalls gegen seinen Willen erkannt zu werden.","Er hat erfahren, dass Simon die Briefe selbst veröffentlicht hat.","Er zieht sofort mit seiner Familie in eine andere Stadt.","Er will seine Geschichte an die Schulzeitung verkaufen.","A","Blue zieht sich aus Angst vor einem unfreiwilligen Outing zurück.","Nachdem die privaten Nachrichten von Simon Spier (Nick Robinson) veröffentlicht worden sind, ist auch die Anonymität seines Gegenübers bedroht. Blue löscht den E-Mail-Zugang und bricht die Verbindung ab. Was zuvor einen geschützten Austausch erlaubte, erscheint nun als Risiko für ein unfreiwilliges Outing. Simon muss deshalb um neues Vertrauen werben, bevor die beiden ihre Beziehung außerhalb der anonymen Korrespondenz weiterführen können.","Die Veröffentlichung bedroht auch Blues geschützte Identität.","Blue weiß nicht von einer freiwilligen Veröffentlichung durch Simon.","Ein sofortiger Umzug ist nicht der Grund.","Ein Verkauf der Geschichte erklärt den Kontaktabbruch nicht.","Die Veröffentlichung gefährdet beide Seiten der Korrespondenz.","mittel","https://en.wikipedia.org/wiki/Love,_Simon","redaktionell_quellengeprueft"
"G100-20261008-ROMCOM-024-S2","K-G100-20261008-ROMCOM-024-S2","","de","Film","Rom-Com","Love, Simon","Love, Simon","2018","","schwer","Filmwissen","Rom-Com","Rom-Com","Am Riesenrad bekommt Blue einen wirklichen Namen.","Wer offenbart sich am Riesenrad in „Love, Simon“ als Blue?","Cal (Miles Heizer)","Bram (Keiynan Lonsdale)","Lyle (Joey Pollari)","Nick (Jorge Lendeborg Jr.)","B","Bram ist der anonyme E-Mail-Partner Blue.","Simon Spier (Nick Robinson) wartet beim Schulfest am Riesenrad auf sein bisher anonymes Gegenüber. Schließlich kommt Bram Greenfeld (Keiynan Lonsdale) und offenbart sich als Blue. Frühere Begegnungen hatten Simon über dessen Identität getäuscht. Die Schlussenthüllung verbindet die vertraute Stimme aus den E-Mails mit einem Menschen aus seinem tatsächlichen Schulalltag und ermöglicht den beiden, ihre Gefühle offen miteinander zu teilen.","Cal ist nicht das gesuchte Gegenüber.","Bram kommt zum Riesenrad und gibt sich als Blue zu erkennen.","Lyle wird nicht als Blue enthüllt.","Nick ist Simons Freund, nicht der anonyme Brieffreund.","Am Riesenrad bekommt Blue einen wirklichen Namen.","hoch","https://en.wikipedia.org/wiki/Love,_Simon","redaktionell_quellengeprueft"
"G100-20261008-ROMCOM-024-Y","K-G100-20261008-ROMCOM-024-Y","","de","Film","Rom-Com","Love, Simon","Love, Simon","2018","","mittel","Filmjahr","Rom-Com","Rom-Com","2015 Roman, 2018 Film: drei Jahre Abstand.","In welchem Jahr wurde „Love, Simon“ erstmals veröffentlicht?","2015","2021","2018","2024","C","2015 der Roman, 2018 der Film: drei Jahre.","Love, Simon erschien 2018. Becky Albertalli veröffentlichte Simon vs. the Homo Sapiens Agenda 2015, also drei Jahre zuvor; ihre offizielle FAQ dokumentiert Buch und Verfilmung. Der Vergleich verbindet zwei konkrete Fassungen derselben Liebesgeschichte. Das spätere Fernsehspinoff Love, Victor erzählt dagegen von einer anderen Hauptfigur und wird nicht als ein weiterer Kinofilm mit Simon oder als dessen erstes Veröffentlichungsjahr behandelt.","2015 ist das Jahr der Romanvorlage.","2021 liegt drei Jahre später.","Der Studio-Kinostart liegt 2018.","2024 liegt sechs Jahre später.","2015 Roman, 2018 Film: drei Jahre Abstand.","mittel","https://www.20thcenturystudios.com/movies/love-simon|https://www.beckyalbertalli.com/faq","redaktionell_quellengeprueft"
"G100-20261008-ROMCOM-024-D","K-G100-20261008-ROMCOM-024-D","","de","Film","Rom-Com","Love, Simon","Love, Simon","2018","","mittel","Regie","Rom-Com","Rom-Com","Berlanti inszeniert die Adaption von Aptaker und Berger.","Wer führte bei „Love, Simon“ Regie?","Stephen Chbosky","Josh Boone","Gus Van Sant","Greg Berlanti","D","Greg Berlanti führte Regie.","Greg Berlanti inszenierte Love, Simon nach Becky Albertallis Roman. Das Studio nennt Isaac Aptaker und Elizabeth Berger für das Filmdrehbuch und Berlanti für die Regie. Nick Robinson spielt Simon Spier, während Keiynan Lonsdale Bram Greenfeld verkörpert. Die Credits unterscheiden damit die literarische Urheberschaft, die gemeinsame Adaption und die Hauptregie der Geschichte über eine zunächst anonyme Liebe im Schulalltag.","Stephen Chbosky inszenierte diese Adaption nicht.","Josh Boone hat hier keinen Regiecredit.","Gus Van Sant führte bei diesem Film nicht Regie.","Das Studio nennt Greg Berlanti als Regisseur.","Berlanti inszeniert die Adaption von Aptaker und Berger.","mittel","https://www.20thcenturystudios.com/movies/love-simon","redaktionell_quellengeprueft"
