"question_id","knowledge_id","variant_of","language","domain","subdomain","film_title_de","film_title_original","film_year","franchise","difficulty","question_type","topic_tags","badge_tags","learning_objective","question","answer_a","answer_b","answer_c","answer_d","correct_answer","explanation_short","explanation_context","feedback_a","feedback_b","feedback_c","feedback_d","memory_anchor","spoiler_level","source_urls","verification_status"
"G100-20261008-WESTERN-001-L1","K-G100-20261008-WESTERN-001-L1","","de","Film","Western","Johnny Guitar – Gejagt, gehaßt, gefürchtet","Johnny Guitar","1954","","leicht","Filmwissen","Western","Western","Viennas eigener Saloon.","Welches Geschäft betreibt Vienna (Joan Crawford) in „Johnny Guitar – Gejagt, gehaßt, gefürchtet“?","Ein Hotel","Einen Saloon","Einen Gemischtwarenladen","Eine Postkutschenstation","B","Vienna betreibt einen Saloon.","Vienna (Joan Crawford) hat sich mit ihrem Saloon eine wirtschaftlich eigenständige Stellung geschaffen. Ihr Haus liegt außerhalb des Ortes und dient zugleich als Treffpunkt und umkämpfter Rückzugsraum. Die Nachbarschaft betrachtet ihre Beziehungen zu Außenseitern mit Misstrauen. Dass eine Frau diesen öffentlichen Raum beherrscht und verteidigt, verschiebt die gewohnte Rollenverteilung des klassischen Westerns.","Ein Hotel ist nicht Viennas Geschäft.","Vienna betreibt einen Saloon.","Sie ist keine Gemischtwarenhändlerin.","Die Postkutschenstation gehört nicht ihr.","Viennas eigener Saloon.","mittel","https://en.wikipedia.org/wiki/Johnny_Guitar","redaktionell_quellengeprueft"
"G100-20261008-WESTERN-001-L2","K-G100-20261008-WESTERN-001-L2","","de","Film","Western","Johnny Guitar – Gejagt, gehaßt, gefürchtet","Johnny Guitar","1954","","leicht","Filmwissen","Western","Western","Ein Wiedersehen ehemaliger Liebender.","Welche Vergangenheit verbindet Vienna (Joan Crawford) und Johnny (Sterling Hayden) in „Johnny Guitar – Gejagt, gehaßt, gefürchtet“?","Sie waren gemeinsam verheiratet.","Sie waren Geschäftspartner.","Sie waren ein Liebespaar.","Sie waren Pflegegeschwister.","C","Vienna und Johnny sind ehemalige Liebende.","Johnny (Sterling Hayden) kommt nicht als völlig Fremder zu Vienna (Joan Crawford). Die beiden waren früher ein Liebespaar und haben sich jahrelang nicht gesehen. Seine gewalttätige Vergangenheit belastet diese Beziehung weiterhin. Ihre Gespräche verbinden den äußeren Konflikt um den Saloon mit einer zweiten Geschichte: Können zwei Menschen nach Verletzungen und Trennung wieder Vertrauen zueinander finden?","Eine frühere Ehe wird nicht als ihre Verbindung erzählt.","Ihre Vergangenheit ist eine Liebesbeziehung, keine gemeinsame Firma.","Vienna und Johnny sind ehemalige Liebende.","Sie haben keine geschwisterliche Beziehung.","Ein Wiedersehen ehemaliger Liebender.","mittel","https://en.wikipedia.org/wiki/Johnny_Guitar","redaktionell_quellengeprueft"
"G100-20261008-WESTERN-001-M1","K-G100-20261008-WESTERN-001-M1","","de","Film","Western","Johnny Guitar – Gejagt, gehaßt, gefürchtet","Johnny Guitar","1954","","mittel","Filmwissen","Western","Western","Vienna erwartet die Eisenbahn.","Welche erwartete Entwicklung erklärt Viennas (Joan Crawford) Standortstrategie in „Johnny Guitar – Gejagt, gehaßt, gefürchtet“?","Die Erschließung einer Silbermine","Die Verlegung eines Armeeforts","Die Einrichtung eines Viehmarkts","Der Bau einer Eisenbahn","D","Vienna setzt auf die kommende Eisenbahn.","Vienna (Joan Crawford) blickt auf eine Zukunft, die viele Viehhalter im Ort ablehnen: Die Eisenbahn soll neue Menschen und wirtschaftliche Möglichkeiten bringen. Ihr Saloon steht deshalb nicht einfach zufällig abseits. Sie erwartet, von dieser Veränderung zu profitieren. Der Streit um ihre Stellung betrifft damit auch zwei Vorstellungen des Westens: bestehende Besitzverhältnisse verteidigen oder die kommende Entwicklung nutzen.","Eine Silbermine begründet ihre Standortwahl nicht.","Ein neues Armeefort ist nicht der entscheidende Faktor.","Sie spekuliert nicht auf einen Viehmarkt.","Vienna setzt auf die kommende Eisenbahn.","Vienna erwartet die Eisenbahn.","mittel","https://en.wikipedia.org/wiki/Johnny_Guitar","redaktionell_quellengeprueft"
"G100-20261008-WESTERN-001-M2","K-G100-20261008-WESTERN-001-M2","","de","Film","Western","Johnny Guitar – Gejagt, gehaßt, gefürchtet","Johnny Guitar","1954","","mittel","Filmwissen","Western","Western","Emmas Eifersucht wird öffentliche Verfolgung.","Was verschärft Emmas (Mercedes McCambridge) Feindschaft gegen Vienna (Joan Crawford) in „Johnny Guitar – Gejagt, gehaßt, gefürchtet“?","Eifersucht wegen des Dancin’ Kid (Scott Brady)","Streit um Johnnys (Sterling Hayden) Schulden","Rivalität um McIvers’ (Ward Bond) Erbe","Rache für Toms (John Carradine) Kündigung","A","Emma begehrt den Dancin’ Kid und ist eifersüchtig auf Vienna.","Emma (Mercedes McCambridge) gibt ihrer Verfolgung öffentlich eine moralische Begründung. Dahinter steht aber auch ihre unerwiderte Zuneigung zum Dancin’ Kid (Scott Brady), der Vienna (Joan Crawford) nahesteht. So mischen sich persönliche Eifersucht und der Anspruch, für die Gemeinschaft zu handeln. Der Film macht sichtbar, wie ein privates Gefühl die organisierte Gewalt gegen eine vermeintliche Außenseiterin verschärfen kann.","Emma begehrt den Dancin’ Kid und ist eifersüchtig auf Vienna.","Johnnys Schulden erklären Emmas Feindschaft nicht.","McIvers’ Erbe ist nicht der Gegenstand dieser Rivalität.","Toms Beschäftigung ist nicht Emmas persönlicher Antrieb.","Emmas Eifersucht wird öffentliche Verfolgung.","mittel","https://en.wikipedia.org/wiki/Johnny_Guitar","redaktionell_quellengeprueft"
"G100-20261008-WESTERN-001-S1","K-G100-20261008-WESTERN-001-S1","","de","Film","Western","Johnny Guitar – Gejagt, gehaßt, gefürchtet","Johnny Guitar","1954","","schwer","Filmwissen","Western","Western","Turkey liegt unter dem Tisch.","Wo entdeckt die Suchtruppe Turkey (Ben Cooper) im Saloon in „Johnny Guitar – Gejagt, gehaßt, gefürchtet“?","Hinter der Theke","Unter einem Tisch","Im Dachboden","Unter einer Bodendiele","B","Turkey wird unter einem Tisch gefunden.","Vienna (Joan Crawford) nimmt den verletzten Turkey (Ben Cooper) auf, obwohl ihr die Nähe zu seiner Bande gefährlich werden kann. Bei der Durchsuchung ihres Saloons findet die Suchtruppe ihn unter einem Tisch. Aus einer konkreten Hilfeleistung wird nun ein Vorwand zur Verfolgung. Das kleine räumliche Detail gehört zu dem Moment, in dem Gerüchte und Verdacht in unmittelbare Gewalt umschlagen.","Die Theke ist nicht sein entdecktes Versteck.","Turkey wird unter einem Tisch gefunden.","Er versteckt sich nicht im Dachboden.","Eine Bodendiele verdeckt ihn nicht.","Turkey liegt unter dem Tisch.","mittel","https://en.wikipedia.org/wiki/Johnny_Guitar","redaktionell_quellengeprueft"
"G100-20261008-WESTERN-001-S2","K-G100-20261008-WESTERN-001-S2","","de","Film","Western","Johnny Guitar – Gejagt, gehaßt, gefürchtet","Johnny Guitar","1954","","schwer","Filmwissen","Western","Western","Vom brennenden Saloon durch den Tunnel.","Welcher Fluchtweg ermöglicht Vienna (Joan Crawford) und Johnny (Sterling Hayden) nach dem Saloonbrand in „Johnny Guitar – Gejagt, gehaßt, gefürchtet“ das Entkommen?","Eine Leiter zum Dach","Ein Versorgungsschacht im Brunnen","Ein unterirdischer Tunnel","Ein Seitenausgang zum Stall","C","Die beiden entkommen durch einen Tunnel unter dem Saloon.","Nach der Eskalation rettet Johnny (Sterling Hayden) Vienna (Joan Crawford) vor dem Tod. Ein Tunnel unter dem Saloon ermöglicht ihre Flucht aus dem zerstörten Schauplatz. Dieser Weg führt die beiden überraschend zum Versteck der Bande. Die Rettung beendet die Bedrohung also noch nicht: Der Wechsel des Raumes bringt die zuvor getrennten Konfliktgruppen für die letzte Auseinandersetzung zusammen.","Eine Dachleiter ist nicht der entscheidende Fluchtweg.","Sie fliehen nicht durch einen Brunnenschacht.","Die beiden entkommen durch einen Tunnel unter dem Saloon.","Ein Stallausgang führt sie nicht aus dieser Situation.","Vom brennenden Saloon durch den Tunnel.","hoch","https://en.wikipedia.org/wiki/Johnny_Guitar","redaktionell_quellengeprueft"
"G100-20261008-WESTERN-001-Y","K-G100-20261008-WESTERN-001-Y","","de","Film","Western","Johnny Guitar – Gejagt, gehaßt, gefürchtet","Johnny Guitar","1954","","mittel","Filmjahr","Western","Western","Roman 1953, Film 1954: ein Jahr.","In welchem Jahr wurde „Johnny Guitar – Gejagt, gehaßt, gefürchtet“ erstmals veröffentlicht?","1951","1957","1960","1954","D","Der Film erschien erstmals 1954.","Roy Chanslors Roman Johnny Guitar erschien 1953; Nicholas Rays Verfilmung folgte 1954, nur ein Jahr später. Der kurze Abstand zeigt, wie rasch der Stoff vom Buch ins Kino gelangte. AFI dokumentiert die literarische Vorlage und den New Yorker Start im Veröffentlichungsjahr. Abweichende Tagesangaben in den Quellen ändern diese Einordnung in die Mitte der fünfziger Jahre nicht.","1951 liegt drei Jahre vor der Veröffentlichung.","1957 ist drei Jahre zu spät.","1960 liegt sechs Jahre nach dem Filmstart.","Der Film erschien erstmals 1954.","Roman 1953, Film 1954: ein Jahr.","mittel","https://catalog.afi.com/Film/51244-JOHNNY-GUITAR","redaktionell_quellengeprueft"
"G100-20261008-WESTERN-001-D","K-G100-20261008-WESTERN-001-D","","de","Film","Western","Johnny Guitar – Gejagt, gehaßt, gefürchtet","Johnny Guitar","1954","","mittel","Regie","Western","Western","Nicholas Ray: Western und Beziehungsmelodram.","Wer führte bei „Johnny Guitar – Gejagt, gehaßt, gefürchtet“ die Hauptregie?","Nicholas Ray","Anthony Mann","Budd Boetticher","Delmer Daves","A","Nicholas Ray führte die Hauptregie.","AFI führt Nicholas Ray als Regisseur. Seine Inszenierung verbindet die Auseinandersetzung um Vienna (Joan Crawford) mit dem Wiedersehen mit Johnny (Sterling Hayden). Konflikte werden dabei nicht nur im offenen Gelände, sondern auch in aufgeladenen Innenräumen ausgetragen. Der Saloon ist zugleich Geschäft, Bühne und Zufluchtsort. Diese Verbindung von Westernhandlung und Beziehungsmelodram erklärt einen wichtigen Teil der Eigenart des Films.","Nicholas Ray führte die Hauptregie.","Anthony Mann ist nicht der Regisseur dieses Films.","Budd Boetticher verantwortete andere psychologische Western.","Delmer Daves führte hier nicht Regie.","Nicholas Ray: Western und Beziehungsmelodram.","mittel","https://catalog.afi.com/Film/51244-JOHNNY-GUITAR|https://en.wikipedia.org/wiki/Johnny_Guitar","redaktionell_quellengeprueft"
"G100-20261008-WESTERN-002-L1","K-G100-20261008-WESTERN-002-L1","","de","Film","Western","Cat Ballou – Hängen sollst du in Wyoming","Cat Ballou","1965","","leicht","Filmwissen","Western","Western","Die künftige Lehrerin wird zur Gesetzlosen.","Welchen Beruf möchte Cat (Jane Fonda) zu Beginn von „Cat Ballou – Hängen sollst du in Wyoming“ ausüben?","Krankenschwester","Telegrafistin","Lehrerin","Zeitungsredakteurin","C","Cat kehrt als angehende Lehrerin zurück.","Cat (Jane Fonda) beginnt ihre Geschichte mit einer bürgerlichen Berufsperspektive: Sie möchte Lehrerin werden und kehrt nach ihrer Ausbildung nach Hause zurück. Erst die Bedrohung ihrer Familie führt sie in eine andere Richtung. Die Westernkomödie entwickelt ihre Gesetzlose damit aus einem Konflikt heraus, statt sie von Anfang an als erfahrene Banditin oder professionelle Revolverheldin einzuführen.","Sie plant keine Laufbahn als Krankenschwester.","Telegrafistin ist nicht ihr angestrebter Beruf.","Cat kehrt als angehende Lehrerin zurück.","Eine Zeitungsredaktion ist nicht ihr ursprüngliches Ziel.","Die künftige Lehrerin wird zur Gesetzlosen.","mittel","https://en.wikipedia.org/wiki/Cat_Ballou|https://catalog.afi.com/Film/23121-CAT-BALLOU","redaktionell_quellengeprueft"
"G100-20261008-WESTERN-002-L2","K-G100-20261008-WESTERN-002-L2","","de","Film","Western","Cat Ballou – Hängen sollst du in Wyoming","Cat Ballou","1965","","leicht","Filmwissen","Western","Western","Großer Ruf, heruntergekommener Schütze.","In welchem Zustand trifft der angeworbene Kid Shelleen (Lee Marvin) in „Cat Ballou – Hängen sollst du in Wyoming“ ein?","Als schwer verwundeter Veteran","Als verarmter Familienvater","Als gefesselter Gefangener","Als heruntergekommener Trinker","D","Shelleen entpuppt sich als heruntergekommener Trinker.","Cat (Jane Fonda) sucht einen berühmten Schützen zum Schutz ihres Vaters und bekommt mit Kid Shelleen (Lee Marvin) zunächst eine Enttäuschung. Der Ruf des Revolverhelden passt kaum zu seinem betrunkenen, verwahrlosten Auftreten. Gerade dieser Abstand zwischen Legende und Wirklichkeit erzeugt Komik. Seine Fähigkeiten sind dennoch vorhanden; die Frage ist, ob er sie im entscheidenden Moment wieder kontrollieren kann.","Eine Kriegsverwundung bestimmt seinen Auftritt nicht.","Seine Notlage wird nicht als Versorgung einer Familie erzählt.","Er wird nicht als Gefangener hergebracht.","Shelleen entpuppt sich als heruntergekommener Trinker.","Großer Ruf, heruntergekommener Schütze.","mittel","https://en.wikipedia.org/wiki/Cat_Ballou|https://catalog.afi.com/Film/23121-CAT-BALLOU","redaktionell_quellengeprueft"
"G100-20261008-WESTERN-002-M1","K-G100-20261008-WESTERN-002-M1","","de","Film","Western","Cat Ballou – Hängen sollst du in Wyoming","Cat Ballou","1965","","mittel","Filmwissen","Western","Western","Die Gesellschaft greift nach dem Ranchland.","Was will die Wolf City Development Corporation von Frankie Ballou (John Marley) in „Cat Ballou – Hängen sollst du in Wyoming“?","Sein Ranchland","Seine Wasserleitung","Seine Rinderherde","Seinen Eisenbahnanteil","A","Die Gesellschaft will Frankies Ranchland bekommen.","Frankie Ballou (John Marley) soll sein Ranchland zugunsten der Wolf City Development Corporation aufgeben. Die Bedrohung kommt damit nicht nur von einem einzelnen Schützen, sondern von wirtschaftlichen Interessen, die sich Gewalt zunutze machen. Cat (Jane Fonda) versucht zunächst, ihren Vater zu schützen. Hinter der komischen Oberfläche steht ein vertrauter Westernkonflikt um Landbesitz, Macht und die Durchsetzung privaten Gewinns.","Die Gesellschaft will Frankies Ranchland bekommen.","Eine bestimmte Wasserleitung ist nicht ihr Ziel.","Die Rinderherde ist nicht das umkämpfte Eigentum.","Ein Eisenbahnanteil ist nicht der Gegenstand der Bedrohung.","Die Gesellschaft greift nach dem Ranchland.","mittel","https://en.wikipedia.org/wiki/Cat_Ballou|https://catalog.afi.com/Film/23121-CAT-BALLOU","redaktionell_quellengeprueft"
"G100-20261008-WESTERN-002-M2","K-G100-20261008-WESTERN-002-M2","","de","Film","Western","Cat Ballou – Hängen sollst du in Wyoming","Cat Ballou","1965","","mittel","Filmwissen","Western","Western","Zwei Sänger erzählen die Ballade.","Welche Funktion übernehmen Nat King Cole und Stubby Kaye in „Cat Ballou – Hängen sollst du in Wyoming“?","Musizierende Zeugen im Prozess","Singende Erzähler der Geschichte","Sänger einer reisenden Varietétruppe","Musiker im Saloon der Gesetzlosen","B","Sie erzählen und kommentieren Cats Geschichte singend.","Nat King Cole und Stubby Kaye rahmen die Handlung als singende Erzähler. Ihre Ballade berichtet vom Weg der Cat Ballou (Jane Fonda) und richtet sich an das Publikum. Damit entsteht Abstand zum unmittelbar gezeigten Geschehen: Die Geschichte wird zugleich erlebt und kommentiert. Die musikalische Rahmung trägt zur Form einer Westernballade bei und hält die Komödie auch in bedrohlichen Situationen präsent.","Ihre Aufgabe ist nicht die eines Zeugenpaars vor Gericht.","Sie erzählen und kommentieren Cats Geschichte singend.","Eine Varietétruppe bildet nicht ihre Erzählfunktion.","Ihr Gesang rahmt die Handlung als Erzählung; sie sind nicht nur Musiker im Saloon.","Zwei Sänger erzählen die Ballade.","mittel","https://en.wikipedia.org/wiki/Cat_Ballou|https://catalog.afi.com/Film/23121-CAT-BALLOU","redaktionell_quellengeprueft"
"G100-20261008-WESTERN-002-S1","K-G100-20261008-WESTERN-002-S1","","de","Film","Western","Cat Ballou – Hängen sollst du in Wyoming","Cat Ballou","1965","","schwer","Filmwissen","Western","Western","Zwei Lee-Marvin-Rollen, zwei Brüder.","Welche Verbindung besteht zwischen Kid Shelleen und Tim Strawn (beide Lee Marvin) in „Cat Ballou – Hängen sollst du in Wyoming“?","Sie sind Vater und Sohn.","Sie waren Armeekameraden.","Sie sind Brüder.","Sie waren Zellengefährten.","C","Shelleen erklärt nach dem Duell, dass Strawn sein Bruder war.","Lee Marvin spielt sowohl den heruntergekommenen Kid Shelleen als auch den bedrohlichen Tim Strawn. Nach ihrer tödlichen Konfrontation erklärt Shelleen, dass Strawn sein Bruder war. Die Doppelbesetzung hat damit eine konkrete Entsprechung innerhalb der Handlung. Der Film stellt nicht lediglich zwei ähnliche Gesichter gegenüber, sondern verbindet gegensätzliche Schützenfiguren durch eine spät enthüllte familiäre Beziehung.","Die Doppelrolle stellt keine Vater-Sohn-Beziehung dar.","Die entscheidende Enthüllung betrifft Verwandtschaft, nicht Armeedienst.","Shelleen erklärt nach dem Duell, dass Strawn sein Bruder war.","Eine gemeinsame Haft erklärt ihre Verbindung nicht.","Zwei Lee-Marvin-Rollen, zwei Brüder.","hoch","https://en.wikipedia.org/wiki/Cat_Ballou|https://catalog.afi.com/Film/23121-CAT-BALLOU","redaktionell_quellengeprueft"
"G100-20261008-WESTERN-002-S2","K-G100-20261008-WESTERN-002-S2","","de","Film","Western","Cat Ballou – Hängen sollst du in Wyoming","Cat Ballou","1965","","schwer","Filmwissen","Western","Western","Die Predigertarnung kehrt am Galgen zurück.","Mit welcher Tarnrolle gelangt Jed (Dwayne Hickman) in „Cat Ballou – Hängen sollst du in Wyoming“ zur Rettung am Galgen?","Als Gefängnisarzt","Als Gerichtsprotokollant","Als Sargmacher","Als Prediger","D","Jed erscheint erneut als Prediger und schneidet den Strick durch.","Jed (Dwayne Hickman) hatte bereits während der Zugreise mit einer Predigerverkleidung einen Gesetzeshüter abgelenkt. Bei der Rettung von Cat (Jane Fonda) greift er auf dieselbe Tarnrolle zurück. Er schneidet den Strick im entscheidenden Moment durch, sodass sie auf einen Wagen fällt und entkommen kann. Die Wiederholung einer früheren Täuschung wird dadurch zum gezielt vorbereiteten komischen Schluss der Geschichte.","Er kommt nicht in der Rolle eines Gefängnisarztes.","Ein Gerichtsprotokollant ist nicht seine Tarnung.","Er tritt nicht als Sargmacher auf.","Jed erscheint erneut als Prediger und schneidet den Strick durch.","Die Predigertarnung kehrt am Galgen zurück.","hoch","https://en.wikipedia.org/wiki/Cat_Ballou|https://catalog.afi.com/Film/23121-CAT-BALLOU","redaktionell_quellengeprueft"
"G100-20261008-WESTERN-002-Y","K-G100-20261008-WESTERN-002-Y","","de","Film","Western","Cat Ballou – Hängen sollst du in Wyoming","Cat Ballou","1965","","mittel","Filmjahr","Western","Western","Roman 1956, Film 1965: neun Jahre.","In welchem Jahr wurde „Cat Ballou – Hängen sollst du in Wyoming“ erstmals veröffentlicht?","1965","1962","1968","1971","A","Die Erstveröffentlichung war 1965.","Roy Chanslors Roman The Ballad of Cat Ballou erschien 1956. Die Verfilmung startete 1965, neun Jahre später. Der Film übernimmt eine Rachegeschichte, gibt ihr aber den Rahmen einer musikalisch kommentierten Westernkomödie. Die singenden Erzähler halten bereits die Form einer Ballade präsent. Der zeitliche Abstand verbindet somit einen Stoff der fünfziger Jahre mit seiner komischen Kinogestalt in der Mitte der sechziger Jahre.","Die Erstveröffentlichung war 1965.","1962 liegt drei Jahre zu früh.","1968 liegt drei Jahre zu spät.","1971 ist sechs Jahre nach dem Filmstart.","Roman 1956, Film 1965: neun Jahre.","mittel","https://catalog.afi.com/Film/23121-CAT-BALLOU|https://en.wikipedia.org/wiki/Cat_Ballou","redaktionell_quellengeprueft"
"G100-20261008-WESTERN-002-D","K-G100-20261008-WESTERN-002-D","","de","Film","Western","Cat Ballou – Hängen sollst du in Wyoming","Cat Ballou","1965","","mittel","Regie","Western","Western","Elliot Silverstein: Hauptregie der Westernballade.","Wer führte bei „Cat Ballou – Hängen sollst du in Wyoming“ die Hauptregie?","Blake Edwards","Elliot Silverstein","Burt Kennedy","Andrew V. McLaglen","B","Elliot Silverstein führte die Hauptregie.","AFI führt Elliot Silverstein als Hauptregisseur und Yakima Canutt gesondert für die zweite Einheit. Diese Arbeitsbereiche werden nicht zu einem gemeinsamen Regieteam zusammengezogen. Silversteins Film verbindet Cats (Jane Fonda) Rachegeschichte mit musikalischer Kommentierung und der gegensätzlichen Doppelrolle Lee Marvins. Der Hauptcredit gehört somit zu einer Inszenierung, deren Komik in Handlung, Erzählrahmen und Figurenauftritt zusammenwirkt.","Blake Edwards inszenierte diese Westernkomödie nicht.","Elliot Silverstein führte die Hauptregie.","Burt Kennedy ist hier nicht der Hauptregisseur.","Andrew V. McLaglen führte bei diesem Film nicht Regie.","Elliot Silverstein: Hauptregie der Westernballade.","mittel","https://catalog.afi.com/Film/23121-CAT-BALLOU|https://en.wikipedia.org/wiki/Cat_Ballou","redaktionell_quellengeprueft"
"G100-20261008-WESTERN-003-L1","K-G100-20261008-WESTERN-003-L1","","de","Film","Western","Um Kopf und Kragen","The Tall T","1957","","leicht","Filmwissen","Western","Western","Ein Rancher wird zufällig zur Geisel.","Welchen Beruf hat Pat Brennan (Randolph Scott) in „Um Kopf und Kragen“?","Kopfgeldjäger","Sheriff","Postkutscher","Rancher","D","Brennan ist Rancher.","Pat Brennan (Randolph Scott) gerät als Rancher in die Geschichte. Sein Besuch in der Stadt und bei einer anderen Ranch führt ihn zufällig in die Kutsche, die später überfallen wird. Er verfolgt ursprünglich keinen Verbrecher und handelt nicht im Auftrag der Justiz. Die Lage verlangt deshalb von einem privaten Mann, ohne institutionelle Unterstützung Verantwortung für sich und eine weitere Geisel zu übernehmen.","Er lebt nicht als professioneller Kopfgeldjäger.","Er bekleidet kein Sheriffamt.","Er nimmt die Kutsche als Fahrgast, nicht als Kutscher.","Brennan ist Rancher.","Ein Rancher wird zufällig zur Geisel.","mittel","https://en.wikipedia.org/wiki/The_Tall_T","redaktionell_quellengeprueft"
"G100-20261008-WESTERN-003-L2","K-G100-20261008-WESTERN-003-L2","","de","Film","Western","Um Kopf und Kragen","The Tall T","1957","","leicht","Filmwissen","Western","Western","Kupfervermögen macht Doretta zur Lösegeldgeisel.","Woher stammt das Familienvermögen Dorettas (Maureen O’Sullivan) in „Um Kopf und Kragen“?","Aus Kupferminen","Aus Viehzucht","Aus Eisenbahnbau","Aus Ölquellen","A","Dorettas Vater besitzt Kupferminen.","Doretta Mims (Maureen O’Sullivan) ist die Tochter eines wohlhabenden Kupferminenbesitzers. Dieser familiäre Hintergrund macht sie für die Entführer zu einer wertvollen Lösegeldgeisel. Die Bande erkennt, dass mit ihr weit mehr zu gewinnen ist als mit den Fahrgästen einer gewöhnlichen Kutsche. Ihr Reichtum schützt sie also nicht vor Gefahr, sondern verändert gerade die Art der Bedrohung.","Dorettas Vater besitzt Kupferminen.","Das Familienvermögen stammt nicht aus Viehzucht.","Ihr Vater wird nicht als Eisenbahnbauer vorgestellt.","Ölquellen erklären das Lösegeldpotenzial nicht.","Kupfervermögen macht Doretta zur Lösegeldgeisel.","mittel","https://en.wikipedia.org/wiki/The_Tall_T","redaktionell_quellengeprueft"
"G100-20261008-WESTERN-003-M1","K-G100-20261008-WESTERN-003-M1","","de","Film","Western","Um Kopf und Kragen","The Tall T","1957","","mittel","Filmwissen","Western","Western","Die Stierwette kostet ihn das Pferd.","Warum ist Brennan (Randolph Scott) in „Um Kopf und Kragen“ auf eine Mitfahrt in der Kutsche angewiesen?","Sein Pferd wurde unterwegs gestohlen.","Er hat sein Pferd bei einer Wette verloren.","Er hat sein Pferd einem Verletzten überlassen.","Sein Pferd wurde vom Sheriff beschlagnahmt.","B","Eine verlorene Wette kostet Brennan sein Pferd.","Brennan (Randolph Scott) lässt sich auf eine Wette ein: Gelingt ihm das Reiten eines Stiers, bekommt er das Tier; verliert er, muss er sein Pferd abgeben. Er verliert und geht mit dem Sattel zu Fuß weiter. Erst dadurch kommt es zur Mitfahrt in der Kutsche. Eine kleine persönliche Fehleinschätzung setzt so die Kette der späteren Ereignisse in Gang.","Ein Diebstahl bringt ihn nicht in diese Lage.","Eine verlorene Wette kostet Brennan sein Pferd.","Er gibt sein Pferd nicht für einen Verletzten ab.","Die Behörden beschlagnahmen sein Pferd nicht.","Die Stierwette kostet ihn das Pferd.","mittel","https://en.wikipedia.org/wiki/The_Tall_T","redaktionell_quellengeprueft"
"G100-20261008-WESTERN-003-M2","K-G100-20261008-WESTERN-003-M2","","de","Film","Western","Um Kopf und Kragen","The Tall T","1957","","mittel","Filmwissen","Western","Western","Willard macht die eigene Frau zur Lösegeldquelle.","Was schlägt Willard Mims (John Hubbard) den Entführern in „Um Kopf und Kragen“ vor?","Ihn für den Minenbesitzer arbeiten zu lassen.","Mit ihm die Mine zu überfallen.","Seine Frau als Lösegeldgeisel zu nutzen.","Ihn gegen die anderen Gefangenen einzutauschen.","C","Willard bietet seine eigene Frau als Lösegeldquelle an.","Willard Mims (John Hubbard) versucht, sein eigenes Leben zu retten, indem er den Wert seiner Frau Doretta (Maureen O’Sullivan) hervorhebt. Er schlägt der Bande vor, von ihrem reichen Vater Lösegeld zu verlangen. Seine Entscheidung offenbart fehlende Verbundenheit mit der frisch angetrauten Frau. Selbst der Bandenführer Frank Usher (Richard Boone) betrachtet diese Rücksichtslosigkeit mit Verachtung.","Ein Arbeitsangebot an die Mine ist nicht sein Vorschlag.","Er plant keinen gemeinsamen Überfall auf die Mine.","Willard bietet seine eigene Frau als Lösegeldquelle an.","Er opfert sich nicht als Ersatz für die anderen.","Willard macht die eigene Frau zur Lösegeldquelle.","mittel","https://en.wikipedia.org/wiki/The_Tall_T","redaktionell_quellengeprueft"
"G100-20261008-WESTERN-003-S1","K-G100-20261008-WESTERN-003-S1","","de","Film","Western","Um Kopf und Kragen","The Tall T","1957","","schwer","Filmwissen","Western","Western","Misstrauen gegen die Geldteilung öffnet eine Lücke.","Womit bringt Brennan (Randolph Scott) Chink (Henry Silva) in „Um Kopf und Kragen“ dazu, seinen Wachposten zu verlassen?","Mit dem Versprechen eines Fluchtpferds","Mit einer angeblichen nahenden Patrouille","Mit einem Hinweis auf versteckten Whiskey","Mit Misstrauen gegen Ushers (Richard Boone) Geldteilung","D","Brennan behauptet, Usher könnte das ganze Lösegeld behalten.","Brennan (Randolph Scott) erkennt die Schwäche der Bande: Ihre Mitglieder vertrauen einander nicht vollständig. Er pflanzt Chink (Henry Silva) den Gedanken ein, Frank Usher (Richard Boone) könne mit dem gesamten Lösegeld verschwinden. Chink verlässt deshalb das Versteck, um nach seinem Anführer zu sehen. Brennan erzeugt damit eine Gelegenheit zur Gegenwehr, indem er Gier und Misstrauen gegeneinander ausspielt.","Ein angebotenes Pferd ist nicht der entscheidende Köder.","Eine erfundene Patrouille bewegt Chink hier nicht weg.","Whiskey lockt ihn nicht von seiner Bewachung fort.","Brennan behauptet, Usher könnte das ganze Lösegeld behalten.","Misstrauen gegen die Geldteilung öffnet eine Lücke.","hoch","https://en.wikipedia.org/wiki/The_Tall_T","redaktionell_quellengeprueft"
"G100-20261008-WESTERN-003-S2","K-G100-20261008-WESTERN-003-S2","","de","Film","Western","Um Kopf und Kragen","The Tall T","1957","","schwer","Filmwissen","Western","Western","Das Gewehr am Pferd beendet die gewährte Freiheit.","Wie versucht Frank Usher (Richard Boone) nach seiner scheinbaren Freilassung in „Um Kopf und Kragen“ zurückzuschlagen?","Mit einem am Pferd verstauten Gewehr","Mit einem versteckten Stiefelmesser","Mit einem zweiten Revolver im Mantel","Mit einer Signalpfeife für Verstärkung","A","Usher greift auf das Gewehr am Pferd zurück.","Brennan (Randolph Scott) hat Frank Usher (Richard Boone) entwaffnet und lässt ihn fortgehen. Usher erreicht sein Pferd, an dem noch ein Gewehr verstaut ist, und kehrt bewaffnet zurück. Brennan muss ihn nun erschießen. Der vermeintliche Ausweg aus der Gewalt scheitert an Ushers eigener Entscheidung; die räumlich kleine Szene beendet das zeitweilige Verständnis zwischen Held und Gegner.","Usher greift auf das Gewehr am Pferd zurück.","Ein Stiefelmesser ist nicht seine letzte Waffe.","Er zieht keinen im Mantel versteckten zweiten Revolver.","Er ruft keine Verstärkung mit einer Pfeife.","Das Gewehr am Pferd beendet die gewährte Freiheit.","hoch","https://en.wikipedia.org/wiki/The_Tall_T","redaktionell_quellengeprueft"
"G100-20261008-WESTERN-003-Y","K-G100-20261008-WESTERN-003-Y","","de","Film","Western","Um Kopf und Kragen","The Tall T","1957","","mittel","Filmjahr","Western","Western","Scott und Boetticher: 1956, dann 1957.","In welchem Jahr wurde „Um Kopf und Kragen“ erstmals veröffentlicht?","1954","1957","1960","1963","B","Der Film wurde 1957 veröffentlicht.","Budd Boetticher und Randolph Scott arbeiteten bereits 1956 bei Seven Men from Now, deutsch Sieben Männer, zusammen. The Tall T folgte 1957, ein Jahr später. Die AFI-History ordnet beide Werke in diesen Zusammenhang ein. Der kurze Abstand hilft, den Film als Teil einer konzentrierten Zusammenarbeit zu erinnern, ohne aus der Werkgruppe eine durchgehende Handlung mit identischen Figuren zu machen.","1954 liegt drei Jahre vor dem Start.","Der Film wurde 1957 veröffentlicht.","1960 liegt drei Jahre nach dem Start.","1963 ist sechs Jahre zu spät.","Scott und Boetticher: 1956, dann 1957.","mittel","https://catalog.afi.com/Film/52387-THE-TALL-T","redaktionell_quellengeprueft"
"G100-20261008-WESTERN-003-D","K-G100-20261008-WESTERN-003-D","","de","Film","Western","Um Kopf und Kragen","The Tall T","1957","","mittel","Regie","Western","Western","Boetticher verdichtet die Geiselsituation.","Wer führte bei „Um Kopf und Kragen“ die Hauptregie?","Delmer Daves","Anthony Mann","Budd Boetticher","Robert Parrish","C","Budd Boetticher ist der Hauptregisseur.","Budd Boetticher ist im AFI-Datensatz als Hauptregisseur ausgewiesen. Die Handlung konzentriert sich auf wenige Figuren, einen begrenzten Raum und wechselnde Abhängigkeiten zwischen Gefangenen und Entführern. Pat Brennan (Randolph Scott) gewinnt nicht durch eine große militärische Übermacht, sondern durch Beobachtung und gezieltes Handeln. Der Regiecredit gehört damit zu einem Western, dessen Spannung aus einer eng geführten Geiselsituation entsteht.","Delmer Daves führte hier nicht Regie.","Anthony Mann ist nicht der Regisseur dieses Films.","Budd Boetticher ist der Hauptregisseur.","Robert Parrish verantwortete diese Inszenierung nicht.","Boetticher verdichtet die Geiselsituation.","mittel","https://catalog.afi.com/Film/52387-THE-TALL-T|https://en.wikipedia.org/wiki/The_Tall_T","redaktionell_quellengeprueft"
"G100-20261008-WESTERN-004-L1","K-G100-20261008-WESTERN-004-L1","","de","Film","Western","Pat Garrett jagt Billy the Kid","Pat Garrett and Billy the Kid","1973","","leicht","Filmwissen","Western","Western","Der alte Gefährte wird County-Sheriff.","Welches Amt übernimmt Pat Garrett (James Coburn) in „Pat Garrett jagt Billy the Kid“?","Sheriff von Lincoln County","Marshal von Santa Fe","Leiter eines Grenzforts","Gefängnisdirektor in Albuquerque","A","Garrett wird Sheriff von Lincoln County.","Pat Garrett (James Coburn) übernimmt das Sheriffamt von Lincoln County. Diese neue Stellung verändert seine Beziehung zu Billy the Kid (Kris Kristofferson), den er aus früheren Zeiten kennt. Er tritt nun als Vertreter einer Ordnung auf, die für seinen alten Freund keinen Platz mehr vorsieht. Das Amt gibt dem persönlichen Bruch eine öffentliche Form und macht aus Nähe eine Pflicht zur Verfolgung.","Garrett wird Sheriff von Lincoln County.","Er wird nicht Marshal von Santa Fe.","Er übernimmt kein militärisches Grenzfort.","Das Amt eines Gefängnisdirektors in Albuquerque hat er nicht.","Der alte Gefährte wird County-Sheriff.","mittel","https://en.wikipedia.org/wiki/Pat_Garrett_and_Billy_the_Kid|https://catalog.afi.com/Film/54851-PAT-GARRETTBILLYTHEKID","redaktionell_quellengeprueft"
"G100-20261008-WESTERN-004-L2","K-G100-20261008-WESTERN-004-L2","","de","Film","Western","Pat Garrett jagt Billy the Kid","Pat Garrett and Billy the Kid","1973","","leicht","Filmwissen","Western","Western","Die Fluchtrichtung weist nach Mexiko.","In welches Land will Billy (Kris Kristofferson) in „Pat Garrett jagt Billy the Kid“ ausweichen?","Kanada","Mexiko","Kuba","Argentinien","B","Billy will nach Mexiko ausweichen.","Billy the Kid (Kris Kristofferson) versucht, dem Zugriff der Behörden zu entkommen, und richtet seinen Blick nach Mexiko. Freunde brechen bereits dorthin auf; auch er setzt sich in diese Richtung in Bewegung. Der Plan ist aber kein endgültig verwirklichter Neuanfang. Seine Bindungen an vertraute Menschen und Orte halten ihn weiter im Handlungskreis, in dem Pat Garrett (James Coburn) nach ihm sucht.","Kanada ist nicht das Ziel seines Fluchtplans.","Billy will nach Mexiko ausweichen.","Er plant keine Überfahrt nach Kuba.","Argentinien ist nicht sein vorgesehenes Fluchtland.","Die Fluchtrichtung weist nach Mexiko.","mittel","https://en.wikipedia.org/wiki/Pat_Garrett_and_Billy_the_Kid","redaktionell_quellengeprueft"
"G100-20261008-WESTERN-004-M1","K-G100-20261008-WESTERN-004-M1","","de","Film","Western","Pat Garrett jagt Billy the Kid","Pat Garrett and Billy the Kid","1973","","mittel","Filmwissen","Western","Western","Die Waffe wartet im Abort.","Wo findet Billy (Kris Kristofferson) in „Pat Garrett jagt Billy the Kid“ die versteckte Waffe für seinen Gefängnisausbruch?","Unter seiner Pritsche","Hinter einem Ofen","Im Abort","In einem Essenskorb","C","Die versteckte Waffe liegt im Abort.","Billy the Kid (Kris Kristofferson) wartet im Gefängnis auf seine Hinrichtung. Ein für ihn im Abort versteckter Revolver verändert die scheinbar aussichtslose Lage. Der Ausbruch beginnt damit nicht mit einem offenen Angriff von außen, sondern mit einer unauffällig bereitgelegten Waffe. Die Szene zeigt, wie wenig die formale Bewachung nützt, sobald ein alltäglicher Weg im Gefängnis zur Gelegenheit für Gegenwehr wird.","Unter der Pritsche findet er sie nicht.","Ein Ofen ist nicht das Waffenversteck.","Die versteckte Waffe liegt im Abort.","Die Waffe gelangt nicht in einem Essenskorb zu ihm.","Die Waffe wartet im Abort.","mittel","https://en.wikipedia.org/wiki/Pat_Garrett_and_Billy_the_Kid","redaktionell_quellengeprueft"
"G100-20261008-WESTERN-004-M2","K-G100-20261008-WESTERN-004-M2","","de","Film","Western","Pat Garrett jagt Billy the Kid","Pat Garrett and Billy the Kid","1973","","mittel","Filmwissen","Western","Western","Bakers letzter Moment gehört seiner Frau.","Wer begleitet den sterbenden Sheriff Baker (Slim Pickens) am Fluss in „Pat Garrett jagt Billy the Kid“?","Garrett (James Coburn)","Billy (Kris Kristofferson)","Poe (John Beck)","Seine Frau (Katy Jurado)","D","Bakers Frau bleibt bei dem sterbenden Mann.","Sheriff Colin Baker (Slim Pickens) wird beim Schusswechsel tödlich verwundet. Seine Frau (Katy Jurado) begleitet ihn an den Fluss und bleibt bei ihm, während er stirbt. Der stille Abschied unterbricht den Wechsel aus Verfolgung und Gewalt. Statt eines triumphalen Sieges zeigt die Szene, was der Einsatz zurücklässt: einen verlorenen Menschen und die Frau, die diesen Verlust unmittelbar erleben muss.","Garrett ist nicht sein Begleiter in diesem stillen Abschied.","Billy begleitet Baker am Fluss nicht.","Poe ist nicht die Person an Bakers Seite.","Bakers Frau bleibt bei dem sterbenden Mann.","Bakers letzter Moment gehört seiner Frau.","hoch","https://en.wikipedia.org/wiki/Pat_Garrett_and_Billy_the_Kid|https://www.hometheaterforum.com/community/threads/paul-seydors-pat-garrett-and-billy-the-kid.256171/page-5|https://video.dfi.dk/Kosmorama/magasiner/119/kosmorama119.pdf","redaktionell_quellengeprueft"
"G100-20261008-WESTERN-004-S1","K-G100-20261008-WESTERN-004-S1","","de","Film","Western","Pat Garrett jagt Billy the Kid","Pat Garrett and Billy the Kid","1973","","schwer","Filmwissen","Western","Western","Kein halber Vorschuss: Zahlung nach Erledigung.","Welche Zahlungsbedingung stellt Garrett (James Coburn) gegenüber den Auftraggebern in „Pat Garrett jagt Billy the Kid“?","Den Gesamtbetrag erst nach Billys (Kris Kristofferson) Ergreifung","Den Gesamtbetrag vor Beginn der Suche","Die Hälfte jetzt, die Hälfte nach der Ergreifung","Eine tägliche Zahlung während der Suche","A","Garrett verlangt die vollständige Zahlung erst nach Billys Ergreifung.","Die Männer des Santa Fe Ring bieten Pat Garrett (James Coburn) für Billys (Kris Kristofferson) Ergreifung tausend Dollar an, davon fünfhundert als Vorschuss. Garrett lehnt den Vorschuss ab und verlangt den gesamten Betrag nach erledigter Arbeit. Damit wahrt er gegenüber seinen Auftraggebern eine gewisse Eigenständigkeit. Der Dialog verbindet die öffentliche Verfolgung mit den wirtschaftlichen Interessen hinter den mächtigen Männern.","Garrett verlangt die vollständige Zahlung erst nach Billys Ergreifung.","Er fordert nicht das ganze Geld im Voraus.","Den angebotenen halben Vorschuss lehnt er gerade ab.","Ein Tageshonorar vereinbart er nicht.","Kein halber Vorschuss: Zahlung nach Erledigung.","mittel","https://en.wikipedia.org/wiki/Pat_Garrett_and_Billy_the_Kid","redaktionell_quellengeprueft"
"G100-20261008-WESTERN-004-S2","K-G100-20261008-WESTERN-004-S2","","de","Film","Western","Pat Garrett jagt Billy the Kid","Pat Garrett and Billy the Kid","1973","","schwer","Filmwissen","Western","Western","Das Essen endet im tödlichen Duell.","Wie endet Billys (Kris Kristofferson) Duell mit Alamosa Bill (Jack Elam) in „Pat Garrett jagt Billy the Kid“?","Bill verwundet Billy und lässt ihn laufen.","Billy erschießt Bill nach dessen frühem Umdrehen.","Beide senken ihre Waffen und trennen sich.","Garrett (James Coburn) bricht das Duell mit einem Warnschuss ab.","B","Bill dreht sich früh um; Billy erschießt ihn.","Billy the Kid (Kris Kristofferson) trifft bei einem alten Bekannten auf Alamosa Bill (Jack Elam), der inzwischen für Pat Garrett (James Coburn) arbeitet. Nach dem Essen kommt es zum Duell: Bill dreht sich früh um und wird von Billy erschossen. Eine scheinbar vertrauliche Zusammenkunft schlägt damit in tödliche Feindschaft um, weil die Beteiligten nun auf verschiedenen Seiten stehen.","Bill gewinnt dieses Duell nicht.","Bill dreht sich früh um; Billy erschießt ihn.","Die Begegnung endet nicht mit einer friedlichen Trennung.","Garrett unterbricht das Duell nicht.","Das Essen endet im tödlichen Duell.","hoch","https://en.wikipedia.org/wiki/Pat_Garrett_and_Billy_the_Kid|https://catalog.afi.com/Film/54851-PAT-GARRETTBILLYTHEKID|https://www.movie-censorship.com/report.php?ID=522905&Page=2","redaktionell_quellengeprueft"
"G100-20261008-WESTERN-004-Y","K-G100-20261008-WESTERN-004-Y","","de","Film","Western","Pat Garrett jagt Billy the Kid","Pat Garrett and Billy the Kid","1973","","mittel","Filmjahr","Western","Western","Kinostart 1973, Turner-Restaurierung 1988: fünfzehn Jahre.","In welchem Jahr wurde „Pat Garrett jagt Billy the Kid“ erstmals veröffentlicht?","1970","1976","1973","1979","C","Der Kinostart war 1973.","Der Film kam 1973 in die Kinos. 1988 finanzierte Ted Turner die Restaurierung einer längeren Fassung, fünfzehn Jahre nach dem ursprünglichen Start. AFI nennt dazu eine eingeladene Vorführung im DGA-Theater im Oktober 1988 und bereits eine Rough-Cut-Vorführung 1986. Der Zeitanker bezeichnet damit einen konkreten Restaurierungsschritt. Die spätere Fassungsarbeit ersetzt weder das Erstjahr noch die zuvor erfolgten Vorführungen.","1970 liegt drei Jahre vor der Erstveröffentlichung.","1976 ist drei Jahre zu spät.","Der Kinostart war 1973.","1979 liegt sechs Jahre nach dem Kinostart.","Kinostart 1973, Turner-Restaurierung 1988: fünfzehn Jahre.","mittel","https://catalog.afi.com/Film/54851-PAT-GARRETTBILLYTHEKID","redaktionell_quellengeprueft"
"G100-20261008-WESTERN-004-D","K-G100-20261008-WESTERN-004-D","","de","Film","Western","Pat Garrett jagt Billy the Kid","Pat Garrett and Billy the Kid","1973","","mittel","Regie","Western","Western","Peckinpah inszeniert den Bruch alter Bindungen.","Wer führte bei „Pat Garrett jagt Billy the Kid“ die Hauptregie?","Arthur Penn","Monte Hellman","Robert Aldrich","Sam Peckinpah","D","Sam Peckinpah führte die Hauptregie.","AFI und Criterion nennen Sam Peckinpah als Hauptregisseur. Der Film erzählt von einer Freundschaft, die durch Garretts (James Coburn) neue amtliche Rolle auseinanderbricht. Gewalt erscheint dabei nicht nur als Handlungsspektakel, sondern auch als Verlust vertrauter Bindungen. Die späteren Auseinandersetzungen um verschiedene Schnittfassungen betreffen die Präsentation seines Films; sie begründen keinen zusätzlichen oder wechselnden Hauptregiecredit.","Arthur Penn ist nicht der Regisseur dieses Films.","Monte Hellman inszenierte diesen Film nicht.","Robert Aldrich führte hier nicht Regie.","Sam Peckinpah führte die Hauptregie.","Peckinpah inszeniert den Bruch alter Bindungen.","mittel","https://catalog.afi.com/Film/54851-PAT-GARRETTBILLYTHEKID|https://www.criterion.com/films/29028-pat-garrett-and-billy-the-kid|https://en.wikipedia.org/wiki/Pat_Garrett_and_Billy_the_Kid","redaktionell_quellengeprueft"
"G100-20261008-WESTERN-005-L1","K-G100-20261008-WESTERN-005-L1","","de","Film","Western","Zähl bis drei und bete","3:10 to Yuma","1957","","leicht","Filmwissen","Western","Western","Wade führt den Überfall an.","Welche Rolle spielt Ben Wade (Glenn Ford) beim anfänglichen Postkutschenüberfall in „Zähl bis drei und bete“?","Er liefert der Bande Informationen.","Er führt die Räuber an.","Er fährt die überfallene Kutsche.","Er ist ein bestohlener Fahrgast.","B","Wade führt die Bande beim Überfall an.","Ben Wade (Glenn Ford) wird beim Überfall als Anführer der Räuber eingeführt. Dan Evans (Van Heflin) und seine Söhne beobachten die Tat, ohne sie verhindern zu können. Der Film lässt so früh erkennen, welche Gefahr von Wade ausgeht. Seine spätere Ruhe und sein Charme im Gespräch widersprechen diesem Eindruck nicht, sondern stehen neben einer bereits gezeigten Bereitschaft zu tödlicher Gewalt.","Er ist nicht nur ein Informant im Hintergrund.","Wade führt die Bande beim Überfall an.","Er sitzt nicht als Kutscher auf der überfallenen Postkutsche.","Er gehört nicht zu den bestohlenen Reisenden.","Wade führt den Überfall an.","mittel","https://en.wikipedia.org/wiki/3:10_to_Yuma_(1957_film)|https://catalog.afi.com/Film/52402-310-TO-YUMA","redaktionell_quellengeprueft"
"G100-20261008-WESTERN-005-L2","K-G100-20261008-WESTERN-005-L2","","de","Film","Western","Zähl bis drei und bete","3:10 to Yuma","1957","","leicht","Filmwissen","Western","Western","Wade bleibt bei Emmy zurück.","Warum bleibt Wade (Glenn Ford) in „Zähl bis drei und bete“ länger als seine Männer im Saloon?","Wegen Butterfield (Robert Emhardt)","Wegen Potter (Henry Jones)","Wegen Emmy (Felicia Farr)","Wegen Alice (Leora Dana)","C","Wade bleibt zurück, um sich Emmy zuzuwenden.","Während die anderen Räuber weiterreiten, bleibt Ben Wade (Glenn Ford) bei Emmy (Felicia Farr) im Saloon. Sein Interesse an ihr verzögert die gemeinsame Flucht und ermöglicht den Verfolgern, zurückzukehren. Die Szene verbindet seine anziehende Seite mit einer gefährlichen Unachtsamkeit. Der scheinbar kurze private Aufenthalt wird dadurch zum entscheidenden Unterschied zwischen erfolgreichem Entkommen und seiner Festnahme.","Ein Treffen mit Butterfield hält ihn nicht zurück.","Potter ist nicht der Grund seines freiwilligen Verbleibs.","Wade bleibt zurück, um sich Emmy zuzuwenden.","Alice ist nicht die Frau, der er im Saloon den Hof macht.","Wade bleibt bei Emmy zurück.","mittel","https://catalog.afi.com/Film/52402-310-TO-YUMA|https://en.wikipedia.org/wiki/3:10_to_Yuma_(1957_film)","redaktionell_quellengeprueft"
"G100-20261008-WESTERN-005-M1","K-G100-20261008-WESTERN-005-M1","","de","Film","Western","Zähl bis drei und bete","3:10 to Yuma","1957","","mittel","Filmwissen","Western","Western","Der Ersatzmann fährt sichtbar weiter.","Wie täuschen die Behörden Wades (Glenn Ford) Verfolger beim Kutschentransport in „Zähl bis drei und bete“?","Sie vertauschen die Pferdegespanne.","Sie fahren mit einer leeren Kutsche zurück.","Sie verkleiden Wade (Glenn Ford) als Kutscher.","Sie setzen einen Ersatzmann in die Kutsche.","D","Ein Ersatzmann nimmt Wades Platz in der Kutsche ein.","Ben Wade (Glenn Ford) wird nicht einfach sichtbar auf der erwarteten Route weitergefahren. Die Behörden tauschen ihn gegen einen Ersatzmann aus, während der echte Gefangene zunächst zu Dan Evans’ (Van Heflin) Ranch gebracht wird. Die Bande soll glauben, sie beobachte weiterhin den richtigen Transport. Die Täuschung verschafft Zeit und räumlichen Abstand, ohne die Gefahr durch Wades Männer endgültig zu beseitigen.","Ein Pferdewechsel ist nicht die eigentliche Täuschung.","Die Verfolger sehen keine bloß leere Kutsche.","Wade wird nicht als Kutscher verkleidet.","Ein Ersatzmann nimmt Wades Platz in der Kutsche ein.","Der Ersatzmann fährt sichtbar weiter.","mittel","https://catalog.afi.com/Film/52402-310-TO-YUMA|https://en.wikipedia.org/wiki/3:10_to_Yuma_(1957_film)","redaktionell_quellengeprueft"
"G100-20261008-WESTERN-005-M2","K-G100-20261008-WESTERN-005-M2","","de","Film","Western","Zähl bis drei und bete","3:10 to Yuma","1957","","mittel","Filmwissen","Western","Western","Potters Hilfe endet tödlich im Hotel.","Was geschieht mit Alex Potter (Henry Jones), nachdem er Dan (Van Heflin) vor dem Dachschützen warnt, in „Zähl bis drei und bete“?","Er wird erschossen und sein Körper aufgehängt.","Er wird gefangen und gegen Wade (Glenn Ford) getauscht.","Er wird verwundet und im Hotel versteckt.","Er wird entwaffnet und aus der Stadt gejagt.","A","Potter wird getötet und am Kronleuchter aufgehängt.","Alex Potter (Henry Jones) hilft Dan Evans (Van Heflin), obwohl ihn die Stadt vor allem als Trinker kennt. Nachdem er vor einem Schützen auf dem Dach warnt, wird er erschossen; die Bande hängt seinen Leichnam im Hotel auf. Die Grausamkeit soll die verbliebenen Helfer einschüchtern. Potter wird so von einer unterschätzten Randfigur zu jemandem, dessen Einsatz Dan zum Durchhalten bewegt.","Potter wird getötet und am Kronleuchter aufgehängt.","Ein Gefangenenaustausch rettet ihn nicht.","Er überlebt nicht als versteckter Verwundeter.","Die Bande lässt ihn nicht einfach fortreiten.","Potters Hilfe endet tödlich im Hotel.","hoch","https://catalog.afi.com/Film/52402-310-TO-YUMA|https://en.wikipedia.org/wiki/3:10_to_Yuma_(1957_film)","redaktionell_quellengeprueft"
"G100-20261008-WESTERN-005-S1","K-G100-20261008-WESTERN-005-S1","","de","Film","Western","Zähl bis drei und bete","3:10 to Yuma","1957","","schwer","Filmwissen","Western","Western","Der Racheschuss verrät das Hotelzimmer.","Was verrät Wades (Glenn Ford) Aufenthaltsort im Hotel in „Zähl bis drei und bete“?","Ein Hilferuf von Alice (Leora Dana)","Ein Schuss bei Bob Moons’ (Sheridan Comerate) Racheversuch","Eine Nachricht von Potter (Henry Jones)","Ein lauter Streit mit Butterfield (Robert Emhardt)","B","Beim Racheversuch von Bob Moons fällt der verräterische Schuss.","Bob Moons (Sheridan Comerate) will den Tod seines Bruders rächen und dringt zu Ben Wade (Glenn Ford) ins Hotelzimmer vor. Dan Evans (Van Heflin) greift ein; im Gerangel fällt ein Schuss. Dieses Geräusch alarmiert den in der Nähe lauernden Charlie Prince (Richard Jaeckel). Ein persönlicher Racheversuch zerstört damit die Geheimhaltung und führt die Bande auf die Spur ihres gefangenen Anführers.","Alice verrät den Ort nicht durch einen Hilferuf.","Beim Racheversuch von Bob Moons fällt der verräterische Schuss.","Potter schickt der Bande keine Nachricht.","Ein Streit mit Butterfield macht die Bande nicht auf das Zimmer aufmerksam.","Der Racheschuss verrät das Hotelzimmer.","mittel","https://catalog.afi.com/Film/52402-310-TO-YUMA|https://en.wikipedia.org/wiki/3:10_to_Yuma_(1957_film)","redaktionell_quellengeprueft"
"G100-20261008-WESTERN-005-S2","K-G100-20261008-WESTERN-005-S2","","de","Film","Western","Zähl bis drei und bete","3:10 to Yuma","1957","","schwer","Filmwissen","Western","Western","Wade erwidert den Schutz im Hotel.","Warum hilft Wade (Glenn Ford) Dan (Van Heflin) zuletzt beim Erreichen des Zuges in „Zähl bis drei und bete“?","Dan verspricht ihm einen Teil der Belohnung.","Dan hat seine Begnadigung ausgehandelt.","Dan hatte ihn im Hotel vor dem Rächer geschützt.","Dan verspricht, seine spätere Flucht zu ermöglichen.","C","Wade erwidert Dans Schutz vor dem Racheangriff.","Am Schluss macht Ben Wade (Glenn Ford) den erwarteten Befreiungsversuch seiner Männer nicht mit. Stattdessen hilft er Dan Evans (Van Heflin), gemeinsam in den fahrenden Zug zu gelangen. Seine Erklärung verweist auf das Hotel: Dan hatte ihn vor einem Racheangriff geschützt. Wade erwidert damit einen persönlichen Gefallen. Der Ausgang beruht auf dieser Beziehung, ohne den Gefangenen plötzlich von seinen früheren Taten freizusprechen.","Ein geteilter Lohn ist nicht seine abschließende Begründung.","Dan hat keine Begnadigung für Wade vereinbart.","Wade erwidert Dans Schutz vor dem Racheangriff.","Eine verabredete spätere Flucht ist nicht Wades Begründung.","Wade erwidert den Schutz im Hotel.","hoch","https://catalog.afi.com/Film/52402-310-TO-YUMA|https://en.wikipedia.org/wiki/3:10_to_Yuma_(1957_film)","redaktionell_quellengeprueft"
"G100-20261008-WESTERN-005-Y","K-G100-20261008-WESTERN-005-Y","","de","Film","Western","Zähl bis drei und bete","3:10 to Yuma","1957","","mittel","Filmjahr","Western","Western","Kurzgeschichte 1953, Originalfilm 1957: vier Jahre.","In welchem Jahr wurde „Zähl bis drei und bete“ erstmals veröffentlicht?","1954","1960","1963","1957","D","Die Originalverfilmung erschien 1957.","Elmore Leonards Kurzgeschichte Three Ten to Yuma erschien im März 1953 im Dime Western Magazine. Delmer Daves’ Film folgte 1957, vier Jahre später. AFI dokumentiert sowohl die Vorlage als auch die Denver-Weltpremiere. Der Abstand hilft, das Original zeitlich zu verorten; die viel spätere Neuverfilmung gehört zu einer anderen Produktion und besitzt einen eigenen Regie- und Besetzungszusammenhang.","1954 ist drei Jahre zu früh.","1960 liegt drei Jahre nach dem Originalstart.","1963 ist sechs Jahre zu spät.","Die Originalverfilmung erschien 1957.","Kurzgeschichte 1953, Originalfilm 1957: vier Jahre.","mittel","https://catalog.afi.com/Film/52402-310-TO-YUMA","redaktionell_quellengeprueft"
"G100-20261008-WESTERN-005-D","K-G100-20261008-WESTERN-005-D","","de","Film","Western","Zähl bis drei und bete","3:10 to Yuma","1957","","mittel","Regie","Western","Western","Daves führt das Original im Hotel zur Spannung.","Wer führte bei „Zähl bis drei und bete“ die Hauptregie?","Delmer Daves","Budd Boetticher","Anthony Mann","Henry Hathaway","A","Delmer Daves führte die Hauptregie.","Delmer Daves ist bei AFI und Criterion als Hauptregisseur ausgewiesen. Der Film richtet einen erheblichen Teil seiner Spannung auf das Warten im Hotel und die Gespräche zwischen Dan Evans (Van Heflin) und Ben Wade (Glenn Ford). Körperliche Bedrohung und psychologischer Druck wirken zusammen. Die Hauptregie des Originals ist von den Credits einer späteren Neuverfilmung und von der Arbeit der Regieassistenz getrennt.","Delmer Daves führte die Hauptregie.","Budd Boetticher ist nicht der Regisseur dieses Originals.","Anthony Mann führte bei diesem Film nicht Regie.","Henry Hathaway ist hier nicht der Hauptregisseur.","Daves führt das Original im Hotel zur Spannung.","mittel","https://catalog.afi.com/Film/52402-310-TO-YUMA|https://www.criterion.com/films/27910-3-10-to-yuma|https://en.wikipedia.org/wiki/3:10_to_Yuma_(1957_film)","redaktionell_quellengeprueft"
"G100-20261008-WESTERN-006-L1","K-G100-20261008-WESTERN-006-L1","","de","Film","Western","Der Marshal","True Grit","1969","","leicht","Filmwissen","Western","Western","Cogburns markante Augenklappe.","Welches auffällige Merkmal hat Rooster Cogburn (John Wayne) in „Der Marshal“?","Eine Handprothese","Ein steifes Holzbein","Eine Augenklappe","Ein abgetrenntes Ohr","C","Cogburn trägt eine Augenklappe.","Rooster Cogburn (John Wayne) ist ein einäugiger Marshal, dessen Augenklappe zu seinem markanten Erscheinungsbild gehört. Der körperliche Verlust steht neben seiner rauen Art und seiner Erfahrung. Mattie Ross (Kim Darby) sucht keinen gepflegten Vorzeigehelden, sondern jemanden, den sie für durchsetzungsfähig hält. Die Figur gewinnt ihre Autorität deshalb nicht aus einem makellosen Äußeren, sondern aus dem Ruf eines erprobten Gesetzeshüters.","Eine Handprothese ist nicht sein auffälliges Merkmal.","Er wird nicht mit einem Holzbein dargestellt.","Cogburn trägt eine Augenklappe.","Ein fehlendes Ohr ist nicht das gesuchte Merkmal.","Cogburns markante Augenklappe.","mittel","https://catalog.afi.com/Film/23723-TRUE-GRIT|https://en.wikipedia.org/wiki/True_Grit_(1969_film)","redaktionell_quellengeprueft"
"G100-20261008-WESTERN-006-L2","K-G100-20261008-WESTERN-006-L2","","de","Film","Western","Der Marshal","True Grit","1969","","leicht","Filmwissen","Western","Western","Mattie besiegt den Händler mit Worten.","Wie setzt Mattie (Kim Darby) sich gegenüber Pferdehändler Stonehill (Strother Martin) in „Der Marshal“ durch?","Mit einer Revolverdrohung","Mit dem Verkauf ihres Schmucks","Mit einem gefälschten Kaufvertrag","Mit hartnäckigem Feilschen","D","Mattie setzt Stonehill durch hartnäckige Verhandlungen zu.","Mattie Ross (Kim Darby) verhandelt mit Stonehill (Strother Martin) über die Pferdegeschäfte ihres verstorbenen Vaters. Sie lässt sich vom erwachsenen Händler nicht einschüchtern, argumentiert beharrlich und nutzt die Aussicht auf juristische Unterstützung. Die Szene zeigt ihre Durchsetzungsfähigkeit bereits vor dem bewaffneten Abenteuer. Ihre Stärke liegt ebenso im Umgang mit Worten und Geschäften wie in ihrem Willen, die gefährliche Reise anzutreten.","Eine Revolverdrohung entscheidet die Handelsgespräche nicht.","Schmuck verkauft sie dafür nicht.","Sie erreicht ihr Ziel nicht mit einem gefälschten Vertrag.","Mattie setzt Stonehill durch hartnäckige Verhandlungen zu.","Mattie besiegt den Händler mit Worten.","mittel","https://westlit.wordpress.com/2010/12/11/watching-true-grit-1969/|https://catalog.afi.com/Film/23723-TRUE-GRIT","redaktionell_quellengeprueft"
"G100-20261008-WESTERN-006-M1","K-G100-20261008-WESTERN-006-M1","","de","Film","Western","Der Marshal","True Grit","1969","","mittel","Filmwissen","Western","Western","Die Männer nehmen die Fähre, Mattie das Pferd.","Wie folgt Mattie (Kim Darby) den Männern nach der Flussüberquerung in „Der Marshal“?","Sie schwimmt mit ihrem Pferd hinüber.","Sie folgt in einem geliehenen Ruderboot.","Sie zwingt den Fährmann zur Rückkehr.","Sie reitet über eine entfernte Brücke.","A","Mattie setzt auf ihrem Pferd schwimmend über den Fluss.","Rooster Cogburn (John Wayne) und La Boeuf (Glen Campbell) wollen Mattie Ross (Kim Darby) von der Jagd ausschließen und überqueren den Fluss mit der Fähre. Sie lässt sich zurückgelassen nicht abweisen: Ihr Pferd schwimmt mit ihr durch das Wasser. Diese körperliche Leistung beeindruckt Cogburn. Die Szene verschafft ihr einen Platz in der Gruppe durch Handeln, statt allein durch Bitten oder Verhandeln.","Mattie setzt auf ihrem Pferd schwimmend über den Fluss.","Sie benutzt kein geliehenes Ruderboot.","Eine erzwungene weitere Fährfahrt bringt sie nicht hinüber.","Sie erreicht die Männer nicht über einen Brückenumweg.","Die Männer nehmen die Fähre, Mattie das Pferd.","mittel","https://en.wikipedia.org/wiki/True_Grit_(1969_film)|https://westlit.wordpress.com/2010/12/11/watching-true-grit-1969/","redaktionell_quellengeprueft"
"G100-20261008-WESTERN-006-M2","K-G100-20261008-WESTERN-006-M2","","de","Film","Western","Der Marshal","True Grit","1969","","mittel","Filmwissen","Western","Western","Moon redet; Quincy will ihn zum Schweigen bringen.","Warum ersticht Quincy (Jeremy Slate) Moon (Dennis Hopper) in „Der Marshal“?","Um ihm das erbeutete Gold abzunehmen","Um dessen Aussage über die Bande zu verhindern","Um einen früheren Verrat zu rächen","Um seine eigene Flucht zu decken","B","Quincy will verhindern, dass Moon den Aufenthaltsplan der Bande verrät.","Moon (Dennis Hopper) ist verwundet und braucht einen Arzt. Im Verhör beginnt er deshalb zu reden. Quincy (Jeremy Slate) versucht, die Informationen über die Bande mit einem tödlichen Messerangriff zu unterdrücken; Cogburn (John Wayne) erschießt ihn daraufhin. Die Szene zeigt, wie die erzwungene Loyalität unter den Gesetzlosen zerbricht, sobald das eigene Überleben eines Mitglieds auf dem Spiel steht.","Der Streit gilt nicht Moons Anteil am Gold.","Quincy will verhindern, dass Moon den Aufenthaltsplan der Bande verrät.","Eine ältere Rache ist nicht der unmittelbare Anlass.","Er nutzt den Angriff nicht bloß als Fluchtmanöver.","Moon redet; Quincy will ihn zum Schweigen bringen.","mittel","https://en.wikipedia.org/wiki/True_Grit_(1969_film)","redaktionell_quellengeprueft"
"G100-20261008-WESTERN-006-S1","K-G100-20261008-WESTERN-006-S1","","de","Film","Western","Der Marshal","True Grit","1969","","schwer","Filmwissen","Western","Western","La Boeuf stirbt nach der letzten Hilfe.","Welches Schicksal erleidet La Boeuf (Glen Campbell) gegen Ende von „Der Marshal“?","Er kehrt gesund nach Texas zurück.","Er bleibt als Sheriff in Fort Smith.","Er stirbt an seinen Verletzungen.","Er verliert nach der Rettung einen Arm.","C","La Boeuf hilft noch bei der Rettung und erliegt dann seinen Verletzungen.","La Boeuf (Glen Campbell) hilft noch, Mattie Ross (Kim Darby) aus der Grube zu ziehen, erliegt aber anschließend seinen Verletzungen. Cogburn (John Wayne) muss den Körper zunächst zurücklassen, um das Mädchen zum Arzt zu bringen. Dieser Tod gehört zum Ende der Originalverfilmung. Er macht die Rettung kostspielig: Nicht alle Mitglieder der Reisegemeinschaft können nach der gemeinsamen Gefahr in ihr früheres Leben zurückkehren.","Er kehrt nicht lebend und gesund nach Texas zurück.","Er übernimmt am Schluss kein Sheriffamt.","La Boeuf hilft noch bei der Rettung und erliegt dann seinen Verletzungen.","Ein Armverlust ist nicht sein abschließendes Schicksal.","La Boeuf stirbt nach der letzten Hilfe.","hoch","https://en.wikipedia.org/wiki/True_Grit_(1969_film)|https://catalog.afi.com/Film/23723-TRUE-GRIT","redaktionell_quellengeprueft"
"G100-20261008-WESTERN-006-S2","K-G100-20261008-WESTERN-006-S2","","de","Film","Western","Der Marshal","True Grit","1969","","schwer","Filmwissen","Western","Western","Cogburn bekommt einen Platz in der Familie bis zum Grab.","Was bietet Mattie (Kim Darby) Cogburn (John Wayne) zum Schluss von „Der Marshal“ an?","Eine Beteiligung an der Ranch","Das Pferd ihres Vaters","Das Haus ihrer Familie","Einen Platz im Familiengrab","D","Mattie möchte ihm einen Platz im Familiengrab geben.","Nach ihrer Genesung zeigt Mattie Ross (Kim Darby), wie sehr sich ihre Beziehung zu Rooster Cogburn (John Wayne) verändert hat. Sie bietet ihm für später einen Platz im Grab ihrer Familie an. Aus dem bezahlten Helfer ist ein Mensch geworden, dem sie dauerhafte Zugehörigkeit geben möchte. Das ungewöhnliche Angebot verbindet Dankbarkeit mit einer Zukunftsperspektive über das gemeinsame Abenteuer hinaus.","Eine Ranchbeteiligung ist nicht dieses persönliche Angebot.","Das väterliche Pferd ist nicht ihr abschließendes Geschenk.","Sie bietet ihm nicht das Familienhaus an.","Mattie möchte ihm einen Platz im Familiengrab geben.","Cogburn bekommt einen Platz in der Familie bis zum Grab.","hoch","https://en.wikipedia.org/wiki/True_Grit_(1969_film)|https://catalog.afi.com/Film/23723-TRUE-GRIT","redaktionell_quellengeprueft"
"G100-20261008-WESTERN-006-Y","K-G100-20261008-WESTERN-006-Y","","de","Film","Western","Der Marshal","True Grit","1969","","mittel","Filmjahr","Western","Western","Portis-Roman 1968, Film 1969: ein Jahr.","In welchem Jahr wurde „Der Marshal“ erstmals veröffentlicht?","1969","1966","1972","1975","A","Die Originalverfilmung erschien 1969.","Charles Portis’ Roman True Grit erschien 1968, die Verfilmung mit John Wayne folgte 1969, ein Jahr später. AFI dokumentiert die Vorlage und die Premiere in Little Rock im Juni des Filmjahres. Dieser kurze Abstand ordnet die Produktion als rasche Adaption eines neuen Romans ein. Die später entstandene weitere Verfilmung gehört zu einer eigenen Besetzungs- und Regiegeschichte.","Die Originalverfilmung erschien 1969.","1966 liegt drei Jahre zu früh.","1972 ist drei Jahre zu spät.","1975 liegt sechs Jahre nach dem Originalfilm.","Portis-Roman 1968, Film 1969: ein Jahr.","mittel","https://catalog.afi.com/Film/23723-TRUE-GRIT","redaktionell_quellengeprueft"
"G100-20261008-WESTERN-006-D","K-G100-20261008-WESTERN-006-D","","de","Film","Western","Der Marshal","True Grit","1969","","mittel","Regie","Western","Western","Hathaway verbindet den Marshal mit Matties Beharrlichkeit.","Wer führte bei „Der Marshal“ die Hauptregie?","Andrew V. McLaglen","Henry Hathaway","Burt Kennedy","Don Siegel","B","Henry Hathaway führte die Hauptregie.","AFI führt Henry Hathaway als Hauptregisseur. Seine Verfilmung gibt sowohl Rooster Cogburns (John Wayne) rauer Präsenz als auch Mattie Ross’ (Kim Darby) Beharrlichkeit Raum. Handel, Streit und gefährliche Reise zeigen unterschiedliche Formen von Durchsetzungsfähigkeit. Der Film hängt daher nicht allein am Schießen des Marshals: Die junge Auftraggeberin bestimmt durch ihre Entscheidungen wesentliche Schritte der Handlung und widersetzt sich wiederholt den Erwachsenen.","Andrew V. McLaglen inszenierte diesen Originalfilm nicht.","Henry Hathaway führte die Hauptregie.","Burt Kennedy ist nicht der Hauptregisseur.","Don Siegel führte hier nicht Regie.","Hathaway verbindet den Marshal mit Matties Beharrlichkeit.","mittel","https://catalog.afi.com/Film/23723-TRUE-GRIT|https://en.wikipedia.org/wiki/True_Grit_(1969_film)|https://westlit.wordpress.com/2010/12/11/watching-true-grit-1969/","redaktionell_quellengeprueft"
"G100-20261008-WESTERN-007-L1","K-G100-20261008-WESTERN-007-L1","","de","Film","Western","Der Teufelshauptmann","She Wore a Yellow Ribbon","1949","John Fords Kavallerietrilogie","leicht","Filmwissen","Western","Western","Brittles’ letzte Tage vor der Pensionierung.","Welcher persönliche Einschnitt steht Captain Brittles (John Wayne) in „Der Teufelshauptmann“ bevor?","Seine Hochzeit","Seine Versetzung nach Washington","Sein Kriegsgerichtsprozess","Seine Pensionierung","D","Brittles steht kurz vor der Pensionierung.","Captain Nathan Brittles (John Wayne) nähert sich dem Ende seiner langen militärischen Laufbahn. Die Pensionierung macht seine letzte Aufgabe zu einer besonderen Bewährungsprobe: Er möchte Erfahrung weitergeben und seine Männer nicht in vermeidbare Gefahr führen. Der Abschied ist außerdem ein persönliches Problem. Die militärische Gemeinschaft bestimmt seinen Alltag so stark, dass der Schritt aus dem Dienst zugleich den Verlust eines vertrauten Lebensraums bedeutet.","Eine bevorstehende Hochzeit bildet nicht seine Ausgangslage.","Eine Versetzung nach Washington ist nicht der geplante Einschnitt.","Er wartet nicht auf einen Kriegsgerichtsprozess.","Brittles steht kurz vor der Pensionierung.","Brittles’ letzte Tage vor der Pensionierung.","mittel","https://en.wikipedia.org/wiki/She_Wore_a_Yellow_Ribbon","redaktionell_quellengeprueft"
"G100-20261008-WESTERN-007-L2","K-G100-20261008-WESTERN-007-L2","","de","Film","Western","Der Teufelshauptmann","She Wore a Yellow Ribbon","1949","John Fords Kavallerietrilogie","leicht","Filmwissen","Western","Western","Zwei Offiziere konkurrieren um Olivia.","Wer wirbt in „Der Teufelshauptmann“ um Olivia Dandridge (Joanne Dru)?","Zwei junge Offiziere","Der Kommandant und der Arzt","Zwei zivile Scouts","Der Sergeant und ein Händler","A","Zwei junge Offiziere konkurrieren um Olivia.","Olivia Dandridge (Joanne Dru) wird von zwei jungen Offizieren umworben. Ihre Rivalität stört die militärische Disziplin und bietet Captain Brittles (John Wayne) Gelegenheit, beide zurechtzuweisen. Die Liebesgeschichte ist dadurch mit seinem Umgang mit dem Nachwuchs verbunden. Sie bringt Leichtigkeit in die Handlung, zeigt aber auch, dass die Gemeinschaft des Forts aus privaten Wünschen ebenso besteht wie aus Befehlen und Pflichten.","Zwei junge Offiziere konkurrieren um Olivia.","Kommandant und Arzt bilden nicht das werbende Paar.","Die Rivalen sind keine zivilen Scouts.","Sergeant und Händler sind nicht ihre beiden Verehrer.","Zwei Offiziere konkurrieren um Olivia.","mittel","https://en.wikipedia.org/wiki/She_Wore_a_Yellow_Ribbon","redaktionell_quellengeprueft"
"G100-20261008-WESTERN-007-M1","K-G100-20261008-WESTERN-007-M1","","de","Film","Western","Der Teufelshauptmann","She Wore a Yellow Ribbon","1949","John Fords Kavallerietrilogie","mittel","Filmwissen","Western","Western","Die Frauen sollen die Ost-Postkutsche erreichen.","Wohin soll Brittles (John Wayne) die beiden Frauen bei seinem Auftrag in „Der Teufelshauptmann“ bringen?","Zu einem westwärts ziehenden Treck","Zu einer ostwärts fahrenden Postkutsche","Zu einem südlich gelegenen Missionshaus","Zu einem nördlich gelegenen Lazarett","B","Die Frauen sollen eine ostwärts fahrende Postkutsche erreichen.","Captain Brittles (John Wayne) soll Olivia Dandridge (Joanne Dru) und Abby Allshard (Mildred Natwick) zu einer ostwärts fahrenden Postkutsche begleiten. Die Schutzaufgabe kommt zu seinem militärischen Auftrag hinzu und erschwert die Reise. Die Frauen sind deshalb keine bloßen Zuschauerinnen im Fort. Ihre Anwesenheit beeinflusst die Möglichkeiten der Truppe und macht die Verpflichtung gegenüber Zivilpersonen zu einem konkreten Teil der Handlung.","Ein westwärts ziehender Treck ist nicht das vorgesehene Ziel.","Die Frauen sollen eine ostwärts fahrende Postkutsche erreichen.","Eine Mission bildet nicht den geplanten Übergabepunkt.","Ein nördliches Lazarett ist nicht ihr Reiseziel.","Die Frauen sollen die Ost-Postkutsche erreichen.","mittel","https://en.wikipedia.org/wiki/She_Wore_a_Yellow_Ribbon","redaktionell_quellengeprueft"
"G100-20261008-WESTERN-007-M2","K-G100-20261008-WESTERN-007-M2","","de","Film","Western","Der Teufelshauptmann","She Wore a Yellow Ribbon","1949","John Fords Kavallerietrilogie","mittel","Filmwissen","Western","Western","Die verbrannte Station macht die Übergabe unmöglich.","Was findet Brittles’ (John Wayne) Truppe an der Postkutschenstation in „Der Teufelshauptmann“ vor?","Eine von Soldaten besetzte Station","Eine durch Hochwasser abgeschnittene Station","Eine niedergebrannte Station","Eine von Flüchtlingen belegte Station","C","Die Station ist niedergebrannt.","Captain Brittles (John Wayne) erreicht mit seiner Truppe die vorgesehene Postkutschenstation erst nach Umwegen. Sie ist niedergebrannt; der Plan, die Frauen von dort aus weiterreisen zu lassen, scheitert. Die Gruppe muss zurückkehren, ohne die gewünschte Sicherheit hergestellt zu haben. Der Fund verdichtet das Gefühl einer misslungenen letzten Mission und zeigt, dass Erfahrung allein die Bedingungen unterwegs nicht kontrollieren kann.","Eine andere Soldateneinheit besetzt sie nicht.","Hochwasser erklärt ihre Unbenutzbarkeit nicht.","Die Station ist niedergebrannt.","Eine Belegung durch Flüchtlinge ist nicht der Befund.","Die verbrannte Station macht die Übergabe unmöglich.","mittel","https://en.wikipedia.org/wiki/She_Wore_a_Yellow_Ribbon","redaktionell_quellengeprueft"
"G100-20261008-WESTERN-007-S1","K-G100-20261008-WESTERN-007-S1","","de","Film","Western","Der Teufelshauptmann","She Wore a Yellow Ribbon","1949","John Fords Kavallerietrilogie","schwer","Filmwissen","Western","Western","Die Pferde fliehen, der Angriff bleibt aus.","Welche nächtliche Aktion lässt Brittles (John Wayne) in „Der Teufelshauptmann“ ausführen?","Die Gewehre des gegnerischen Lagers zerstören","Den Anführer des gegnerischen Lagers entführen","Die Vorräte des gegnerischen Lagers verbrennen","Die Pferde des gegnerischen Lagers forttreiben","D","Brittles lässt die Pferde in eine Stampede treiben.","Captain Brittles (John Wayne) versucht zunächst, einen drohenden Kampf durch Verständigung zu verhindern. Als dies nicht gelingt, lässt er nachts die Pferde des gegnerischen Lagers forttreiben. Ohne ihre Reittiere können die Krieger den geplanten Angriff nicht wie vorgesehen führen. Die Lösung setzt auf Entzug von Beweglichkeit statt auf ein Gefecht mit vielen Toten und kennzeichnet Brittles’ Vorstellung von verantwortlicher Führung.","Er löst die Lage nicht durch Zerstörung der Gewehre.","Eine Entführung des Anführers ist nicht sein Plan.","Das Verbrennen von Vorräten ist nicht die gewählte Aktion.","Brittles lässt die Pferde in eine Stampede treiben.","Die Pferde fliehen, der Angriff bleibt aus.","hoch","https://en.wikipedia.org/wiki/She_Wore_a_Yellow_Ribbon","redaktionell_quellengeprueft"
"G100-20261008-WESTERN-007-S2","K-G100-20261008-WESTERN-007-S2","","de","Film","Western","Der Teufelshauptmann","She Wore a Yellow Ribbon","1949","John Fords Kavallerietrilogie","schwer","Filmwissen","Western","Western","Der Pensionär kehrt als Chief of Scouts zurück.","In welcher Funktion wird Brittles (John Wayne) am Ende von „Der Teufelshauptmann“ wieder in den Dienst berufen?","Als Chief of Scouts","Als Ausbilder der jungen Offiziere","Als Kommandant einer neuen Grenzgarnison","Als Leiter einer Nachschubkolonne","A","Brittles erhält die Ernennung zum Chief of Scouts.","Nach seinem offiziellen Abschied reitet Nathan Brittles (John Wayne) zunächst allein fort. Dann erreicht ihn die Ernennung zum Chief of Scouts, die ihm die Rückkehr in den Dienst ermöglicht. Sein Erfahrungswissen wird also in einer neuen Funktion anerkannt. Der Schluss beantwortet damit das persönliche Problem des bevorstehenden Ausscheidens: Die Gemeinschaft verliert ihn nicht vollständig, und er findet einen weiteren Platz in ihr.","Brittles erhält die Ernennung zum Chief of Scouts.","Die neue Funktion ist nicht die eines Offiziersausbilders.","Er übernimmt nicht das Kommando einer neuen Grenzgarnison.","Die Ernennung betrifft keine Nachschubkolonne.","Der Pensionär kehrt als Chief of Scouts zurück.","hoch","https://en.wikipedia.org/wiki/She_Wore_a_Yellow_Ribbon","redaktionell_quellengeprueft"
"G100-20261008-WESTERN-007-Y","K-G100-20261008-WESTERN-007-Y","","de","Film","Western","Der Teufelshauptmann","She Wore a Yellow Ribbon","1949","John Fords Kavallerietrilogie","mittel","Filmjahr","Western","Western","Fort Apache 1948, nächster Kavalleriefilm 1949.","In welchem Jahr wurde „Der Teufelshauptmann“ erstmals veröffentlicht?","1946","1949","1952","1955","B","Der Film erschien erstmals 1949.","John Fords Fort Apache, deutsch Bis zum letzten Mann, erschien 1948. She Wore a Yellow Ribbon folgte 1949, ein Jahr später. Die AFI-History ordnet diese Werke zusammen mit Rio Grande in die Kavallerietrilogie ein. Der Zusammenhang ist thematisch: Die Filme teilen die Beschäftigung mit militärischer Gemeinschaft und Führung, erzählen aber keine fortlaufende Geschichte derselben Figuren.","1946 liegt drei Jahre vor dem Filmstart.","Der Film erschien erstmals 1949.","1952 ist drei Jahre zu spät.","1955 liegt sechs Jahre nach der Veröffentlichung.","Fort Apache 1948, nächster Kavalleriefilm 1949.","mittel","https://catalog.afi.com/Film/26100-SHE-WORE-A-YELLOW-RIBBON|https://catalog.afi.com/Film/25545-","redaktionell_quellengeprueft"
"G100-20261008-WESTERN-007-D","K-G100-20261008-WESTERN-007-D","","de","Film","Western","Der Teufelshauptmann","She Wore a Yellow Ribbon","1949","John Fords Kavallerietrilogie","mittel","Regie","Western","Western","Ford erzählt Führung als Verantwortung und Bindung.","Wer führte bei „Der Teufelshauptmann“ die Hauptregie?","Howard Hawks","Raoul Walsh","John Ford","Henry Hathaway","C","John Ford führte die Hauptregie.","John Ford ist bei AFI als Hauptregisseur ausgewiesen. Der Film verbindet Nathan Brittles’ (John Wayne) letzten Auftrag mit Ritualen und persönlichen Bindungen innerhalb der Kavalleriegemeinschaft. Militärische Führung wird nicht nur durch Befehle sichtbar, sondern auch durch den Umgang mit jungen Offizieren und den Wunsch, Leben zu bewahren. Die Abschiedsgeschichte gibt dem großen Landschaftswestern damit einen eng geführten persönlichen Mittelpunkt.","Howard Hawks ist nicht der Regisseur dieses Films.","Raoul Walsh führte hier nicht Regie.","John Ford führte die Hauptregie.","Henry Hathaway ist nicht der Hauptregisseur.","Ford erzählt Führung als Verantwortung und Bindung.","mittel","https://catalog.afi.com/Film/26100-SHE-WORE-A-YELLOW-RIBBON|https://en.wikipedia.org/wiki/She_Wore_a_Yellow_Ribbon","redaktionell_quellengeprueft"
"G100-20261008-WESTERN-008-L1","K-G100-20261008-WESTERN-008-L1","","de","Film","Western","Rio Grande","Rio Grande","1950","John Fords Kavallerietrilogie","leicht","Filmwissen","Western","Western","Der verlorene Sohn meldet sich als Rekrut.","In welcher Stellung begegnet Kirby Yorke (John Wayne) seinem Sohn Jeff (Claude Jarman Jr.) in „Rio Grande“ wieder?","Als Rekrut seiner Einheit","Als Abgesandter des Kriegsministeriums","Als Lieferant seiner Garnison","Als Gefangener seines Forts","A","Jeff trifft als neuer Rekrut in der Einheit seines Vaters ein.","Kirby Yorke (John Wayne) hat seinen Sohn Jeff (Claude Jarman Jr.) lange nicht gesehen. Das Wiedersehen geschieht nicht in einem Familienhaus, sondern im Dienst: Jeff gehört zu den neuen Rekruten seiner Einheit. Kirby kündigt an, ihn nicht bevorzugt zu behandeln. Damit müssen die beiden ihre persönliche Verbindung unter Bedingungen neu entwickeln, in denen der Vater zugleich der militärische Vorgesetzte ist.","Jeff trifft als neuer Rekrut in der Einheit seines Vaters ein.","Er kommt nicht als Abgesandter des Ministeriums.","Eine Versorgungslieferung führt ihn nicht zum Vater.","Er wird Kirby nicht als Gefangener übergeben.","Der verlorene Sohn meldet sich als Rekrut.","mittel","https://en.wikipedia.org/wiki/Rio_Grande_(1950_film)|https://catalog.afi.com/Film/26472-RIO-GRANDE","redaktionell_quellengeprueft"
"G100-20261008-WESTERN-008-L2","K-G100-20261008-WESTERN-008-L2","","de","Film","Western","Rio Grande","Rio Grande","1950","John Fords Kavallerietrilogie","leicht","Filmwissen","Western","Western","Die Mutter will den Sohn aus dem Dienst holen.","Was möchte Kathleen Yorke (Maureen O’Hara) für Jeff (Claude Jarman Jr.) in „Rio Grande“ erreichen?","Ihm einen Offiziersposten kaufen","Ihn aus dem Militärdienst freikaufen","Ihn in ein anderes Fort versetzen lassen","Ihm Urlaub für die Ranch bewilligen lassen","B","Kathleen will Jeff aus seiner Verpflichtung freikaufen.","Kathleen Yorke (Maureen O’Hara) reist zum Fort, um ihren minderjährigen Sohn Jeff (Claude Jarman Jr.) aus dem Dienst freizukaufen. Er will bleiben und sich in der Armee bewähren. Dadurch entsteht ein Streit, der nicht einfach zwischen Mann und Frau verläuft: Der Sohn beansprucht eine eigene Entscheidung. Kathleens Sorge bringt zugleich die lange entfremdeten Eltern wieder miteinander ins Gespräch.","Sie sucht keinen käuflichen Offiziersposten für ihn.","Kathleen will Jeff aus seiner Verpflichtung freikaufen.","Eine Versetzung an ein anderes Fort ist nicht ihr Ziel.","Ein bloßer Ranchurlaub genügt ihrem Vorhaben nicht.","Die Mutter will den Sohn aus dem Dienst holen.","mittel","https://en.wikipedia.org/wiki/Rio_Grande_(1950_film)|https://catalog.afi.com/Film/26472-RIO-GRANDE","redaktionell_quellengeprueft"
"G100-20261008-WESTERN-008-M1","K-G100-20261008-WESTERN-008-M1","","de","Film","Western","Rio Grande","Rio Grande","1950","John Fords Kavallerietrilogie","mittel","Filmwissen","Western","Western","Mathematik beendet West Point, der Dienst beginnt neu.","Warum musste Jeff Yorke (Claude Jarman Jr.) West Point in „Rio Grande“ verlassen?","Er hatte bei einer Prüfung geschummelt.","Er hatte einen Vorgesetzten geschlagen.","Er war in Mathematik durchgefallen.","Er war wegen Krankheit entlassen worden.","C","Jeff scheiterte in Mathematik.","Jeff Yorke (Claude Jarman Jr.) ist nicht auf einem geraden Weg vom Elternhaus zur Offizierslaufbahn gelangt. Nach einem Misserfolg in Mathematik muss er West Point verlassen und tritt als einfacher Soldat ein. Der neue Anfang erlaubt ihm, sich praktisch zu bewähren. Sein Vater Kirby (John Wayne) soll ihn deshalb nicht über Herkunft oder familiären Namen, sondern über seine Leistungen im Dienst beurteilen.","Prüfungsbetrug ist nicht der angegebene Grund.","Er flog nicht wegen eines Angriffs auf einen Vorgesetzten hinaus.","Jeff scheiterte in Mathematik.","Eine Krankheit führte nicht zu seinem Ausscheiden.","Mathematik beendet West Point, der Dienst beginnt neu.","mittel","https://en.wikipedia.org/wiki/Rio_Grande_(1950_film)|https://catalog.afi.com/Film/26472-RIO-GRANDE","redaktionell_quellengeprueft"
"G100-20261008-WESTERN-008-M2","K-G100-20261008-WESTERN-008-M2","","de","Film","Western","Rio Grande","Rio Grande","1950","John Fords Kavallerietrilogie","mittel","Filmwissen","Western","Western","Ein militärischer Befehl zerstört das Familienhaus.","Welches Kriegsereignis belastet die Ehe von Kirby (John Wayne) und Kathleen (Maureen O’Hara) in „Rio Grande“?","Die Beschlagnahmung ihrer Pferde durch seine Einheit","Die Inhaftierung ihres Bruders auf seinen Befehl","Der Verkauf ihres Hauses an seine Offiziere","Der Brand ihrer Familienplantage auf seinen Befehl","D","Kirby ließ im Bürgerkrieg die Plantage ihrer Familie niederbrennen.","Im Bürgerkrieg ließ Kirby Yorke (John Wayne) auf militärischen Befehl die Plantage von Kathleens (Maureen O’Hara) Familie niederbrennen. Für ihn war dies Teil seines Dienstes, für sie die Zerstörung des familiären Zuhauses. Dieser Unterschied belastet ihre Ehe seit Jahren. Die Gegenwart im Fort zwingt beide, die Spannung zwischen persönlicher Bindung und militärischer Verpflichtung erneut miteinander auszutragen.","Die Beschlagnahmung von Pferden ist nicht der zentrale Ehekonflikt.","Die Inhaftierung eines Bruders erklärt die Trennung nicht.","Ein Hausverkauf an Offiziere ist nicht die belastende Vorgeschichte.","Kirby ließ im Bürgerkrieg die Plantage ihrer Familie niederbrennen.","Ein militärischer Befehl zerstört das Familienhaus.","mittel","https://en.wikipedia.org/wiki/Rio_Grande_(1950_film)|https://catalog.afi.com/Film/26472-RIO-GRANDE","redaktionell_quellengeprueft"
"G100-20261008-WESTERN-008-S1","K-G100-20261008-WESTERN-008-S1","","de","Film","Western","Rio Grande","Rio Grande","1950","John Fords Kavallerietrilogie","schwer","Filmwissen","Western","Western","Die Kirchenglocke verbindet Befreiung und Angriff.","Welches Signal ruft während der Kinderbefreiung in „Rio Grande“ die Soldaten herbei?","Das Läuten der Kirchenglocke","Ein Signal aus einem Horn","Ein einzelner Pistolenschuss","Ein Feuer auf dem Dach","A","Ein Mädchen läutet die Kirchenglocke als Signal.","Travis Tyree (Ben Johnson), Boone (Harry Carey Jr.) und Jeff Yorke (Claude Jarman Jr.) schleichen in die Kirche, in der die verschleppten Kinder festgehalten werden. Als die Kinder bereit sind, läutet eines der Mädchen die Glocke und ruft damit die Soldaten herbei. Das alltägliche Geräusch wird zum militärischen Signal, das den heimlichen Teil der Befreiung mit dem offenen Angriff verbindet.","Ein Mädchen läutet die Kirchenglocke als Signal.","Ein Horn ist nicht das verabredete Signal.","Ein Pistolenschuss ruft die Soldaten hier nicht herbei.","Ein Dachfeuer dient nicht als Signal.","Die Kirchenglocke verbindet Befreiung und Angriff.","hoch","https://catalog.afi.com/Film/26472-RIO-GRANDE","redaktionell_quellengeprueft"
"G100-20261008-WESTERN-008-S2","K-G100-20261008-WESTERN-008-S2","","de","Film","Western","Rio Grande","Rio Grande","1950","John Fords Kavallerietrilogie","schwer","Filmwissen","Western","Western","Der dekorierte Soldat flieht auf dem Generalspferd.","Wessen Pferd nimmt Tyree (Ben Johnson) bei seiner Flucht am Schluss von „Rio Grande“?","Kirbys (John Wayne)","Sheridans (J. Carrol Naish)","Quincannons (Victor McLaglen)","Des Marshals (Grant Withers)","B","Tyree flieht auf General Sheridans Pferd.","Travis Tyree (Ben Johnson) erhält nach dem Einsatz eine Auszeichnung, ist aber weiterhin vom Gesetz gesucht. Als der Marshal (Grant Withers) erneut auftaucht, entzieht er sich der Festnahme auf dem Pferd von General Sheridan (J. Carrol Naish). Die komische Wendung lässt Anerkennung und offene Vergangenheit nebeneinander stehen. Seine Leistung für die Gemeinschaft beseitigt also nicht automatisch den anderen Konflikt, der ihn schon vorher begleitet hatte.","Er nimmt nicht Kirbys Pferd.","Tyree flieht auf General Sheridans Pferd.","Quincannons Pferd ist nicht das Fluchtmittel.","Er stiehlt nicht das Pferd des eintreffenden Marshals.","Der dekorierte Soldat flieht auf dem Generalspferd.","hoch","https://en.wikipedia.org/wiki/Rio_Grande_(1950_film)|https://catalog.afi.com/Film/26472-RIO-GRANDE","redaktionell_quellengeprueft"
"G100-20261008-WESTERN-008-Y","K-G100-20261008-WESTERN-008-Y","","de","Film","Western","Rio Grande","Rio Grande","1950","John Fords Kavallerietrilogie","mittel","Filmjahr","Western","Western","Rio Grande 1950, The Quiet Man 1952: zwei Jahre.","In welchem Jahr wurde „Rio Grande“ erstmals veröffentlicht?","1947","1953","1950","1956","C","Der Film erschien erstmals 1950.","Rio Grande erschien 1950; John Fords The Quiet Man, deutsch Der Sieger, folgte 1952, zwei Jahre später. AFI gibt Maureen O’Haras rückblickende Erklärung wieder, dass der erwartete Erfolg des Westerns die Finanzierung des anderen Projekts ermöglichen sollte. Beide Filme bringen John Wayne und Maureen O’Hara zusammen. Der konkrete Abstand verbindet den Kavalleriewestern mit ihrer späteren Zusammenarbeit in einem anderen Genre.","1947 liegt drei Jahre vor diesem Film.","1953 ist drei Jahre nach dem Erststart.","Der Film erschien erstmals 1950.","1956 liegt sechs Jahre zu spät.","Rio Grande 1950, The Quiet Man 1952: zwei Jahre.","mittel","https://catalog.afi.com/Film/26472-RIO-GRANDE|https://catalog.afi.com/Film/53543-THE-QUIET-MAN","redaktionell_quellengeprueft"
"G100-20261008-WESTERN-008-D","K-G100-20261008-WESTERN-008-D","","de","Film","Western","Rio Grande","Rio Grande","1950","John Fords Kavallerietrilogie","mittel","Regie","Western","Western","Ford verbindet Kavalleriedienst und Familie.","Wer führte bei „Rio Grande“ die Hauptregie?","Howard Hawks","Raoul Walsh","Henry Hathaway","John Ford","D","John Ford führte die Hauptregie.","AFI nennt John Ford als Hauptregisseur und beschreibt Cliff Lyons’ Arbeit für die zweite Einheit getrennt. Im Zentrum stehen Kirby Yorke (John Wayne), Kathleen (Maureen O’Hara) und Jeff (Claude Jarman Jr.). Der militärische Schauplatz macht ihren Familienkonflikt öffentlich: Entscheidungen im Dienst betreffen zugleich Ehe, Elternschaft und Selbständigkeit des Sohnes. Der Regiecredit gehört damit zu einem Film, der Pflicht und persönliche Bindung miteinander verschränkt.","Howard Hawks ist nicht der Regisseur dieses Films.","Raoul Walsh führte hier nicht Regie.","Henry Hathaway verantwortete diese Hauptregie nicht.","John Ford führte die Hauptregie.","Ford verbindet Kavalleriedienst und Familie.","mittel","https://catalog.afi.com/Film/26472-RIO-GRANDE|https://en.wikipedia.org/wiki/Rio_Grande_(1950_film)","redaktionell_quellengeprueft"
"G100-20261008-WESTERN-009-L1","K-G100-20261008-WESTERN-009-L1","","de","Film","Western","Vera Cruz","Vera Cruz","1954","","leicht","Filmwissen","Western","Western","Der ehemalige Südstaatensoldat sucht einen neuen Anfang als Söldner.","Auf welcher Seite kämpfte Ben Trane (Gary Cooper) vor seiner Reise in „Vera Cruz“?","Für die Unionsarmee","Für die Südstaaten","Für die französische Fremdenlegion","Für eine mexikanische Garnison","B","Ben Trane ist ein ehemaliger Soldat der Südstaaten.","Ben Trane (Gary Cooper) hat im amerikanischen Bürgerkrieg für die Südstaaten gekämpft. Er reist nach Mexiko, um bezahlte Arbeit als Söldner zu finden, und schließt sich Joe Erin (Burt Lancaster) an. Die Männer bringen unterschiedliche Vorstellungen in das neue Bündnis ein. Ben versucht, seine Entscheidungen mit eingegangenen Verpflichtungen zu verbinden. Sein früherer militärischer Hintergrund steht damit am Anfang einer Reise, die seine Haltung zum gemeinsamen Gewinn erneut prüft.","Er war kein Soldat der Unionsarmee.","Ben war Soldat der Südstaaten.","Die Fremdenlegion ist nicht seine frühere Einheit.","Seine Vorgeschichte liegt nicht in einer mexikanischen Garnison.","Der ehemalige Südstaatensoldat sucht einen neuen Anfang als Söldner.","mittel","https://en.wikipedia.org/wiki/Vera_Cruz_(film)","redaktionell_quellengeprueft"
"G100-20261008-WESTERN-009-L2","K-G100-20261008-WESTERN-009-L2","","de","Film","Western","Vera Cruz","Vera Cruz","1954","","leicht","Filmwissen","Western","Western","Der einfache Geleitauftrag verbirgt eine wertvolle Fracht.","Welchen offiziellen Auftrag erhalten Ben und Joe (Gary Cooper, Burt Lancaster) vom Kaiser in „Vera Cruz“?","Ein gefangenes Regiment befreien","Eine Grenzfestung zurückerobern","Eine Gräfin zum Hafen eskortieren","Eine zerstörte Bahnlinie sichern","C","Der Kaiser bezahlt sie für den Geleitschutz der Gräfin.","Kaiser Maximilian (George Macready) verpflichtet Ben Trane (Gary Cooper) und Joe Erin (Burt Lancaster), die Gräfin Marie Duvarre (Denise Darcel) zum Hafen zu begleiten. Zunächst erscheint der Auftrag als bezahlter Personenschutz. Die Kutsche transportiert jedoch mehr als eine Reisende. Das verdeckte Interesse an ihrer Fracht verändert das Verhältnis zwischen den Beteiligten: Begleiter, Auftraggeber und Passagierin beginnen, ihre eigenen Pläne gegeneinander zu verfolgen.","Eine Regimentsbefreiung ist nicht der vereinbarte Auftrag.","Sie werden nicht für die Rückeroberung einer Grenzfestung bezahlt.","Sie sollen die Gräfin mit ihrer Kutsche zum Hafen begleiten.","Der Vertrag betrifft keine Bahnlinie.","Der einfache Geleitauftrag verbirgt eine wertvolle Fracht.","mittel","https://en.wikipedia.org/wiki/Vera_Cruz_(film)","redaktionell_quellengeprueft"
"G100-20261008-WESTERN-009-M1","K-G100-20261008-WESTERN-009-M1","","de","Film","Western","Vera Cruz","Vera Cruz","1954","","mittel","Filmwissen","Western","Western","Das Gold verbindet den Geleitschutz mit europäischer Verstärkung.","Wofür ist das heimlich mitgeführte Gold in „Vera Cruz“ ursprünglich bestimmt?","Für den Bau einer Eisenbahn","Für den Rückkauf besetzter Ranches","Für Entschädigungen an Dorfbewohner","Für neue Truppen aus Europa","D","Der Kaiser benötigt das Gold zur Finanzierung europäischer Verstärkung.","Die Gräfin Marie Duvarre (Denise Darcel) erklärt Ben Trane (Gary Cooper) und Joe Erin (Burt Lancaster), dass das verborgene Gold neue Truppen aus Europa finanzieren soll. Damit erhält die Kutsche militärische Bedeutung. Ihre Fracht ist kein gewöhnliches Reisevermögen, sondern soll das Kräfteverhältnis im Konflikt verändern. Die Begleiter erkennen zugleich eine Möglichkeit zur Bereicherung, wodurch der offizielle Geleitschutz zu einem Kampf um Kontrolle über dieselbe Ressource wird.","Die ursprüngliche Bestimmung ist keine Eisenbahnfinanzierung.","Ein Rückkauf von Ranches ist nicht der Zweck.","Das Gold ist nicht als Entschädigung für die Dörfer vorgesehen.","Mit dem Gold sollen Verstärkungen aus Europa bezahlt werden.","Das Gold verbindet den Geleitschutz mit europäischer Verstärkung.","mittel","https://en.wikipedia.org/wiki/Vera_Cruz_(film)","redaktionell_quellengeprueft"
"G100-20261008-WESTERN-009-M2","K-G100-20261008-WESTERN-009-M2","","de","Film","Western","Vera Cruz","Vera Cruz","1954","","mittel","Filmwissen","Western","Western","Ninas Diebstahl verdeckt ihre Verbindung zum Widerstand.","Auf welcher Seite arbeitet Nina (Sara Montiel) heimlich in „Vera Cruz“?","Für die Juaristen","Für die kaiserliche Geheimpolizei","Für französische Offiziere","Für eine unabhängige Söldnergruppe","A","Nina ist mit den Juaristen verbunden.","Nina (Sara Montiel) wirkt zunächst wie eine geschickte Taschendiebin, die Ben Trane (Gary Cooper) um seine Geldbörse erleichtert. Ihre spätere Nähe zu den Juaristen zeigt, dass sie zugleich im politischen Konflikt handelt. Für Ben wird sie eine Verbindung zur Gegenseite seines ersten Auftraggebers. Die Figur besitzt damit ein eigenes Interesse an den Ereignissen und folgt nicht einfach den wechselnden Gewinnversprechen der beiden amerikanischen Söldner.","Nina unterstützt die Juaristen.","Sie arbeitet nicht für die kaiserliche Geheimpolizei.","Französische Offiziere sind nicht ihre Auftraggeber.","Ihre verdeckte Zugehörigkeit ist keine unabhängige Söldnertruppe.","Ninas Diebstahl verdeckt ihre Verbindung zum Widerstand.","mittel","https://en.wikipedia.org/wiki/Vera_Cruz_(film)","redaktionell_quellengeprueft"
"G100-20261008-WESTERN-009-S1","K-G100-20261008-WESTERN-009-S1","","de","Film","Western","Vera Cruz","Vera Cruz","1954","","schwer","Filmwissen","Western","Western","Der gemeinsame Sieg führt zur Entscheidung zwischen Zusage und Alleinbesitz.","Was trennt Ben und Joe (Gary Cooper, Burt Lancaster) im letzten Konflikt von „Vera Cruz“?","Ben will den Kaiser retten, Joe will ihn stürzen","Ben will die Goldzusage einhalten, Joe will die Beute allein","Ben will heimkehren, Joe will die Gräfin heiraten","Ben will Nina (Sara Montiel) ausliefern, Joe will sie schützen","B","Das Bündnis zerbricht an Joes Anspruch auf das gesamte Gold.","Ben Trane (Gary Cooper) und Joe Erin (Burt Lancaster) kämpfen gemeinsam gegen die kaiserlichen Truppen. Danach verlangt Ben, dass das Gold entsprechend ihrer Vereinbarung den Juaristen gehört. Joe versucht stattdessen, die Beute allein fortzuschaffen. Der gemeinsame Sieg beseitigt ihren Gegensatz nicht, sondern legt ihn offen: Zusammenarbeit aus Eigennutz und eine eingehaltene Verpflichtung führen zu unvereinbaren Entscheidungen. Ihr abschließendes Duell beendet das Bündnis tödlich.","Die Rettung des Kaisers ist nicht Bens Schlussforderung.","Ben steht zu seiner Vereinbarung mit den Juaristen; Joe will das Gold für sich.","Eine Heirat mit der Gräfin erklärt Joes Vorgehen nicht.","Ninas Auslieferung ist nicht der Kern des Duells.","Der gemeinsame Sieg führt zur Entscheidung zwischen Zusage und Alleinbesitz.","hoch","https://en.wikipedia.org/wiki/Vera_Cruz_(film)","redaktionell_quellengeprueft"
"G100-20261008-WESTERN-009-S2","K-G100-20261008-WESTERN-009-S2","","de","Film","Western","Vera Cruz","Vera Cruz","1954","","schwer","Filmwissen","Western","Western","SuperScope trennt gewöhnliche Aufnahme und verbreiterte Kinofassung.","Welches Breitwandverfahren hatte laut AFI mit „Vera Cruz“ seine erste Filmveröffentlichung?","VistaVision","Cinerama","SuperScope","Todd-AO","C","AFI bezeichnet den Film als erste Veröffentlichung in SuperScope.","AFI nennt Vera Cruz als ersten in SuperScope veröffentlichten Film. Das Verfahren erzeugte aus einer gewöhnlich aufgenommenen Bildfläche eine für die Vorführung verbreiterte Fassung. Die Breitwandfassung entstand durch einen nachträglichen Beschnitt und eine anamorphotische Anpassung. Dieser Zusammenhang unterscheidet die Aufnahme vom endgültigen Projektionsformat. Die große Bildbreite war damit nicht einfach das Ergebnis einer bereits entsprechend breiten Kamerafilmfläche, sondern Teil der weiteren Bildbearbeitung.","VistaVision ist ein anderes Verfahren.","Cinerama ist nicht das hier eingeführte Verfahren.","AFI nennt Vera Cruz als erste SuperScope-Veröffentlichung.","Todd-AO ist nicht der gesuchte technische Zusammenhang.","SuperScope trennt gewöhnliche Aufnahme und verbreiterte Kinofassung.","mittel","https://en.wikipedia.org/wiki/Vera_Cruz_(film)|https://catalog.afi.com/Film/51398-VERA-CRUZ","redaktionell_quellengeprueft"
"G100-20261008-WESTERN-009-Y","K-G100-20261008-WESTERN-009-Y","","de","Film","Western","Vera Cruz","Vera Cruz","1954","","mittel","Filmjahr","Western","Western","1954 Apache und Vera Cruz: zwei Aldrich/Lancaster-Western im selben Jahr.","In welchem Jahr erschien „Vera Cruz“ mit Gary Cooper und Burt Lancaster erstmals?","1951","1957","1960","1954","D","Die New Yorker Weltpremiere fand 1954 statt.","Vera Cruz hatte seine Weltpremiere 1954. Auch Apache, ebenfalls mit Burt Lancaster unter Robert Aldrichs Hauptregie, erschien 1954; zwischen den beiden Erstjahrgängen liegen also null Jahre. Die Verbindung zeigt eine besonders enge Arbeitsphase dieses Teams. Beide Western entstanden innerhalb desselben Jahres, verfolgen aber unterschiedliche Konflikte: hier das wechselhafte Geschäft von Söldnern in Mexiko, dort die Geschichte eines sich widersetzenden Apache-Kriegers.","1951 liegt drei Jahre vor dem Erstjahr.","1957 ist drei Jahre zu spät.","1960 liegt sechs Jahre nach der Premiere.","1954 ist der Jahrgang der New Yorker Weltpremiere.","1954 Apache und Vera Cruz: zwei Aldrich/Lancaster-Western im selben Jahr.","mittel","https://catalog.afi.com/Film/51398-VERA-CRUZ|https://catalog.afi.com/Film/53395-APACHE","redaktionell_quellengeprueft"
"G100-20261008-WESTERN-009-D","K-G100-20261008-WESTERN-009-D","","de","Film","Western","Vera Cruz","Vera Cruz","1954","","mittel","Regie","Western","Western","Aldrich führt das Söldnerbündnis von Zusammenarbeit zum offenen Gegensatz.","Wer führte bei „Vera Cruz“ mit Gary Cooper und Burt Lancaster Hauptregie?","Robert Aldrich","Anthony Mann","John Sturges","Henry Hathaway","A","Robert Aldrich führte Hauptregie.","Robert Aldrich inszenierte Vera Cruz mit Gary Cooper und Burt Lancaster. Die beiden Stars verkörpern Partner, deren gemeinsame Unternehmung ihre Unterschiede zunehmend sichtbar macht. Die Regie organisiert zunächst Zusammenarbeit und später offenen Gegensatz innerhalb derselben Reise. Lancaster war zugleich an der Produktion beteiligt; diese zusätzliche Funktion macht ihn jedoch nicht zu einem zweiten Hauptregisseur. Der veröffentlichte Hauptcredit gehört nach AFI allein Aldrich.","Robert Aldrich trägt den Hauptregiecredit.","Anthony Mann inszenierte diesen Film nicht.","John Sturges ist nicht der Hauptregisseur.","Henry Hathaway trägt hier keinen Hauptregiecredit.","Aldrich führt das Söldnerbündnis von Zusammenarbeit zum offenen Gegensatz.","mittel","https://catalog.afi.com/Film/51398-VERA-CRUZ","redaktionell_quellengeprueft"
"G100-20261008-WESTERN-010-L1","K-G100-20261008-WESTERN-010-L1","","de","Film","Western","Zwei rechnen ab","Gunfight at the O.K. Corral","1957","","leicht","Filmwissen","Western","Western","Baileys Schussversuch endet durch Docs Messerwurf.","Mit welcher Waffe wehrt sich Doc Holliday (Kirk Douglas) in „Zwei rechnen ab“ gegen Ed Bailey (Lee Van Cleef)?","Mit einem Revolver","Mit einer Schrotflinte","Mit einem geworfenen Messer","Mit einer zerbrochenen Flasche","C","Doc wehrt Baileys Angriff mit einem Messerwurf ab.","Ed Bailey (Lee Van Cleef) sucht Doc Holliday (Kirk Douglas) auf, um den Tod seines Bruders zu rächen. Doc fordert ihn zum Duell, doch Bailey versucht stattdessen, ihm in den Rücken zu schießen. Ein geworfenes Messer beendet den Angriff. Die Szene zeigt Docs Gefährlichkeit außerhalb eines gewöhnlichen Revolverduells. Seine anschließende Festnahme macht die Tat zum Ausgangspunkt einer weiteren Gefahr, aus der andere ihm helfen müssen.","Er erschießt Bailey in dieser Szene nicht mit einem Revolver.","Eine Schrotflinte ist nicht seine verwendete Waffe.","Doc trifft Bailey mit einem geworfenen Messer.","Eine zerbrochene Flasche wehrt Baileys Angriff nicht ab.","Baileys Schussversuch endet durch Docs Messerwurf.","mittel","https://en.wikipedia.org/wiki/Gunfight_at_the_O.K._Corral_(film)|https://catalog.afi.com/Catalog/moviedetails/52199","redaktionell_quellengeprueft"
"G100-20261008-WESTERN-010-L2","K-G100-20261008-WESTERN-010-L2","","de","Film","Western","Zwei rechnen ab","Gunfight at the O.K. Corral","1957","","leicht","Filmwissen","Western","Western","Die Rettung vor dem Mob begründet eine spätere Verbundenheit.","Vor welcher Gefahr retten Wyatt und Kate (Burt Lancaster, Jo Van Fleet) Doc Holliday (Kirk Douglas) am Anfang von „Zwei rechnen ab“?","Vor einem Duell mit dem Sheriff","Vor einer Entführung durch Soldaten","Vor fliehenden Bankräubern","Vor einem Lynchmob","D","Doc droht nach seiner Festnahme eine Lynchjustiz.","Doc Holliday (Kirk Douglas) tötet einen Angreifer und wird daraufhin festgenommen. Wyatt Earp (Burt Lancaster) und Kate Fisher (Jo Van Fleet) helfen ihm, der drohenden Lynchjustiz zu entkommen. Diese Rettung liegt vor ihrer späteren Zusammenarbeit in Dodge City. Wyatts Eingreifen zeigt, dass er zwischen einem geregelten Verfahren und einer gewalttätigen Menschenmenge unterscheidet, auch wenn der bedrohte Mann zuvor wenig Bereitschaft gezeigt hat, ihm selbst zu helfen.","Ein Sheriffduell ist nicht die unmittelbare Gefahr.","Soldaten versuchen nicht, ihn zu entführen.","Die Flucht betrifft keinen Angriff von Bankräubern.","Sie helfen Doc, einem Lynchmob zu entkommen.","Die Rettung vor dem Mob begründet eine spätere Verbundenheit.","mittel","https://en.wikipedia.org/wiki/Gunfight_at_the_O.K._Corral_(film)","redaktionell_quellengeprueft"
"G100-20261008-WESTERN-010-M1","K-G100-20261008-WESTERN-010-M1","","de","Film","Western","Zwei rechnen ab","Gunfight at the O.K. Corral","1957","","mittel","Filmwissen","Western","Western","Laura darf spielen, wird aber räumlich ausgegrenzt.","Unter welcher Bedingung darf Laura Denbow (Rhonda Fleming) in „Zwei rechnen ab“ nach ihrer Festnahme weiter Karten spielen?","In den Nebenräumen des Saloons","Nur im Büro des Marshals","Ausschließlich gegen weibliche Gäste","Nur ohne Geldeinsatz am Haupttisch","A","Das Glücksspiel wird ihr in den Nebenräumen gestattet.","Laura Denbow (Rhonda Fleming) wird wegen ihres Kartenspiels festgenommen, weil Frauen dort nicht am Glücksspiel teilnehmen sollen. Anschließend erhält sie die Erlaubnis, in den Nebenräumen des Saloons weiterzuspielen. Die Ausnahme beseitigt die ungleiche Regel nicht vollständig, sondern verlagert ihre Tätigkeit aus dem öffentlichen Hauptraum. Ihre Begegnung mit Wyatt Earp (Burt Lancaster) beginnt dadurch bereits mit einem Konflikt zwischen persönlicher Selbstbestimmung und der Ordnung, die er vertritt.","Laura darf in den Nebenräumen spielen.","Das Marshalbüro wird nicht ihr erlaubter Spielort.","Eine Beschränkung auf weibliche Gegner ist nicht die Vereinbarung.","Sie erhält keine allgemeine Erlaubnis für den Haupttisch ohne Geld.","Laura darf spielen, wird aber räumlich ausgegrenzt.","mittel","https://en.wikipedia.org/wiki/Gunfight_at_the_O.K._Corral_(film)","redaktionell_quellengeprueft"
"G100-20261008-WESTERN-010-M2","K-G100-20261008-WESTERN-010-M2","","de","Film","Western","Zwei rechnen ab","Gunfight at the O.K. Corral","1957","","mittel","Filmwissen","Western","Western","Der Bahnhof wird zum Hebel gegen den Handel mit gestohlenen Rindern.","Was soll Wyatt Earp (Burt Lancaster) in „Zwei rechnen ab“ gegen die angebotene Bestechung zulassen?","Die Freilassung verurteilter Räuber","Den Bahntransport gestohlener Rinder","Die Räumung einer benachbarten Ranch","Das Glücksspiel im Marshalbüro","B","Er soll den Bahntransport gestohlener Rinder ermöglichen.","In Tombstone kontrollieren die Earps den Bahnhof und behindern damit die wirtschaftlichen Pläne von Ike Clanton (Lyle Bettger). Sheriff Cotton Wilson (Frank Faylen) bietet Wyatt Earp (Burt Lancaster) Geld an, damit gestohlene mexikanische Rinder verschickt werden können. Die Auseinandersetzung betrifft somit nicht nur persönliche Beleidigungen oder die Bereitschaft zum Duell. Hinter der Gewalt steht ein Geschäft, dessen Durchführung von der Kontrolle eines konkreten Verkehrswegs abhängt.","Es geht nicht um die Freilassung verurteilter Räuber.","Die Zahlung soll den Abtransport gestohlener Rinder ermöglichen.","Eine Ranchräumung ist nicht der gewünschte Dienst.","Die Bestechung betrifft kein Glücksspiel im Büro.","Der Bahnhof wird zum Hebel gegen den Handel mit gestohlenen Rindern.","mittel","https://en.wikipedia.org/wiki/Gunfight_at_the_O.K._Corral_(film)","redaktionell_quellengeprueft"
"G100-20261008-WESTERN-010-S1","K-G100-20261008-WESTERN-010-S1","","de","Film","Western","Zwei rechnen ab","Gunfight at the O.K. Corral","1957","","schwer","Filmwissen","Western","Western","Ein gegen Wyatt gerichteter Anschlag trifft James.","Wen töten die Gegner in „Zwei rechnen ab“ bei einem Anschlag, der eigentlich Wyatt Earp (Burt Lancaster) gilt?","Virgil Earp (John Hudson)","Morgan Earp (DeForest Kelley)","James Earp (Martin Milner)","Doc Holliday (Kirk Douglas)","C","James Earp wird anstelle seines Bruders Wyatt getötet.","Die Gegner planen, Wyatt Earp (Burt Lancaster) auf seiner nächtlichen Runde zu überfallen. Stattdessen töten sie seinen jüngeren Bruder James Earp (Martin Milner). Der Angriff verschiebt den Konflikt von beruflicher Gegnerschaft zu einem Verlust innerhalb der Familie. Er gehört zur dramatisierten Handlung dieser Filmfassung und darf nicht ohne Weiteres als genaue Rekonstruktion der historischen Ereignisse gelesen werden. Andere Earp-Verfilmungen ordnen die familiären Opfer anders an.","Virgil ist nicht das Opfer dieses verfehlten Anschlags.","Morgan wird dabei nicht statt Wyatt getötet.","Der Anschlag trifft James Earp.","Doc ist nicht das Opfer dieser Verwechslung.","Ein gegen Wyatt gerichteter Anschlag trifft James.","hoch","https://en.wikipedia.org/wiki/Gunfight_at_the_O.K._Corral_(film)","redaktionell_quellengeprueft"
"G100-20261008-WESTERN-010-S2","K-G100-20261008-WESTERN-010-S2","","de","Film","Western","Zwei rechnen ab","Gunfight at the O.K. Corral","1957","","schwer","Filmwissen","Western","Western","Ein gegebenes Wort hält Doc zunächst vom provozierten Schusswechsel ab.","Warum verweigert Doc Holliday (Kirk Douglas) zunächst eine Schießerei trotz Ringos (John Ireland) Provokationen in „Zwei rechnen ab“?","Er hat Kate eine Waffenruhe zugesagt","Er wartet auf einen offiziellen Duelltermin","Er will Ringo als Informanten behalten","Er hat Wyatt versprochen, keinen Streit anzufangen","D","Doc hält zunächst sein Versprechen an Wyatt.","Doc Holliday (Kirk Douglas) darf in Dodge City bleiben, nachdem er Wyatt Earp (Burt Lancaster) zugesagt hat, keinen Streit anzufangen. Als Johnny Ringo (John Ireland) ihn wegen Kate Fisher (Jo Van Fleet) verhöhnt, lässt er sich zunächst nicht auf eine Schießerei ein. Die Zurückhaltung ist damit eine bewusste Reaktion auf eine persönliche Verpflichtung. Sie bedeutet weder allgemeine Gewaltlosigkeit noch fehlende Gefährlichkeit, sondern zeigt die Wirkung der neuen Freundschaft auf sein Verhalten.","Eine Vereinbarung mit Kate ist nicht der genannte Grund.","Ein angesetzter Duelltermin erklärt sein Zögern nicht.","Er schützt Ringo nicht als seinen Informanten.","Doc hält zunächst sein Versprechen gegenüber Wyatt ein.","Ein gegebenes Wort hält Doc zunächst vom provozierten Schusswechsel ab.","mittel","https://en.wikipedia.org/wiki/Gunfight_at_the_O.K._Corral_(film)","redaktionell_quellengeprueft"
"G100-20261008-WESTERN-010-Y","K-G100-20261008-WESTERN-010-Y","","de","Film","Western","Zwei rechnen ab","Gunfight at the O.K. Corral","1957","","mittel","Filmjahr","Western","Western","1957 O.K. Corral, 1967 Hour of the Gun: zehn Jahre bis Sturges’ neuer Earp-Fassung.","In welchem Jahr erschien „Zwei rechnen ab“ mit Burt Lancaster und Kirk Douglas erstmals?","1957","1954","1960","1963","A","Die Lancaster/Douglas-Fassung erschien 1957.","Gunfight at the O.K. Corral erschien 1957. John Sturges griff die Earp/Holliday-Geschichte 1967 mit Hour of the Gun erneut auf; der Abstand beträgt zehn Jahre. Dort spielen James Garner und Jason Robards die Rollen, die hier Burt Lancaster und Kirk Douglas übernehmen. AFI benennt diesen Zusammenhang ausdrücklich. Der Zeitanker verbindet somit zwei Fassungen aus der Arbeit desselben Regisseurs und macht zugleich den Wechsel der Hauptbesetzung sichtbar.","1957 ist das Erstjahr dieser Fassung.","1954 liegt drei Jahre davor.","1960 liegt drei Jahre danach.","1963 ist sechs Jahre zu spät.","1957 O.K. Corral, 1967 Hour of the Gun: zehn Jahre bis Sturges’ neuer Earp-Fassung.","mittel","https://catalog.afi.com/Catalog/moviedetails/52199","redaktionell_quellengeprueft"
"G100-20261008-WESTERN-010-D","K-G100-20261008-WESTERN-010-D","","de","Film","Western","Zwei rechnen ab","Gunfight at the O.K. Corral","1957","","mittel","Regie","Western","Western","Sturges baut das Bündnis über mehrere Stationen bis zum offenen Konflikt auf.","Wer führte bei „Zwei rechnen ab“ mit Burt Lancaster und Kirk Douglas Hauptregie?","John Ford","John Sturges","Howard Hawks","Anthony Mann","B","John Sturges führte Hauptregie.","John Sturges inszenierte die Lancaster/Douglas-Fassung. Der Film entwickelt seine zentrale Zusammenarbeit über mehrere Städte und unterschiedliche Situationen, bevor die Gegner in Tombstone offen aufeinandertreffen. Persönliche Loyalität und Ordnungspflicht werden dabei schrittweise miteinander verknüpft. Hal B. Wallis ist als Produzent und Leon Uris als Drehbuchautor zu unterscheiden. Diese Funktionen gehören zur Herstellung des Films, erweitern aber nicht den alleinigen Hauptregiecredit von Sturges.","John Ford inszenierte eine andere bekannte Earp-Fassung.","John Sturges ist der Hauptregisseur.","Howard Hawks führte bei diesem Film nicht Regie.","Anthony Mann ist nicht der Regisseur dieser Fassung.","Sturges baut das Bündnis über mehrere Stationen bis zum offenen Konflikt auf.","mittel","https://catalog.afi.com/Catalog/moviedetails/52199","redaktionell_quellengeprueft"
"G100-20261008-WESTERN-011-L1","K-G100-20261008-WESTERN-011-L1","","de","Film","Western","Der gebrochene Pfeil","Broken Arrow","1950","","leicht","Filmwissen","Western","Western","Hilfe für einen Verletzten schafft den ersten persönlichen Zugang.","Wem hilft Tom Jeffords (James Stewart) zu Beginn von „Der gebrochene Pfeil“?","Einem gefangenen Kavallerieoffizier","Einer verletzten Postkutschenreisenden","Einem verschütteten Goldsucher","Einem verwundeten Apache-Jungen","D","Jeffords behandelt einen verwundeten Jungen.","Tom Jeffords (James Stewart) findet einen schwer verwundeten Apache-Jungen und versorgt ihn, obwohl der Junge ihm zunächst misstraut. Als weitere Krieger eintreffen, erklärt der Gerettete, dass Jeffords ihm geholfen hat. Eine einzelne Handlung ermöglicht so eine Begegnung jenseits der allgemeinen Feindbilder. Der Film lässt daraus jedoch keine sofortige Harmonie entstehen: Jeffords erlebt kurz danach weitere Gewalt und muss sein persönliches Vertrauen gegen die Erfahrungen anderer Menschen behaupten.","Ein gefangener Offizier ist nicht der Empfänger dieser ersten Hilfe.","Eine verletzte Reisende ist nicht die gerettete Person.","Der erste Hilfseinsatz gilt keinem verschütteten Goldsucher.","Er versorgt einen verwundeten Apache-Jungen.","Hilfe für einen Verletzten schafft den ersten persönlichen Zugang.","mittel","https://en.wikipedia.org/wiki/Broken_Arrow_(1950_film)","redaktionell_quellengeprueft"
"G100-20261008-WESTERN-011-L2","K-G100-20261008-WESTERN-011-L2","","de","Film","Western","Der gebrochene Pfeil","Broken Arrow","1950","","leicht","Filmwissen","Western","Western","Vor dem Gespräch steht das Lernen der anderen Sprache.","Wie bereitet sich Jeffords (James Stewart) in „Der gebrochene Pfeil“ auf sein Gespräch mit Cochise (Jeff Chandler) vor?","Er lernt Sprache und Gebräuche der Apachen","Er lässt einen Händler als Vermittler vorausreisen","Er handelt zuerst einen Gefangenenaustausch aus","Er beschafft einen schriftlichen Schutzbrief der Armee","A","Jeffords lernt Sprache und Gebräuche, bevor er Cochise aufsucht.","Tom Jeffords (James Stewart) entscheidet sich gegen einen militärischen Erkundungsauftrag und bereitet stattdessen eine persönliche Begegnung vor. Er lernt Sprache und Gebräuche der Apachen, bevor er Cochise (Jeff Chandler) aufsucht. Die Vorbereitung zeigt, dass Verständigung mehr verlangt als die bloße Behauptung guter Absichten. Jeffords riskiert den Weg in das fremde Gebiet, stellt sich aber zugleich darauf ein, seinem Gegenüber innerhalb dessen eigener Lebenswelt zu begegnen.","Er lernt die Sprache und Gebräuche seines Gesprächspartners.","Ein vorausreisender Händler vermittelt den ersten Zugang nicht.","Ein ausgehandelter Gefangenenaustausch bereitet die Begegnung nicht vor.","Ein Schutzbrief der Armee ist nicht seine Vorbereitung.","Vor dem Gespräch steht das Lernen der anderen Sprache.","mittel","https://en.wikipedia.org/wiki/Broken_Arrow_(1950_film)","redaktionell_quellengeprueft"
"G100-20261008-WESTERN-011-M1","K-G100-20261008-WESTERN-011-M1","","de","Film","Western","Der gebrochene Pfeil","Broken Arrow","1950","","mittel","Filmwissen","Western","Western","Eine sichere Postroute ist der erste Schritt, nicht der vollständige Frieden.","Welche begrenzte Vereinbarung erzielt Jeffords (James Stewart) zunächst mit Cochise (Jeff Chandler) in „Der gebrochene Pfeil“?","Armeekonvois erhalten freien Durchzug","Postboten dürfen unangegriffen passieren","Siedler dürfen neue Minen eröffnen","Jäger dürfen das ganze Gebiet nutzen","B","Cochise lässt die Postboten unangegriffen passieren.","Tom Jeffords (James Stewart) spricht zunächst wegen der unterbrochenen Postverbindungen mit Cochise (Jeff Chandler). Dieser erlaubt den Boten, sein Gebiet unangegriffen zu durchqueren. Das begrenzte Abkommen ist noch kein allgemeiner Frieden; Angriffe auf militärische Transporte können weiterhin stattfinden. Gerade diese Unterscheidung erklärt, weshalb ein erfolgreicher erster Schritt nicht alle Konflikte beendet. Aus einer überprüfbaren Vereinbarung über den Alltag muss erst ein umfassenderes Vertrauen entstehen.","Freier Durchzug für Armeekonvois gehört nicht zu diesem ersten Abkommen.","Die erste Vereinbarung schützt die Postboten.","Neue Minenrechte sind nicht der ausgehandelte Anfang.","Allgemeine Jagdrechte sind nicht das erste Ergebnis.","Eine sichere Postroute ist der erste Schritt, nicht der vollständige Frieden.","mittel","https://en.wikipedia.org/wiki/Broken_Arrow_(1950_film)","redaktionell_quellengeprueft"
"G100-20261008-WESTERN-011-M2","K-G100-20261008-WESTERN-011-M2","","de","Film","Western","Der gebrochene Pfeil","Broken Arrow","1950","","mittel","Filmwissen","Western","Western","Ein Friedensschluss bindet nicht automatisch jeden Anführer.","Welche Haltung nimmt Geronimo (Jay Silverheels) zum umfassenderen Friedensabkommen in „Der gebrochene Pfeil“ ein?","Er lehnt es ab, bleibt aber bei Cochises Gemeinschaft","Er stimmt unter der Bedingung eines Gefangenenaustauschs zu","Er lehnt es ab und zieht mit seinen Anhängern fort","Er unterstützt es und übernimmt weitere Vermittlung","C","Geronimo widersetzt sich dem Friedensabkommen.","Geronimo (Jay Silverheels) lehnt den ausgehandelten Frieden ab und verlässt die Gemeinschaft. Damit zeigt der Film, dass die Apachen nicht als Gruppe mit einer einzigen Stimme handeln. Cochise (Jeff Chandler) kann eine Entscheidung treffen, ohne die Zustimmung jedes anderen Anführers zu erhalten. Für Tom Jeffords (James Stewart) und General Howard (Basil Ruysdael) bedeutet die Vermittlung deshalb auch, zwischen den Beteiligten und den Gegnern des Abkommens zu unterscheiden.","Er bleibt nach der Ablehnung nicht bei Cochise, sondern zieht fort.","Eine bedingte Zustimmung durch Gefangenenaustausch gibt er nicht.","Geronimo lehnt das Abkommen ab und verlässt die Gemeinschaft.","Er unterstützt den Frieden nicht als weiterer Vermittler.","Ein Friedensschluss bindet nicht automatisch jeden Anführer.","mittel","https://en.wikipedia.org/wiki/Broken_Arrow_(1950_film)","redaktionell_quellengeprueft"
"G100-20261008-WESTERN-011-S1","K-G100-20261008-WESTERN-011-S1","","de","Film","Western","Der gebrochene Pfeil","Broken Arrow","1950","","schwer","Filmwissen","Western","Western","Cochise schützt den Frieden durch Hilfe gegen seine Gegner.","Was geschieht nach dem Überfall von Friedensgegnern auf eine Postkutsche in „Der gebrochene Pfeil“?","Die Postvereinbarung wird für beendet erklärt","Die Armee nimmt den Friedensführer als Geisel","Die Reisenden schlagen sämtliche Angreifer allein zurück","Verbündete Apachen helfen, die Reisenden zu retten","D","Die Reisenden werden mit Cochises Hilfe gerettet.","Friedensgegner überfallen eine Postkutsche, obwohl Tom Jeffords (James Stewart) und Cochise (Jeff Chandler) Verständigung erreicht haben. Jeffords bittet Cochise um Hilfe, und dessen Leute retten die Reisenden. Der Vorgang verhindert, dass der Angriff unterschiedslos allen Apachen zugerechnet wird. Entscheidend ist das konkrete Handeln der Vertragspartner: Sie beweisen die Wirksamkeit ihres Abkommens, indem sie gemeinsam gegen jene vorgehen, die es durch Gewalt untergraben wollen.","Die Postvereinbarung endet nicht durch diesen Angriff.","Die Armee nimmt Cochise nicht als Geisel fest.","Die Rettung erfolgt mit Unterstützung der Apachen.","Cochises Leute greifen zugunsten der Reisenden ein.","Cochise schützt den Frieden durch Hilfe gegen seine Gegner.","mittel","https://en.wikipedia.org/wiki/Broken_Arrow_(1950_film)","redaktionell_quellengeprueft"
"G100-20261008-WESTERN-011-S2","K-G100-20261008-WESTERN-011-S2","","de","Film","Western","Der gebrochene Pfeil","Broken Arrow","1950","","schwer","Filmwissen","Western","Western","Ein Frontname verdeckt Maltz’ tatsächliche Drehbucharbeit.","Warum stand zunächst Michael Blankfort statt des tatsächlichen Autors im Drehbuchcredit von „Der gebrochene Pfeil“?","Er lieh einem Autor auf der schwarzen Liste seinen Namen","Er übersetzte das Drehbuch und erhielt den alleinigen Credit","Er ersetzte die ursprüngliche Fassung durch ein neues Drehbuch","Er setzte die Autorennennung als mitfinanzierender Produzent durch","A","Blankfort lieh dem ausgegrenzten Drehbuchautor Albert Maltz seinen Namen.","Albert Maltz schrieb das Drehbuch, konnte seinen Namen wegen seiner Stellung auf der schwarzen Liste aber nicht offen verwenden. Michael Blankfort erklärte sich bereit, seinen Namen als Front zur Verfügung zu stellen. AFI beschreibt die spätere Aufklärung und die Korrektur des Credits durch die Writers Guild. Der veröffentlichte Autorenname und die tatsächliche Schreibarbeit fielen somit auseinander; die nachträgliche Anerkennung betrifft Urheberschaft, nicht Hauptregie.","Blankfort fungierte als Frontname für den auf der schwarzen Liste stehenden Albert Maltz.","Eine alleinige Übersetzung erklärt den Credit nicht.","Ein vollständig neues Drehbuch Blankforts erklärt die Namensnennung nicht.","Blankfort erzwang den Credit nicht als mitfinanzierender Produzent.","Ein Frontname verdeckt Maltz’ tatsächliche Drehbucharbeit.","mittel","https://catalog.afi.com/Film/26247-BROKEN-ARROW","redaktionell_quellengeprueft"
"G100-20261008-WESTERN-011-Y","K-G100-20261008-WESTERN-011-Y","","de","Film","Western","Der gebrochene Pfeil","Broken Arrow","1950","","mittel","Filmjahr","Western","Western","1947 Blood Brother, 1950 Broken Arrow: drei Jahre vom Roman zum Film.","In welchem Jahr erschien „Der gebrochene Pfeil“ mit James Stewart und Jeff Chandler erstmals?","1947","1950","1953","1956","B","Der Film erschien erstmals 1950.","Elliott Arnolds Roman Blood Brother erschien 1947; Broken Arrow folgte 1950, drei Jahre später. Der Zeitanker verbindet die literarische Vorlage mit ihrer Filmfassung und schützt zugleich vor einer Verwechslung mit der späteren Fernsehbearbeitung. Die Handlung der Verfilmung verkürzt den Zeitraum des Romans und verbindet Friedensvermittlung mit einer erfundenen Liebesgeschichte. Ein Filmjahr bezeichnet hier deshalb eine konkrete Bearbeitung des Stoffes, nicht dessen erste Veröffentlichung überhaupt.","1947 ist das Jahr der Romanvorlage.","1950 ist das erste Filmjahr.","1953 liegt drei Jahre nach dem Film.","1956 ist der spätere Jahrgang der Fernsehbearbeitung.","1947 Blood Brother, 1950 Broken Arrow: drei Jahre vom Roman zum Film.","mittel","https://catalog.afi.com/Film/26247-BROKEN-ARROW","redaktionell_quellengeprueft"
"G100-20261008-WESTERN-011-D","K-G100-20261008-WESTERN-011-D","","de","Film","Western","Der gebrochene Pfeil","Broken Arrow","1950","","mittel","Regie","Western","Western","Daves inszeniert; die verschleierte Autorenschaft betrifft das Drehbuch.","Wer führte bei „Der gebrochene Pfeil“ mit James Stewart und Jeff Chandler Hauptregie?","Anthony Mann","John Ford","Delmer Daves","Henry Hathaway","C","Delmer Daves führte Hauptregie.","Delmer Daves inszenierte die Geschichte der Annäherung zwischen den Gegnern. James Stewart und Jeff Chandler stehen dabei im Zentrum einer Verhandlung, deren Erfolg immer wieder durch Gewalt gefährdet wird. Der Regiecredit ist von der komplexen Drehbuchgeschichte zu unterscheiden: Albert Maltz schrieb, während Michael Blankfort zunächst seinen Namen bereitstellte. Dieser Konflikt der Autorennennung verändert den von AFI bestätigten alleinigen Hauptregiecredit von Daves nicht.","Anthony Mann ist nicht der Regisseur dieses Stewart-Westerns.","John Ford inszenierte diese Fassung nicht.","Delmer Daves trägt den Hauptregiecredit.","Henry Hathaway führte hier nicht Hauptregie.","Daves inszeniert; die verschleierte Autorenschaft betrifft das Drehbuch.","mittel","https://catalog.afi.com/Film/26247-BROKEN-ARROW","redaktionell_quellengeprueft"
"G100-20261008-WESTERN-012-L1","K-G100-20261008-WESTERN-012-L1","","de","Film","Western","Die Comancheros","The Comancheros","1961","","leicht","Filmwissen","Western","Western","Der Ranger muss von offener Verfolgung zu verdeckter Ermittlung wechseln.","Für welche Organisation arbeitet Jake Cutter (John Wayne) in „Die Comancheros“?","Die Texas Rangers","Die US-Kavallerie","Die Grenzzollbehörde","Ein privates Detektivbüro","A","Jake Cutter ist Texas Ranger.","Jake Cutter (John Wayne) gehört zu den Texas Rangers und verfolgt sowohl einen flüchtigen Mann als auch ein Schmugglernetz. Seine amtliche Rolle verbindet die persönlichen Begegnungen mit einer größeren Aufgabe an der Grenze. Er muss nicht nur einen Verdächtigen festhalten, sondern Informationen über eine verborgene Gemeinschaft gewinnen. Dafür genügt offenes Auftreten als Gesetzeshüter nicht; die Ermittlungen führen ihn später in eine angenommene fremde Identität.","Cutter ist Captain bei den Texas Rangers.","Er gehört hier nicht zur Kavallerie.","Er arbeitet nicht als Zollbeamter.","Ein privates Detektivbüro ist nicht sein Arbeitgeber.","Der Ranger muss von offener Verfolgung zu verdeckter Ermittlung wechseln.","mittel","https://en.wikipedia.org/wiki/The_Comancheros_(film)","redaktionell_quellengeprueft"
"G100-20261008-WESTERN-012-L2","K-G100-20261008-WESTERN-012-L2","","de","Film","Western","Die Comancheros","The Comancheros","1961","","leicht","Filmwissen","Western","Western","Ein tödlich ausgegangenes Duell führt Regret in Cutters Gewahrsam.","Warum wird Paul Regret (Stuart Whitman) zu Beginn von „Die Comancheros“ gesucht?","Er hat eine Bankfiliale ausgeraubt","Er hat bei einem Duell einen Mann getötet","Er hat als Soldat seine Einheit verlassen","Er hat eine größere Viehherde gestohlen","B","Regret flieht nach einem tödlichen Duell.","Paul Regret (Stuart Whitman) tötet in New Orleans einen Mann bei einem Duell. Er erklärt, dass er den Gegner nur verwunden wollte, dieser aber im entscheidenden Moment auswich. Weil der Vater des Getöteten seine Hinrichtung verlangen wird, flieht er nach Texas. Jake Cutter (John Wayne) hält ihn dort fest. Die anfängliche Beziehung ist damit die eines Verfolgers zu einem Gefangenen, bevor gemeinsame Gefahren sie verändern.","Ein Bankraub ist nicht der Anlass.","Ein tödliches Duell begründet seine Verfolgung.","Er wird nicht als Deserteur verfolgt.","Ein Viehdiebstahl erklärt seine Flucht nicht.","Ein tödlich ausgegangenes Duell führt Regret in Cutters Gewahrsam.","mittel","https://en.wikipedia.org/wiki/The_Comancheros_(film)","redaktionell_quellengeprueft"
"G100-20261008-WESTERN-012-M1","K-G100-20261008-WESTERN-012-M1","","de","Film","Western","Die Comancheros","The Comancheros","1961","","mittel","Filmwissen","Western","Western","Eine unbekannte Lieferantenperson öffnet den Weg zur Tarnidentität.","Warum kann Cutter (John Wayne) in „Die Comancheros“ als der festgenommene Waffenhändler auftreten?","Der Händler hatte ihn als Geschäftspartner angekündigt","Er besitzt eine vom Händler ausgestellte Vollmacht","Die Schmuggler kennen den Händler noch nicht persönlich","Ein Geschäftspartner des Händlers bürgt für ihn","C","Die unbekannte Person des Händlers ermöglicht den Identitätswechsel.","Die Rangers nehmen einen Waffenhändler fest, der eine Ladung für die Schmuggler transportiert. Jake Cutter (John Wayne) übernimmt dessen Rolle, weil die Abnehmer den echten Mann noch nicht gesehen haben. Er nutzt damit eine konkrete Lücke in ihrem Wissen. Die Tarnung ist nicht nur eine Verkleidung, sondern eine glaubhafte Lieferbeziehung: Name, Ware und vereinbarter Treffpunkt verschaffen ihm den Zugang, den sein eigener amtlicher Auftrag verhindern würde.","Eine vorherige Ankündigung als Partner erklärt die Tarnung nicht.","Eine ausgestellte Vollmacht ist nicht die Voraussetzung.","Der echte Händler ist ihnen noch nicht persönlich bekannt.","Kein Geschäftspartner bürgt als Zugangsvoraussetzung für Cutter.","Eine unbekannte Lieferantenperson öffnet den Weg zur Tarnidentität.","mittel","https://en.wikipedia.org/wiki/The_Comancheros_(film)","redaktionell_quellengeprueft"
"G100-20261008-WESTERN-012-M2","K-G100-20261008-WESTERN-012-M2","","de","Film","Western","Die Comancheros","The Comancheros","1961","","mittel","Filmwissen","Western","Western","Die scheinbare Flucht erweist sich als Rettungsaktion.","Welches Verhalten Paul Regrets (Stuart Whitman) gewinnt ihm in „Die Comancheros“ das Vertrauen der Rangers?","Er schützt den verwundeten Captain bei der Flucht","Er bekennt sich öffentlich zum Duelltod","Er nennt den Aufenthaltsort des Händlers","Er holt bei einem Überfall Verstärkung zurück","D","Regret kehrt mit Ranger-Verstärkung zurück.","Während eines Überfalls auf eine Ranch reitet Paul Regret (Stuart Whitman) davon. Jake Cutter (John Wayne) könnte sein Verhalten für eine erneute Flucht halten, doch Regret bringt eine Ranger-Einheit zurück, die den Angriff abwehrt. Erst die Rückkehr macht seinen Beweggrund sichtbar. Die Gesetzeshüter unterstützen ihn anschließend gegen die drohende Auslieferung. Das neue Vertrauen entsteht aus einer überprüfbaren Handlung unter Gefahr, nicht aus einer bloßen Versicherung guter Absichten.","Die entscheidende Tat ist die Rückkehr mit Verstärkung, nicht eine gemeinsame Flucht.","Ein öffentliches Geständnis ist nicht die entscheidende Tat.","Der Händler ist bereits festgenommen; Regrets Hilfe besteht anderswo.","Er nutzt die Fluchtmöglichkeit, um Rangers als Hilfe zurückzubringen.","Die scheinbare Flucht erweist sich als Rettungsaktion.","mittel","https://en.wikipedia.org/wiki/The_Comancheros_(film)","redaktionell_quellengeprueft"
"G100-20261008-WESTERN-012-S1","K-G100-20261008-WESTERN-012-S1","","de","Film","Western","Die Comancheros","The Comancheros","1961","","schwer","Filmwissen","Western","Western","Pilars Beziehung zur Lagerführung verändert die Behandlung der Gefangenen.","Warum lässt der Anführer des Schmugglerlagers die beiden gefangenen Männer in „Die Comancheros“ wieder frei?","Seine Tochter setzt sich für sie ein","Sie zahlen ihm ein hohes Lösegeld","Ein gefangener Ranger wird gegen sie ausgetauscht","Seine Leute bestätigen ihre Lieferpapiere","A","Pilar erreicht bei ihrem Vater die Freilassung.","Im verborgenen Lager werden Jake Cutter (John Wayne) und Paul Regret (Stuart Whitman) zunächst gefangen gehalten. Pilar Graile (Ina Balin) setzt sich für sie ein; ihr Vater Graile (Nehemiah Persoff) führt die Gemeinschaft. Ihre persönliche Beziehung zu Regret eröffnet den Gefangenen damit einen Zugang innerhalb der gegnerischen Machtstruktur. Die Freilassung beendet die Gefahr jedoch nicht: Pilar erkennt Cutters wahre Rolle, während ihr Vater die Männer zunächst willkommen heißt.","Pilar setzt sich bei ihrem Vater für die Männer ein.","Eine Lösegeldzahlung ist nicht der Auslöser.","Es findet kein entsprechender Gefangenenaustausch statt.","Die Entscheidung entsteht nicht durch bestätigte Lieferpapiere.","Pilars Beziehung zur Lagerführung verändert die Behandlung der Gefangenen.","mittel","https://en.wikipedia.org/wiki/The_Comancheros_(film)","redaktionell_quellengeprueft"
"G100-20261008-WESTERN-012-S2","K-G100-20261008-WESTERN-012-S2","","de","Film","Western","Die Comancheros","The Comancheros","1961","","schwer","Filmwissen","Western","Western","Das Paar zieht nach Mexiko, der Ranger kehrt in den Dienst zurück.","Warum reisen Paul und Pilar (Stuart Whitman, Ina Balin) am Ende von „Die Comancheros“ nach Mexiko?","Sie wollen ein neues Schmuggelgeschäft aufbauen","Sie verlassen den Bereich der drohenden Auslieferung","Sie suchen die versteckte Waffenladung","Sie müssen einen Ranger-Auftrag beenden","B","Der Weg nach Mexiko löst in der Filmhandlung die Auslieferungsgefahr.","Paul Regret (Stuart Whitman) und Pilar Graile (Ina Balin) verlassen am Ende gemeinsam Texas. In der Konstruktion der Filmgeschichte schützt der Weg nach Mexiko vor der weiter drohenden Auslieferung nach Louisiana. Jake Cutter (John Wayne) kehrt dagegen zu den Rangers zurück. Der Schluss trennt damit die neue gemeinsame Zukunft des Paares vom amtlichen Weg seines bisherigen Verfolgers, nachdem beide Männer zeitweise dasselbe gefährliche Ziel verfolgt haben.","Ein neuer gemeinsamer Schmuggelhandel ist nicht ihr Schlussplan.","Mexiko bietet ihnen innerhalb der Filmhandlung einen Weg aus der Auslieferungsgefahr.","Eine weitere Waffensuche führt sie nicht dorthin.","Sie übernehmen keinen abschließenden Ranger-Auftrag.","Das Paar zieht nach Mexiko, der Ranger kehrt in den Dienst zurück.","hoch","https://en.wikipedia.org/wiki/The_Comancheros_(film)","redaktionell_quellengeprueft"
"G100-20261008-WESTERN-012-Y","K-G100-20261008-WESTERN-012-Y","","de","Film","Western","Die Comancheros","The Comancheros","1961","","mittel","Filmjahr","Western","Western","1952 der Roman, 1961 der Film: neun Jahre bis zur Verfilmung.","In welchem Jahr wurde „Die Comancheros“ mit John Wayne und Stuart Whitman erstmals veröffentlicht?","1958","1964","1961","1967","C","Der erste New Yorker Start erfolgte 1961.","Paul I. Wellmans Roman The Comancheros erschien 1952. Die Filmfassung folgte 1961, neun Jahre später. AFI zeichnet mehrere Wechsel während der Entwicklung nach, bevor die Produktion mit John Wayne und Stuart Whitman entstand. Der Zeitanker trennt somit die Entstehung des literarischen Stoffes von der fertigen Verfilmung. Ein früher vorgesehener Hauptdarsteller oder Regisseur gehört zu dieser Entwicklungsgeschichte und bestimmt nicht die Identität der veröffentlichten Fassung.","1958 liegt drei Jahre vor dem Kinostart.","1964 liegt drei Jahre danach.","1961 ist das Erstjahr.","1967 ist sechs Jahre zu spät.","1952 der Roman, 1961 der Film: neun Jahre bis zur Verfilmung.","mittel","https://catalog.afi.com/Film/23776-THE-COMANCHEROS","redaktionell_quellengeprueft"
"G100-20261008-WESTERN-012-D","K-G100-20261008-WESTERN-012-D","","de","Film","Western","Die Comancheros","The Comancheros","1961","","mittel","Regie","Western","Western","Curtiz ist der Hauptcredit; Waynes tatsächliche Regiehilfe bleibt uncredited.","Wem gehört der veröffentlichte Hauptregiecredit von „Die Comancheros“?","George Sherman","Douglas Heyes","Henry Hathaway","Michael Curtiz","D","Michael Curtiz trägt den veröffentlichten Hauptregiecredit.","Michael Curtiz ist nach AFI der veröffentlichte Hauptregisseur. Wegen seiner Erkrankung übernahm John Wayne erhebliche Regiearbeit, die TCM ausdrücklich als uncredited beschreibt. Diese tatsächliche Mitarbeit wird von der offiziellen Namensnennung getrennt. George Sherman produzierte; Douglas Heyes war in einer früheren Entwicklungsphase vorgesehen. Der genaue Credit verlangt deshalb, zwischen Planung, ausgeführter Arbeit und der Regienennung der veröffentlichten Fassung zu unterscheiden.","George Sherman ist Produzent des Films.","Heyes war früh vorgesehen, trägt aber nicht den Hauptcredit.","Hathaway inszenierte diese Fassung nicht.","Der veröffentlichte Hauptcredit gehört Michael Curtiz.","Curtiz ist der Hauptcredit; Waynes tatsächliche Regiehilfe bleibt uncredited.","mittel","https://catalog.afi.com/Film/23776-THE-COMANCHEROS|https://www.tcm.com/articles/1567100/the-comancheros","redaktionell_quellengeprueft"
"G100-20261008-WESTERN-013-L1","K-G100-20261008-WESTERN-013-L1","","de","Film","Western","Die vier Söhne der Katie Elder","The Sons of Katie Elder","1965","","leicht","Filmwissen","Western","Western","Die Beerdigung verbindet Wiedersehen und versäumte Verantwortung.","Was führt die Brüder zu Beginn von „Die vier Söhne der Katie Elder“ wieder nach Clearwater?","Die Hochzeit ihres jüngsten Bruders","Die Beerdigung ihrer Mutter","Der geplante Verkauf einer Pferdeherde","Die Wahl eines neuen Sheriffs","B","Die Brüder kehren zur Beerdigung ihrer Mutter zurück.","Die Brüder kehren nach Clearwater zurück, um ihre Mutter zu beerdigen. John Elder (John Wayne) und Tom Elder (Dean Martin) sind mit ihrem unruhigen Lebenswandel besonders weit von ihren Erwartungen entfernt geblieben. Die Begegnung erinnert sie nicht nur an familiäre Nähe, sondern auch an versäumte Verantwortung. Während die Stadt ihre Mutter achtet, stehen Teile der Familie unter Misstrauen. Aus dem Abschied entsteht deshalb die Suche nach einer gemeinsamen Verpflichtung.","Eine Hochzeit ist nicht der Anlass der Rückkehr.","Sie kommen zur Beerdigung ihrer Mutter zusammen.","Der Pferdehandel beginnt erst im weiteren Verlauf.","Die Sheriffwahl führt sie nicht zusammen.","Die Beerdigung verbindet Wiedersehen und versäumte Verantwortung.","mittel","https://en.wikipedia.org/wiki/The_Sons_of_Katie_Elder","redaktionell_quellengeprueft"
"G100-20261008-WESTERN-013-L2","K-G100-20261008-WESTERN-013-L2","","de","Film","Western","Die vier Söhne der Katie Elder","The Sons of Katie Elder","1965","","leicht","Filmwissen","Western","Western","Bud bewundert den Revolvermann; die Brüder wollen ihm eine andere Zukunft geben.","Was wollen die älteren Brüder für Bud Elder (Michael Anderson Jr.) in „Die vier Söhne der Katie Elder“ erreichen?","Er soll einen kleinen Laden übernehmen","Er soll eine eigene Ranch gründen","Er soll sein Studium fortsetzen","Er soll als Hilfssheriff arbeiten","C","Bud soll sein Studium fortsetzen.","Bud Elder (Michael Anderson Jr.) bewundert seinen ältesten Bruder John Elder (John Wayne) und möchte dessen Leben nachahmen. Die Brüder wollen ihn stattdessen wieder zum Studium schicken. Ihr Plan ist eine konkrete Antwort auf die Erwartungen ihrer verstorbenen Mutter: Mindestens einer soll eine andere Zukunft erhalten. Der Konflikt betrifft damit nicht bloß Befehlsgehorsam, sondern die Frage, welches Leben die Familie dem Jüngsten tatsächlich als Vorbild geben kann.","Ein eigener Laden ist nicht ihr Zukunftsplan für Bud.","Sie planen keine Ranchgründung für ihn.","Sie wollen ihn zur Fortsetzung seines Studiums bewegen.","Ein Dienst als Hilfssheriff ist nicht das vereinbarte Ziel.","Bud bewundert den Revolvermann; die Brüder wollen ihm eine andere Zukunft geben.","mittel","https://en.wikipedia.org/wiki/The_Sons_of_Katie_Elder","redaktionell_quellengeprueft"
"G100-20261008-WESTERN-013-M1","K-G100-20261008-WESTERN-013-M1","","de","Film","Western","Die vier Söhne der Katie Elder","The Sons of Katie Elder","1965","","mittel","Filmwissen","Western","Western","Der Pferdehandel schafft Arbeit und später einen überprüfbaren Aufenthaltsbezug.","Welche Tiere treiben die Brüder in „Die vier Söhne der Katie Elder“ im Rahmen ihres Geschäfts nach dem Wiedersehen?","Rinder","Schafe","Maultiere","Pferde","D","Das Geschäft betrifft eine Pferdeherde.","Ein Rancher setzt ein Geschäft fort, das bereits mit der Mutter der Brüder vereinbart worden war. John Elder (John Wayne), Tom Elder (Dean Martin) und ihre Brüder übernehmen Pferde, um sie an Bergleute weiterzuverkaufen. Damit versuchen sie, durch gemeinsame Arbeit einen wirtschaftlichen Anfang zu schaffen. Die Unternehmung liegt außerhalb der Stadt und wird später wichtig, weil die Familie erklären kann, dass sie während eines Mordes nicht am Tatort war.","Es handelt sich nicht um einen Rindertrieb.","Die Vereinbarung betrifft keine Schafe.","Maultiere sind nicht die gehandelte Herde.","Sie übernehmen eine Pferdeherde.","Der Pferdehandel schafft Arbeit und später einen überprüfbaren Aufenthaltsbezug.","mittel","https://en.wikipedia.org/wiki/The_Sons_of_Katie_Elder","redaktionell_quellengeprueft"
"G100-20261008-WESTERN-013-M2","K-G100-20261008-WESTERN-013-M2","","de","Film","Western","Die vier Söhne der Katie Elder","The Sons of Katie Elder","1965","","mittel","Filmwissen","Western","Western","Der behauptete Kartengewinn steht neben einem ungeklärten Mord.","Wie erklärt Morgan Hastings (James Gregory) in „Die vier Söhne der Katie Elder“ seinen Besitz der früheren Familienranch?","Er habe sie beim Kartenspiel gewonnen","Er habe eine unbezahlte Hypothek übernommen","Er habe sie von einer Bank ersteigert","Er habe sie als Kaufpreis für Waffen erhalten","A","Hastings behauptet, die Ranch beim Kartenspiel gewonnen zu haben.","Morgan Hastings (James Gregory) behauptet, die Ranch beim Kartenspiel vom Vater der Brüder gewonnen zu haben. Dieser wurde noch in derselben Nacht von hinten erschossen. John Elder (John Wayne) und Tom Elder (Dean Martin) sehen deshalb hinter der formalen Besitzbehauptung einen ungeklärten Zusammenhang. Ihre Mutter lebte nach dem Verlust in Armut. Der Streit um die Ranch ist so zugleich eine Untersuchung dessen, was vor ihrer Rückkehr geschehen ist.","Hastings behauptet einen Gewinn beim Kartenspiel.","Eine übernommene Hypothek ist nicht seine Erklärung.","Eine Bankversteigerung nennt er nicht als Grundlage.","Ein Waffengeschäft erklärt seinen Ranchbesitz nicht.","Der behauptete Kartengewinn steht neben einem ungeklärten Mord.","mittel","https://en.wikipedia.org/wiki/The_Sons_of_Katie_Elder","redaktionell_quellengeprueft"
"G100-20261008-WESTERN-013-S1","K-G100-20261008-WESTERN-013-S1","","de","Film","Western","Die vier Söhne der Katie Elder","The Sons of Katie Elder","1965","","schwer","Filmwissen","Western","Western","Ein Schutztransport wird durch seine eigene Begleitung unterlaufen.","Was macht den Gefangenentransport in „Die vier Söhne der Katie Elder“ zu einer vorbereiteten Falle?","Der Richter lässt die Brüder unterwegs ohne Schutz zurück","Die bewaffneten Begleiter gehören teilweise zum geplanten Hinterhalt","Die Gefangenen werden auf ein verabredetes Duellgelände gebracht","Die Eskorte übergibt die Brüder heimlich an die Ranchwachen","B","Der Hinterhalt ist mit Teilen der bewaffneten Begleitung abgestimmt.","Die Brüder sollen vor einer drohenden Lynchjustiz in Sicherheit gebracht werden. Morgan Hastings (James Gregory) nutzt jedoch den Transport, um einen Hinterhalt vorzubereiten, an dem Teile der als Hilfssheriffs eingesetzten Begleitung beteiligt sind. Ben Latta (Jeremy Slate) hält dagegen an seiner Pflicht fest und versucht zu helfen. Der Schutz durch ein amtliches Verfahren wird somit von innen angegriffen; der einzelne pflichtbewusste Helfer kann die Falle nicht verhindern.","Der Transport wird von innen unterlaufen, nicht vom Richter schutzlos aufgegeben.","Hastings hat Angehörige der bewaffneten Begleitung in den Hinterhalt eingebunden.","Ein vereinbartes Duell ist nicht das Ziel des Gefangenentransports.","Die Falle besteht im vorbereiteten Angriff, nicht in einer Übergabe an Ranchwachen.","Ein Schutztransport wird durch seine eigene Begleitung unterlaufen.","hoch","https://en.wikipedia.org/wiki/The_Sons_of_Katie_Elder","redaktionell_quellengeprueft"
"G100-20261008-WESTERN-013-S2","K-G100-20261008-WESTERN-013-S2","","de","Film","Western","Die vier Söhne der Katie Elder","The Sons of Katie Elder","1965","","schwer","Filmwissen","Western","Western","Der tödlich verwundete Sohn kann die Wahrheit noch aussprechen.","Wodurch wird Hastings’ (James Gregory) Schuld in der Schlussphase von „Die vier Söhne der Katie Elder“ vor Zeugen aufgedeckt?","Ein versteckter Kaufvertrag wird gefunden","Ein zurückgekehrter Rancher identifiziert ihn","Sein verwundeter Sohn gesteht die Vorgänge","Ein zuvor gefangener Bandit sagt im Gericht aus","C","Hastings’ Sohn Dave enthüllt die Verbrechen.","Tom Elder (Dean Martin) bringt Dave Hastings (Dennis Hopper) zu seinen Brüdern. Morgan Hastings (James Gregory) schießt dabei auf seinen eigenen Sohn. Der Verwundete erzählt John Elder (John Wayne) und dem Richter dennoch die Wahrheit, bevor er stirbt. Die Aufklärung entsteht damit aus dem Zerbrechen der gegnerischen Familie. Erst dieser konkrete Zeugenbericht ermöglicht die Entlastung der Brüder und führt zur abschließenden Auseinandersetzung.","Ein gefundener Kaufvertrag liefert nicht den entscheidenden Beweis.","Ein zurückgekehrter Rancher ist nicht der zentrale Zeuge.","Dave erzählt die Wahrheit, bevor er stirbt.","Es gibt keine entsprechende gerichtliche Banditenaussage als Auflösung.","Der tödlich verwundete Sohn kann die Wahrheit noch aussprechen.","hoch","https://en.wikipedia.org/wiki/The_Sons_of_Katie_Elder|https://catalog.afi.com/Film/18772-THE-SONSOFKATIEELDER","redaktionell_quellengeprueft"
"G100-20261008-WESTERN-013-Y","K-G100-20261008-WESTERN-013-Y","","de","Film","Western","Die vier Söhne der Katie Elder","The Sons of Katie Elder","1965","","mittel","Filmjahr","Western","Western","1959 Rio Bravo, 1965 Katie Elder: sechs Jahre bis zum erneuten Wayne/Martin-Western.","In welchem Jahr erschien „Die vier Söhne der Katie Elder“ mit John Wayne und Dean Martin erstmals?","1962","1968","1971","1965","D","Die ersten Kinoaufführungen fanden 1965 statt.","John Wayne und Dean Martin standen bereits in Rio Bravo von 1959 gemeinsam vor der Kamera. Die vier Söhne der Katie Elder erschien 1965, sechs Jahre später. Das Wiedersehen der Stars verbindet zwei Western mit unterschiedlichen Ensemblebeziehungen: dort die Verteidigung einer Stadt, hier die Rückkehr von Brüdern zu einer beschädigten Familiengeschichte. Die zeitliche Verbindung hilft, die erneute Zusammenarbeit zu erkennen, ohne die beiden Filme oder ihre Regiecredits gleichzusetzen.","1962 liegt drei Jahre davor.","1968 liegt drei Jahre danach.","1971 ist sechs Jahre zu spät.","1965 ist der erste Kinojahrgang.","1959 Rio Bravo, 1965 Katie Elder: sechs Jahre bis zum erneuten Wayne/Martin-Western.","mittel","https://catalog.afi.com/Film/18772-THE-SONSOFKATIEELDER|https://catalog.afi.com/Film/53001-RIO-BRAVO","redaktionell_quellengeprueft"
"G100-20261008-WESTERN-013-D","K-G100-20261008-WESTERN-013-D","","de","Film","Western","Die vier Söhne der Katie Elder","The Sons of Katie Elder","1965","","mittel","Regie","Western","Western","Hathaway ist der fertige Hauptcredit nach einer langen Entwicklung.","Wer führte bei „Die vier Söhne der Katie Elder“ mit John Wayne und Dean Martin Hauptregie?","Henry Hathaway","Howard Hawks","John Sturges","Burt Kennedy","A","Henry Hathaway führte Hauptregie.","Henry Hathaway inszenierte die veröffentlichte Fassung mit John Wayne und Dean Martin. Die Entwicklung dauerte lange und umfasste frühere Pläne mit anderen Beteiligten; John Sturges war zwischenzeitlich als Regisseur vorgesehen. Der fertige Credit richtet sich jedoch nach dem veröffentlichten Film. Die Regie verbindet das Wiedersehen der Brüder mit einer Untersuchung des verlorenen Familienbesitzes und führt ihren Versuch eines Neuanfangs in eine gewaltsame Auseinandersetzung.","Henry Hathaway ist der Hauptregisseur.","Hawks führte bei Rio Bravo, nicht bei diesem Film, Regie.","Sturges war in früheren Planungen vorgesehen, trägt aber nicht den fertigen Hauptcredit.","Kennedy ist nicht der Hauptregisseur dieser Familiengeschichte.","Hathaway ist der fertige Hauptcredit nach einer langen Entwicklung.","mittel","https://catalog.afi.com/Film/18772-THE-SONSOFKATIEELDER","redaktionell_quellengeprueft"
"G100-20261008-WESTERN-014-L1","K-G100-20261008-WESTERN-014-L1","","de","Film","Western","Der Mann vom großen Fluß","Shenandoah","1965","","leicht","Filmwissen","Western","Western","Charlie vertraut darauf, den Krieg von der eigenen Farm fernhalten zu können.","Welche Haltung vertritt Charlie Anderson (James Stewart) zu Beginn von „Der Mann vom großen Fluß“ gegenüber dem Bürgerkrieg?","Seine Söhne sollen sich geschlossen melden","Seine Farm soll als Militärlager dienen","Seine Familie soll sich heraushalten","Seine Tochter soll als Armeepflegerin arbeiten","C","Charlie will seine Familie aus dem Krieg heraushalten.","Charlie Anderson (James Stewart) arbeitet mit seiner Familie auf einer Farm in Virginia. Obwohl der Bürgerkrieg in der Nähe geführt wird, betrachtet er ihn zunächst als Angelegenheit anderer Menschen. Seine Söhne sollen auf dem eigenen Land bleiben. Die Haltung beruht auf seinem Vertrauen in die selbst erwirtschaftete Unabhängigkeit. Der Film setzt diesen Anspruch einer Umgebung aus, in der Armeen, Gewalt und Gefangenschaft immer näher an den privaten Alltag heranrücken.","Er verlangt gerade keine gemeinsame freiwillige Meldung.","Er bietet seine Farm nicht als Militärlager an.","Charlie will seine Familie aus dem Krieg heraushalten.","Ein Dienst der Tochter bei der Armee ist nicht sein Anfangsplan.","Charlie vertraut darauf, den Krieg von der eigenen Farm fernhalten zu können.","mittel","https://en.wikipedia.org/wiki/Shenandoah_(film)","redaktionell_quellengeprueft"
"G100-20261008-WESTERN-014-L2","K-G100-20261008-WESTERN-014-L2","","de","Film","Western","Der Mann vom großen Fluß","Shenandoah","1965","","leicht","Filmwissen","Western","Western","Der militärische Rückruf beendet die gemeinsame Hochzeitsfreude.","Was unterbricht in „Der Mann vom großen Fluß“ die Freude nach Jennies (Rosemary Forsyth) Hochzeit mit Sam (Doug McClure)?","Die Familie muss vor heranrückenden Soldaten fliehen","Ein Verwundeter verlangt die Hilfe des Bräutigams","Eine Patrouille nimmt Hochzeitsgäste als Gefangene mit","Sam wird sofort zur Truppe zurückgerufen","D","Sam muss unmittelbar nach der Trauung wieder zur Truppe.","Jennie Anderson (Rosemary Forsyth) heiratet Sam (Doug McClure), einen Offizier der Konföderierten. Kaum sind die Gelübde gesprochen, wird er zurück zur Truppe gerufen. Der Krieg greift damit in ein Ereignis ein, das der Familie zunächst als eigener privater Glücksmoment gehört. Die Trennung braucht keinen persönlichen Streit zwischen den Eheleuten. Eine militärische Verpflichtung durchbricht den Versuch, den Alltag nach den Wünschen der Familie zu ordnen.","Die Familie muss nach der Trauung nicht vor einer heranrückenden Einheit fliehen.","Ein Hilferuf für einen Verwundeten verursacht die Trennung nicht.","Eine Festnahme der Hochzeitsgäste unterbricht die Freude nicht.","Ein Soldat überbringt Sams sofortigen Rückruf.","Der militärische Rückruf beendet die gemeinsame Hochzeitsfreude.","mittel","https://en.wikipedia.org/wiki/Shenandoah_(film)","redaktionell_quellengeprueft"
"G100-20261008-WESTERN-014-M1","K-G100-20261008-WESTERN-014-M1","","de","Film","Western","Der Mann vom großen Fluß","Shenandoah","1965","","mittel","Filmwissen","Western","Western","Eine gefundene Mütze wird zum vermeintlichen Beweis einer Zugehörigkeit.","Warum halten Unionssoldaten Boy (Phillip Alford) in „Der Mann vom großen Fluß“ irrtümlich für einen gegnerischen Soldaten?","Er trägt eine gefundene konföderierte Mütze","Er besitzt einen gefälschten Marschbefehl","Er führt ein gestohlenes Kavalleriepferd","Er bewacht eine Kiste mit Armeemunition","A","Eine gefundene Mütze führt zu Boys Gefangennahme.","Boy Anderson (Phillip Alford) ist bei einem Ausflug mit seinem Freund Gabriel (Eugene Jackson Jr.) unterwegs. Er trägt eine gefundene Mütze der Konföderierten, als eine Unionspatrouille auf die Jungen trifft. Das äußere Zeichen genügt den Soldaten, um ihn als Gegner festzunehmen. Die Verwechslung zieht seine Familie in die Suche nach einem Kriegsgefangenen hinein. Charlies (James Stewart) erklärte Neutralität schützt den Sohn nicht vor einer militärischen Zuschreibung.","Die gefundene Mütze führt zur Verwechslung.","Ein gefälschter Marschbefehl spielt dabei keine Rolle.","Ein Kavalleriepferd erklärt seine Festnahme nicht.","Eine Munitionskiste ist nicht der Anlass.","Eine gefundene Mütze wird zum vermeintlichen Beweis einer Zugehörigkeit.","mittel","https://en.wikipedia.org/wiki/Shenandoah_(film)|https://catalog.afi.com/Film/19673-SHENANDOAH","redaktionell_quellengeprueft"
"G100-20261008-WESTERN-014-M2","K-G100-20261008-WESTERN-014-M2","","de","Film","Western","Der Mann vom großen Fluß","Shenandoah","1965","","mittel","Filmwissen","Western","Western","Der scheinbar bedrohliche Soldat erweist sich als rettender Freund.","Wie hilft Gabriel (Eugene Jackson Jr.) Boy (Phillip Alford) in „Der Mann vom großen Fluß“ nach dessen Verletzung auf dem Schlachtfeld?","Er begleitet ihn in ein Feldlazarett","Er versteckt ihn vor weiteren Soldaten","Er bringt ihn zurück in das Gefangenenlager","Er verschafft ihm eine fremde Uniform","B","Gabriel versteckt den verletzten Freund.","Boy Anderson (Phillip Alford) entkommt aus der Gefangenschaft, gerät aber erneut zwischen die kämpfenden Truppen und wird verletzt. Ein Unionssoldat nähert sich ihm; es ist sein Freund Gabriel (Eugene Jackson Jr.), der inzwischen der Armee beigetreten ist. Gabriel hilft ihm, sich bis nach der Schlacht zu verstecken. Die Freundschaft übersteht damit eine Lage, in der eine Uniform zunächst Gefahr signalisiert. Persönliches Wiedererkennen verhindert die weitere Bedrohung des Verwundeten.","Er begleitet ihn in dieser Szene nicht in ein Lazarett.","Gabriel hilft ihm, sich bis nach dem Kampf zu verstecken.","Er bringt Boy nicht wieder in das Lager.","Eine fremde Uniform ist nicht die gezeigte Rettung.","Der scheinbar bedrohliche Soldat erweist sich als rettender Freund.","mittel","https://en.wikipedia.org/wiki/Shenandoah_(film)|https://catalog.afi.com/Film/19673-SHENANDOAH","redaktionell_quellengeprueft"
"G100-20261008-WESTERN-014-S1","K-G100-20261008-WESTERN-014-S1","","de","Film","Western","Der Mann vom großen Fluß","Shenandoah","1965","","schwer","Filmwissen","Western","Western","Der Vater erkennt im jungen Täter das Alter seines eigenen Sohnes.","Was hält Charlie Anderson (James Stewart) in „Der Mann vom großen Fluß“ davon ab, den jungen Posten nach dem tödlichen Schuss zu erwürgen?","Dessen Bitte erinnert ihn an ein eigenes Versprechen","Dessen Bericht gibt ihm eine Spur zum Sohn","Dessen Alter erinnert ihn an seinen vermissten Sohn","Dessen Offizier weist einen versehentlichen Schuss nach","C","Das Alter des Postens erinnert Charlie an seinen vermissten Sohn.","Ein erschrockener junger Posten schießt auf die zurückkehrende Familie und tötet Jacob Anderson (Glenn Corbett). Charlie Anderson (James Stewart) beginnt, ihn zu erwürgen, hält aber inne, als er erfährt, dass der Soldat sechzehn ist. Er denkt an seinen vermissten Sohn Boy (Phillip Alford). Die unmittelbare Rache wird durch eine persönliche Wiedererkennung unterbrochen: Im Täter sieht Charlie zugleich einen Jungen, dessen künftiges Leben noch vor ihm liegt.","Ein früher gegebenes Versprechen bringt ihn nicht zum Einhalten.","Eine neue Spur zum Sohn ist nicht der Grund.","Das Alter des Postens erinnert Charlie an Boy.","Ein Nachweis durch einen Offizier unterbricht die Rache nicht.","Der Vater erkennt im jungen Täter das Alter seines eigenen Sohnes.","hoch","https://en.wikipedia.org/wiki/Shenandoah_(film)","redaktionell_quellengeprueft"
"G100-20261008-WESTERN-014-S2","K-G100-20261008-WESTERN-014-S2","","de","Film","Western","Der Mann vom großen Fluß","Shenandoah","1965","","schwer","Filmwissen","Western","Western","Der wiederkehrende Kirchgang trägt diesmal Verlust und Wiederkehr zugleich.","Welches Ereignis verändert den abschließenden Gottesdienst in „Der Mann vom großen Fluß“?","Ein Telegramm bestätigt den Tod des Sohnes","Soldaten bringen den Vater als Gefangenen fort","Der Pfarrer meldet die Vernichtung der Familienfarm","Der vermisste Sohn tritt auf einer Krücke ein","D","Boy kehrt während des Gottesdienstes zurück.","Charlie Anderson (James Stewart) geht nach den schweren Verlusten mit der verbliebenen Familie wieder in die Kirche. Während des Gottesdienstes tritt Boy Anderson (Phillip Alford) auf einer Krücke durch die Tür. Der Vater erkennt den vermissten Sohn und führt ihn zur Bank. Die Rückkehr hebt die Todesfälle nicht auf, verändert aber den gemeinsamen Augenblick. Der wiederkehrende Kirchgang wird dadurch zum Rahmen für Trauer und eine unerwartete Wiedervereinigung.","Eine Todesnachricht ist nicht die Schlusswendung.","Der Vater wird dort nicht gefangen genommen.","Der Pfarrer verkündet keinen Untergang der Farm.","Boy kehrt während des Gottesdienstes zurück.","Der wiederkehrende Kirchgang trägt diesmal Verlust und Wiederkehr zugleich.","hoch","https://en.wikipedia.org/wiki/Shenandoah_(film)","redaktionell_quellengeprueft"
"G100-20261008-WESTERN-014-Y","K-G100-20261008-WESTERN-014-Y","","de","Film","Western","Der Mann vom großen Fluß","Shenandoah","1965","","mittel","Filmjahr","Western","Western","1965 der Film, 1975 das Musical: zehn Jahre bis zur Broadway-Bearbeitung.","In welchem Jahr erschien „Der Mann vom großen Fluß“ mit James Stewart erstmals?","1965","1962","1968","1971","A","Die öffentliche Weltpremiere fand 1965 statt.","Shenandoah erschien 1965. Die auf dem Film beruhende Broadway-Musicalfassung begann 1975, zehn Jahre später. AFI dokumentiert diese Bühnenbearbeitung und nennt den Drehbuchautor James Lee Barrett auch unter den späteren Buchautoren. Der Zeitanker verbindet damit eine filmische Familiengeschichte mit ihrer musikalischen Weiterverwendung. Die spätere Premiere verschiebt nicht das Erstjahr des Films, sondern bezeichnet ein neues Werk, das denselben Stoff in einer anderen Form erzählt.","1965 ist der Erstjahrgang.","1962 liegt drei Jahre davor.","1968 liegt drei Jahre danach.","1971 ist sechs Jahre zu spät.","1965 der Film, 1975 das Musical: zehn Jahre bis zur Broadway-Bearbeitung.","mittel","https://catalog.afi.com/Film/19673-SHENANDOAH","redaktionell_quellengeprueft"
"G100-20261008-WESTERN-014-D","K-G100-20261008-WESTERN-014-D","","de","Film","Western","Der Mann vom großen Fluß","Shenandoah","1965","","mittel","Regie","Western","Western","McLaglen erzählt den Bürgerkrieg durch die bedrohte Unabhängigkeit einer Familie.","Wer führte bei „Der Mann vom großen Fluß“ mit James Stewart Hauptregie?","Anthony Mann","Andrew V. McLaglen","Henry Hathaway","Delmer Daves","B","Andrew V. McLaglen führte Hauptregie.","Andrew V. McLaglen inszenierte Shenandoah mit James Stewart. Die Handlung bleibt eng an einer Familie, deren Vater die äußere Gewalt zunächst aus dem eigenen Verantwortungsbereich ausschließen will. Statt nur gegnerische Armeen gegenüberzustellen, zeigt der Film Folgen für Hochzeiten, Arbeit, Gefangene und Eltern. Robert Arthur produzierte und James Lee Barrett schrieb die Vorlage und das Drehbuch. Diese Funktionen sind vom alleinigen Hauptregiecredit McLaglens zu trennen.","Anthony Mann ist nicht der Regisseur dieser Stewart-Fassung.","Andrew V. McLaglen trägt den Hauptregiecredit.","Henry Hathaway inszenierte diesen Film nicht.","Delmer Daves führte hier nicht Hauptregie.","McLaglen erzählt den Bürgerkrieg durch die bedrohte Unabhängigkeit einer Familie.","mittel","https://catalog.afi.com/Film/19673-SHENANDOAH","redaktionell_quellengeprueft"
"G100-20261008-WESTERN-015-L1","K-G100-20261008-WESTERN-015-L1","","de","Film","Western","Man nannte ihn Hombre","Hombre","1967","","leicht","Filmwissen","Western","Western","Johns Kindheit verbindet ihn mit der ausgegrenzten Gemeinschaft.","Bei welchem Volk ist John Russell (Paul Newman) in „Man nannte ihn Hombre“ aufgewachsen?","Bei Navajos","Bei Kiowas","Bei Comanchen","Bei Apachen","D","John Russell ist bei Apachen aufgewachsen.","John Russell (Paul Newman) ist ein weißer Mann, der bei Apachen aufgewachsen ist. Als er vom Tod seines Adoptivvaters und einer Erbschaft erfährt, kehrt er in die Welt der weißen Stadtbewohner zurück. Seine Herkunft macht ihn dort zum Außenseiter. Er kennt die Vorurteile gegenüber den Menschen, unter denen er gelebt hat, aus eigener Erfahrung. Diese doppelte Zugehörigkeit bestimmt später, wie er die übrigen Reisenden und ihre Forderungen beurteilt.","Er wuchs nicht bei Navajos auf.","Kiowas sind nicht seine Kindheitsgemeinschaft.","Seine Herkunft ist nicht die Gemeinschaft der Comanchen.","John wurde von Apachen großgezogen.","Johns Kindheit verbindet ihn mit der ausgegrenzten Gemeinschaft.","mittel","https://en.wikipedia.org/wiki/Hombre_(film)","redaktionell_quellengeprueft"
"G100-20261008-WESTERN-015-L2","K-G100-20261008-WESTERN-015-L2","","de","Film","Western","Man nannte ihn Hombre","Hombre","1967","","leicht","Filmwissen","Western","Western","Die Postkutsche verbindet Fremde zu einer erzwungenen Reisegemeinschaft.","Mit welchem Verkehrsmittel beginnt die gemeinsame Reise der Hauptgruppe in „Man nannte ihn Hombre“?","Mit einer Postkutsche","Mit einem Personenzug","Mit einem Flussdampfer","Mit einem Planwagenzug","A","Die Reisenden treffen in einer Postkutsche aufeinander.","John Russell (Paul Newman) verlässt die Stadt in einer Postkutsche. Unter den Mitreisenden befinden sich Jessie (Diane Cilento), die bisher das geerbte Haus verwaltet hat, und ein wohlhabendes Ehepaar. Die enge Reisegemeinschaft führt Menschen zusammen, die einander zuvor kaum verpflichtet waren. Ihre anfängliche Distanz wird jedoch praktisch folgenreich, sobald der gemeinsame Weg in Gefahr gerät. Die räumliche Nähe erzeugt damit nicht automatisch Solidarität, sondern legt zunächst Abhängigkeiten und Vorurteile offen.","Die Gruppe reist zunächst in einer Postkutsche.","Es ist keine gemeinsame Zugreise.","Ein Flussdampfer ist nicht ihr Verkehrsmittel.","Sie schließen sich keinem Planwagenzug an.","Die Postkutsche verbindet Fremde zu einer erzwungenen Reisegemeinschaft.","mittel","https://en.wikipedia.org/wiki/Hombre_(film)","redaktionell_quellengeprueft"
"G100-20261008-WESTERN-015-M1","K-G100-20261008-WESTERN-015-M1","","de","Film","Western","Man nannte ihn Hombre","Hombre","1967","","mittel","Filmwissen","Western","Western","Der Ausgegrenzte wird später zum notwendigen Helfer.","Warum muss John Russell (Paul Newman) in „Man nannte ihn Hombre“ außerhalb des Fahrgastraums weiterreisen?","Er übernimmt freiwillig die bewaffnete Vorhut","Er wird wegen seiner Verbindung zu den Apachen ausgegrenzt","Der Fahrer benötigt einen zusätzlichen Gehilfen","Er hat nur eine Fahrkarte für den Außenplatz","B","Favor sorgt aus Vorurteil für Johns Ausschluss aus dem Innenraum.","Als die Mitreisenden von John Russells (Paul Newman) Verbindung zu den Apachen erfahren, fordert Favor (Fredric March), ihn außerhalb der Kutsche unterzubringen. Die räumliche Trennung macht das Vorurteil unmittelbar sichtbar. Der gleiche Mann, der John aus der Reisegesellschaft ausschließt, wird nach dem Überfall auf dessen Fähigkeiten angewiesen sein. Der Film verbindet daher eine soziale Entscheidung mit einer späteren praktischen Abhängigkeit, ohne den Widerspruch der Gruppe sofort aufzulösen.","John meldet sich nicht als bewaffnete Vorhut.","Favor grenzt ihn wegen seiner Apache-Verbindung aus.","Ein Arbeitsbedarf des Fahrers erklärt die Ausgrenzung nicht.","Eine eingeschränkte Fahrkarte ist nicht der Anlass.","Der Ausgegrenzte wird später zum notwendigen Helfer.","mittel","https://en.wikipedia.org/wiki/Hombre_(film)","redaktionell_quellengeprueft"
"G100-20261008-WESTERN-015-M2","K-G100-20261008-WESTERN-015-M2","","de","Film","Western","Man nannte ihn Hombre","Hombre","1967","","mittel","Filmwissen","Western","Western","Das vornehme Reisevermögen stammt aus der Versorgung der Ausgegrenzten.","Woher stammt das Geld, das Favor (Fredric March) in „Man nannte ihn Hombre“ mitführt?","Aus dem Verkauf seines eigenen Ranchbesitzes","Aus gemeinsam gesammelten Ersparnissen der Reisenden","Aus veruntreuten Mitteln für die Versorgung der Apachen","Aus einem Vorschuss auf eine neu eröffnete Mine","C","Favor hat für die Versorgung der Apachen bestimmte Gelder veruntreut.","Favor (Fredric March) besitzt das Geld nicht als gewöhnliches privates Reisevermögen. Er hat Mittel unterschlagen, die für die Versorgung der Apachen bestimmt waren. John Russell (Paul Newman) kennt die dadurch betroffene Gemeinschaft. Damit erhält der Streit um die geraubte und zurückgewonnene Summe eine Bedeutung jenseits ihrer Besitzerbehauptung. Der vornehme Reisende, der andere nach ihrer Herkunft abwertet, trägt selbst die Verantwortung für einen konkreten wirtschaftlichen Schaden an diesen Menschen.","Ein Ranchverkauf erklärt die Geldquelle nicht.","Es sind keine gemeinsamen Reiseersparnisse.","Favor hat Versorgungsgelder für die Apachen unterschlagen.","Ein Minenvorschuss ist nicht die Herkunft.","Das vornehme Reisevermögen stammt aus der Versorgung der Ausgegrenzten.","mittel","https://en.wikipedia.org/wiki/Hombre_(film)","redaktionell_quellengeprueft"
"G100-20261008-WESTERN-015-S1","K-G100-20261008-WESTERN-015-S1","","de","Film","Western","Man nannte ihn Hombre","Hombre","1967","","schwer","Filmwissen","Western","Western","Zwei Ausschlüsse beruhen auf unterschiedlichen Gründen: Herkunft und schädigendem Verhalten.","Warum schließt John Russell (Paul Newman) Favor (Fredric March) in „Man nannte ihn Hombre“ aus der fliehenden Gruppe aus?","Favor verrät den Standort der Gruppe durch ein Signal","Favor zerstört die Waffen der anderen Reisenden","Favor tauscht einen Mitreisenden gegen freien Abzug","Favor versucht mit Geld und Wasser allein zu entkommen","D","Favor versucht, Geld und Wasser allein mitzunehmen.","Während die Gruppe vor den Räubern flieht, versucht Favor (Fredric March), Geld und Wasser allein an sich zu bringen. John Russell (Paul Newman) hindert ihn daran und schließt ihn aus der Gemeinschaft aus. Anders als der frühere Ausschluss Johns beruht diese Entscheidung auf einem konkreten Verhalten, das die Überlebenschancen der anderen gefährdet. Der Film stellt so zwei Formen der Zurückweisung gegenüber: eine aus Vorurteil und eine als Reaktion auf eine tatsächliche Schädigung.","Ein verräterisches Signal ist nicht der konkrete Anlass.","Er zerstört nicht die Waffen der Gruppe.","Ein Gefangenentausch erklärt den Ausschluss nicht.","Favor versucht, Geld und den gesamten Wasservorrat mitzunehmen.","Zwei Ausschlüsse beruhen auf unterschiedlichen Gründen: Herkunft und schädigendem Verhalten.","mittel","https://en.wikipedia.org/wiki/Hombre_(film)","redaktionell_quellengeprueft"
"G100-20261008-WESTERN-015-S2","K-G100-20261008-WESTERN-015-S2","","de","Film","Western","Man nannte ihn Hombre","Hombre","1967","","schwer","Filmwissen","Western","Western","Die scheinbare Geldübergabe schützt zugleich die Geisel und das Versorgungsgeld.","Was nimmt John Russell (Paul Newman) beim entscheidenden Austausch in „Man nannte ihn Hombre“ statt des geforderten Geldes mit?","Mit Lumpen gefüllte Satteltaschen","Einen gefälschten Bankscheck","Einen Beutel wertloser Erznuggets","Eine leere Geldkassette","A","John verwendet mit Lumpen gefüllte Satteltaschen.","John Russell (Paul Newman) nimmt das Geld aus den Satteltaschen und übergibt Billy Lee (Peter Lazer) die Verantwortung, es den Apachen zurückzugeben. Mit Lumpen in den Taschen geht er hinunter, um Audra Favor (Barbara Rush) zu befreien. Die Täuschung ermöglicht zunächst ihren Rückweg, endet aber in einem tödlichen Schusswechsel. Der Versuch verbindet die Rettung einer bislang feindseligen Mitreisenden mit der Wahrung eines Anspruchs, den die Räuber nicht erfüllen sollen.","Er geht mit Satteltaschen hinunter, die Lumpen enthalten.","Ein Bankscheck ist nicht sein Täuschungsmittel.","Erznuggets ersetzen die Summe nicht.","Die Täuschung verwendet keine Geldkassette.","Die scheinbare Geldübergabe schützt zugleich die Geisel und das Versorgungsgeld.","hoch","https://en.wikipedia.org/wiki/Hombre_(film)","redaktionell_quellengeprueft"
"G100-20261008-WESTERN-015-Y","K-G100-20261008-WESTERN-015-Y","","de","Film","Western","Man nannte ihn Hombre","Hombre","1967","","mittel","Filmjahr","Western","Western","1961 Leonards Roman, 1967 der Newman-Film: sechs Jahre bis zur Verfilmung.","In welchem Jahr wurde „Man nannte ihn Hombre“ mit Paul Newman erstmals veröffentlicht?","1964","1967","1970","1973","B","Die erste New Yorker Premiere fand 1967 statt.","Elmore Leonards Roman Hombre erschien 1961. Die Filmfassung mit Paul Newman folgte 1967, sechs Jahre später. AFI nennt die literarische Vorlage und trennt den ersten New Yorker Premierenabend vom regulären Start am folgenden Tag. Der zeitliche Zusammenhang verbindet damit einen bestehenden Roman mit seiner konkreten Verfilmung. Die Dreharbeiten und das Copyright gehören zum vorherigen Jahr, ersetzen aber nicht das Jahr der ersten öffentlichen Auswertung.","1964 liegt drei Jahre vor der Premiere.","1967 ist der Erstjahrgang.","1970 liegt drei Jahre nach dem Film.","1973 ist sechs Jahre zu spät.","1961 Leonards Roman, 1967 der Newman-Film: sechs Jahre bis zur Verfilmung.","mittel","https://catalog.afi.com/Film/23288-HOMBRE","redaktionell_quellengeprueft"
"G100-20261008-WESTERN-015-D","K-G100-20261008-WESTERN-015-D","","de","Film","Western","Man nannte ihn Hombre","Hombre","1967","","mittel","Regie","Western","Western","Ritt inszeniert den Zusammenbruch der anfänglichen Rangordnung einer Reisegruppe.","Wer führte bei „Man nannte ihn Hombre“ mit Paul Newman Hauptregie?","Arthur Penn","Stuart Rosenberg","Martin Ritt","Robert Aldrich","C","Martin Ritt führte Hauptregie.","Martin Ritt inszenierte Hombre mit Paul Newman. Die Regie stellt eine Reisegemeinschaft unter Druck und lässt deren anfängliche soziale Rangordnung an der Fähigkeit zum Überleben scheitern. Irving Ravetch produzierte mit Ritt und schrieb das Drehbuch gemeinsam mit Harriet Frank Jr. Diese Zusammenarbeit ist von der alleinigen Hauptregie zu unterscheiden. Die Konflikte entstehen aus Entscheidungen innerhalb der Gruppe, bevor die äußere Bedrohung sie zu einer erneuten Bewertung zwingt.","Arthur Penn inszenierte diese Fassung nicht.","Stuart Rosenberg ist nicht der Regisseur dieses Newman-Westerns.","Martin Ritt trägt den Hauptregiecredit.","Robert Aldrich trägt hier keinen Hauptregiecredit.","Ritt inszeniert den Zusammenbruch der anfänglichen Rangordnung einer Reisegruppe.","mittel","https://catalog.afi.com/Film/23288-HOMBRE","redaktionell_quellengeprueft"
"G100-20261008-WESTERN-016-L1","K-G100-20261008-WESTERN-016-L1","","de","Film","Western","Die Gewaltigen","The War Wagon","1967","","leicht","Filmwissen","Western","Western","Die Goldladung verbindet Beute und geraubten Landbesitz.","Was soll die schwer bewachte Wagenladung in „Die Gewaltigen“ transportieren?","Goldstaub","Armeemunition","Lohngeld in Banknoten","Silberbarren","A","Der bewachte Wagen transportiert Goldstaub.","Taw Jackson (John Wayne) plant den Überfall auf einen schwer geschützten Goldtransport. Frank Pierce (Bruce Cabot) hat ihn zuvor um sein Land gebracht und nutzt dessen Vorkommen zu seinem eigenen Vorteil. Die Wagenladung verbindet daher einen großen möglichen Gewinn mit einer persönlichen Vorgeschichte. Der Angriff ist kein zufälliger Raub auf der Straße, sondern ein vorbereiteter Zugriff auf Vermögen, das aus dem verlorenen Besitz des Planers gewonnen wird.","Die Ladung besteht aus Goldstaub.","Munition ist nicht das Ziel der geplanten Beute.","Es handelt sich nicht um Papiergeld für Löhne.","Silberbarren sind nicht die transportierte Fracht.","Die Goldladung verbindet Beute und geraubten Landbesitz.","mittel","https://en.wikipedia.org/wiki/The_War_Wagon","redaktionell_quellengeprueft"
"G100-20261008-WESTERN-016-L2","K-G100-20261008-WESTERN-016-L2","","de","Film","Western","Die Gewaltigen","The War Wagon","1967","","leicht","Filmwissen","Western","Western","Lomax liefert Schießkunst und Zugang zu verschlossenen Safes.","Welche zusätzliche Fähigkeit bringt Lomax (Kirk Douglas) neben seinem Schießen in den Plan von „Die Gewaltigen“ ein?","Er kann amtliche Papiere fälschen","Er kann Safes knacken","Er kann Spuren im Gelände lesen","Er kann verschlüsselte Telegramme entziffern","B","Lomax ist auch ein Safeknacker.","Lomax (Kirk Douglas) ist ein gefährlicher Schütze, besitzt aber zugleich die Fähigkeit, Safes zu öffnen. Taw Jackson (John Wayne) braucht deshalb mehr von ihm als bewaffnete Unterstützung. Der geplante Überfall verlangt Zugang zu Material und eine Zusammenarbeit verschiedener Spezialisten. Ihre persönliche Vorgeschichte macht das Bündnis unsicher: Lomax hat bereits im Dienst des Gegners gehandelt. Seine praktische Nützlichkeit ist einer der Gründe, weshalb Jackson dennoch mit ihm arbeitet.","Eine Dokumentenfälschung ist nicht sein Beitrag.","Lomax beherrscht das Öffnen von Safes.","Er wird nicht wegen besonderer Fähigkeiten als Fährtenleser angeworben.","Das Entziffern geheimer Telegramme ist nicht seine Aufgabe.","Lomax liefert Schießkunst und Zugang zu verschlossenen Safes.","mittel","https://en.wikipedia.org/wiki/The_War_Wagon","redaktionell_quellengeprueft"
"G100-20261008-WESTERN-016-M1","K-G100-20261008-WESTERN-016-M1","","de","Film","Western","Die Gewaltigen","The War Wagon","1967","","mittel","Filmwissen","Western","Western","Nitroglycerin ermöglicht die geplante Trennung von Wagen und Eskorte.","Welchen Sprengstoff setzt Billy Hyatt (Robert Walker Jr.) im Überfallplan von „Die Gewaltigen“ ein?","Dynamit","Schwarzpulver","Nitroglycerin","Sprenggelatine","C","Billy setzt Nitroglycerin ein.","Billy Hyatt (Robert Walker Jr.) wird wegen seiner Erfahrung mit Sprengstoff in die Gruppe aufgenommen. Er will Nitroglycerin einsetzen und beschafft es zusammen mit Taw Jackson (John Wayne) und Lomax (Kirk Douglas) auf dem früheren Besitz des Planers. Das gefährliche Material erhält eine bestimmte Funktion im Ablauf: Die Explosion soll den Transport und seine bewaffneten Begleiter voneinander trennen. Billys besondere Fähigkeit ergänzt damit die Aufgaben der übrigen Beteiligten.","Dynamit ist nicht der hier verwendete Stoff.","Schwarzpulver beschreibt seinen Sprengstoffeinsatz nicht.","Billy verwendet Nitroglycerin.","Sprenggelatine ist nicht das gesuchte Mittel.","Nitroglycerin ermöglicht die geplante Trennung von Wagen und Eskorte.","mittel","https://en.wikipedia.org/wiki/The_War_Wagon","redaktionell_quellengeprueft"
"G100-20261008-WESTERN-016-M2","K-G100-20261008-WESTERN-016-M2","","de","Film","Western","Die Gewaltigen","The War Wagon","1967","","mittel","Filmwissen","Western","Western","Die Wegsperre führt den gepanzerten Wagen in das ausgewählte Gelände.","Was zwingt den bewachten Transport in „Die Gewaltigen“ auf den vorbereiteten Weg durch eine enge Schlucht?","Eine vorgetäuschte Quarantänesperre","Eine fingierte Straßensperre","Ein umgeleiteter Viehtrieb","Ein querliegender gefällter Baum","D","Ein gefällter Baum lenkt den Transport in die Schlucht.","Die Gruppe plant den Überfall als Folge mehrerer Eingriffe in den Weg des Transports. Levi Walking Bear (Howard Keel) blockiert die Route mit einem gefällten Baum, sodass der Wagen in eine enge Schlucht ausweichen muss. Dort warten Taw Jackson (John Wayne) und Lomax (Kirk Douglas) mit ihrer Falle. Die Geländewahl ersetzt damit einen offenen Angriff auf jede einzelne Wache: Der Gegner soll selbst an den vorbereiteten Ort gelangen.","Eine Quarantänesperre gehört nicht zum Plan.","Eine fingierte amtliche Straßensperre ist nicht das Mittel der Umleitung.","Ein Viehtrieb führt den Wagen nicht in die Falle.","Der gefällte Baum sperrt den ursprünglichen Weg.","Die Wegsperre führt den gepanzerten Wagen in das ausgewählte Gelände.","mittel","https://en.wikipedia.org/wiki/The_War_Wagon","redaktionell_quellengeprueft"
"G100-20261008-WESTERN-016-S1","K-G100-20261008-WESTERN-016-S1","","de","Film","Western","Die Gewaltigen","The War Wagon","1967","","schwer","Filmwissen","Western","Western","Die Mehltarnung lässt Gold und Nahrung gemeinsam verschwinden.","Warum nehmen die Kiowa-Frauen und Kinder im Finale von „Die Gewaltigen“ einen Teil des Goldes mit?","Sie halten die vermischte Ladung für Mehl zum Essen","Sie verlangen ihren vorher vereinbarten Beuteanteil","Sie erkennen es als geraubten Stammesschatz","Sie sammeln es im Auftrag der fliehenden Männer","A","Das Gold liegt im Mehl, das die Hungrigen einsammeln.","Nach dem Überfall wird Goldstaub in Mehlfässern verborgen. Als der Wagen mit diesen Fässern außer Kontrolle gerät, zerbrechen sie und verteilen ihren Inhalt. Kiowa-Frauen und Kinder sammeln das Mehl zum Essen, ohne den darin enthaltenen Goldstaub als Beute zu erkennen. Der raffinierte Tarnplan führt damit zu einem ungeplanten Verlust. Die Bedürfnisse der Hungrigen und das Gewinnziel der Räuber treffen im selben Material aufeinander, ohne dass die Sammler um dessen Geldwert wissen.","Sie bemerken das Gold im verstreuten Mehl nicht.","Eine bewusste Aufteilung nach Vertrag erklärt die Mitnahme nicht.","Sie identifizieren keinen geraubten Stammesschatz.","Sie handeln nicht als Helfer der fliehenden Männer.","Die Mehltarnung lässt Gold und Nahrung gemeinsam verschwinden.","hoch","https://en.wikipedia.org/wiki/The_War_Wagon","redaktionell_quellengeprueft"
"G100-20261008-WESTERN-016-S2","K-G100-20261008-WESTERN-016-S2","","de","Film","Western","Die Gewaltigen","The War Wagon","1967","","schwer","Filmwissen","Western","Western","Das geheime Versteck macht Taws Leben zur Voraussetzung von Lomax’ Gewinn.","Weshalb muss Lomax (Kirk Douglas) Taw Jackson (John Wayne) nach dem Überfall in „Die Gewaltigen“ am Leben lassen?","Nur Taw kann die Beute in Banknoten tauschen","Nur Taw kennt das Versteck der erst später geteilten Reserve","Nur Taw kann den Anspruch auf die Mine übertragen","Nur Taw besitzt den Vertrag mit dem Goldkäufer","B","Taws Wissen um die Goldreserve schützt ihn vor seinem Partner.","Taw Jackson (John Wayne) verfügt am Ende über eine zurückgehaltene Goldreserve und behält deren Versteck für sich. Er erklärt Lomax (Kirk Douglas), dass die Aufteilung erst nach sechs Monaten erfolgen soll. Bis dahin hängt Lomax’ eigener Gewinn davon ab, dass sein Partner lebt. Der Schluss ersetzt gegenseitiges Vertrauen durch ein praktisches Druckmittel. Das unsichere Bündnis wird nicht vollkommen versöhnt, sondern durch eine fortbestehende wirtschaftliche Abhängigkeit zusammengehalten.","Ein exklusiver Zugang zum Geldwechsel ist nicht das Druckmittel.","Taw behält das Versteck der zurückgehaltenen Goldreserve für sich.","Eine Übertragung des Minenanspruchs erklärt die Lage nicht.","Ein Käufervertrag ist nicht Taws Lebensversicherung.","Das geheime Versteck macht Taws Leben zur Voraussetzung von Lomax’ Gewinn.","hoch","https://en.wikipedia.org/wiki/The_War_Wagon|https://catalog.afi.com/Film/23130-THE-WAR-WAGON","redaktionell_quellengeprueft"
"G100-20261008-WESTERN-016-Y","K-G100-20261008-WESTERN-016-Y","","de","Film","Western","Die Gewaltigen","The War Wagon","1967","","mittel","Filmjahr","Western","Western","1957 Badman, 1967 The War Wagon: zehn Jahre bis zum Film.","In welchem Jahr erschien „Die Gewaltigen“ mit John Wayne und Kirk Douglas erstmals?","1964","1970","1967","1973","C","Die ersten Kinoaufführungen fanden 1967 statt.","Clair Huffakers Roman Badman erschien 1957. Die Filmfassung The War Wagon folgte 1967, zehn Jahre später, ebenfalls mit Huffaker als Drehbuchautor. AFI beschreibt einen früheren, nicht verwirklichten Adaptionsversuch und die spätere Produktion. Der zeitliche Zusammenhang unterscheidet deshalb den Erwerb und die Bearbeitung eines Stoffes von seiner tatsächlichen Kinofassung. Der erste Chicagoer Start lag vor den späteren Premieren in Dallas und Fort Worth, aber innerhalb desselben Jahres.","1964 liegt drei Jahre davor.","1970 liegt drei Jahre danach.","1967 ist der erste Kinojahrgang.","1973 ist sechs Jahre zu spät.","1957 Badman, 1967 The War Wagon: zehn Jahre bis zum Film.","mittel","https://catalog.afi.com/Film/23130-THE-WAR-WAGON","redaktionell_quellengeprueft"
"G100-20261008-WESTERN-016-D","K-G100-20261008-WESTERN-016-D","","de","Film","Western","Die Gewaltigen","The War Wagon","1967","","mittel","Regie","Western","Western","Kennedy führt Hauptregie, Lyons die zweite Einheit.","Wer führte bei „Die Gewaltigen“ mit John Wayne und Kirk Douglas Hauptregie?","Andrew V. McLaglen","Henry Hathaway","Don Siegel","Burt Kennedy","D","Burt Kennedy führte Hauptregie.","Burt Kennedy ist der Hauptregisseur von The War Wagon. Cliff Lyons wird von AFI ausdrücklich als Regisseur der zweiten Einheit geführt. John Wayne spielt und ist Executive Producer; diese zusätzliche Funktion begründet keinen gemeinsamen Hauptregiecredit. Der Film benötigt die Abstimmung von Gruppenhandlungen, Wagenbewegungen, Gelände und Explosionen. Die getrennten Credits machen sichtbar, dass verschiedene Aufgaben während der Herstellung erfüllt werden, ohne die Hauptregie als beliebige Liste aller Beteiligten zu behandeln.","McLaglen ist nicht der Hauptregisseur dieses Films.","Hathaway inszenierte diese Fassung nicht.","Siegel trägt hier keinen Hauptregiecredit.","Burt Kennedy trägt den Hauptregiecredit.","Kennedy führt Hauptregie, Lyons die zweite Einheit.","mittel","https://catalog.afi.com/Film/23130-THE-WAR-WAGON","redaktionell_quellengeprueft"
"G100-20261008-WESTERN-017-L1","K-G100-20261008-WESTERN-017-L1","","de","Film","Western","Die Letzten vom Red River","The Good Guys and the Bad Guys","1969","","leicht","Filmwissen","Western","Western","Die Warnung kostet Flagg das Amt.","Wie verliert Jim Flagg (Robert Mitchum) in „Die Letzten vom Red River“ sein Amt?","Er verliert eine Wahl gegen seinen Stellvertreter.","Der Bürgermeister versetzt ihn in den Ruhestand.","Er kündigt nach einem Streit um seinen Lohn.","Er wird nach einem verlorenen Prozess entlassen.","B","Flagg wird vom Bürgermeister pensioniert.","Marshal Jim Flagg (Robert Mitchum) warnt vor einem drohenden Überfall. Bürgermeister Wilker (Martin Balsam) fürchtet jedoch die Wirkung der Warnung auf die Stadt und seine politische Zukunft. Er erklärt den erfahrenen Gesetzeshüter für entbehrlich und versetzt ihn in den Ruhestand. Flagg ermittelt trotzdem weiter. Seine fehlende Amtsgewalt steht nun im Gegensatz zu der Erfahrung, die die Stadt tatsächlich benötigen wird.","Eine verlorene Wahl beendet seine Amtszeit nicht.","Wilker versetzt Flagg gegen dessen Willen in den Ruhestand.","Flagg kündigt nicht aus einem Lohnkonflikt.","Ein Prozess ist nicht der Anlass der Entlassung.","Die Warnung kostet Flagg das Amt.","mittel","https://en.wikipedia.org/wiki/The_Good_Guys_and_the_Bad_Guys|https://catalog.afi.com/Catalog/moviedetails/20661","redaktionell_quellengeprueft"
"G100-20261008-WESTERN-017-L2","K-G100-20261008-WESTERN-017-L2","","de","Film","Western","Die Letzten vom Red River","The Good Guys and the Bad Guys","1969","","leicht","Filmwissen","Western","Western","Der alte Gegner McKay wird zum Partner.","Welcher frühere Gegner wird Jim Flaggs (Robert Mitchum) Verbündeter in „Die Letzten vom Red River“?","Waco (David Carradine)","Deuce (John Davis Chandler)","John McKay (George Kennedy)","Mayor Wilker (Martin Balsam)","C","Flagg und McKay werden aus Gegnern Verbündete.","Jim Flagg (Robert Mitchum) und John McKay (George Kennedy) standen lange auf verschiedenen Seiten des Gesetzes. Nun werden beide von jüngeren Männern an den Rand gedrängt. McKay schützt den gefangenen Flagg vor der Bande, und später bekämpfen sie gemeinsam deren Überfallplan. Ihre Zusammenarbeit löscht die frühere Gegnerschaft nicht aus, zeigt aber, dass persönliche Erfahrung und Vertrauen die bisherigen Lagergrenzen überschreiten können.","Waco führt die jüngeren Banditen an und bleibt Gegner.","Deuce gehört zur feindlichen Bande.","Der ältere Gesetzlose John McKay arbeitet mit Flagg zusammen.","Wilker ist der Bürgermeister, nicht der alte gesetzlose Gegenspieler.","Der alte Gegner McKay wird zum Partner.","mittel","https://en.wikipedia.org/wiki/The_Good_Guys_and_the_Bad_Guys|https://catalog.afi.com/Catalog/moviedetails/20661","redaktionell_quellengeprueft"
"G100-20261008-WESTERN-017-M1","K-G100-20261008-WESTERN-017-M1","","de","Film","Western","Die Letzten vom Red River","The Good Guys and the Bad Guys","1969","","mittel","Filmwissen","Western","Western","McKay zieht bei der Tötung des Gefangenen eine Grenze.","Weshalb gerät McKay (George Kennedy) nach Flaggs (Robert Mitchum) Gefangennahme in „Die Letzten vom Red River“ mit den jüngeren Banditen aneinander?","Er verlangt die gesamte Beute für sich.","Er verrät ihnen einen falschen Fluchtweg.","Er will ihren Anführer an den Sheriff ausliefern.","Er verhindert, dass sie Flagg töten.","D","McKay lässt den gefangenen Flagg nicht töten.","John McKay (George Kennedy) gehört zunächst zu einer Bande jüngerer Gesetzloser. Als diese Jim Flagg (Robert Mitchum) gefangen nimmt, verweigert McKay dessen Ermordung. Damit zeigt er eine Grenze, die der neue Anführer Waco (David Carradine) nicht teilt. Die Rettung bedeutet noch keine ungetrübte Freundschaft: Die beiden älteren Männer geraten anschließend selbst aneinander, bevor sie zu ihrem gemeinsamen Vorgehen finden.","Der Streit entsteht nicht aus einem Anspruch auf die gesamte Beute.","Ein falscher Fluchtweg ist nicht der Anlass.","Er kündigt keine Auslieferung des Anführers als Anlass an.","McKay setzt sich gegen Flaggs Tötung ein.","McKay zieht bei der Tötung des Gefangenen eine Grenze.","mittel","https://en.wikipedia.org/wiki/The_Good_Guys_and_the_Bad_Guys|https://catalog.afi.com/Catalog/moviedetails/20661","redaktionell_quellengeprueft"
"G100-20261008-WESTERN-017-M2","K-G100-20261008-WESTERN-017-M2","","de","Film","Western","Die Letzten vom Red River","The Good Guys and the Bad Guys","1969","","mittel","Filmwissen","Western","Western","Die Pension ersetzt die verweigerte Gefängniszelle.","Wo bringt Flagg (Robert Mitchum) McKay (George Kennedy) in „Die Letzten vom Red River“ unter, als das Gefängnis ihn nicht aufnehmen soll?","In einer Pension","In einem Kirchengebäude","In einem Eisenbahndepot","In einem leerstehenden Schulhaus","A","McKay kommt in Marys Pension unter.","Bürgermeister Wilker (Martin Balsam) will John McKay (George Kennedy) nicht im Gefängnis sehen. Jim Flagg (Robert Mitchum) findet deshalb eine andere Unterkunft: die Pension der Witwe Mary (Lois Nettleton). Der bekannte Gesetzlose wird dadurch in den gewöhnlichen Alltag der Stadt hineingesetzt. Die komische Situation entsteht aus dem Unterschied zwischen Flaggs praktischem Vorgehen und den Vorstellungen der offiziellen Stadtführung über Ordnung und Ansehen.","Flagg bringt McKay in Marys Pension unter.","Die Kirche wird nicht zu diesem Ersatzquartier.","Das Eisenbahndepot ist nicht McKays Unterkunft.","Ein Schulhaus dient nicht als Ersatz für das Gefängnis.","Die Pension ersetzt die verweigerte Gefängniszelle.","mittel","https://en.wikipedia.org/wiki/The_Good_Guys_and_the_Bad_Guys|https://catalog.afi.com/Catalog/moviedetails/20661","redaktionell_quellengeprueft"
"G100-20261008-WESTERN-017-S1","K-G100-20261008-WESTERN-017-S1","","de","Film","Western","Die Letzten vom Red River","The Good Guys and the Bad Guys","1969","","schwer","Filmwissen","Western","Western","Kein Bahnhofshalt, kein Überfall nach Plan.","Wie durchkreuzen Flagg und McKay (Robert Mitchum, George Kennedy) in „Die Letzten vom Red River“ den geplanten Zugriff am Bahnhof?","Sie tauschen die Geldladung gegen leere Kisten.","Sie lassen den Zug ohne Halt durchfahren.","Sie verlegen die Ankunft auf den nächsten Morgen.","Sie lenken die Bande zu einem zweiten Zug.","B","Der übernommene Zug hält nicht am vorgesehenen Bahnhof.","Jim Flagg (Robert Mitchum) und John McKay (George Kennedy) gelangen auf den Zug, den die Bande am Bahnhof überfallen will. Nach Schwierigkeiten mit der Bewachung übernehmen sie die Lokomotive und lassen den Zug durchfahren. Dadurch funktioniert der vorbereitete Zugriff nicht mehr. Die anschließende Verfolgung entwickelt sich zu einer neuen Gefahr, denn die Geschwindigkeit und ein beschädigter Streckenabschnitt lassen sich nicht einfach kontrollieren.","Die Ladung wird nicht durch leere Kisten ersetzt.","Die beiden übernehmen die Lokomotive und verhindern den vorgesehenen Halt.","Eine verlegte Ankunftszeit ist nicht ihr Vorgehen.","Ein zweiter Zug dient nicht als Köder.","Kein Bahnhofshalt, kein Überfall nach Plan.","mittel","https://en.wikipedia.org/wiki/The_Good_Guys_and_the_Bad_Guys","redaktionell_quellengeprueft"
"G100-20261008-WESTERN-017-S2","K-G100-20261008-WESTERN-017-S2","","de","Film","Western","Die Letzten vom Red River","The Good Guys and the Bad Guys","1969","","schwer","Filmwissen","Western","Western","Die Freundschaft beendet Flaggs altes Verhaftungsversprechen nicht.","Was tut Flagg (Robert Mitchum) am Ende von „Die Letzten vom Red River“ trotz der gemeinsamen Bewährungsprobe mit McKay (George Kennedy)?","Er schenkt McKay seine Dienstwaffe.","Er macht McKay zum neuen Marshal.","Er legt McKay Handschellen an.","Er lässt McKay ohne weitere Auflagen ziehen.","C","Flagg verhaftet den Mann, der ihm geholfen hat.","Jim Flagg (Robert Mitchum) hat mit John McKay (George Kennedy) die Bedrohung für die Stadt abgewehrt. Trotzdem legt er seinem alten Gegner am Ende Handschellen an. Er beruft sich auf das Versprechen, ihn eines Tages einzusperren. Die Pointe erhält den Widerspruch ihrer Beziehung: Persönliche Verbundenheit und gemeinsamer Erfolg heben Flaggs Selbstverständnis als Gesetzeshüter nicht vollständig auf.","Er beendet die Geschichte nicht mit einem Waffengeschenk.","McKay erhält das Marshalamt nicht.","Flagg verhaftet McKay und erinnert an sein früheres Versprechen.","Flagg lässt McKay trotz des gemeinsamen Erfolgs nicht unbehelligt weiterziehen.","Die Freundschaft beendet Flaggs altes Verhaftungsversprechen nicht.","hoch","https://en.wikipedia.org/wiki/The_Good_Guys_and_the_Bad_Guys","redaktionell_quellengeprueft"
"G100-20261008-WESTERN-017-Y","K-G100-20261008-WESTERN-017-Y","","de","Film","Western","Die Letzten vom Red River","The Good Guys and the Bad Guys","1969","","mittel","Filmjahr","Western","Western","Kennedys Western: 1967 Die Gewaltigen, 1969 Die Letzten vom Red River.","In welchem Jahr erschien „Die Letzten vom Red River“ erstmals?","1963","1966","1972","1969","D","1967 Die Gewaltigen, 1969 Die Letzten vom Red River: zwei Jahre.","Burt Kennedy inszenierte 1967 „Die Gewaltigen“ mit John Wayne und Kirk Douglas. „Die Letzten vom Red River“ folgte 1969, zwei Jahre später, mit Robert Mitchum und George Kennedy. Beide Western bringen erfahrene Männer in ungewöhnliche Bündnisse, richten den Blick aber auf unterschiedliche Aufgaben. Der frühere Raubzugfilm liefert einen konkreten Werkanker für die spätere Komödie um Pensionierung, Generationenwechsel und einen verhinderten Zugüberfall.","1963 liegt sechs Jahre vor dem Film.","1966 liegt drei Jahre vor der Erstveröffentlichung.","1972 liegt drei Jahre danach.","AFI belegt eine Eröffnung im Oktober 1969.","Kennedys Western: 1967 Die Gewaltigen, 1969 Die Letzten vom Red River.","mittel","https://catalog.afi.com/Catalog/moviedetails/20661|https://catalog.afi.com/Film/23130-THE-WAR-WAGON","redaktionell_quellengeprueft"
"G100-20261008-WESTERN-017-D","K-G100-20261008-WESTERN-017-D","","de","Film","Western","Die Letzten vom Red River","The Good Guys and the Bad Guys","1969","","mittel","Regie","Western","Western","Burt Kennedy inszeniert, George Kennedy spielt McKay.","Wer führte bei „Die Letzten vom Red River“ Hauptregie?","Burt Kennedy","Henry Hathaway","Andrew V. McLaglen","Gordon Douglas","A","Burt Kennedy führte Regie.","Burt Kennedy inszenierte die Westernkomödie nach einem Drehbuch von Ronald M. Cohen und Dennis Shryack, die auch als Produzenten genannt werden. Robert Mitchum spielt Jim Flagg, George Kennedy den Gesetzlosen John McKay. Der gleiche Nachname des Regisseurs und eines Hauptdarstellers bezeichnet unterschiedliche Personen und Aufgaben. AFI trennt die Hauptregie ausdrücklich von den aufgeführten Regieassistenten und von den Darstellercredits.","AFI nennt Burt Kennedy als Hauptregisseur.","Henry Hathaway inszenierte diesen Film nicht.","Andrew V. McLaglen trägt hier keinen Hauptregiecredit.","Gordon Douglas ist nicht der Regisseur dieses Werks.","Burt Kennedy inszeniert, George Kennedy spielt McKay.","mittel","https://catalog.afi.com/Catalog/moviedetails/20661","redaktionell_quellengeprueft"
"G100-20261008-WESTERN-018-L1","K-G100-20261008-WESTERN-018-L1","","de","Film","Western","Ein Fressen für die Geier","Two Mules for Sister Sara","1970","","leicht","Filmwissen","Western","Western","Die Reise mündet in einen Angriff auf die französische Besatzung.","Gegen welche Besatzungstruppen arbeiten Hogan und Sara (Clint Eastwood, Shirley MacLaine) in „Ein Fressen für die Geier“?","Spanische Truppen","Britische Truppen","Französische Truppen","US-amerikanische Truppen","C","Die Verbündeten kämpfen gegen französische Truppen in Mexiko.","Hogan (Clint Eastwood) begegnet Sara (Shirley MacLaine) während der französischen Intervention in Mexiko. Sie unterstützt die Juaristen, die gegen die Besatzung kämpfen. Hogan hat zunächst vor allem seinen eigenen Vorteil im Blick, lässt sich aber auf die Zusammenarbeit ein. Ihre Reise führt deshalb nicht nur zu persönlichen Auseinandersetzungen, sondern zu einem gemeinsamen Angriff auf eine französische Garnison.","Spanische Soldaten sind nicht die Besatzungsmacht dieses Films.","Eine britische Garnison bildet nicht das Angriffsziel.","Ihr militärisches Ziel sind die französischen Besatzungstruppen in Mexiko.","Die Rebellen greifen hier keine US-Garnison an.","Die Reise mündet in einen Angriff auf die französische Besatzung.","mittel","https://en.wikipedia.org/wiki/Two_Mules_for_Sister_Sara|https://catalog.afi.com/Film/20683-","redaktionell_quellengeprueft"
"G100-20261008-WESTERN-018-L2","K-G100-20261008-WESTERN-018-L2","","de","Film","Western","Ein Fressen für die Geier","Two Mules for Sister Sara","1970","","leicht","Filmwissen","Western","Western","Für Hogan ist der Angriff zunächst ein bezahlter Auftrag.","Welche Gegenleistung erwartet Hogan (Clint Eastwood) in „Ein Fressen für die Geier“ für seine Hilfe beim Angriff?","Eine feste Anstellung als Offizier","Das Eigentum an der eroberten Festung","Die Begnadigung durch einen US-Gerichtshof","Einen Anteil am Geld der Garnison","D","Hogan hilft gegen eine Beteiligung an der Beute.","Hogan (Clint Eastwood) unterstützt die mexikanischen Revolutionäre nicht zunächst aus derselben Überzeugung wie Sara (Shirley MacLaine). Er vereinbart eine Beteiligung am Geld der französischen Garnison. Die Aussicht auf Beute verbindet sein Vorhaben mit Saras Wissen über die Festung. So entsteht eine Zusammenarbeit zwischen persönlichem Gewinninteresse und politischem Engagement, bei der beide zunächst nicht alle Absichten und Hintergründe des anderen kennen.","Ein Offiziersposten ist nicht seine vereinbarte Bezahlung.","Er soll nicht Eigentümer der Festung werden.","Ein US-Gerichtsverfahren begründet den Vertrag nicht.","Hogan handelt eine Beteiligung am Geld der Garnison aus.","Für Hogan ist der Angriff zunächst ein bezahlter Auftrag.","mittel","https://en.wikipedia.org/wiki/Two_Mules_for_Sister_Sara|https://catalog.afi.com/Film/20683-","redaktionell_quellengeprueft"
"G100-20261008-WESTERN-018-M1","K-G100-20261008-WESTERN-018-M1","","de","Film","Western","Ein Fressen für die Geier","Two Mules for Sister Sara","1970","","mittel","Filmwissen","Western","Western","Whiskey verbindet die Notversorgung mit Hogans ungeschütztem Reden.","Womit dämpft Sara (Shirley MacLaine) in „Ein Fressen für die Geier“ Hogans (Clint Eastwood) Schmerzen beim Entfernen des Pfeils?","Mit reichlich Whiskey","Mit einer Opiumtinktur","Mit einem betäubenden Kräuterumschlag","Mit einer Ethermaske","A","Sara versorgt den verletzten Hogan mithilfe von Whiskey.","Hogan (Clint Eastwood) wird auf dem Weg zu einem Sabotageeinsatz von einem Pfeil in die Schulter getroffen. Sara (Shirley MacLaine) muss die Verletzung versorgen und gibt ihm dafür reichlich Whiskey. Seine Betrunkenheit lockert zugleich die Kontrolle über seine Worte: Er spricht seine Anziehung zu ihr aus. Die Versorgung bringt die beiden einander näher, obwohl seine Vorstellungen über ihre Identität noch nicht stimmen.","Sie macht Hogan mit Whiskey betrunken, bevor der Pfeil entfernt wird.","Eine Opiumtinktur wird hierfür nicht eingesetzt.","Ein Kräuterumschlag übernimmt diese Betäubung nicht.","Eine Ethermaske steht bei dieser Versorgung nicht im Mittelpunkt.","Whiskey verbindet die Notversorgung mit Hogans ungeschütztem Reden.","mittel","https://en.wikipedia.org/wiki/Two_Mules_for_Sister_Sara","redaktionell_quellengeprueft"
"G100-20261008-WESTERN-018-M2","K-G100-20261008-WESTERN-018-M2","","de","Film","Western","Ein Fressen für die Geier","Two Mules for Sister Sara","1970","","mittel","Filmwissen","Western","Western","Die Schulterverletzung macht Saras Mut zum entscheidenden Beitrag.","Warum bringt Sara (Shirley MacLaine) in „Ein Fressen für die Geier“ die Sprengladung an, statt Hogan (Clint Eastwood)?","Er hält währenddessen französische Wachposten in Schach.","Seine verletzte Schulter verhindert das Hinaufklettern.","Sie kennt die Befestigungspunkte aus früherer Arbeit.","Er übernimmt allein die Vorbereitung des Fluchtwegs.","B","Der verletzte Hogan ist auf Saras Klettereinsatz angewiesen.","Die geplante Zerstörung eines französischen Munitionszugs verlangt, dass die Sprengladung hoch am Eisenbahngerüst angebracht wird. Hogan (Clint Eastwood) kann mit seiner verletzten Schulter nicht hinaufklettern. Sara (Shirley MacLaine) hat Angst vor der Höhe, übernimmt die Aufgabe aber dennoch. Die Szene kehrt ihre anfängliche Schutzbeziehung um: Der bewaffnete Begleiter braucht nun ihre konkrete Hilfe, damit der gemeinsame Einsatz gelingen kann.","Ein Kampf mit Wachposten hält ihn nicht vom Klettern ab.","Hogan kann wegen des Pfeils in seiner Schulter nicht hinaufklettern.","Eine frühere Arbeit am Gerüst ist nicht der Grund ihrer Aufgabe.","Ein allein vorbereiteter Fluchtweg erklärt den Wechsel nicht.","Die Schulterverletzung macht Saras Mut zum entscheidenden Beitrag.","mittel","https://en.wikipedia.org/wiki/Two_Mules_for_Sister_Sara|https://catalog.afi.com/Film/20683-","redaktionell_quellengeprueft"
"G100-20261008-WESTERN-018-S1","K-G100-20261008-WESTERN-018-S1","","de","Film","Western","Ein Fressen für die Geier","Two Mules for Sister Sara","1970","","schwer","Filmwissen","Western","Western","Die Tracht ist erfunden, das Engagement für die Rebellen nicht.","Welche verborgene Lebenswirklichkeit offenbart Sara (Shirley MacLaine) Hogan (Clint Eastwood) in „Ein Fressen für die Geier“?","Sie ist eine verwitwete Offiziersfrau mit geheimer Erbschaft.","Sie ist eine französische Agentin mit gestohlener Uniform.","Sie arbeitet als Prostituierte und unterstützt die Juaristen.","Sie gehört als Ärztin zum Sanitätsdienst der Garnison.","C","Saras Nonnentracht ist eine Tarnung.","Sara (Shirley MacLaine) hat Hogan (Clint Eastwood) in dem Glauben gelassen, sie sei eine Nonne. Tatsächlich arbeitet sie als Prostituierte und hilft den Juaristen. Die Kleidung schützt sie auf ihrer gefährlichen Reise und beeinflusst Hogans Bereitschaft, sie zu begleiten. Mit der Offenbarung ändern sich auch seine Vorstellungen über die mögliche Beziehung. Ihr Einsatz gegen die französische Besatzung war dagegen keine erfundene Rolle.","Die Offenbarung betrifft keine Offizierswitwe oder Erbschaft.","Sie arbeitet nicht heimlich für Frankreich.","Sara ist keine Nonne, sondern eine Prostituierte und Unterstützerin der Rebellen.","Ein Sanitätsdienst erklärt ihre wirkliche Identität nicht.","Die Tracht ist erfunden, das Engagement für die Rebellen nicht.","hoch","https://en.wikipedia.org/wiki/Two_Mules_for_Sister_Sara|https://catalog.afi.com/Film/20683-","redaktionell_quellengeprueft"
"G100-20261008-WESTERN-018-S2","K-G100-20261008-WESTERN-018-S2","","de","Film","Western","Ein Fressen für die Geier","Two Mules for Sister Sara","1970","","schwer","Filmwissen","Western","Western","Eine gesuchte Frau wird zur Schlüsselrolle der falschen Auslieferung.","Mit welcher Täuschung gelangen Hogan und Sara (Clint Eastwood, Shirley MacLaine) in „Ein Fressen für die Geier“ in die französische Festung?","Sie treten als reisende Händler auf.","Sie begleiten einen vermeintlichen Gefangenenaustausch.","Er gibt sich als neuer französischer Offizier aus.","Er liefert sie als angeblich gefangene Gesuchte ab.","D","Die vermeintliche Auslieferung öffnet den Zugang zur Festung.","Hogan (Clint Eastwood) bringt Sara (Shirley MacLaine) scheinbar als gefangene Gesuchte zur französischen Festung. Die Wachmannschaft soll glauben, er wolle die Belohnung kassieren. Dadurch gelangen beide ins Innere, während die Revolutionäre den Angriff vorbereiten. Der Plan nutzt also Saras tatsächliche Verfolgung für eine falsche Auslieferung. Ihr Zusammenwirken verbindet die Täuschung der Bewacher mit dem anschließenden militärischen Zugriff.","Die beiden geben sich nicht als Händlerpaar aus.","Ein Gefangenenaustausch ist nicht ihre Zugangslist.","Eine französische Offiziersidentität ist nicht Hogans Tarnung.","Hogan spielt den Mann, der die gesuchte Sara gegen Belohnung abliefert.","Eine gesuchte Frau wird zur Schlüsselrolle der falschen Auslieferung.","hoch","https://en.wikipedia.org/wiki/Two_Mules_for_Sister_Sara|https://catalog.afi.com/Film/20683-","redaktionell_quellengeprueft"
"G100-20261008-WESTERN-018-Y","K-G100-20261008-WESTERN-018-Y","","de","Film","Western","Ein Fressen für die Geier","Two Mules for Sister Sara","1970","","mittel","Filmjahr","Western","Western","1968 erste Siegel-Eastwood-Zusammenarbeit, 1970 mexikanischer Western.","Wann wurde „Ein Fressen für die Geier“ erstmals veröffentlicht?","1970","1964","1967","1973","A","1968 Coogans großer Bluff, 1970 Ein Fressen für die Geier: zwei Jahre.","Don Siegel und Clint Eastwood arbeiteten 1968 bei „Coogans großer Bluff“ erstmals zusammen. „Ein Fressen für die Geier“ erschien 1970, zwei Jahre später. Der erste Film versetzt einen Gesetzeshüter aus Arizona nach New York; der spätere Western bringt einen eigennützigen Schützen mit einer Unterstützerin mexikanischer Revolutionäre zusammen. Die beiden belegten Veröffentlichungsjahre machen den frühen Abschnitt ihrer Zusammenarbeit zeitlich greifbar.","AFI belegt den ersten US-Start 1970.","1964 liegt sechs Jahre vor dem Film.","1967 liegt drei Jahre davor.","1973 liegt drei Jahre nach der Erstveröffentlichung.","1968 erste Siegel-Eastwood-Zusammenarbeit, 1970 mexikanischer Western.","mittel","https://catalog.afi.com/Film/20683-|https://catalog.afi.com/Film/21478-COOGANS-BLUFF","redaktionell_quellengeprueft"
"G100-20261008-WESTERN-018-D","K-G100-20261008-WESTERN-018-D","","de","Film","Western","Ein Fressen für die Geier","Two Mules for Sister Sara","1970","","mittel","Regie","Western","Western","Siegel inszeniert, Maltz adaptiert, Boetticher liefert die Geschichte.","Wer führte bei „Ein Fressen für die Geier“ Hauptregie?","Sergio Leone","Don Siegel","Sam Peckinpah","John Sturges","B","Don Siegel führte Hauptregie.","Don Siegel inszenierte den Film nach Albert Maltz’ Drehbuch und einer ursprünglichen Geschichte von Budd Boetticher. AFI unterscheidet diese Urheberschaften ebenso wie Joseph Cavalier und René Cardona als Regisseure der zweiten Einheit. Clint Eastwood spielt Hogan, Shirley MacLaine Sara. Boettichers früherer Plan, selbst Regie zu führen, gehört zur Entwicklung des Projekts und macht ihn nicht zum Hauptregisseur der veröffentlichten Fassung.","Sergio Leone inszenierte diesen Eastwood-Western nicht.","Don Siegel ist der Hauptregisseur der veröffentlichten Fassung.","Sam Peckinpah trägt hier keinen Hauptregiecredit.","John Sturges führte bei diesem Film nicht Regie.","Siegel inszeniert, Maltz adaptiert, Boetticher liefert die Geschichte.","mittel","https://catalog.afi.com/Film/20683-","redaktionell_quellengeprueft"
"G100-20261008-WESTERN-019-L1","K-G100-20261008-WESTERN-019-L1","","de","Film","Western","Die rechte und die linke Hand des Teufels","Lo chiamavano Trinità...","1970","Trinity","leicht","Filmwissen","Western","Western","Die Schleife macht aus dem Ritt einen liegenden Reiseplatz.","Wie lässt sich Trinity (Terence Hill) zu Beginn von „Die rechte und die linke Hand des Teufels“ von seinem Pferd transportieren?","Sitzend in einem überdachten Wagen","Stehend auf zwei nebeneinander laufenden Pferden","Schlafend auf dem Sattel eines Packpferds","Liegend auf einer gezogenen Schleife","D","Trinity reist liegend auf einer Schleife hinter dem Pferd.","Trinity (Terence Hill) kommt auf einer einfachen Schleife an, die sein Pferd zieht. Er liegt darauf, statt selbst im Sattel zu sitzen. Das Bild führt seine demonstrative Bequemlichkeit ein, noch bevor seine außergewöhnliche Schnelligkeit mit dem Revolver sichtbar wird. Der Film verbindet dadurch zwei scheinbar gegensätzliche Eigenschaften: einen Mann, der jede Anstrengung meidet, und einen Schützen, der im entscheidenden Moment sofort reagiert.","Ein überdachter Wagen ist nicht sein Gefährt.","Er vollführt bei seiner Ankunft keinen Stehritt auf zwei Pferden.","Sein Schlafplatz ist nicht ein Packpferdsattel.","Trinity liegt auf einer vom Pferd gezogenen Schleife.","Die Schleife macht aus dem Ritt einen liegenden Reiseplatz.","mittel","https://en.wikipedia.org/wiki/They_Call_Me_Trinity","redaktionell_quellengeprueft"
"G100-20261008-WESTERN-019-L2","K-G100-20261008-WESTERN-019-L2","","de","Film","Western","Die rechte und die linke Hand des Teufels","Lo chiamavano Trinità...","1970","Trinity","leicht","Filmwissen","Western","Western","Die bedrohten Siedler gehören zur Mormonengemeinschaft.","Welcher Siedlergemeinschaft helfen Trinity und Bambino (Terence Hill, Bud Spencer) in „Die rechte und die linke Hand des Teufels“?","Mormonen","Quäkern","Mennoniten","Amischen","A","Die Brüder helfen einer bedrohten Mormonensiedlung.","Trinity (Terence Hill) und Bambino (Bud Spencer) treffen auf eine Mormonengemeinschaft, die auf ihrem Land bleiben will. Ein mächtiger Besitzer und bewaffnete Männer bedrohen die Siedler. Deren friedliche Lebensweise steht dem gewaltsamen Vorgehen ihrer Gegner entgegen. Die Brüder vermitteln schließlich praktische Gegenwehr, verfolgen dabei jedoch unterschiedliche Absichten: Trinity interessiert sich für die Gemeinschaft, während Bambino zugleich einen eigenen Gewinn erhofft.","Die Brüder unterstützen eine bedrohte Mormonensiedlung.","Quäker sind nicht die hier genannte Gemeinschaft.","Der Film bezeichnet die Siedler nicht als Mennoniten.","Eine amische Siedlung ist nicht der Schauplatz ihres Eingreifens.","Die bedrohten Siedler gehören zur Mormonengemeinschaft.","mittel","https://en.wikipedia.org/wiki/They_Call_Me_Trinity|https://www.archiviodelcinemaitaliano.it/index.php/scheda.html?codice=AG2863","redaktionell_quellengeprueft"
"G100-20261008-WESTERN-019-M1","K-G100-20261008-WESTERN-019-M1","","de","Film","Western","Die rechte und die linke Hand des Teufels","Lo chiamavano Trinità...","1970","Trinity","mittel","Filmwissen","Western","Western","Die Sheriffrolle verbirgt den entflohenen Pferdedieb.","Was stimmt mit Bambinos (Bud Spencer) Sheriffamt in „Die rechte und die linke Hand des Teufels“ nicht?","Er hat seine Ernennung nur für einen Tag erhalten.","Er hat sich den Posten eines anderen angeeignet.","Er besitzt lediglich die Vollmacht eines Hilfssheriffs.","Er muss das Amt heimlich mit dem Major teilen.","B","Bambino ist ein falscher Sheriff.","Bambino (Bud Spencer) wirkt bei Trinitys Ankunft wie ein durchsetzungsfähiger Sheriff. Tatsächlich hat der entflohene Pferdedieb den Posten eines anderen Mannes übernommen. Trinity (Terence Hill) erkennt seinen Bruder hinter der Amtsrolle. Die Verkleidung verschafft Bambino Einfluss und Zeit, während er auf seine Komplizen wartet. Das äußere Bild eines Gesetzeshüters passt deshalb nicht zu seiner tatsächlichen Lage und seinen geplanten Geschäften.","Eine eintägige Ernennung erklärt den Betrug nicht.","Bambino gibt sich anstelle des tatsächlichen neuen Sheriffs als Amtsinhaber aus.","Er ist nicht bloß ein offiziell ernannter Hilfssheriff.","Ein geteiltes Amt mit dem Major besteht nicht.","Die Sheriffrolle verbirgt den entflohenen Pferdedieb.","mittel","https://en.wikipedia.org/wiki/They_Call_Me_Trinity|https://www.archiviodelcinemaitaliano.it/index.php/scheda.html?codice=AG2863","redaktionell_quellengeprueft"
"G100-20261008-WESTERN-019-M2","K-G100-20261008-WESTERN-019-M2","","de","Film","Western","Die rechte und die linke Hand des Teufels","Lo chiamavano Trinità...","1970","Trinity","mittel","Filmwissen","Western","Western","Die Pferdeweide steht hinter der geplanten Vertreibung.",Wofür will der Major (Farley Granger) in „Die rechte und die linke Hand des Teufels“ das Land der Siedler nutzen?,"Als Standort einer Silbermine","Als Trasse für eine Eisenbahn","Als Weide für seine Pferde","Als Bauplatz für ein großes Hotel","C","Der Major will das Siedlerland als Pferdeweide.","Der Major (Farley Granger) will die Siedler von ihrem Land vertreiben, um es für seine Pferde zu nutzen. Der Konflikt dreht sich damit um wirtschaftlich wertvollen Raum. Für Bambino (Bud Spencer) sind auch die noch unmarkierten Tiere interessant. Trinity (Terence Hill) lässt sich dagegen auf die Verteidigung der Gemeinschaft ein. Das gemeinsame Eingreifen verbindet so den Landkonflikt mit voneinander abweichenden Interessen der Brüder.","Eine Silbermine ist nicht sein Vorhaben.","Ein Eisenbahnbau begründet diesen Landkonflikt nicht.","Er will seine Pferde auf dem Land weiden lassen.","Ein Hotelprojekt ist nicht der Zweck der Vertreibung.","Die Pferdeweide steht hinter der geplanten Vertreibung.","mittel","https://en.wikipedia.org/wiki/They_Call_Me_Trinity|https://www.archiviodelcinemaitaliano.it/index.php/scheda.html?codice=AG2863","redaktionell_quellengeprueft"
"G100-20261008-WESTERN-019-S1","K-G100-20261008-WESTERN-019-S1","","de","Film","Western","Die rechte und die linke Hand des Teufels","Lo chiamavano Trinità...","1970","Trinity","schwer","Filmwissen","Western","Western","Das Brandzeichen lässt Bambinos erhoffte Beute den Siedlern zufallen.","Wie vereitelt Trinity (Terence Hill) in „Die rechte und die linke Hand des Teufels“ Bambinos (Bud Spencer) Plan mit den unmarkierten Pferden?","Er verkauft sie vorab an eine andere Ranch.","Er gibt sie dem tatsächlichen Sheriff als Beweisstücke.","Er lässt sie in die Berge entlaufen.","Er versieht sie mit dem Brandzeichen der Siedler.","D","Trinity markiert die Pferde für die Siedler.","Bambino (Bud Spencer) möchte die wertvolle unmarkierte Pferdeherde für sich stehlen. Trinity (Terence Hill) versieht die Tiere jedoch mit dem Brandzeichen der Mormonensiedler. Damit hat der Bruder das Geschäft nach der Logik der Filmhandlung zugunsten der Gemeinschaft entschieden. Die gemeinsame Hilfe führt also nicht zum gemeinsam erhofften Gewinn. Bambinos Enttäuschung entsteht gerade daraus, dass Trinity seine Interessen während des Bündnisses verändert hat.","Ein heimlicher Verkauf an eine andere Ranch ist nicht seine Lösung.","Der Sheriff erhält die Herde nicht als Beweismittel.","Trinity löst die Situation nicht durch das Entlaufenlassen.","Durch das Brandzeichen ordnet Trinity die Herde den Siedlern zu.","Das Brandzeichen lässt Bambinos erhoffte Beute den Siedlern zufallen.","hoch","https://en.wikipedia.org/wiki/They_Call_Me_Trinity","redaktionell_quellengeprueft"
"G100-20261008-WESTERN-019-S2","K-G100-20261008-WESTERN-019-S2","","de","Film","Western","Die rechte und die linke Hand des Teufels","Lo chiamavano Trinità...","1970","Trinity","schwer","Filmwissen","Western","Western","Die neue Lebensführung ist Trinity zu anstrengend.","Weshalb verzichtet Trinity (Terence Hill) am Ende von „Die rechte und die linke Hand des Teufels“ auf das Bleiben bei den Siedlern?","Er erfährt von der verlangten Arbeit und strengen Lebensführung.","Er entdeckt einen gegen ihn gerichteten Steckbrief.","Er soll vor dem Bleiben seine Pferde verkaufen.","Er erfährt, dass die beiden Frauen bereits verheiratet sind.","A","Die Aussicht auf ein arbeitsames, diszipliniertes Leben vertreibt Trinity.","Trinity (Terence Hill) fühlt sich zunächst zu Sarah (Gisela Hahn) und Judith (Elena Pedemonte) hingezogen und denkt daran, bei der Gemeinschaft zu bleiben. Dann erfährt er, dass dieses Leben schwere Arbeit, Gebet und strenge Disziplin verlangt. Die romantische Aussicht passt plötzlich nicht mehr zu seinen Gewohnheiten. Sein Abschied löst die komische Spannung zwischen zeitweiliger Hilfsbereitschaft und dauerhaftem Wunsch nach einem bequemen freien Leben.","Arbeit, Gebet und Disziplin schrecken Trinity ab.","Ein neu entdeckter Steckbrief verursacht diesen Entschluss nicht.","Ein verlangter Pferdeverkauf ist nicht die Bedingung.","Eine bestehende Ehe der Frauen erklärt seinen Aufbruch nicht.","Die neue Lebensführung ist Trinity zu anstrengend.","hoch","https://en.wikipedia.org/wiki/They_Call_Me_Trinity","redaktionell_quellengeprueft"
"G100-20261008-WESTERN-019-Y","K-G100-20261008-WESTERN-019-Y","","de","Film","Western","Die rechte und die linke Hand des Teufels","Lo chiamavano Trinità...","1970","Trinity","mittel","Filmjahr","Western","Western","1967 gemeinsamer Goldraubwestern, 1970 Trinity: drei Jahre.","Wann erschien „Die rechte und die linke Hand des Teufels“ erstmals?","1964","1970","1967","1973","B","1967 Gott vergibt… Django nie!, 1970 die erste Trinity-Komödie: drei Jahre.","Terence Hill und Bud Spencer standen 1967 in „Gott vergibt… Django nie!“ gemeinsam vor der Kamera. „Die rechte und die linke Hand des Teufels“ erschien 1970, drei Jahre später. Der frühere Film erzählt einen gewaltsamen Streit um geraubtes Gold; die Trinity-Komödie nutzt das ungleiche Duo für eine andere Art von Westernunterhaltung. Die Verbindung bezeichnet zwei konkrete gemeinsame Werke, keine Handlungskontinuität zwischen ihren Figuren.","1964 liegt sechs Jahre davor.","Der italienische Erstjahrgang ist 1970.","1967 gehört zum früheren gemeinsamen Western Gott vergibt… Django nie!.","1973 liegt drei Jahre nach der Erstveröffentlichung.","1967 gemeinsamer Goldraubwestern, 1970 Trinity: drei Jahre.","mittel","https://www.archiviodelcinemaitaliano.it/index.php/scheda.html?codice=AG2863|https://www.archiviodelcinemaitaliano.it/index.php/scheda.html?codice=AG2092|https://en.wikipedia.org/wiki/They_Call_Me_Trinity","redaktionell_quellengeprueft"
"G100-20261008-WESTERN-019-D","K-G100-20261008-WESTERN-019-D","","de","Film","Western","Die rechte und die linke Hand des Teufels","Lo chiamavano Trinità...","1970","Trinity","mittel","Regie","Western","Western","E. B. Clucher ist Enzo Barbonis Regiename.","Wer führte bei „Die rechte und die linke Hand des Teufels“ Hauptregie?","Giuseppe Colizzi","Sergio Corbucci","Enzo Barboni","Giuliano Carnimeo","C","Enzo Barboni, im Credit E. B. Clucher, führte Regie.","Das italienische Filmarchiv nennt Enzo Barboni mit dem Pseudonym E. B. Clucher für Regie, Geschichte und Drehbuch. Terence Hill und Bud Spencer verkörpern Trinity und Bambino. Die komische Wirkung entsteht aus ihren unterschiedlichen Temperamenten und aus einer Handlung, die typische Westernmachtkämpfe in widersprüchliche Bündnisse übersetzt. Spätere deutsche Dialogneufassungen gehören zur Sprachbearbeitung und begründen keinen anderen Hauptregiecredit des Originalfilms.","Giuseppe Colizzi ist nicht der Regisseur dieser Trinity-Komödie.","Sergio Corbucci trägt hier keinen Hauptregiecredit.","Enzo Barboni inszenierte unter dem Namen E. B. Clucher.","Giuliano Carnimeo inszenierte diesen Film nicht.","E. B. Clucher ist Enzo Barbonis Regiename.","mittel","https://www.archiviodelcinemaitaliano.it/index.php/scheda.html?codice=AG2863|https://en.wikipedia.org/wiki/They_Call_Me_Trinity","redaktionell_quellengeprueft"
"G100-20261008-WESTERN-020-L1","K-G100-20261008-WESTERN-020-L1","","de","Film","Western","Vier Fäuste für ein Halleluja","...continuavano a chiamarlo Trinità","1971","Trinity","leicht","Filmwissen","Western","Western","Die versprochene Banditenlaufbahn scheitert immer wieder an Hilfsbereitschaft.","Was versprechen Trinity und Bambino (Terence Hill, Bud Spencer) ihrem Vater (Harry Carey Jr.) in „Vier Fäuste für ein Halleluja“?","Als Banditen zusammenzuarbeiten","Eine gemeinsame Viehzucht aufzubauen","Den Vater nach Kalifornien zu begleiten","Den gestohlenen Familienbesitz zurückzukaufen","A","Die Brüder versprechen eine gemeinsame Banditenlaufbahn.","Der Vater (Harry Carey Jr.) gibt vor, im Sterben zu liegen, und nimmt Trinity (Terence Hill) und Bambino (Bud Spencer) ein Versprechen ab. Die beiden sollen zusammenarbeiten und erfolgreiche Banditen werden. Bambino versucht daraufhin, seinen Bruder in diese Laufbahn einzuführen. Das erklärte Vorhaben gerät jedoch immer wieder mit ihrem tatsächlichen Verhalten in Konflikt, sobald sie auf Menschen treffen, die ihre Hilfe brauchen.","Sie versprechen, gemeinsam als Banditen tätig zu werden.","Eine legale Viehzucht ist nicht der väterliche Auftrag.","Der Vater verlangt keine gemeinsame Reise nach Kalifornien.","Ein Rückkauf von Familienbesitz ist nicht Inhalt des Versprechens.","Die versprochene Banditenlaufbahn scheitert immer wieder an Hilfsbereitschaft.","mittel","https://en.wikipedia.org/wiki/Trinity_Is_Still_My_Name|https://www.archiviodelcinemaitaliano.it/index.php/scheda.html?codice=AG2996","redaktionell_quellengeprueft"
"G100-20261008-WESTERN-020-L2","K-G100-20261008-WESTERN-020-L2","","de","Film","Western","Vier Fäuste für ein Halleluja","...continuavano a chiamarlo Trinità","1971","Trinity","leicht","Filmwissen","Western","Western","Die Räuber geben Geld, statt welches zu nehmen.","Was wird in „Vier Fäuste für ein Halleluja“ aus dem geplanten Überfall der Brüder auf den liegengebliebenen Familienwagen?","Sie eskortieren die Familie bis zur nächsten Stadt.","Sie reparieren ihn und geben der Familie Geld.","Sie tauschen eigene Pferde gegen die müden Maultiere.","Sie holen den Sheriff und warten auf seine Hilfe.","B","Aus dem Überfall werden Radwechsel und Geldhilfe.","Trinity (Terence Hill) und Bambino (Bud Spencer) sehen einen Familienwagen und wittern eine Gelegenheit für ihren geplanten Raubzug. Die Reisenden haben aber selbst kaum etwas und ein krankes Kind. Bambino hebt den Wagen, während Trinity das Rad wechselt; anschließend geben sie der Familie Geld. Die Begegnung zeigt durch konkrete Handlungen, warum der Versuch, ein erfolgreiches Verbrecherduo zu werden, immer wieder anders endet als beabsichtigt.","Eine vollständige Eskorte zur Stadt ist nicht die gezeigte Lösung.","Die vermeintlichen Räuber helfen beim Radwechsel und geben Geld.","Ein Tausch ihrer Pferde gegen die Maultiere findet hier nicht statt.","Sie lösen das Problem nicht durch einen herbeigeholten Sheriff.","Die Räuber geben Geld, statt welches zu nehmen.","mittel","https://en.wikipedia.org/wiki/Trinity_Is_Still_My_Name","redaktionell_quellengeprueft"
"G100-20261008-WESTERN-020-M1","K-G100-20261008-WESTERN-020-M1","","de","Film","Western","Vier Fäuste für ein Halleluja","...continuavano a chiamarlo Trinità","1971","Trinity","mittel","Filmwissen","Western","Western","Die erfundene Amtsrolle bringt eine echte Bestechung ein.","Für wen halten andere Trinity und Bambino (Terence Hill, Bud Spencer) in „Vier Fäuste für ein Halleluja“ aufgrund ihrer behaupteten Tarnrolle?","Für Inspektoren der Eisenbahngesellschaft","Für Ermittler einer Viehversicherung","Für verdeckt arbeitende Bundesagenten","Für Offiziere einer mexikanischen Grenztruppe","C","Die Brüder spielen Bundesagenten.","Trinity (Terence Hill) und Bambino (Bud Spencer) erklären der Familie, sie seien Bundesagenten, die nur zum Schein als Gesetzlose auftreten. Bambino präsentiert sich als Captain, Trinity als Lieutenant. Andere nehmen die Behauptung ernst. Parker (Emilio Delle Piane) bietet ihnen deshalb Geld, damit sie bei seinen Geschäften wegsehen. Der erfundene Auftrag bringt sie somit ausgerechnet mit einem tatsächlichen kriminellen Unternehmen in Verbindung.","Eine Eisenbahngesellschaft erteilt ihnen keinen solchen Auftrag.","Versicherungsermittler ist nicht die behauptete Identität.","Die Brüder behaupten, Bundesagenten auf verdecktem Auftrag zu sein.","Mexikanische Grenzoffiziere stellen sie nicht dar.","Die erfundene Amtsrolle bringt eine echte Bestechung ein.","mittel","https://en.wikipedia.org/wiki/Trinity_Is_Still_My_Name|https://www.archiviodelcinemaitaliano.it/index.php/scheda.html?codice=AG2996","redaktionell_quellengeprueft"
"G100-20261008-WESTERN-020-M2","K-G100-20261008-WESTERN-020-M2","","de","Film","Western","Vier Fäuste für ein Halleluja","...continuavano a chiamarlo Trinità","1971","Trinity","mittel","Filmwissen","Western","Western","Trinity ersetzt die tödliche Duellprobe durch eine Ohrfeigenfolge.","Wie demonstriert Trinity (Terence Hill) in „Vier Fäuste für ein Halleluja“ gegenüber Wild Card Hendricks (Antonio Monselesan) seine Überlegenheit?","Er schießt ihm bei jedem Versuch den Hut vom Kopf.","Er entlädt heimlich Hendricks’ Revolver vor dem Duell.","Er bindet Hendricks’ Waffenhand unbemerkt am Tisch fest.","Er zieht, steckt die Waffe zurück und ohrfeigt ihn wiederholt.","D","Trinity macht aus dem Duell eine Folge von Ohrfeigen.","Nach dem Kartenspiel wirft Wild Card Hendricks (Antonio Monselesan) Trinity (Terence Hill) Betrug vor. Beim anschließenden Kräftemessen zieht Trinity so schnell, dass er seine Waffe wieder einstecken und den Gegner ohrfeigen kann, bevor dieser reagiert. Die typische Westernprobe des schnellen Ziehens wird dadurch zu einer komischen Demonstration. Seine Überlegenheit wird nicht nur behauptet, sondern in einem wiederholten sichtbaren Bewegungsablauf vorgeführt.","Wiederholte Hutschüsse sind nicht die gezeigte Demonstration.","Ein heimlich entladener Revolver erklärt die Szene nicht.","Die Waffenhand wird nicht am Tisch festgebunden.","Trinity kombiniert schnelleres Ziehen und Einstecken mit Ohrfeigen.","Trinity ersetzt die tödliche Duellprobe durch eine Ohrfeigenfolge.","mittel","https://en.wikipedia.org/wiki/Trinity_Is_Still_My_Name","redaktionell_quellengeprueft"
"G100-20261008-WESTERN-020-S1","K-G100-20261008-WESTERN-020-S1","","de","Film","Western","Vier Fäuste für ein Halleluja","...continuavano a chiamarlo Trinità","1971","Trinity","schwer","Filmwissen","Western","Western","Die Reaktion bleibt sichtbar, die Verfehlungen verschwinden unter der Orgel.","Wie verdeckt „Vier Fäuste für ein Halleluja“ für das Publikum den Inhalt von Bambinos (Bud Spencer) langer Beichte?","Durch laut einsetzende Orgelmusik","Durch einen Schnitt auf wartende Reisende","Durch das Läuten der Kirchenglocken","Durch den Gesang eines Chors im Kirchenschiff","A","Orgelmusik übertönt Bambinos Beichte.","Bambino (Bud Spencer) gibt in der Mission vor, beichten zu wollen. Seine lange Aufzählung schockiert den Geistlichen, während laut einsetzende Orgelmusik verhindert, dass das Publikum alle Einzelheiten hört. Die Szene lässt den Umfang seiner Verfehlungen durch Reaktion und Tonwirkung erkennen. Der Witz braucht damit keine nachträglich ergänzte deutsche Dialogzeile, sondern entsteht aus der schon im Film angelegten Verbindung von Bild und Musik.","Die Orgelmusik übertönt die Aufzählung seiner Verfehlungen.","Ein bloßer Wechsel zu wartenden Reisenden ist nicht der akustische Trick.","Kirchenglocken sind nicht die überdeckende Tonquelle.","Ein singender Chor überdeckt die Beichte nicht.","Die Reaktion bleibt sichtbar, die Verfehlungen verschwinden unter der Orgel.","mittel","https://en.wikipedia.org/wiki/Trinity_Is_Still_My_Name","redaktionell_quellengeprueft"
"G100-20261008-WESTERN-020-S2","K-G100-20261008-WESTERN-020-S2","","de","Film","Western","Vier Fäuste für ein Halleluja","...continuavano a chiamarlo Trinità","1971","Trinity","schwer","Filmwissen","Western","Western","Die Beute rettet die Tarnrolle statt die Reisekasse.","Warum gibt Trinity (Terence Hill) in „Vier Fäuste für ein Halleluja“ die erbeuteten Werte an die eintreffenden Rangers weiter?","Um für den Vater (Harry Carey Jr.) eine Begnadigung zu kaufen","Um den Verdacht gegen Bambino (Bud Spencer) abzuwehren","Um die Übernahme der Mission durch die Rangers zu verhindern","Um die Rangers für eine Eskorte nach Kalifornien zu bezahlen","B","Die Beute dient dazu, die falsche Agentenrolle zu stützen.","Nach der Auseinandersetzung in der Mission erscheinen Rangers und nehmen die Verbrecher fest. Einer erkennt in Bambino (Bud Spencer) möglicherweise einen gesuchten Pferdedieb. Trinity (Terence Hill) wiederholt die Behauptung, sie seien Bundesagenten, und übergibt die erbeuteten Werte. Die Brüder verlieren damit ihren erhofften Gewinn, sichern aber die Tarnung. Das Ende des Geschäfts folgt also aus der Gefahr, selbst als Gesetzlose erkannt zu werden.","Eine Begnadigung des Vaters ist nicht der Zweck.","Die Übergabe stützt die behauptete Agentenrolle und lenkt vom Verdacht gegen Bambino ab.","Eine drohende Übernahme der Mission begründet die Übergabe nicht.","Die Beute bezahlt keine Kalifornien-Eskorte.","Die Beute rettet die Tarnrolle statt die Reisekasse.","hoch","https://en.wikipedia.org/wiki/Trinity_Is_Still_My_Name","redaktionell_quellengeprueft"
"G100-20261008-WESTERN-020-Y","K-G100-20261008-WESTERN-020-Y","","de","Film","Western","Vier Fäuste für ein Halleluja","...continuavano a chiamarlo Trinità","1971","Trinity","mittel","Filmjahr","Western","Western","Trinity beginnt 1970 und kehrt 1971 zurück.","In welchem Jahr erschien „Vier Fäuste für ein Halleluja“ erstmals?","1965","1968","1971","1974","C","1970 die erste Trinity-Komödie, 1971 ihre Fortsetzung: ein Jahr.","„Die rechte und die linke Hand des Teufels“ erschien 1970. „Vier Fäuste für ein Halleluja“ folgte 1971, nur ein Jahr später. Terence Hill und Bud Spencer behalten die Rollen Trinity und Bambino, während die Fortsetzung neue Versuche einer gemeinsamen Banditenlaufbahn erzählt. Die beiden italienischen Archivkarten belegen die zeitliche Reihenfolge. Die spätere US-Veröffentlichung des zweiten Films gehört zu seiner internationalen Auswertung.","1965 liegt sechs Jahre davor.","1968 liegt drei Jahre davor.","Die italienische Erstveröffentlichung gehört zu 1971.","1974 liegt drei Jahre nach dem Erstjahr.","Trinity beginnt 1970 und kehrt 1971 zurück.","mittel","https://www.archiviodelcinemaitaliano.it/index.php/scheda.html?codice=AG2996|https://www.archiviodelcinemaitaliano.it/index.php/scheda.html?codice=AG2863|https://en.wikipedia.org/wiki/Trinity_Is_Still_My_Name","redaktionell_quellengeprueft"
"G100-20261008-WESTERN-020-D","K-G100-20261008-WESTERN-020-D","","de","Film","Western","Vier Fäuste für ein Halleluja","...continuavano a chiamarlo Trinità","1971","Trinity","mittel","Regie","Western","Western","Barboni beziehungsweise E. B. Clucher bleibt der Hauptregisseur.","Wer führte bei „Vier Fäuste für ein Halleluja“ Hauptregie?","Sergio Corbucci","Giuseppe Colizzi","Tonino Valerii","Enzo Barboni","D","Enzo Barboni führte auch bei der direkten Fortsetzung Regie.","Enzo Barboni inszenierte die zweite Trinity-Komödie erneut unter seinem Pseudonym E. B. Clucher. Terence Hill und Bud Spencer spielen wieder das ungleiche Brüderpaar. Die Fortsetzung führt dessen Fähigkeiten durch neue Situationen vor, etwa den Kartenspielkonflikt, die vorgetäuschte Agentenrolle und die Mission. Die italienische Archivkarte bestätigt den Hauptcredit. Abweichende deutsche Dialogbearbeitungen verändern diese Zuordnung des Originalfilms nicht.","Sergio Corbucci ist nicht der Regisseur dieser Fortsetzung.","Giuseppe Colizzi führte bei diesem Film nicht Regie.","Tonino Valerii trägt hier keinen Hauptregiecredit.","ANICA nennt Enzo Barboni alias E. B. Clucher.","Barboni beziehungsweise E. B. Clucher bleibt der Hauptregisseur.","mittel","https://www.archiviodelcinemaitaliano.it/index.php/scheda.html?codice=AG2996|https://en.wikipedia.org/wiki/Trinity_Is_Still_My_Name","redaktionell_quellengeprueft"
"G100-20261008-WESTERN-021-L1","K-G100-20261008-WESTERN-021-L1","","de","Film","Western","Die Cowboys","The Cowboys","1972","","leicht","Filmwissen","Western","Western","Der Goldfund lässt die Ranch ohne erfahrene Helfer zurück.","Warum fehlen Wil Andersen (John Wayne) in „Die Cowboys“ seine erwachsenen Helfer vor dem Viehtrieb?","Sie verweigern wegen eines Lohnstreits die Arbeit.","Sie brechen wegen eines Goldfunds auf.","Sie werden zum Militär eingezogen.","Sie verlassen die Ranch nach einem Brand.","B","Der Goldrausch nimmt Andersen seine bisherigen Helfer.","Wil Andersen (John Wayne) muss seine Herde zum Verkauf treiben, verliert aber kurz vor dem Aufbruch seine erwachsenen Helfer an einen neuen Goldfund. Auch in der Stadt findet er kaum Ersatz. Seine wirtschaftliche Lage erlaubt keinen einfachen Aufschub. Der Personalmangel zwingt den erfahrenen Rancher deshalb, eine ungewöhnliche Mannschaft in Betracht zu ziehen und die Vorbereitung des Viehtriebs neu zu organisieren.","Ein Lohnstreik ist nicht der Anlass ihres Aufbruchs.","Die bisherigen Helfer ziehen zum neuen Goldfund.","Eine Einberufung verursacht den Personalmangel nicht.","Ein Ranchbrand vertreibt die Männer nicht.","Der Goldfund lässt die Ranch ohne erfahrene Helfer zurück.","mittel","https://en.wikipedia.org/wiki/The_Cowboys|https://catalog.afi.com/Film/54695-THE-COWBOYS","redaktionell_quellengeprueft"
"G100-20261008-WESTERN-021-L2","K-G100-20261008-WESTERN-021-L2","","de","Film","Western","Die Cowboys","The Cowboys","1972","","leicht","Filmwissen","Western","Western","Der Koch ist zugleich ein erfahrener erwachsener Begleiter.","Welche Aufgabe übernimmt Jebediah Nightlinger (Roscoe Lee Browne) auf dem Viehtrieb in „Die Cowboys“?","Er führt als Vermesser die Route aus.","Er prüft als Tierarzt die Herde.","Er versorgt die Mannschaft als Koch.","Er hält als Prediger die täglichen Andachten.","C","Nightlinger ist der Koch der Mannschaft.","Jebediah Nightlinger (Roscoe Lee Browne) vervollständigt Wil Andersens (John Wayne) Mannschaft als Koch. Sein Versorgungswagen hält die jungen Treiber unterwegs arbeitsfähig. Er ist zugleich der zweite erfahrene Erwachsene, an dem sie sich orientieren können. Der Film beschränkt seine Bedeutung daher nicht auf Mahlzeiten: Seine Gespräche mit Andersen und sein späteres Handeln begleiten die Entwicklung der Jungen während einer zunehmend gefährlichen Reise.","Er ist nicht der Vermesser der Strecke.","Ein Tierarztposten ist nicht seine Aufgabe.","Nightlinger begleitet den Trieb als Koch am Versorgungswagen.","Er wird nicht als Prediger engagiert.","Der Koch ist zugleich ein erfahrener erwachsener Begleiter.","mittel","https://en.wikipedia.org/wiki/The_Cowboys|https://catalog.afi.com/Film/54695-THE-COWBOYS","redaktionell_quellengeprueft"
"G100-20261008-WESTERN-021-M1","K-G100-20261008-WESTERN-021-M1","","de","Film","Western","Die Cowboys","The Cowboys","1972","","mittel","Filmwissen","Western","Western","Der zuvor ausgeschlossene Cimarron rettet seinen früheren Gegner.","Wodurch verdient Cimarron (A Martinez) in „Die Cowboys“ doch noch einen Platz bei der Mannschaft?","Er findet Dans (Nicolas Beauvy) verlorene Brille.","Er fängt einen entflohenen Banditen für Andersen (John Wayne).","Er repariert Nightlingers (Roscoe Lee Browne) Wagenachse.","Er rettet Slim (Robert Carradine) vor dem Ertrinken.","D","Cimarrons Rettungstat ermöglicht seine Rückkehr.","Wil Andersen (John Wayne) schickt Cimarron (A Martinez) nach einem Streit mit Slim (Robert Carradine) fort. Der junge Mann folgt dem Viehtrieb trotzdem. Als Slim bei einer Flussüberquerung ins Wasser fällt, rettet Cimarron ihn. Andersen erlaubt ihm daraufhin, sich der Mannschaft anzuschließen. Der Film stellt dem vorherigen aggressiven Auftreten eine konkrete verantwortungsvolle Tat gegenüber, durch die der Ausschluss aufgehoben wird.","Die Brillenrettung ist nicht seine Bewährungsprobe.","Eine Banditenfestnahme bringt ihn nicht in die Mannschaft.","Eine Achsenreparatur erklärt seine Aufnahme nicht.","Cimarron zieht Slim aus dem gefährlichen Fluss.","Der zuvor ausgeschlossene Cimarron rettet seinen früheren Gegner.","mittel","https://en.wikipedia.org/wiki/The_Cowboys|https://catalog.afi.com/Film/54695-THE-COWBOYS","redaktionell_quellengeprueft"
"G100-20261008-WESTERN-021-M2","K-G100-20261008-WESTERN-021-M2","","de","Film","Western","Die Cowboys","The Cowboys","1972","","mittel","Filmwissen","Western","Western","Ein angeblich neuer Job bei einem längst Toten passt nicht zusammen.","Woran erkennt Andersen (John Wayne) in „Die Cowboys“ die Lüge von Asa Watts (Bruce Dern) bei dessen Bewerbung?","Watts nennt einen längst verstorbenen früheren Arbeitgeber.","Watts verwechselt den Namen seiner angeblich letzten Ranch.","Watts legt ein erkennbar gefälschtes Empfehlungsschreiben vor.","Watts beschreibt eine Anstellung während einer belegten Haftzeit.","A","Der tote Arbeitgeber entlarvt Watts’ erfundene Berufserfahrung.","Asa Watts (Bruce Dern) bittet Wil Andersen (John Wayne) um Arbeit und behauptet eine Erfahrung, die einer Prüfung nicht standhält. Er nennt einen früheren Arbeitgeber, der längst verstorben ist. Andersen lehnt ihn wegen der Lüge ab. Der Streit beginnt also nicht allein mit Watts’ offengelegter Vergangenheit als Häftling. Die konkrete Täuschung verhindert das Vertrauen, auf das Andersen seine Mannschaft gründen will.","Der angeblich kürzlich beschäftigende Rancher ist schon lange tot.","Ein verwechselter Ranchname ist nicht das entscheidende Indiz.","Ein gefälschtes Empfehlungsschreiben entlarvt ihn hier nicht.","Andersen widerlegt die Behauptung nicht durch einen Abgleich mit Haftdaten.","Ein angeblich neuer Job bei einem längst Toten passt nicht zusammen.","mittel","https://catalog.afi.com/Film/54695-THE-COWBOYS|https://en.wikipedia.org/wiki/The_Cowboys","redaktionell_quellengeprueft"
"G100-20261008-WESTERN-021-S1","K-G100-20261008-WESTERN-021-S1","","de","Film","Western","Die Cowboys","The Cowboys","1972","","schwer","Filmwissen","Western","Western","Eine kleine Hilfe endet unter der unruhigen Herde tödlich.","Was versucht Charlie Schwartz (Stephen Hudis) in „Die Cowboys“ zurückzuholen, bevor ihn die Herde tödlich verletzt?","Andersens (John Wayne) Revolver","Dans (Nicolas Beauvy) Brille","Nightlingers (Roscoe Lee Browne) Kochmesser","Cimarrons (A Martinez) Sattel","B","Charlie stirbt beim Zurückholen von Dans Brille.","Dan (Nicolas Beauvy) ist nach einer Drohung von Asa Watts (Bruce Dern) verängstigt. Charlie Schwartz (Stephen Hudis) begleitet ihn bei der Wache. Als Dans Brille hinunterfällt, versucht Charlie, sie zurückzuholen, und wird von der Herde tödlich verletzt. Der Verlust entsteht aus einem Hilfsversuch unter den Jungen. Er verändert die Reise lange bevor der offene Angriff der Viehdiebe erfolgt.","Ein Revolver ist nicht der Gegenstand dieses Hilfsversuchs.","Charlie holt die heruntergefallene Brille von Dan zurück.","Ein Kochmesser führt ihn nicht zwischen die Tiere.","Cimarrons Sattel ist nicht sein Ziel.","Eine kleine Hilfe endet unter der unruhigen Herde tödlich.","hoch","https://en.wikipedia.org/wiki/The_Cowboys|https://catalog.afi.com/Film/54695-THE-COWBOYS","redaktionell_quellengeprueft"
"G100-20261008-WESTERN-021-S2","K-G100-20261008-WESTERN-021-S2","","de","Film","Western","Die Cowboys","The Cowboys","1972","","schwer","Filmwissen","Western","Western","Der gekaufte Grabstein hält Andersens Vaterrolle fest.","Wie ehren die Jungen in „Die Cowboys“ Andersen (John Wayne) nach dem abgeschlossenen Viehtrieb?","Mit einer Ranch, die seinen Namen erhält","Mit einer Statue vor dem Verkaufsplatz","Mit einem Grabstein, der ihn als geliebten Vater würdigt","Mit einem nach ihm benannten Schulhaus","C","Die Jungen lassen Andersen als Vater würdigen.","Nach Wil Andersens (John Wayne) Tod bringen die Jungen die Herde zum Verkauf und kaufen einen Grabstein. Die Inschrift bezeichnet ihn als geliebten Ehemann und Vater. Jebediah Nightlinger (Roscoe Lee Browne) begleitet die Rückkehr zum ungefähren Grabort, dessen ursprüngliche Markierung nicht mehr zu finden ist. Das Denkmal macht die Beziehung sichtbar, die während des Viehtriebs über einen bloßen Arbeitsvertrag hinausgewachsen ist.","Eine neue Ranch wird nicht als Abschluss gegründet.","Eine Statue am Verkaufsplatz ist nicht ihr Denkmal.","Sie kaufen einen Grabstein mit der Würdigung als geliebtem Ehemann und Vater.","Ein Schulhaus wird nicht nach ihm benannt.","Der gekaufte Grabstein hält Andersens Vaterrolle fest.","hoch","https://en.wikipedia.org/wiki/The_Cowboys|https://catalog.afi.com/Film/54695-THE-COWBOYS","redaktionell_quellengeprueft"
"G100-20261008-WESTERN-021-Y","K-G100-20261008-WESTERN-021-Y","","de","Film","Western","Die Cowboys","The Cowboys","1972","","mittel","Filmjahr","Western","Western","Vom Roman 1971 zum Film 1972 vergeht ein Jahr.","In welchem Jahr erschien „Die Cowboys“ erstmals?","1966","1969","1975","1972","D","1971 Jennings’ Roman, 1972 seine Verfilmung: ein Jahr.","William Dale Jennings veröffentlichte den Roman „The Cowboys“ 1971. Die Verfilmung erschien 1972, ein Jahr später. Jennings war außerdem am Drehbuch beteiligt, gemeinsam mit Irving Ravetch und Harriet Frank Jr. AFI dokumentiert sowohl die literarische Veröffentlichung als auch den früheren New Yorker Filmstart im Januar. Der Werkvergleich verknüpft die Geschichte der ungewöhnlichen jungen Treibermannschaft mit zwei konkret belegten Veröffentlichungsjahren.","1966 liegt sechs Jahre vor dem Film.","1969 liegt drei Jahre davor.","1975 liegt drei Jahre nach der Erstveröffentlichung.","AFI belegt den New Yorker Start im Januar 1972.","Vom Roman 1971 zum Film 1972 vergeht ein Jahr.","mittel","https://catalog.afi.com/Film/54695-THE-COWBOYS","redaktionell_quellengeprueft"
"G100-20261008-WESTERN-021-D","K-G100-20261008-WESTERN-021-D","","de","Film","Western","Die Cowboys","The Cowboys","1972","","mittel","Regie","Western","Western","Rydell führt Hauptregie, Henry die zweite Einheit.","Wer führte bei „Die Cowboys“ Hauptregie?","Mark Rydell","Andrew V. McLaglen","Henry Hathaway","Richard Brooks","A","Mark Rydell führte Hauptregie.","Mark Rydell inszenierte und produzierte die Verfilmung des Romans von William Dale Jennings. John Wayne spielt den Rancher Wil Andersen, Roscoe Lee Browne den Koch Jebediah Nightlinger. AFI führt Buzz Henry gesondert als Regisseur der zweiten Einheit auf. Die Aufteilung der Dreharbeit ergibt deshalb kein gemeinsames Hauptregieteam. Auch die spätere Fernsehserie ist von diesem veröffentlichten Kinofilm und seinen Credits zu trennen.","AFI nennt Mark Rydell als Hauptregisseur.","Andrew V. McLaglen inszenierte diesen Wayne-Western nicht.","Henry Hathaway trägt hier keinen Hauptregiecredit.","Richard Brooks ist nicht der Regisseur dieses Films.","Rydell führt Hauptregie, Henry die zweite Einheit.","mittel","https://catalog.afi.com/Film/54695-THE-COWBOYS","redaktionell_quellengeprueft"
"G100-20261008-WESTERN-022-L1","K-G100-20261008-WESTERN-022-L1","","de","Film","Western","Ich, Tom Horn","Tom Horn","1980","","leicht","Filmwissen","Western","Western","Der Auftrag gegen Viehdiebe öffnet Horn den Weg zur Selbstjustiz.","Wofür engagiert John Coble (Richard Farnsworth) Tom Horn (Steve McQueen) in „Ich, Tom Horn“?","Zur Begleitung von Goldtransporten","Zur Suche nach einer verschwundenen Erbin","Zur Bekämpfung von Viehdieben","Zur Vermessung einer neuen Bahnstrecke","C","Horn soll den Viehdiebstahl eindämmen.","John Coble (Richard Farnsworth) hilft dem verletzten Tom Horn (Steve McQueen) und bietet ihm später Arbeit an. Die Rancher leiden unter Viehdiebstahl und wollen den erfahrenen Fährtenleser gegen die Täter einsetzen. Horn versteht den Auftrag zunehmend als Erlaubnis zu eigenmächtiger Gewalt. Der Film entwickelt daraus einen Konflikt zwischen den Interessen seiner Auftraggeber, seinen Methoden und der öffentlichen Reaktion.","Goldtransporte bilden nicht den vereinbarten Auftrag.","Eine Erbin soll Horn nicht finden.","Coble stellt Horn gegen die Viehdiebe ein.","Er übernimmt keine Streckenvermessung.","Der Auftrag gegen Viehdiebe öffnet Horn den Weg zur Selbstjustiz.","mittel","https://en.wikipedia.org/wiki/Tom_Horn_(film)|https://catalog.afi.com/Catalog/moviedetails/56520","redaktionell_quellengeprueft"
"G100-20261008-WESTERN-022-L2","K-G100-20261008-WESTERN-022-L2","","de","Film","Western","Ich, Tom Horn","Tom Horn","1980","","leicht","Filmwissen","Western","Western","Die Lehrerin verbindet Nähe zu Horn mit Abstand zu seiner Gewalt.","Welchen Beruf hat Glendolene Kimmel (Linda Evans) in „Ich, Tom Horn“?","Zeitungsredakteurin","Ärztin","Hotelbesitzerin","Lehrerin","D","Glendolene ist die örtliche Lehrerin.","Glendolene Kimmel (Linda Evans) arbeitet als Lehrerin und lernt Tom Horn (Steve McQueen) bei einer gesellschaftlichen Zusammenkunft kennen. Zwischen beiden entsteht eine persönliche Beziehung. Ihr Interesse am Westen bedeutet aber nicht, dass sie Horns gewaltsame Lebensweise dauerhaft akzeptiert. Die Figur bietet ihm Nähe und zugleich einen Blick auf die Veränderung seiner Umgebung, die seine bisherigen Fähigkeiten immer weniger selbstverständlich benötigt.","Sie ist nicht die Zeitungsredakteurin des Films.","Ein Arztberuf wird ihr nicht zugeordnet.","Sie tritt nicht als Hotelbesitzerin auf.","Glendolene arbeitet als Lehrerin.","Die Lehrerin verbindet Nähe zu Horn mit Abstand zu seiner Gewalt.","mittel","https://en.wikipedia.org/wiki/Tom_Horn_(film)|https://catalog.afi.com/Catalog/moviedetails/56520","redaktionell_quellengeprueft"
"G100-20261008-WESTERN-022-M1","K-G100-20261008-WESTERN-022-M1","","de","Film","Western","Ich, Tom Horn","Tom Horn","1980","","mittel","Filmwissen","Western","Western","Der nützliche Helfer wird zum Risiko für seine Auftraggeber.","Warum möchten die Rancher in „Ich, Tom Horn“ Horn (Steve McQueen) nach seinen erfolgreichen Einsätzen loswerden?","Sie fürchten einen Skandal um ihre Unterstützung seiner Gewalt.","Sie entdecken, dass er ihre Herden selbst gestohlen hat.","Sie wollen das Weideland vollständig an die Armee verkaufen.","Sie erfahren, dass er gleichzeitig für die Viehdiebe arbeitet.","A","Horns Auftraggeber fürchten um ihren Ruf.","Tom Horn (Steve McQueen) beendet den Viehdiebstahl durch brutale Maßnahmen. Nach einem öffentlichen Schusswechsel wächst jedoch die Empörung. Die Rancher erkennen, dass ihre Unterstützung bekannt werden und ihnen schaden könnte. John Coble (Richard Farnsworth) erlebt, wie sie sich von ihrem Helfer lösen wollen. Der Konflikt beruht auf dem Widerspruch zwischen den stillschweigend gewünschten Methoden und der Verantwortung, die die Auftraggeber dafür öffentlich übernehmen würden.","Die öffentliche Gewalt droht ihre Verbindung zu Horn offenzulegen und ihren Ruf zu schädigen.","Horn wird nicht als heimlicher Dieb ihrer Herden entlarvt.","Ein vollständiger Landverkauf an die Armee ist nicht der Grund.","Eine nachgewiesene Doppelarbeit für die Diebe erklärt den Bruch nicht.","Der nützliche Helfer wird zum Risiko für seine Auftraggeber.","mittel","https://en.wikipedia.org/wiki/Tom_Horn_(film)|https://catalog.afi.com/Catalog/moviedetails/56520","redaktionell_quellengeprueft"
"G100-20261008-WESTERN-022-M2","K-G100-20261008-WESTERN-022-M2","","de","Film","Western","Ich, Tom Horn","Tom Horn","1980","","mittel","Filmwissen","Western","Western","Das scheinbare Bürogespräch hat einen verborgenen Mitschreiber.","Wie lässt Joe Belle (Billy Green Bush) in „Ich, Tom Horn“ sein Bürogespräch mit Horn (Steve McQueen) heimlich festhalten?","Ein Deputy belauscht es vom Dach aus.","Ein versteckter Reporter schreibt mit.","Ein Richter protokolliert es hinter einem Vorhang.","Ein Telegraphist übermittelt jedes Wort an die Rancher.","B","Belle versteckt einen mitschreibenden Reporter.","Marshal Joe Belle (Billy Green Bush) lockt Tom Horn (Steve McQueen) in sein Büro und versucht, ein Geständnis zum Tod des Jungen zu erhalten. Ein Reporter sitzt verborgen im angrenzenden Raum und hält das Gespräch fest. Horn kennt diese Vorbereitung nicht. Der Film stellt damit eine Gesprächssituation dar, deren Zweck zwischen den Beteiligten ungleich verteilt ist und die später als belastendes Material verwendet wird.","Ein Deputy auf dem Dach ist nicht das verdeckte Verfahren.","Belle verbirgt einen Reporter, der das Gespräch mitschreibt.","Ein versteckter Richter führt das Protokoll nicht.","Ein Telegraphist sendet das Gespräch nicht laufend weiter.","Das scheinbare Bürogespräch hat einen verborgenen Mitschreiber.","hoch","https://en.wikipedia.org/wiki/Tom_Horn_(film)|https://catalog.afi.com/Catalog/moviedetails/56520","redaktionell_quellengeprueft"
"G100-20261008-WESTERN-022-S1","K-G100-20261008-WESTERN-022-S1","","de","Film","Western","Ich, Tom Horn","Tom Horn","1980","","schwer","Filmwissen","Western","Western","Aus dem Wenn-Satz wird vor Gericht ein behauptetes Geständnis.","Wie verändert der Reporter im Prozess von „Ich, Tom Horn“ die Bedeutung von Horns (Steve McQueen) Aussage?","Er macht aus einem Geständnis eine Entlastung des Marshals.","Er schreibt eine Aussage Cobles (Richard Farnsworth) Horn zu.","Er macht aus einer bedingten Überlegung ein angebliches Geständnis.","Er behauptet, Horn habe einen anderen Täter ausdrücklich genannt.","C","Die Zeugenaussage verfälscht eine hypothetische Bemerkung zum Geständnis.","Tom Horn (Steve McQueen) hat im Büro erklärt, falls er den Jungen erschossen hätte, wäre es ein außergewöhnlicher Schuss und eine besonders niederträchtige Tat gewesen. Im Prozess behauptet der Reporter dagegen, Horn habe mit dem Mord geprahlt. Der Film zeigt diese Aussage als Meineid. Damit geht es um eine konkrete Verfälschung der Filmfigur, nicht um einen Beweis für Schuld oder Unschuld des historischen Horn.","Horn hat keine Tat gestanden, die bloß Belle entlasten sollte.","Der Reporter vertauscht nicht Coble und Horn als Sprecher.","Der Reporter behauptet ein Geständnis, obwohl Horn die Tat nur hypothetisch beschrieben hat.","Ein benannter anderer Täter ist nicht seine Behauptung.","Aus dem Wenn-Satz wird vor Gericht ein behauptetes Geständnis.","hoch","https://en.wikipedia.org/wiki/Tom_Horn_(film)|https://catalog.afi.com/Catalog/moviedetails/56520","redaktionell_quellengeprueft"
"G100-20261008-WESTERN-022-S2","K-G100-20261008-WESTERN-022-S2","","de","Film","Western","Ich, Tom Horn","Tom Horn","1980","","schwer","Filmwissen","Western","Western","Der Schluss spricht mit Cobles Stimme, nicht mit einem neuen Gerichtsurteil.","Welche Position hält der Schlussschriftzug von „Ich, Tom Horn“ als Aussage John Cobles (Richard Farnsworth) fest?","Seine Überzeugung von Horns gerechter Verurteilung","Seine fortbestehenden Zweifel an Horns Unschuld","Sein Bedauern über vorschnelles Vertrauen in Horn","Seine persönliche Überzeugung von Horns Unschuld","D","Der Schlussschriftzug gibt Cobles Überzeugung wieder.","Nach Tom Horns (Steve McQueen) Hinrichtung folgt ein Text, der John Coble (Richard Farnsworth) zugeschrieben wird. Er erinnert an Horn als Freund und bekundet seine Überzeugung von dessen Unschuld. Der Film schließt damit auf einer persönlichen Stellungnahme. Diese Form ist von einem Gerichtsurteil oder einer nachträglich belegten Begnadigung zu unterscheiden; sie macht die Perspektive des Freundes sichtbar, ohne einen historischen Schuldnachweis zu liefern.","Coble erklärt die Verurteilung dort nicht für gerecht.","Der Text bekundet seine Überzeugung, keine fortbestehenden Zweifel.","Er widerruft sein Vertrauen in Horn nicht.","Der Text gibt Cobles persönliche Überzeugung von Horns Unschuld wieder.","Der Schluss spricht mit Cobles Stimme, nicht mit einem neuen Gerichtsurteil.","hoch","https://catalog.afi.com/Catalog/moviedetails/56520","redaktionell_quellengeprueft"
"G100-20261008-WESTERN-022-Y","K-G100-20261008-WESTERN-022-Y","","de","Film","Western","Ich, Tom Horn","Tom Horn","1980","","mittel","Filmjahr","Western","Western","1904 Buch, 1980 Film: 76 Jahre Abstand.","Wann wurde „Ich, Tom Horn“ erstmals veröffentlicht?","1980","1974","1977","1983","A","1904 Horns Buch, 1980 die Verfilmung: 76 Jahre.","„Ich, Tom Horn“ erschien 1980. AFI nennt Horns Buch „Life of Tom Horn, Government Scout and Interpreter“ von 1904 als Vorlage. Zwischen Buchveröffentlichung und Film liegen 76 Jahre. Der Vergleich verbindet eine frühe Selbstdarstellung mit einer viel späteren filmischen Bearbeitung. Steve McQueen spielt Tom Horn, doch seine Darstellung und der Standpunkt des Films ersetzen keine unabhängige historische Prüfung der geschilderten Ereignisse.","Der Film erschien 1980, unabhängig von abweichenden Tagesangaben.","1974 liegt sechs Jahre davor.","1977 liegt drei Jahre vor dem Film.","1983 liegt drei Jahre nach dem Erstjahr.","1904 Buch, 1980 Film: 76 Jahre Abstand.","mittel","https://catalog.afi.com/Catalog/moviedetails/56520","redaktionell_quellengeprueft"
"G100-20261008-WESTERN-022-D","K-G100-20261008-WESTERN-022-D","","de","Film","Western","Ich, Tom Horn","Tom Horn","1980","","mittel","Regie","Western","Western","Die wechselnde Produktion endet mit Wiards Hauptregiecredit.","Wer trägt bei „Ich, Tom Horn“ den offiziellen Hauptregiecredit?","John Sturges","William Wiard","Sam Peckinpah","Richard Fleischer","B","William Wiard ist der offizielle Hauptregisseur.","William Wiard übernahm die Inszenierung während einer schwierigen Produktion. AFI dokumentiert frühere Regiepläne sowie die Ablösung von James William Guercio und führt Wiard als Hauptregisseur. Steve McQueen spielt Tom Horn. Die wechselnde Projektgeschichte begründet kein gemeinsames Regieteam der veröffentlichten Fassung. Der Filmcredit bleibt auch dann eindeutig, wenn Quellen die Dauer einer vorherigen Mitarbeit unterschiedlich beschreiben.","John Sturges führt den Film nicht im Hauptcredit.","William Wiard ist im offiziellen Hauptcredit genannt.","Sam Peckinpah ist nicht der ausgewiesene Hauptregisseur.","Richard Fleischer trägt hier keinen Hauptregiecredit.","Die wechselnde Produktion endet mit Wiards Hauptregiecredit.","mittel","https://catalog.afi.com/Catalog/moviedetails/56520|https://en.wikipedia.org/wiki/Tom_Horn_(film)","redaktionell_quellengeprueft"
"G100-20261008-WESTERN-023-L1","K-G100-20261008-WESTERN-023-L1","","de","Film","Western","Quigley der Australier","Quigley Down Under","1990","","leicht","Filmwissen","Western","Western","Die Treffgenauigkeit ist Quigleys Arbeitsangebot und später sein Konflikt.","Was demonstriert Matthew Quigley (Tom Selleck) in „Quigley der Australier“ seinem neuen Auftraggeber?","Schnelles Verfolgen von Pferdedieben ohne Spuren","Zuverlässiges Zähmen wilder Pferde ohne Sattel","Genaues Aufspüren von Wasser in trockenen Gebieten","Sehr präzises Gewehrschießen auf große Entfernung","D","Quigley ist ein außergewöhnlicher Fernschütze.","Matthew Quigley (Tom Selleck) reist aufgrund eines Arbeitsangebots mit seinem besonderen Gewehr nach Australien. Elliott Marston (Alan Rickman) verlangt eine Demonstration seiner Treffgenauigkeit auf große Entfernung. Die Fähigkeit erscheint zunächst als berufliche Qualifikation. Erst im folgenden Gespräch zeigt sich, für welche Zwecke der Auftraggeber sie einsetzen möchte. Das ungewöhnliche Können wird dadurch zum Ausgangspunkt einer Entscheidung über die Verantwortung des Schützen.","Spurenloses Verfolgen ist nicht seine beworbene Spezialfähigkeit.","Das Pferdezähmen ist nicht der Anlass seiner Anwerbung.","Eine Wassersuche bildet nicht seine ausgewiesene Qualifikation.","Quigley demonstriert seine außergewöhnliche Treffgenauigkeit mit dem Gewehr.","Die Treffgenauigkeit ist Quigleys Arbeitsangebot und später sein Konflikt.","mittel","https://en.wikipedia.org/wiki/Quigley_Down_Under|https://catalog.afi.com/Film/58662-QUIGLEY-DOWN-UNDER","redaktionell_quellengeprueft"
"G100-20261008-WESTERN-023-L2","K-G100-20261008-WESTERN-023-L2","","de","Film","Western","Quigley der Australier","Quigley Down Under","1990","","leicht","Filmwissen","Western","Western","Quigley verweigert den Auftrag und wird selbst zum Gejagten.","Weshalb lehnt Quigley (Tom Selleck) in „Quigley der Australier“ Marstons (Alan Rickman) tatsächlichen Auftrag ab?","Er soll indigene Menschen erschießen.","Er soll einen Goldtransport überfallen.","Er soll einen britischen Offizier entführen.","Er soll einen konkurrierenden Rancher ausrauben.","A","Quigley verweigert die Ermordung indigener Menschen.","Elliott Marston (Alan Rickman) erklärt Matthew Quigley (Tom Selleck), dass seine große Schussreichweite gegen indigene Menschen eingesetzt werden soll. Quigley verweigert die Aufgabe und greift den Auftraggeber an. Marston lässt ihn daraufhin überwältigen und aussetzen. Der Film macht aus dem Arbeitsangebot einen offenen moralischen Konflikt. Die Entscheidung kostet Quigley seinen sicheren Aufenthalt und führt ihn zu den Menschen, deren Tötung er abgelehnt hat.","Marston will Quigley zur Ermordung indigener Menschen einsetzen.","Ein Goldtransport ist nicht der offengelegte Auftrag.","Eine Offiziersentführung verursacht Quigleys Ablehnung nicht.","Ein Raubzug gegen einen anderen Rancher ist nicht die verlangte Arbeit.","Quigley verweigert den Auftrag und wird selbst zum Gejagten.","mittel","https://en.wikipedia.org/wiki/Quigley_Down_Under|https://catalog.afi.com/Film/58662-QUIGLEY-DOWN-UNDER","redaktionell_quellengeprueft"
"G100-20261008-WESTERN-023-M1","K-G100-20261008-WESTERN-023-M1","","de","Film","Western","Quigley der Australier","Quigley Down Under","1990","","mittel","Filmwissen","Western","Western","Roy gehört zu Coras Vergangenheit, Matthew zu ihrer neuen Begegnung.","Mit wessen Namen spricht Cora (Laura San Giacomo) Quigley (Tom Selleck) in „Quigley der Australier“ immer wieder an?","Mit dem ihres verstorbenen Vaters","Mit dem ihres Ehemanns","Mit dem ihres Bruders","Mit dem ihres früheren Arbeitgebers","B","Cora nennt Quigley zunächst Roy.","Cora (Laura San Giacomo) spricht Matthew Quigley (Tom Selleck) immer wieder mit Roy an, dem Namen ihres Ehemanns. Ihre Erzählung über den Verlust ihres Kindes und die Trennung erklärt den belastenden Hintergrund. Quigley besteht darauf, als eigene Person wahrgenommen zu werden. Die wiederholte Anrede verbindet so Coras Vergangenheit mit der entstehenden neuen Beziehung und erhält im späteren Wiedersehen eine veränderte Bedeutung.","Sie verwendet nicht den Namen ihres Vaters.","Cora nennt ihn Roy, den Namen ihres Ehemanns.","Der Name eines Bruders erklärt die Anrede nicht.","Sie verwechselt Quigley nicht mit einem früheren Arbeitgeber.","Roy gehört zu Coras Vergangenheit, Matthew zu ihrer neuen Begegnung.","mittel","https://en.wikipedia.org/wiki/Quigley_Down_Under|https://catalog.afi.com/Film/58662-QUIGLEY-DOWN-UNDER","redaktionell_quellengeprueft"
"G100-20261008-WESTERN-023-M2","K-G100-20261008-WESTERN-023-M2","","de","Film","Western","Quigley der Australier","Quigley Down Under","1990","","mittel","Filmwissen","Western","Western","Die bedrohte Gemeinschaft wird zuerst zur rettenden Gemeinschaft.","Wer hilft Quigley und Cora (Tom Selleck, Laura San Giacomo) nach ihrer Aussetzung in „Quigley der Australier“?","Eine britische Kavalleriepatrouille","Eine Gruppe europäischer Goldsucher","Eine indigene Gemeinschaft","Eine reisende Missionarsfamilie","C","Indigene Menschen retten die Ausgesetzten.","Matthew Quigley (Tom Selleck) und Cora (Laura San Giacomo) werden ohne ausreichende Versorgung im Outback zurückgelassen. Indigene Menschen finden und versorgen sie. Die Hilfe begründet eine persönliche Verbindung zu der Gemeinschaft, die Marstons Gewalt bedroht. Als Elliott Marstons (Alan Rickman) Männer später angreifen, verteidigt Quigley seine Helfer. Die Beziehung beruht damit auf gegenseitigem Handeln innerhalb der erzählten Filmgeschichte.","Die britische Kavallerie übernimmt diese Rettung nicht.","Europäische Goldsucher retten die Ausgesetzten nicht.","Indigene Menschen finden die beiden und versorgen sie.","Eine Missionarsfamilie ist nicht die helfende Gruppe.","Die bedrohte Gemeinschaft wird zuerst zur rettenden Gemeinschaft.","mittel","https://en.wikipedia.org/wiki/Quigley_Down_Under|https://catalog.afi.com/Film/58662-QUIGLEY-DOWN-UNDER","redaktionell_quellengeprueft"
"G100-20261008-WESTERN-023-S1","K-G100-20261008-WESTERN-023-S1","","de","Film","Western","Quigley der Australier","Quigley Down Under","1990","","schwer","Filmwissen","Western","Western","Diesmal schützt Cora das schreiende Kind, statt es stillzuhalten.","Wie schützt Cora (Laura San Giacomo) in „Quigley der Australier“ das Baby beim Dingoangriff?","Sie trägt es im Tuch an den Tieren vorbei.","Sie bringt es aus der Höhle zum nächsten Hof.","Sie versteckt es und lockt die Tiere weg.","Sie lässt es schreien und schießt auf die Tiere.","D","Cora lässt das Kind schreien und verteidigt es.","Cora (Laura San Giacomo) hat zuvor erzählt, dass sie ihr eigenes Kind beim Versuch, es stillzuhalten, versehentlich erstickte. Mit dem geretteten Baby in der Höhle droht sich die Bewegung zu wiederholen. Sie nimmt jedoch die Hand vom Mund, erlaubt dem Kind zu schreien und wehrt die Dingos bewaffnet ab. Der Film verbindet eine konkrete Rettung mit der Veränderung einer durch Angst geprägten Reaktion.","Ein vorbeischleichender Transport im Tuch ist nicht die gezeigte Lösung.","Sie verlässt die Höhle nicht für diesen Rettungsweg.","Sie versteckt das Baby nicht, um die Tiere von ihm wegzulocken.","Cora nimmt die Hand vom Mund des Kindes und verteidigt es bewaffnet.","Diesmal schützt Cora das schreiende Kind, statt es stillzuhalten.","hoch","https://en.wikipedia.org/wiki/Quigley_Down_Under|https://catalog.afi.com/Film/58662-QUIGLEY-DOWN-UNDER","redaktionell_quellengeprueft"
"G100-20261008-WESTERN-023-S2","K-G100-20261008-WESTERN-023-S2","","de","Film","Western","Quigley der Australier","Quigley Down Under","1990","","schwer","Filmwissen","Western","Western","Quigley braucht den Colt selten, kann ihn aber benutzen.","Welche Fehleinschätzung Marstons (Alan Rickman) widerlegt Quigley (Tom Selleck) im Schlussduell von „Quigley der Australier“?","Dass er mit einem Colt nicht umgehen könne","Dass er nur mit einem Zielfernrohr treffen könne","Dass er mit seiner verletzten Hand nicht schießen könne","Dass er nur im Liegen zielen könne","A","Wenig Verwendung für einen Colt bedeutet keine fehlende Fähigkeit.","Elliott Marston (Alan Rickman) zwingt Matthew Quigley (Tom Selleck) zum Duell mit einem Colt. Er glaubt, der Gewehrspezialist könne diese Waffe nicht beherrschen. Quigley zieht jedoch schneller und erklärt anschließend den Unterschied: Er hatte nur gesagt, wenig Verwendung für einen Colt zu haben. Die Auflösung knüpft an das frühere Gespräch an und macht Marstons selbstsichere Fehlinterpretation zu seinem entscheidenden Nachteil.","Quigley beherrscht den Colt, obwohl er ihn selten braucht.","Das Duell widerlegt nicht ausdrücklich eine Abhängigkeit vom Zielfernrohr.","Eine verletzte Hand bildet nicht die behauptete Einschränkung.","Eine Beschränkung auf liegendes Schießen ist nicht Marstons Irrtum.","Quigley braucht den Colt selten, kann ihn aber benutzen.","hoch","https://en.wikipedia.org/wiki/Quigley_Down_Under|https://catalog.afi.com/Film/58662-QUIGLEY-DOWN-UNDER","redaktionell_quellengeprueft"
"G100-20261008-WESTERN-023-Y","K-G100-20261008-WESTERN-023-Y","","de","Film","Western","Quigley der Australier","Quigley Down Under","1990","","mittel","Filmjahr","Western","Western","1988 Gruber, 1990 Marston: zwei Jahre Abstand.","In welchem Jahr erschien „Quigley der Australier“ erstmals?","1984","1990","1987","1993","B","1988 Stirb langsam, 1990 Quigley: zwei Jahre zwischen Rickmans Gegenspielern.","Alan Rickman spielte 1988 Hans Gruber in „Stirb langsam“. In „Quigley der Australier“ von 1990 verkörpert er Elliott Marston, zwei Jahre später. Die beiden Filme stellen seine Gegenspielerrollen in unterschiedliche Genres und Schauplätze: den besetzten Bürohochhauskomplex und eine australische Ranch. Der Vergleich ist ein konkreter Karriereanker. Er bedeutet weder eine gemeinsame Handlung noch, dass Australiens späterer Kinostart das Erstjahr von Quigley verändert.","1984 liegt sechs Jahre vor dem Film.","AFI bestätigt den Erstjahrgang 1990.","1987 liegt drei Jahre davor.","1993 liegt drei Jahre nach dem Erstjahr.","1988 Gruber, 1990 Marston: zwei Jahre Abstand.","mittel","https://catalog.afi.com/Film/58662-QUIGLEY-DOWN-UNDER|https://catalog.afi.com/Film/55749-DIE-HARD","redaktionell_quellengeprueft"
"G100-20261008-WESTERN-023-D","K-G100-20261008-WESTERN-023-D","","de","Film","Western","Quigley der Australier","Quigley Down Under","1990","","mittel","Regie","Western","Western","Wincer ist Hauptregisseur, Carr zweite Einheit.","Wer führte bei „Quigley der Australier“ Hauptregie?","Bruce Beresford","Geoffrey Wright","Simon Wincer","George Miller","C","Simon Wincer führte Hauptregie.","Simon Wincer inszenierte den Western nach John Hills Drehbuch. Tom Selleck spielt Matthew Quigley, Laura San Giacomo Cora und Alan Rickman Elliott Marston. AFI führt Adrian Carr als Regisseur der zweiten Einheit gesondert auf. Lewis Gilbert gehörte zu einer früheren, später aufgegebenen Projektphase. Der vollständige Hauptcredit der veröffentlichten Fassung bleibt daher Wincer; weder zusätzliche Dreharbeit noch ausgeschiedene Planung ergibt ein Regieteam.","Bruce Beresford inszenierte diesen Film nicht.","Geoffrey Wright trägt hier keinen Hauptregiecredit.","Simon Wincer ist der Hauptregisseur.","George Miller führte bei diesem Western nicht Regie.","Wincer ist Hauptregisseur, Carr zweite Einheit.","mittel","https://catalog.afi.com/Film/58662-QUIGLEY-DOWN-UNDER|https://www.classification.gov.au/titles/quigley-down-under","redaktionell_quellengeprueft"
"G100-20261008-WESTERN-024-L1","K-G100-20261008-WESTERN-024-L1","","de","Film","Western","Gesetzlos – Die Geschichte des Ned Kelly","Ned Kelly","2003","","leicht","Filmwissen","Western","Western","Der Pferdediebstahlsvorwurf steht vor der späteren Bandengeschichte.","Wegen welcher Beschuldigung kommt Ned Kelly (Heath Ledger) zu Beginn von „Gesetzlos – Die Geschichte des Ned Kelly“ ins Gefängnis?","Pferdediebstahl","Bankraub","Brandstiftung","Postkutschenüberfall","A","Die frühe Haft folgt auf den Vorwurf des Pferdediebstahls.","Ned Kelly (Heath Ledger) wird im Film beschuldigt, ein Pferd gestohlen zu haben, und muss ins Gefängnis. Nach seiner Rückkehr arbeitet er auf der Familienfarm, doch weitere Konflikte mit der Polizei folgen. Die Erzählung stellt die frühe Verurteilung als Ausgangspunkt seiner Ausgrenzung dar. Damit wird zunächst eine konkrete Erfahrung der Filmfigur eingeführt, bevor sie sich mit anderen zum bewaffneten Widerstand zusammenschließt.","Kelly wird wegen eines gestohlenen Pferdes verurteilt.","Ein Bankraub ist nicht der frühe Haftgrund.","Eine Brandstiftung begründet diese Verurteilung nicht.","Ein Postkutschenüberfall führt ihn hier nicht ins Gefängnis.","Der Pferdediebstahlsvorwurf steht vor der späteren Bandengeschichte.","mittel","https://en.wikipedia.org/wiki/Ned_Kelly_(2003_film)|https://www.nfsa.gov.au/collection/item/ned-kelly-trouble-coppers","redaktionell_quellengeprueft"
"G100-20261008-WESTERN-024-L2","K-G100-20261008-WESTERN-024-L2","","de","Film","Western","Gesetzlos – Die Geschichte des Ned Kelly","Ned Kelly","2003","","leicht","Filmwissen","Western","Western","Die Metallplatten prägen das Bild des letzten Widerstands.",Womit schützt sich Kellys (Heath Ledger) Gruppe beim letzten großen Schusswechsel in „Gesetzlos – Die Geschichte des Ned Kelly“?,"Mit verstärkten Lederwesten","Mit selbstgebauten Metallrüstungen","Mit erbeuteten Polizeischilden","Mit unter der Kleidung getragenen Kettenhemden","B","Die Gruppe trägt selbstgebaute Metallrüstungen.","Ned Kelly (Heath Ledger) und seine Gefährten treten beim Kampf am Glenrowan Inn in selbstgebauten Metallrüstungen auf. Helme und Platten verändern ihre Silhouetten und sollen Kugeln abhalten. Die Ausrüstung vermittelt im Film Zuversicht gegenüber der großen Polizeimacht, kann die Gruppe jedoch nicht vollständig schützen. NFSA beschreibt die Szene als dramatische Gestaltung und weist auf Abweichungen von Reihenfolge und Umfang der historischen Belagerung hin.","Lederwesten bilden nicht den charakteristischen Schutz.","Die Gruppe verwendet selbstgefertigte Helme und Rüstungsplatten.","Polizeischilde sind nicht ihre Ausrüstung.","Verborgene Kettenhemden werden nicht als Schutz gezeigt.","Die Metallplatten prägen das Bild des letzten Widerstands.","mittel","https://en.wikipedia.org/wiki/Ned_Kelly_(2003_film)|https://www.nfsa.gov.au/collection/item/ned-kelly-siege-glenrowan","redaktionell_quellengeprueft"
"G100-20261008-WESTERN-024-M1","K-G100-20261008-WESTERN-024-M1","","de","Film","Western","Gesetzlos – Die Geschichte des Ned Kelly","Ned Kelly","2003","","mittel","Filmwissen","Western","Western","Das mögliche Alibi kollidiert mit Julias Angst vor den Folgen.","Warum verweigert Julia Cook (Naomi Watts) Kelly (Heath Ledger) in „Gesetzlos – Die Geschichte des Ned Kelly“ das erbetene Alibi?","Sie hat zur fraglichen Zeit tatsächlich einen anderen Mann getroffen.","Sie will die Belohnung für Kellys Festnahme erhalten.","Sie fürchtet gesellschaftliche Ächtung und den Verlust ihrer Kinder.","Sie glaubt, ihr Ehemann werde sonst des Schusses beschuldigt.","C","Julia fürchtet die Folgen eines öffentlich eingestandenen Ehebruchs.","Ned Kelly (Heath Ledger) war im Film bei Julia Cook (Naomi Watts), als Constable Fitzpatrick (Kiri Paramore) verletzt wurde. Julia könnte ihn deshalb entlasten, müsste aber ihre außereheliche Beziehung offenlegen. Sie fürchtet gesellschaftliche Ächtung und den Verlust ihrer Kinder. NFSA erklärt die Romanze ausdrücklich als Erfindung der Romanvorlage. Das Alibi und seine Verweigerung sind daher Teil dieser Filmgestaltung, kein nachgewiesenes Liebesverhältnis des historischen Kelly.","Ein anderer Geliebter widerlegt hier das Alibi nicht.","Die ausgesetzte Belohnung ist nicht ihr Motiv.","Julia will die Folgen eines öffentlich eingestandenen Ehebruchs vermeiden.","Ihr Ehemann soll nicht wegen des Schusses geschützt werden.","Das mögliche Alibi kollidiert mit Julias Angst vor den Folgen.","mittel","https://en.wikipedia.org/wiki/Ned_Kelly_(2003_film)|https://www.nfsa.gov.au/collection/item/ned-kelly-trouble-coppers","redaktionell_quellengeprueft"
"G100-20261008-WESTERN-024-M2","K-G100-20261008-WESTERN-024-M2","","de","Film","Western","Gesetzlos – Die Geschichte des Ned Kelly","Ned Kelly","2003","","mittel","Filmwissen","Western","Western","Die verbrannten Schuldpapiere machen aus dem Raub eine filmische Entlastungsgeste.","Was tut die Bande in „Gesetzlos – Die Geschichte des Ned Kelly“ mit Schuldunterlagen bei ihren Banküberfällen?","Sie behält sie als Druckmittel gegen die Schuldner.","Sie übergibt sie den örtlichen Polizeibeamten.","Sie ersetzt sie durch höhere Schuldforderungen.","Sie verbrennt Hypothekenunterlagen.","D","Die Bande vernichtet Hypothekenunterlagen.","Die Bande um Ned Kelly (Heath Ledger) raubt im Film Banken aus und verbrennt Hypothekenunterlagen. Damit verbindet die Erzählung den Raub mit einer Entlastung verschuldeter Menschen. Zusammen mit der Verteilung eines Teils des Geldes trägt die Handlung zur Darstellung als Volkshelden bei. Die Frage betrifft den gezeigten Umgang mit den Papieren; die filmische Sympathielenkung wird nicht als vollständiges historisches Urteil über die Bande ausgegeben.","Sie bewahrt sie nicht zur Erpressung der Schuldner auf.","Eine Übergabe an die Polizei ist nicht ihr Vorgehen.","Höhere neue Forderungen erstellt sie nicht.","Die Bande verbrennt Unterlagen über Hypothekenschulden.","Die verbrannten Schuldpapiere machen aus dem Raub eine filmische Entlastungsgeste.","mittel","https://en.wikipedia.org/wiki/Ned_Kelly_(2003_film)","redaktionell_quellengeprueft"
"G100-20261008-WESTERN-024-S1","K-G100-20261008-WESTERN-024-S1","","de","Film","Western","Gesetzlos – Die Geschichte des Ned Kelly","Ned Kelly","2003","","schwer","Filmwissen","Western","Western","Die Polizei folgt der falschen Information und bestätigt den Verdacht.","Wie prüft Kellys Bande in „Gesetzlos – Die Geschichte des Ned Kelly“ den Verdacht gegen Aaron Sherritt (Joel Edgerton)?","Sie nennt ihm einen erfundenen nächsten Überfall und beobachtet die Polizei.","Sie lässt ihn einen falschen Steckbrief an die Zeitung geben.","Sie versteckt gestohlenes Geld in seinem Haus und wartet ab.","Sie bittet ihn, einen Gefangenen aus der Polizeiwache zu befreien.","A","Eine falsche Überfallinformation entlarvt den Informanten.","Aaron Sherritt (Joel Edgerton) gibt Informationen an die Polizei weiter. Die Bande um Ned Kelly (Heath Ledger) und Joe Byrne (Orlando Bloom) prüft ihren Verdacht, indem sie ihm einen erfundenen nächsten Überfall nennt. Als Polizisten zu dem genannten Ziel aufbrechen, bestätigt sich der Informationsfluss. Die Falle verwendet Wissen statt eines direkten Geständnisses und leitet im Film eine tödliche Konsequenz für Aarons Verrat ein.","Die Polizei erscheint am mitgeteilten falschen Ziel und verrät so den Informationsfluss.","Ein falscher Steckbrief ist nicht die Probe.","Verstecktes Geld in seinem Haus dient nicht als Test.","Eine verlangte Gefangenenbefreiung prüft seine Loyalität nicht.","Die Polizei folgt der falschen Information und bestätigt den Verdacht.","hoch","https://en.wikipedia.org/wiki/Ned_Kelly_(2003_film)","redaktionell_quellengeprueft"
"G100-20261008-WESTERN-024-S2","K-G100-20261008-WESTERN-024-S2","","de","Film","Western","Gesetzlos – Die Geschichte des Ned Kelly","Ned Kelly","2003","","schwer","Filmwissen","Western","Western","Die Warnung des Lehrers verhindert die geplante Zugfalle.","Was verhindert in „Gesetzlos – Die Geschichte des Ned Kelly“ die geplante Entgleisung des Polizeizugs vor Glenrowan?","Ein Bahnarbeiter repariert heimlich die Schienen.","Ein Lehrer warnt den Zug.","Ein Sturm zwingt den Zug auf eine andere Strecke.","Die Polizei entdeckt eine verräterische Sprengstoffkiste.","B","Ein Lehrer warnt den Zug vor der sabotierten Strecke.","Ned Kelly (Heath Ledger) plant, den Zug mit den herannahenden Polizeikräften durch sabotierte Gleise entgleisen zu lassen. Ein örtlicher Lehrer warnt den Zug und verhindert den Plan. Die Polizei erreicht Glenrowan trotzdem, und die Lage geht in die Belagerung des Gasthauses über. NFSA beschreibt diese Handlungsfolge, unterscheidet aber ausdrücklich die filmische Verdichtung von der historischen Reihenfolge und Zahl der Beteiligten.","Eine heimliche Reparatur ist nicht die genannte Rettung.","Ein örtlicher Lehrer warnt den herannahenden Zug.","Ein Sturm leitet den Zug nicht um.","Eine entdeckte Sprengstoffkiste verhindert den Plan nicht.","Die Warnung des Lehrers verhindert die geplante Zugfalle.","hoch","https://www.nfsa.gov.au/collection/item/ned-kelly-trouble-coppers|https://www.nfsa.gov.au/collection/item/ned-kelly-siege-glenrowan","redaktionell_quellengeprueft"
"G100-20261008-WESTERN-024-Y","K-G100-20261008-WESTERN-024-Y","","de","Film","Western","Gesetzlos – Die Geschichte des Ned Kelly","Ned Kelly","2003","","mittel","Filmjahr","Western","Western","1991 Romanvorlage, 2003 Film: zwölf Jahre Abstand.","In welchem Jahr erschien „Gesetzlos – Die Geschichte des Ned Kelly“ erstmals?","1997","2000","2003","2006","C","1991 Our Sunshine, 2003 Ned Kelly: zwölf Jahre.","Robert Drewes Roman „Our Sunshine“ erschien 1991. „Gesetzlos – Die Geschichte des Ned Kelly“ folgte 2003, zwölf Jahre später, als Verfilmung mit Heath Ledger. NFSA nennt die Vorlage und ordnet auch deren erfundene romantische Nebenhandlung ein. Der Vergleich verbindet zwei konkrete Bearbeitungen der Kelly-Erzählung. Die filmischen Ereignisse und ihre Reihenfolge werden deshalb als Gestaltung einer Adaption verstanden, nicht als unveränderte historische Überlieferung.","1997 liegt sechs Jahre vor dem Film.","2000 liegt drei Jahre davor.","NFSA belegt den australischen Filmstart 2003.","2006 liegt drei Jahre nach dem Erstjahr.","1991 Romanvorlage, 2003 Film: zwölf Jahre Abstand.","mittel","https://www.nfsa.gov.au/collection/item/ned-kelly-trouble-coppers|https://www.screenaustralia.gov.au/screen-guide/ned-kelly-17579/","redaktionell_quellengeprueft"
"G100-20261008-WESTERN-024-D","K-G100-20261008-WESTERN-024-D","","de","Film","Western","Gesetzlos – Die Geschichte des Ned Kelly","Ned Kelly","2003","","mittel","Regie","Western","Western","Jordan inszeniert McDonaghs Adaption von Drewe.","Wer führte bei „Gesetzlos – Die Geschichte des Ned Kelly“ Hauptregie?","John Hillcoat","Rolf de Heer","Justin Kurzel","Gregor Jordan","D","Gregor Jordan führte Regie.","Gregor Jordan inszenierte die Verfilmung mit Heath Ledger als Ned Kelly und Orlando Bloom als Joe Byrne. John Michael McDonagh schrieb das Drehbuch nach Robert Drewes Roman „Our Sunshine“. NFSA und Screen Australia trennen diese Credits klar. Andere filmische Kelly-Erzählungen gehören zu eigenen Fassungen mit anderen Hauptdarstellern und Regisseuren; sie werden nicht zum Hauptregieteam dieses Kinofilms oder zu dessen Veröffentlichungsjahr gerechnet.","John Hillcoat ist nicht der Regisseur dieses Kelly-Films.","Rolf de Heer trägt hier keinen Hauptregiecredit.","Justin Kurzel inszenierte eine andere spätere Kelly-Adaption, nicht diesen Film.","NFSA und Screen Australia nennen Gregor Jordan.","Jordan inszeniert McDonaghs Adaption von Drewe.","mittel","https://www.nfsa.gov.au/collection/item/ned-kelly-trouble-coppers|https://www.screenaustralia.gov.au/screen-guide/ned-kelly-17579/","redaktionell_quellengeprueft"
