"question_id","knowledge_id","variant_of","language","domain","subdomain","film_title_de","film_title_original","film_year","franchise","difficulty","question_type","topic_tags","badge_tags","learning_objective","question","answer_a","answer_b","answer_c","answer_d","correct_answer","explanation_short","explanation_context","feedback_a","feedback_b","feedback_c","feedback_d","memory_anchor","spoiler_level","source_urls","verification_status"
"G100-20261008-FANTASY-001-L1","K-G100-20261008-FANTASY-001-L1","","de","Film","Fantasy","Es war einmal","La Belle et la Bête","1946","","leicht","Filmwissen","Fantasy","Fantasy","Die bescheidene Rose hat große Folgen.","Welches Reisegeschenk wünscht sich Belle (Josette Day) in „Es war einmal“?","Eine Perlenkette","Eine Rose","Einen Singvogel","Ein Seidentuch","B","Belle wünscht sich eine Rose.","Belle (Josette Day) verlangt im Gegensatz zu ihren Schwestern ein bescheidenes Geschenk. Doch gerade diese kleine Bitte wird folgenreich: Ihr Vater (Marcel André) pflückt im fremden Schlossgarten eine Rose und zieht damit den Zorn des Biests (Jean Marais) auf sich. Der Film macht aus einem scheinbar harmlosen Familienwunsch den Auslöser einer gefährlichen Begegnung.","Eine Perlenkette gehört nicht zu Belles Wunsch.","Belle erbittet nur eine Rose.","Belle wünscht sich keinen Singvogel.","Ein Seidentuch ist nicht das erbetene Geschenk.","Die bescheidene Rose hat große Folgen.","mittel","https://en.wikipedia.org/wiki/Beauty_and_the_Beast_(1946_film)","redaktionell_quellengeprueft"
"G100-20261008-FANTASY-001-L2","K-G100-20261008-FANTASY-001-L2","","de","Film","Fantasy","Es war einmal","La Belle et la Bête","1946","","leicht","Filmwissen","Fantasy","Fantasy","Eine wiederkehrende Frage am Tisch.","Welche Bitte richtet das Biest (Jean Marais) beim Abendessen wiederholt an Belle (Josette Day) in „Es war einmal“?","Sie möge seinen Schatz bewachen.","Sie möge seinen Namen erraten.","Sie möge ihn heiraten.","Sie möge ihren Vater herholen.","C","Das Biest bittet Belle um Heirat.","Belle (Josette Day) begegnet dem Biest (Jean Marais) nicht nur als Gefangene einer Drohung. Bei den Mahlzeiten stellt es ihr immer wieder dieselbe Heiratsfrage, die sie zunächst ablehnt. Ihre Antwort wird nicht durch einen Befehl ersetzt. So bekommen die wiederholten Abendessen eine eigene Spannung: Zwischen äußerem Schrecken, höflicher Zuwendung und wachsendem Vertrauen verändert sich ihre Beziehung.","Die Bewachung des Schatzes ist nicht seine wiederkehrende Bitte.","Ein Namenrätsel gehört nicht zu diesen Abendessen.","Das Biest bittet Belle wiederholt um ihre Hand.","Die Bitte betrifft ihre Heirat, keinen Besuch des Vaters.","Eine wiederkehrende Frage am Tisch.","mittel","https://en.wikipedia.org/wiki/Beauty_and_the_Beast_(1946_film)","redaktionell_quellengeprueft"
"G100-20261008-FANTASY-001-M1","K-G100-20261008-FANTASY-001-M1","","de","Film","Fantasy","Es war einmal","La Belle et la Bête","1946","","mittel","Filmwissen","Fantasy","Fantasy","Der Handschuh reist, der Spiegel zeigt.","Wodurch gelangt Belle (Josette Day) in „Es war einmal“ unmittelbar vom Schloss ins Elternhaus?","Durch einen goldenen Schlüssel","Durch einen verzauberten Spiegel","Durch eine silberne Halskette","Durch einen magischen Handschuh","D","Ein magischer Handschuh versetzt Belle ins Elternhaus.","Das Biest (Jean Marais) überlässt Belle (Josette Day) mehrere kostbare Dinge, deren Funktionen verschieden sind. Der Spiegel zeigt ihr den kranken Vater (Marcel André), während der Handschuh die unmittelbare Reise zu ihm ermöglicht. Der Schlüssel öffnet dagegen den Schatzpavillon. Diese Trennung ist wichtig: Sehen, Reisen und Zutritt werden durch unterschiedliche Zaubermittel ermöglicht, die später nicht alle in sicheren Händen bleiben.","Der Schlüssel gehört zum Pavillon, nicht zum Ortswechsel.","Der Spiegel zeigt Entferntes; für die Reise nutzt sie den Handschuh.","Eine silberne Halskette transportiert sie nicht.","Der Handschuh ermöglicht den unmittelbaren Ortswechsel.","Der Handschuh reist, der Spiegel zeigt.","mittel","https://en.wikipedia.org/wiki/Beauty_and_the_Beast_(1946_film)","redaktionell_quellengeprueft"
"G100-20261008-FANTASY-001-M2","K-G100-20261008-FANTASY-001-M2","","de","Film","Fantasy","Es war einmal","La Belle et la Bête","1946","","mittel","Filmwissen","Fantasy","Fantasy","Falsche Herzlichkeit verlängert die Woche.","Wie verzögern Belles (Josette Day) Schwestern in „Es war einmal“ ihre vereinbarte Rückkehr zum Biest (Jean Marais)?","Sie täuschen besonders herzliche Zuneigung vor.","Sie drohen, den Vater allein zu lassen.","Sie versprechen Belle (Josette Day) einen Anteil am Familienbesitz.","Sie behaupten, der Vater liege erneut im Sterben.","A","Vorgespielte Zuneigung hält Belle länger zu Hause.","Belle (Josette Day) darf nur für eine Woche zu ihrer Familie zurückkehren. Félicie (Mila Parély) und Adélaïde (Nane Germon) beneiden jedoch ihr neues Leben und spielen ihr größere Herzlichkeit vor, als sie empfinden. Belle lässt sich dadurch zum längeren Bleiben bewegen. Die Verzögerung gefährdet das Biest (Jean Marais), während die scheinbare familiäre Nähe einen eigennützigen Plan verdeckt.","Vorgespielte Zuneigung bewegt Belle zum längeren Bleiben.","Eine Drohung, den Vater zu verlassen, ist nicht ihr Mittel.","Ein versprochener Besitzanteil hält Belle nicht zurück.","Sie täuschen Zuneigung vor, keinen erneuten Sterbezustand des Vaters.","Falsche Herzlichkeit verlängert die Woche.","mittel","https://en.wikipedia.org/wiki/Beauty_and_the_Beast_(1946_film)","redaktionell_quellengeprueft"
"G100-20261008-FANTASY-001-S1","K-G100-20261008-FANTASY-001-S1","","de","Film","Fantasy","Es war einmal","La Belle et la Bête","1946","","schwer","Filmwissen","Fantasy","Fantasy","Diana bewacht den Pavillon.","Was trifft Avenant (Jean Marais) beim Einbruch in den Schatzpavillon in „Es war einmal“?","Ein Hieb einer lebendig gewordenen Ritterrüstung","Ein Pfeil der lebendig gewordenen Diana-Statue","Ein Feuerstoß aus einem steinernen Drachen","Ein Schlag einer verborgenen Falltür","B","Die Diana-Statue erschießt Avenant mit einem Pfeil.","Avenant (Jean Marais) und Ludovic (Michel Auclair) wollen den Schatz des Biests (ebenfalls Jean Marais) an sich bringen. Aus Misstrauen gegenüber dem Schlüssel dringen sie über das Glasdach ein. Doch der Pavillon hat einen eigenen Schutz: Die Statue der Diana wird lebendig und trifft Avenant mit einem Pfeil. Zugleich verschiebt das Finale die monströse Gestalt zwischen den von Marais gespielten Figuren.","Eine Ritterrüstung führt den Angriff nicht aus.","Die Diana-Statue erwacht und schießt auf Avenant.","Ein steinerner Drache ist nicht die Wächterfigur.","Avenant wird nicht durch einen Falltürschlag getroffen.","Diana bewacht den Pavillon.","hoch","https://en.wikipedia.org/wiki/Beauty_and_the_Beast_(1946_film)|https://www.criterion.com/current/posts/1928-beauty-and-the-beast-dark-magic","redaktionell_quellengeprueft"
"G100-20261008-FANTASY-001-S2","K-G100-20261008-FANTASY-001-S2","","de","Film","Fantasy","Es war einmal","La Belle et la Bête","1946","","schwer","Filmwissen","Fantasy","Fantasy","Ausblasen rückwärts wird Entzünden.","Wie wurden die sich scheinbar selbst entzündenden Kerzen in „Es war einmal“ filmisch erzeugt?","Durch Einzelbildaufnahmen kleiner Flammenmodelle","Durch optische Mehrfachbelichtung","Durch rückwärts abgespieltes Ausblasen","Durch elektrisch gezündete Dochte","C","Rückwärts laufendes Ausblasen erzeugt das Entzünden.","Die scheinbar selbst entzündeten Kerzen gehören zur belebten Architektur des Schlosses. Geoffrey O’Brien erläutert im Criterion-Essay das einfache Aufnahmeprinzip: Ausgeblasene Kerzen werden rückwärts gezeigt und scheinen dadurch von selbst aufzuleuchten. René Clément war an dieser Passage beteiligt. Der Zauber entsteht somit aus einer Umkehr gewöhnlicher Bewegung, die im fertigen Bild wie eine selbständige Handlung der Dinge wirkt.","Flammenmodelle in Einzelbildaufnahme erklären diesen Trick nicht.","Die Passage beruht nicht auf einer Flammen-Mehrfachbelichtung.","Rückwärts laufendes Ausblasen lässt die Kerzen aufleuchten.","Elektrische Zünder sind nicht das belegte Verfahren.","Ausblasen rückwärts wird Entzünden.","mittel","https://www.criterion.com/current/posts/1928-beauty-and-the-beast-dark-magic","redaktionell_quellengeprueft"
"G100-20261008-FANTASY-001-Y","K-G100-20261008-FANTASY-001-Y","","de","Film","Fantasy","Es war einmal","La Belle et la Bête","1946","","mittel","Filmjahr","Fantasy","Fantasy","Märchen 1946, Orpheus 1950: vier Jahre.","In welchem Jahr wurde „Es war einmal“ mit Josette Day erstmals veröffentlicht?","1942","1950","1954","1946","D","Die erste Veröffentlichung war 1946.","Es war einmal erschien 1946; Jean Cocteaus Orpheus folgte 1950, vier Jahre später. Beide Filme verbinden vertraute Erzählstoffe mit einer eigens erfundenen Bildwelt, setzen aber unterschiedliche Schauplätze ein. Hier bestimmen das Schloss und seine belebten Gegenstände das Märchen. Im späteren Film geraten moderne Straßen, Autos und Spiegel in eine Geschichte zwischen Alltag und Jenseits.","1942 liegt vier Jahre vor dem Film.","1950 gehört zu Cocteaus Orpheus, nicht zu diesem Film.","1954 ist acht Jahre zu spät.","Cocteaus Film erschien 1946.","Märchen 1946, Orpheus 1950: vier Jahre.","mittel","https://www.criterion.com/films/177-beauty-and-the-beast|https://www.criterion.com/films/610-orpheus|https://en.wikipedia.org/wiki/Beauty_and_the_Beast_(1946_film)","redaktionell_quellengeprueft"
"G100-20261008-FANTASY-001-D","K-G100-20261008-FANTASY-001-D","","de","Film","Fantasy","Es war einmal","La Belle et la Bête","1946","","mittel","Regie","Fantasy","Fantasy","Cocteau als Regisseur, Clément als Berater.","Wer ist für die Hauptregie von „Es war einmal“ mit Josette Day offiziell genannt?","Jean Cocteau","Marcel Carné","Jean Renoir","Jacques Feyder","A","Jean Cocteau führte die Hauptregie.","Criterion führt Jean Cocteau als Regisseur dieser französischen Märchenfassung. René Clément ist als technischer Berater genannt und wirkte bei konkreten Aufnahmen praktisch mit. Diese Beiträge sind auseinanderzuhalten, ohne den Berater zum zweiten offiziellen Hauptregisseur zu machen. Die Inszenierung verwandelt das Schloss mit bewegten Händen, Gesichtern und Leuchtern in einen Raum, dessen Gegenstände selbst auf die Besucher reagieren.","Jean Cocteau trägt den Hauptregiecredit.","Marcel Carné führte bei diesem Film nicht Regie.","Jean Renoir ist nicht der Hauptregisseur dieser Fassung.","Jacques Feyder ist nicht der gesuchte Regisseur.","Cocteau als Regisseur, Clément als Berater.","mittel","https://www.criterion.com/films/177-beauty-and-the-beast|https://www.criterion.com/current/posts/1928-beauty-and-the-beast-dark-magic|https://en.wikipedia.org/wiki/Beauty_and_the_Beast_(1946_film)","redaktionell_quellengeprueft"
"G100-20261008-FANTASY-002-L1","K-G100-20261008-FANTASY-002-L1","","de","Film","Fantasy","Orpheus","Orphée","1950","","leicht","Filmwissen","Fantasy","Fantasy","Der antike Name gehört einem modernen Dichter.","Welchen Beruf hat Orpheus (Jean Marais) in „Orpheus“?","Maler","Komponist","Dichter","Schauspieler","C","Orpheus ist ein Dichter.","Orpheus (Jean Marais) gehört zur literarischen Öffentlichkeit des modernen Frankreichs. Schon der Besuch im Café der Dichter verbindet den antiken Namen mit einem gegenwärtigen Milieu. Seine späteren Erfahrungen betreffen daher nicht nur Liebe und Tod, sondern auch die Suche nach dichterischer Sprache. Der Film verschiebt die bekannte Unterweltreise in eine Welt mit Autos, Polizei und konkurrierenden jungen Autoren.","Er ist hier kein Maler.","Der moderne Titelheld arbeitet nicht als Komponist.","Orpheus ist ein berühmter Dichter.","Schauspieler ist nicht sein Beruf in der Handlung.","Der antike Name gehört einem modernen Dichter.","mittel","https://en.wikipedia.org/wiki/Orpheus_(film)","redaktionell_quellengeprueft"
"G100-20261008-FANTASY-002-L2","K-G100-20261008-FANTASY-002-L2","","de","Film","Fantasy","Orpheus","Orphée","1950","","leicht","Filmwissen","Fantasy","Fantasy","Eine Todesfigur wird zur begehrten Frau.","Was verkörpert die geheimnisvolle Prinzessin (María Casares) in „Orpheus“?","Die Hüterin seiner Erinnerungen","Die Herrscherin seiner Träume","Die Verkörperung seiner Poesie","Orpheus’ (Jean Marais) Tod","D","Die Prinzessin ist eine Gestalt von Orpheus’ Tod.","Die Prinzessin (María Casares) tritt zunächst als rätselhafte Frau mit Chauffeur und Begleitern auf. Ihre eigentliche Funktion ist jedoch Orpheus’ (Jean Marais) Tod. Dass er sich zu ihr hingezogen fühlt, macht die Unterweltreise komplizierter als eine reine Rettungsmission. Im Criterion-Essay erläutert Mark Polizzotti diese Verbindung von Todesfigur und Begehren als Kern der besonderen Liebeskonstellation des Films.","Sie ist keine bloße Hüterin seiner Erinnerungen.","Ihre Funktion ist die Todesgestalt, nicht nur eine Herrschaft über Träume.","Eine reine Verkörperung seiner Poesie erklärt ihre Rolle nicht.","Die Prinzessin verkörpert Orpheus’ Tod.","Eine Todesfigur wird zur begehrten Frau.","hoch","https://en.wikipedia.org/wiki/Orpheus_(film)|https://www.criterion.com/current/posts/1971-orpheus-through-a-glass-amorously","redaktionell_quellengeprueft"
"G100-20261008-FANTASY-002-M1","K-G100-20261008-FANTASY-002-M1","","de","Film","Fantasy","Orpheus","Orphée","1950","","mittel","Filmwissen","Fantasy","Fantasy","Das Radio verdrängt das Gespräch zu Hause.","Was fesselt Orpheus (Jean Marais) in „Orpheus“ an dem abgestellten Rolls-Royce?","Rätselhafte Dichtungen aus dem Autoradio","Verborgene Manuskripte im Handschuhfach","Ein Notizbuch des Chauffeurs","Eine wiederkehrende Nachricht auf der Scheibe","A","Das Autoradio sendet rätselhafte Dichtungen.","Orpheus (Jean Marais) lässt den Wagen in seiner Garage stehen und verbringt immer mehr Zeit beim Radio. Die ausgestrahlten Sätze erscheinen ihm als Zugang zu einer besonderen dichterischen Sprache. Während Eurydice (Marie Déa) versucht, ihn an ihrem Leben teilhaben zu lassen, zieht er sich in dieses Hören zurück. Eine alltägliche technische Einrichtung wird so zum Medium zwischen Kunst, Geheimnis und Vernachlässigung.","Orpheus hört besessen die rätselhaften Radiosendungen.","Versteckte Manuskripte sind nicht die Quelle seiner Obsession.","Das Notizbuch des Chauffeurs steht nicht im Mittelpunkt.","Eine Nachricht auf der Scheibe fesselt ihn nicht auf diese Weise.","Das Radio verdrängt das Gespräch zu Hause.","mittel","https://en.wikipedia.org/wiki/Orpheus_(film)|https://www.criterion.com/current/posts/1971-orpheus-through-a-glass-amorously","redaktionell_quellengeprueft"
"G100-20261008-FANTASY-002-M2","K-G100-20261008-FANTASY-002-M2","","de","Film","Fantasy","Orpheus","Orphée","1950","","mittel","Filmwissen","Fantasy","Fantasy","Der Spiegel reflektiert nicht nur: Er öffnet sich.","Welche Grenze durchschreitet Orpheus (Jean Marais) mit besonderen Handschuhen in „Orpheus“?","Eine geschlossene Garagentür","Die Oberfläche eines Spiegels","Den Strahl eines Scheinwerfers","Eine Wand aus Wasser","B","Der Spiegel wird zum Durchgang.","Heurtebise (François Périer) führt Orpheus (Jean Marais) auf den Weg ins Jenseits. Dazu legt der Dichter besondere Handschuhe an und tritt durch einen Spiegel. Ein Gegenstand, der normalerweise nur das eigene Bild zurückwirft, wird damit zum begehbaren Übergang. Dahinter liegt die Zone, deren Ruinen und unklare Bewohner die Reise räumlich erfahrbar machen, ohne die Regeln der anderen Welt vollständig zu erklären.","Eine Garagentür ist nicht der Übergang ins Jenseits.","Mit den Handschuhen durchschreitet er den Spiegel.","Ein Scheinwerferstrahl bildet nicht diese Grenze.","Die Grenze erscheint als Spiegel, nicht als Wasserwand.","Der Spiegel reflektiert nicht nur: Er öffnet sich.","mittel","https://en.wikipedia.org/wiki/Orpheus_(film)|https://www.criterion.com/current/posts/1971-orpheus-through-a-glass-amorously","redaktionell_quellengeprueft"
"G100-20261008-FANTASY-002-S1","K-G100-20261008-FANTASY-002-S1","","de","Film","Fantasy","Orpheus","Orphée","1950","","schwer","Filmwissen","Fantasy","Fantasy","Der Rückspiegel verletzt das Blickverbot.","Welcher unbeabsichtigte Blick lässt Eurydice (Marie Déa) in „Orpheus“ erneut verschwinden?","Ein Blick durch die Windschutzscheibe","Ein Blick auf ein Foto","Ein Blick in den Rückspiegel","Ein Blick in das Caféfenster","C","Der Rückspiegel macht das Blickverbot zur Falle.","Orpheus (Jean Marais) darf Eurydice (Marie Déa) nach ihrer Rückkehr nicht ansehen. Diese Bedingung wird in der modernen Alltagswelt besonders schwer einzuhalten. Als sie hinten im Wagen sitzt, fällt sein Blick unbeabsichtigt in den Rückspiegel, und sie verschwindet erneut. Cocteau ersetzt die direkte Wendung des antiken Helden durch einen technisch vermittelten Blick, der dieselbe unerbittliche Folge hat.","Die Windschutzscheibe ist nicht die entscheidende Blickfläche.","Ein Foto löst ihr erneutes Verschwinden nicht aus.","Orpheus sieht Eurydice im Rückspiegel und verliert sie erneut.","Das Caféfenster ist nicht der Ort dieses verbotenen Blicks.","Der Rückspiegel verletzt das Blickverbot.","hoch","https://en.wikipedia.org/wiki/Orpheus_(film)","redaktionell_quellengeprueft"
"G100-20261008-FANTASY-002-S2","K-G100-20261008-FANTASY-002-S2","","de","Film","Fantasy","Orpheus","Orphée","1950","","schwer","Filmwissen","Fantasy","Fantasy","Ein Neubeginn ohne Wissen um das Opfer.","In welchem Zustand kehren Orpheus (Jean Marais) und Eurydice (Marie Déa) am Ende von „Orpheus“ ins Leben zurück?","Mit Erinnerung nur an die Unterwelt","Ohne die Fähigkeit, einander zu sehen","Mit vertauschten Erinnerungen","Ohne Erinnerung an das Geschehen","D","Die Rückkehr löscht ihre Erinnerung an das Geschehen.","Die Prinzessin (María Casares) verzichtet auf Orpheus (Jean Marais) und nimmt das drohende Urteil auf sich. Er und Eurydice (Marie Déa) erhalten ihr gemeinsames Leben zurück, ohne sich an die Ereignisse zu erinnern. Ihre Rettung ist damit kein bewusster Triumph über die andere Welt. Der Neubeginn beruht auf einem Opfer, dessen Bedeutung die Geretteten selbst nicht mehr kennen.","Eine isolierte Erinnerung an die Unterwelt bleibt ihnen nicht.","Das frühere Blickverbot ist nicht ihr endgültiger Lebenszustand.","Der Film erzählt keinen Austausch ihrer Erinnerungen.","Sie kehren ohne Erinnerung an die Ereignisse zurück.","Ein Neubeginn ohne Wissen um das Opfer.","hoch","https://en.wikipedia.org/wiki/Orpheus_(film)|https://www.criterion.com/current/posts/1971-orpheus-through-a-glass-amorously","redaktionell_quellengeprueft"
"G100-20261008-FANTASY-002-Y","K-G100-20261008-FANTASY-002-Y","","de","Film","Fantasy","Orpheus","Orphée","1950","","mittel","Filmjahr","Fantasy","Fantasy","Bühnenstück 1926, Film 1950: 24 Jahre.","In welchem Jahr wurde „Orpheus“ mit Jean Marais erstmals veröffentlicht?","1950","1946","1954","1958","A","Der Film wurde 1950 erstmals veröffentlicht.","Jean Cocteau hatte den Orpheus-Stoff bereits 1926 für das Theater bearbeitet. Der Film folgte 1950, also 24 Jahre später. Mark Polizzotti erläutert diesen Vorlauf im Criterion-Essay. Die spätere Bearbeitung nutzt die Möglichkeiten des Kinos für Übergänge, Rückwärtsbewegung und moderne Alltagsgegenstände. Ein früherer Bühnenstoff wird dadurch nicht einfach abgefilmt, sondern mit anderen Mitteln erneut erfunden.","Orpheus erschien 1950.","1946 ist das Jahr von Cocteaus Es war einmal.","1954 liegt vier Jahre nach der Veröffentlichung.","1958 ist acht Jahre zu spät.","Bühnenstück 1926, Film 1950: 24 Jahre.","mittel","https://www.criterion.com/films/610-orpheus|https://www.criterion.com/current/posts/1971-orpheus-through-a-glass-amorously","redaktionell_quellengeprueft"
"G100-20261008-FANTASY-002-D","K-G100-20261008-FANTASY-002-D","","de","Film","Fantasy","Orpheus","Orphée","1950","","mittel","Regie","Fantasy","Fantasy","Cocteaus Mythos lebt zwischen Garage und Jenseits.","Wer führte bei „Orpheus“ mit Jean Marais die Hauptregie?","Robert Bresson","Jean Cocteau","Jean Delannoy","Marcel Carné","B","Jean Cocteau führte die Hauptregie.","Jean Cocteau verbindet in seiner Inszenierung eine antike Unterweltgeschichte mit dem Frankreich seiner Gegenwart. Orpheus (Jean Marais) bewegt sich zwischen Café, Garage und einer Zone aus Ruinen. Der Wechsel der Räume hält die Grenze zwischen Alltag und Todeswelt zugleich sichtbar und unsicher. Die offiziell belegte Regie gehört damit zu einer Gestaltung, die den Mythos durch konkrete filmische Übergänge erneuert.","Robert Bresson inszenierte diesen Film nicht.","Jean Cocteau ist der Hauptregisseur.","Jean Delannoy ist nicht der gesuchte Regisseur.","Marcel Carné führte hier nicht Regie.","Cocteaus Mythos lebt zwischen Garage und Jenseits.","mittel","https://www.criterion.com/films/610-orpheus|https://en.wikipedia.org/wiki/Orpheus_(film)|https://www.criterion.com/current/posts/1971-orpheus-through-a-glass-amorously","redaktionell_quellengeprueft"
"G100-20261008-FANTASY-003-L1","K-G100-20261008-FANTASY-003-L1","","de","Film","Fantasy","Der Dieb von Bagdad","The Thief of Bagdad","1940","","leicht","Filmwissen","Fantasy","Fantasy","Hinter dem Bettler steckt der entmachtete König.","Welche Stellung hatte Ahmad (John Justin) vor seiner Gefangenschaft in „Der Dieb von Bagdad“?","Kaufmann aus Basra","Hauptmann der Palastwache","Gesandter eines Nachbarreichs","König von Bagdad","D","Ahmad ist der entmachtete König von Bagdad.","Ahmad (John Justin) erscheint zunächst als blinder Bettler, erzählt aber eine andere Vergangenheit. Als König wollte er sein Volk aus der Nähe kennenlernen. Sein Wesir Jaffar (Conrad Veidt) nutzte den verkleideten Ausflug, um ihn verhaften zu lassen und selbst die Macht zu übernehmen. Die Rückblende trennt damit den sichtbaren Zustand des Erzählers von der politischen Stellung, die er verloren hat.","Er war nicht als Kaufmann aus Basra tätig.","Die Palastwache war nicht seine frühere Stellung.","Ein fremder Gesandter ist er nicht.","Ahmad ist der verdrängte König von Bagdad.","Hinter dem Bettler steckt der entmachtete König.","mittel","https://en.wikipedia.org/wiki/The_Thief_of_Bagdad_(1940_film)|https://catalog.afi.com/Film/5036-THE-THIEF-OF-BAGDAD","redaktionell_quellengeprueft"
"G100-20261008-FANTASY-003-L2","K-G100-20261008-FANTASY-003-L2","","de","Film","Fantasy","Der Dieb von Bagdad","The Thief of Bagdad","1940","","leicht","Filmwissen","Fantasy","Fantasy","Der Hund ist der verwandelte Abu.","Welche Gestalt erhält Abu (Sabu) durch Jaffars (Conrad Veidt) Zauber in „Der Dieb von Bagdad“?","Die eines Hundes","Die eines Affen","Die eines Falken","Die einer Katze","A","Abu wird in einen Hund verwandelt.","Jaffar (Conrad Veidt) trennt die Freunde nicht einfach durch Gefangenschaft: Ahmad (John Justin) wird blind, Abu (Sabu) erhält die Gestalt eines Hundes. Die Folgen der Machtübernahme sind dadurch auch körperlich sichtbar. Wenn der blinde Erzähler mit seinem Hund auftritt, hat diese scheinbar gewöhnliche Begleitung bereits eine verborgene Vorgeschichte. Erst später werden die beiden Zauber wieder aufgehoben.","Jaffar verwandelt Abu in einen Hund.","Ein Affe ist nicht Abus verwandelte Gestalt.","Abu wird durch diesen Zauber nicht zum Falken.","Eine Katze ist nicht die gesuchte Tiergestalt.","Der Hund ist der verwandelte Abu.","mittel","https://en.wikipedia.org/wiki/The_Thief_of_Bagdad_(1940_film)|https://catalog.afi.com/Film/5036-THE-THIEF-OF-BAGDAD","redaktionell_quellengeprueft"
"G100-20261008-FANTASY-003-M1","K-G100-20261008-FANTASY-003-M1","","de","Film","Fantasy","Der Dieb von Bagdad","The Thief of Bagdad","1940","","mittel","Filmwissen","Fantasy","Fantasy","Das Wunderpferd kauft die Zustimmung des Sultans.","Was bietet Jaffar (Conrad Veidt) dem Sultan (Miles Malleson) in „Der Dieb von Bagdad“ für die Heirat mit dessen Tochter?","Eine Uhr mit sprechenden Figuren","Ein mechanisches fliegendes Pferd","Ein Schiff mit selbsttätigen Rudern","Eine goldene mechanische Nachtigall","B","Ein fliegendes Spielzeugpferd wird zum Heiratsangebot.","Der Sultan (Miles Malleson) begeistert sich für Spielzeuge und technische Wunder. Jaffar (Conrad Veidt) bietet ihm deshalb ein mechanisches Pferd, das fliegen kann, und verlangt im Gegenzug die Hand der Prinzessin (June Duprez). Der Handel zeigt, wie leicht sich der Herrscher durch seine Sammelleidenschaft lenken lässt. Die Tochter wird dabei wie ein weiterer verfügbarer Besitz behandelt, obwohl sie andere Wünsche hat.","Eine Figuren-Uhr ist nicht das angebotene Wunderwerk.","Das fliegende mechanische Pferd verführt den Sultan zum Handel.","Ein selbsttätiges Schiff ist nicht der Gegenstand dieses Handels.","Die mechanische Nachtigall gehört nicht zu diesem Angebot.","Das Wunderpferd kauft die Zustimmung des Sultans.","mittel","https://en.wikipedia.org/wiki/The_Thief_of_Bagdad_(1940_film)|https://catalog.afi.com/Film/5036-THE-THIEF-OF-BAGDAD","redaktionell_quellengeprueft"
"G100-20261008-FANTASY-003-M2","K-G100-20261008-FANTASY-003-M2","","de","Film","Fantasy","Der Dieb von Bagdad","The Thief of Bagdad","1940","","mittel","Filmwissen","Fantasy","Fantasy","Die Automatenumarmung verbirgt den Stich.","Wie wird der Sultan (Miles Malleson) durch die Silberne Jungfrau (Mary Morris) in „Der Dieb von Bagdad“ getötet?","Ihr Gesang versetzt ihn in einen tödlichen Schlaf.","Ihr Kuss überträgt ein langsam wirkendes Gift.","Ihre Umarmung führt zu einem Stich in seinen Rücken.","Ihre Augen lösen einen tödlichen Zauber aus.","C","Die scheinbare Umarmung ist eine tödliche Automatenfalle.","Jaffar (Conrad Veidt) hat die Spielzeugliebe des Sultans (Miles Malleson) bereits für sich genutzt. Die Silberne Jungfrau (Mary Morris) setzt diesen Zusammenhang tödlich fort: Ihre Umarmung verbirgt einen Stich in den Rücken. Der Herrscher verwechselt das technische Wunder mit harmloser Unterhaltung. Was ihn zuvor für einen Handel empfänglich machte, öffnet nun auch den Weg zu seiner Beseitigung.","Gesang und Schlaf sind nicht ihr Tötungsmechanismus.","Ein vergifteter Kuss ist nicht die Falle.","Die Automatenfigur sticht bei der Umarmung zu.","Ein Blickzauber verursacht seinen Tod nicht.","Die Automatenumarmung verbirgt den Stich.","hoch","https://en.wikipedia.org/wiki/The_Thief_of_Bagdad_(1940_film)|https://catalog.afi.com/Film/5036-THE-THIEF-OF-BAGDAD","redaktionell_quellengeprueft"
"G100-20261008-FANTASY-003-S1","K-G100-20261008-FANTASY-003-S1","","de","Film","Fantasy","Der Dieb von Bagdad","The Thief of Bagdad","1940","","schwer","Filmwissen","Fantasy","Fantasy","Das Auge zeigt, was außerhalb der eigenen Reichweite liegt.","Was ermöglicht der aus dem Tempel geholte magische Edelstein in „Der Dieb von Bagdad“?","Er lässt seinen Besitzer unsichtbar werden.","Er macht fremde Gedanken hörbar.","Er zwingt Gegner, die Wahrheit zu sagen.","Er zeigt den Aufenthaltsort entfernter Menschen.","D","Das Allsehende Auge ermöglicht den Blick auf Entfernte.","Abu (Sabu) verliert Ahmad (John Justin) nach dem Schiffbruch aus den Augen. Mithilfe des Dschinns (Rex Ingram) gelangt er an den gefährlich bewachten Edelstein, dessen Bilder die räumliche Trennung überwinden. Der Gegenstand bringt die Freunde wieder zusammen und zeigt später ihre Gegner. Er ermöglicht Wissen über entfernte Ereignisse, ohne dadurch schon die nötige Handlung zu ersetzen.","Unsichtbarkeit ist nicht seine Funktion.","Der Edelstein überträgt keine fremden Gedanken als Stimmen.","Ein Wahrheitszwang wird durch den Edelstein nicht ausgeübt.","Das Auge zeigt entfernte Menschen und ermöglicht ihre Suche.","Das Auge zeigt, was außerhalb der eigenen Reichweite liegt.","mittel","https://en.wikipedia.org/wiki/The_Thief_of_Bagdad_(1940_film)|https://catalog.afi.com/Film/5036-THE-THIEF-OF-BAGDAD","redaktionell_quellengeprueft"
"G100-20261008-FANTASY-003-S2","K-G100-20261008-FANTASY-003-S2","","de","Film","Fantasy","Der Dieb von Bagdad","The Thief of Bagdad","1940","","schwer","Filmwissen","Fantasy","Fantasy","Der unbedachte Satz ist schon der letzte Wunsch.","Wie verbraucht Abu (Sabu) in „Der Dieb von Bagdad“ unbeabsichtigt seinen letzten Wunsch?","Er wünscht Ahmad (John Justin) im Zorn nach Bagdad.","Er wünscht sich im Hunger ein Festmahl.","Er wünscht die Prinzessin (June Duprez) auf sein Schiff.","Er wünscht Jaffar (Conrad Veidt) in eine Flasche.","A","Ein Streit schickt Ahmad unerwartet nach Bagdad.","Ahmad (John Justin) sieht durch das Allsehende Auge, wie die Prinzessin (June Duprez) verzaubert wird, und gerät mit Abu (Sabu) in Streit. Abus zorniger Wunsch schickt den Freund nach Bagdad, obwohl der Junge dies nicht als wohlüberlegte Nutzung seiner letzten Möglichkeit geplant hat. Magische Macht nimmt die unbedachte Äußerung wörtlich. Aus einem persönlichen Konflikt entsteht dadurch eine neue Gefangenschaft.","Seine zornige Äußerung versetzt Ahmad nach Bagdad.","Das Festmahl gehört nicht zum unbeabsichtigten letzten Wunsch.","Die Prinzessin wird dadurch nicht auf ein Schiff versetzt.","Jaffar wird mit diesem Wunsch nicht eingesperrt.","Der unbedachte Satz ist schon der letzte Wunsch.","hoch","https://en.wikipedia.org/wiki/The_Thief_of_Bagdad_(1940_film)|https://catalog.afi.com/Film/5036-THE-THIEF-OF-BAGDAD","redaktionell_quellengeprueft"
"G100-20261008-FANTASY-003-Y","K-G100-20261008-FANTASY-003-Y","","de","Film","Fantasy","Der Dieb von Bagdad","The Thief of Bagdad","1940","","mittel","Filmjahr","Fantasy","Fantasy","Stummfilm 1924, Technicolor 1940: 16 Jahre.","In welchem Jahr wurde „Der Dieb von Bagdad“ mit Sabu erstmals veröffentlicht?","1936","1940","1944","1948","B","Die erste Veröffentlichung dieser Fassung war 1940.","Die frühere Stummfilmfassung Der Dieb von Bagdad erschien 1924; die Technicolor-Neugestaltung folgte 1940, 16 Jahre später. AFI nennt den Vorgänger in seiner Produktionsgeschichte. Der neue Film ist keine bloße Farbkopie: Andere Figurenkonstellationen und spektakuläre Zauberbilder prägen seine eigene Abenteuerhandlung. Die Verbindung der Titel bezeichnet deshalb eine Stoffgeschichte, während die Filmfassungen weiterhin getrennt identifiziert werden müssen.","1936 liegt vier Jahre vor dieser Veröffentlichung.","Die Technicolor-Fassung erschien 1940.","1944 ist vier Jahre zu spät.","1948 liegt acht Jahre nach dem Erstjahr.","Stummfilm 1924, Technicolor 1940: 16 Jahre.","mittel","https://catalog.afi.com/Film/5036-THE-THIEF-OF-BAGDAD|https://en.wikipedia.org/wiki/The_Thief_of_Bagdad_(1940_film)","redaktionell_quellengeprueft"
"G100-20261008-FANTASY-003-D","K-G100-20261008-FANTASY-003-D","","de","Film","Fantasy","Der Dieb von Bagdad","The Thief of Bagdad","1940","","mittel","Regie","Fantasy","Fantasy","Drei Hauptcredits: Berger, Powell, Whelan.","Welches Team trägt die drei offiziellen Hauptregiecredits von „Der Dieb von Bagdad“ mit Sabu?","Victor Fleming, King Vidor und George Cukor","Merian C. Cooper, Ernest B. Schoedsack und Irving Pichel","Ludwig Berger, Michael Powell und Tim Whelan","William Dieterle, Frank Capra und John Ford","C","Ludwig Berger, Michael Powell und Tim Whelan tragen die Hauptcredits.","AFI und Criterion nennen Ludwig Berger, Michael Powell und Tim Whelan für die Hauptregie. Die Produktionsgeschichte berichtet darüber hinaus regieführende Beiträge von Alexander und Zoltan Korda sowie William Cameron Menzies. Eine Frage nach dem offiziellen Team muss deshalb präziser sein als eine pauschale Frage nach jeder beteiligten Regiearbeit. Der zusammengesetzte Credit spiegelt die aufwendige Entstehung dieses Technicolor-Abenteuers wider.","Dieses Team ist nicht für die Hauptregie der Sabu-Fassung genannt.","Cooper, Schoedsack und Pichel sind nicht ihr Hauptregieteam.","Berger, Powell und Whelan tragen die drei Hauptcredits.","Dieterle, Capra und Ford tragen diese Credits nicht.","Drei Hauptcredits: Berger, Powell, Whelan.","mittel","https://catalog.afi.com/Film/5036-THE-THIEF-OF-BAGDAD|https://www.criterion.com/films/544-the-thief-of-bagdad","redaktionell_quellengeprueft"
"G100-20261008-FANTASY-004-L1","K-G100-20261008-FANTASY-004-L1","","de","Film","Fantasy","Die Abenteuer des Prinzen Achmed","Die Abenteuer des Prinzen Achmed","1926","","leicht","Filmwissen","Fantasy","Fantasy","Das unbekannte Wunderpferd beginnt die Reise.","Was trägt Achmed zu Beginn von „Die Abenteuer des Prinzen Achmed“ unerwartet in die Ferne?","Ein fliegendes Pferd","Ein fliegender Teppich","Ein riesiger Vogel","Ein schwebender Palast","A","Ein magisches Pferd trägt Achmed fort.","Ein Zauberer präsentiert am Hof ein Pferd, das fliegen kann. Achmed widerspricht dessen Forderung und lässt sich anschließend zum Ausprobieren überreden. Weil er die Steuerung noch nicht kennt, trägt ihn das Tier immer höher und weit vom Hof weg. Der Aufbruch ist dadurch kein geplanter Abenteuerzug, sondern entsteht aus einem Konflikt und dem leichtfertigen Umgang mit einem unbekannten Wunderding.","Achmed wird vom fliegenden Pferd fortgetragen.","Ein Teppich beginnt seine Reise nicht.","Ein riesiger Vogel ist nicht sein erstes Flugmittel.","Der schwebende Palast gehört nicht zum Beginn seiner Reise.","Das unbekannte Wunderpferd beginnt die Reise.","mittel","https://en.wikipedia.org/wiki/The_Adventures_of_Prince_Achmed","redaktionell_quellengeprueft"
"G100-20261008-FANTASY-004-L2","K-G100-20261008-FANTASY-004-L2","","de","Film","Fantasy","Die Abenteuer des Prinzen Achmed","Die Abenteuer des Prinzen Achmed","1926","","leicht","Filmwissen","Fantasy","Fantasy","Ohne Federgewand kann Pari Banu nicht fortfliegen.","Welchen Gegenstand nimmt Achmed der badenden Pari Banu in „Die Abenteuer des Prinzen Achmed“ zunächst weg?","Ihren Zauberspiegel","Ihr Federgewand","Ihren Siegelring","Ihre goldene Krone","B","Achmed hält Pari Banus Federgewand zurück.","Pari Banu kommt mit ihren Begleiterinnen zum Baden an einen See. Als sie Achmed entdecken, fliegen die anderen davon. Ihr selbst fehlt jedoch das Federgewand, das er zurückhält, weshalb sie zunächst nur zu Fuß fliehen kann. Erst als er es ihr zurückgibt, gewinnt er ihr Vertrauen. Das Liebesmotiv beginnt also mit einer problematischen Wegnahme, die später rückgängig gemacht wird.","Ein Spiegel ist nicht der weggenommene Gegenstand.","Achmed nimmt ihr das magische Federgewand.","Ihr Siegelring wird in dieser Begegnung nicht genommen.","Eine Krone verhindert ihren Abflug nicht.","Ohne Federgewand kann Pari Banu nicht fortfliegen.","mittel","https://en.wikipedia.org/wiki/The_Adventures_of_Prince_Achmed","redaktionell_quellengeprueft"
"G100-20261008-FANTASY-004-M1","K-G100-20261008-FANTASY-004-M1","","de","Film","Fantasy","Die Abenteuer des Prinzen Achmed","Die Abenteuer des Prinzen Achmed","1926","","mittel","Filmwissen","Fantasy","Fantasy","Für das Pferd verlangt er die Tochter.","Welche Gegenleistung fordert der Zauberer für sein Wunderpferd in „Die Abenteuer des Prinzen Achmed“?","Die Hälfte des Königreichs","Das Amt des Großwesirs","Dinarsade als Braut","Den gesamten Schatz des Hofes","C","Der geforderte Preis ist Dinarsade.","Der Hof bewundert das Wunderpferd, doch der Zauberer lässt sich nicht mit Gold bezahlen. Er verlangt Dinarsade, die Tochter des Kalifen und Schwester Achmeds. Damit verwandelt er eine Vorführung in eine Forderung über einen Menschen. Achmeds Einspruch führt unmittelbar zu seinem gefährlichen Probeflug. Die getrennten Abenteuerstränge beginnen so mit einem Handel, dessen Bedingungen die Betroffenen nicht selbst gewählt haben.","Ein halbes Königreich ist nicht seine Forderung.","Das Wesirsamt ist nicht der geforderte Preis.","Der Zauberer verlangt die Tochter Dinarsade.","Er lehnt Geld ab und verlangt Dinarsade.","Für das Pferd verlangt er die Tochter.","mittel","https://en.wikipedia.org/wiki/The_Adventures_of_Prince_Achmed","redaktionell_quellengeprueft"
"G100-20261008-FANTASY-004-M2","K-G100-20261008-FANTASY-004-M2","","de","Film","Fantasy","Die Abenteuer des Prinzen Achmed","Die Abenteuer des Prinzen Achmed","1926","","mittel","Filmwissen","Fantasy","Fantasy","Die Trennung führt an den chinesischen Kaiserhof.","Wohin verkauft der Zauberer Pari Banu in „Die Abenteuer des Prinzen Achmed“?","An den Sultan von Persien","An den König von Indien","An den Fürsten von Damaskus","An den Kaiser von China","D","Pari Banu wird an den Kaiser von China verkauft.","Während Achmed mit den Fallen des Zauberers kämpft, bringt dieser Pari Banu nach China und verkauft sie dem Kaiser. Die Entfernung verschärft die Trennung des Paares. Achmed kann sie deshalb nicht allein durch das Verfolgen seines Gegners zurückgewinnen, sondern benötigt die Unterstützung der Hexe vom Flammenberg. Der Film erweitert das Abenteuer vom ersten Inselaufenthalt um eine weitere Herrschafts- und Gefangenschaftssituation.","Der Sultan von Persien ist nicht der Käufer.","Ein indischer König ist nicht die gesuchte Figur.","Damaskus ist nicht der Zielhof dieses Handels.","Pari Banu wird dem Kaiser von China verkauft.","Die Trennung führt an den chinesischen Kaiserhof.","mittel","https://en.wikipedia.org/wiki/The_Adventures_of_Prince_Achmed","redaktionell_quellengeprueft"
"G100-20261008-FANTASY-004-S1","K-G100-20261008-FANTASY-004-S1","","de","Film","Fantasy","Die Abenteuer des Prinzen Achmed","Die Abenteuer des Prinzen Achmed","1926","","schwer","Filmwissen","Fantasy","Fantasy","Dieser Aladdin ist Schneider.","Welchen Beruf hat Aladdin vor seinen Abenteuern in „Die Abenteuer des Prinzen Achmed“?","Schneider","Schuster","Goldschmied","Korbmacher","A","Aladdin beginnt als armer Schneider.","Aladdin erzählt Achmed von seiner eigenen Vorgeschichte. Er war ein armer Schneider, bevor der Zauberer ihn zur Lampensuche in eine Höhle schickte. Seine Erzählung führt einen weiteren bekannten Märchenstoff in Achmeds Reise ein und verbindet beide Männer über denselben Gegner. Die Figur sollte deshalb anhand dieser konkreten Fassung erinnert werden, statt Beruf und Lebensweise aus späteren populären Adaptionen zu übernehmen.","Aladdin ist hier ein armer Schneider.","Ein Schuster ist er in dieser Fassung nicht.","Goldschmied ist nicht sein ursprünglicher Beruf.","Er wird nicht als Korbmacher vorgestellt.","Dieser Aladdin ist Schneider.","mittel","https://en.wikipedia.org/wiki/The_Adventures_of_Prince_Achmed","redaktionell_quellengeprueft"
"G100-20261008-FANTASY-004-S2","K-G100-20261008-FANTASY-004-S2","","de","Film","Fantasy","Die Abenteuer des Prinzen Achmed","Die Abenteuer des Prinzen Achmed","1926","","schwer","Filmwissen","Fantasy","Fantasy","Erst die Hexe macht den Kopfschlag wirksam.","Welche entscheidende Hilfe leistet die Hexe beim Kampf gegen das vielköpfige Ungeheuer in „Die Abenteuer des Prinzen Achmed“?","Sie macht sämtliche Köpfe unsichtbar.","Sie verhindert das Nachwachsen abgeschlagener Köpfe.","Sie verwandelt die Köpfe in Stein.","Sie versetzt das Ungeheuer in Schlaf.","B","Die Hexe unterbindet das Nachwachsen der Köpfe.","Achmeds Schwerthiebe reichen zunächst nicht aus: Für einen abgeschlagenen Kopf wachsen dem Ungeheuer zwei neue. Mehr vom gleichen Angriff verschlimmert damit die Gefahr. Die Hexe greift ein und verhindert dieses Nachwachsen, sodass Achmed den Gegner besiegen und Pari Banu retten kann. Der Sieg beruht auf der Verbindung körperlichen Kampfes mit einer Hilfe, die die besondere Regel des Gegners verändert.","Unsichtbarkeit der Köpfe wäre nicht die entscheidende Hilfe.","Die Hexe stoppt das Nachwachsen und ermöglicht den Sieg.","Die Köpfe werden nicht einfach zu Stein.","Das Ungeheuer wird nicht durch Schlaf überwunden.","Erst die Hexe macht den Kopfschlag wirksam.","hoch","https://en.wikipedia.org/wiki/The_Adventures_of_Prince_Achmed","redaktionell_quellengeprueft"
"G100-20261008-FANTASY-004-Y","K-G100-20261008-FANTASY-004-Y","","de","Film","Fantasy","Die Abenteuer des Prinzen Achmed","Die Abenteuer des Prinzen Achmed","1926","","mittel","Filmjahr","Fantasy","Fantasy","Achmed 1926, Papageno 1935: neun Jahre.","In welchem Jahr wurde „Die Abenteuer des Prinzen Achmed“ erstmals vorgeführt?","1922","1930","1926","1934","C","Die ersten Vorführungen waren 1926.","Die Abenteuer des Prinzen Achmed wurde 1926 erstmals vorgeführt. Lotte Reinigers kurzer Silhouettenfilm Papageno folgte 1935, neun Jahre später. Filmportal belegt beide Werke und ihre Vorführungsdaten. Die spätere Arbeit greift auf Mozarts Zauberflöte zurück, während der Langfilm orientalische Märchen verbindet. Der zeitliche Vergleich zeigt eine fortgesetzte Arbeit mit bewegten Silhouetten an unterschiedlichen bekannten Erzählstoffen.","1922 liegt vier Jahre vor dem Erstjahr.","1930 ist vier Jahre zu spät.","Die ersten Vorführungen fanden 1926 statt.","1934 liegt acht Jahre nach dem Film.","Achmed 1926, Papageno 1935: neun Jahre.","mittel","https://www.filmportal.de/film/die-abenteuer-des-prinzen-achmed_2d3e507b1f7c45c191afea55317fc76b|https://www.filmportal.de/film/papageno_9cbae181396b4449940a8c62f0d1442a","redaktionell_quellengeprueft"
"G100-20261008-FANTASY-004-D","K-G100-20261008-FANTASY-004-D","","de","Film","Fantasy","Die Abenteuer des Prinzen Achmed","Die Abenteuer des Prinzen Achmed","1926","","mittel","Regie","Fantasy","Fantasy","Reiniger führt Regie, Koch verantwortet andere Arbeitsbereiche.","Wer trägt den Hauptregiecredit von „Die Abenteuer des Prinzen Achmed“?","Germaine Dulac","Mary Ellen Bute","Claire Parker","Lotte Reiniger","D","Lotte Reiniger führte die Hauptregie.","Lotte Reiniger gestaltet den Film aus bewegten Silhouetten, deren Gelenke und Formen sorgfältig für die Aufnahme angelegt sind. Filmportal führt sie als Hauptregisseurin, während Carl Koch für Kamera und Produktionsleitung genannt wird. Die Zusammenarbeit mit weiteren Künstlern macht aus dem Regiecredit kein gemeinsames Hauptregieteam. Die Märchenhandlung erhält ihre besondere Körperlichkeit durch das Wechselspiel von Umriss, Bewegung und Hintergrund.","Germaine Dulac führte bei diesem Silhouettenfilm nicht Regie.","Mary Ellen Bute führte bei diesem Werk nicht Regie.","Claire Parker ist nicht die Hauptregisseurin.","Lotte Reiniger ist die Hauptregisseurin.","Reiniger führt Regie, Koch verantwortet andere Arbeitsbereiche.","mittel","https://www.filmportal.de/film/die-abenteuer-des-prinzen-achmed_2d3e507b1f7c45c191afea55317fc76b|https://shop.bfi.org.uk/the-adventures-of-prince-achmed-dual-format-edition/","redaktionell_quellengeprueft"
"G100-20261008-FANTASY-005-L1","K-G100-20261008-FANTASY-005-L1","","de","Film","Fantasy","Willow","Willow","1988","","leicht","Filmwissen","Fantasy","Fantasy","Ein Bauer wächst in eine gefährliche Aufgabe hinein.","Welche Tätigkeit übt Willow (Warwick Davis) zu Beginn von „Willow“ aus?","Dorfschmied","Bauer","Hofschreiber","Wanderhändler","B","Willow beginnt als Bauer.","Willow Ufgood (Warwick Davis) lebt mit seiner Familie als Bauer und möchte zugleich die Zauberkunst erlernen. Seine Reise beginnt nicht als Auftrag an einen bereits berühmten Helden. Als ein Baby in die Gemeinschaft gelangt, muss er Verantwortung übernehmen, obwohl ihm Erfahrung und sichere magische Fähigkeiten fehlen. Der Film verbindet damit eine vertraute häusliche Lebenswelt mit einer Aufgabe von weit größerer Bedeutung.","Als Dorfschmied wird er nicht vorgestellt.","Willow ist ein Bauer mit magischen Ambitionen.","Ein Hofschreiber ist er nicht.","Willow beginnt nicht als Wanderhändler.","Ein Bauer wächst in eine gefährliche Aufgabe hinein.","mittel","https://en.wikipedia.org/wiki/Willow_(1988_film)","redaktionell_quellengeprueft"
"G100-20261008-FANTASY-005-L2","K-G100-20261008-FANTASY-005-L2","","de","Film","Fantasy","Willow","Willow","1988","","leicht","Filmwissen","Fantasy","Fantasy","Die Königin verfolgt eine angekündigte Zukunft.","Welche Zukunft sagt die Prophezeiung dem gefundenen Baby in „Willow“ voraus?","Es wird Sorshas (Joanne Whalley) Heer führen.","Es wird Fin Raziels (Patricia Hayes) Fluch erben.","Es wird Bavmordas (Jean Marsh) Herrschaft beenden.","Es wird Kaels (Pat Roach) Reich begründen.","C","Das Baby bedroht Bavmordas Herrschaft.","Bavmorda (Jean Marsh) lässt schwangere Frauen festhalten, weil sie die Geburt eines Kindes fürchtet, das ihre Herrschaft beenden soll. Dennoch wird das Baby gerettet und gelangt auf dem Fluss zu Willows (Warwick Davis) Familie. Die Verfolgung beruht deshalb nicht auf einer bereits ausgeübten Macht des Kindes. Die Königin versucht vielmehr, eine angekündigte Zukunft durch Gewalt schon im Voraus zu verhindern.","Die Führung von Sorshas Heer ist nicht die Prophezeiung.","Fin Raziels Fluch soll nicht auf das Baby übergehen.","Das Kind soll Bavmordas Herrschaft beenden.","Die Gründung eines Reichs für Kael wird nicht vorhergesagt.","Die Königin verfolgt eine angekündigte Zukunft.","mittel","https://en.wikipedia.org/wiki/Willow_(1988_film)","redaktionell_quellengeprueft"
"G100-20261008-FANTASY-005-M1","K-G100-20261008-FANTASY-005-M1","","de","Film","Fantasy","Willow","Willow","1988","","mittel","Filmwissen","Fantasy","Fantasy","Erst Freilassung gegen Baby, später Zusammenarbeit.","Wofür erklärt sich Madmartigan (Val Kilmer) in „Willow“ bereit, das Baby zu übernehmen?","Für die Rückgabe seines gestohlenen Schwerts","Für einen Anteil an einem gefundenen Schatz","Für einen magischen Schutz gegen Verfolger","Für seine Befreiung aus dem Krähenkäfig","D","Die Übernahme des Babys soll Madmartigan befreien.","Willow (Warwick Davis) trifft Madmartigan (Val Kilmer) an einer Wegkreuzung im Krähenkäfig. Der Söldner bietet an, das Baby zu übernehmen, wenn man ihn freilässt. Für die Reisegruppe wäre das eine einfache Übergabe an einen großen Menschen, doch Willow misstraut dem Angebot zunächst. Die spätere Zusammenarbeit entsteht somit aus einem zweifelhaften Handel, bevor sich zwischen den beiden echtes Vertrauen entwickelt.","Ein gestohlenes Schwert ist nicht die vereinbarte Gegenleistung.","Ein Schatzanteil wird bei dieser Begegnung nicht vereinbart.","Ein magischer Schutz ist nicht seine Bedingung.","Madmartigan bietet die Übernahme gegen seine Freilassung an.","Erst Freilassung gegen Baby, später Zusammenarbeit.","mittel","https://en.wikipedia.org/wiki/Willow_(1988_film)","redaktionell_quellengeprueft"
"G100-20261008-FANTASY-005-M2","K-G100-20261008-FANTASY-005-M2","","de","Film","Fantasy","Willow","Willow","1988","","mittel","Filmwissen","Fantasy","Fantasy","Die Zauberin wartet in Beuteltiergestalt auf Befreiung.","In welcher Tiergestalt begegnet Willow (Warwick Davis) Fin Raziel (Patricia Hayes) zuerst in „Willow“?","Als Beuteltier","Als Rabe","Als Ziege","Als Eule","A","Fin Raziel lebt zunächst als Beuteltier.","Fin Raziel (Patricia Hayes) ist eine erfahrene Zauberin, die Bavmorda (Jean Marsh) in Tiergestalt verbannt hat. Willow (Warwick Davis) begegnet ihr zunächst als Beuteltier und versucht, ihr die menschliche Form zurückzugeben. Die ersten Versuche führen aber nur zu weiteren Tiergestalten. Seine Entwicklung als Zauberer wird dadurch an einer konkreten Aufgabe sichtbar, bei der ein guter Wille noch keine sichere Ausführung garantiert.","Fin Raziel erscheint zuerst als Beuteltier.","Eine Vogelgestalt folgt erst einem späteren Verwandlungsversuch.","Zur Ziege wird sie erst später.","Eine Eule ist nicht ihre erste Gestalt.","Die Zauberin wartet in Beuteltiergestalt auf Befreiung.","mittel","https://en.wikipedia.org/wiki/Willow_(1988_film)","redaktionell_quellengeprueft"
"G100-20261008-FANTASY-005-S1","K-G100-20261008-FANTASY-005-S1","","de","Film","Fantasy","Willow","Willow","1988","","schwer","Filmwissen","Fantasy","Fantasy","Das Schweineheer braucht die wiederhergestellte Zauberin.","Was richtet Bavmordas (Jean Marsh) Zauber vor Nockmaar in „Willow“ mit dem angreifenden Heer an?","Er macht die Soldaten zu steinernen Statuen.","Er verwandelt die Soldaten in Schweine.","Er versetzt die Soldaten in tiefen Schlaf.","Er macht die Soldaten unsichtbar.","B","Bavmorda verwandelt das Heer in Schweine.","Vor Nockmaar hilft zahlenmäßige Stärke zunächst wenig: Bavmorda (Jean Marsh) verwandelt das angreifende Heer in Schweine. Willow (Warwick Davis) schützt sich mit dem Zauberstab und kann weiter handeln. Erst nachdem er Fin Raziel (Patricia Hayes) ihre menschliche Gestalt zurückgegeben hat, hebt sie den Heereszauber auf. Die Szene verbindet daher zwei Aufgaben, deren Reihenfolge für den weiteren Angriff entscheidend ist.","Eine Versteinerung ist nicht die Wirkung des Zaubers.","Das Heer wird in Schweine verwandelt.","Die Soldaten schlafen nicht bloß ein.","Unsichtbarkeit ist nicht ihre neue Lage.","Das Schweineheer braucht die wiederhergestellte Zauberin.","hoch","https://en.wikipedia.org/wiki/Willow_(1988_film)","redaktionell_quellengeprueft"
"G100-20261008-FANTASY-005-S2","K-G100-20261008-FANTASY-005-S2","","de","Film","Fantasy","Willow","Willow","1988","","schwer","Filmwissen","Fantasy","Fantasy","Der kleine Trick lenkt den großen Zauber gegen seine Urheberin.","Womit entzieht Willow (Warwick Davis) das Baby bei der letzten Konfrontation in „Willow“ Bavmordas (Jean Marsh) Blick?","Mit einem echten Teleportationszauber","Mit einer Verwandlung in Rauch","Mit einem Taschenspielertrick","Mit einem Unsichtbarkeitsbann","C","Ein Taschenspielertrick täuscht die Königin.","Willow (Warwick Davis) lässt Bavmorda (Jean Marsh) glauben, er habe das Baby auf magische Weise verschwinden lassen. Tatsächlich nutzt er einen Taschenspielertrick. Die verunsicherte Königin greift ihn an und vollendet dabei versehentlich ihr eigenes Verbannungsritual gegen sich selbst. Der Sieg verlangt somit keinen stärkeren Zauber als den der Gegnerin, sondern eine Täuschung, die deren Handeln im entscheidenden Moment verändert.","Das Baby wird nicht wirklich an einen anderen Ort teleportiert.","Es verwandelt sich nicht in Rauch.","Willow nutzt einen Taschenspielertrick.","Ein Unsichtbarkeitsbann erklärt den Trick nicht.","Der kleine Trick lenkt den großen Zauber gegen seine Urheberin.","hoch","https://en.wikipedia.org/wiki/Willow_(1988_film)","redaktionell_quellengeprueft"
"G100-20261008-FANTASY-005-Y","K-G100-20261008-FANTASY-005-Y","","de","Film","Fantasy","Willow","Willow","1988","","mittel","Filmjahr","Fantasy","Fantasy","Film 1988, Serie 2022: 34 Jahre.","In welchem Jahr wurde „Willow“ mit Warwick Davis erstmals veröffentlicht?","1984","1992","1996","1988","D","Willow erschien erstmals 1988.","Der Kinofilm Willow erschien 1988; die gleichnamige Fortsetzungsserie begann 2022, also 34 Jahre später. Lucasfilm dokumentiert beide Produktionen und beschreibt bei der ersten Serienfolge den späteren Zustand derselben Welt. Das große Zeitintervall gehört zur Produktionsgeschichte. Es ist von der innerhalb der Geschichte vergangenen Zeit zu unterscheiden und macht aus der Serie keine neue Erstveröffentlichung des ursprünglichen Films.","1984 liegt vier Jahre vor der Veröffentlichung.","1992 ist vier Jahre zu spät.","1996 liegt acht Jahre nach dem Film.","Der Kinofilm erschien 1988.","Film 1988, Serie 2022: 34 Jahre.","mittel","https://www.lucasfilm.com/productions/willow/|https://www.lucasfilm.com/productions/willow-series-chapter-1-the-gales/","redaktionell_quellengeprueft"
"G100-20261008-FANTASY-005-D","K-G100-20261008-FANTASY-005-D","","de","Film","Fantasy","Willow","Willow","1988","","mittel","Regie","Fantasy","Fantasy","Howard inszeniert die von Lucas entwickelte Fantasywelt.","Wer führte bei „Willow“ mit Warwick Davis die Hauptregie?","Ron Howard","Richard Donner","Joe Johnston","Jim Henson","A","Ron Howard führte die Hauptregie.","Lucasfilm nennt Ron Howard als Regisseur, während George Lucas den Stoff entwickelte und die Produktion maßgeblich prägte. Diese Aufgaben sind nicht gleichzusetzen. Im Film wird Willow (Warwick Davis) als unerfahrener Helfer mit einem übermächtigen Gegner konfrontiert. Seine Fortschritte und Fehler tragen das Abenteuer ebenso wie die spektakulären Verwandlungen. Die Regie gestaltet diese Entwicklung innerhalb einer von Lucas erdachten Fantasywelt.","Ron Howard führte die Hauptregie.","Richard Donner ist nicht der Regisseur dieser Fassung.","Joe Johnston trägt hier keinen Hauptregiecredit.","Jim Henson ist nicht der Hauptregisseur von Willow.","Howard inszeniert die von Lucas entwickelte Fantasywelt.","mittel","https://www.lucasfilm.com/productions/willow/|https://www.bfi.org.uk/film/14c499db-8d50-5dcb-8057-6e4a7f6ce251/willow|https://en.wikipedia.org/wiki/Willow_(1988_film)","redaktionell_quellengeprueft"
"G100-20261008-FANTASY-006-L1","K-G100-20261008-FANTASY-006-L1","","de","Film","Fantasy","Shrek – Der tollkühne Held","Shrek","2001","Shrek","leicht","Filmwissen","Fantasy","Fantasy","Farquaads Vertreibung beendet Shreks Ruhe.","Warum landen zahlreiche Märchenwesen in Shreks (Originalstimme: Mike Myers) Sumpf in „Shrek – Der tollkühne Held“?","Farquaad (John Lithgow) hat sie für einen Festzug bestellt.","Der Esel (Eddie Murphy) hat ihnen eine Herberge versprochen.","Farquaad (John Lithgow) hat sie aus seinem Gebiet vertrieben.","Shrek (Mike Myers) hat sie als Helfer angeworben.","C","Vertriebene Märchenwesen suchen Zuflucht im Sumpf.","Shrek (Originalstimme: Mike Myers) möchte allein in seinem Sumpf leben. Doch Farquaad (Originalstimme: John Lithgow) lässt die Märchenwesen aus seinem Gebiet entfernen, und sie landen ausgerechnet dort. Ihre Zuflucht wird für den Einzelgänger zur unerwünschten Besetzung seines Zuhauses. Seine Reise beginnt daher aus dem Wunsch, die frühere Ruhe zurückzugewinnen, und führt ihn gerade dadurch in Beziehungen, denen er bisher ausgewichen ist.","Ein bestellter Festzug ist nicht der Grund ihres Aufenthalts.","Der Esel hat die Gruppe nicht als Herbergsgäste hergeführt.","Farquaads Vertreibung führt die Märchenwesen in den Sumpf.","Shrek hat sie nicht selbst angeworben.","Farquaads Vertreibung beendet Shreks Ruhe.","mittel","https://en.wikipedia.org/wiki/Shrek","redaktionell_quellengeprueft"
"G100-20261008-FANTASY-006-L2","K-G100-20261008-FANTASY-006-L2","","de","Film","Fantasy","Shrek – Der tollkühne Held","Shrek","2001","Shrek","leicht","Filmwissen","Fantasy","Fantasy","Die Braut soll den Herrscher zum König machen.","Weshalb will Farquaad (Originalstimme: John Lithgow) in „Shrek – Der tollkühne Held“ eine Prinzessin heiraten?","Damit er ein Nachbarreich erbt.","Damit ein Fluch über seinem Schloss endet.","Damit er die Drachin beherrschen kann.","Damit er als König gelten kann.","D","Farquaad braucht die Prinzessin für seinen Königstitel.","Farquaad (Originalstimme: John Lithgow) beherrscht Duloc, gilt aber noch nicht als König. Der Zauberspiegel erklärt ihm, dass die Heirat mit einer Prinzessin diesen Status ermöglichen würde. Seine Brautwahl folgt daher einem Herrschaftsplan, während er die gefährliche Rettung anderen überlassen möchte. Der Film stellt das vertraute Märchenmotiv der Prinzessinnenbefreiung damit in den Dienst eines eigennützigen politischen Aufstiegs.","Ein geerbtes Nachbarreich ist nicht das erklärte Ziel.","Ein Schlossfluch treibt seine Brautwahl nicht an.","Die Herrschaft über die Drachin ist nicht der Heiratszweck.","Die Heirat soll ihm den Königstitel ermöglichen.","Die Braut soll den Herrscher zum König machen.","mittel","https://en.wikipedia.org/wiki/Shrek","redaktionell_quellengeprueft"
"G100-20261008-FANTASY-006-M1","K-G100-20261008-FANTASY-006-M1","","de","Film","Fantasy","Shrek – Der tollkühne Held","Shrek","2001","Shrek","mittel","Filmwissen","Fantasy","Fantasy","Die Bewacherin wird zur verliebten Helferin.","Warum verfolgt die Drachin den Esel (Originalstimme: Eddie Murphy) in „Shrek – Der tollkühne Held“ besonders hartnäckig?","Sie hat sich in ihn verliebt.","Sie hält ihn für einen Schatzdieb.","Sie sucht bei ihm Hilfe gegen einen Fluch.","Sie erkennt in ihm einen früheren Feind.","A","Die Drachin verliebt sich in den Esel.","Der Esel (Originalstimme: Eddie Murphy) begegnet der Drachin zunächst wie einem gefährlichen Bewacher. Seine Worte führen jedoch zu einer unerwarteten Annäherung: Sie verliebt sich in ihn. Damit ist das Hindernis nicht nur durch Kampf zu überwinden. Die neue Beziehung bekommt später erneut Bedeutung, weil der scheinbare Gegner als Helferin zurückkehrt und die Reise zur Hochzeit überhaupt erst ermöglicht.","Die Drachin verliebt sich in den Esel.","Ein Schatzdiebstahl ist nicht ihr besonderer Antrieb.","Die Bitte um Fluchlösung erklärt ihre Zuwendung nicht.","Eine frühere Feindschaft wird nicht erzählt.","Die Bewacherin wird zur verliebten Helferin.","mittel","https://en.wikipedia.org/wiki/Shrek","redaktionell_quellengeprueft"
"G100-20261008-FANTASY-006-M2","K-G100-20261008-FANTASY-006-M2","","de","Film","Fantasy","Shrek – Der tollkühne Held","Shrek","2001","Shrek","mittel","Filmwissen","Fantasy","Fantasy","Der Sonnenuntergang erklärt Fionas Eile.","Wann wird Fiona (Originalstimme: Cameron Diaz) in „Shrek – Der tollkühne Held“ zunächst regelmäßig zum Oger?","Bei Sonnenaufgang","Bei Sonnenuntergang","Um Mitternacht","Beim Aufgehen des Vollmonds","B","Bei Sonnenuntergang wird Fiona zum Oger.","Fiona (Originalstimme: Cameron Diaz) erscheint am Tag als Mensch und verwandelt sich bei Sonnenuntergang in einen Oger. Deshalb zieht sie sich abends zurück und drängt später auf eine Hochzeit vor Einbruch der Nacht. Der Esel (Originalstimme: Eddie Murphy) entdeckt ihr Geheimnis in der Mühle. Diese zeitliche Regel erklärt mehrere Entscheidungen, die ohne sie wie bloße Abwehr oder Ungeduld wirken.","Sonnenaufgang ist nicht der Beginn ihrer nächtlichen Gestalt.","Fiona verwandelt sich bei Sonnenuntergang in einen Oger.","Mitternacht ist nicht der genannte Wechselzeitpunkt.","Der Wechsel hängt nicht vom Vollmond ab.","Der Sonnenuntergang erklärt Fionas Eile.","hoch","https://en.wikipedia.org/wiki/Shrek","redaktionell_quellengeprueft"
"G100-20261008-FANTASY-006-S1","K-G100-20261008-FANTASY-006-S1","","de","Film","Fantasy","Shrek – Der tollkühne Held","Shrek","2001","Shrek","schwer","Filmwissen","Fantasy","Fantasy","Fionas Selbstkritik wird für Shrek zur vermeintlichen Kränkung.","Welche Schlussfolgerung zieht Shrek (Originalstimme: Mike Myers) aus Fionas (Originalstimme: Cameron Diaz) Gespräch in der Mühle in „Shrek – Der tollkühne Held“?","Sie plane Verrat an ihrem Retter.","Sie halte ihn für einen bezahlten Entführer.","Sie verachte sein Aussehen.","Sie wolle seine Freundschaft mit dem Esel (Eddie Murphy) beenden.","C","Shrek glaubt, Fiona verachte sein Aussehen.","Fiona (Originalstimme: Cameron Diaz) spricht mit dem Esel (Originalstimme: Eddie Murphy) über ihre eigene Ogergestalt. Shrek (Originalstimme: Mike Myers) hört nur einen Teil und hält ihre Selbstbeschreibung für eine Abwertung seiner Person. Seine frühere Erfahrung mit Zurückweisung macht den Irrtum für ihn überzeugend. Statt nachzufragen, zieht er sich zurück und liefert sie an den vorgesehenen Bräutigam aus.","Eine konkrete Verratsplanung hört er nicht heraus.","Er versteht das Gespräch nicht als Vorwurf einer bezahlten Entführung.","Shrek bezieht Fionas negative Worte fälschlich auf sein Aussehen.","Das Ende seiner Freundschaft mit dem Esel ist nicht seine Schlussfolgerung.","Fionas Selbstkritik wird für Shrek zur vermeintlichen Kränkung.","hoch","https://en.wikipedia.org/wiki/Shrek","redaktionell_quellengeprueft"
"G100-20261008-FANTASY-006-S2","K-G100-20261008-FANTASY-006-S2","","de","Film","Fantasy","Shrek – Der tollkühne Held","Shrek","2001","Shrek","schwer","Filmwissen","Fantasy","Fantasy","Der Fluch endet, die Ogergestalt bleibt.","Welche Gestalt behält Fiona (Originalstimme: Cameron Diaz) nach dem erlösenden Kuss im Finale von „Shrek – Der tollkühne Held“?","Dauerhaft die menschliche Gestalt","Weiterhin täglich beide Gestalten","Eine frei wählbare Gestalt","Dauerhaft die Ogergestalt","D","Fiona bleibt ein Oger.","Fiona (Originalstimme: Cameron Diaz) erwartet vom Kuss der wahren Liebe die Aufhebung ihres Fluchs. Als sie Shrek (Originalstimme: Mike Myers) küsst, endet der tägliche Wechsel tatsächlich, doch sie bleibt ein Oger. Ihre Liebe führt damit nicht zur Rückkehr in das erwartete menschliche Schönheitsbild. Das Finale beantwortet die Frage nach ihrer wahren Gestalt durch Zugehörigkeit und Zuneigung statt gesellschaftlicher Anerkennung.","Der Kuss macht sie nicht dauerhaft zum Menschen.","Der tägliche Wechsel endet.","Eine beliebig steuerbare Verwandlung ist nicht die Lösung.","Fiona bleibt dauerhaft ein Oger.","Der Fluch endet, die Ogergestalt bleibt.","hoch","https://en.wikipedia.org/wiki/Shrek","redaktionell_quellengeprueft"
"G100-20261008-FANTASY-006-Y","K-G100-20261008-FANTASY-006-Y","","de","Film","Fantasy","Shrek – Der tollkühne Held","Shrek","2001","Shrek","mittel","Filmjahr","Fantasy","Fantasy","Shrek 2001, Shrek 2 2004: drei Jahre.","In welchem Jahr wurde der erste Film „Shrek – Der tollkühne Held“ erstmals veröffentlicht?","2001","1997","2004","2007","A","Shrek wurde 2001 erstmals veröffentlicht.","Shrek erschien 2001; Shrek 2 folgte 2004, drei Jahre später. Die DreamWorks-Filmseiten bestätigen beide Jahre. Der erste Film führt die Beziehungen und die besondere Umkehr vertrauter Märchenregeln ein. Die Fortsetzung setzt bei dem bereits verheirateten Paar an. Der Abstand hilft, den ursprünglichen Film von der späteren Familien- und Hofgeschichte zu trennen, die auf seinen Entscheidungen aufbaut.","Der erste Shrek-Film erschien 2001.","1997 liegt vier Jahre davor.","2004 ist das Jahr der Fortsetzung.","2007 gehört zu einer späteren Phase der Reihe.","Shrek 2001, Shrek 2 2004: drei Jahre.","mittel","https://www.dreamworks.com/movies/shrek|https://www.dreamworks.com/movies/shrek-2|https://en.wikipedia.org/wiki/Shrek","redaktionell_quellengeprueft"
"G100-20261008-FANTASY-006-D","K-G100-20261008-FANTASY-006-D","","de","Film","Fantasy","Shrek – Der tollkühne Held","Shrek","2001","Shrek","mittel","Regie","Fantasy","Fantasy","Zwei Hauptregisseure für den ersten Shrek.","Welches vollständige Team führte bei „Shrek – Der tollkühne Held“ die Hauptregie?","Pete Docter und David Silverman","Andrew Adamson und Vicky Jenson","Chris Buck und Jennifer Lee","Ron Clements und John Musker","B","Andrew Adamson und Vicky Jenson führten gemeinsam Regie.","Cannes und DreamWorks nennen Andrew Adamson und Vicky Jenson als Regieteam des ersten Shrek-Films. Die gemeinsame Inszenierung verbindet ein Rettungsabenteuer mit der Umkehr vertrauter Märchenbilder. Shrek (Originalstimme: Mike Myers) gewinnt Nähe nicht durch die Verwandlung in einen herkömmlichen Prinzen. Der vollständige Credit gehört zu diesem ersten Film und darf nicht mit den wechselnden Teams späterer Folgen zusammengezogen werden.","Docter und Silverman sind nicht das Hauptteam von Shrek.","Andrew Adamson und Vicky Jenson teilen den Hauptregiecredit.","Buck und Lee gehören nicht zu diesem Regiecredit.","Clements und Musker inszenierten andere Animationsfilme.","Zwei Hauptregisseure für den ersten Shrek.","mittel","https://www.festival-cannes.com/en/f/shrek/|https://www.dreamworks.com/movies/shrek|https://en.wikipedia.org/wiki/Shrek","redaktionell_quellengeprueft"
"G100-20261008-FANTASY-007-L1","K-G100-20261008-FANTASY-007-L1","","de","Film","Fantasy","Das letzte Einhorn","The Last Unicorn","1982","","leicht","Filmwissen","Fantasy","Fantasy","In den Worten des Schmetterlings steckt die Spur.","Welches Tier gibt dem Einhorn (Originalstimme: Mia Farrow) vor seiner Suche in „Das letzte Einhorn“ den Hinweis auf den Roten Stier?","Eine Katze","Eine Eule","Ein Fuchs","Ein Schmetterling","D","Ein Schmetterling weist auf den Roten Stier hin.","Das Einhorn (Originalstimme: Mia Farrow) hört zunächst von Jägern, dass die anderen seiner Art verschwunden seien. Ein Schmetterling (Originalstimme: Robert Klein) gibt ihm den entscheidenden Hinweis auf den Roten Stier. Zwischen Liedfragmenten und verwirrenden Worten steckt damit eine konkrete Spur. Die Reise beginnt aus dem Versuch, diesen Hinweis zu verstehen und die behauptete Einsamkeit nicht einfach als endgültige Wahrheit hinzunehmen.","Die Katze hilft in einer späteren Situation, nicht vor der Suche.","Eine Eule nennt diesen entscheidenden Hinweis nicht.","Ein Fuchs ist nicht der gesuchte Bote.","Der Schmetterling liefert den Hinweis.","In den Worten des Schmetterlings steckt die Spur.","mittel","https://en.wikipedia.org/wiki/The_Last_Unicorn_(film)|https://catalog.afi.com/Film/56836-THE-LAST-UNICORN","redaktionell_quellengeprueft"
"G100-20261008-FANTASY-007-L2","K-G100-20261008-FANTASY-007-L2","","de","Film","Fantasy","Das letzte Einhorn","The Last Unicorn","1982","","leicht","Filmwissen","Fantasy","Fantasy","Die Schaustellung macht echte Magie zur Ware.","Wo hält Mommy Fortuna (Originalstimme: Angela Lansbury) das Einhorn (Originalstimme: Mia Farrow) in „Das letzte Einhorn“ zunächst gefangen?","In einer fahrenden Schaustellung","In einem königlichen Tiergarten","In einem Tierhändlerlager am Hafen","In einer Höhle unter einem Tempel","A","Das Einhorn wird zur Attraktion einer Schaustellung.","Mommy Fortuna (Originalstimme: Angela Lansbury) führt eine fahrende Schau vermeintlicher Fabelwesen. Das Einhorn (Originalstimme: Mia Farrow) gerät in ihre Gefangenschaft und wird dort wie eine weitere Attraktion vorgeführt. Die anderen Käfige mischen gewöhnliche Tiere mit Täuschungen und echter Gefahr. Schmendrick (Originalstimme: Alan Arkin) arbeitet bei der Schau, erkennt aber die Besonderheit der Gefangenen und ermöglicht später ihre Flucht.","Fortuna zeigt es in ihrer fahrenden Schaustellung.","Ein königlicher Tiergarten ist nicht der Ort der Gefangenschaft.","Ein Tierhändlerlager ist nicht der Ort ihrer Vorführung.","Eine Tempelhöhle ist nicht Fortunas Schauplatz.","Die Schaustellung macht echte Magie zur Ware.","mittel","https://en.wikipedia.org/wiki/The_Last_Unicorn_(film)|https://catalog.afi.com/Film/56836-THE-LAST-UNICORN","redaktionell_quellengeprueft"
"G100-20261008-FANTASY-007-M1","K-G100-20261008-FANTASY-007-M1","","de","Film","Fantasy","Das letzte Einhorn","The Last Unicorn","1982","","mittel","Filmwissen","Fantasy","Fantasy","Ein falsches Horn macht das echte Einhorn erkennbar.","Warum versieht Fortuna (Originalstimme: Angela Lansbury) das Einhorn (Originalstimme: Mia Farrow) in „Das letzte Einhorn“ mit einem zusätzlichen Hornzauber?","Damit es sein echtes Horn nicht als Waffe nutzt.","Damit gewöhnliche Besucher es als Einhorn erkennen.","Damit der Rote Stier seine Spur verliert.","Damit sein echtes Horn unsichtbar bleibt.","B","Die Schau braucht eine künstliche Sichtbarkeit der echten Magie.","Mommy Fortuna (Originalstimme: Angela Lansbury) verfügt tatsächlich über ein Einhorn (Originalstimme: Mia Farrow), doch gewöhnliche Menschen erkennen dessen wahre Gestalt nicht. Deshalb fügt sie einen künstlichen Hornzauber hinzu, damit das Publikum die beworbene Attraktion überhaupt sieht. Der Film trennt hier wirkliche Magie von ihrer vorführbaren Erscheinung. Eine echte Besonderheit muss für die Schau erst in ein verständliches Zeichen übersetzt werden.","Der Zusatzzauber dient nicht der Entwaffnung.","Die Besucher können die echte Einhornmagie nicht erkennen.","Das Horn soll nicht den Roten Stier auf eine falsche Spur führen.","Der Zweck ist ein sichtbares Schaumerkmal, keine Verbergung.","Ein falsches Horn macht das echte Einhorn erkennbar.","mittel","https://en.wikipedia.org/wiki/The_Last_Unicorn_(film)|https://catalog.afi.com/Film/56836-THE-LAST-UNICORN","redaktionell_quellengeprueft"
"G100-20261008-FANTASY-007-M2","K-G100-20261008-FANTASY-007-M2","","de","Film","Fantasy","Das letzte Einhorn","The Last Unicorn","1982","","mittel","Filmwissen","Fantasy","Fantasy","Amaltheas Gestalt schützt und entfremdet zugleich.","Weshalb schützt Schmendricks (Originalstimme: Alan Arkin) Verwandlung das Einhorn (Originalstimme: Mia Farrow) in „Das letzte Einhorn“ zunächst vor dem Roten Stier?","Die Verwandlung macht es vollständig unsichtbar.","Die neue Gestalt kann durch feste Mauern gehen.","Der Stier verfolgt die menschliche Gestalt zunächst nicht.","Der Stier hält die neue Gestalt für seine Herrin.","C","Die menschliche Gestalt fällt zunächst aus dem Interesse des Stiers.","Schmendrick (Originalstimme: Alan Arkin) verwandelt das Einhorn (Originalstimme: Mia Farrow) in eine junge Frau, als der Rote Stier es bedroht. Der Gegner verliert zunächst das Interesse an dieser menschlichen Gestalt. Die Rettung hat jedoch einen Preis: Als Amalthea erfährt sie Sterblichkeit und beginnt, ihre frühere Existenz zu vergessen. Schutz vor einer äußeren Gefahr verändert so zugleich ihr Verhältnis zu sich selbst.","Unsichtbar wird das Einhorn durch die Verwandlung nicht.","Durch Mauern zu gehen ist nicht die Schutzwirkung.","Der Stier verliert an der menschlichen Gestalt zunächst das Interesse.","Es gewinnt keine Herrschaft über den Stier.","Amaltheas Gestalt schützt und entfremdet zugleich.","hoch","https://en.wikipedia.org/wiki/The_Last_Unicorn_(film)|https://catalog.afi.com/Film/56836-THE-LAST-UNICORN","redaktionell_quellengeprueft"
"G100-20261008-FANTASY-007-S1","K-G100-20261008-FANTASY-007-S1","","de","Film","Fantasy","Das letzte Einhorn","The Last Unicorn","1982","","schwer","Filmwissen","Fantasy","Fantasy","Haggards Freude beruht auf den Einhörnern im Meer.","Wo hält Haggard (Originalstimme: Christopher Lee) die übrigen Einhörner in „Das letzte Einhorn“ verborgen?","In einer Höhle unter dem Wald","In den Wolken über seinem Reich","In einem verspiegelten Turm","Im Meer vor seinem Schloss","D","Haggard hält die Einhörner im Meer gefangen.","Haggard (Originalstimme: Christopher Lee) besitzt die anderen Einhörner nicht als gewöhnliche Hofattraktion. Der Rote Stier hat sie ins Meer vor seinem Schloss getrieben, wo der König sie betrachten kann. Ihre Schönheit verschafft ihm Freude, doch diese Freude beruht auf ihrer Gefangenschaft. Der Blick vom Schloss aus verbindet deshalb eine ästhetische Sehnsucht mit einer Herrschaft, die anderen Wesen ihre Freiheit nimmt.","Die Waldhöhle ist nicht ihr Gefängnis.","Sie werden nicht in den Wolken festgehalten.","Ein verspiegelter Turm ist nicht ihr Aufenthaltsort.","Die Einhörner sind im Meer vor Haggards Schloss gefangen.","Haggards Freude beruht auf den Einhörnern im Meer.","hoch","https://en.wikipedia.org/wiki/The_Last_Unicorn_(film)|https://catalog.afi.com/Film/56836-THE-LAST-UNICORN","redaktionell_quellengeprueft"
"G100-20261008-FANTASY-007-S2","K-G100-20261008-FANTASY-007-S2","","de","Film","Fantasy","Das letzte Einhorn","The Last Unicorn","1982","","schwer","Filmwissen","Fantasy","Fantasy","Der Schädel schmeckt den Wein, den er sich vorstellt.","Womit gewinnt Schmendrick (Originalstimme: Alan Arkin) den sprechenden Schädel in „Das letzte Einhorn“ für einen Zugangshinweis?","Mit vorgetäuschtem Wein aus einer leeren Flasche","Mit vorgetäuschtem Gold in einem leeren Beutel","Mit einer versprochenen neuen Körpergestalt","Mit einer versprochenen Reise ins Sonnenlicht","A","Eine leere Flasche liefert den vermeintlichen Wein.","Schmendrick (Originalstimme: Alan Arkin) muss dem sprechenden Schädel (Originalstimme: René Auberjonois) einen Hinweis zum verborgenen Zugang entlocken. Dafür gibt er ihm vermeintlichen Wein aus einer leeren Flasche. Die Täuschung wirkt, weil der Schädel das angebotene Vergnügen selbst ergänzt. Eine kleine Darbietung ersetzt hier große Zaubermacht und eröffnet den Weg zum verborgenen Aufenthaltsort des Gegners. Was die Gruppe sucht, liegt hinter einer zunächst verschlossenen Grenze.","Er lässt den Schädel vermeintlichen Wein aus einer leeren Flasche genießen.","Gold im Beutel ist nicht das Lockmittel.","Eine neue Körpergestalt wird nicht versprochen.","Eine Reise ins Sonnenlicht ist nicht die vereinbarte Belohnung.","Der Schädel schmeckt den Wein, den er sich vorstellt.","hoch","https://catalog.afi.com/Film/56836-THE-LAST-UNICORN","redaktionell_quellengeprueft"
"G100-20261008-FANTASY-007-Y","K-G100-20261008-FANTASY-007-Y","","de","Film","Fantasy","Das letzte Einhorn","The Last Unicorn","1982","","mittel","Filmjahr","Fantasy","Fantasy","Roman 1968, Film 1982: 14 Jahre.","In welchem Jahr wurde der Animationsfilm „Das letzte Einhorn“ erstmals veröffentlicht?","1978","1982","1986","1990","B","Die erste Veröffentlichung war 1982.","Peter S. Beagles Roman Das letzte Einhorn erschien 1968; die Verfilmung folgte 1982, 14 Jahre später. AFI dokumentiert die literarische Quelle und das Veröffentlichungsjahr. Beagle schrieb auch das Drehbuch, sodass der Stoff nicht ohne Beteiligung seines Autors übertragen wurde. Der zeitliche Abstand und die personelle Verbindung zeigen zwei verschiedene Ebenen der Adaption: eine spätere Filmproduktion und die fortgesetzte Arbeit am eigenen Text.","1978 liegt vier Jahre davor.","Der Film erschien erstmals 1982.","1986 ist vier Jahre zu spät.","1990 liegt acht Jahre nach der Veröffentlichung.","Roman 1968, Film 1982: 14 Jahre.","mittel","https://catalog.afi.com/Film/56836-THE-LAST-UNICORN","redaktionell_quellengeprueft"
"G100-20261008-FANTASY-007-D","K-G100-20261008-FANTASY-007-D","","de","Film","Fantasy","Das letzte Einhorn","The Last Unicorn","1982","","mittel","Regie","Fantasy","Fantasy","Rankin und Bass: Hauptregie; Topcraft: Animation.","Welches vollständige Team führte bei „Das letzte Einhorn“ die Hauptregie?","Don Bluth und Gary Goldman","Ron Clements und John Musker","Arthur Rankin Jr. und Jules Bass","John Halas und Joy Batchelor","C","Arthur Rankin Jr. und Jules Bass führten gemeinsam Regie.","AFI führt Arthur Rankin Jr. und Jules Bass als Hauptregisseure. Die Animation entstand bei Topcraft in Tokio, wie der BFI-Beitrag erläutert. Katsuhisa Yamada wird im AFI-Katalog für Storyboard und Animationsregie genannt, ohne deshalb dem Hauptregieteam zugerechnet zu werden. Die Produktion verbindet somit verschiedene Arbeitsbereiche und Standorte, deren konkrete Credits bei einer vollständigen Regieantwort sorgfältig auseinanderzuhalten sind.","Bluth und Goldman sind nicht das Regieteam dieses Films.","Clements und Musker inszenierten andere Animationsfilme.","Arthur Rankin Jr. und Jules Bass tragen beide Hauptcredits.","Halas und Batchelor tragen diese Hauptcredits nicht.","Rankin und Bass: Hauptregie; Topcraft: Animation.","mittel","https://catalog.afi.com/Film/56836-THE-LAST-UNICORN|https://www.bfi.org.uk/lists/10-great-animated-fantasy-films","redaktionell_quellengeprueft"
"G100-20261008-FANTASY-008-L1","K-G100-20261008-FANTASY-008-L1","","de","Film","Fantasy","Hook","Hook","1991","","leicht","Filmwissen","Fantasy","Fantasy","Der frühere Junge lebt als beschäftigter Anwalt.","Welchen Beruf übt der erwachsene Peter Banning (Robin Williams) in „Hook“ aus?","Unternehmensanwalt","Kinderarzt","Schiffskapitän","Architekt","A","Peter Banning ist Unternehmensanwalt.","Peter Banning (Robin Williams) ist ein beruflich stark beanspruchter Unternehmensanwalt. Seine Arbeit und ständige Erreichbarkeit belasten das Verhältnis zu seiner Familie. Das Abenteuer setzt deshalb nicht bei einem unbeschwerten Kind an, sondern bei einem Erwachsenen, der den Zugang zu seiner früheren Lebenswelt verloren hat. Der Gegensatz zwischen Geschäftsroutine und wiedergewonnener Vorstellungskraft wird für seine Entwicklung im Verlauf entscheidend.","Peter Banning arbeitet als Unternehmensanwalt.","Kinderarzt ist nicht sein Beruf.","Er ist kein beruflicher Schiffskapitän.","Architekt wird als Tätigkeit nicht genannt.","Der frühere Junge lebt als beschäftigter Anwalt.","mittel","https://en.wikipedia.org/wiki/Hook_(film)","redaktionell_quellengeprueft"
"G100-20261008-FANTASY-008-L2","K-G100-20261008-FANTASY-008-L2","","de","Film","Fantasy","Hook","Hook","1991","","leicht","Filmwissen","Fantasy","Fantasy","Wendys Enkelin verbindet beide Lebensphasen.","Wie ist Peters (Robin Williams) Frau Moira (Caroline Goodall) mit Wendy (Maggie Smith) in „Hook“ verwandt?","Sie ist ihre Tochter.","Sie ist ihre Enkelin.","Sie ist ihre Großnichte.","Sie ist ihre Schwiegertochter.","B","Moira ist Wendys Enkelin.","Moira (Caroline Goodall) ist die Enkelin der erwachsenen Wendy (Maggie Smith). Peter Banning (Robin Williams) hat sich für ein Leben mit ihr entschieden und blieb dadurch in der Menschenwelt. Die Verwandtschaft verbindet die frühere Peter-Pan-Geschichte mit seiner heutigen Familie. Beim Besuch in London begegnet er deshalb nicht nur einer freundlichen alten Bekannten, sondern einer Person, die seine verdrängte Vergangenheit und seinen Lebenswechsel kennt.","Wendys Tochter ist sie nicht.","Moira ist Wendys Enkelin.","Eine Großnichte ist nicht die gesuchte Beziehung.","Moira ist nicht Wendys Schwiegertochter.","Wendys Enkelin verbindet beide Lebensphasen.","mittel","https://en.wikipedia.org/wiki/Hook_(film)","redaktionell_quellengeprueft"
"G100-20261008-FANTASY-008-M1","K-G100-20261008-FANTASY-008-M1","","de","Film","Fantasy","Hook","Hook","1991","","mittel","Filmwissen","Fantasy","Fantasy","Rufio regiert die Gruppe vor der Rückkehr des Helden.","Wer führt die verlorenen Jungen vor Peters (Robin Williams) Rückkehr in „Hook“ an?","Thud Butt (Raushan Hammond)","Ace (Jasen Fisher)","Rufio (Dante Basco)","Pockets (Isaiah Robinson)","C","Rufio führt die verlorenen Jungen an.","Rufio (Dante Basco) leitet die verlorenen Jungen, als der erwachsene Peter (Robin Williams) zu ihnen kommt. Für die Gruppe ist der unbeholfene Besucher zunächst kaum als früherer Held zu erkennen. Der vorhandene Anführer muss sich daher mit einem Anspruch auf Zugehörigkeit auseinandersetzen, der nicht durch die sichtbaren Fähigkeiten gedeckt ist. Anerkennung entsteht erst im Verlauf des gemeinsamen Trainings und der wiederkehrenden Erinnerung.","Thud Butt übernimmt erst später die Führung.","Ace ist nicht der anfängliche Anführer.","Rufio ist zunächst der Anführer.","Pockets führt die Gruppe zu Beginn nicht an.","Rufio regiert die Gruppe vor der Rückkehr des Helden.","mittel","https://en.wikipedia.org/wiki/Hook_(film)","redaktionell_quellengeprueft"
"G100-20261008-FANTASY-008-M2","K-G100-20261008-FANTASY-008-M2","","de","Film","Fantasy","Hook","Hook","1991","","mittel","Filmwissen","Fantasy","Fantasy","Hook nutzt Jacks Enttäuschung für seine Zuwendung.","Womit gewinnt Hook (Dustin Hoffman) Jack (Charlie Korsmo) in „Hook“ für sich?","Mit einem Fest und der Ernennung zum Piratenkapitän","Mit einem Wettschießen und eigenen Pistolen","Mit einem Schatzsuchspiel und einer Karte","Mit Aufmerksamkeit und einem veranstalteten Baseballspiel","D","Hook bietet Jack die vermisste väterliche Aufmerksamkeit.","Jack (Charlie Korsmo) fühlt sich von seinem Vater Peter (Robin Williams) wiederholt enttäuscht. Hook (Dustin Hoffman) nutzt diese Verletzung, nimmt eine väterliche Rolle an und veranstaltet ein Baseballspiel. Die Zuwendung trifft damit auf einen konkreten Mangel im Familienleben. Peters Aufgabe ist deshalb größer als eine bloße Befreiung aus Gefangenschaft: Er muss auch das Vertrauen seines Sohnes zurückgewinnen.","Eine Ernennung zum Piratenkapitän ist nicht der entscheidende Köder.","Wettschießen und eigene Pistolen ersetzen das Baseballspiel nicht.","Ein Schatzsuchspiel mit Karte ist nicht das Mittel dieser Annäherung.","Hook gibt Jack Aufmerksamkeit und lässt für ihn Baseball spielen.","Hook nutzt Jacks Enttäuschung für seine Zuwendung.","mittel","https://en.wikipedia.org/wiki/Hook_(film)","redaktionell_quellengeprueft"
"G100-20261008-FANTASY-008-S1","K-G100-20261008-FANTASY-008-S1","","de","Film","Fantasy","Hook","Hook","1991","","schwer","Filmwissen","Fantasy","Fantasy","Vaterglück bringt die frühere Flugfähigkeit zurück.","Welche Erinnerung gibt Peter (Robin Williams) in „Hook“ den glücklichen Gedanken zum erneuten Fliegen?","Die Geburt seines Sohnes","Ein gemeinsames Kindheitsspiel","Ein gewonnener Zweikampf","Die eigene Hochzeit","A","Die Geburt seines Sohnes liefert den glücklichen Gedanken.","Peter (Robin Williams) findet beim Wiedergewinnen seiner Vergangenheit nicht einfach eine beliebige Kindheitserinnerung. Der entscheidende glückliche Gedanke ist die Geburt seines Sohnes. Gerade ein Erlebnis aus seinem erwachsenen Familienleben lässt ihn wieder fliegen. Seine Entwicklung verlangt dadurch keine vollständige Absage an das Erwachsensein. Die lange vernachlässigte Vaterrolle wird vielmehr zur Verbindung zwischen früherer Fähigkeit und gegenwärtiger Verantwortung.","Die Erinnerung an die Geburt seines Sohnes ermöglicht das Fliegen.","Ein Kindheitsspiel ist nicht der entscheidende Glücksgedanke.","Ein gewonnener Zweikampf liefert hier nicht den Glücksgedanken.","Seine Hochzeit ist nicht die konkrete Erinnerung dieses Moments.","Vaterglück bringt die frühere Flugfähigkeit zurück.","hoch","https://en.wikipedia.org/wiki/Hook_(film)","redaktionell_quellengeprueft"
"G100-20261008-FANTASY-008-S2","K-G100-20261008-FANTASY-008-S2","","de","Film","Fantasy","Hook","Hook","1991","","schwer","Filmwissen","Fantasy","Fantasy","Die verlorenen Murmeln kommen mit Feenstaub zurück.","Was findet Tootles (Arthur Malet) in „Hook“ neben seinen Murmeln im zurückgebrachten Beutel?","Goldmünzen","Feenstaub","Einen kleinen Kompass","Eine Muschel","B","Der Murmelbeutel enthält Feenstaub.","Tootles (Arthur Malet) hat als alter Mann seine Murmeln verloren. Peter (Robin Williams) bringt den Beutel aus Nimmerland zurück, nachdem Thud Butt (Raushan Hammond) ihn übergeben hat. Darin befindet sich auch Feenstaub, mit dem Tootles wieder fortfliegen kann. Ein früher scheinbar nebensächlicher Verlust wird so zum konkreten Bindeglied zwischen dem Londoner Alltag und der Welt seiner eigenen Kindheit.","Goldmünzen sind nicht die entscheidende zusätzliche Gabe.","Im Beutel befindet sich auch Feenstaub.","Ein Kompass ist nicht der zusätzliche Inhalt.","Eine Muschel wird nicht als zusätzlicher Inhalt gezeigt.","Die verlorenen Murmeln kommen mit Feenstaub zurück.","hoch","https://en.wikipedia.org/wiki/Hook_(film)","redaktionell_quellengeprueft"
"G100-20261008-FANTASY-008-Y","K-G100-20261008-FANTASY-008-Y","","de","Film","Fantasy","Hook","Hook","1991","","mittel","Filmjahr","Fantasy","Fantasy","Hook 1991, Jurassic Park 1993: zwei Jahre.","In welchem Jahr wurde „Hook“ mit Robin Williams erstmals veröffentlicht?","1987","1993","1991","1995","C","Hook wurde 1991 erstmals veröffentlicht.","Hook erschien 1991; Steven Spielbergs Jurassic Park folgte 1993, zwei Jahre später. AFI belegt das erste Veröffentlichungsjahr, Universal das spätere Werk in seiner Studiogeschichte. Beide Filme führen Familienpublikum in außergewöhnliche Welten, setzen aber andere Grundsituationen ein. Hier kehrt ein erwachsener Vater in seine verdrängte Märchenvergangenheit zurück. Der Zeitvergleich verortet diese Arbeit unmittelbar vor Spielbergs Dinosaurierabenteuer.","1987 liegt vier Jahre vor der Veröffentlichung.","1993 gehört zum späteren Jurassic Park.","Hook erschien erstmals 1991.","1995 ist vier Jahre zu spät.","Hook 1991, Jurassic Park 1993: zwei Jahre.","mittel","https://catalog.afi.com/Film/67369-HOOK|https://www.universalpictures.com/about/|https://en.wikipedia.org/wiki/Hook_(film)","redaktionell_quellengeprueft"
"G100-20261008-FANTASY-008-D","K-G100-20261008-FANTASY-008-D","","de","Film","Fantasy","Hook","Hook","1991","","mittel","Regie","Fantasy","Fantasy","Spielberg inszeniert den erwachsenen Peter Pan.","Wer führte bei „Hook“ mit Robin Williams die Hauptregie?","Robert Zemeckis","Joe Dante","Barry Levinson","Steven Spielberg","D","Steven Spielberg führte die Hauptregie.","AFI und Sony führen Steven Spielberg als Regisseur. Die Geschichte stellt Peter Pan als erwachsenen Peter Banning (Robin Williams) vor, der seine Familie und seine frühere Identität miteinander verbinden muss. Nick Castle war an einer früheren Entwicklungsphase beteiligt, ist aber nicht der Hauptregisseur des veröffentlichten Films. Der Credit gehört zu einer Forterzählung, die den bekannten Helden aus der Perspektive verlorener Erinnerung betrachtet.","Robert Zemeckis ist nicht der Regisseur dieses Films.","Joe Dante trägt hier keinen Hauptregiecredit.","Barry Levinson führte bei Hook nicht Regie.","Steven Spielberg führte die Hauptregie.","Spielberg inszeniert den erwachsenen Peter Pan.","mittel","https://catalog.afi.com/Film/67369-HOOK|https://www.sonypicturesmuseum.com/collection/film/657/hook.html|https://en.wikipedia.org/wiki/Hook_(film)","redaktionell_quellengeprueft"
"G100-20261008-FANTASY-009-L1","K-G100-20261008-FANTASY-009-L1","","de","Film","Fantasy","Mrs. Brisby und das Geheimnis von NIMH","The Secret of NIMH","1982","","leicht","Filmwissen","Fantasy","Fantasy","Eine kleine Feldmaus trägt eine große Rettungsaufgabe.","Welche Art von Tier ist die Hauptfigur in „Mrs. Brisby und das Geheimnis von NIMH“?","Eine Spitzmaus","Eine Feldmaus","Eine Wanderratte","Ein Hamster","B","Die verwitwete Mrs. Brisby ist eine Feldmaus.","Mrs. Brisby (Originalstimme Elizabeth Hartman) lebt mit ihren Kindern auf einem Bauernhof. Als Feldmaus ist sie klein genug, um sich zwischen menschlichen Geräten und Gebäuden zu bewegen, bleibt dabei jedoch vielen Gefahren ausgesetzt. Ihre Rettungsaufgabe beginnt im eigenen Haushalt. Der Film erweitert diese alltägliche Sorge später um die ungewöhnliche Gemeinschaft der Ratten, deren Fähigkeiten weit über das normale Tierleben hinausgehen.","Eine Spitzmaus gehört ebenfalls zur Tierwelt, ist aber nicht die Hauptfigur.","Mrs. Brisby ist eine Feldmaus.","Die Ratten bilden eine eigene Gemeinschaft.","Mrs. Brisby ist kein Hamster.","Eine kleine Feldmaus trägt eine große Rettungsaufgabe.","mittel","https://en.wikipedia.org/wiki/The_Secret_of_NIMH","redaktionell_quellengeprueft"
"G100-20261008-FANTASY-009-L2","K-G100-20261008-FANTASY-009-L2","","de","Film","Fantasy","Mrs. Brisby und das Geheimnis von NIMH","The Secret of NIMH","1982","","leicht","Filmwissen","Fantasy","Fantasy","Das Feld muss geräumt werden, das kranke Kind darf nicht hinaus.","Warum kann Mrs. Brisby (Originalstimme Elizabeth Hartman) ihre Familie in „Mrs. Brisby und das Geheimnis von NIMH“ nicht sofort umsiedeln?","Ihr Sohn hat ein gebrochenes Bein.","Ihre Tochter ist nach einem Unfall blind.","Ihr Sohn leidet an einer Lungenentzündung.","Ihre Tochter liegt mit einer Vergiftung im Bett.","C","Die Lungenentzündung ihres Sohnes verhindert einen sofortigen Umzug.","Mrs. Brisby (Originalstimme Elizabeth Hartman) muss ihre Kinder vor dem bevorstehenden Pflügen schützen. Ihr Sohn Timothy (Originalstimme Ina Fried, als Ian Fried kreditiert) ist jedoch an einer Lungenentzündung erkrankt und benötigt Ruhe und Wärme. Das sichere Verlassen des Feldes ist deshalb gerade für ihn gefährlich. Aus diesem Widerspruch entsteht die eigentliche Rettungsaufgabe: Die Mutter muss Hilfe finden, die nicht nur die gesunden Familienmitglieder berücksichtigt.","Ein Beinbruch ist nicht das Hindernis für den Sohn.","Eine erblindete Tochter bestimmt den Umzug nicht.","Der kranke Sohn darf wegen seiner Lungenentzündung nicht der Kälte ausgesetzt werden.","Eine Vergiftung der Tochter ist nicht der Auslöser.","Das Feld muss geräumt werden, das kranke Kind darf nicht hinaus.","mittel","https://en.wikipedia.org/wiki/The_Secret_of_NIMH|https://catalog.afi.com/Catalog/moviedetails/56868|https://en.wikipedia.org/wiki/Ina_Fried","redaktionell_quellengeprueft"
"G100-20261008-FANTASY-009-M1","K-G100-20261008-FANTASY-009-M1","","de","Film","Fantasy","Mrs. Brisby und das Geheimnis von NIMH","The Secret of NIMH","1982","","mittel","Filmwissen","Fantasy","Fantasy","Thorn Valley steht für Selbstständigkeit statt gestohlener Versorgung.","Welchen Zukunftsplan verfolgt die Rattengemeinschaft in „Mrs. Brisby und das Geheimnis von NIMH“?","Das vorhandene Farmversteck weiter ausbauen.","Andere Versuchstiere aus dem Labor befreien.","In die Kanalisation der nächsten Stadt ziehen.","Unabhängig von Menschen in einem Tal leben.","D","Die Ratten planen eine selbstständige Existenz im Thorn Valley.","Nicodemus (Originalstimme Derek Jacobi) führt eine Gemeinschaft ungewöhnlich intelligenter Ratten. Ihre technische Versorgung auf der Farm beruht bisher auf menschlichen Ressourcen. Der geplante Umzug ins Thorn Valley soll diese Abhängigkeit beenden. Jenner (Originalstimme Paul Shenar) widersetzt sich dem Vorhaben. Der Konflikt betrifft damit nicht nur den Wohnort, sondern die Frage, ob die Gemeinschaft ihre Fähigkeiten für ein eigenständiges Leben einsetzen will.","Der Plan zielt auf einen Umzug und eigenständige Versorgung, nicht auf den Ausbau des Farmverstecks.","Eine neue Laborbefreiung ist nicht der gemeinsame Zukunftsplan.","Die geplante neue Heimat liegt im Thorn Valley, nicht in einer städtischen Kanalisation.","Die Ratten wollen im Thorn Valley selbstständig leben.","Thorn Valley steht für Selbstständigkeit statt gestohlener Versorgung.","mittel","https://en.wikipedia.org/wiki/The_Secret_of_NIMH|https://catalog.afi.com/Catalog/moviedetails/56868","redaktionell_quellengeprueft"
"G100-20261008-FANTASY-009-M2","K-G100-20261008-FANTASY-009-M2","","de","Film","Fantasy","Mrs. Brisby und das Geheimnis von NIMH","The Secret of NIMH","1982","","mittel","Filmwissen","Fantasy","Fantasy","Klein genug für den Zugang, mutig genug für die Katze.","Warum muss gerade Mrs. Brisby (Originalstimme Elizabeth Hartman) in „Mrs. Brisby und das Geheimnis von NIMH“ die Katze betäuben?","Sie passt durch den engen Zugang zur Schüssel der Katze.","Sie kennt als Einzige den Weg durch die Küche.","Nur sie kann das Schlafmittel herstellen.","Die Katze lässt nur sie an sich heran.","A","Für den engen Weg zur Schüssel der Katze ist die Maus klein genug.","Die Katze des Bauern gefährdet die geplante Arbeit am Haus. Mrs. Brisby (Originalstimme Elizabeth Hartman) soll deshalb ein Schlafmittel in deren Schüssel geben. Entscheidend ist ihre geringe Körpergröße: Sie erreicht die Schüssel durch einen Zugang, der für die Helfer zu eng ist. Die Aufgabe verwandelt einen vermeintlichen Nachteil in einen Nutzen, beseitigt aber das persönliche Risiko nicht. Die Mutter muss in den gefährlichen menschlichen Wohnbereich eindringen.","Die kleine Maus passt durch den Zugang, den die Ratten nicht benutzen können.","Entscheidend ist der enge Zugang zur Schüssel, nicht exklusives Wissen über die Küche.","Das Schlafmittel stellt nicht Mrs. Brisby selbst her.","Die Katze ist auch für sie gefährlich.","Klein genug für den Zugang, mutig genug für die Katze.","mittel","https://en.wikipedia.org/wiki/The_Secret_of_NIMH","redaktionell_quellengeprueft"
"G100-20261008-FANTASY-009-S1","K-G100-20261008-FANTASY-009-S1","","de","Film","Fantasy","Mrs. Brisby und das Geheimnis von NIMH","The Secret of NIMH","1982","","schwer","Filmwissen","Fantasy","Fantasy","Das gerissene Seil verbirgt einen gezielten Machtwechsel.","Wie sabotiert Jenner (Originalstimme Paul Shenar) den Hausumzug in „Mrs. Brisby und das Geheimnis von NIMH“?","Er löst die Verankerung der Winde.","Er durchtrennt ein Seil des Hebemechanismus.","Er zerbricht die Auflage unter dem Haus.","Er verkeilt das Getriebe der Zugvorrichtung.","B","Jenner kappt ein Seil und verursacht den tödlichen Absturz der Last.","Jenner (Originalstimme Paul Shenar) will den Aufbruch der Ratten verhindern. Während des Hausumzugs manipuliert er den Hebemechanismus, sodass die Last auf Nicodemus (Originalstimme Derek Jacobi) stürzt und ihn tötet. Die Hilfe für die Mäuse wird damit zum Schauplatz eines Machtkampfs. Justin (Originalstimme Peter Strauss) erkennt die Gefahr, doch der Konflikt zwischen den Ratten ist bereits in offene Gewalt umgeschlagen.","Eine gelöste Windenverankerung ist nicht die gezeigte Sabotage.","Das durchtrennte Seil lässt die Last auf Nicodemus fallen.","Er zerbricht nicht die Auflage des Hauses.","Das Getriebe wird nicht von ihm verkeilt.","Das gerissene Seil verbirgt einen gezielten Machtwechsel.","hoch","https://en.wikipedia.org/wiki/The_Secret_of_NIMH|https://catalog.afi.com/Catalog/moviedetails/56868","redaktionell_quellengeprueft"
"G100-20261008-FANTASY-009-S2","K-G100-20261008-FANTASY-009-S2","","de","Film","Fantasy","Mrs. Brisby und das Geheimnis von NIMH","The Secret of NIMH","1982","","schwer","Filmwissen","Fantasy","Fantasy","Die Technik reicht nicht aus; der Wille aktiviert die Magie.","Was rettet in „Mrs. Brisby und das Geheimnis von NIMH“ das schließlich im Schlamm versinkende Haus?","Ein von den Ratten verlegtes Entwässerungsrohr","Ein zusätzlich gebauter Flaschenzug","Ein durch Willenskraft aktiviertes Amulett","Eine von der Farm geholte elektrische Pumpe","C","Mrs. Brisbys Willenskraft aktiviert das Amulett und hebt das Haus.","Als das Haus im Schlamm versinkt, scheinen die technischen Bemühungen gescheitert. Mrs. Brisby (Originalstimme Elizabeth Hartman) konzentriert ihren Willen auf das Amulett, das ihr Nicodemus (Originalstimme Derek Jacobi) gegeben hat. Seine Magie hebt das Haus an einen sicheren Ort. Die Rettung verbindet damit die zuvor organisierte Hilfe mit einer fantastischen Kraft, deren Einsatz an die Entschlossenheit der Mutter gebunden ist.","Ein Entwässerungsrohr löst die Schlusskrise nicht.","Ein zusätzlicher Flaschenzug beendet das Versinken nicht.","Das Amulett reagiert auf Mrs. Brisbys Willenskraft.","Eine elektrische Pumpe ist nicht das rettende Mittel.","Die Technik reicht nicht aus; der Wille aktiviert die Magie.","hoch","https://en.wikipedia.org/wiki/The_Secret_of_NIMH|https://catalog.afi.com/Catalog/moviedetails/56868","redaktionell_quellengeprueft"
"G100-20261008-FANTASY-009-Y","K-G100-20261008-FANTASY-009-Y","","de","Film","Fantasy","Mrs. Brisby und das Geheimnis von NIMH","The Secret of NIMH","1982","","mittel","Filmjahr","Fantasy","Fantasy","Roman 1971, Film 1982: elf Jahre bis zur Verfilmung.","In welchem Jahr wurde „Mrs. Brisby und das Geheimnis von NIMH“ erstmals veröffentlicht?","1978","1985","1989","1982","D","Der erste Kinostart erfolgte 1982.","The Secret of NIMH erschien 1982. Die Romanvorlage Mrs. Frisby and the Rats of NIMH von Robert C. O’Brien wurde 1971 veröffentlicht; zwischen Buch und Film liegen elf Jahre. AFI dokumentiert sowohl die Vorlage als auch den ersten Kinostart. Die Verfilmung übernimmt die Gemeinschaft intelligenter Ratten, ergänzt ihre Geschichte jedoch um einen ausgeprägten magischen Rettungsweg für die bedrohte Mäusefamilie.","1978 liegt vier Jahre vor dem Erststart.","1985 liegt drei Jahre nach dem Erststart.","1989 ist sieben Jahre zu spät.","1982 ist der von AFI belegte Erstjahrgang.","Roman 1971, Film 1982: elf Jahre bis zur Verfilmung.","mittel","https://en.wikipedia.org/wiki/The_Secret_of_NIMH|https://catalog.afi.com/Catalog/moviedetails/56868","redaktionell_quellengeprueft"
"G100-20261008-FANTASY-009-D","K-G100-20261008-FANTASY-009-D","","de","Film","Fantasy","Mrs. Brisby und das Geheimnis von NIMH","The Secret of NIMH","1982","","mittel","Regie","Fantasy","Fantasy","Don Bluth führt die Hauptregie der kleinen, gefährlichen Tierwelt.","Wer führte bei „Mrs. Brisby und das Geheimnis von NIMH“ die Hauptregie?","Don Bluth","Ralph Bakshi","Richard Rich","Martin Rosen","A","Die Hauptregie stammt von Don Bluth.","Don Bluth führte die Hauptregie von The Secret of NIMH. John Pomeroy und Gary Goldman gehören ebenfalls zum zentralen Herstellungsteam, werden aber nicht als weitere Hauptregisseure geführt. Für die Zuordnung zählt der konkrete Credit des fertigen Films. Die Verbindung aus sorgfältiger Zeichentrickarbeit, bedrohlicher Tierwelt und fantastischer Rettung prägt eine Inszenierung, deren Schauplätze aus menschlicher Sicht klein, für die Figuren jedoch gewaltig erscheinen.","Don Bluth trägt den alleinigen Hauptregiecredit.","Ralph Bakshi führte bei diesem Film nicht Regie.","Richard Rich ist nicht der Hauptregisseur dieses Films.","Martin Rosen inszenierte diesen Film nicht.","Don Bluth führt die Hauptregie der kleinen, gefährlichen Tierwelt.","mittel","https://en.wikipedia.org/wiki/The_Secret_of_NIMH|https://catalog.afi.com/Catalog/moviedetails/56868","redaktionell_quellengeprueft"
"G100-20261008-FANTASY-010-L1","K-G100-20261008-FANTASY-010-L1","","de","Film","Fantasy","Ponyo – Das große Abenteuer am Meer","Gake no Ue no Ponyo","2008","","leicht","Filmwissen","Fantasy","Fantasy","Ein befreiter kleiner Fisch wird zum ungewöhnlichen Freund.","In welcher Gestalt begegnet die Titelfigur Sōsuke (Originalstimme Hiroki Doi) zuerst in „Ponyo – Das große Abenteuer am Meer“?","Als kleine Möwe","Als junge Schildkröte","Als kleiner Fisch","Als winzige Qualle","C","Ponyo begegnet Sōsuke zunächst als kleiner Fisch.","Ponyo (japanische Originalstimme Yuria Nara) verlässt heimlich die Unterwasserwelt ihres Vaters und gerät in ein Glasgefäß. Sōsuke (Originalstimme Hiroki Doi) findet und befreit den kleinen Fisch am Ufer. Ihr menschlich wirkendes Gesicht macht die Begegnung schon ungewöhnlich, bevor ihre weiteren Fähigkeiten sichtbar werden. Aus einer einfachen Rettung entwickelt sich eine Freundschaft, die die Grenze zwischen Land und Meer verändert.","Sie erscheint nicht als Möwe.","Eine Schildkröte ist nicht ihre erste Gestalt.","Ponyo wird als kleiner Fisch mit menschlich wirkendem Gesicht gefunden.","Die Qualle dient ihr zur Reise, ist aber nicht ihre Gestalt.","Ein befreiter kleiner Fisch wird zum ungewöhnlichen Freund.","mittel","https://en.wikipedia.org/wiki/Ponyo|https://frenetic.ch/media/films/667/pro/PONYO-presskit-it.pdf|https://www.fondazioneprada.org/project/ponyo/?lang=en","redaktionell_quellengeprueft"
"G100-20261008-FANTASY-010-L2","K-G100-20261008-FANTASY-010-L2","","de","Film","Fantasy","Ponyo – Das große Abenteuer am Meer","Gake no Ue no Ponyo","2008","","leicht","Filmwissen","Fantasy","Fantasy","Lisas Pflegearbeit bindet die Familie an die ältere Nachbarschaft.","Wo arbeitet Lisa (Originalstimme Tomoko Yamaguchi) in „Ponyo – Das große Abenteuer am Meer“?","In einer Grundschule","In einer Kinderklinik","In einem Hafenbüro","In einem Pflegeheim","D","Lisa arbeitet in einem Pflegeheim.","Lisa (japanische Originalstimme Tomoko Yamaguchi) betreut ältere Menschen in einem Pflegeheim. Ihre Arbeit bleibt auch während der ungewöhnlichen Überschwemmung wichtig: Sie fährt zu den Bewohnerinnen, um nach ihnen zu sehen. Sōsuke (Originalstimme Hiroki Doi) und Ponyo (Originalstimme Yuria Nara) suchen sie später. Der Arbeitsplatz verbindet die private Sorge um die Mutter mit der Hilfsbedürftigkeit weiterer Menschen in derselben Küstengemeinschaft.","Eine Grundschule ist nicht ihr Arbeitsplatz.","Sie arbeitet nicht in einer Kinderklinik.","Das Hafenbüro gehört nicht zu ihrem Beruf.","Lisa arbeitet im Pflegeheim.","Lisas Pflegearbeit bindet die Familie an die ältere Nachbarschaft.","mittel","https://en.wikipedia.org/wiki/Ponyo|https://frenetic.ch/media/films/667/pro/PONYO-presskit-it.pdf","redaktionell_quellengeprueft"
"G100-20261008-FANTASY-010-M1","K-G100-20261008-FANTASY-010-M1","","de","Film","Fantasy","Ponyo – Das große Abenteuer am Meer","Gake no Ue no Ponyo","2008","","mittel","Filmwissen","Fantasy","Fantasy","Das geheilte Fingerblut öffnet Ponyo den Weg zur Menschengestalt.","Was ermöglicht Ponyo (Originalstimme Yuria Nara) in „Ponyo – Das große Abenteuer am Meer“ erstmals die Verwandlung zum Menschen?","Sie leckt das Blut des Jungen.","Sie berührt das Gesicht seiner Mutter.","Sie trinkt menschliches Badewasser.","Sie legt eine menschliche Haarsträhne ins Meer.","A","Das Blut des Jungen eröffnet Ponyo die menschliche Verwandlung.","Sōsuke (japanische Originalstimme Hiroki Doi) verletzt sich, als er das Glas zerbricht, in dem Ponyo (Originalstimme Yuria Nara) feststeckt. Sie leckt sein Blut und heilt die kleine Wunde. Der Kontakt wirkt zugleich auf sie selbst: Er eröffnet ihr die Möglichkeit, menschliche Gestalt anzunehmen. Die Rettungsbegegnung hat damit eine magische Folge, die später die Ordnung der Unterwasserwelt und des Küstenorts durcheinanderbringt.","Sōsukes Blut gibt ihr die Kraft zur menschlichen Verwandlung.","Eine Berührung Lisas ist nicht der Auslöser.","Badewasser vermittelt diese Kraft nicht.","Eine Haarsträhne ist nicht das magische Bindeglied.","Das geheilte Fingerblut öffnet Ponyo den Weg zur Menschengestalt.","mittel","https://en.wikipedia.org/wiki/Ponyo","redaktionell_quellengeprueft"
"G100-20261008-FANTASY-010-M2","K-G100-20261008-FANTASY-010-M2","","de","Film","Fantasy","Ponyo – Das große Abenteuer am Meer","Gake no Ue no Ponyo","2008","","mittel","Filmwissen","Fantasy","Fantasy","Das Spielzeug wächst mit der Magie und schrumpft mit der Müdigkeit.","Wie reisen die beiden Kinder in „Ponyo – Das große Abenteuer am Meer“ über das überschwemmte Land?","Auf einem aus Türen gebauten Floß","In einem magisch vergrößerten Spielzeugboot","In einem entliehenen Rettungsboot","Auf einer von Fischen gezogenen Luftmatratze","B","Ponyo macht aus dem Spielzeugboot ein benutzbares Fahrzeug.","Sōsuke (japanische Originalstimme Hiroki Doi) und Ponyo (Originalstimme Yuria Nara) wollen nach der Überschwemmung Lisa (Originalstimme Tomoko Yamaguchi) finden. Ponyo vergrößert dafür das kleine Spielzeugboot des Jungen. Die vertraute Miniatur wird zu einem brauchbaren Verkehrsmittel auf dem veränderten Meer. Ihre Magie hält jedoch nicht unbegrenzt an: Als sie müde wird und einschläft, schrumpft das Boot wieder auf seine ursprüngliche Größe.","Die Kinder bauen kein Türfloß für diese Reise.","Ponyo vergrößert Sōsukes Spielzeugboot.","Das Boot stammt nicht aus einem Rettungsdienst.","Eine gezogene Luftmatratze ist nicht ihr Reisemittel.","Das Spielzeug wächst mit der Magie und schrumpft mit der Müdigkeit.","mittel","https://en.wikipedia.org/wiki/Ponyo","redaktionell_quellengeprueft"
"G100-20261008-FANTASY-010-S1","K-G100-20261008-FANTASY-010-S1","","de","Film","Fantasy","Ponyo – Das große Abenteuer am Meer","Gake no Ue no Ponyo","2008","","schwer","Filmwissen","Fantasy","Fantasy","Die neue Flut zeigt ein Meer aus dem Devon.","Aus welcher Erdperiode stammen die urzeitlichen Meeresbewohner unter dem überfluteten Ort in „Ponyo – Das große Abenteuer am Meer“?","Aus der Trias","Aus dem Jura","Aus dem Devon","Aus der Kreide","C","Unter dem überschwemmten Ort erscheint Meeresleben aus dem späten Devon.","Während ihrer Bootsfahrt sehen Sōsuke (japanische Originalstimme Hiroki Doi) und Ponyo (Originalstimme Yuria Nara) eine Unterwasserwelt mit urzeitlichen Meeresbewohnern. Der überflutete Küstenort ist dadurch nicht einfach dieselbe Landschaft unter Wasser. Die Reise führt an Lebensformen aus dem späten Devon vorbei und gibt dem fantastischen Naturwandel eine besondere zeitliche Dimension. Gegenwärtige Häuser, Menschen und Boote stehen neben einer viel älteren Meereswelt.","Die Trias ist nicht die dargestellte Periode.","Die dargestellten Tiere gehören nicht zum Jura.","Die Reise zeigt Meeresleben aus dem späten Devon.","Die Kreide ist nicht der gesuchte Zeitabschnitt.","Die neue Flut zeigt ein Meer aus dem Devon.","mittel","https://en.wikipedia.org/wiki/Ponyo","redaktionell_quellengeprueft"
"G100-20261008-FANTASY-010-S2","K-G100-20261008-FANTASY-010-S2","","de","Film","Fantasy","Ponyo – Das große Abenteuer am Meer","Gake no Ue no Ponyo","2008","","schwer","Filmwissen","Fantasy","Fantasy","Das menschliche Leben kostet Ponyo ihre Magie.","Worauf muss Ponyo (Originalstimme Yuria Nara) am Ende von „Ponyo – Das große Abenteuer am Meer“ für ein dauerhaft menschliches Leben verzichten?","Auf ihre Erinnerungen an den Jungen","Auf jede Berührung mit Meerwasser","Auf ihre Stimme","Auf ihre magischen Kräfte","D","Das dauerhaft menschliche Leben verlangt den Verzicht auf Magie.","Gran Mamare (japanische Originalstimme Yūki Amami) eröffnet Ponyo (Originalstimme Yuria Nara) die Möglichkeit, dauerhaft als Mensch zu leben. Dafür muss sie ihre magischen Kräfte aufgeben. Sōsuke (Originalstimme Hiroki Doi) hat zuvor bestätigt, dass er sie als Fisch ebenso wie als Mensch annimmt. Die Entscheidung erhält so einen Preis und eine Beziehungsvoraussetzung; die Verwandlung ist keine bloße Fortsetzung ihrer bisherigen Zauberkraft.","Ihre Erinnerungen an den Jungen werden nicht gelöscht.","Ein absolutes Meerwasserverbot ist nicht die Bedingung.","Sie muss nicht ihre Stimme abgeben.","Sie stimmt zu, ihre magischen Kräfte aufzugeben.","Das menschliche Leben kostet Ponyo ihre Magie.","hoch","https://en.wikipedia.org/wiki/Ponyo","redaktionell_quellengeprueft"
"G100-20261008-FANTASY-010-Y","K-G100-20261008-FANTASY-010-Y","","de","Film","Fantasy","Ponyo – Das große Abenteuer am Meer","Gake no Ue no Ponyo","2008","","mittel","Filmjahr","Fantasy","Fantasy","Wandelndes Schloss 2004, Ponyo 2008: vier Jahre.","In welchem Jahr wurde „Ponyo – Das große Abenteuer am Meer“ erstmals veröffentlicht?","2008","2004","2006","2009","A","Der japanische Kinostart erfolgte 2008.","Ponyo erschien 2008 in Japan. Miyazakis Das wandelnde Schloss stammt von 2004; zwischen diesen Erstjahrgängen liegen vier Jahre. Studio Ghibli dokumentiert die japanischen Veröffentlichungstermine beider Filme. Die Verbindung ordnet Ponyo innerhalb derselben Regiearbeit ein, obwohl die Geschichten unterschiedliche Welten entwickeln: eine vom Meer veränderte Küstengemeinschaft und eine Reise um ein bewegliches, magisches Schloss. Spätere Synchronstarts verändern den ursprünglichen Jahrgang nicht.","Der japanische Erststart war 2008.","2004 ist der Jahrgang von Das wandelnde Schloss.","2006 liegt zwei Jahre vor dem Erststart.","2009 betrifft spätere internationale Auswertungen.","Wandelndes Schloss 2004, Ponyo 2008: vier Jahre.","mittel","https://www.ghibli.jp/works/ponyo/|https://www.ghibli.jp/works/howl/","redaktionell_quellengeprueft"
"G100-20261008-FANTASY-010-D","K-G100-20261008-FANTASY-010-D","","de","Film","Fantasy","Ponyo – Das große Abenteuer am Meer","Gake no Ue no Ponyo","2008","","mittel","Regie","Fantasy","Fantasy","Miyazakis Hauptregie gehört zur japanischen Originalfassung.","Wer führte die Hauptregie der japanischen Originalfassung von „Ponyo – Das große Abenteuer am Meer“?","Isao Takahata","Hayao Miyazaki","Mamoru Hosoda","Makoto Shinkai","B","Die japanische Originalfassung inszenierte Hayao Miyazaki.","Hayao Miyazaki schrieb und inszenierte Ponyo. Die Hauptregie bezieht sich auf den ursprünglichen japanischen Animationsfilm, dessen Bildwelt und Handlung bereits vor internationalen Synchronfassungen entstanden. Später beteiligte Teams der englischen Sprachbearbeitung übernehmen damit keine zweite Hauptregie des Originalfilms. Studio Ghibli führt Miyazaki ausdrücklich für Drehbuch und Regie; das Verleihpresskit bestätigt dieselbe Zuordnung für die internationale Präsentation des Werks.","Isao Takahata ist nicht ihr Hauptregisseur.","Hayao Miyazaki inszenierte die Originalfassung.","Mamoru Hosoda führte bei diesem Film nicht Regie.","Makoto Shinkai ist nicht der Regisseur dieses Films.","Miyazakis Hauptregie gehört zur japanischen Originalfassung.","mittel","https://www.ghibli.jp/works/ponyo/|https://frenetic.ch/media/films/667/pro/PONYO-presskit-it.pdf","redaktionell_quellengeprueft"
"G100-20261008-FANTASY-011-L1","K-G100-20261008-FANTASY-011-L1","","de","Film","Fantasy","Das Schloss im Himmel","Tenkū no Shiro Rapyuta","1986","","leicht","Filmwissen","Fantasy","Fantasy","Bergbaumechanik am Boden, fantastische Reise in der Luft.","Wo arbeitet Pazu (Originalstimme Mayumi Tanaka) zu Beginn von „Das Schloss im Himmel“?","In einer Hafenstadt als Schiffskoch","In einer Garnison als Funker","In einer Handelsstadt als Uhrmacher","In einer Bergbaustadt als Mechaniker","D","Pazu ist ein junger Mechaniker in einer Bergbaustadt.","Pazu (japanische Originalstimme Mayumi Tanaka) lebt und arbeitet in einer Bergbaustadt. Seine Umgebung besteht aus Maschinen, Schächten und einer Gemeinschaft arbeitender Menschen. Als Sheeta (Originalstimme Keiko Yokozawa) vom Himmel herabkommt, begegnet das vertraute technische Leben einer ungewöhnlichen Magie. Pazu hilft ihr zunächst vor Ort, bevor die gemeinsame Suche ihn aus dieser erdgebundenen Welt in einen Konflikt um die schwebende Stadt führt.","Ein Schiffskoch im Hafen ist er nicht.","Er gehört nicht als Funker zur Garnison.","Uhrmacher ist nicht seine Ausgangstätigkeit.","Pazu arbeitet als junger Mechaniker in einer Bergbaustadt.","Bergbaumechanik am Boden, fantastische Reise in der Luft.","mittel","https://en.wikipedia.org/wiki/Castle_in_the_Sky","redaktionell_quellengeprueft"
"G100-20261008-FANTASY-011-L2","K-G100-20261008-FANTASY-011-L2","","de","Film","Fantasy","Das Schloss im Himmel","Tenkū no Shiro Rapyuta","1986","","leicht","Filmwissen","Fantasy","Fantasy","Die anfängliche Piratenverfolgerin wird zur wichtigen Verbündeten.","Welche Gruppe führt Dola (Originalstimme Kotoe Hatsui) in „Das Schloss im Himmel“ an?","Eine Bande von Luftpiraten","Eine Einheit der Luftwaffe","Eine Gruppe von Erzprospektoren","Eine Expedition von Archäologen","A","Dola ist die Anführerin einer Luftpiratenbande.","Dola (japanische Originalstimme Kotoe Hatsui) führt eine Gruppe von Luftpiraten, die Sheetas Kristall begehrt. Sheeta (Originalstimme Keiko Yokozawa) und Pazu (Originalstimme Mayumi Tanaka) geraten dadurch zunächst in Gefahr. Später verändert sich ihr Verhältnis zu der Bande. Die Piraten bleiben eigennützige Schatzsucher, bilden gegenüber der militärischen Verfolgung aber eine andere Art von Gemeinschaft und eröffnen den Kindern einen Weg zum gesuchten Ort.","Dola führt Luftpiraten an.","Sie ist keine Kommandantin der Luftwaffe.","Erzprospektoren sind nicht ihre Gefolgschaft.","Ihre Gruppe ist keine archäologische Expedition.","Die anfängliche Piratenverfolgerin wird zur wichtigen Verbündeten.","mittel","https://en.wikipedia.org/wiki/Castle_in_the_Sky","redaktionell_quellengeprueft"
"G100-20261008-FANTASY-011-M1","K-G100-20261008-FANTASY-011-M1","","de","Film","Fantasy","Das Schloss im Himmel","Tenkū no Shiro Rapyuta","1986","","mittel","Filmwissen","Fantasy","Fantasy","Die Fotografie verbindet Entdeckung und das Andenken an den Vater.","Welches Fundstück seines Vaters bestärkt Pazu (Originalstimme Mayumi Tanaka) in „Das Schloss im Himmel“ bei seiner Suche?","Eine Seekarte mit ihren Koordinaten","Eine Fotografie der schwebenden Stadt","Ein Tagebuch mit ihrem Zugangscode","Eine gezeichnete Bauanleitung ihres Antriebs","B","Pazu bewahrt die Fotografie auf, mit der sein Vater die Stadt belegen wollte.","Pazu (japanische Originalstimme Mayumi Tanaka) glaubt an die schwebende Stadt, weil sein Vater sie fotografiert hat. Dessen Aussage wurde dennoch angezweifelt. Das Bild ist für den Sohn deshalb mehr als eine Aussicht: Es verbindet eine eigene Hoffnung mit dem Wunsch, die Erfahrung seines Vaters zu bestätigen. Die Begegnung mit Sheeta (Originalstimme Keiko Yokozawa) macht aus diesem familiären Antrieb eine konkrete gemeinsame Suche.","Eine genaue Seekarte ist nicht das entscheidende Andenken.","Sein Vater fotografierte die schwebende Stadt.","Ein Zugangscode aus einem Tagebuch ist nicht sein Beleg.","Eine Antriebsbauanleitung besitzt er nicht als Ausgangsbeweis.","Die Fotografie verbindet Entdeckung und das Andenken an den Vater.","mittel","https://en.wikipedia.org/wiki/Castle_in_the_Sky","redaktionell_quellengeprueft"
"G100-20261008-FANTASY-011-M2","K-G100-20261008-FANTASY-011-M2","","de","Film","Fantasy","Das Schloss im Himmel","Tenkū no Shiro Rapyuta","1986","","mittel","Filmwissen","Fantasy","Fantasy","Überlieferte Worte wecken die vermeintlich tote Maschine.","Was bewirkt Sheetas (Originalstimme Keiko Yokozawa) überlieferter Spruch in der Festung in „Das Schloss im Himmel“?","Er macht die Gefangenen unsichtbar.","Er öffnet ein unterirdisches Tor zur Stadt.","Er aktiviert den dort aufbewahrten Roboter.","Er verwandelt den Kristall in eine Landkarte.","C","Sheetas Spruch aktiviert den Roboter in der Festung.","Sheeta (japanische Originalstimme Keiko Yokozawa) erinnert sich an einen Spruch ihrer Großmutter. In der Festung reagiert darauf der dort aufbewahrte Roboter und erwacht. Er schützt sie und verursacht schwere Zerstörung, während Muska (Originalstimme Minori Terada) weiterhin den Kristall verfolgt. Die Szene zeigt, dass die überlieferte Sprache tatsächlich auf die alte Technik wirkt und die staatliche Kontrolle über deren Kräfte begrenzt ist.","Die Gefangenen werden nicht unsichtbar.","Ein unterirdischer Stadtzugang öffnet sich nicht.","Der Spruch weckt den in der Festung aufbewahrten Roboter.","Der Kristall wird nicht zur Landkarte.","Überlieferte Worte wecken die vermeintlich tote Maschine.","mittel","https://en.wikipedia.org/wiki/Castle_in_the_Sky","redaktionell_quellengeprueft"
"G100-20261008-FANTASY-011-S1","K-G100-20261008-FANTASY-011-S1","","de","Film","Fantasy","Das Schloss im Himmel","Tenkū no Shiro Rapyuta","1986","","schwer","Filmwissen","Fantasy","Fantasy","Der Ausguck beobachtet die Luft und kann selbst darin gleiten.","Welcher Teil des Piratenluftschiffs dient den Kindern in „Das Schloss im Himmel“ auch als abtrennbarer Gleiter?","Die vordere Geschützkanzel","Die untere Ladeplattform","Die hintere Motorgondel","Der Ausguck","D","Der Ausguck ist zugleich ein abtrennbarer Gleiter.","Pazu (japanische Originalstimme Mayumi Tanaka) und Sheeta (Originalstimme Keiko Yokozawa) übernehmen auf dem Piratenluftschiff den Ausguck. Dieser Beobachtungsplatz besitzt eine zweite Funktion als Gleiter. Im Sturm reißt die Verbindung, sodass die Kinder getrennt vom größeren Schiff weiterfliegen. Die Konstruktion erklärt ihren besonderen Weg durch die gefährliche Wetterzone und verbindet einen alltäglichen Dienst an Bord mit einer entscheidenden technischen Eigenschaft.","Die Geschützkanzel übernimmt diese Funktion nicht.","Die Ladeplattform wird nicht zum Gleiter.","Die Motorgondel ist nicht der abgetrennte Reiseplatz.","Der Ausguck kann als eigener Gleiter abgetrennt werden.","Der Ausguck beobachtet die Luft und kann selbst darin gleiten.","mittel","https://en.wikipedia.org/wiki/Castle_in_the_Sky","redaktionell_quellengeprueft"
"G100-20261008-FANTASY-011-S2","K-G100-20261008-FANTASY-011-S2","","de","Film","Fantasy","Das Schloss im Himmel","Tenkū no Shiro Rapyuta","1986","","schwer","Filmwissen","Fantasy","Fantasy","Die Waffen fallen, der Baum trägt die verbliebene Stadt.","Was bleibt nach dem gemeinsamen Zerstörungsspruch der Kinder in „Das Schloss im Himmel“ erhalten?","Der obere Stadtteil mit dem riesigen Baum","Der untere Waffenblock mit seinen Geschützen","Die militärische Kommandozentrale","Die gesamte Stadt unter einer neuen Tarnhülle","A","Der riesige Baum und der obere Bereich überstehen die Zerstörung.","Pazu (japanische Originalstimme Mayumi Tanaka) und Sheeta (Originalstimme Keiko Yokozawa) sprechen gemeinsam die Zerstörungsformel. Dadurch zerfällt vor allem der untere Bereich der Stadt mit seiner militärischen Technik. Der riesige Baum hält den oberen Teil zusammen, der weiter aufsteigt. Die Schlussbilder trennen so die bewahrte lebendige Welt von dem Machtmittel, das Muska (Originalstimme Minori Terada) für seine Herrschaft einsetzen wollte.","Der baumbewachsene obere Teil bleibt erhalten und steigt weiter auf.","Der untere Waffenbereich wird zerstört.","Die militärische Machtzentrale wird nicht gerettet.","Die Stadt bleibt nicht vollständig unter einer Tarnhülle bestehen.","Die Waffen fallen, der Baum trägt die verbliebene Stadt.","hoch","https://en.wikipedia.org/wiki/Castle_in_the_Sky","redaktionell_quellengeprueft"
"G100-20261008-FANTASY-011-Y","K-G100-20261008-FANTASY-011-Y","","de","Film","Fantasy","Das Schloss im Himmel","Tenkū no Shiro Rapyuta","1986","","mittel","Filmjahr","Fantasy","Fantasy","Nausicaä 1984, Schloss im Himmel 1986: zwei Jahre.","In welchem Jahr wurde „Das Schloss im Himmel“ erstmals veröffentlicht?","1982","1986","1984","1989","B","Der japanische Film erschien 1986.","Das Schloss im Himmel erschien 1986, zwei Jahre nach Nausicaä aus dem Jahr 1984. Studio Ghibli dokumentiert beide japanischen Kinostarts. Die Verbindung ordnet den Film in eine konkrete Folge von Miyazakis Arbeiten ein. Nausicaä entstand laut Studioangabe bei Topcraft; das spätere Luftabenteuer gehört zur frühen Ghibli-Produktion. Beide Werke verbinden eine fantastische Welt mit der Gefahr, große technische Kräfte zur Herrschaft einzusetzen.","1982 liegt vier Jahre zu früh.","Der Erstjahrgang ist 1986.","1984 ist der Jahrgang von Nausicaä.","1989 liegt drei Jahre nach dem Erststart.","Nausicaä 1984, Schloss im Himmel 1986: zwei Jahre.","mittel","https://www.ghibli.jp/works/laputa/|https://www.ghibli.jp/works/nausicaa/","redaktionell_quellengeprueft"
"G100-20261008-FANTASY-011-D","K-G100-20261008-FANTASY-011-D","","de","Film","Fantasy","Das Schloss im Himmel","Tenkū no Shiro Rapyuta","1986","","mittel","Regie","Fantasy","Fantasy","Miyazaki inszeniert, Takahata produziert das Luftabenteuer.","Wer führte die Hauptregie der japanischen Originalfassung von „Das Schloss im Himmel“?","Isao Takahata","Mamoru Hosoda","Hayao Miyazaki","Makoto Shinkai","C","Die Hauptregie stammt von Hayao Miyazaki.","Hayao Miyazaki schrieb und inszenierte Das Schloss im Himmel. Isao Takahata wird als Produzent geführt und gehört damit ebenfalls zur Entstehung, übernimmt aber einen anderen Credit. Die Unterscheidung ist bei eng zusammenarbeitenden Studios besonders hilfreich. Der Regiearbeit wird der originale japanische Film zugeordnet, dessen technische Flugwelt, komische Piratengemeinschaft und zerstörerische Staatsmacht lange vor späteren internationalen Synchronfassungen bereits gestaltet waren.","Isao Takahata ist hier Produzent, nicht Hauptregisseur.","Mamoru Hosoda führte bei diesem Film nicht Regie.","Hayao Miyazaki führt Hauptregie.","Makoto Shinkai trägt hier keinen Hauptregiecredit.","Miyazaki inszeniert, Takahata produziert das Luftabenteuer.","mittel","https://www.ghibli.jp/works/laputa/|https://www.siff.net/programs-and-events/art-of-studio-ghibli/castle-in-the-sky","redaktionell_quellengeprueft"
"G100-20261008-FANTASY-012-L1","K-G100-20261008-FANTASY-012-L1","","de","Film","Fantasy","Merida – Legende der Highlands","Brave","2012","","leicht","Filmwissen","Fantasy","Fantasy","Meridas Bogen begleitet ihren Wunsch nach Selbstbestimmung.","Welche Sportart übt Merida (Originalstimme Kelly Macdonald) bei ihren Zielübungen in „Merida – Legende der Highlands“?","Bogenschießen","Speerwerfen","Fechten","Reiten mit einer Lanze","A","Merida übt und beherrscht das Bogenschießen.","Merida (Originalstimme Kelly Macdonald) nutzt jede Gelegenheit, ihren Bogen einzusetzen. Die Fertigkeit passt zu ihrem Wunsch, selbst über ihr Leben zu bestimmen, und wird später im Wettbewerb um ihre Heirat wichtig. Königin Elinor (Originalstimme Emma Thompson) verbindet das Verhalten einer Prinzessin mit anderen Erwartungen. Der Sport zeigt deshalb früh einen Unterschied zwischen der eigenständigen Tochter und dem traditionellen Rollenbild ihrer Mutter.","Merida ist eine geübte Bogenschützin.","Speerwerfen ist nicht ihre hervorgehobene Fertigkeit.","Merida kann auch mit einem Schwert umgehen; die Zielübungen zeigen jedoch Bogenschießen.","Eine Reitlanze ist nicht ihr bevorzugtes Sportgerät.","Meridas Bogen begleitet ihren Wunsch nach Selbstbestimmung.","mittel","https://en.wikipedia.org/wiki/Brave_(2012_film)|https://parallax-pixar.squarespace.com/feature-films/brave","redaktionell_quellengeprueft"
"G100-20261008-FANTASY-012-L2","K-G100-20261008-FANTASY-012-L2","","de","Film","Fantasy","Merida – Legende der Highlands","Brave","2012","","leicht","Filmwissen","Fantasy","Fantasy","Ein gewünschter Sinneswandel wird zur körperlichen Bärenverwandlung.","Welche Gestalt nimmt Elinor (Originalstimme Emma Thompson) nach dem verzauberten Kuchen in „Merida – Legende der Highlands“ an?","Die eines Wolfes","Die eines Bären","Die eines Hirsches","Die eines Adlers","B","Der Kuchen verwandelt Elinor in einen Bären.","Merida (Originalstimme Kelly Macdonald) wünscht sich eine Veränderung ihrer Mutter und beschafft dafür einen verzauberten Kuchen. Elinor (Originalstimme Emma Thompson) verwandelt sich nach dem Essen in einen Bären. Was als Ausweg aus familiären Regeln gedacht war, schafft ein gefährliches neues Problem. Die Mutter behält zunächst ihr menschliches Bewusstsein, muss sich jedoch gemeinsam mit der Tochter vor Menschen schützen, die nur das Tier erkennen.","Sie nimmt keine Wolfsgestalt an.","Elinor wird in einen Bären verwandelt.","Ein Hirsch ist nicht die Wirkung des Kuchens.","Der Zauber macht sie nicht zum Adler.","Ein gewünschter Sinneswandel wird zur körperlichen Bärenverwandlung.","mittel","https://en.wikipedia.org/wiki/Brave_(2012_film)","redaktionell_quellengeprueft"
"G100-20261008-FANTASY-012-M1","K-G100-20261008-FANTASY-012-M1","","de","Film","Fantasy","Merida – Legende der Highlands","Brave","2012","","mittel","Filmwissen","Fantasy","Fantasy","Die Erstgeborenenregel lässt Merida für sich selbst antreten.","Mit welchem Argument nimmt Merida (Originalstimme Kelly Macdonald) in „Merida – Legende der Highlands“ selbst am Heiratswettkampf teil?","Sie ist bereits als neue Königin vereidigt.","Sie vertritt ihren verletzten Vater im Turnier.","Sie ist selbst die Erstgeborene ihres Clans.","Sie wurde zur Schiedsrichterin der Clans gewählt.","C","Merida beansprucht als Erstgeborene das Recht auf eigene Teilnahme.","Die Söhne der Clanführer sollen um Meridas Hand antreten. Merida (Originalstimme Kelly Macdonald) nutzt jedoch die Formulierung der Regeln: Als Erstgeborene ihres eigenen Clans nimmt sie selbst am Bogenschießen teil und übertrifft die Bewerber. Elinor (Originalstimme Emma Thompson) erlebt diese Auslegung als offenen Bruch der Erwartungen. Die Tochter widerlegt die Regel nicht von außen, sondern verwendet ihren Wortlaut gegen die vorgesehene Heirat.","Eine Vereidigung zur Königin begründet ihre Teilnahme nicht.","Eine Stellvertretung des Vaters ist nicht ihr Argument.","Die Regel für Erstgeborene wendet sie auf sich selbst an.","Das Amt einer Schiedsrichterin beansprucht sie nicht.","Die Erstgeborenenregel lässt Merida für sich selbst antreten.","mittel","https://en.wikipedia.org/wiki/Brave_(2012_film)","redaktionell_quellengeprueft"
"G100-20261008-FANTASY-012-M2","K-G100-20261008-FANTASY-012-M2","","de","Film","Fantasy","Merida – Legende der Highlands","Brave","2012","","mittel","Filmwissen","Fantasy","Fantasy","Die Zauberhilfe sitzt zwischen geschnitzten Holzfiguren.","Welcher Tätigkeit geht die Hexe (Originalstimme Julie Walters) in „Merida – Legende der Highlands“ scheinbar nach?","Sie webt Wandteppiche.","Sie töpfert Trinkgefäße.","Sie schmiedet Pfeilspitzen.","Sie schnitzt Holzfiguren.","D","Die Hexe zeigt sich zunächst als Holzschnitzerin.","Merida (Originalstimme Kelly Macdonald) folgt den Irrlichtern zu einer Hütte. Die alte Frau dort, gesprochen von Julie Walters, präsentiert sich als Holzschnitzerin und bietet zahlreiche Figuren an. Erst der weitere Besuch macht ihre magischen Fähigkeiten entscheidend. Die scheinbar gewöhnliche handwerkliche Tätigkeit gibt dem Ort einen eigenen Charakter: Merida betritt keinen offen ausgewiesenen Zauberpalast, sondern eine Werkstatt, in der alltägliche Gegenstände und Magie ineinander übergehen.","Eine Teppichweberin ist sie nicht.","Ihre scheinbare Werkstatt ist keine Töpferei.","Pfeilspitzen schmiedet sie dort nicht.","Die Hexe tritt als Holzschnitzerin auf.","Die Zauberhilfe sitzt zwischen geschnitzten Holzfiguren.","mittel","https://en.wikipedia.org/wiki/Brave_(2012_film)","redaktionell_quellengeprueft"
"G100-20261008-FANTASY-012-S1","K-G100-20261008-FANTASY-012-S1","","de","Film","Fantasy","Merida – Legende der Highlands","Brave","2012","","schwer","Filmwissen","Fantasy","Fantasy","Die alte Stolzlegende steht als Bär vor den beiden.","Wer war Mor’du vor seiner Bärengestalt in „Merida – Legende der Highlands“?","Ein stolzer Prinz, der sein Königreich zerstörte","Ein verbannter Clanführer, der dem König die Krone überließ","Ein Holzfäller, der den Irrlichtern folgte","Ein Ritter, der die Königin vor einer Hexe rettete","A","Mor’du ist der verwandelte Prinz aus der Legende.","Elinor (Originalstimme Emma Thompson) erzählt Merida (Originalstimme Kelly Macdonald) von einem Prinzen, dessen Stolz das Königreich zugrunde richtete. In den Ruinen erkennen sie später den Zusammenhang mit Mor’du. Der bedrohliche Bär ist die verwandelte Gestalt dieses Prinzen. Die Geschichte ist damit keine bloß abstrakte Warnung; sie zeigt ein mögliches Ergebnis derselben Art von magischem Wunsch, dessen Folgen Mutter und Tochter bereits erleben.","Mor’du war der stolze Prinz aus der warnenden Legende.","Er wird nicht als Clanführer mit freiwilligem Thronverzicht enthüllt.","Die Enthüllung betrifft keinen Holzfäller.","Er war kein Ritter, der die Königin gerettet hatte.","Die alte Stolzlegende steht als Bär vor den beiden.","hoch","https://en.wikipedia.org/wiki/Brave_(2012_film)","redaktionell_quellengeprueft"
"G100-20261008-FANTASY-012-S2","K-G100-20261008-FANTASY-012-S2","","de","Film","Fantasy","Merida – Legende der Highlands","Brave","2012","","schwer","Filmwissen","Fantasy","Fantasy","Der Stoff ist genäht, doch erst Versöhnung heilt das Band.","Was löst Elinors (Originalstimme Emma Thompson) Verwandlung am Ende von „Merida – Legende der Highlands“ tatsächlich auf?","Allein das vollständige Zusammennähen des Wandteppichs","Die aufrichtige Entschuldigung und Versöhnung mit ihrer Tochter","Die endgültige Vernichtung des verfluchten Bären","Die Zustimmung der Clans zur freien Partnerwahl","B","Die echte Versöhnung beendet den Zauber; Nähen allein genügt nicht.","Merida (Originalstimme Kelly Macdonald) repariert den zerrissenen Wandteppich und legt ihn über Elinor (Originalstimme Emma Thompson). Zunächst bleibt die Mutter dennoch ein Bär. Erst die aufrichtige Entschuldigung und die erneuerte Verbindung zwischen beiden erfüllen die Bedeutung der Hexenbotschaft. Die sichtbare Stoffreparatur war also ein Schritt, aber nicht die vollständige Lösung. Das beschädigte familiäre Band verlangt eine tatsächliche Veränderung im Umgang miteinander.","Der Wandteppich ist bereits repariert, während die Mutter noch ein Bär bleibt.","Die Versöhnung erfüllt die wirkliche Bedeutung des beschädigten Bandes.","Der verfluchte Bär ist schon besiegt, bevor sich die Mutter zurückverwandelt.","Die Einigung der Clans beendet die Verwandlung nicht.","Der Stoff ist genäht, doch erst Versöhnung heilt das Band.","hoch","https://en.wikipedia.org/wiki/Brave_(2012_film)","redaktionell_quellengeprueft"
"G100-20261008-FANTASY-012-Y","K-G100-20261008-FANTASY-012-Y","","de","Film","Fantasy","Merida – Legende der Highlands","Brave","2012","","mittel","Filmjahr","Fantasy","Fantasy","La Luna 2011, Merida 2012: ein Jahr, später ein Kinoprogramm.","In welchem Jahr wurde „Merida – Legende der Highlands“ erstmals veröffentlicht?","2009","2011","2012","2014","C","Merida erschien 2012.","Merida erschien 2012 und wurde im Kino vom Kurzfilm La Luna begleitet. Pixar führt La Luna als Werk von 2011; zwischen den beiden Erstjahrgängen liegt ein Jahr. Die gemeinsame Kinopräsentation macht den älteren Kurzfilm nicht zum Werk desselben Erstjahrs. Beide Geschichten verbinden ein junges Familienmitglied mit Erwartungen älterer Generationen, bearbeiten diesen Zusammenhang aber in unterschiedlich langen, eigenständigen fantastischen Erzählungen.","2009 liegt drei Jahre vor dem Start.","2011 ist der Jahrgang des Kurzfilms La Luna.","2012 ist der Erstjahrgang von Merida.","2014 liegt zwei Jahre nach dem Erststart.","La Luna 2011, Merida 2012: ein Jahr, später ein Kinoprogramm.","mittel","https://www.siff.net/festival/archives/festival-2012|https://www.pixar.com/our-story|https://www.pixar.com/short-films/","redaktionell_quellengeprueft"
"G100-20261008-FANTASY-012-D","K-G100-20261008-FANTASY-012-D","","de","Film","Fantasy","Merida – Legende der Highlands","Brave","2012","","mittel","Regie","Fantasy","Fantasy","Andrews und Chapman führen Regie, Purcell trägt Co-Regie.","Welches vollständige Team trägt bei „Merida – Legende der Highlands“ die Regiecredits einschließlich Co-Regie?","Brad Bird, Peter Sohn und Angus MacLane","Pete Docter, Bob Peterson und Ronnie del Carmen","John Lasseter, Joe Ranft und Brad Lewis","Mark Andrews, Brenda Chapman und Steve Purcell","D","Mark Andrews, Brenda Chapman und Co-Regisseur Steve Purcell bilden das Team.","Pixar führt Mark Andrews und Brenda Chapman unter dem Regiecredit und Steve Purcell ausdrücklich unter dem Co-Regiecredit. Deshalb umfasst eine Frage nach dem vollständigen Regieteam einschließlich Co-Regie alle drei Personen. Die wechselhafte Produktionsgeschichte hebt die veröffentlichten Credits nicht auf. Entscheidend ist die klare Zuordnung der fertigen Filmfassung, bei der ein zusätzlich genannter Co-Regisseur weder übergangen noch mit einem Produktionscredit verwechselt werden darf.","Bird, Sohn und MacLane tragen hier keine Regiecredits.","Dieses andere Pixar-Team ist nicht das Regieteam des Films.","Diese Filmemacher tragen hier nicht die vollständigen Regiecredits.","Pixar nennt Andrews und Chapman als Regie, Purcell als Co-Regie.","Andrews und Chapman führen Regie, Purcell trägt Co-Regie.","mittel","https://parallax-pixar.squarespace.com/feature-films/brave|https://www.siff.net/festival/archives/festival-2012","redaktionell_quellengeprueft"
"G100-20261008-FANTASY-013-L1","K-G100-20261008-FANTASY-013-L1","","de","Film","Fantasy","Eragon – Das Vermächtnis der Drachenreiter","Eragon","2006","","leicht","Filmwissen","Fantasy","Fantasy","Ein Bauernjunge wird in die Geschichte der Drachenreiter gezogen.","Aus welchem Lebensumfeld stammt die Hauptfigur in „Eragon – Das Vermächtnis der Drachenreiter“?","Aus dem Haushalt des königlichen Schmieds","Aus einer armen Bauernfamilie","Aus einer wohlhabenden Händlerfamilie","Aus einer Familie von Hofgelehrten","B","Eragon ist zu Beginn ein armer Bauernjunge.","Eragon (Ed Speleers) lebt bei seinem Onkel Garrow (Alun Armstrong) und seinem Cousin Roran (Christopher Egan). Seine Ausgangswelt ist eine arme Bauernfamilie, fern vom königlichen Machtzentrum. Der ungewöhnliche Fund im Wald verändert deshalb nicht nur seine Aufgaben, sondern seine gesamte Stellung. Er begegnet einer verborgenen Geschichte von Drachenreitern, deren Konflikt für den Jungen zunächst außerhalb des vertrauten Alltags liegt.","Der königliche Schmied bildet nicht seine familiäre Ausgangswelt.","Eragon wächst als armer Bauernjunge auf.","Seine Familie ist nicht wohlhabend und betreibt keinen Handelshof.","Er wächst nicht unter Hofgelehrten auf.","Ein Bauernjunge wird in die Geschichte der Drachenreiter gezogen.","mittel","https://en.wikipedia.org/wiki/Eragon_(film)","redaktionell_quellengeprueft"
"G100-20261008-FANTASY-013-L2","K-G100-20261008-FANTASY-013-L2","","de","Film","Fantasy","Eragon – Das Vermächtnis der Drachenreiter","Eragon","2006","","leicht","Filmwissen","Fantasy","Fantasy","Die Drachenstimme gehört zur Gedankenverbindung.","Wie verständigt sich Saphira (Originalstimme Rachel Weisz) mit ihrem Reiter in „Eragon – Das Vermächtnis der Drachenreiter“?","Durch gesprochene Worte aus ihrem Maul","Durch Gesten mit Kopf und Flügeln","Durch Gedankenübertragung","Durch Rufe mit erlernten Bedeutungen","C","Saphira und ihr Reiter verständigen sich telepathisch.","Saphira (Originalstimme Rachel Weisz) wächst aus dem gefundenen Ei zu einem Drachen heran. Ihre Verbindung mit Eragon (Ed Speleers) schließt Gedankenübertragung ein. Dadurch ist sie kein bloßes Reittier: Sie kann sich mitteilen und auf seine Entscheidungen reagieren. Die Stimme ist im Originalfilm hörbar, gehört innerhalb der Handlung aber zur telepathischen Verbindung. Körperliche Nähe und gesprochene Worte aus dem Drachenmaul sind dafür nicht die gezeigte Voraussetzung.","Ihre Verständigung wird nicht als gewöhnliches Sprechen aus dem Maul gezeigt.","Kopf- und Flügelgesten sind nicht die gezeigte Verständigungsform.","Saphira spricht telepathisch mit ihrem Reiter.","Eine erlernte Folge von Tierlauten ersetzt nicht die Gedankenverbindung.","Die Drachenstimme gehört zur Gedankenverbindung.","mittel","https://en.wikipedia.org/wiki/Eragon_(film)","redaktionell_quellengeprueft"
"G100-20261008-FANTASY-013-M1","K-G100-20261008-FANTASY-013-M1","","de","Film","Fantasy","Eragon – Das Vermächtnis der Drachenreiter","Eragon","2006","","mittel","Filmwissen","Fantasy","Fantasy","Die erste Berührung schreibt die Verbindung auf die Hand.","Was geschieht mit Eragons (Ed Speleers) Hand beim ersten Berühren des geschlüpften Drachen in „Eragon – Das Vermächtnis der Drachenreiter“?","Seine Fingerspitzen beginnen dauerhaft blau zu leuchten.","Ein frischer Schnitt zieht sich über seinen Handrücken.","Die Hand verliert zunächst jede Berührungsempfindung.","Auf der Handfläche erscheint ein magisches Zeichen.","D","Die erste Berührung erzeugt ein magisches Zeichen auf seiner Handfläche.","Eragon (Ed Speleers) hält seinen Fund zunächst für einen ungewöhnlichen Stein. Als daraus Saphira (Originalstimme Rachel Weisz) schlüpft, berührt er den jungen Drachen. Auf seiner Handfläche erscheint ein magisches Zeichen. Die Bindung besitzt damit von Anfang an eine sichtbare körperliche Spur. Gleichzeitig reagieren andere Figuren auf das Schlüpfen, sodass das private Erlebnis rasch in den größeren Konflikt um die Rückkehr der Drachenreiter eingebunden wird.","Die Fingerspitzen leuchten nicht als Folge dieser Berührung dauerhaft blau.","Die sichtbare Folge ist eine magische Markierung, kein Schnitt auf dem Handrücken.","Ein Verlust des Tastsinns ist nicht die gezeigte Folge.","Die Berührung hinterlässt eine magische Markierung auf der Handfläche.","Die erste Berührung schreibt die Verbindung auf die Hand.","mittel","https://en.wikipedia.org/wiki/Eragon_(film)","redaktionell_quellengeprueft"
"G100-20261008-FANTASY-013-M2","K-G100-20261008-FANTASY-013-M2","","de","Film","Fantasy","Eragon – Das Vermächtnis der Drachenreiter","Eragon","2006","","mittel","Filmwissen","Fantasy","Fantasy","Große Zauberkraft verbraucht die Kraft des Zaubernden.","Welche Gefahr zeigt Eragons (Ed Speleers) erster großer Feuerzauber in „Eragon – Das Vermächtnis der Drachenreiter“?","Magie verbraucht seine eigene Kraft bis zur Bewusstlosigkeit.","Das Feuer schlägt zurück und verbrennt seine Hände.","Der Zauber entzieht seinem Drachen die Kraft zum Fliegen.","Die Flammen treffen unkontrolliert auch seinen Mentor.","A","Der Zauber überfordert seine Kräfte und lässt ihn bewusstlos werden.","Eragon (Ed Speleers) versucht einen Feuerzauber nachzuahmen, den er bei Brom (Jeremy Irons) gesehen hat. Gegen die angreifenden Gegner entfaltet er dabei eine große Wirkung, bricht jedoch selbst vor Erschöpfung zusammen. Broms weitere Unterweisung betrifft deshalb die Kontrolle der Magie und ihre Verbindung mit Saphira (Originalstimme Rachel Weisz). Macht lässt sich hier nicht ohne Rücksicht auf die Belastbarkeit des Anwenders einsetzen.","Er bricht nach dem übermäßigen Kraftverbrauch zusammen.","Verbrennungen an den Händen sind nicht die gezeigte unmittelbare Folge.","Die Szene zeigt seinen eigenen Zusammenbruch, nicht den Verlust der Flugkraft des Drachen.","Sein Mentor wird in dieser Szene nicht von den Flammen getroffen.","Große Zauberkraft verbraucht die Kraft des Zaubernden.","mittel","https://en.wikipedia.org/wiki/Eragon_(film)","redaktionell_quellengeprueft"
"G100-20261008-FANTASY-013-S1","K-G100-20261008-FANTASY-013-S1","","de","Film","Fantasy","Eragon – Das Vermächtnis der Drachenreiter","Eragon","2006","","schwer","Filmwissen","Fantasy","Fantasy","Murtaghs Herkunft erzeugt Misstrauen, sein Handeln zeigt seine eigene Seite.","Warum sperren die Varden Murtagh (Garrett Hedlund) in „Eragon – Das Vermächtnis der Drachenreiter“ zunächst ein?","Er hat ihren Stützpunkt an königliche Truppen verkauft.","Er ist der Sohn des abtrünnigen Morzan.","Er hat ihren König mit einem Zauber verletzt.","Er hat das Drachenei aus ihrem Lager gestohlen.","B","Die Varden misstrauen ihm wegen seiner Abstammung von Morzan.","Murtagh (Garrett Hedlund) hilft Eragon (Ed Speleers), den Widerstand der Varden zu erreichen. Dort führt die Enthüllung, dass sein Vater Morzan ein abtrünniger Drachenreiter war, zu seiner Inhaftierung. Die Gemeinschaft bewertet ihn zunächst nach seiner Herkunft. Im folgenden Kampf unterstützt er sie dennoch. Damit stellt seine Handlung die Vermutung infrage, familiäre Abstammung lege automatisch die Loyalität eines Menschen fest.","Ein Verkauf des Stützpunkts wird ihm hier nicht als Ursache zugeschrieben.","Die Abstammung von Morzan weckt ihr Misstrauen.","Ein solcher Angriff auf den König begründet die Haft nicht.","Der Diebstahl des Dracheneis ist nicht sein Vergehen.","Murtaghs Herkunft erzeugt Misstrauen, sein Handeln zeigt seine eigene Seite.","hoch","https://en.wikipedia.org/wiki/Eragon_(film)","redaktionell_quellengeprueft"
"G100-20261008-FANTASY-013-S2","K-G100-20261008-FANTASY-013-S2","","de","Film","Fantasy","Eragon – Das Vermächtnis der Drachenreiter","Eragon","2006","","schwer","Filmwissen","Fantasy","Fantasy","Hinter Broms Lehre steht sein eigenes verlorenes Drachenleben.","Welche frühere Stellung enthüllt Brom (Jeremy Irons) in „Eragon – Das Vermächtnis der Drachenreiter“ gegenüber Eragon (Ed Speleers)?","Er war der frühere Herrscher der Varden.","Er war der leibliche Bruder des herrschenden Königs.","Er war selbst ein Drachenreiter.","Er war der Verwalter des königlichen Drachengefängnisses.","C","Broms Wissen beruht auch auf seiner eigenen Vergangenheit als Drachenreiter.","Brom (Jeremy Irons) unterrichtet Eragon (Ed Speleers) in Kampf und Magie. Seine Kenntnisse erhalten eine neue Bedeutung, als er die eigene Vergangenheit als Drachenreiter offenlegt. Sein Drache wurde von Morzan getötet. Der Mentor ist deshalb nicht lediglich ein kundiger Erzähler alter Geschichten, sondern persönlich von dem früheren Verrat betroffen. Seine Unterstützung verbindet Unterricht mit der Erfahrung eines Verlustes, der zur Geschichte des neuen Reiters gehört.","Eine frühere Herrschaft über die Varden ist nicht seine Enthüllung.","Er wird nicht als leiblicher Bruder des Königs enthüllt.","Brom war früher selbst Drachenreiter.","Die Verwaltung eines Drachengefängnisses ist nicht seine Vorgeschichte.","Hinter Broms Lehre steht sein eigenes verlorenes Drachenleben.","hoch","https://en.wikipedia.org/wiki/Eragon_(film)","redaktionell_quellengeprueft"
"G100-20261008-FANTASY-013-Y","K-G100-20261008-FANTASY-013-Y","","de","Film","Fantasy","Eragon – Das Vermächtnis der Drachenreiter","Eragon","2006","","mittel","Filmjahr","Fantasy","Fantasy","Knopf-Ausgabe 2003, Film 2006: drei Jahre.","In welchem Jahr erschien die Filmveröffentlichung von „Eragon – Das Vermächtnis der Drachenreiter“ mit Ed Speleers erstmals?","2003","2005","2008","2006","D","Die Romanverfilmung erschien 2006.","Eragon kam 2006 ins Kino. Christopher Paolinis Roman erschien nach seiner selbst verlegten Fassung 2003 bei Knopf; zwischen dieser ausdrücklich gemeinten Verlagsausgabe und dem Film liegen drei Jahre. Die Autorenbiografie dokumentiert beide Stationen. Der Anker meint nicht die früheste selbst veröffentlichte Fassung, sondern den Schritt zum großen Verlag. So bleiben Buchveröffentlichung, weitere Verbreitung und Filmjahr getrennt, obwohl sie denselben Titel tragen.","2003 ist der Jahrgang der Knopf-Ausgabe des Romans.","2005 liegt ein Jahr vor der Filmveröffentlichung.","2008 liegt zwei Jahre nach ihr.","Die Filmveröffentlichung stammt von 2006.","Knopf-Ausgabe 2003, Film 2006: drei Jahre.","mittel","https://www.bfi.org.uk/film/01989397-3baf-506b-b12d-e8b01f0d1aa2/eragon|https://www.paolini.net/biographies/christopher-paolini-full/","redaktionell_quellengeprueft"
"G100-20261008-FANTASY-013-D","K-G100-20261008-FANTASY-013-D","","de","Film","Fantasy","Eragon – Das Vermächtnis der Drachenreiter","Eragon","2006","","mittel","Regie","Fantasy","Fantasy","Stefen Fangmeier inszeniert die eigenständige Filmfassung.","Wer führte bei der Filmfassung von „Eragon – Das Vermächtnis der Drachenreiter“ mit Ed Speleers Hauptregie?","Stefen Fangmeier","Rob Cohen","Andrew Adamson","Chris Weitz","A","Die Hauptregie stammt von Stefen Fangmeier.","Stefen Fangmeier trägt den Hauptregiecredit von Eragon. John Davis und Wyck Godfrey werden im BFI-Filmarchiv als Produzenten geführt und haben eine andere Aufgabe. Die Filmfassung steht als eigenes Werk neben der Romanreihe: Für ihr Regieziel zählt der Credit dieser Veröffentlichung. Der Bauernjunge, seine Bindung an einen Drachen und die gefährliche Unterweisung des Mentors werden damit einem konkreten inszenierenden Filmemacher zugeordnet.","Stefen Fangmeier ist Hauptregisseur.","Rob Cohen inszenierte diese Filmfassung nicht.","Andrew Adamson trägt hier keinen Hauptregiecredit.","Chris Weitz führte bei diesem Film nicht Hauptregie.","Stefen Fangmeier inszeniert die eigenständige Filmfassung.","mittel","https://www.bfi.org.uk/film/01989397-3baf-506b-b12d-e8b01f0d1aa2/eragon","redaktionell_quellengeprueft"
"G100-20261008-FANTASY-014-L1","K-G100-20261008-FANTASY-014-L1","","de","Film","Fantasy","Die Schöne und das Biest","Beauty and the Beast","2017","","leicht","Filmwissen","Fantasy","Fantasy","Maurices kleine Musikwelten gehören zur Realverfilmung.","Welche Gegenstände fertigt Maurice (Kevin Kline) in der Realverfilmung „Die Schöne und das Biest“ an?","Mechanische Webstühle","Präzise Sternenfernrohre","Musikalische Spieluhren","Automatische Buchpressen","C","Maurice arbeitet als Künstler und Spieluhrenmacher.","Maurice (Kevin Kline) fertigt in dieser Realverfilmung musikalische Spieluhren an. Sein Handwerk unterscheidet die konkrete Figur von anderen bekannten Fassungen des Märchens. Belle (Emma Watson) lebt mit einem Vater, dessen Gegenstände kleine bewegliche Welten zeigen. Die Tätigkeit verbindet technische Geschicklichkeit mit Erinnerung und Erzählung. Sie gehört zu ihrer vertrauten familiären Umgebung, bevor die Reise des Vaters die Begegnung mit dem verzauberten Schloss auslöst.","Webstühle sind nicht seine gezeigten Arbeiten.","Sternenfernrohre sind nicht sein charakteristisches Handwerk.","Maurice fertigt kunstvolle Spieluhren.","Buchpressen sind nicht die gezeigten Gegenstände.","Maurices kleine Musikwelten gehören zur Realverfilmung.","mittel","https://en.wikipedia.org/wiki/Beauty_and_the_Beast_(2017_film)","redaktionell_quellengeprueft"
"G100-20261008-FANTASY-014-L2","K-G100-20261008-FANTASY-014-L2","","de","Film","Fantasy","Die Schöne und das Biest","Beauty and the Beast","2017","","leicht","Filmwissen","Fantasy","Fantasy","Der Musiker bleibt als Cembalo Teil des Schlossklangs.","In welchen Gegenstand ist Cadenza (Stanley Tucci) in der Realverfilmung „Die Schöne und das Biest“ verwandelt?","In eine Standuhr","In eine Spielorgel","In einen Flügel","In ein Cembalo","D","Der Hofmusiker Cadenza ist in ein Cembalo verwandelt.","Cadenza (Stanley Tucci) gehört zu den verzauberten Bewohnern des Schlosses. Der Hofmusiker besitzt die Gestalt eines Cembalos und setzt seine musikalische Funktion dadurch auf ungewöhnliche Weise fort. Seine Frau Madame Garderobe (Audra McDonald) ist ein Kleiderschrank. Die zusätzlichen Figuren verleihen der Realverfilmung eigene Beziehungen innerhalb des Haushalts; die Gegenstände stehen nicht nur für Ausstattung, sondern für Menschen mit einer Vorgeschichte und miteinander verbundenen Leben.","Die Standuhr ist nicht Cadenzas Gestalt.","Eine Spielorgel ist nicht der Gegenstand seines Fluchs.","Er wird nicht als Flügel gezeigt.","Cadenza erscheint als Cembalo.","Der Musiker bleibt als Cembalo Teil des Schlossklangs.","mittel","https://en.wikipedia.org/wiki/Beauty_and_the_Beast_(2017_film)|https://movies.disney.com/beauty-and-the-beast-2017","redaktionell_quellengeprueft"
"G100-20261008-FANTASY-014-M1","K-G100-20261008-FANTASY-014-M1","","de","Film","Fantasy","Die Schöne und das Biest","Beauty and the Beast","2017","","mittel","Filmwissen","Fantasy","Fantasy","Das Buch zeigt Vergangenheit nicht nur, es bringt Belle an ihren Ort.","Was ermöglicht das magische Buch in der Realverfilmung „Die Schöne und das Biest“?","Die Reise an einen gewünschten Ort","Das Lesen noch ungeschriebener Geschichten","Das Gespräch mit verstorbenen Verwandten","Die Übersetzung jeder unbekannten Sprache","A","Das Buch bringt seine Benutzer magisch an einen gewählten Ort.","Das Biest (Dan Stevens) zeigt Belle (Emma Watson) ein besonderes Buch, mit dem man an einen gewünschten Ort reisen kann. Sie wählen Paris und gelangen zum früheren Zuhause ihrer Familie. Das Buch ist deshalb kein gewöhnliches Erinnerungsalbum: Es macht einen Ort unmittelbar zugänglich. Die Reise eröffnet Belle eine neue Sicht auf die Vergangenheit, die ihr Vater Maurice (Kevin Kline) lange nur schwer erklären konnte.","Das Buch ermöglicht eine magische Reise an einen gewählten Ort.","Noch ungeschriebene Geschichten sind nicht seine gezeigte Funktion.","Es stellt kein Gespräch mit Toten her.","Seine entscheidende Funktion ist keine Universalübersetzung.","Das Buch zeigt Vergangenheit nicht nur, es bringt Belle an ihren Ort.","mittel","https://en.wikipedia.org/wiki/Beauty_and_the_Beast_(2017_film)","redaktionell_quellengeprueft"
"G100-20261008-FANTASY-014-M2","K-G100-20261008-FANTASY-014-M2","","de","Film","Fantasy","Die Schöne und das Biest","Beauty and the Beast","2017","","mittel","Filmwissen","Fantasy","Fantasy","Hinter dem Heldenbild steht die gewaltsame Aussetzung des Vaters.","Was tut Gaston (Luke Evans) mit Maurice (Kevin Kline) nach dessen Weigerung in der Realverfilmung „Die Schöne und das Biest“?","Er verkauft ihn als Arbeiter an eine entfernte Mine.","Er fesselt ihn und überlässt ihn den Wölfen.","Er hält ihn in einem verlassenen Stall gefangen.","Er setzt ihn ohne Gepäck auf einem Flussboot aus.","B","Gaston setzt Maurice gefesselt den Wölfen aus.","Maurice (Kevin Kline) verweigert Gaston (Luke Evans) die Zustimmung zu einer Heirat mit Belle (Emma Watson). Daraufhin lässt Gaston ihn im Wald gefesselt zurück und setzt ihn der Gefahr durch Wölfe aus. Agathe (Hattie Morahan) rettet den Vater. Die Szene zeigt ein Vorgehen, das über Gastons öffentlich gepflegtes Heldenbild hinausgeht: Der Widerstand eines Angehörigen wird nicht mit Überzeugung beantwortet, sondern gewaltsam beseitigt.","Eine Mine ist nicht sein Ziel für Maurice.","Gaston lässt den gefesselten Maurice im Wald zurück.","Ein Stall ist nicht der Ort dieser Aussetzung.","Ein Flussboot wird nicht benutzt.","Hinter dem Heldenbild steht die gewaltsame Aussetzung des Vaters.","mittel","https://en.wikipedia.org/wiki/Beauty_and_the_Beast_(2017_film)","redaktionell_quellengeprueft"
"G100-20261008-FANTASY-014-S1","K-G100-20261008-FANTASY-014-S1","","de","Film","Fantasy","Die Schöne und das Biest","Beauty and the Beast","2017","","schwer","Filmwissen","Fantasy","Fantasy","Die Seuchenmaske erklärt den Verlust und die Flucht des Vaters.","Was erfährt Belle (Emma Watson) über den Tod ihrer Mutter in der Realverfilmung „Die Schöne und das Biest“?","Sie starb bei einem Schlossbrand.","Sie ertrank bei einer Flussüberquerung.","Sie starb während einer Pestepidemie.","Sie starb bei einem Sturz vom Pferd.","C","Belles Mutter starb an der Pest.","Belle (Emma Watson) besucht mit dem Biest (Dan Stevens) die frühere Familienwohnung in Paris. Eine zurückgelassene Seuchenmaske macht den Zusammenhang mit der Pest deutlich. Ihre Mutter (Zoë Rainey) starb, während Maurice (Kevin Kline) mit dem kleinen Kind fortging, um es zu schützen. Die Enthüllung verändert Belles Verständnis der väterlichen Zurückhaltung: Hinter dem Schweigen steht der Verlust eines Menschen und eine damals notwendige Rettungsentscheidung.","Ein Schlossbrand ist nicht die enthüllte Todesursache.","Eine Flussüberquerung gehört nicht zur Erklärung.","Die frühere Wohnung und die Seuchenmaske verweisen auf die Pest.","Ein Reitunfall wird nicht enthüllt.","Die Seuchenmaske erklärt den Verlust und die Flucht des Vaters.","hoch","https://en.wikipedia.org/wiki/Beauty_and_the_Beast_(2017_film)","redaktionell_quellengeprueft"
"G100-20261008-FANTASY-014-S2","K-G100-20261008-FANTASY-014-S2","","de","Film","Fantasy","Die Schöne und das Biest","Beauty and the Beast","2017","","schwer","Filmwissen","Fantasy","Fantasy","Die übersehene Dorfbewohnerin steht hinter dem Schlossfluch.","Welche Identität besitzt Agathe (Hattie Morahan) in der Realverfilmung „Die Schöne und das Biest“ tatsächlich?","Sie ist die verschwundene Mutter des Prinzen.","Sie ist die ehemalige Dienerin des Schlosses.","Sie ist die verkleidete Schwester des Spieluhrenmachers.","Sie ist die Zauberin hinter dem Fluch.","D","Agathe ist die Zauberin, die den Fluch verhängt hat.","Agathe (Hattie Morahan) wird im Dorf als unscheinbare Außenseiterin behandelt. Sie hilft Maurice (Kevin Kline), nachdem er im Wald zurückgelassen wurde, und erscheint später im Schloss. Dort wird ihre Identität als Zauberin hinter dem Fluch deutlich. Die Schlussenthüllung verbindet die scheinbar machtlose Frau mit der Kraft, die das gesamte Schloss verändert hat. Ihre Stellung im Dorf sagt somit wenig über ihre tatsächliche Macht aus.","Sie wird nicht als Mutter des Prinzen enthüllt.","Eine ehemalige Schlossdienerin ist nicht die enthüllte Identität.","Sie ist nicht die Schwester des Spieluhrenmachers.","Agathe entpuppt sich als die Zauberin des Schlossfluchs.","Die übersehene Dorfbewohnerin steht hinter dem Schlossfluch.","hoch","https://en.wikipedia.org/wiki/Beauty_and_the_Beast_(2017_film)|https://www.bfi.org.uk/sight-and-sound/reviews/beauty-beast-review-magnificent-monster-with-no-teeth","redaktionell_quellengeprueft"
"G100-20261008-FANTASY-014-Y","K-G100-20261008-FANTASY-014-Y","","de","Film","Fantasy","Die Schöne und das Biest","Beauty and the Beast","2017","","mittel","Filmjahr","Fantasy","Fantasy","Disney-Zeichentrick 1991, Realverfilmung 2017: 26 Jahre.","In welchem Jahr erschien die Realverfilmung „Die Schöne und das Biest“ mit Emma Watson erstmals?","2017","2014","2016","2019","A","Die Realverfilmung wurde 2017 veröffentlicht.","Die Schöne und das Biest erschien als Realverfilmung 2017. Die Disney-Zeichentrickfassung stammt von 1991; zwischen den beiden Filmjahrgängen liegen 26 Jahre. Disney bezeichnet den späteren Film ausdrücklich als Neubearbeitung seines Animationsklassikers. Der gemeinsame Titel verdeckt dabei unterschiedliche Besetzungen und ergänzte Handlungsdetails. Der Jahresanker trennt diese beiden Veröffentlichungen, ohne sie mit der noch älteren Märchenverfilmung von Jean Cocteau gleichzusetzen.","Die Realverfilmung stammt von 2017.","2014 ist nicht das Erstjahr des fertigen Films.","2016 liegt ein Jahr zu früh.","2019 liegt zwei Jahre nach dem Erststart.","Disney-Zeichentrick 1991, Realverfilmung 2017: 26 Jahre.","mittel","https://movies.disney.com/beauty-and-the-beast-2017|https://www.bfi.org.uk/film/4292030c-3cac-518e-a302-8e82fa6b02cb/beauty-and-the-beast","redaktionell_quellengeprueft"
"G100-20261008-FANTASY-014-D","K-G100-20261008-FANTASY-014-D","","de","Film","Fantasy","Die Schöne und das Biest","Beauty and the Beast","2017","","mittel","Regie","Fantasy","Fantasy","Bill Condon gehört zur Fassung mit Emma Watson und Dan Stevens.","Wer führte bei der Realverfilmung „Die Schöne und das Biest“ mit Emma Watson Hauptregie?","Kenneth Branagh","Bill Condon","Rob Marshall","Chris Columbus","B","Die Realverfilmung inszenierte Bill Condon.","Bill Condon führte die Hauptregie der Realverfilmung mit Belle (Emma Watson) und dem Biest (Dan Stevens). Der Credit unterscheidet diese Veröffentlichung von den älteren Zeichentrick- und Spielfilmfassungen desselben Märchens. Die Inszenierung übernimmt bekannte Musicalelemente, ergänzt aber Figuren und Belles Familiengeschichte. Für das Regieziel zählt deshalb nicht allein der vertraute Titel, sondern die konkrete Fassung mit dieser Besetzung und ihren eigenen Erweiterungen.","Kenneth Branagh ist nicht der Regisseur dieser Fassung.","Bill Condon führte Hauptregie.","Rob Marshall inszenierte diesen Film nicht.","Chris Columbus trägt hier keinen Hauptregiecredit.","Bill Condon gehört zur Fassung mit Emma Watson und Dan Stevens.","mittel","https://movies.disney.com/beauty-and-the-beast-2017|https://www.bfi.org.uk/film/4292030c-3cac-518e-a302-8e82fa6b02cb/beauty-and-the-beast","redaktionell_quellengeprueft"
"G100-20261008-FANTASY-015-L1","K-G100-20261008-FANTASY-015-L1","","de","Film","Fantasy","Aladdin","Aladdin","2019","","leicht","Filmwissen","Fantasy","Fantasy","Dalia steht der Prinzessin als Hofdame nah.","Welche Stellung hat Dalia (Nasim Pedrad) in der Realverfilmung „Aladdin“?","Sie ist eine königliche Leibwächterin.","Sie ist die Verwalterin der Hofbibliothek.","Sie ist die Gesandte eines fremden Reichs.","Sie ist Hofdame und Vertraute der Prinzessin.","D","Dalia ist die Hofdame und Vertraute der Prinzessin.","Dalia (Nasim Pedrad) begleitet Jasmin (Naomi Scott) im Palast und kennt ihre Wünsche und Schwierigkeiten. Als Hofdame und Vertraute besitzt sie einen anderen Zugang zur Prinzessin als die Bewerber um deren Hand. Die Figur gehört zu den Erweiterungen der Realverfilmung. Ihre eigenen Begegnungen mit dem Dschinni (Will Smith) entwickeln zugleich eine weitere Beziehung, die neben der Liebesgeschichte des Hauptpaares erzählt wird.","Ihr Amt ist nicht die königliche Leibwache.","Die Hofbibliothek ist nicht ihre gezeigte Aufgabe.","Sie ist keine ausländische Gesandte.","Dalia begleitet die Prinzessin als Hofdame und Vertraute.","Dalia steht der Prinzessin als Hofdame nah.","mittel","https://en.wikipedia.org/wiki/Aladdin_(2019_film)|https://movies.disney.com/aladdin-2019","redaktionell_quellengeprueft"
"G100-20261008-FANTASY-015-L2","K-G100-20261008-FANTASY-015-L2","","de","Film","Fantasy","Aladdin","Aladdin","2019","","leicht","Filmwissen","Fantasy","Fantasy","Der magische Helfer mischt sich als menschlicher Diener unter den Hof.","In welcher Rolle begleitet der Dschinni (Will Smith) den angeblichen Prinzen in der Realverfilmung „Aladdin“?","Als dessen menschlicher Diener","Als dessen königlicher Bruder","Als dessen verhandelnder Botschafter","Als dessen militärischer Ausbilder","A","Der Dschinni tarnt sich als menschlicher Diener des Prinzen.","Der Dschinni (Will Smith) begleitet Aladdin (Mena Massoud) bei dessen Auftritt als angeblicher Prinz. Dafür nimmt er menschliche Gestalt an und spielt die Rolle eines Dieners. Die Tarnung erlaubt ihm, sich am Hof unmittelbar einzumischen, ohne offen als magisches Wesen aufzutreten. Dort begegnet er Dalia (Nasim Pedrad), mit der sich eine eigene Liebesgeschichte entwickelt. Der Helfer besitzt dadurch neben seiner Wunschmacht auch ein persönliches Interesse.","Der Dschinni tritt in Menschengestalt als Begleiter und Diener auf.","Er gibt sich nicht als königlicher Bruder aus.","Eine Botschafterrolle ist nicht seine gezeigte Tarnung.","Ein militärischer Ausbilder ist er in dieser Auftrittsszene nicht.","Der magische Helfer mischt sich als menschlicher Diener unter den Hof.","mittel","https://en.wikipedia.org/wiki/Aladdin_(2019_film)","redaktionell_quellengeprueft"
"G100-20261008-FANTASY-015-M1","K-G100-20261008-FANTASY-015-M1","","de","Film","Fantasy","Aladdin","Aladdin","2019","","mittel","Filmwissen","Fantasy","Fantasy","Die Braut greift selbst nach der Lampe und dem Fluchtweg.","Wie versucht Jasmin (Naomi Scott) bei der erzwungenen Hochzeit in der Realverfilmung „Aladdin“ zu entkommen?","Sie tauscht mit ihrer Hofdame die Hochzeitskleidung.","Sie nimmt die Lampe und springt auf den Teppich.","Sie versteckt sich in einer Truhe für Brautgeschenke.","Sie flieht durch einen Brunnen in die Stadt.","B","Jasmin ergreift die Lampe und flieht auf den magischen Teppich.","Jafar (Marwan Kenzari) erzwingt eine Hochzeit mit Jasmin (Naomi Scott), um seine Machtstellung weiter zu sichern. Als Aladdin (Mena Massoud) zurückkehrt, nimmt Jasmin selbst die Lampe an sich und springt auf den magischen Teppich. Ihr Versuch wird anschließend von Jafars Magie aufgehalten. Die Szene macht sie dennoch zur handelnden Beteiligten: Sie wartet nicht lediglich auf die Befreiung, sondern greift direkt nach dem entscheidenden Machtmittel.","Ein Kleidertausch ist nicht ihr Fluchtversuch.","Jasmin nimmt Jafar die Lampe ab und springt auf den Teppich.","Sie verbirgt sich nicht in einer Geschenktruhe.","Ein Brunnen ist nicht ihr Fluchtweg.","Die Braut greift selbst nach der Lampe und dem Fluchtweg.","mittel","https://en.wikipedia.org/wiki/Aladdin_(2019_film)","redaktionell_quellengeprueft"
"G100-20261008-FANTASY-015-M2","K-G100-20261008-FANTASY-015-M2","","de","Film","Fantasy","Aladdin","Aladdin","2019","","mittel","Filmwissen","Fantasy","Fantasy","Der zerbrochene Stab beendet den Bann über den Herrscher.",Wodurch beendet Aladdin (Mena Massoud) in der Realverfilmung „Aladdin“ zunächst die Kontrolle über den Sultan (Navid Negahban)?,"Er verbrennt das königliche Siegel.","Er zerschlägt den Spiegel im Thronsaal.","Er zerstört den Kobra-Stab.","Er zerreißt den verzauberten Turban.","C","Aladdin zerstört den Stab, mit dem Jafar den Sultan beeinflusst.","Aladdin (Mena Massoud) kehrt nach seiner Rettung in den Palast zurück. Dort zerstört er den Kobra-Stab von Jafar (Marwan Kenzari) und beendet damit dessen Bann über den Sultan (Navid Negahban). Jafars Manipulation wird sichtbar, und er verliert zunächst seine Stellung am Hof. Der Vorgang ist ein eigener Erfolg vor dem späteren Besitzwechsel der Lampe: Eine konkrete magische Kontrolle wird durch das Beschädigen ihres Werkzeugs unterbrochen.","Ein königliches Siegel ist nicht das Zaubermittel.","Ein Thronsaalspiegel wird nicht als Kontrollmittel zerstört.","Das Zerstören des Stabs beendet den Bann über den Sultan.","Der Turban ist nicht das hier zerstörte Machtmittel.","Der zerbrochene Stab beendet den Bann über den Herrscher.","mittel","https://en.wikipedia.org/wiki/Aladdin_(2019_film)","redaktionell_quellengeprueft"
"G100-20261008-FANTASY-015-S1","K-G100-20261008-FANTASY-015-S1","","de","Film","Fantasy","Aladdin","Aladdin","2019","","schwer","Filmwissen","Fantasy","Fantasy","Jasmin heiratet nicht nur, sie regiert selbst.","Welche neue Stellung erhält Jasmin (Naomi Scott) am Ende der Realverfilmung „Aladdin“?","Sie wird Botschafterin des Reichs.","Sie führt ausschließlich den königlichen Handel.","Sie wird Regentin eines entfernten Vasallenstaats.","Sie übernimmt selbst die Herrschaft als Sultanin.","D","Der Sultan ernennt Jasmin zur selbst regierenden Sultanin.","Jasmin (Naomi Scott) möchte Verantwortung für ihr Land übernehmen, wird aber zunächst auf eine königliche Heirat verwiesen. Nach dem Konflikt ernennt ihr Vater, der Sultan (Navid Negahban), sie selbst zur Herrscherin. Damit erfüllt die Realverfilmung einen eigenen politischen Handlungsbogen der Prinzessin. Ihre spätere Verbindung mit Aladdin (Mena Massoud) ist nicht einfach die alte Voraussetzung für eine Herrschaft, die allein einem männlichen Thronfolger zufallen soll.","Eine Botschafterstellung ist nicht die Schlusslösung.","Ihr Amt ist nicht auf den Handel begrenzt.","Sie übernimmt keinen entfernten Vasallenstaat.","Jasmin wird selbst zur regierenden Sultanin ernannt.","Jasmin heiratet nicht nur, sie regiert selbst.","hoch","https://en.wikipedia.org/wiki/Aladdin_(2019_film)","redaktionell_quellengeprueft"
"G100-20261008-FANTASY-015-S2","K-G100-20261008-FANTASY-015-S2","","de","Film","Fantasy","Aladdin","Aladdin","2019","","schwer","Filmwissen","Fantasy","Fantasy","Der freie Dschinni wird zum menschlichen Vater und Seefahrer.","Welches Leben führt der befreite Dschinni (Will Smith) am Ende der Realverfilmung „Aladdin“?","Als Mensch mit Frau und Kindern auf Reisen","Als magischer Berater allein am Königshof","Als neuer Lampenwächter in der Wunderhöhle","Als dauerhaft blauer Beschützer der Stadt","A","Der Dschinni führt als Mensch ein Familienleben auf Reisen.","Aladdin (Mena Massoud) befreit den Dschinni (Will Smith), der daraufhin als Mensch leben kann. Er heiratet Dalia (Nasim Pedrad), bekommt mit ihr Kinder und reist mit seiner Familie. So erklärt sich auch der Seefahrer, der in der Rahmenhandlung erzählt. Die Freiheit endet für diese Figur nicht bei der gelösten Bindung an eine Lampe, sondern eröffnet ein neues menschliches Leben mit eigenen Beziehungen.","Er lebt menschlich mit seiner Familie und bereist die Welt.","Er bleibt nicht als alleiniger magischer Hofberater zurück.","Die Wunderhöhle wird nicht sein neuer Dienstort.","Er bleibt nicht dauerhaft in der blauen Zaubergestalt.","Der freie Dschinni wird zum menschlichen Vater und Seefahrer.","hoch","https://en.wikipedia.org/wiki/Aladdin_(2019_film)|https://www.bfi.org.uk/sight-and-sound/reviews/aladdin-review-guy-ritchie-polishes-disneys-lamp","redaktionell_quellengeprueft"
"G100-20261008-FANTASY-015-Y","K-G100-20261008-FANTASY-015-Y","","de","Film","Fantasy","Aladdin","Aladdin","2019","","mittel","Filmjahr","Fantasy","Fantasy","Zeichentrick 1992, Realverfilmung 2019: 27 Jahre.","In welchem Jahr erschien die Realverfilmung „Aladdin“ mit Will Smith erstmals?","2016","2019","2018","2021","B","Die Realverfilmung wurde 2019 veröffentlicht.","Aladdin erschien als Realverfilmung 2019, während die Disney-Zeichentrickfassung von 1992 stammt. Zwischen den beiden Filmjahrgängen liegen 27 Jahre. Der spätere Film verwendet vertraute Figuren und Musik, ergänzt jedoch etwa Dalia (Nasim Pedrad) und den menschlichen Familienweg des Dschinnis (Will Smith). Die zeitliche Verbindung hilft deshalb bei der Fassungszuordnung, ohne die späteren Darsteller und das neue Regieteam mit dem ursprünglichen Animationsfilm gleichzusetzen.","2016 liegt drei Jahre vor dem Erststart.","Die Realverfilmung erschien 2019.","2018 liegt ein Jahr zu früh.","2021 liegt zwei Jahre nach dem Erststart.","Zeichentrick 1992, Realverfilmung 2019: 27 Jahre.","mittel","https://movies.disney.com/aladdin-2019|https://www.bfi.org.uk/sight-and-sound/reviews/aladdin-review-guy-ritchie-polishes-disneys-lamp","redaktionell_quellengeprueft"
"G100-20261008-FANTASY-015-D","K-G100-20261008-FANTASY-015-D","","de","Film","Fantasy","Aladdin","Aladdin","2019","","mittel","Regie","Fantasy","Fantasy","Guy Ritchie inszeniert die Fassung mit Will Smith.","Wer führte bei der Realverfilmung „Aladdin“ mit Will Smith Hauptregie?","Jon Favreau","Tim Burton","Guy Ritchie","Rob Marshall","C","Die Realverfilmung inszenierte Guy Ritchie.","Guy Ritchie führte die Hauptregie von Aladdin mit Aladdin (Mena Massoud), Jasmin (Naomi Scott) und dem Dschinni (Will Smith). Der Credit gehört zur Realverfilmung und ist vom Regieteam des Zeichentrickfilms getrennt. Die Inszenierung verbindet die bekannte Wunschgeschichte mit sichtbaren Darstellern und zusätzlichen Figuren. Für die richtige Zuordnung sind deshalb Titel und konkrete Filmfassung gemeinsam wichtig; der vertraute Stoff allein nennt noch keinen Regisseur.","Jon Favreau ist nicht der Regisseur dieser Realverfilmung.","Tim Burton inszenierte diese Fassung nicht.","Guy Ritchie führte die Hauptregie.","Rob Marshall trägt hier keinen Hauptregiecredit.","Guy Ritchie inszeniert die Fassung mit Will Smith.","mittel","https://movies.disney.com/aladdin-2019|https://www.bfi.org.uk/sight-and-sound/reviews/aladdin-review-guy-ritchie-polishes-disneys-lamp","redaktionell_quellengeprueft"
"G100-20261008-FANTASY-016-L1","K-G100-20261008-FANTASY-016-L1","","de","Film","Fantasy","Auf der Suche nach dem goldenen Kind","The Golden Child","1986","","leicht","Filmwissen","Fantasy","Fantasy","Die Suche in Los Angeles beginnt mit einer Entführung in Tibet.","Wo wird das gesuchte Kind zu Beginn von „Auf der Suche nach dem goldenen Kind“ entführt?","In Tibet","In Nepal","In Bhutan","In der Mongolei","A","Das Kind wird aus einem Tempel in Tibet entführt.","Das Kind (J.L. Reate) lebt zu Beginn in einem tibetischen Tempel und zeigt ungewöhnliche Fähigkeiten. Sardo Numspa (Charles Dance) dringt mit seinen Helfern ein und entführt es. Die Rettungsaufgabe führt später nach Los Angeles, beginnt aber weit entfernt davon. Diese räumliche Trennung erklärt, warum Chandler Jarrell (Eddie Murphy) zunächst wenig über die Vorgeschichte seines neuen Auftrags weiß.","Die Entführung geschieht in einem tibetischen Tempel.","Nepal ist nicht der Handlungsort dieser Entführung.","Bhutan ist nicht das Herkunftsland des entführten Kindes.","Die Mongolei ist nicht der Ausgangsort.","Die Suche in Los Angeles beginnt mit einer Entführung in Tibet.","mittel","https://en.wikipedia.org/wiki/The_Golden_Child|https://catalog.afi.com/Catalog/moviedetails/57333","redaktionell_quellengeprueft"
"G100-20261008-FANTASY-016-L2","K-G100-20261008-FANTASY-016-L2","","de","Film","Fantasy","Auf der Suche nach dem goldenen Kind","The Golden Child","1986","","leicht","Filmwissen","Fantasy","Fantasy","Die vorhandene Vermisstensuche führt zum außergewöhnlichen Auftrag.","Womit beschäftigt sich Chandler Jarrell (Eddie Murphy) schon vor seinem besonderen Auftrag in „Auf der Suche nach dem goldenen Kind“?","Mit Streitigkeiten um große Erbschaften","Mit der Suche nach vermissten Kindern und Jugendlichen","Mit Diebstählen in Museen","Mit Betrugsfällen im internationalen Handel","B","Chandler sucht nach vermissten Kindern und Jugendlichen.","Chandler Jarrell (Eddie Murphy) macht in Los Angeles auf den Fall einer vermissten Jugendlichen aufmerksam. Kee Nang (Charlotte Lewis) sieht ihn im Fernsehen und sucht ihn anschließend für die Rettung des besonderen Kindes auf. Die neue Aufgabe knüpft damit an seine vorhandene Arbeit an. Er beginnt nicht als eingeweihter Tempelkämpfer, sondern als Helfer, der Vermisstenfälle verfolgt und mit dem Übernatürlichen zunächst skeptisch umgeht.","Erbstreitigkeiten bestimmen seine gezeigte Arbeit nicht.","Chandler sucht bereits nach vermissten jungen Menschen.","Museumsdiebstähle sind nicht sein vorgestelltes Arbeitsfeld.","Handelsbetrug ist nicht der Ausgangsfall.","Die vorhandene Vermisstensuche führt zum außergewöhnlichen Auftrag.","mittel","https://en.wikipedia.org/wiki/The_Golden_Child|https://catalog.afi.com/Catalog/moviedetails/57333","redaktionell_quellengeprueft"
"G100-20261008-FANTASY-016-M1","K-G100-20261008-FANTASY-016-M1","","de","Film","Fantasy","Auf der Suche nach dem goldenen Kind","The Golden Child","1986","","mittel","Filmwissen","Fantasy","Fantasy","Das verweigerte Essen bewahrt die Schutzstellung des Kindes.","Warum setzen die Entführer dem Kind in „Auf der Suche nach dem goldenen Kind“ Blut ins Essen?","Sie wollen seine Erinnerung an den Tempel löschen.","Sie wollen seine magischen Fähigkeiten verstärken.","Sie wollen seine Reinheit zerstören und es verwundbar machen.","Sie wollen ihm die Gestalt eines Erwachsenen geben.","C","Die Entführer versuchen, das Kind durch Blut im Essen verwundbar zu machen.","Die Helfer von Sardo Numspa (Charles Dance) versuchen, dem Kind (J.L. Reate) Blut im Essen zu geben. Dadurch soll seine Reinheit beeinträchtigt und seine besondere Schutzstellung aufgehoben werden. Das Kind weigert sich jedoch zu essen. Die Spur verbindet Chandler Jarrells (Eddie Murphy) Untersuchung des Todes einer Jugendlichen mit der Entführung: Das ungewöhnliche Essen gehört zu einem gezielten Versuch, das Opfer überhaupt töten zu können.","Eine Gedächtnislöschung ist nicht das Ziel.","Die Entführer wollen seine Macht nicht verstärken.","Das Blut soll seine Reinheit beeinträchtigen und es angreifbar machen.","Eine Alterungsverwandlung ist nicht beabsichtigt.","Das verweigerte Essen bewahrt die Schutzstellung des Kindes.","mittel","https://en.wikipedia.org/wiki/The_Golden_Child|https://catalog.afi.com/Catalog/moviedetails/57333","redaktionell_quellengeprueft"
"G100-20261008-FANTASY-016-M2","K-G100-20261008-FANTASY-016-M2","","de","Film","Fantasy","Auf der Suche nach dem goldenen Kind","The Golden Child","1986","","mittel","Filmwissen","Fantasy","Fantasy","Der Ajanti-Dolch verbindet Tauschforderung und Tempelprüfung.","Welchen Gegenstand soll Chandler (Eddie Murphy) in „Auf der Suche nach dem goldenen Kind“ im Tausch gegen das Kind beschaffen?","Einen heiligen Gebetsring","Eine geweihte Steintafel","Eine goldene Tempelglocke","Den Ajanti-Dolch","D","Die Tauschforderung betrifft den Ajanti-Dolch.","Sardo Numspa (Charles Dance) verlangt von Chandler Jarrell (Eddie Murphy), den Ajanti-Dolch zu beschaffen. Als Gegenleistung stellt er die Freigabe des Kindes (J.L. Reate) in Aussicht. Der Auftrag führt Chandler und Kee Nang (Charlotte Lewis) zum Tempel. Das Objekt verbindet somit zwei Handlungswege: die gefährliche Verhandlung mit dem Entführer und eine Prüfung, durch die Chandler die geforderte Waffe erst erlangen muss.","Ein Gebetsring ist nicht der verlangte Gegenstand.","Eine Steintafel gehört nicht zur Tauschforderung.","Die Forderung betrifft keine Tempelglocke.","Numspa verlangt den Ajanti-Dolch.","Der Ajanti-Dolch verbindet Tauschforderung und Tempelprüfung.","mittel","https://en.wikipedia.org/wiki/The_Golden_Child|https://catalog.afi.com/Catalog/moviedetails/57333","redaktionell_quellengeprueft"
"G100-20261008-FANTASY-016-S1","K-G100-20261008-FANTASY-016-S1","","de","Film","Fantasy","Auf der Suche nach dem goldenen Kind","The Golden Child","1986","","schwer","Filmwissen","Fantasy","Fantasy","Ein einziger verschütteter Tropfen würde die Prüfung verletzen.","Welche Bedingung gilt für Chandlers (Eddie Murphy) Wasserglas beim Weg zum Dolch in „Auf der Suche nach dem goldenen Kind“?","Er darf keinen Tropfen verschütten.","Er darf das Glas nicht mit den Händen berühren.","Er muss das Wasser vor dem letzten Schritt austrinken.","Er muss das Glas unterwegs genau halb leeren.","A","Chandler muss den Weg mit dem Glas bewältigen, ohne Wasser zu verschütten.","Chandler Jarrell (Eddie Murphy) muss im Tempel einen gefährlichen Weg mit einem gefüllten Wasserglas überwinden. Die Aufgabe verlangt, keinen Tropfen zu verschütten. Der Dolch lässt sich damit nicht einfach durch Stärke oder einen schnellen Zugriff gewinnen. Die Prüfung zwingt den gewöhnlich improvisierenden Helfer zu genauer Körperkontrolle unter unsicheren Bedingungen. Ein alltäglicher Gegenstand wird zur messbaren Grenze zwischen bloßer Kühnheit und einem bestandenen Zugang zum Heiligtum.","Der Weg muss ohne verschütteten Tropfen bewältigt werden.","Ein Verbot der Handberührung ist nicht die Bedingung.","Das Wasser soll nicht vor dem Ende ausgetrunken werden.","Ein halb geleertes Glas erfüllt keine verlangte Vorgabe.","Ein einziger verschütteter Tropfen würde die Prüfung verletzen.","mittel","https://en.wikipedia.org/wiki/The_Golden_Child","redaktionell_quellengeprueft"
"G100-20261008-FANTASY-016-S2","K-G100-20261008-FANTASY-016-S2","","de","Film","Fantasy","Auf der Suche nach dem goldenen Kind","The Golden Child","1986","","schwer","Filmwissen","Fantasy","Fantasy","Das Sonnenlicht hält die Hoffnung auf Wiederbelebung offen.","Warum hält Chandler (Eddie Murphy) Kee Nangs (Charlotte Lewis) Körper in „Auf der Suche nach dem goldenen Kind“ im Sonnenlicht?","Das Licht allein heilt ihre Wunde.","Das Kind kann sie dort wiederbeleben.","Das Licht verhindert ihre Verwandlung in einen Dämon.","Das Licht hält einen fremden Geist von ihrem Körper fern.","B","Chandler hält ihren Körper im Sonnenlicht, damit das Kind sie wiederbeleben kann.","Kee Nang (Charlotte Lewis) schützt Chandler Jarrell (Eddie Murphy) vor einem Angriff und wird tödlich getroffen. Er hält ihren Körper im Sonnenlicht, weil das Kind (J.L. Reate) sie dort wiederbeleben kann. Die Rettung des Kindes erhält dadurch eine zusätzliche persönliche Dringlichkeit. Nachdem der Entführer besiegt ist, wird diese Hoffnung erfüllt. Die übernatürliche Fähigkeit des Kindes beendet so auch die zweite Verlustgefahr des Schlusskampfs.","Die Wiederbelebung benötigt die Fähigkeit des Kindes; das Licht allein heilt sie nicht.","Das Sonnenlicht ist eine Voraussetzung für die erhoffte Wiederbelebung.","Eine drohende Dämonenverwandlung wird damit nicht verhindert.","Das Fernhalten eines fremden Geistes ist nicht die genannte Voraussetzung.","Das Sonnenlicht hält die Hoffnung auf Wiederbelebung offen.","hoch","https://en.wikipedia.org/wiki/The_Golden_Child|https://catalog.afi.com/Catalog/moviedetails/57333","redaktionell_quellengeprueft"
"G100-20261008-FANTASY-016-Y","K-G100-20261008-FANTASY-016-Y","","de","Film","Fantasy","Auf der Suche nach dem goldenen Kind","The Golden Child","1986","","mittel","Filmjahr","Fantasy","Fantasy","Beverly Hills Cop 1984, Golden Child 1986: zwei Jahre.","In welchem Jahr wurde „Auf der Suche nach dem goldenen Kind“ mit Eddie Murphy erstmals veröffentlicht?","1984","1987","1986","1989","C","Der Film wurde 1986 veröffentlicht.","The Golden Child erschien 1986. Beverly Hills Cop, ebenfalls mit Eddie Murphy und von Paramount veröffentlicht, stammt von 1984; zwischen diesen Erstjahrgängen liegen zwei Jahre. AFI beschreibt den früheren Erfolg als Hintergrund der neuen Zusammenarbeit. Der spätere Film verbindet Murphys komischen Hauptdarstellerstil mit einer übernatürlichen Rettungsgeschichte. Sein Filmjahr wird vom Kinostart bestimmt, nicht von der erst später erfolgten Copyrightregistrierung.","1984 ist der Jahrgang von Beverly Hills Cop.","1987 betrifft unter anderem die spätere Copyrightregistrierung.","1986 ist der belegte Erstjahrgang.","1989 liegt drei Jahre nach dem Erststart.","Beverly Hills Cop 1984, Golden Child 1986: zwei Jahre.","mittel","https://catalog.afi.com/Catalog/moviedetails/57333|https://www.bfi.org.uk/film/42357ed4-c1e1-5a40-bc93-507ba9323132/the-golden-child","redaktionell_quellengeprueft"
"G100-20261008-FANTASY-016-D","K-G100-20261008-FANTASY-016-D","","de","Film","Fantasy","Auf der Suche nach dem goldenen Kind","The Golden Child","1986","","mittel","Regie","Fantasy","Fantasy","Michael Ritchie führt Hauptregie, Peter Norman leitet die Second Unit.","Wer führte bei „Auf der Suche nach dem goldenen Kind“ mit Eddie Murphy die Hauptregie?","John Landis","Martin Brest","Walter Hill","Michael Ritchie","D","Die Hauptregie stammt von Michael Ritchie.","Michael Ritchie führte die Hauptregie von The Golden Child. AFI nennt im Überblick zusätzlich Peter Norman, erläutert dessen Credit im Detail aber als Second-Unit-Regie für Los Angeles und Nepal. Diese zusätzliche Einheit wird nicht zum zweiten Hauptregisseur umgedeutet. Auch Dennis Feldmans ursprüngliche Regieplanung änderte den veröffentlichten Credit nicht: Am fertigen Film ist er als Autor und Co-Produzent beteiligt.","John Landis ist nicht der Hauptregisseur dieses Films.","Martin Brest inszenierte diesen Film nicht.","Walter Hill trägt hier keinen Hauptregiecredit.","Michael Ritchie trägt den Hauptregiecredit.","Michael Ritchie führt Hauptregie, Peter Norman leitet die Second Unit.","mittel","https://catalog.afi.com/Catalog/moviedetails/57333|https://www.bfi.org.uk/film/42357ed4-c1e1-5a40-bc93-507ba9323132/the-golden-child","redaktionell_quellengeprueft"
"G100-20261008-FANTASY-017-L1","K-G100-20261008-FANTASY-017-L1","","de","Film","Fantasy","Der gestiefelte Kater","Puss in Boots","2011","Der gestiefelte Kater","leicht","Filmwissen","Fantasy","Fantasy","Bohnenranke und Wolkenschloss gehören zum Weg zu den goldenen Eiern.","Was wollen die Gefährten in „Der gestiefelte Kater“ mithilfe der magischen Bohnen erreichen?","Eine versunkene Stadt im Meer","Ein Schloss über den Wolken","Einen unterirdischen Königspalast","Eine Festung hinter einem Wasserfall","B","Die Bohnen eröffnen den Weg zum Schloss in den Wolken.","Der gestiefelte Kater (Originalstimme: Antonio Banderas), Kitty Samtpfote (Salma Hayek) und Humpty Dumpty (Zach Galifianakis) suchen magische Bohnen, die eine gewaltige Ranke wachsen lassen. Über sie gelangen sie zu einem Schloss oberhalb der Wolken. Dort hoffen sie auf goldene Eier. Die Reise verbindet den vertrauten Katzenhelden mit Motiven aus einem anderen Märchen und macht aus der Suche nach einem Gegenstand einen gemeinsamen Einbruch in eine fremde Welt.","Ihr Ziel liegt nicht unter dem Meer.","Die Bohnenranke führt zum Schloss über den Wolken.","Die Bohnen eröffnen keinen Weg in einen unterirdischen Palast.","Ein Wasserfall verbirgt das gesuchte Schloss nicht.","Bohnenranke und Wolkenschloss gehören zum Weg zu den goldenen Eiern.","mittel","https://en.wikipedia.org/wiki/Puss_in_Boots_(2011_film)","redaktionell_quellengeprueft"
"G100-20261008-FANTASY-017-L2","K-G100-20261008-FANTASY-017-L2","","de","Film","Fantasy","Der gestiefelte Kater","Puss in Boots","2011","Der gestiefelte Kater","leicht","Filmwissen","Fantasy","Fantasy","Die gemeinsame Kindheit verbindet die später zerstrittenen Gefährten.","Wo lernten sich der Kater (Antonio Banderas) und Humpty Dumpty (Zach Galifianakis) in der Vorgeschichte von „Der gestiefelte Kater“ kennen?","Bei einer fahrenden Theatergruppe","In der Schule eines Fechtmeisters","Im selben Waisenhaus","Als Gehilfen eines Händlers","C","Die frühere Freundschaft entsteht im Waisenhaus.","Der gestiefelte Kater (Originalstimme: Antonio Banderas) erzählt Kitty Samtpfote (Salma Hayek) von seiner Kindheit mit Humpty Dumpty (Zach Galifianakis). Die beiden wachsen im Waisenhaus von San Ricardo auf und entwickeln eine enge Freundschaft. Imelda (Constance Marie) kümmert sich dort um den Kater. Diese gemeinsame Vergangenheit erklärt, weshalb eine spätere Zusammenarbeit trotz des gebrochenen Vertrauens überhaupt möglich wird: Der neue Gefährte ist zugleich jemand aus seiner früheren Familie.","Eine Theatergruppe verbindet ihre Kindheit nicht.","Sie begegnen sich nicht erstmals beim Fechtunterricht.","Beide wachsen im Waisenhaus von San Ricardo auf.","Ihre Freundschaft beginnt nicht als gemeinsamer Händlerdienst.","Die gemeinsame Kindheit verbindet die später zerstrittenen Gefährten.","mittel","https://en.wikipedia.org/wiki/Puss_in_Boots_(2011_film)","redaktionell_quellengeprueft"
"G100-20261008-FANTASY-017-M1","K-G100-20261008-FANTASY-017-M1","","de","Film","Fantasy","Der gestiefelte Kater","Puss in Boots","2011","Der gestiefelte Kater","mittel","Filmwissen","Fantasy","Fantasy","Ein vorgetäuschter gemeinsamer Plan zerstört Ruf und Freundschaft.","Wodurch wird der Kater (Antonio Banderas) in „Der gestiefelte Kater“ zum gesuchten Flüchtigen?","Kitty (Salma Hayek) belastet ihn mit gestohlenen Juwelen","Jack (Billy Bob Thornton) lässt ihn wegen Viehdiebstahls verfolgen","Imelda (Constance Marie) meldet ihn nach einem verbotenen Duell","Humpty (Zach Galifianakis) lockt ihn in einen Banküberfall","D","Humptys Täuschung verwickelt ihn in einen Banküberfall.","Humpty Dumpty (Originalstimme: Zach Galifianakis) täuscht den gestiefelten Kater (Antonio Banderas) darüber, dass ihre gemeinsame Fahrt einem Banküberfall dient. Als der Kater den Plan erkennt, ist er bereits verwickelt und muss fliehen. Humpty bleibt zurück und wird festgenommen. Aus dem ehemaligen Bündnis entstehen dadurch zwei verschiedene Verletzungen: Der Kater verliert seinen guten Ruf, während Humpty sich von seinem Freund im Stich gelassen fühlt.","Ein Juwelendiebstahl mit Kitty begründet die frühere Flucht nicht.","Jack verursacht keinen solchen Viehdiebstahlsvorwurf.","Imelda zeigt ihn nicht wegen eines Duells an.","Humpty täuscht ihn über einen geplanten Banküberfall.","Ein vorgetäuschter gemeinsamer Plan zerstört Ruf und Freundschaft.","mittel","https://en.wikipedia.org/wiki/Puss_in_Boots_(2011_film)","redaktionell_quellengeprueft"
"G100-20261008-FANTASY-017-M2","K-G100-20261008-FANTASY-017-M2","","de","Film","Fantasy","Der gestiefelte Kater","Puss in Boots","2011","Der gestiefelte Kater","mittel","Filmwissen","Fantasy","Fantasy","Die zu schwere Beute wird durch ihre lebende Quelle ersetzt.","Warum nehmen die Gefährten in „Der gestiefelte Kater“ die junge Goldgans statt der gefundenen Eier mit?","Die Eier sind zu schwer zum Transport","Die Eier verlieren außerhalb des Schlosses ihren Wert","Die Eier zerbrechen bei jeder Berührung","Die Eier gehören bereits einem anderen Dieb","A","Die Eier sind zu schwer; die Gans liefert neue.","Im Wolkenschloss entdecken der gestiefelte Kater (Originalstimme: Antonio Banderas), Kitty Samtpfote (Salma Hayek) und Humpty Dumpty (Zach Galifianakis) die erhofften goldenen Eier. Ihr Gewicht macht den Abtransport schwierig. Als die Gefährten erkennen, dass die junge Gans weitere Eier legt, nehmen sie das Tier mit. Die praktische Lösung verändert den Charakter ihres Diebstahls: Mit der lebenden Beute schaffen sie zugleich eine Verbindung zu deren gefährlicher Beschützerin.","Die schwere Beute wird durch die Gans ersetzt, die weitere Eier legen kann.","Ein Wertverlust außerhalb des Schlosses ist nicht das Problem.","Die Eier zerbrechen nicht grundsätzlich bei Berührung.","Ein früherer Dieb begründet den Wechsel der Beute nicht.","Die zu schwere Beute wird durch ihre lebende Quelle ersetzt.","mittel","https://en.wikipedia.org/wiki/Puss_in_Boots_(2011_film)","redaktionell_quellengeprueft"
"G100-20261008-FANTASY-017-S1","K-G100-20261008-FANTASY-017-S1","","de","Film","Fantasy","Der gestiefelte Kater","Puss in Boots","2011","Der gestiefelte Kater","schwer","Filmwissen","Fantasy","Fantasy","Die Verfolgerin handelt als Mutter des gestohlenen Jungen.","Welche Beziehung erklärt in „Der gestiefelte Kater“, warum die gewaltige Verfolgerin nach San Ricardo kommt?","Sie ist die verwandelte Besitzerin der Bohnen","Sie ist die Mutter der gestohlenen Goldgans","Sie ist Humptys (Zach Galifianakis) frühere Gefängniswärterin","Sie ist die verzauberte Königin des Schlosses","B","Die vermeintliche Schreckensgestalt sucht ihr Junges.","Im Gefängnis erfährt der gestiefelte Kater (Originalstimme: Antonio Banderas), dass die gefürchtete Riesengans die Mutter der gestohlenen Goldgans ist. Ihr Angriff richtet sich auf die Rückholung ihres Jungen. Humpty Dumpty (Zach Galifianakis) hat diese Bedrohung in seine Rache an San Ricardo einbezogen. Die Enthüllung verbindet den anfänglichen Beutediebstahl mit der drohenden Zerstörung der Stadt und eröffnet zugleich eine Möglichkeit, die Verfolgerin von den Bewohnern wegzulocken.","Die Verfolgerin ist keine verwandelte Bohnenbesitzerin.","Die riesige Gans sucht ihr gestohlenes Junges.","Eine frühere Gefängnisaufsicht erklärt ihr Auftauchen nicht.","Sie ist nicht die verzauberte Königin des Schlosses.","Die Verfolgerin handelt als Mutter des gestohlenen Jungen.","hoch","https://en.wikipedia.org/wiki/Puss_in_Boots_(2011_film)","redaktionell_quellengeprueft"
"G100-20261008-FANTASY-017-S2","K-G100-20261008-FANTASY-017-S2","","de","Film","Fantasy","Der gestiefelte Kater","Puss in Boots","2011","Der gestiefelte Kater","schwer","Filmwissen","Fantasy","Fantasy","Loslassen macht die Rettung des Jungen möglich.","Wie löst Humpty Dumpty (Zach Galifianakis) in „Der gestiefelte Kater“ das Dilemma an der einstürzenden Brücke?","Er bietet die Gans gegen freies Geleit an","Er wirft die Gans ins Wasser und hält sich fest","Er lässt los, damit die junge Gans gerettet werden kann","Er hält beide Lasten bis zum Eintreffen einer Rettungsmannschaft","C","Humpty opfert sich in der Brückenszene für das Junge.","An der einstürzenden Brücke hängen Humpty Dumpty (Originalstimme: Zach Galifianakis) und die junge Goldgans an einer Last, die der gestiefelte Kater (Antonio Banderas) nicht gemeinsam retten kann. Humpty lässt los. Die Entscheidung ermöglicht die Wiedervereinigung von Mutter und Jungem und wendet die Gefahr für San Ricardo ab. Sie beantwortet seinen früheren Verrat durch eine selbstlose Handlung; der spätere komische Epilog ist davon als eigener Schlussmoment zu unterscheiden.","Er handelt dort keine Freilassung gegen die Gans aus.","Er rettet sich nicht auf Kosten des Jungen.","Humpty lässt sich fallen, damit der Kater die Gans retten kann.","Er wartet nicht mit beiden Lasten auf eine Rettungsmannschaft.","Loslassen macht die Rettung des Jungen möglich.","hoch","https://en.wikipedia.org/wiki/Puss_in_Boots_(2011_film)","redaktionell_quellengeprueft"
"G100-20261008-FANTASY-017-Y","K-G100-20261008-FANTASY-017-Y","","de","Film","Fantasy","Der gestiefelte Kater","Puss in Boots","2011","Der gestiefelte Kater","mittel","Filmjahr","Fantasy","Fantasy","2011 erster Solofilm, 2022 Der letzte Wunsch: elf Jahre Abstand.","In welchem Jahr erschien „Der gestiefelte Kater“ als eigenständiger animierter Kinofilm erstmals?","2008","2014","2017","2011","D","Der erste eigenständige Kinofilm erschien 2011.","Der gestiefelte Kater erschien 2011. Seine direkte Kinofortsetzung Der gestiefelte Kater: Der letzte Wunsch folgte 2022, elf Jahre später. DreamWorks benennt den späteren Film ausdrücklich als Nachfolger des ersten Abenteuers. Der Abstand trennt zwei eigenständige Questen derselben Figur: Hier stehen die gemeinsame Vergangenheit und goldene Eier im Mittelpunkt, später die verlorenen Katzenleben. Die dazwischen veröffentlichten Fernsehgeschichten verschieben das Erstjahr des Kinofilms nicht.","2008 liegt drei Jahre davor.","2014 liegt drei Jahre danach.","2017 ist sechs Jahre zu spät.","2011 ist das Erstjahr des eigenständigen Films.","2011 erster Solofilm, 2022 Der letzte Wunsch: elf Jahre Abstand.","mittel","https://www.dreamworks.com/movies/puss-in-boots|https://www.dreamworks.com/movies/puss-in-boots-the-last-wish","redaktionell_quellengeprueft"
"G100-20261008-FANTASY-017-D","K-G100-20261008-FANTASY-017-D","","de","Film","Fantasy","Der gestiefelte Kater","Puss in Boots","2011","Der gestiefelte Kater","mittel","Regie","Fantasy","Fantasy","Miller inszeniert die Vorgeschichte des eigenständigen Katzenhelden.","Wer führte bei „Der gestiefelte Kater“, dem ersten eigenständigen animierten Kinofilm, Hauptregie?","Chris Miller","Mike Mitchell","Andrew Adamson","Conrad Vernon","A","Chris Miller inszenierte das erste eigenständige Kinoabenteuer.","Chris Miller führt den alleinigen Hauptregiecredit des Films. Die Geschichte stellt eine aus der Shrek-Welt bekannte Nebenfigur ins Zentrum und erzählt eine frühere Freundschaft, deren Folgen bis in das neue Abenteuer reichen. Guillermo del Toro ist als Executive Producer und Originalstimme beteiligt; diese Funktionen machen ihn nicht zum zweiten Hauptregisseur. Die Filmkarte von AFI und die Präsentation des MoMA bestätigen Millers Zuordnung zu dieser konkreten Fassung.","Chris Miller trägt den alleinigen Hauptregiecredit.","Mike Mitchell ist nicht der Hauptregisseur dieses Solofilms.","Andrew Adamson gehört zur Shrek-Regiegeschichte, nicht zum Hauptcredit hier.","Conrad Vernon führte bei diesem Solofilm nicht Hauptregie.","Miller inszeniert die Vorgeschichte des eigenständigen Katzenhelden.","mittel","https://catalog.afi.com/Film/68120-PUSS-IN-BOOTS|https://www.moma.org/calendar/events/8419|https://en.wikipedia.org/wiki/Puss_in_Boots_(2011_film)","redaktionell_quellengeprueft"
"G100-20261008-FANTASY-018-L1","K-G100-20261008-FANTASY-018-L1","","de","Film","Fantasy","Drei Haselnüsse für Aschenbrödel","Tři oříšky pro Popelku","1973","","leicht","Filmwissen","Fantasy","Fantasy","Die Tauben schaffen Zeit für Aschenbrödels eigene Wege.","Welche Tiere helfen Aschenbrödel (Libuše Šafránková) in „Drei Haselnüsse für Aschenbrödel“ beim Sortieren der vermischten Körner?","Mäuse","Spatzen","Tauben","Eichhörnchen","C","Die Tauben helfen bei der auferlegten Sortierarbeit.","Aschenbrödel (Libuše Šafránková) erhält von ihrer Stiefmutter (Carola Braunbock) aufwendige Sortierarbeiten, die sie im Haus festhalten sollen. Ihre Tauben helfen, die vermischten Bestandteile zu trennen. Dadurch gewinnt sie Zeit für eigene Wege. Die Tiere sind nicht bloß Schmuck der Märchenwelt: Ihre Hilfe durchkreuzt eine konkrete Form der Kontrolle. Aschenbrödel kann das Gut verlassen, obwohl die Stiefmutter sie durch Arbeit von den Begegnungen draußen fernhalten möchte.","Mäuse übernehmen diese Arbeit in der Filmfassung nicht.","Spatzen sind nicht die gezeigten Helfer.","Die Tauben erledigen die Sortierarbeit.","Eichhörnchen sortieren die Körner nicht.","Die Tauben schaffen Zeit für Aschenbrödels eigene Wege.","mittel","https://en.wikipedia.org/wiki/Three_Wishes_for_Cinderella_(1973_film)","redaktionell_quellengeprueft"
"G100-20261008-FANTASY-018-L2","K-G100-20261008-FANTASY-018-L2","","de","Film","Fantasy","Drei Haselnüsse für Aschenbrödel","Tři oříšky pro Popelku","1973","","leicht","Filmwissen","Fantasy","Fantasy","Der Schneeball macht das erste Treffen zu einer widerspenstigen Begegnung.","Wie verhindert Aschenbrödel (Libuše Šafránková) in „Drei Haselnüsse für Aschenbrödel“ den Schuss des Prinzen (Pavel Trávníček) auf ein Reh?","Sie reißt ihm die Armbrust weg","Sie scheucht das Reh mit einem Horn fort","Sie zieht sein Pferd am Zügel zurück","Sie trifft ihn mit einem Schneeball","D","Ein Schneeball unterbricht den Schuss auf das Reh.","Aschenbrödel (Libuše Šafránková) begegnet dem Prinzen (Pavel Trávníček) zunächst im verschneiten Wald. Als er auf ein Reh zielt, stört sie ihn mit einem Schneeball. Die Begegnung beginnt deshalb mit Widerspruch und einer Verfolgung, nicht mit einem höfischen Kennenlernen. Sie behauptet sich gegenüber seinem Auftreten als Jäger und Prinz. Ihre spätere Verkleidung knüpft an diese frühe Auseinandersetzung an, ohne dass er ihre Identität bereits durchschaut.","Sie entreißt dem Prinzen die Armbrust nicht.","Ein Jagdhorn verscheucht das Reh in dieser Szene nicht.","Ein zurückgezogenes Pferd ist nicht ihr Mittel.","Ein Schneeball stört den gezielten Schuss.","Der Schneeball macht das erste Treffen zu einer widerspenstigen Begegnung.","mittel","https://en.wikipedia.org/wiki/Three_Wishes_for_Cinderella_(1973_film)","redaktionell_quellengeprueft"
"G100-20261008-FANTASY-018-M1","K-G100-20261008-FANTASY-018-M1","","de","Film","Fantasy","Drei Haselnüsse für Aschenbrödel","Tři oříšky pro Popelku","1973","","mittel","Filmwissen","Fantasy","Fantasy","Die erste Verkleidung macht Aschenbrödels Jagdgeschick sichtbar.","Welche Kleidung erhält Aschenbrödel (Libuše Šafránková) aus der zuerst geöffneten Nuss in „Drei Haselnüsse für Aschenbrödel“?","Eine Jägerkleidung","Ein Ballkleid","Ein Hochzeitskleid","Eine königliche Dieneruniform","A","Die erste Nuss enthält die Jägerkleidung.","Die erste geöffnete Nuss gibt Aschenbrödel (Libuše Šafránková) eine Jägerkleidung. In dieser Verkleidung beweist sie ihre Treffsicherheit vor dem Prinzen (Pavel Trávníček) und seinen Begleitern. Er bewundert einen vermeintlich jungen Jäger, ohne die Bekannte aus dem Wald zu erkennen. Die Gabe ermöglicht damit mehr als einen schönen Auftritt: Sie verschafft ihr eine Rolle, in der ihre Fähigkeiten sichtbar werden und die üblichen Erwartungen an sie vorübergehend entfallen.","Die erste Nuss liefert eine Jägerverkleidung.","Das Ballkleid stammt aus der zweiten Nuss.","Das Hochzeitskleid erscheint erst aus der letzten Nuss.","Eine Dieneruniform gehört nicht zur ersten Verwandlung.","Die erste Verkleidung macht Aschenbrödels Jagdgeschick sichtbar.","mittel","https://en.wikipedia.org/wiki/Three_Wishes_for_Cinderella_(1973_film)","redaktionell_quellengeprueft"
"G100-20261008-FANTASY-018-M2","K-G100-20261008-FANTASY-018-M2","","de","Film","Fantasy","Drei Haselnüsse für Aschenbrödel","Tři oříšky pro Popelku","1973","","mittel","Filmwissen","Fantasy","Fantasy","Das Rätsel verbindet die verschiedenen Erscheinungen derselben Person.","Welche Bedingung stellt Aschenbrödel (Libuše Šafránková) beim Ball in „Drei Haselnüsse für Aschenbrödel“ an den Prinzen (Pavel Trávníček)?","Er muss ihre Stiefmutter um Erlaubnis bitten","Er muss ein Rätsel über ihre Identität lösen","Er muss sie in einem Wettreiten schlagen","Er muss sich vor dem Hof für die Waldjagd entschuldigen","B","Vor der Zustimmung soll der Prinz ihr Identitätsrätsel lösen.","Beim Ball begegnet Aschenbrödel (Libuše Šafránková) dem Prinzen (Pavel Trávníček) erneut in anderer Kleidung. Seine Bewunderung genügt ihr jedoch nicht: Sie stellt ein Rätsel, das auf ihre früheren Begegnungen verweist. Er soll die scheinbar verschiedenen Erscheinungen als dieselbe Person erkennen. Die Bedingung verbindet Zuneigung mit aufmerksamem Wiedererkennen. Der Tanz allein entscheidet die Verbindung deshalb noch nicht; der Prinz muss seine Erfahrungen außerhalb des höfischen Festes einbeziehen.","Die Erlaubnis der Stiefmutter ist nicht ihre Bedingung beim Ball.","Ihr Rätsel verbindet die bisherigen Begegnungen und ihre Identität.","Ein Wettreiten fordert sie dort nicht.","Eine öffentliche Entschuldigung für die Jagd fordert sie dort nicht.","Das Rätsel verbindet die verschiedenen Erscheinungen derselben Person.","mittel","https://en.wikipedia.org/wiki/Three_Wishes_for_Cinderella_(1973_film)","redaktionell_quellengeprueft"
"G100-20261008-FANTASY-018-S1","K-G100-20261008-FANTASY-018-S1","","de","Film","Fantasy","Drei Haselnüsse für Aschenbrödel","Tři oříšky pro Popelku","1973","","schwer","Filmwissen","Fantasy","Fantasy","Eine abgestimmte Produktionsplanung führt zur winterlichen Märchenwelt.","Warum wurde die ursprünglich sommerlich geplante Geschichte von „Drei Haselnüsse für Aschenbrödel“ laut DEFA in den Winter verlegt?","Die Schlossverwaltung erlaubte ausschließlich Winteraufnahmen","Die Darsteller waren nur in den Weihnachtsferien verfügbar","Die DEFA hatte bereits genügend Sommerprojekte eingeplant","Die Kostümwerkstatt konnte die Sommergarderobe nicht rechtzeitig liefern","C","Die Produktionsplanung führte zur Verlegung in den Winter.","Die DEFA-Stiftung beschreibt, dass Václav Vorlíček zunächst eine sommerliche Handlung plante. Weil die DEFA bereits ausreichend Projekte für die Sommermonate vorgesehen hatte, wurde mit den Barrandov Studios ein Winterdreh vereinbart. Die heute prägende Schneelandschaft entstand somit aus einer Produktionsentscheidung. Wetter blieb dabei eine Herausforderung: An deutschen Drehorten musste Kunstschnee eingesetzt werden, während im Böhmerwald sehr viel echter Schnee die Arbeit erschwerte.","Eine ausschließliche Wintererlaubnis des Schlosses wird nicht als Grund genannt.","Weihnachtsferien der Besetzung erklären die Umstellung nicht.","DEFA beschreibt die Verlegung als Abstimmung der Produktionsplanung.","Eine verspätete Sommergarderobe wird nicht als Anlass genannt.","Eine abgestimmte Produktionsplanung führt zur winterlichen Märchenwelt.","mittel","https://www.defa-stiftung.de/stiftung/aktuelles/film-des-monats/drei-haselnuesse-fuer-aschenbroedel/","redaktionell_quellengeprueft"
"G100-20261008-FANTASY-018-S2","K-G100-20261008-FANTASY-018-S2","","de","Film","Fantasy","Drei Haselnüsse für Aschenbrödel","Tři oříšky pro Popelku","1973","","schwer","Filmwissen","Fantasy","Fantasy","Die Ländergrenze erforderte Tierwechsel für zusammenhängend erzählte Ritte.","Warum mussten bei den grenzüberschreitenden Dreharbeiten zu „Drei Haselnüsse für Aschenbrödel“ laut DEFA unterschiedliche Pferde eingesetzt werden?","Die Besitzer erlaubten ihren Tieren keine langen Waldritte","Die Schlossverwaltung untersagte fremde Pferde auf dem Gelände","Die Versicherung verlangte für jeden Darsteller ein eigenes Pferd","Eine Tierseuche verhinderte den Grenzübertritt der Pferde","D","Die Pferde konnten wegen einer Tierseuche nicht über die Grenze.","Die Dreharbeiten fanden an deutschen und tschechischen Schauplätzen statt. Nach Darstellung der DEFA-Stiftung führte die in Tschechien ausgebrochene Maul- und Klauenseuche dazu, dass Pferde die Ländergrenze nicht passieren durften. Je nach Drehort mussten deshalb andere Tiere mitwirken. Der scheinbar durchgehende Ritt einer Figur kann im fertigen Film aus Aufnahmen mit verschiedenen Pferden bestehen. Die Produktionspraxis erhält so eine sichtbare Handlung trotz einer unsichtbaren logistischen Grenze.","Eine allgemeine Ablehnung langer Waldritte ist nicht der belegte Grund.","Ein Schlossverbot für fremde Pferde erklärt den Austausch nicht.","Ein individuelles Versicherungspferd pro Darsteller war nicht der Anlass.","Maul- und Klauenseuche führte zu Beschränkungen des Grenzübertritts.","Die Ländergrenze erforderte Tierwechsel für zusammenhängend erzählte Ritte.","mittel","https://www.defa-stiftung.de/stiftung/aktuelles/film-des-monats/drei-haselnuesse-fuer-aschenbroedel/","redaktionell_quellengeprueft"
"G100-20261008-FANTASY-018-Y","K-G100-20261008-FANTASY-018-Y","","de","Film","Fantasy","Drei Haselnüsse für Aschenbrödel","Tři oříšky pro Popelku","1973","","mittel","Filmjahr","Fantasy","Fantasy","1973 Aschenbrödel, 1977 Dornröschen: vier Jahre zwischen Vorlíčeks Märchenfilmen.","In welchem Jahr erschien „Drei Haselnüsse für Aschenbrödel“ mit Libuše Šafránková erstmals?","1973","1970","1976","1979","A","Der Märchenfilm erschien erstmals 1973.","Drei Haselnüsse für Aschenbrödel erschien 1973. Václav Vorlíček setzte seine Märchenfilmarbeit mit Wie man Dornröschen wachküßt von 1977 fort; zwischen beiden Filmen liegen vier Jahre. Die DEFA-Stiftung nennt diese spätere Arbeit im Regieporträt. Der Zeitanker verbindet zwei unterschiedliche Märchen aus derselben Laufbahn. Der spätere deutsche Kinostart von Aschenbrödel ist davon getrennt zu halten: Die erste Veröffentlichung des Films bleibt dem Jahr 1973 zugeordnet.","1973 ist das Erstjahr des Films.","1970 liegt drei Jahre davor.","1976 liegt drei Jahre danach.","1979 ist sechs Jahre zu spät.","1973 Aschenbrödel, 1977 Dornröschen: vier Jahre zwischen Vorlíčeks Märchenfilmen.","mittel","https://www.defa-stiftung.de/stiftung/aktuelles/film-des-monats/drei-haselnuesse-fuer-aschenbroedel/","redaktionell_quellengeprueft"
"G100-20261008-FANTASY-018-D","K-G100-20261008-FANTASY-018-D","","de","Film","Fantasy","Drei Haselnüsse für Aschenbrödel","Tři oříšky pro Popelku","1973","","mittel","Regie","Fantasy","Fantasy","Vorlíček inszeniert eine aktive Heldin innerhalb der Märchenkoproduktion.","Wer führte bei „Drei Haselnüsse für Aschenbrödel“ mit Libuše Šafránková und Pavel Trávníček Hauptregie?","Juraj Herz","Václav Vorlíček","Karel Zeman","Karel Kachyňa","B","Václav Vorlíček führte Hauptregie.","Václav Vorlíček inszenierte die Koproduktion der DEFA und der Barrandov Studios. Libuše Šafránková und Pavel Trávníček spielen die beiden Hauptfiguren; das Ensemble verbindet tschechische und deutsche Originaldarsteller. Die jeweilige Sprachfassung synchronisiert Teile dieser Besetzung und ist vom Darstellercredit zu unterscheiden. Vorlíčeks Regie verbindet die märchenhaften Kostümwechsel mit einer Heldin, die reiten, schießen und widersprechen kann, bevor ihr Auftritt im Ballsaal die höfische Aufmerksamkeit gewinnt.","Juraj Herz ist nicht der Hauptregisseur dieses Films.","Václav Vorlíček inszenierte die Märchenverfilmung.","Karel Zeman führte hier nicht Hauptregie.","Karel Kachyňa ist nicht der Regisseur dieser Fassung.","Vorlíček inszeniert eine aktive Heldin innerhalb der Märchenkoproduktion.","mittel","https://www.defa-stiftung.de/stiftung/aktuelles/film-des-monats/drei-haselnuesse-fuer-aschenbroedel/|https://en.wikipedia.org/wiki/Three_Wishes_for_Cinderella_(1973_film)","redaktionell_quellengeprueft"
"G100-20261008-FANTASY-019-L1","K-G100-20261008-FANTASY-019-L1","","de","Film","Fantasy","Die Legende von Beowulf","Beowulf","2007","","leicht","Filmwissen","Fantasy","Fantasy","Was den Menschen Freude macht, quält Grendels Gehör.","Was reizt Grendel (Crispin Glover) in „Die Legende von Beowulf“ zu seinen Angriffen auf Heorot?","Der Rauch der Herdfeuer","Die Bewachung der Küste","Die Jagd im nahen Wald","Der Lärm der Feiern","D","Der Festlärm quält Grendels empfindliches Gehör.","Grendel (Crispin Glover) wird durch die lauten Feiern in Heorot gequält. Seine überempfindlichen Ohren machen das fröhliche Treiben der Menschen für ihn unerträglich. Hrothgar (Anthony Hopkins) lässt nach den Angriffen die Halle schließen und verbietet weitere Ausgelassenheit. Die Darstellung gibt dem Monster eine konkrete Wahrnehmung, die seine Gewalt auslöst. Später nutzt Beowulf (Ray Winstone) diese körperliche Schwäche im Kampf, statt nur größere Stärke einzusetzen.","Herdrauch löst seine Angriffe nicht aus.","Die Küstenbewachung ist nicht der Auslöser.","Die Jagd im Wald erklärt seine Angriffe auf die Halle nicht.","Grendels empfindliches Gehör leidet unter dem Festlärm.","Was den Menschen Freude macht, quält Grendels Gehör.","mittel","https://en.wikipedia.org/wiki/Beowulf_(2007_film)|https://catalog.afi.com/Film/64158-BEOWULF","redaktionell_quellengeprueft"
"G100-20261008-FANTASY-019-L2","K-G100-20261008-FANTASY-019-L2","","de","Film","Fantasy","Die Legende von Beowulf","Beowulf","2007","","leicht","Filmwissen","Fantasy","Fantasy","Beowulf sucht die unbewaffnete Kraftprobe mit Grendel.","Wie tritt Beowulf (Ray Winstone) in „Die Legende von Beowulf“ zum Kampf gegen Grendel an?","Nackt und ohne Waffen","In Rüstung mit einer Lanze","Mit Schild und kurzem Schwert","Mit Bogen hinter einer Barrikade","A","Beowulf verzichtet im Kampf gegen Grendel auf Kleidung und Waffen.","Beowulf (Ray Winstone) legt für den Kampf gegen Grendel (Crispin Glover) Kleidung und Waffen ab. Er will dem ebenfalls unbewaffneten Gegner ohne diesen Vorteil begegnen. Die auffällige Vorbereitung gehört zu seiner öffentlichen Selbstdarstellung als außergewöhnlicher Krieger. Der folgende Kampf bestätigt zunächst seinen Anspruch und steigert seinen Ruhm. Seine späteren Entscheidungen gegenüber anderen Gefahren müssen dagegen gesondert betrachtet werden: Dieser erste Sieg erklärt nicht bereits die gesamte Geschichte seiner Herrschaft.","Er stellt sich Grendel nackt und unbewaffnet.","Rüstung und Lanze verwendet er für diesen Kampf nicht.","Er kämpft hier nicht mit Schild und Schwert.","Er beschießt Grendel nicht aus einer Barrikade.","Beowulf sucht die unbewaffnete Kraftprobe mit Grendel.","mittel","https://en.wikipedia.org/wiki/Beowulf_(2007_film)","redaktionell_quellengeprueft"
"G100-20261008-FANTASY-019-M1","K-G100-20261008-FANTASY-019-M1","","de","Film","Fantasy","Die Legende von Beowulf","Beowulf","2007","","mittel","Filmwissen","Fantasy","Fantasy","Das goldene Trinkhorn trägt die Geschichte über den ersten Sieg hinaus.","Welches Geschenk erhält Beowulf (Ray Winstone) in „Die Legende von Beowulf“ nach seinem Sieg über Grendel von Hrothgar (Anthony Hopkins)?","Ein mit Edelsteinen besetztes Schwert","Ein goldenes Trinkhorn","Ein königliches Siegel","Ein vergoldeter Kriegshelm","B","Hrothgars goldenes Trinkhorn wird zum Siegesgeschenk.","Hrothgar (Anthony Hopkins) belohnt Beowulf (Ray Winstone) nach Grendels Niederlage mit einem goldenen Trinkhorn. Der Gegenstand steht zunächst für königliche Anerkennung und einen erfolgreich bestandenen Kampf. Er bleibt jedoch nicht bloß ein dekoratives Zeichen des Ruhms. Auf Beowulfs nächstem Weg spielt er erneut eine Rolle und kehrt später in die Geschichte zurück. Das Geschenk verbindet dadurch verschiedene Abschnitte der Herrschaft und ihre zunächst verborgenen Verpflichtungen.","Ein Edelsteinschwert ist nicht dieses Siegesgeschenk.","Hrothgar überreicht sein goldenes Trinkhorn.","Ein königliches Siegel wird ihm dafür nicht übergeben.","Ein vergoldeter Helm ist nicht das zentrale Geschenk.","Das goldene Trinkhorn trägt die Geschichte über den ersten Sieg hinaus.","mittel","https://en.wikipedia.org/wiki/Beowulf_(2007_film)","redaktionell_quellengeprueft"
"G100-20261008-FANTASY-019-M2","K-G100-20261008-FANTASY-019-M2","","de","Film","Fantasy","Die Legende von Beowulf","Beowulf","2007","","mittel","Filmwissen","Fantasy","Fantasy","Die versprochene Krone hat einen geheimen persönlichen Preis.","Was verlangt Grendels Mutter (Angelina Jolie) in „Die Legende von Beowulf“ zusätzlich zum Trinkhorn für ihr Versprechen, Beowulf (Ray Winstone) zum König zu machen?","Er soll ihr die Königin ausliefern","Er soll seinen Freund als Geisel zurücklassen","Er soll ihr einen Sohn zeugen","Er soll die Festhalle niederbrennen","C","Beowulfs Machtversprechen wird an die Zeugung eines Sohnes gebunden.","Grendels Mutter (Angelina Jolie) begegnet Beowulf (Ray Winstone) in ihrer Höhle und bietet ihm eine Zukunft als König an. Dafür verlangt sie das Trinkhorn und einen Sohn. Der Handel ersetzt den erwarteten offenen Zweikampf durch eine Versuchung, die seinen Ehrgeiz anspricht. Beowulf nimmt an und verschweigt später die tatsächliche Begegnung. Die Filmfassung verbindet den Aufstieg des Helden damit ausdrücklich mit einer geheimen Verpflichtung und einer falschen öffentlichen Erzählung.","Die Auslieferung der Königin ist nicht ihr verlangter Preis.","Eine Geiselhaft des Freundes gehört nicht zu diesem Handel.","Sie verlangt einen Sohn als Teil des Handels.","Die Zerstörung Heorots ist nicht die Bedingung ihres Versprechens.","Die versprochene Krone hat einen geheimen persönlichen Preis.","hoch","https://en.wikipedia.org/wiki/Beowulf_(2007_film)","redaktionell_quellengeprueft"
"G100-20261008-FANTASY-019-S1","K-G100-20261008-FANTASY-019-S1","","de","Film","Fantasy","Die Legende von Beowulf","Beowulf","2007","","schwer","Filmwissen","Fantasy","Fantasy","Das erreichte Herz beendet den Kampf und kostet Beowulf das Leben.","Wie tötet Beowulf (Ray Winstone) in „Die Legende von Beowulf“ den Drachen im letzten Kampf?","Er schlägt ihm den Kopf ab","Er durchstößt sein Gehirn mit einer Lanze","Er bricht ihm mit einer Kette das Genick","Er reißt ihm das Herz heraus","D","Der letzte Sieg gelingt durch das Herausreißen des Drachenherzens.","Der Drache bedroht Wealtheow (Robin Wright) und Ursula (Alison Lohman) am Schloss. Beowulf (Ray Winstone) erreicht im Kampf eine verwundbare Stelle und versucht, zum Herzen vorzudringen. Er muss dabei seinen eigenen Arm opfern und reißt das Herz schließlich mit der Hand heraus. Der Sieg ist deshalb keine folgenlose Bestätigung seiner alten Stärke. Er rettet die bedrohten Menschen durch eine letzte körperliche Anstrengung, die ihn selbst tödlich verletzt zurücklässt.","Er enthauptet den Drachen nicht.","Eine Lanze durch das Gehirn beendet den Kampf nicht.","Die Kette dient im Kampf, tötet das Tier aber nicht durch Genickbruch.","Beowulf greift in den Körper und reißt das Herz heraus.","Das erreichte Herz beendet den Kampf und kostet Beowulf das Leben.","hoch","https://en.wikipedia.org/wiki/Beowulf_(2007_film)","redaktionell_quellengeprueft"
"G100-20261008-FANTASY-019-S2","K-G100-20261008-FANTASY-019-S2","","de","Film","Fantasy","Die Legende von Beowulf","Beowulf","2007","","schwer","Filmwissen","Fantasy","Fantasy","Erfasste Darstellerbewegung und digitale Gestaltung wirken zusammen.","Wie entstand in „Die Legende von Beowulf“ die Grundlage für die Bewegungen der digital animierten Hauptfiguren?","Durch erfasste Schauspielerleistungen mit Körpermarkern","Durch Einzelbildaufnahmen beweglicher Modellpuppen","Durch das Abzeichnen gewöhnlicher Filmaufnahmen","Durch ausschließlich von Hand entworfene Bewegungsschritte","A","Erfasste Schauspielerleistungen bilden die Grundlage der Figurenanimation.","Die Darsteller spielten ihre Szenen mit Körpermarkern, deren Bewegungen Kameras erfassten. Diese Leistungen dienten als Grundlage der anschließenden digitalen Figurenanimation. Das Verfahren überträgt eine körperliche Darstellung in eine gestaltbare Bildwelt, ohne den Schauspieler einfach unverändert abzufilmen. Zusätzliche Animationsarbeit bleibt nötig, besonders für die Monster. Die Verbindung erklärt, weshalb Ray Winstones Beowulf zugleich eine gespielte Leistung und eine deutlich gestaltete digitale Erscheinung ist.","Motion Capture erfasste die Leistungen der Schauspieler als Grundlage der Animation.","Die Hauptfiguren wurden nicht durch Stop-Motion-Puppen gespielt.","Reines Abzeichnen herkömmlicher Filmaufnahmen ist nicht das beschriebene Verfahren.","Die Bewegungen beruhen nicht ausschließlich auf frei entworfenen Einzelposen.","Erfasste Darstellerbewegung und digitale Gestaltung wirken zusammen.","mittel","https://en.wikipedia.org/wiki/Beowulf_(2007_film)|https://catalog.afi.com/Film/64158-BEOWULF","redaktionell_quellengeprueft"
"G100-20261008-FANTASY-019-Y","K-G100-20261008-FANTASY-019-Y","","de","Film","Fantasy","Die Legende von Beowulf","Beowulf","2007","","mittel","Filmjahr","Fantasy","Fantasy","2004 Polarexpress, 2007 Beowulf: drei Jahre zwischen den Motion-Capture-Filmen.","In welchem Jahr erschien „Die Legende von Beowulf“ in der digital animierten Fassung mit Ray Winstone erstmals?","2004","2007","2010","2013","B","Zemeckis’ Fassung erschien erstmals 2007.","Robert Zemeckis veröffentlichte Der Polarexpress 2004 und Die Legende von Beowulf 2007, drei Jahre später. AFI beschreibt den Einsatz der zuvor verwendeten Motion-Capture-Technik für die spätere Produktion. Der Zeitanker verbindet zwei verschiedene Stoffe über ein konkretes filmisches Verfahren. Der Beginn der Schauspieleraufnahmen 2005 gehört dagegen zur Herstellung von Beowulf. Er bezeichnet weder dessen ersten Kinostart noch eine zusätzliche veröffentlichte Fassung des Films.","2004 ist das frühere Jahr von Der Polarexpress.","2007 ist das Erstjahr dieser Fassung.","2010 liegt drei Jahre danach.","2013 liegt sechs Jahre danach.","2004 Polarexpress, 2007 Beowulf: drei Jahre zwischen den Motion-Capture-Filmen.","mittel","https://catalog.afi.com/Film/64158-BEOWULF|https://en.wikipedia.org/wiki/Beowulf_(2007_film)","redaktionell_quellengeprueft"
"G100-20261008-FANTASY-019-D","K-G100-20261008-FANTASY-019-D","","de","Film","Fantasy","Die Legende von Beowulf","Beowulf","2007","","mittel","Regie","Fantasy","Fantasy","Zemeckis inszeniert; Gaiman und Avary schreiben die veränderte Heldengeschichte.","Wer führte bei „Die Legende von Beowulf“ mit Ray Winstone und Angelina Jolie Hauptregie?","Peter Jackson","Guillermo del Toro","Robert Zemeckis","Henry Selick","C","Robert Zemeckis ist der Hauptregisseur.","Robert Zemeckis inszenierte die veröffentlichte Fassung auf Grundlage des Drehbuchs von Neil Gaiman und Roger Avary. Sie erzählt den alten Heldenstoff mit digital gestalteten Figuren und verändert wesentliche Motive des Gedichts. Avary war früher als Regisseur vorgesehen, gehört im fertigen Film jedoch zum Autorenteam. Steve Starkey führte eine zusätzliche Einheit. Diese Tätigkeiten sind von Zemeckis’ alleinigem Hauptregiecredit zu unterscheiden und erklären die verschiedenen Namen in der Produktionsgeschichte.","Peter Jackson ist nicht der Hauptregisseur dieser Beowulf-Fassung.","Guillermo del Toro inszenierte diese Fassung nicht.","Robert Zemeckis führt den Hauptregiecredit.","Henry Selick ist nicht ihr Hauptregisseur.","Zemeckis inszeniert; Gaiman und Avary schreiben die veränderte Heldengeschichte.","mittel","https://catalog.afi.com/Film/64158-BEOWULF|https://en.wikipedia.org/wiki/Beowulf_(2007_film)","redaktionell_quellengeprueft"
"G100-20261008-FANTASY-020-L1","K-G100-20261008-FANTASY-020-L1","","de","Film","Fantasy","Shrek 2 – Der tollkühne Held kehrt zurück","Shrek 2","2004","Shrek","leicht","Filmwissen","Fantasy","Fantasy","Die Hochzeitsfeier am Hof wird zur Begegnung mit unerfüllten Erwartungen.","Welche Einladung bringt Shrek und Fiona (Mike Myers, Cameron Diaz) in „Shrek 2 – Der tollkühne Held kehrt zurück“ nach Weit Weit Weg?","Fionas (Cameron Diaz) Eltern wollen ihre Heirat feiern","Ein Fechtturnier sucht neue Teilnehmer","Der König bittet um Hilfe gegen einen Drachen","Eine Hofschule bietet Fiona (Cameron Diaz) eine Lehrstelle","A","Die Reise folgt einer Einladung zur Feier ihrer Heirat.","Shrek (Originalstimme: Mike Myers) und Fiona (Cameron Diaz) kehren von ihrer Hochzeitsreise zurück und finden die Einladung von Fionas Eltern. König Harold (John Cleese) und Königin Lillian (Julie Andrews) wollen die Heirat am Hof feiern. Die Begegnung bringt jedoch Erwartungen zutage, die das Paar nicht erfüllt. Aus einem scheinbar gewöhnlichen Familienbesuch entsteht deshalb ein Konflikt darüber, wie ein königlicher Ehemann aussehen und welche Zukunft Fiona haben soll.","Das Königspaar lädt zur Feier der Heirat ein.","Ein Fechtturnier ist nicht der Anlass der Reise.","Eine Drachenbedrohung begründet die Einladung nicht.","Fiona reist nicht wegen einer Lehrstelle an den Hof.","Die Hochzeitsfeier am Hof wird zur Begegnung mit unerfüllten Erwartungen.","mittel","https://en.wikipedia.org/wiki/Shrek_2|https://www.festival-cannes.com/en/f/shrek-2/","redaktionell_quellengeprueft"
"G100-20261008-FANTASY-020-L2","K-G100-20261008-FANTASY-020-L2","","de","Film","Fantasy","Shrek 2 – Der tollkühne Held kehrt zurück","Shrek 2","2004","Shrek","leicht","Filmwissen","Fantasy","Fantasy","Ein gescheiterter Mordauftrag führt zur neuen Freundschaft.","Welchen Auftrag erhält der gestiefelte Kater (Antonio Banderas) zunächst in „Shrek 2 – Der tollkühne Held kehrt zurück“?","Fiona (Cameron Diaz) aus dem Schloss zu entführen","Shrek (Mike Myers) zu töten","Den Zauberstab der Fee (Jennifer Saunders) zu stehlen","Den Esel (Eddie Murphy) zum König zu bringen","B","Der Kater wird zunächst als Shreks bezahlter Gegner angeworben.","König Harold (Originalstimme: John Cleese) heuert den gestiefelten Kater (Antonio Banderas) an, um Shrek (Mike Myers) loszuwerden. Der Angriff misslingt. Nachdem Shrek ihm das Leben lässt, erklärt der Kater den Hintergrund seines Auftrags und bietet seine Hilfe an. Die Figur beginnt damit nicht als selbstverständliches Mitglied der Reisegruppe. Eine verschonte Niederlage ermöglicht den Wechsel vom angeworbenen Gegner zum Verbündeten und verändert die Zusammensetzung des vertrauten Duos.","Eine Entführung Fionas ist nicht sein erster Auftrag.","Harold heuert ihn zur Tötung Shreks an.","Der Zauberstab ist nicht das Ziel seines Auftrags.","Er soll den Esel nicht dem König vorführen.","Ein gescheiterter Mordauftrag führt zur neuen Freundschaft.","mittel","https://en.wikipedia.org/wiki/Shrek_2","redaktionell_quellengeprueft"
"G100-20261008-FANTASY-020-M1","K-G100-20261008-FANTASY-020-M1","","de","Film","Fantasy","Shrek 2 – Der tollkühne Held kehrt zurück","Shrek 2","2004","Shrek","mittel","Filmwissen","Fantasy","Fantasy","Derselbe Trank macht aus Shrek einen Menschen und aus dem Esel einen Hengst.","Welche Gestalt nimmt der Esel (Eddie Murphy) in „Shrek 2 – Der tollkühne Held kehrt zurück“ nach dem Trank an?","Die eines jungen Prinzen","Die eines geflügelten Pferdes","Die eines weißen Hengstes","Die eines großen Löwen","C","Der Trank verwandelt den Esel in einen weißen Hengst.","Shrek (Originalstimme: Mike Myers) stiehlt einen Trank aus der Fabrik der guten Fee (Jennifer Saunders). Er und der Esel (Eddie Murphy) trinken davon. Während Shrek als Mensch erwacht, wird sein Begleiter zu einem weißen Hengst. Die gemeinsame Verwandlung lässt beide mit einer neuen Erscheinung weiterreisen. Für den Esel ist die schöne Pferdegestalt zunächst ein Anlass zur Begeisterung; ihre Dauer hängt jedoch mit der zeitlich begrenzten Wirkung des Tranks zusammen.","Ein Prinz wird er durch den Trank nicht.","Das verwandelte Pferd besitzt keine Flügel.","Der Esel wird zu einem weißen Hengst.","Eine Löwengestalt erhält er nicht.","Derselbe Trank macht aus Shrek einen Menschen und aus dem Esel einen Hengst.","mittel","https://en.wikipedia.org/wiki/Shrek_2","redaktionell_quellengeprueft"
"G100-20261008-FANTASY-020-M2","K-G100-20261008-FANTASY-020-M2","","de","Film","Fantasy","Shrek 2 – Der tollkühne Held kehrt zurück","Shrek 2","2004","Shrek","mittel","Filmwissen","Fantasy","Fantasy","Charming besetzt die vermeintlich neue Erscheinung eines anderen Mannes.","Welche Täuschung soll Prinz Charming (Rupert Everett) in „Shrek 2 – Der tollkühne Held kehrt zurück“ bei Fiona (Cameron Diaz) durchsetzen?","Er behauptet, Shrek (Mike Myers) sei sein verschollener Bruder","Er erklärt sich zum Überbringer von Shreks (Mike Myers) Abschiedsbrief","Er behauptet, Fiona (Cameron Diaz) habe ihm früher die Ehe versprochen","Er gibt sich als verwandelter Shrek (Mike Myers) aus","D","Charming tritt als vermeintlich verwandelter Shrek auf.","Die gute Fee (Originalstimme: Jennifer Saunders) schickt ihren Sohn Prinz Charming (Rupert Everett) zu Fiona (Cameron Diaz), nachdem Shrek (Mike Myers) durch den Trank menschlich geworden ist. Charming soll dessen neue Gestalt verkörpern. Die Verwechslung nutzt aus, dass die Prinzessin den verwandelten Ehemann noch nicht eindeutig erkennen kann. Fiona bleibt jedoch skeptisch. Die äußere Erscheinung allein ersetzt keine vertraute Beziehung, weshalb die Fee ihre Täuschung durch einen weiteren Zauber absichern will.","Eine angebliche Bruderschaft ist nicht die verwendete Täuschung.","Ein Abschiedsbrief bildet seine Rolle am Hof nicht.","Ein früheres Eheversprechen ist nicht sein entscheidender Vorwand.","Charming soll als menschlich gewordener Shrek gelten.","Charming besetzt die vermeintlich neue Erscheinung eines anderen Mannes.","mittel","https://en.wikipedia.org/wiki/Shrek_2","redaktionell_quellengeprueft"
"G100-20261008-FANTASY-020-S1","K-G100-20261008-FANTASY-020-S1","","de","Film","Fantasy","Shrek 2 – Der tollkühne Held kehrt zurück","Shrek 2","2004","Shrek","schwer","Filmwissen","Fantasy","Fantasy","Der vertauschte Teebecher verhindert die erzwungene Zuneigung.","Warum wirkt Fionas (Cameron Diaz) Liebestrank beim Ball in „Shrek 2 – Der tollkühne Held kehrt zurück“ nicht wie geplant?","Ihr Vater tauscht ihren Becher gegen seinen","Der Inhalt wird durch Wasser ersetzt","Die falsche Lagerung zerstört seine Wirkung","Sie leert den Becher heimlich in eine Vase","A","Harold verhindert den Plan, indem er die Becher vertauscht.","Die gute Fee (Originalstimme: Jennifer Saunders) will Fiona (Cameron Diaz) durch einen Liebestrank an Prinz Charming (Rupert Everett) binden. König Harold (John Cleese) soll den Trank in ihren Tee geben, vertauscht jedoch ihren Becher mit seinem eigenen. Charming erhält deshalb nicht die erhoffte Zuneigung. Harolds Eingriff bedeutet eine Entscheidung gegen den Plan, den er zuvor unterstützt hat. Er schützt damit die freie Wahl seiner Tochter statt den vorgesehenen königlichen Schwiegersohn.","Harold hat die Becher vertauscht und verhindert die geplante Wirkung.","Der Inhalt wird nicht durch Wasser ersetzt.","Eine falsche Lagerung erklärt das Scheitern nicht.","Fiona gießt ihren Trank nicht in eine Vase.","Der vertauschte Teebecher verhindert die erzwungene Zuneigung.","hoch","https://en.wikipedia.org/wiki/Shrek_2","redaktionell_quellengeprueft"
"G100-20261008-FANTASY-020-S2","K-G100-20261008-FANTASY-020-S2","","de","Film","Fantasy","Shrek 2 – Der tollkühne Held kehrt zurück","Shrek 2","2004","Shrek","schwer","Filmwissen","Fantasy","Fantasy","Die Froschgestalt legt Harolds eigenen Wandel offen.","Welche ursprüngliche Gestalt Harolds (John Cleese) wird am Ende von „Shrek 2 – Der tollkühne Held kehrt zurück“ sichtbar?","Ein Oger","Ein Frosch","Ein Wolf","Ein Drache","B","Harold war vor seiner menschlichen Gestalt ein Frosch.","König Harold (Originalstimme: John Cleese) wirft sich vor den Zauber der guten Fee (Jennifer Saunders) und kehrt anschließend zur Froschgestalt zurück. Seine menschliche Erscheinung beruhte auf einem früheren Trank. Königin Lillian (Julie Andrews) versichert ihm dennoch ihre Liebe. Die Enthüllung stellt seine vorherige Ablehnung von Shrek (Mike Myers) in einen neuen Zusammenhang: Auch der Vater hatte sein eigenes Glück mit einer verwandelten Erscheinung verbunden.","Er ist kein ursprünglich verwandelter Oger.","Harold kehrt zur Gestalt eines Frosches zurück.","Eine Wolfsgestalt wird nicht enthüllt.","Harold verwandelt sich nicht zurück in einen Drachen.","Die Froschgestalt legt Harolds eigenen Wandel offen.","hoch","https://en.wikipedia.org/wiki/Shrek_2","redaktionell_quellengeprueft"
"G100-20261008-FANTASY-020-Y","K-G100-20261008-FANTASY-020-Y","","de","Film","Fantasy","Shrek 2 – Der tollkühne Held kehrt zurück","Shrek 2","2004","Shrek","mittel","Filmjahr","Fantasy","Fantasy","2004 Erststart, 2024 Jubiläums-Wiederstart: zwanzig Jahre Abstand.","In welchem Jahr erschien „Shrek 2 – Der tollkühne Held kehrt zurück“ erstmals im Kino?","2001","2007","2004","2010","C","Shrek 2 erschien erstmals 2004.","Shrek 2 kam 2004 ins Kino und gehörte in diesem Jahr zum Wettbewerb von Cannes. Universal kündigte für 2024 eine erneute US-Kinoauswertung zum zwanzigjährigen Jubiläum an. Die beiden Jahre liegen genau zwanzig Jahre auseinander. Der konkrete Wiederstart hilft, Erstveröffentlichung und spätere Auswertung zu unterscheiden. Das auf der Cannes-Karte genannte Produktionsjahr 2003 gehört zur Herstellung und ersetzt deshalb nicht das erste Kinojahr 2004.","2001 ist das Jahr des ersten Shrek-Films.","2007 ist drei Jahre zu spät.","2004 ist das Erstjahr des zweiten Films.","2010 ist sechs Jahre zu spät.","2004 Erststart, 2024 Jubiläums-Wiederstart: zwanzig Jahre Abstand.","mittel","https://www.festival-cannes.com/en/f/shrek-2/|https://www.prnewswire.com/news-releases/dreamworks-animation-and-universal-pictures-announce-the-20th-anniversary-theatrical-re-release-of-the-oscar-nominated-animated-comedy-adventure-shrek-2-302083820.html","redaktionell_quellengeprueft"
"G100-20261008-FANTASY-020-D","K-G100-20261008-FANTASY-020-D","","de","Film","Fantasy","Shrek 2 – Der tollkühne Held kehrt zurück","Shrek 2","2004","Shrek","mittel","Regie","Fantasy","Fantasy","Adamson, Asbury und Vernon inszenieren gemeinsam den Besuch am Königshof.","Welches vollständige Regieteam inszenierte „Shrek 2 – Der tollkühne Held kehrt zurück“?","Mike Mitchell, Walt Dohrn und Tim Johnson","Chris Miller, Raman Hui und Eric Darnell","Chris Sanders, Dean DeBlois und Kirk DeMicco","Andrew Adamson, Kelly Asbury und Conrad Vernon","D","Andrew Adamson, Kelly Asbury und Conrad Vernon führten Regie.","Andrew Adamson, Kelly Asbury und Conrad Vernon teilen den Hauptregiecredit von Shrek 2. Sowohl die Cannes-Filmkarte als auch die spätere Universal-Mitteilung nennen alle drei. Der Film erweitert die Märchensatire um einen höfischen Familienkonflikt, in dem vertraute Figuren gegen vorgegebene Vorstellungen vom glücklichen Ende handeln. Die gemeinsame Regie ist als vollständiges Team zu erfassen; ein einzelner bekannter Name würde die anderen beiden Hauptcredits unterschlagen.","Dieses Team ist nicht der veröffentlichte Regiecredit von Shrek 2.","Miller, Hui und Darnell sind nicht das hier gefragte Regieteam.","Sanders, DeBlois und DeMicco inszenierten diesen Film nicht gemeinsam.","Adamson, Asbury und Vernon bilden den vollständigen Hauptregiecredit.","Adamson, Asbury und Vernon inszenieren gemeinsam den Besuch am Königshof.","mittel","https://www.festival-cannes.com/en/f/shrek-2/|https://www.prnewswire.com/news-releases/dreamworks-animation-and-universal-pictures-announce-the-20th-anniversary-theatrical-re-release-of-the-oscar-nominated-animated-comedy-adventure-shrek-2-302083820.html|https://en.wikipedia.org/wiki/Shrek_2","redaktionell_quellengeprueft"
"G100-20261008-FANTASY-021-L1","K-G100-20261008-FANTASY-021-L1","","de","Film","Fantasy","Duell der Magier","The Sorcerer's Apprentice","2010","","leicht","Filmwissen","Fantasy","Fantasy","Der Physikstudent bringt sein Laborwissen in die magische Ausbildung ein.","Was studiert Dave Stutler (Jay Baruchel) in „Duell der Magier“, bevor Balthazar (Nicolas Cage) seine Ausbildung fortsetzt?","Medizin","Physik","Archäologie","Musik","B","Dave studiert Physik, als der alte Begegnungspartner zurückkehrt.","Dave Stutler (Jay Baruchel) studiert Physik und arbeitet in einem Labor, als Balthazar Blake (Nicolas Cage) nach langer Abwesenheit wieder erscheint. Dave hat die erste Begegnung mit der Zauberwelt als Kind nicht folgenlos überwunden. Sein Studium gibt ihm nun einen eigenen Zugang zu Kräften und Experimenten. Die spätere Ausbildung stellt deshalb nicht einfach Wissenschaft und Magie gegeneinander: Seine vertrauten physikalischen Kenntnisse helfen ihm, das neu Gelernte praktisch einzusetzen.","Er studiert nicht Medizin.","Dave ist Physikstudent an der New York University.","Archäologie ist nicht sein Studienfach.","Ein Musikstudium begründet seine Laborarbeit nicht.","Der Physikstudent bringt sein Laborwissen in die magische Ausbildung ein.","mittel","https://en.wikipedia.org/wiki/The_Sorcerer%27s_Apprentice_(2010_film)","redaktionell_quellengeprueft"
"G100-20261008-FANTASY-021-L2","K-G100-20261008-FANTASY-021-L2","","de","Film","Fantasy","Duell der Magier","The Sorcerer's Apprentice","2010","","leicht","Filmwissen","Fantasy","Fantasy","Eine verschachtelte Puppe verbirgt ein gestuftes Zauberergefängnis.","Wozu dient die verschachtelte Puppe namens Grimhold in „Duell der Magier“?","Als Speicher für Balthazars (Nicolas Cage) Erinnerungen","Als Wegweiser zu Merlins (James A. Stephens) Grab","Als Gefängnis für gefährliche Zauberer","Als Behälter für Daves (Jay Baruchel) Zaubertrank","C","Die verschachtelte Puppe ist ein magisches Gefängnis.","Balthazar Blake (Nicolas Cage) sperrt gefährliche Zauberer in eine verschachtelte Puppe, den Grimhold. Das Öffnen ihrer einzelnen Schichten kann Gefangene freisetzen und verändert die Bedrohung Schritt für Schritt. Dave Stutler (Jay Baruchel) erlebt bereits als Kind die Folgen einer unbedachten Öffnung. Die unscheinbare Form des Gegenstands verbirgt somit eine gefährliche Funktion. Seine Sicherung bleibt ein eigener Auftrag neben der Suche nach einem geeigneten Lehrling.","Seine Erinnerungen sind nicht ihr eigentlicher Inhalt.","Die Puppe weist keinen Weg zu Merlins Grab.","Balthazar hält gefährliche Zauberer in der Puppe gefangen.","Ein Zaubertrank Daves wird darin nicht aufbewahrt.","Eine verschachtelte Puppe verbirgt ein gestuftes Zauberergefängnis.","mittel","https://en.wikipedia.org/wiki/The_Sorcerer%27s_Apprentice_(2010_film)","redaktionell_quellengeprueft"
"G100-20261008-FANTASY-021-M1","K-G100-20261008-FANTASY-021-M1","","de","Film","Fantasy","Duell der Magier","The Sorcerer's Apprentice","2010","","mittel","Filmwissen","Fantasy","Fantasy","Die Verwandlung der Drachenfigur markiert den gefundenen Erben.","Wie zeigt die Drachenfigur in „Duell der Magier“, dass der junge Dave (Jake Cherry) Merlins (James A. Stephens) gesuchter Erbe ist?","Sie spricht seinen vollständigen Namen aus","Sie zeichnet Merlins (James A. Stephens) Zeichen auf seine Stirn","Sie verwandelt seinen Schatten in einen Drachen","Sie wird an seiner Hand zu einem Ring","D","Die Drachenfigur wird zu Daves Ring.","Balthazar Blake (Nicolas Cage) sucht mit einer Drachenfigur nach Merlins (James A. Stephens) Erben. Als der junge Dave Stutler (Jake Cherry) in seinen Laden kommt, verwandelt sich die Figur an dessen Hand in einen Ring. Das sichtbare Zeichen beendet die Suche noch nicht als fertigen Erfolg. Der Junge besitzt das Potenzial, muss aber erst lernen, damit umzugehen. Die Erwachsenenfassung Daves (Jay Baruchel) trägt diese unerwartete Verpflichtung in ihren Studienalltag hinein.","Sie spricht nicht seinen Namen als Erkennungszeichen aus.","Ein Stirnzeichen ist nicht die gezeigte Bestätigung.","Ein verwandelter Schatten identifiziert ihn nicht.","Die Drachenfigur verwandelt sich bei Dave in einen Ring.","Die Verwandlung der Drachenfigur markiert den gefundenen Erben.","mittel","https://en.wikipedia.org/wiki/The_Sorcerer%27s_Apprentice_(2010_film)","redaktionell_quellengeprueft"
"G100-20261008-FANTASY-021-M2","K-G100-20261008-FANTASY-021-M2","","de","Film","Fantasy","Duell der Magier","The Sorcerer's Apprentice","2010","","mittel","Filmwissen","Fantasy","Fantasy","Die magische Abkürzung beim Putzen macht das Labor unbrauchbar.","Welche Hilfe gerät Dave (Jay Baruchel) in „Duell der Magier“ bei der Vorbereitung seines Treffens mit Becky (Teresa Palmer) außer Kontrolle?","Magisch belebte Putzgeräte","Ein selbstfahrender Wagen","Ein sprechender Anzug","Ein verzauberter Blumenstrauß","A","Die verzauberten Putzgeräte verursachen ein Laborchaos.","Dave Stutler (Jay Baruchel) möchte sein Labor für ein Treffen mit Becky Barnes (Teresa Palmer) in Ordnung bringen. Er belebt Putzgeräte, verliert aber die Kontrolle über sie und muss die Verabredung absagen. Balthazar Blake (Nicolas Cage) greift ein. Die Szene greift das bekannte Motiv des unbeherrschten Haushaltszaubers auf und verlegt es in Daves eigene Umgebung. Sein Wunsch nach einer schnellen Alltagshilfe zeigt, dass Begabung die notwendige Übung nicht ersetzt.","Die belebten Putzgeräte überschwemmen sein Labor.","Ein selbstfahrender Wagen verursacht diesen Fehlschlag nicht.","Ein sprechender Anzug ist nicht seine außer Kontrolle geratene Hilfe.","Ein Blumenzauber zwingt ihn nicht zur Absage.","Die magische Abkürzung beim Putzen macht das Labor unbrauchbar.","mittel","https://en.wikipedia.org/wiki/The_Sorcerer%27s_Apprentice_(2010_film)","redaktionell_quellengeprueft"
"G100-20261008-FANTASY-021-S1","K-G100-20261008-FANTASY-021-S1","","de","Film","Fantasy","Duell der Magier","The Sorcerer's Apprentice","2010","","schwer","Filmwissen","Fantasy","Fantasy","Horvaths Bündnisse enden mit der Aneignung fremder Kräfte.","Wie behandelt Horvath (Alfred Molina) in „Duell der Magier“ seine Verbündeten, sobald er ihre magischen Fähigkeiten nutzen kann?","Er verwandelt sie in willenlose Diener","Er entzieht ihnen ihre Zauberkraft","Er tauscht ihre Kräfte gegeneinander aus","Er verlagert ihre Magie in den Grimhold","B","Horvath beraubt seine Helfer ihrer magischen Kraft.","Maxim Horvath (Alfred Molina) nutzt die Unterstützung von Drake Stone (Toby Kebbell) und später Abigail Williams (Nicole Ehinger), verfolgt aber keinen gleichberechtigten gemeinsamen Plan. Er entzieht ihnen ihre magischen Kräfte. Die wiederholte Handlung zeigt, wie er vermeintliche Bündnisse als Mittel zur eigenen Stärkung behandelt. Für Dave Stutler (Jay Baruchel) verschärft sich damit die Gefahr: Der Gegner gewinnt nicht nur Helfer, sondern zieht deren Fähigkeiten schließlich in sich zusammen.","Er verwandelt sie nicht in willenlose Diener.","Horvath eignet sich die Kräfte seiner Helfer an.","Er vertauscht die Kräfte der Verbündeten nicht bloß.","Er lagert ihre Fähigkeiten nicht im Grimhold ein.","Horvaths Bündnisse enden mit der Aneignung fremder Kräfte.","hoch","https://en.wikipedia.org/wiki/The_Sorcerer%27s_Apprentice_(2010_film)","redaktionell_quellengeprueft"
"G100-20261008-FANTASY-021-S2","K-G100-20261008-FANTASY-021-S2","","de","Film","Fantasy","Duell der Magier","The Sorcerer's Apprentice","2010","","schwer","Filmwissen","Fantasy","Fantasy","Der Lehrling verbindet Physik und Magie, um den Meister zurückzuholen.","Wie bringt Dave (Jay Baruchel) Balthazar (Nicolas Cage) am Ende von „Duell der Magier“ wieder zum Leben?","Er überträgt Merlins (James A. Stephens) gespeicherte Lebenskraft auf ihn","Er bindet seine Seele an einen neuen Körper","Er startet dessen Herz mit Plasmaimpulsen neu","Er tauscht das eigene Leben gegen dessen Rückkehr","C","Plasmaimpulse setzen Balthazars Herz wieder in Gang.","Balthazar Blake (Nicolas Cage) fängt einen Angriff ab, der Veronica Gorloisen (Monica Bellucci) treffen soll, und bricht tödlich getroffen zusammen. Nach der Niederlage Morganas (Alice Krige) verwendet Dave Stutler (Jay Baruchel) Plasmaimpulse, um sein Herz neu zu starten. Die Rettung verbindet seine physikalische Vorstellungskraft mit der erlernten Magie. Der frühere Lehrling handelt nun selbstständig und kann dem Meister helfen, statt in der entscheidenden Lage auf dessen Eingreifen angewiesen zu bleiben.","Eine gespeicherte Lebenskraft Merlins ist nicht die gezeigte Rettung.","Balthazar erhält keinen neuen Körper.","Dave nutzt Plasmaimpulse, um Balthazars Herz neu zu starten.","Dave muss nicht sein eigenes Leben für die Rückkehr eintauschen.","Der Lehrling verbindet Physik und Magie, um den Meister zurückzuholen.","hoch","https://en.wikipedia.org/wiki/The_Sorcerer%27s_Apprentice_(2010_film)","redaktionell_quellengeprueft"
"G100-20261008-FANTASY-021-Y","K-G100-20261008-FANTASY-021-Y","","de","Film","Fantasy","Duell der Magier","The Sorcerer's Apprentice","2010","","mittel","Filmjahr","Fantasy","Fantasy","1940 Fantasia, 2010 Duell der Magier: siebzig Jahre bis zum Realfilm.","In welchem Jahr erschien „Duell der Magier“ mit Nicolas Cage und Jay Baruchel erstmals?","2007","2013","2016","2010","D","Der Realfilm erschien erstmals 2010.","Fantasia erschien 1940 und enthält den berühmten Zeichentrickabschnitt Der Zauberlehrling. Duell der Magier kam 2010 ins Kino, siebzig Jahre später. Das Motiv der selbstständig putzenden Geräte kehrt in der Laborsequenz wieder. Die Verbindung bezeichnet eine bewusst aufgenommene Idee, nicht dieselbe vollständige Handlung in neuer Besetzung. Disney bestätigt den Kinojahrgang des Realfilms; der Beitrag der Walt Disney Archives bei D23 datiert das frühere Werk eindeutig auf 1940.","2007 liegt drei Jahre davor.","2013 liegt drei Jahre danach.","2016 ist sechs Jahre zu spät.","2010 ist das Erstjahr des Realfilms.","1940 Fantasia, 2010 Duell der Magier: siebzig Jahre bis zum Realfilm.","mittel","https://movies.disney.com/the-sorcerers-apprentice|https://d23.com/fantasia-at-80-exploring-ponchielli-and-dukas/|https://en.wikipedia.org/wiki/The_Sorcerer%27s_Apprentice_(2010_film)","redaktionell_quellengeprueft"
"G100-20261008-FANTASY-021-D","K-G100-20261008-FANTASY-021-D","","de","Film","Fantasy","Duell der Magier","The Sorcerer's Apprentice","2010","","mittel","Regie","Fantasy","Fantasy","Turteltaub inszeniert die Verbindung von Laboralltag und magischer Ausbildung.","Wer führte bei „Duell der Magier“ mit Nicolas Cage und Jay Baruchel Hauptregie?","Jon Turteltaub","Gore Verbinski","Joe Johnston","Rob Marshall","A","Jon Turteltaub inszenierte den Realfilm.","Jon Turteltaub führt den von Disney bestätigten Hauptregiecredit. Jerry Bruckheimer produziert; Nicolas Cage spielt den erfahrenen Lehrer und war an der Entwicklung beteiligt. Diese Funktionen sind voneinander zu unterscheiden. Die Regie bringt eine alte Lehrlingsidee in eine Geschichte über ein New Yorker Labor und eine verborgene magische Tradition. Der Film übernimmt deshalb nicht einfach die Abfolge eines kurzen Zeichentrickstücks, sondern verbindet dessen prägendes Motiv mit einem eigenen Figurenkonflikt.","Jon Turteltaub ist der Hauptregisseur.","Gore Verbinski führte bei diesem Magierfilm nicht Regie.","Joe Johnston inszenierte diese Fassung nicht.","Rob Marshall ist nicht ihr Hauptregisseur.","Turteltaub inszeniert die Verbindung von Laboralltag und magischer Ausbildung.","mittel","https://movies.disney.com/the-sorcerers-apprentice|https://en.wikipedia.org/wiki/The_Sorcerer%27s_Apprentice_(2010_film)","redaktionell_quellengeprueft"
"G100-20261008-FANTASY-022-L1","K-G100-20261008-FANTASY-022-L1","","de","Film","Fantasy","Warcraft: The Beginning","Warcraft","2016","","leicht","Filmwissen","Fantasy","Fantasy","Die Flucht aus einer sterbenden Heimat wird für eine andere Welt zur Invasion.","Welche Ausgangslage treibt die Orks in „Warcraft: The Beginning“ zur Suche nach einer neuen Welt?","Ihre Hauptstadt wird von Menschen besetzt","Ihre Handelswege werden von Zwergen blockiert","Ihre Heimat zerfällt","Ihre Clans verlieren einen Krieg gegen Elfen","C","Der Zerfall ihrer Heimat zwingt die Orks zur Suche nach einem neuen Lebensraum.","Die Heimatwelt der Orks, Draenor, zerfällt unter dem Einfluss verderblicher Magie. Gul’dan (Daniel Wu) führt die vereinten Clans in eine andere Welt, während Durotan (Toby Kebbell) seine Familie und sein Volk retten will. Der Beginn zeigt deshalb mehr als den Angriff einer fremden Armee. Hinter der Invasion steht auch eine Existenzkrise, deren Lösung andere Bewohner bedroht. Verschiedene Orks ziehen aus dieser Lage unterschiedliche Schlüsse über ihren Anführer.","Eine menschliche Besetzung ihrer Hauptstadt ist nicht der Ausgangspunkt.","Blockierte Handelswege verursachen die Flucht nicht.","Die sterbende Heimatwelt bedroht ihr Überleben.","Ein verlorener Elfenkrieg erklärt den Weltenwechsel nicht.","Die Flucht aus einer sterbenden Heimat wird für eine andere Welt zur Invasion.","mittel","https://en.wikipedia.org/wiki/Warcraft_(film)|https://watch.afi.com/movie/warcraft","redaktionell_quellengeprueft"
"G100-20261008-FANTASY-022-L2","K-G100-20261008-FANTASY-022-L2","","de","Film","Fantasy","Warcraft: The Beginning","Warcraft","2016","","leicht","Filmwissen","Fantasy","Fantasy","Das Portal verbindet Welten und verlangt Lebensenergie.","Wie gelangen die ersten Orks in „Warcraft: The Beginning“ von Draenor nach Azeroth?","Auf einer Flotte über den Ozean","Auf fliegenden Reittieren über die Berge","Durch einen Tunnel unter der Erde","Durch ein magisches Portal","D","Ein magisches Portal verbindet Draenor und Azeroth.","Gul’dan (Daniel Wu) öffnet ein Portal, durch das eine erste Gruppe von Orks nach Azeroth gelangt. Die Verbindung benötigt Lebensenergie und ist zunächst nicht für die gesamte Horde ausreichend. Das Vorauskommando soll deshalb weitere Gefangene finden. Der Übergang ist kein gewöhnlicher Marsch in ein Nachbarland: Ein magisch hergestellter Zugang verbindet getrennte Welten und macht seine spätere Erweiterung zu einem entscheidenden militärischen und moralischen Konflikt.","Eine Seeflotte überquert nicht die Grenze zwischen diesen Welten.","Ein Gebirgsflug bringt die ersten Orks nicht nach Azeroth.","Ein unterirdischer Tunnel ist nicht die verwendete Verbindung.","Ein Portal verbindet die beiden Welten.","Das Portal verbindet Welten und verlangt Lebensenergie.","mittel","https://en.wikipedia.org/wiki/Warcraft_(film)","redaktionell_quellengeprueft"
"G100-20261008-FANTASY-022-M1","K-G100-20261008-FANTASY-022-M1","","de","Film","Fantasy","Warcraft: The Beginning","Warcraft","2016","","mittel","Filmwissen","Fantasy","Fantasy","Ein gemeinsamer Gegner ermöglicht den Versuch eines Bündnisses über die Front hinweg.","Welchen Plan verfolgt Durotan (Toby Kebbell) bei seinem geheimen Treffen mit den Menschen in „Warcraft: The Beginning“?","Ein Bündnis gegen Gul’dan","Die Auslieferung aller menschlichen Magier","Eine gemeinsame Herrschaft über die Orkclans","Den Verkauf gefangener Menschen an die Horde","A","Durotan will Menschen und seinen Clan gegen Gul’dan verbinden.","Durotan (Toby Kebbell) erkennt die Gefahr, die Gul’dan (Daniel Wu) für sein eigenes Volk darstellt. Er trifft König Llane Wrynn (Dominic Cooper) heimlich, um eine Zusammenarbeit der Menschen mit seinem Clan vorzuschlagen. Das Treffen überschreitet die offensichtliche Grenze zwischen Verteidigern und Eindringlingen. Der Versuch beruht auf einem gemeinsamen Gegner, nicht auf dem Ende aller Unterschiede. Widerstand innerhalb der Orks und ein anschließender Hinterhalt verhindern einen einfachen Friedensschluss.","Durotan sucht Verbündete gegen den verderblichen Anführer.","Die Auslieferung der Magier ist nicht sein Vorschlag.","Eine gemeinsame Clanherrschaft bietet er nicht an.","Er trifft sich nicht, um Menschen an die Horde zu verkaufen.","Ein gemeinsamer Gegner ermöglicht den Versuch eines Bündnisses über die Front hinweg.","mittel","https://en.wikipedia.org/wiki/Warcraft_(film)","redaktionell_quellengeprueft"
"G100-20261008-FANTASY-022-M2","K-G100-20261008-FANTASY-022-M2","","de","Film","Fantasy","Warcraft: The Beginning","Warcraft","2016","","mittel","Filmwissen","Fantasy","Fantasy","Der Beschützer Azeroths gehört heimlich zur Ursache der Invasion.","Welche Entdeckung macht Khadgar (Ben Schnetzer) über Medivh (Ben Foster) in „Warcraft: The Beginning“?","Er wurde durch ein orkisches Ebenbild ersetzt","Von Magie verderbt half er beim Öffnen des Portals","Er hält die vermissten Menschen heimlich als eigene Armee fest","Er hat seine magischen Kräfte schon vor der Invasion verloren","B","Der vermeintliche Beschützer hat das Portal heimlich ermöglicht.","Khadgar (Ben Schnetzer) erkennt zunächst, dass Gul’dan (Daniel Wu) beim Öffnen des Portals Hilfe von Azeroth erhalten haben muss. Später entdeckt er, dass Medivh (Ben Foster) diese Rolle übernommen hat und selbst von der verderblichen Magie beeinflusst ist. Der Verdacht richtet sich dadurch gegen den vertrauten Beschützer. Die Menschen müssen ihre Gefahr nicht ausschließlich jenseits des Portals suchen, sondern auch innerhalb der eigenen magischen Ordnung erkennen.","Ein orkisches Ebenbild erklärt seine Rolle nicht.","Der verderbte Medivh half von Azeroth aus beim Portal.","Eine versteckte eigene Gefangenenarmee ist nicht Khadgars Entdeckung.","Medivh ist nicht seit vor der Invasion vollständig machtlos.","Der Beschützer Azeroths gehört heimlich zur Ursache der Invasion.","hoch","https://en.wikipedia.org/wiki/Warcraft_(film)","redaktionell_quellengeprueft"
"G100-20261008-FANTASY-022-S1","K-G100-20261008-FANTASY-022-S1","","de","Film","Fantasy","Warcraft: The Beginning","Warcraft","2016","","schwer","Filmwissen","Fantasy","Fantasy","Der scheinbare Verrat folgt dem geheimen Friedensplan des Königs.","Warum bittet König Llane (Dominic Cooper) Garona (Paula Patton) im Schlusskampf von „Warcraft: The Beginning“, ihn zu töten?","Sie soll einen Zauber lösen, der ihn an das Portal bindet","Sie soll den Orks einen bereits vorbereiteten Doppelgänger vorführen","Sie soll bei den Orks Ansehen gewinnen und Frieden ermöglichen","Sie soll durch seinen Tod selbst menschliche Königin werden","C","Llane opfert sich, um Garona Einfluss unter den Orks zu verschaffen.","Als der Rückzug zusammenbricht, bittet König Llane Wrynn (Dominic Cooper) Garona (Paula Patton), ihn zu töten. Er erwartet, dass die Tat ihr Ansehen unter den Orks verschafft und dadurch später einen Weg zum Frieden eröffnet. Garona handelt widerwillig. Für Außenstehende kann die Entscheidung wie ein Verrat erscheinen, obwohl sie einem geheimen Wunsch des Königs folgt. Die Schlussphase trennt damit sichtbare Handlung und verborgenes Motiv besonders deutlich.","Ein bindender Portalzauber ist nicht der Anlass dieser Bitte.","Ein vorbereiteter Doppelgänger gehört nicht zum Plan.","Llane hofft, dass Garonas Ansehen ihr später Einfluss für Frieden gibt.","Garona soll dadurch nicht zur menschlichen Königin werden.","Der scheinbare Verrat folgt dem geheimen Friedensplan des Königs.","hoch","https://en.wikipedia.org/wiki/Warcraft_(film)","redaktionell_quellengeprueft"
"G100-20261008-FANTASY-022-S2","K-G100-20261008-FANTASY-022-S2","","de","Film","Fantasy","Warcraft: The Beginning","Warcraft","2016","","schwer","Filmwissen","Fantasy","Fantasy","Die anerkannte Duellregel begrenzt Gul’dans Macht über die Orks.","Warum darf Lothar (Travis Fimmel) nach seinem Sieg über Blackhand (Clancy Brown) in „Warcraft: The Beginning“ trotz Gul’dans (Daniel Wu) Widerspruch abziehen?","Garona (Paula Patton) hat alle Wachposten zuvor bestochen","Ein Zauber macht ihn für die Orks unantastbar","Seine Armee hält Gul’dan (Daniel Wu) als Geisel fest","Die Orks respektieren den Ausgang des ehrenhaften Duells","D","Die Duelltradition setzt sich gegen Gul’dans Forderung durch.","Lothar (Travis Fimmel) kehrt zurück, um den Leichnam König Llanes (Dominic Cooper) zu holen, und muss gegen Blackhand (Clancy Brown) kämpfen. Nach dessen Niederlage verlangt Gul’dan (Daniel Wu) weitere Gewalt. Die anwesenden Orks lassen Lothar dennoch abziehen, weil sie das Ergebnis des traditionellen Duells anerkennen. Ihre Entscheidung zeigt, dass der Anführer nicht jede gemeinsame Regel überschreiben kann. Ein Sieg im Zweikampf erhält so eine Bedeutung über die persönliche Vergeltung hinaus.","Bestechungen der Wachposten ermöglichen den Abzug nicht.","Ein Schutzzauber verhindert nicht ihre Gegenwehr.","Gul’dan befindet sich nicht als Geisel in der Gewalt der Armee.","Die Orks halten sich an die Tradition des Duells.","Die anerkannte Duellregel begrenzt Gul’dans Macht über die Orks.","hoch","https://en.wikipedia.org/wiki/Warcraft_(film)","redaktionell_quellengeprueft"
"G100-20261008-FANTASY-022-Y","K-G100-20261008-FANTASY-022-Y","","de","Film","Fantasy","Warcraft: The Beginning","Warcraft","2016","","mittel","Filmjahr","Fantasy","Fantasy","1994 erstes Warcraft-Spiel, 2016 Kinofilm: zweiundzwanzig Jahre Abstand.","In welchem Jahr erschien „Warcraft: The Beginning“ mit Travis Fimmel und Paula Patton erstmals?","2016","2013","2019","2022","A","Die Kinoverfilmung erschien erstmals 2016.","Warcraft: Orcs & Humans eröffnete die Spielreihe 1994; Warcraft: The Beginning erschien 2016, zweiundzwanzig Jahre später. Blizzard benennt das frühere Spiel ausdrücklich als Beginn des Franchises. Der Film greift den Konflikt zwischen Menschen und eindringenden Orks in einer eigenen filmischen Erzählung auf. Die Datumsverbindung betrifft deshalb die Entstehung der Spielwelt und ihre spätere Kinoverwendung, nicht die Behauptung, dass jedes Ereignis beider Fassungen genau übereinstimmt.","2016 ist das erste Filmjahr.","2013 liegt drei Jahre davor.","2019 liegt drei Jahre danach.","2022 ist sechs Jahre zu spät.","1994 erstes Warcraft-Spiel, 2016 Kinofilm: zweiundzwanzig Jahre Abstand.","mittel","https://news.blizzard.com/en-us/article/24055599/get-warcraft-orcs-humans-on-battle-net-now|https://watch.afi.com/movie/warcraft|https://en.wikipedia.org/wiki/Warcraft_(film)","redaktionell_quellengeprueft"
"G100-20261008-FANTASY-022-D","K-G100-20261008-FANTASY-022-D","","de","Film","Fantasy","Warcraft: The Beginning","Warcraft","2016","","mittel","Regie","Fantasy","Fantasy","Jones inszeniert die gegensätzlichen Interessen auf beiden Seiten des Portals.","Wer führte bei „Warcraft: The Beginning“ mit Travis Fimmel und Paula Patton Hauptregie?","Peter Jackson","Duncan Jones","Guillermo del Toro","Ang Lee","B","Duncan Jones inszenierte die Kinoverfilmung.","Duncan Jones führt den Hauptregiecredit von Warcraft. Seine Erzählung verfolgt Figuren auf beiden Seiten der Invasion und stellt die Rettung der einen Heimat gegen die Bedrohung einer anderen. Die AFI-Watch-Filmkarte nennt Tom Struthers gesondert für die zweite Einheit. Auch frühere Projektpläne mit einem anderen Regisseur sind vom fertigen Film zu trennen. Die konkrete Fassung wird dadurch einem eindeutigen Hauptcredit zugeordnet, ohne weitere Produktionsarbeit zu unterschlagen.","Peter Jackson inszenierte diese Spielverfilmung nicht.","Duncan Jones trägt den Hauptregiecredit.","Guillermo del Toro ist nicht ihr Hauptregisseur.","Ang Lee führte bei diesem Film nicht Hauptregie.","Jones inszeniert die gegensätzlichen Interessen auf beiden Seiten des Portals.","mittel","https://watch.afi.com/movie/warcraft|https://en.wikipedia.org/wiki/Warcraft_(film)","redaktionell_quellengeprueft"
"G100-20261008-FANTASY-023-L1","K-G100-20261008-FANTASY-023-L1","","de","Film","Fantasy","Red Sonja","Red Sonja","1985","","leicht","Filmwissen","Fantasy","Fantasy","Der letzte Auftrag der Schwester macht die Beseitigung des Talismans zum Reiseziel.","Welchen Auftrag gibt die sterbende Varna (Janet Agren) ihrer Schwester in „Red Sonja“?","Den verschleppten Prinzen aus einem Bergwerk befreien","Ein verlorenes Schwert zum Tempel zurückbringen","Die Königin vor einem geplanten Anschlag warnen","Den gefährlichen Talisman unschädlich machen","D","Varna fordert Sonja auf, die Macht des Talismans zu beenden.","Varna (Janet Agren) entkommt dem Überfall auf den Tempel, wird dabei aber tödlich verwundet. Kalidor (Arnold Schwarzenegger) bringt Sonja (Brigitte Nielsen) zu ihrer Schwester. Vor ihrem Tod warnt Varna vor der wachsenden Macht des geraubten Talismans und verlangt, ihn in die Dunkelheit zu bringen. Der Auftrag verbindet Sonjas persönliche Rache mit einer größeren Gefahr: Das Artefakt bedroht inzwischen auch Menschen außerhalb des angegriffenen Tempels.","Eine Bergwerksbefreiung ist nicht ihr letzter Auftrag.","Sie verlangt nicht die Rückgabe eines verlorenen Schwertes.","Sonja soll die Königin nicht vor einem Anschlag schützen.","Varna warnt vor dem Talisman und verlangt seine Beseitigung.","Der letzte Auftrag der Schwester macht die Beseitigung des Talismans zum Reiseziel.","mittel","https://en.wikipedia.org/wiki/Red_Sonja_(1985_film)|https://catalog.afi.com/Film/58331-RED-SONJA","redaktionell_quellengeprueft"
"G100-20261008-FANTASY-023-L2","K-G100-20261008-FANTASY-023-L2","","de","Film","Fantasy","Red Sonja","Red Sonja","1985","","leicht","Filmwissen","Fantasy","Fantasy","Der junge Prinz besitzt einen loyalen Beschützer, aber noch wenig eigene Erfahrung.","Welche Aufgabe hat Falkon (Paul Smith) gegenüber Prinz Tarn (Ernie Reyes Jr.) in „Red Sonja“?","Er dient ihm und beschützt ihn","Er hält ihn als politischen Gefangenen fest","Er bildet ihn zum Tempelpriester aus","Er soll ihn einer feindlichen Königin ausliefern","A","Falkon begleitet den jungen Prinzen als Diener und Leibwächter.","Prinz Tarn (Ernie Reyes Jr.) hat sein verwüstetes Reich verlassen und reist mit Falkon (Paul Smith). Der große Begleiter übernimmt sowohl praktische Dienste als auch den Schutz des unerfahrenen Jungen. Tarn tritt zunächst anspruchsvoll auf und will Sonja (Brigitte Nielsen) sogar als Köchin anwerben. Falkons Loyalität hält das ungleiche Paar zusammen. Auf der weiteren Reise lernt der Prinz, dass Rang allein weder gute Umgangsformen noch Kampferfahrung ersetzt.","Falkon ist Tarns loyaler Diener und Beschützer.","Er bewacht Tarn nicht als politischen Gefangenen.","Eine Ausbildung zum Tempelpriester gehört nicht zu seiner Aufgabe.","Falkon soll Tarn nicht an die Königin ausliefern.","Der junge Prinz besitzt einen loyalen Beschützer, aber noch wenig eigene Erfahrung.","mittel","https://en.wikipedia.org/wiki/Red_Sonja_(1985_film)|https://catalog.afi.com/Film/58331-RED-SONJA","redaktionell_quellengeprueft"
"G100-20261008-FANTASY-023-M1","K-G100-20261008-FANTASY-023-M1","","de","Film","Fantasy","Red Sonja","Red Sonja","1985","","mittel","Filmwissen","Fantasy","Fantasy","Der Zugang zum Artefakt hängt vom Geschlecht und nicht vom Herrschertitel ab.","Wer darf den Talisman in „Red Sonja“ berühren, ohne dadurch zu verschwinden?","Nur Männer","Nur Frauen","Nur gekrönte Herrscher","Nur geweihte Priester","B","Der Talisman kann nur von Frauen berührt werden.","Der Talisman im Tempel ist an eine besondere körperliche Regel gebunden: Frauen können ihn berühren, während Männer dabei verschwinden. Diese Eigenschaft erklärt die Bewachung durch Priesterinnen und ermöglicht Königin Gedren (Sandahl Bergman), ihn selbst einzusetzen. Sonja (Brigitte Nielsen) kann das Artefakt ebenfalls aufnehmen. Die Regel betrifft den unmittelbaren Kontakt mit dem Gegenstand; politische Macht oder ein religiöser Titel ersetzen diese Voraussetzung in der Filmhandlung nicht.","Die Berührung durch Männer ist gerade tödlich gefährlich.","Frauen können das Artefakt berühren; Männer verschwinden bei der Berührung.","Eine Krönung ist nicht die entscheidende Voraussetzung.","Eine priesterliche Weihe allein gewährt keinen Zugang.","Der Zugang zum Artefakt hängt vom Geschlecht und nicht vom Herrschertitel ab.","mittel","https://en.wikipedia.org/wiki/Red_Sonja_(1985_film)|https://catalog.afi.com/Film/58331-RED-SONJA","redaktionell_quellengeprueft"
"G100-20261008-FANTASY-023-M2","K-G100-20261008-FANTASY-023-M2","","de","Film","Fantasy","Red Sonja","Red Sonja","1985","","mittel","Filmwissen","Fantasy","Fantasy","Eine gezielt angegriffene Schwachstelle macht den gemeinsamen Ausweg möglich.","Wie überwinden Sonja (Brigitte Nielsen) und Kalidor (Arnold Schwarzenegger) das mechanische Wasserwesen in „Red Sonja“?","Sie blockieren seinen Antrieb mit einer Kette","Sie lassen das Wasser aus seiner Höhle ab","Sie zerstören seine Augen","Sie klemmen sein Maul mit einem Felsblock auf","C","Die beiden blenden die mechanische Kreatur und entkommen.","Ein erzwungener Unterschlupf führt die Reisegruppe in eine wassergefüllte Höhle. Dort greift ein drachenähnliches mechanisches Wesen an, das Königin Gedren (Sandahl Bergman) gegen die Eindringlinge einsetzen lässt. Kalidor (Arnold Schwarzenegger) erscheint und hilft Sonja (Brigitte Nielsen), seine Augen zu zerstören. Die Rettung verlangt dadurch einen gezielten gemeinsamen Angriff auf eine Schwachstelle. Der Kampf verändert auch die praktische Bedeutung des Begleiters, dessen Hilfe Sonja zuvor abgelehnt hatte.","Eine Kette im Antrieb ermöglicht die Flucht nicht.","Sie legen die Höhle nicht durch Ablassen des Wassers trocken.","Das geblendete Wesen kann sie nicht weiter gezielt angreifen.","Ein eingeklemmter Felsblock entscheidet den Kampf nicht.","Eine gezielt angegriffene Schwachstelle macht den gemeinsamen Ausweg möglich.","mittel","https://en.wikipedia.org/wiki/Red_Sonja_(1985_film)|https://catalog.afi.com/Film/58331-RED-SONJA","redaktionell_quellengeprueft"
"G100-20261008-FANTASY-023-S1","K-G100-20261008-FANTASY-023-S1","","de","Film","Fantasy","Red Sonja","Red Sonja","1985","","schwer","Filmwissen","Fantasy","Fantasy","Die Herkunft begründet Kalidors eigene Verpflichtung gegenüber dem Artefakt.","Welche Verbindung zum Talisman erklärt Kalidors (Arnold Schwarzenegger) besondere Verantwortung in „Red Sonja“?","Er fertigte ihn für die Königin an","Er gewann ihn bei einem früheren Feldzug","Seine Familie wurde durch ihn unsterblich","Seine Vorfahren vertrauten ihn dem Tempel an","D","Kalidors Herkunft verbindet ihn mit den früheren Hütern des Talismans.","Kalidor (Arnold Schwarzenegger) ist nicht bloß ein zufällig hilfreicher Kämpfer. Seine Vorfahren gehören zu den Herren, die den Talisman dem Tempel anvertrauten. Als Sonja (Brigitte Nielsen) diese Verbindung erfährt, akzeptiert sie seine Begleitung. Seine Aufgabe erhält damit einen eigenen Grund neben dem Interesse an ihr. Die Herkunft ist außerdem ein Bestandteil dieser Filmfigur; ähnliche Kostüme und derselbe Darsteller machen Kalidor nicht zur Figur Conan aus anderen Filmen.","Er ist nicht der Hersteller des Talismans.","Ein eigener früherer Raubzug begründet seine Verantwortung nicht.","Eine Unsterblichkeit seiner Familie ist nicht diese Verbindung.","Kalidor stammt von den Herren ab, die ihn dem Tempel übergaben.","Die Herkunft begründet Kalidors eigene Verpflichtung gegenüber dem Artefakt.","mittel","https://en.wikipedia.org/wiki/Red_Sonja_(1985_film)","redaktionell_quellengeprueft"
"G100-20261008-FANTASY-023-S2","K-G100-20261008-FANTASY-023-S2","","de","Film","Fantasy","Red Sonja","Red Sonja","1985","","schwer","Filmwissen","Fantasy","Fantasy","Die Lava vernichtet das Artefakt; die einstürzende Festung erzwingt die Flucht.","Wie beseitigt Sonja (Brigitte Nielsen) am Ende von „Red Sonja“ den Talisman?","Sie wirft ihn in den Lavaabgrund","Sie versenkt ihn im Meer vor dem Tempel","Sie zerbricht ihn mit dem Schwert","Sie schließt ihn in einer dunklen Grabkammer ein","A","Sonja vernichtet den Talisman im Lavaabgrund.","Im letzten Kampf gegen Königin Gedren (Sandahl Bergman) bricht der Boden unter der Macht des Talismans auf und legt einen Lavaabgrund frei. Sonja (Brigitte Nielsen) besiegt ihre Gegnerin und wirft anschließend das Artefakt hinterher. Damit beendet sie die unmittelbare Bedrohung, löst aber zugleich die Zerstörung der Festung aus. Kalidor (Arnold Schwarzenegger) und die übrigen Begleiter müssen mit ihr fliehen. Die Beseitigung der Gefahr ist deshalb kein ruhiger Abschluss vor Ort.","Nach dem letzten Kampf wirft sie ihn in die Lava.","Eine Versenkung im Meer beendet seine Macht nicht im Film.","Sonja zerschlägt das Artefakt nicht mit ihrem Schwert.","Eine neue Grabkammer ist nicht die gewählte Schlusslösung.","Die Lava vernichtet das Artefakt; die einstürzende Festung erzwingt die Flucht.","hoch","https://en.wikipedia.org/wiki/Red_Sonja_(1985_film)|https://catalog.afi.com/Film/58331-RED-SONJA","redaktionell_quellengeprueft"
"G100-20261008-FANTASY-023-Y","K-G100-20261008-FANTASY-023-Y","","de","Film","Fantasy","Red Sonja","Red Sonja","1985","","mittel","Filmjahr","Fantasy","Fantasy","1984 Conan the Destroyer, 1985 Red Sonja: ein Jahr Abstand und verschiedene Rollen.","In welchem Jahr erschien „Red Sonja“ mit Brigitte Nielsen und Arnold Schwarzenegger erstmals?","1982","1985","1988","1991","B","Red Sonja erschien erstmals 1985.","Richard Fleischer inszenierte Conan the Destroyer 1984 und Red Sonja 1985, also im Abstand von einem Jahr. Arnold Schwarzenegger spielt in beiden Filmen einen schwerttragenden Helden, jedoch verschiedene Figuren: zuerst Conan, danach Kalidor. Der konkrete Werkvergleich erklärt die nahe Produktionsumgebung, ohne daraus eine identische Filmrolle oder eine nummerierte Fortsetzung abzuleiten. Für Red Sonja bleibt das veröffentlichte Filmjahr 1985 maßgeblich, obwohl bereits 1984 gedreht wurde.","1982 liegt drei Jahre davor.","1985 ist das erste Veröffentlichungsjahr.","1988 liegt drei Jahre danach.","1991 ist sechs Jahre zu spät.","1984 Conan the Destroyer, 1985 Red Sonja: ein Jahr Abstand und verschiedene Rollen.","mittel","https://catalog.afi.com/Film/57064-CONAN-THE-DESTROYER|https://catalog.afi.com/Film/58331-RED-SONJA|https://en.wikipedia.org/wiki/Red_Sonja_(1985_film)","redaktionell_quellengeprueft"
"G100-20261008-FANTASY-023-D","K-G100-20261008-FANTASY-023-D","","de","Film","Fantasy","Red Sonja","Red Sonja","1985","","mittel","Regie","Fantasy","Fantasy","Fleischers veröffentlichter Hauptcredit ersetzt die frühere Planung mit Bakshi.","Wer führte bei „Red Sonja“ mit Brigitte Nielsen und Arnold Schwarzenegger Hauptregie?","John Milius","Peter Yates","Richard Fleischer","John Boorman","C","Richard Fleischer inszenierte die Fassung mit Brigitte Nielsen.","Richard Fleischer führte beim fertigen Red Sonja Hauptregie. Die frühe Planung sah zuvor Ralph Bakshi vor, der jedoch ersetzt wurde. Der veröffentlichte Credit ist deshalb von der Projektankündigung zu unterscheiden. Auch Vic Armstrongs gesonderte Arbeit an der Action-Einheit macht ihn nicht zu einem zweiten Hauptregisseur. Die Besetzung mit Brigitte Nielsen grenzt diese Fassung außerdem von der späteren Neuverfilmung ab, für die andere Produktionsentscheidungen und Credits gelten.","John Milius inszenierte diesen Film nicht.","Peter Yates führte hier nicht Hauptregie.","Richard Fleischer trägt den Hauptregiecredit.","John Boorman ist nicht der Regisseur dieser Fassung.","Fleischers veröffentlichter Hauptcredit ersetzt die frühere Planung mit Bakshi.","mittel","https://catalog.afi.com/Film/58331-RED-SONJA|https://en.wikipedia.org/wiki/Red_Sonja_(1985_film)","redaktionell_quellengeprueft"
