"question_id","knowledge_id","variant_of","language","domain","subdomain","film_title_de","film_title_original","film_year","franchise","difficulty","question_type","topic_tags","badge_tags","learning_objective","question","answer_a","answer_b","answer_c","answer_d","correct_answer","explanation_short","explanation_context","feedback_a","feedback_b","feedback_c","feedback_d","memory_anchor","spoiler_level","source_urls","verification_status"
"KOM-L-001","K-KOM-01-01","","de","Film","Komödie","The Big Lebowski","The Big Lebowski","1998","","leicht","Besetzung","Krimikomödie|Verwechslung|Freundschaft","Komödie|Krimikomödie|Verwechslung|Freundschaft","Jeff Bridges spielt den Dude.","„The Big Lebowski“ (1998): Wer spielt den als „Dude“ bekannten Jeffrey Lebowski?","Jeff Bridges","Steve Buscemi","John Goodman","John Turturro","A","Jeff Bridges spielt den Dude (Jeff Bridges).","Der Dude (Jeff Bridges) begegnet einer Kriminalgeschichte mit der Haltung eines Mannes, der vor allem seine Ruhe behalten möchte. Seine gemächliche Sprache und seine Alltagsrituale stehen quer zu den Drohungen seiner Gegner. Gerade dieser Gegensatz macht ihn zum ungewöhnlichen Mittelpunkt einer Geschichte voller selbst ernannter Autoritäten.","Jeff Bridges spielt den Dude (Jeff Bridges).","Steve Buscemi spielt Donny (Steve Buscemi), das dritte Mitglied des Bowlingteams.","John Goodman spielt Walter (John Goodman), den energischen Bowlingpartner des Dude (Jeff Bridges).","John Turturro spielt den konkurrierenden Bowlingspieler Jesus Quintana.","Dude (Jeff Bridges) = Jeff Bridges.","Handlung","https://en.wikipedia.org/wiki/The_Big_Lebowski|https://www.rottentomatoes.com/m/big_lebowski","redaktionell_geprueft"
"KOM-L-002","K-KOM-01-02","","de","Film","Komödie","The Big Lebowski","The Big Lebowski","1998","","leicht","Handlung","Krimikomödie|Verwechslung|Freundschaft","Komödie|Krimikomödie|Verwechslung|Freundschaft","Der Dude, Walter und Donny spielen gemeinsam Bowling.","„The Big Lebowski“ (1998): Welcher Sport gehört zum festen Alltag des Dude und seiner Freunde?","Golf","Bowling","Baseball","Billard","B","Der Dude (Jeff Bridges), Walter (John Goodman) und Donny (Steve Buscemi) spielen gemeinsam Bowling.","Die Bowlingbahn bildet einen vertrauten Gegenraum zum verwickelten Entführungsfall. Hier begegnen sich der Dude (Jeff Bridges), Walter (John Goodman) und Donny (Steve Buscemi) innerhalb überschaubarer Regeln. Allerdings trägt Walter seine Konfliktlust auch in diesen Freizeitort hinein. Der Film gewinnt viel Komik daraus, dass selbst das vermeintlich harmlose Hobby zum Schauplatz übertriebener Prinzipientreue wird.","Golf spielt für die Freizeitgemeinschaft der drei keine entsprechende Rolle.","Der Dude (Jeff Bridges), Walter (John Goodman) und Donny (Steve Buscemi) spielen gemeinsam Bowling.","Baseball ist nicht der Sport, der die Freunde regelmäßig zusammenführt.","Billard ist nicht das gemeinsame Ritual des Trios; es trifft sich auf der Bowlingbahn.","Drei Freunde, eine Bowlingbahn.","Handlung","https://en.wikipedia.org/wiki/The_Big_Lebowski|https://www.rottentomatoes.com/m/big_lebowski","redaktionell_geprueft"
"KOM-M-001","K-KOM-01-03","","de","Film","Komödie","The Big Lebowski","The Big Lebowski","1998","","mittel","Motivation","Krimikomödie|Verwechslung|Freundschaft","Komödie|Krimikomödie|Verwechslung|Freundschaft","Der Dude verlangt Ersatz, nachdem Eindringlinge seinen Teppich ruiniert haben.","„The Big Lebowski“ (1998): Weshalb sucht der Dude den wohlhabenden Mann mit demselben Namen zunächst auf?","Er möchte Ersatz für seinen ruinierten Teppich.","Er sucht Arbeit als dessen Fahrer.","Er möchte dessen Haus kaufen.","Er will einen Bowlingverein finanzieren lassen.","A","Der Dude (Jeff Bridges) verlangt Ersatz, nachdem Eindringlinge seinen Teppich ruiniert haben.","Die Täter verwechseln den Dude (Jeff Bridges) mit einem vermögenden Namensvetter. Für ihn zählt zunächst weniger das kriminelle Umfeld als der beschädigte Teppich, der seine Wohnung zusammenhält. Dieses kleine, sehr persönliche Anliegen setzt die größere Handlung in Gang. Ausgerechnet sein Wunsch nach Alltagsnormalität zieht ihn immer tiefer in fremde Konflikte.","Der Dude (Jeff Bridges) verlangt Ersatz, nachdem Eindringlinge seinen Teppich ruiniert haben.","Eine Stelle als Fahrer sucht der Dude (Jeff Bridges) bei seinem Namensvetter nicht.","Der Dude (Jeff Bridges) verhandelt über seinen Teppich, nicht über einen Hauskauf.","Die Finanzierung eines Bowlingvereins ist nicht der Anlass für seinen Besuch.","Ein ruinierter Teppich startet den Fall.","Handlung","https://en.wikipedia.org/wiki/The_Big_Lebowski|https://www.rottentomatoes.com/m/big_lebowski","redaktionell_geprueft"
"KOM-M-002","K-KOM-01-04","","de","Film","Komödie","The Big Lebowski","The Big Lebowski","1998","","mittel","Figuren","Krimikomödie|Verwechslung|Freundschaft","Komödie|Krimikomödie|Verwechslung|Freundschaft","Walter bezieht zahlreiche Situationen auf seine Erfahrungen im Vietnamkrieg.","„The Big Lebowski“ (1998): Auf welche Kriegserfahrung kommt Walter immer wieder zurück?","Den Koreakrieg","Den Vietnamkrieg","Den Golfkrieg","Den Zweiten Weltkrieg","B","Walter (John Goodman) bezieht zahlreiche Situationen auf seine Erfahrungen im Vietnamkrieg.","Walter (John Goodman) behandelt den Vietnamkrieg wie einen universellen Schlüssel zu gegenwärtigen Problemen. Der Dude (Jeff Bridges) braucht jedoch meist eine praktische Lösung für eine konkrete Schwierigkeit. Die Gespräche geraten deshalb ständig aus der Spur. Walters Gewissheit, bereits alles Wesentliche zu verstehen, verschärft genau jene Verwirrung, die er angeblich beseitigen will.","Der Koreakrieg ist nicht Walters (John Goodman) ständig wiederkehrender Bezugspunkt.","Walter (John Goodman) bezieht zahlreiche Situationen auf seine Erfahrungen im Vietnamkrieg.","Der Golfkrieg ist nicht die Kriegserfahrung, die Walter (John Goodman) ständig anführt.","Walter (John Goodman) beruft sich nicht auf eigene Erfahrungen im Zweiten Weltkrieg.","Walter (John Goodman) denkt immer wieder an Vietnam.","Handlung","https://en.wikipedia.org/wiki/The_Big_Lebowski|https://www.rottentomatoes.com/m/big_lebowski","redaktionell_geprueft"
"KOM-S-001","K-KOM-01-05","","de","Film","Komödie","The Big Lebowski","The Big Lebowski","1998","","schwer","Handlung","Krimikomödie|Verwechslung|Freundschaft","Komödie|Krimikomödie|Verwechslung|Freundschaft","Bunny ist lediglich verreist; ihre Abwesenheit wird für eine fingierte Entführung ausgenutzt.","„The Big Lebowski“ (1998): Was steckt tatsächlich hinter Bunnys angeblicher Entführung?","Sie ist ohne Entführung verreist.","Sie wurde von Maude in einem Atelier eingesperrt.","Sie versteckt sich als Polizistin bei den Entführern.","Sie befindet sich im Zeugenschutz.","A","Bunny (Tara Reid) ist lediglich verreist; ihre Abwesenheit wird für eine fingierte Entführung ausgenutzt.","Die vermeintliche Entführung lädt verschiedene Beteiligte dazu ein, eigene Geschäfte mit derselben Geschichte zu machen. Bunny (Tara Reid) ist dabei nicht das gefangene Opfer, als das sie erscheint. Für den Dude (Jeff Bridges) bedeutet die Auflösung vor allem, dass seine mühsamen Ermittlungen auf Annahmen beruhten, von denen andere gezielt profitierten.","Bunny (Tara Reid) ist lediglich verreist; ihre Abwesenheit wird für eine fingierte Entführung ausgenutzt.","Maude (Julianne Moore) hält Bunny (Tara Reid) nicht in ihrem Atelier gefangen.","Bunny (Tara Reid) arbeitet nicht verdeckt für die Polizei; ihre Abwesenheit hat einen gewöhnlicheren Grund.","Ein Zeugenschutzprogramm erklärt Bunnys (Tara Reid) Verschwinden nicht.","Keine Entführung: Bunny (Tara Reid) ist verreist.","Auflösung","https://en.wikipedia.org/wiki/The_Big_Lebowski|https://www.rottentomatoes.com/m/big_lebowski","redaktionell_geprueft"
"KOM-S-002","K-KOM-01-06","","de","Film","Komödie","The Big Lebowski","The Big Lebowski","1998","","schwer","Objekt","Krimikomödie|Verwechslung|Freundschaft","Komödie|Krimikomödie|Verwechslung|Freundschaft","Donnys Asche wird in einer Kaffeedose zur Küste gebracht.","„The Big Lebowski“ (1998): Worin transportieren Walter und der Dude Donnys Asche zur Küste?","In einer Werkzeugkiste","In einer Kaffeedose","In einer Bowlingkugel","In einem Schuhkarton","B","Donnys (Steve Buscemi) Asche wird in einer Kaffeedose zur Küste gebracht.","Nach Donnys (Steve Buscemi) Tod versuchen Walter (John Goodman) und der Dude (Jeff Bridges), ihrem Freund einen Abschied zu geben. Die praktische Kaffeedose passt kaum zur Feierlichkeit, die Walter herstellen möchte. Als der Wind die Asche verweht, scheitert auch diese Inszenierung. Unter der grotesken Oberfläche bleibt jedoch die Trauer einer unbeholfenen Freundschaft spürbar.","Die Asche befindet sich nicht in einer Werkzeugkiste.","Donnys (Steve Buscemi) Asche wird in einer Kaffeedose zur Küste gebracht.","Die Bowlingkugel gehört zum Hobby der Freunde, dient aber nicht als Behälter für die Asche.","Ein Schuhkarton wird für Donnys (Steve Buscemi) Asche nicht verwendet.","Donnys (Steve Buscemi) letzter Behälter: eine Kaffeedose.","Auflösung","https://en.wikipedia.org/wiki/The_Big_Lebowski|https://www.rottentomatoes.com/m/big_lebowski","redaktionell_geprueft"
"KOM-L-003","K-KOM-02-01","","de","Film","Komödie","Ein Fisch namens Wanda","A Fish Called Wanda","1988","","leicht","Besetzung","Krimikomödie|Täuschung|Britischer Humor","Komödie|Krimikomödie|Täuschung|Britischer Humor|Jamie Lee Curtis","Jamie Lee Curtis spielt Wanda.","„Ein Fisch namens Wanda“ (1988): Wer spielt die namensgebende Wanda?","Susan Sarandon","Geena Davis","Jamie Lee Curtis","Sigourney Weaver","C","Jamie Lee Curtis spielt Wanda (Jamie Lee Curtis).","Wanda (Jamie Lee Curtis) bewegt sich zwischen mehreren Männern, deren Schwächen sie schnell erkennt. Ihre wechselnden Rollen verbinden den Raub mit einer Beziehungskomödie, in der Begehren und Berechnung kaum auseinanderzuhalten sind. Jamie Lee Curtis gibt der Figur die Beweglichkeit, auf neue Machtverhältnisse zu reagieren, ohne ihre eigenen Interessen aus den Augen zu verlieren.","Susan Sarandon ist nicht als Wanda (Jamie Lee Curtis) zu sehen.","Geena Davis spielt Wanda (Jamie Lee Curtis) nicht; die Rolle übernimmt Jamie Lee Curtis.","Jamie Lee Curtis spielt Wanda (Jamie Lee Curtis).","Sigourney Weaver gehört nicht zur Besetzung dieses Films.","Wanda (Jamie Lee Curtis) = Jamie Lee Curtis.","Handlung","https://en.wikipedia.org/wiki/A_Fish_Called_Wanda|https://www.rottentomatoes.com/m/fish_called_wanda","redaktionell_geprueft"
"KOM-L-004","K-KOM-02-02","","de","Film","Komödie","Ein Fisch namens Wanda","A Fish Called Wanda","1988","","leicht","Objekt","Krimikomödie|Täuschung|Britischer Humor","Komödie|Krimikomödie|Täuschung|Britischer Humor|Jamie Lee Curtis","Die Gruppe streitet um die beim Raub erbeuteten Diamanten.","„Ein Fisch namens Wanda“ (1988): Welche Beute will die Verbrechergruppe nach ihrem Raub behalten?","Wertvolle Gemälde","Geheime Baupläne","Goldbarren","Diamanten","D","Die Gruppe streitet um die beim Raub erbeuteten Diamanten.","Die Diamanten halten eine Zweckgemeinschaft zusammen, deren Mitglieder einander kaum vertrauen. Wanda (Jamie Lee Curtis) und Otto (Kevin Kline) versuchen, ihre Partner auszumanövrieren, während George (Tom Georgeson) die Beute eigenmächtig sichert. Der gemeinsame Erfolg erzeugt deshalb keine Ruhe. Er schafft vielmehr einen neuen Wettbewerb darum, wer genügend Wissen besitzt, um die anderen überflüssig zu machen.","Es geht um Diamanten, nicht um gestohlene Gemälde.","Geheime Baupläne stehen nicht im Mittelpunkt des Beutestreits.","Goldbarren sind nicht die Beute dieses Raubs.","Die Gruppe streitet um die beim Raub erbeuteten Diamanten.","Vier Betrüger wollen dieselben Diamanten.","Handlung","https://en.wikipedia.org/wiki/A_Fish_Called_Wanda|https://www.rottentomatoes.com/m/fish_called_wanda","redaktionell_geprueft"
"KOM-M-003","K-KOM-02-03","","de","Film","Komödie","Ein Fisch namens Wanda","A Fish Called Wanda","1988","","mittel","Beziehung","Krimikomödie|Täuschung|Britischer Humor","Komödie|Krimikomödie|Täuschung|Britischer Humor|Jamie Lee Curtis","Archie verteidigt George und wird dadurch für Wanda interessant.","„Ein Fisch namens Wanda“ (1988): Welche berufliche Verbindung hat Archie zu George?","Er ist dessen Bankberater.","Er ist dessen Gefängnisarzt.","Er ist dessen Strafverteidiger.","Er ist dessen Bewährungshelfer.","C","Archie (John Cleese) verteidigt George (Tom Georgeson) und wird dadurch für Wanda (Jamie Lee Curtis) interessant.","Archie (John Cleese) verfügt als Verteidiger über einen Zugang, den Wanda (Jamie Lee Curtis) für ihre Suche nach der Beute nutzen möchte. Zugleich bietet ihre Aufmerksamkeit ihm einen Ausweg aus seinem erstarrten Privatleben. Die Verführung funktioniert deshalb auf zwei Ebenen: als kriminelle Informationsbeschaffung und als Versuchung, eine lange eingeübte gesellschaftliche Rolle abzustreifen.","Archie (John Cleese) verwaltet Georges (Tom Georgeson) Geld nicht als Bankberater.","Archie (John Cleese) behandelt George (Tom Georgeson) nicht medizinisch, sondern verteidigt ihn vor Gericht.","Archie (John Cleese) verteidigt George (Tom Georgeson) und wird dadurch für Wanda (Jamie Lee Curtis) interessant.","Archie (John Cleese) überwacht Georges (Tom Georgeson) Bewährung nicht; er vertritt ihn juristisch.","Archie (John Cleese): Georges (Tom Georgeson) Anwalt und Wandas (Jamie Lee Curtis) Ziel.","Handlung","https://en.wikipedia.org/wiki/A_Fish_Called_Wanda|https://www.rottentomatoes.com/m/fish_called_wanda","redaktionell_geprueft"
"KOM-M-004","K-KOM-02-04","","de","Film","Komödie","Ein Fisch namens Wanda","A Fish Called Wanda","1988","","mittel","Beziehung","Krimikomödie|Täuschung|Britischer Humor","Komödie|Krimikomödie|Täuschung|Britischer Humor|Jamie Lee Curtis","Wanda und Otto behaupten, Geschwister zu sein.","„Ein Fisch namens Wanda“ (1988): Als was geben Wanda und Otto ihre tatsächliche Liebesbeziehung aus?","Als Verhältnis zwischen Chefin und Chauffeur","Als Beziehung zwischen Ärztin und Patient","Als Ehe zwischen Fremden unter falschen Namen","Als Geschwisterverhältnis","D","Wanda (Jamie Lee Curtis) und Otto (Kevin Kline) behaupten, Geschwister zu sein.","Die erfundene Verwandtschaft soll verhindern, dass andere die gemeinsame Strategie von Wanda (Jamie Lee Curtis) und Otto (Kevin Kline) erkennen. Ottos Eifersucht gefährdet diese Tarnung jedoch fortwährend. Er möchte zugleich unauffällig bleiben und Besitzansprüche zeigen. Aus diesem Widerspruch entsteht Komik, weil seine emotionalen Reaktionen die sorgfältiger angelegten Täuschungen seiner Partnerin immer wieder beschädigen.","Eine Tarnung als Chefin und Chauffeur verwenden sie nicht.","Die behauptete Verbindung ist familiär, nicht medizinisch.","Sie geben sich nicht als Ehepaar aus; gerade ihre Liebesbeziehung soll verborgen bleiben.","Wanda (Jamie Lee Curtis) und Otto (Kevin Kline) behaupten, Geschwister zu sein.","Liebespaar mit Geschwistertarnung.","Handlung","https://en.wikipedia.org/wiki/A_Fish_Called_Wanda|https://www.rottentomatoes.com/m/fish_called_wanda","redaktionell_geprueft"
"KOM-S-003","K-KOM-02-05","","de","Film","Komödie","Ein Fisch namens Wanda","A Fish Called Wanda","1988","","schwer","Objekt","Krimikomödie|Täuschung|Britischer Humor","Komödie|Krimikomödie|Täuschung|Britischer Humor|Jamie Lee Curtis","Wanda entdeckt den entscheidenden Schlüssel in Kens Aquarium.","„Ein Fisch namens Wanda“ (1988): Wo findet Wanda den Schlüssel zum Versteck der Diamanten?","In Georges Zahnbürstenbecher","In Archies Aktentasche","In Kens Aquarium","In Ottos Schuh","C","Wanda (Jamie Lee Curtis) entdeckt den entscheidenden Schlüssel in Kens (Michael Palin) Aquarium.","Das Aquarium verbindet Kens (Michael Palin) fürsorgliche Seite mit dem Versteckspiel um die Beute. Wanda (Jamie Lee Curtis) erkennt den Nutzen eines Gegenstands, den andere leicht übersehen könnten. Der Film lässt damit häusliche Kleinigkeiten zu Schaltstellen der Intrige werden. Wissen über das Versteck ist ebenso wertvoll wie die Diamanten selbst und verändert sofort die Machtverhältnisse.","Der Schlüssel liegt nicht in Georges (Tom Georgeson) Zahnbürstenbecher.","Archies (John Cleese) Aktentasche ist nicht der Fundort des Schlüssels.","Wanda (Jamie Lee Curtis) entdeckt den entscheidenden Schlüssel in Kens (Michael Palin) Aquarium.","Otto (Kevin Kline) versteckt den entscheidenden Schlüssel nicht in seinem Schuh.","Kens (Michael Palin) Aquarium enthält mehr als Fische.","Handlung","https://en.wikipedia.org/wiki/A_Fish_Called_Wanda|https://www.rottentomatoes.com/m/fish_called_wanda","redaktionell_geprueft"
"KOM-S-004","K-KOM-02-06","","de","Film","Komödie","Ein Fisch namens Wanda","A Fish Called Wanda","1988","","schwer","Handlung","Krimikomödie|Täuschung|Britischer Humor","Komödie|Krimikomödie|Täuschung|Britischer Humor|Jamie Lee Curtis","Ken fährt mit einer Dampfwalze auf den im Beton feststeckenden Otto zu.","„Ein Fisch namens Wanda“ (1988): Mit welchem Fahrzeug rächt sich Ken am Ende an Otto?","Mit einem Bagger","Mit einem Abschleppwagen","Mit einem Gabelstapler","Mit einer Dampfwalze","D","Ken (Michael Palin) fährt mit einer Dampfwalze auf den im Beton feststeckenden Otto (Kevin Kline) zu.","Otto (Kevin Kline) hat Ken (Michael Palin) zuvor gerade dort gequält, wo dieser besonders verletzlich ist: bei seinen geliebten Fischen. Die spätere Begegnung kehrt das Machtverhältnis um. Der sonst eingeschüchterte Ken steuert das schwere Fahrzeug, während Otto nicht ausweichen kann. Die übertriebene Form der Vergeltung übersetzt einen persönlichen Konflikt in eine groteske Slapsticksituation.","Ein Bagger ist nicht das Fahrzeug seiner Rache.","Ken (Michael Palin) nähert sich Otto (Kevin Kline) nicht mit einem Abschleppwagen.","Ken (Michael Palin) benutzt keinen Gabelstapler; das langsame, schwere Fahrzeug ist eine Dampfwalze.","Ken (Michael Palin) fährt mit einer Dampfwalze auf den im Beton feststeckenden Otto (Kevin Kline) zu.","Ken (Michael Palin) kommt mit der Dampfwalze.","Auflösung","https://en.wikipedia.org/wiki/A_Fish_Called_Wanda|https://www.rottentomatoes.com/m/fish_called_wanda","redaktionell_geprueft"
"KOM-L-005","K-KOM-03-01","","de","Film","Komödie","Das Leben des Brian","Monty Python's Life of Brian","1979","","leicht","Besetzung","Satire|Gruppendenken|Monty Python","Komödie|Satire|Gruppendenken|Monty Python","Graham Chapman spielt Brian.","„Das Leben des Brian“ (1979): Wer verkörpert Brian?","Graham Chapman","John Cleese","Eric Idle","Michael Palin","A","Graham Chapman spielt Brian (Graham Chapman).","Brian (Graham Chapman) wird ständig mit Erwartungen konfrontiert, die andere an ihn herantragen. Graham Chapman spielt ihn dabei als vergleichsweise gewöhnlichen Menschen in einer Welt übersteigerter Gewissheiten. Diese Bodenständigkeit ist für die Satire entscheidend: Der vermeintliche Erlöser wirkt oft vernünftiger als jene, die unbedingt eine große Botschaft in seinen Handlungen erkennen wollen.","Graham Chapman spielt Brian (Graham Chapman).","John Cleese spielt unter anderem Reg (John Cleese), nicht Brian (Graham Chapman).","Eric Idle übernimmt andere Rollen; Brian (Graham Chapman) wird von Graham Chapman gespielt.","Michael Palin spielt unter anderem Pilatus (Michael Palin), nicht die Hauptfigur Brian (Graham Chapman).","Brian (Graham Chapman) = Graham Chapman.","Handlung","https://en.wikipedia.org/wiki/Monty_Python%27s_Life_of_Brian|https://www.rottentomatoes.com/m/monty_pythons_life_of_brian","redaktionell_geprueft"
"KOM-L-006","K-KOM-03-02","","de","Film","Komödie","Das Leben des Brian","Monty Python's Life of Brian","1979","","leicht","Handlung","Satire|Gruppendenken|Monty Python","Komödie|Satire|Gruppendenken|Monty Python","Brians Anhänger erklären ihn gegen seinen Willen zum Messias.","„Das Leben des Brian“ (1979): Für wen halten Brians Anhänger ihn irrtümlich?","Für den neuen Hohepriester","Für den Messias","Für den römischen Kaiser","Für einen ägyptischen Pharao","B","Brians (Graham Chapman) Anhänger erklären ihn gegen seinen Willen zum Messias.","Brian (Graham Chapman) versucht mehrfach, die Zuschreibungen seiner Umgebung zurückzuweisen. Gerade seine Einwände werden jedoch als weitere Zeichen besonderer Bedeutung gedeutet. Die Komik entsteht aus einem geschlossenen Denksystem, in dem keine Antwort die ursprüngliche Überzeugung erschüttern kann. Der Film richtet den Blick damit auf die Bedürfnisse der Gefolgschaft und ihre Herstellung von Autorität.","Brian (Graham Chapman) wird nicht lediglich für einen neuen Hohepriester gehalten.","Brians (Graham Chapman) Anhänger erklären ihn gegen seinen Willen zum Messias.","Die Anhänger verehren Brian (Graham Chapman) nicht als römischen Kaiser.","Ein ägyptischer Herrschertitel spielt bei dieser Verwechslung keine Rolle.","Brian (Graham Chapman) widerspricht, die Menge glaubt umso mehr.","Handlung","https://en.wikipedia.org/wiki/Monty_Python%27s_Life_of_Brian|https://www.rottentomatoes.com/m/monty_pythons_life_of_brian","redaktionell_geprueft"
"KOM-M-005","K-KOM-03-03","","de","Film","Komödie","Das Leben des Brian","Monty Python's Life of Brian","1979","","mittel","Figuren","Satire|Gruppendenken|Monty Python","Komödie|Satire|Gruppendenken|Monty Python","Brian schließt sich der Volksfront von Judäa um Reg an.","„Das Leben des Brian“ (1979): Welcher politischen Gruppe schließt Brian sich an?","Der Volksfront von Judäa","Der Judäischen Volksfront","Der Judäischen Volksbefreiungsfront","Der Kampffront von Galiläa","A","Brian (Graham Chapman) schließt sich der Volksfront von Judäa um Reg (John Cleese) an.","Die ähnlich klingenden Gruppennamen machen politische Abgrenzung selbst zum Gegenstand der Satire. Reg (John Cleese) betont die Unterschiede zu konkurrierenden Organisationen, obwohl deren Ziele eng verwandt erscheinen. Für Brian (Graham Chapman) bedeutet der Eintritt deshalb nicht nur Widerstand gegen Rom. Er gerät auch in eine Kultur, in der interne Feindschaften und Sitzungsrituale überraschend viel Energie verschlingen.","Brian (Graham Chapman) schließt sich der Volksfront von Judäa um Reg (John Cleese) an.","Die Judäische Volksfront ist gerade die verhasste Konkurrenz von Brians (Graham Chapman) Gruppe.","Die Judäische Volksbefreiungsfront ist nicht die Organisation, der Brian (Graham Chapman) beitritt.","Eine Kampffront von Galiläa ist nicht Brians (Graham Chapman) politische Gruppe.","Brian (Graham Chapman) gehört zur Volksfront von Judäa.","Handlung","https://en.wikipedia.org/wiki/Monty_Python%27s_Life_of_Brian|https://www.rottentomatoes.com/m/monty_pythons_life_of_brian","redaktionell_geprueft"
"KOM-M-006","K-KOM-03-04","","de","Film","Komödie","Das Leben des Brian","Monty Python's Life of Brian","1979","","mittel","Handlung","Satire|Gruppendenken|Monty Python","Komödie|Satire|Gruppendenken|Monty Python","Der Soldat behandelt Brians Parole zunächst wie eine mangelhafte Lateinaufgabe.","„Das Leben des Brian“ (1979): Wie reagiert ein römischer Soldat zunächst auf Brians fehlerhaftes lateinisches Graffito?","Er übermalt es mit einem Kaiserporträt.","Er korrigiert die Grammatik und verlangt Wiederholungen.","Er ernennt Brian zum Dolmetscher.","Er übersetzt es ins Griechische.","B","Der Soldat behandelt Brians (Graham Chapman) Parole zunächst wie eine mangelhafte Lateinaufgabe.","Brian (Graham Chapman) möchte mit einer Wandparole gegen die Besatzung protestieren. Der römische Soldat konzentriert sich jedoch auf sprachliche Fehler und übernimmt die Rolle eines strengen Lehrers. Dadurch verschiebt sich der Konflikt überraschend vom politischen Inhalt zur korrekten Form. Die Szene macht aus staatlicher Autorität zugleich eine vertraute Erfahrung schulischer Einschüchterung.","Ein Kaiserporträt ist nicht die Antwort auf das fehlerhafte Graffito.","Der Soldat behandelt Brians (Graham Chapman) Parole zunächst wie eine mangelhafte Lateinaufgabe.","Brian (Graham Chapman) erhält keinen Dolmetscherposten; er muss seine Parole sprachlich verbessern.","Der Soldat verlangt korrektes Latein, keine griechische Übersetzung.","Rebellion trifft auf Lateinunterricht.","Handlung","https://en.wikipedia.org/wiki/Monty_Python%27s_Life_of_Brian|https://www.rottentomatoes.com/m/monty_pythons_life_of_brian","redaktionell_geprueft"
"KOM-S-005","K-KOM-03-05","","de","Film","Komödie","Das Leben des Brian","Monty Python's Life of Brian","1979","","schwer","Handlung","Satire|Gruppendenken|Monty Python","Komödie|Satire|Gruppendenken|Monty Python","Ein anderer Verurteilter gibt sich als Brian aus und wird an seiner Stelle freigelassen.","„Das Leben des Brian“ (1979): Warum führt die angekündigte Begnadigung nicht zu Brians Freilassung?","Ein anderer Gekreuzigter behauptet, Brian zu sein.","Ein Bote verliert den schriftlichen Erlass.","Brian lehnt die Begnadigung öffentlich ab.","Die Begnadigung gilt nur für Reg.","A","Ein anderer Verurteilter gibt sich als Brian (Graham Chapman) aus und wird an seiner Stelle freigelassen.","Die Aussicht auf Rettung scheitert an einer weiteren Verwechslung von Name und Person. Brian (Graham Chapman) bleibt zurück, während ein anderer die Gelegenheit nutzt. Das passt zur gesamten Handlung: Er besitzt kaum Kontrolle darüber, was andere aus seiner Identität machen. Selbst ein scheinbar eindeutiger Verwaltungsakt wird dadurch zum absurden Hindernis statt zur Lösung.","Ein anderer Verurteilter gibt sich als Brian (Graham Chapman) aus und wird an seiner Stelle freigelassen.","Ein verlorener Erlass ist nicht der Grund für das Scheitern.","Brian (Graham Chapman) weist die Freiheit nicht freiwillig zurück; ein anderer übernimmt seine Identität.","Die Begnadigung ist nicht ausschließlich für Reg (John Cleese) bestimmt.","Der falsche Brian (Graham Chapman) wird freigelassen.","Auflösung","https://en.wikipedia.org/wiki/Monty_Python%27s_Life_of_Brian|https://www.rottentomatoes.com/m/monty_pythons_life_of_brian","redaktionell_geprueft"
"KOM-S-006","K-KOM-03-06","","de","Film","Komödie","Das Leben des Brian","Monty Python's Life of Brian","1979","","schwer","Filmgestaltung","Satire|Gruppendenken|Monty Python","Komödie|Satire|Gruppendenken|Monty Python","Die Menge wiederholt gemeinsam, dass sie aus Individuen bestehe.","„Das Leben des Brian“ (1979): Worin liegt die Pointe, als Brian die Menge zur Eigenständigkeit auffordert?","Die Anhänger schreiben schweigend verschiedene Antworten auf.","Alle bekräftigen ihre Individualität im Chor.","Alle verlassen sofort den Platz.","Die Menge wählt Brian zum römischen Beamten.","B","Die Menge wiederholt gemeinsam, dass sie aus Individuen bestehe.","Brian (Graham Chapman) fordert seine Anhänger auf, selbst zu denken, doch sie reagieren erneut als geschlossene Gruppe. Inhalt und Verhalten widersprechen einander unmittelbar. Die Szene braucht dafür keine komplizierte Intrige: Schon der gemeinsame Sprechakt entlarvt die Bereitschaft, fremde Vorgaben zu übernehmen. Selbst der Aufruf zur Unabhängigkeit wird so zur nächsten gemeinschaftlichen Formel.","Gerade die gleichförmige mündliche Antwort trägt die Pointe, nicht verschiedene schriftliche Antworten.","Die Menge wiederholt gemeinsam, dass sie aus Individuen bestehe.","Die Menge zerstreut sich nicht sofort; sie antwortet gemeinsam.","Eine Wahl zum römischen Beamten findet in dieser Szene nicht statt.","Individualität im Gleichklang.","Handlung","https://en.wikipedia.org/wiki/Monty_Python%27s_Life_of_Brian|https://www.rottentomatoes.com/m/monty_pythons_life_of_brian","redaktionell_geprueft"
"KOM-L-007","K-KOM-04-01","","de","Film","Komödie","Die Ritter der Kokosnuss","Monty Python and the Holy Grail","1975","","leicht","Objekt","Parodie|Absurder Humor|Monty Python","Komödie|Parodie|Absurder Humor|Monty Python","Patsy schlägt Kokosnussschalen zusammen, während Artus das Reiten nachahmt.","„Die Ritter der Kokosnuss“ (1975): Womit wird das Geräusch von Artus’ angeblichem Pferd erzeugt?","Mit einer Trommel","Mit Kieselsteinen in einer Dose","Mit Kokosnussschalen","Mit Holzschuhen","C","Patsy (Terry Gilliam) schlägt Kokosnussschalen zusammen, während Artus (Graham Chapman) das Reiten nachahmt.","Artus (Graham Chapman) tritt mit königlichem Anspruch auf, doch Patsy (Terry Gilliam) erzeugt seine vermeintlichen Hufgeräusche sichtbar mit Kokosnussschalen. Die improvisierte Darstellung wird innerhalb der Handlung ernst genommen. So entsteht schon früh ein Grundprinzip des Films: Große ritterliche Gesten treffen auf banale materielle Bedingungen, ohne dass die Figuren ihren feierlichen Ton unbedingt aufgeben.","Eine Trommel begleitet Artus (Graham Chapman) nicht als Pferdeersatz.","Eine Dose mit Kieselsteinen ist nicht das sichtbare Geräuschrequisit.","Patsy (Terry Gilliam) schlägt Kokosnussschalen zusammen, während Artus (Graham Chapman) das Reiten nachahmt.","Holzschuhe erzeugen die Hufgeräusche nicht; Patsy (Terry Gilliam) verwendet Kokosnussschalen.","Königliches Pferd mit Kokosnussantrieb.","Handlung","https://en.wikipedia.org/wiki/Monty_Python_and_the_Holy_Grail|https://www.rottentomatoes.com/m/monty_python_and_the_holy_grail","redaktionell_geprueft"
"KOM-L-008","K-KOM-04-02","","de","Film","Komödie","Die Ritter der Kokosnuss","Monty Python and the Holy Grail","1975","","leicht","Handlung","Parodie|Absurder Humor|Monty Python","Komödie|Parodie|Absurder Humor|Monty Python","Artus erhält den Auftrag, den Heiligen Gral zu suchen.","„Die Ritter der Kokosnuss“ (1975): Welchen Gegenstand sollen Artus und seine Ritter suchen?","Das Goldene Vlies","Die Bundeslade","Den Stein der Weisen","Den Heiligen Gral","D","Artus (Graham Chapman) erhält den Auftrag, den Heiligen Gral zu suchen.","Die Gralssuche liefert Artus (Graham Chapman) und seinen Rittern ein erhabenes gemeinsames Ziel. Ihre Reise zerfällt jedoch immer wieder in eigensinnige Episoden und lächerliche Hindernisse. Der Abstand zwischen dem religiös aufgeladenen Auftrag und dem tatsächlichen Verhalten der Suchenden trägt die Parodie. Ein großes Abenteuergerüst bleibt erkennbar, während seine üblichen Würdezeichen beständig unterlaufen werden.","Das Goldene Vlies gehört zu einer anderen Sagenwelt und ist nicht das Ziel dieser Reise.","Die Bundeslade wird von Artus (Graham Chapman) in diesem Film nicht gesucht.","Der Stein der Weisen ist nicht der Gegenstand des göttlichen Auftrags.","Artus (Graham Chapman) erhält den Auftrag, den Heiligen Gral zu suchen.","Artus (Graham Chapman) sucht den Gral.","Handlung","https://en.wikipedia.org/wiki/Monty_Python_and_the_Holy_Grail|https://www.rottentomatoes.com/m/monty_python_and_the_holy_grail","redaktionell_geprueft"
"KOM-M-007","K-KOM-04-03","","de","Film","Komödie","Die Ritter der Kokosnuss","Monty Python and the Holy Grail","1975","","mittel","Objekt","Parodie|Absurder Humor|Monty Python","Komödie|Parodie|Absurder Humor|Monty Python","Die Ritter verlangen von Artus ein Gebüsch.","„Die Ritter der Kokosnuss“ (1975): Was fordern die Ritter, die „Ni“ sagen, zunächst von Artus?","Ein silbernes Schwert","Ein Fass Met","Ein Gebüsch","Eine goldene Krone","C","Die Ritter verlangen von Artus (Graham Chapman) ein Gebüsch.","Eine bedrohliche Begegnung mündet in eine überraschend gärtnerische Forderung. Artus (Graham Chapman) muss sich mit den Ansprüchen einer Gruppe auseinandersetzen, deren Macht weniger auf verständlichen Regeln als auf Behauptung beruht. Der Film lässt die Absurdität gerade deshalb wirken, weil die Verhandlung ernsthaft geführt wird. Die Suche nach dem Gral wird durch Alltagsgeschmack aufgehalten.","Ein silbernes Schwert würde zum Ritterabenteuer passen, ist hier aber nicht die Forderung.","Ein Fass Met wird in dieser Begegnung nicht verlangt.","Die Ritter verlangen von Artus (Graham Chapman) ein Gebüsch.","Eine Krone ist nicht die erste Forderung dieser Ritter.","Die Ni-Ritter wollen ein Gebüsch.","Handlung","https://en.wikipedia.org/wiki/Monty_Python_and_the_Holy_Grail|https://www.rottentomatoes.com/m/monty_python_and_the_holy_grail","redaktionell_geprueft"
"KOM-M-008","K-KOM-04-04","","de","Film","Komödie","Die Ritter der Kokosnuss","Monty Python and the Holy Grail","1975","","mittel","Handlung","Parodie|Absurder Humor|Monty Python","Komödie|Parodie|Absurder Humor|Monty Python","Die Ritter bauen ein hölzernes Kaninchen, vergessen aber, selbst hineinzusteigen.","„Die Ritter der Kokosnuss“ (1975): Was vergessen die Ritter bei ihrem Plan mit dem hölzernen Kaninchen?","Es wie ein Tier zu bemalen","Eine Lösegeldforderung daran zu befestigen","Es durch das Burgtor zu ziehen","Sich darin zu verstecken","D","Die Ritter bauen ein hölzernes Kaninchen, vergessen aber, selbst hineinzusteigen.","Bedeveres (Terry Jones) Einfall übernimmt das bekannte Prinzip des Trojanischen Pferdes, ersetzt dessen Form jedoch durch ein Kaninchen. Entscheidend scheitert der Plan nicht am ungewöhnlichen Tier, sondern an einer ausgelassenen Handlung. Die stolze Erklärung kommt zu spät. So parodiert die Szene militärische Genialität als komplizierte Konstruktion, der die einfachste praktische Voraussetzung fehlt.","Die Bemalung ist nicht der entscheidende Fehler des Plans.","Eine Lösegeldforderung gehört nicht zum vorgesehenen Überraschungsangriff.","Das Problem ist nicht ein fehlender Zug durch das Tor, sondern die Abwesenheit der Angreifer im Inneren.","Die Ritter bauen ein hölzernes Kaninchen, vergessen aber, selbst hineinzusteigen.","Ein Trojanisches Kaninchen ohne Besatzung.","Handlung","https://en.wikipedia.org/wiki/Monty_Python_and_the_Holy_Grail|https://www.rottentomatoes.com/m/monty_python_and_the_holy_grail","redaktionell_geprueft"
"KOM-S-007","K-KOM-04-05","","de","Film","Komödie","Die Ritter der Kokosnuss","Monty Python and the Holy Grail","1975","","schwer","Handlung","Parodie|Absurder Humor|Monty Python","Komödie|Parodie|Absurder Humor|Monty Python","Artus fragt nach der Schwalbenart, auf die sich die Geschwindigkeitsfrage bezieht.","„Die Ritter der Kokosnuss“ (1975): Mit welcher Rückfrage bringt Artus den Brückenwächter aus dem Konzept?","Ob die Brücke nach Norden oder Süden führe","Ob der Gral aus Gold oder Silber bestehe","Ob eine afrikanische oder europäische Schwalbe gemeint sei","Ob er als König oder als Ritter antworten solle","C","Artus (Graham Chapman) fragt nach der Schwalbenart, auf die sich die Geschwindigkeitsfrage bezieht.","An der Brücke soll Artus (Graham Chapman) eine scheinbar eindeutige Wissensfrage beantworten. Seine Rückfrage legt offen, dass schon die Voraussetzung unklar ist. Dabei kehrt ein Motiv vom Anfang des Films wieder. Die absurde Diskussion über Schwalben wird plötzlich handlungsentscheidend, und die überlegene Prüfungsinstanz scheitert an ihrer eigenen mangelnden Genauigkeit.","Die Himmelsrichtung der Brücke löst die Situation nicht.","Die Materialfrage zum Gral ist nicht Artus’ (Graham Chapman) entscheidende Gegenfrage.","Artus (Graham Chapman) fragt nach der Schwalbenart, auf die sich die Geschwindigkeitsfrage bezieht.","Artus (Graham Chapman) fragt nicht nach seiner gesellschaftlichen Rolle, sondern nach der Art des Vogels.","Die Schwalbenfrage braucht eine Artbestimmung.","Handlung","https://en.wikipedia.org/wiki/Monty_Python_and_the_Holy_Grail|https://www.rottentomatoes.com/m/monty_python_and_the_holy_grail","redaktionell_geprueft"
"KOM-S-008","K-KOM-04-06","","de","Film","Komödie","Die Ritter der Kokosnuss","Monty Python and the Holy Grail","1975","","schwer","Handlung","Parodie|Absurder Humor|Monty Python","Komödie|Parodie|Absurder Humor|Monty Python","Moderne Polizisten beenden das Abenteuer, bevor der große Angriff stattfinden kann.","„Die Ritter der Kokosnuss“ (1975): Was unterbricht den geplanten großen Angriff am Ende?","Ein Turnier unter den Rittern","Die Rückkehr eines Drachen","Die Ankunft eines zweiten Königs","Das Eingreifen moderner Polizisten","D","Moderne Polizisten beenden das Abenteuer, bevor der große Angriff stattfinden kann.","Der Film verweigert Artus (Graham Chapman) den erwarteten Höhepunkt einer mittelalterlichen Heldengeschichte. Statt einer entscheidenden Schlacht greift eine moderne Polizeilogik in die Erzählung ein. Damit bricht nicht nur das Unternehmen der Ritter ab, sondern auch der vertraute Vertrag mit dem Publikum. Die Parodie richtet sich schließlich gegen die Erwartung eines ordentlich abgeschlossenen Abenteuerfilms.","Ein Turnier ersetzt den Angriff nicht; die Polizei greift ein.","Ein Drache beendet die Handlung nicht.","Ein zweiter König verhindert die Schlacht nicht.","Moderne Polizisten beenden das Abenteuer, bevor der große Angriff stattfinden kann.","Die Gralssuche endet im Polizeieinsatz.","Auflösung","https://en.wikipedia.org/wiki/Monty_Python_and_the_Holy_Grail|https://www.rottentomatoes.com/m/monty_python_and_the_holy_grail","redaktionell_geprueft"
"KOM-L-009","K-KOM-05-01","","de","Film","Komödie","Die unglaubliche Reise in einem verrückten Flugzeug","Airplane!","1980","Airplane!","leicht","Besetzung","Parodie|Katastrophenfilm|Slapstick","Komödie|Parodie|Katastrophenfilm|Slapstick|Airplane!|Leslie Nielsen","Leslie Nielsen spielt Dr. Rumack.","„Die unglaubliche Reise in einem verrückten Flugzeug“ (1980): Wer spielt den Arzt Dr. Rumack?","Leslie Nielsen","Lloyd Bridges","Robert Stack","Peter Graves","A","Leslie Nielsen spielt Dr. Rumack (Leslie Nielsen).","Rumack (Leslie Nielsen) spricht auch in den absurdesten Situationen mit der Sicherheit eines seriösen Arztes. Leslie Nielsens ungerührtes Spiel macht die Übertreibungen besonders wirksam, weil die Figur ihre eigene Komik nicht ausstellt. Der Film parodiert Katastrophendramen deshalb nicht nur durch unmögliche Ereignisse, sondern auch durch den vollkommen ernsten Umgang mit ihnen.","Leslie Nielsen spielt Dr. Rumack (Leslie Nielsen).","Lloyd Bridges spielt McCroskey (Lloyd Bridges) in der Flugüberwachung.","Robert Stack spielt Kramer (Robert Stack), der Ted (Robert Hays) vom Boden aus unterstützen soll.","Peter Graves spielt Flugkapitän Oveur, nicht Dr. Rumack (Leslie Nielsen).","Dr. Rumack (Leslie Nielsen) = Leslie Nielsen.","Handlung","https://en.wikipedia.org/wiki/Airplane!|https://www.paramountpictures.com/movies/airplane","redaktionell_geprueft"
"KOM-L-010","K-KOM-05-02","","de","Film","Komödie","Die unglaubliche Reise in einem verrückten Flugzeug","Airplane!","1980","Airplane!","leicht","Handlung","Parodie|Katastrophenfilm|Slapstick","Komödie|Parodie|Katastrophenfilm|Slapstick|Airplane!|Leslie Nielsen","Das Fischgericht macht unter anderem die Piloten flugunfähig.","„Die unglaubliche Reise in einem verrückten Flugzeug“ (1980): Welche Bordmahlzeit führt zur Vergiftung zahlreicher Menschen einschließlich der Piloten?","Obstsalat","Fisch","Pasta","Rindfleisch","B","Das Fischgericht macht unter anderem die Piloten flugunfähig.","Die Erkrankung verwandelt einen gewöhnlichen Linienflug in ein Katastrophenszenario. Rumack (Leslie Nielsen) erkennt den Zusammenhang mit dem Fischgericht, doch medizinisches Wissen löst das fliegerische Problem noch nicht. Ted (Robert Hays) muss eine Verantwortung übernehmen, der er eigentlich ausweichen möchte. Die vertraute Dramaturgie des Rettungsfilms bleibt dabei bestehen und bietet Halt für die zahlreichen absurden Abschweifungen.","Der Obstsalat macht die Piloten nicht flugunfähig.","Das Fischgericht macht unter anderem die Piloten flugunfähig.","Pasta ist nicht die entscheidende Ursache der Erkrankungen.","Das Rindfleisch ist nicht die Mahlzeit, die die Vergiftung auslöst.","Fisch an Bord, Krise im Cockpit.","Handlung","https://en.wikipedia.org/wiki/Airplane!|https://www.paramountpictures.com/movies/airplane","redaktionell_geprueft"
"KOM-M-009","K-KOM-05-03","","de","Film","Komödie","Die unglaubliche Reise in einem verrückten Flugzeug","Airplane!","1980","Airplane!","mittel","Motivation","Parodie|Katastrophenfilm|Slapstick","Komödie|Parodie|Katastrophenfilm|Slapstick|Airplane!|Leslie Nielsen","Ted folgt Elaine an Bord, um ihre Beziehung zu retten.","„Die unglaubliche Reise in einem verrückten Flugzeug“ (1980): Warum steigt Ted überhaupt in diesen Linienflug?","Er möchte Elaine zurückgewinnen.","Er hat sich als Ersatzpilot beworben.","Er soll einen Gefangenen begleiten.","Er reist zu einer Flugschau.","A","Ted (Robert Hays) folgt Elaine (Julie Hagerty) an Bord, um ihre Beziehung zu retten.","Ted (Robert Hays) steigt trotz seiner Flugangst in das Flugzeug, weil Elaine (Julie Hagerty) sich von ihm entfernt hat. Die äußere Notlage trifft damit auf einen bereits vorhandenen persönlichen Konflikt. Seine spätere Bewährungsprobe besitzt zwei Ebenen: Er muss das Flugzeug sicher führen und zeigen, dass er Verantwortung übernehmen kann, statt in früherem Versagen stecken zu bleiben.","Ted (Robert Hays) folgt Elaine (Julie Hagerty) an Bord, um ihre Beziehung zu retten.","Ted (Robert Hays) betritt das Flugzeug nicht als beruflich eingeteilter Ersatzpilot.","Ein Gefangenentransport ist nicht sein Reisegrund.","Eine Flugschau erklärt seine Anwesenheit nicht; er folgt Elaine (Julie Hagerty).","Ted (Robert Hays) fliegt wegen Elaine (Julie Hagerty) mit.","Handlung","https://en.wikipedia.org/wiki/Airplane!|https://www.paramountpictures.com/movies/airplane","redaktionell_geprueft"
"KOM-M-010","K-KOM-05-04","","de","Film","Komödie","Die unglaubliche Reise in einem verrückten Flugzeug","Airplane!","1980","Airplane!","mittel","Figuren","Parodie|Katastrophenfilm|Slapstick","Komödie|Parodie|Katastrophenfilm|Slapstick|Airplane!|Leslie Nielsen","Elaine arbeitet als Flugbegleiterin.","„Die unglaubliche Reise in einem verrückten Flugzeug“ (1980): Welche Tätigkeit übt Elaine an Bord aus?","Copilotin","Flugbegleiterin","Notärztin","Fluglotsin","B","Elaine (Julie Hagerty) arbeitet als Flugbegleiterin.","Elaine (Julie Hagerty) gehört beruflich zur Besatzung und muss sich gleichzeitig mit Ted (Robert Hays) und der eskalierenden Lage auseinandersetzen. Ihre Funktion verbindet das Cockpit mit dem Passagierraum. Dadurch bleibt die Beziehungsgeschichte eng mit dem Katastrophenablauf verzahnt. Sie ist nicht bloß der Anlass für Teds Reise, sondern arbeitet innerhalb der gefährdeten Situation selbst mit.","Elaine (Julie Hagerty) ist nicht als Copilotin angestellt.","Elaine (Julie Hagerty) arbeitet als Flugbegleiterin.","Die medizinische Autorität an Bord ist Rumack (Leslie Nielsen), nicht Elaine (Julie Hagerty).","Fluglotsen arbeiten am Boden; Elaine (Julie Hagerty) ist als Flugbegleiterin an Bord.","Elaine (Julie Hagerty) gehört zur Kabinenbesatzung.","Handlung","https://en.wikipedia.org/wiki/Airplane!|https://www.paramountpictures.com/movies/airplane","redaktionell_geprueft"
"KOM-S-009","K-KOM-05-05","","de","Film","Komödie","Die unglaubliche Reise in einem verrückten Flugzeug","Airplane!","1980","Airplane!","schwer","Objekt","Parodie|Katastrophenfilm|Slapstick","Komödie|Parodie|Katastrophenfilm|Slapstick|Airplane!|Leslie Nielsen","Otto ist eine aufblasbare Figur im Pilotensitz.","„Die unglaubliche Reise in einem verrückten Flugzeug“ (1980): Wie wird der automatische Pilot Otto dargestellt?","Als aufblasbare Pilotenfigur","Als dressierter Affe","Als sprechender Koffer","Als ferngesteuertes Modellflugzeug","A","Otto ist eine aufblasbare Figur im Pilotensitz.","Der Ausdruck automatischer Pilot wird in eine sichtbare Person verwandelt, deren aufblasbare Gestalt die technische Funktion grotesk vermenschlicht. Elaine (Julie Hagerty) muss mit diesem ungewöhnlichen Besatzungsmitglied umgehen, als gehöre es selbstverständlich zum Flugzeug. Der Witz folgt damit einem häufigen Verfahren des Films: Sprachliche Gewohnheiten werden wörtlich genommen und erhalten eine absurde körperliche Form.","Otto ist eine aufblasbare Figur im Pilotensitz.","Ein Affe übernimmt die automatische Steuerung nicht.","Otto erscheint nicht als Koffer, sondern als aufblasbarer Pilot.","Otto ist kein Modellflugzeug, sondern sitzt als aufblasbare Figur im Cockpit.","Autopilot wird zur aufblasbaren Person.","Handlung","https://en.wikipedia.org/wiki/Airplane!|https://www.paramountpictures.com/movies/airplane","redaktionell_geprueft"
"KOM-S-010","K-KOM-05-06","","de","Film","Komödie","Die unglaubliche Reise in einem verrückten Flugzeug","Airplane!","1980","Airplane!","schwer","Beziehung","Parodie|Katastrophenfilm|Slapstick","Komödie|Parodie|Katastrophenfilm|Slapstick|Airplane!|Leslie Nielsen","Kramer kennt Ted als früherer militärischer Vorgesetzter.","„Die unglaubliche Reise in einem verrückten Flugzeug“ (1980): Welche Vorgeschichte verbindet Kramer mit Ted?","Kramer ist sein ehemaliger Boxtrainer.","Kramer war sein militärischer Vorgesetzter.","Kramer war sein Mitschüler an einer Hotelfachschule.","Kramer ist sein geschiedener Schwiegervater.","B","Kramer (Robert Stack) kennt Ted (Robert Hays) als früherer militärischer Vorgesetzter.","Kramer (Robert Stack) bringt die Vergangenheit ins Spiel, vor der Ted (Robert Hays) zurückschreckt. Die Hilfe vom Boden ist deshalb nicht emotional neutral: Ausgerechnet eine Autoritätsfigur aus seinem früheren Fliegerleben soll ihn durch die neue Krise führen. Der Film nutzt diese Verbindung wie ein ernstes Traumaelement des Katastrophenfilms und überlagert sie fortlaufend mit komischer Übertreibung.","Kramer (Robert Stack) trainierte Ted (Robert Hays) nicht als Boxer, sondern war sein militärischer Vorgesetzter.","Kramer (Robert Stack) kennt Ted (Robert Hays) als früherer militärischer Vorgesetzter.","Die beiden kennen sich nicht von einer Hotelfachschule.","Kramer (Robert Stack) ist nicht Teds (Robert Hays) früherer Schwiegervater; die Verbindung stammt aus dem Militär.","Kramer (Robert Stack) gehört zu Teds (Robert Hays) militärischer Vergangenheit.","Handlung","https://en.wikipedia.org/wiki/Airplane!|https://www.paramountpictures.com/movies/airplane","redaktionell_geprueft"
"KOM-L-011","K-KOM-06-01","","de","Film","Komödie","Die nackte Kanone","The Naked Gun: From the Files of Police Squad!","1988","Die nackte Kanone","leicht","Besetzung","Parodie|Polizei|Slapstick","Komödie|Parodie|Polizei|Slapstick|Die nackte Kanone|Leslie Nielsen","Leslie Nielsen verkörpert Frank Drebin.","„Die nackte Kanone“ (1988): Wer spielt Lieutenant Frank Drebin?","Steve Martin","Chevy Chase","Leslie Nielsen","Dan Aykroyd","C","Leslie Nielsen verkörpert Frank Drebin (Leslie Nielsen).","Drebin (Leslie Nielsen) betrachtet sich als zuverlässigen Ermittler, während seine Handlungen regelmäßig Verwüstung anrichten. Leslie Nielsen hält diese Kluft durch betont ernstes Spiel offen. Die Figur bemerkt selten, wie weit ihre Selbsteinschätzung von der sichtbaren Wirklichkeit entfernt liegt. Genau deshalb können selbst grobe Missgeschicke im Ton eines nüchternen Polizeiberichts erscheinen.","Steve Martin spielt Drebin (Leslie Nielsen) nicht.","Chevy Chase ist nicht der Hauptdarsteller dieser Polizeiparodie.","Leslie Nielsen verkörpert Frank Drebin (Leslie Nielsen).","Dan Aykroyd gehört nicht als Drebin (Leslie Nielsen) zur Besetzung.","Frank Drebin (Leslie Nielsen) = Leslie Nielsen.","Handlung","https://en.wikipedia.org/wiki/The_Naked_Gun:_From_the_Files_of_Police_Squad!|https://www.paramountpictures.com/movies/the-naked-gun-from-the-files-of-police-squad","redaktionell_geprueft"
"KOM-L-012","K-KOM-06-02","","de","Film","Komödie","Die nackte Kanone","The Naked Gun: From the Files of Police Squad!","1988","Die nackte Kanone","leicht","Handlung","Parodie|Polizei|Slapstick","Komödie|Parodie|Polizei|Slapstick|Die nackte Kanone|Leslie Nielsen","Das geplante Attentat richtet sich gegen Königin Elizabeth II.","„Die nackte Kanone“ (1988): Welche prominente Besucherin soll Drebin vor einem Attentat schützen?","Prinzessin Diana","Nancy Reagan","Margaret Thatcher","Königin Elizabeth II.","D","Das geplante Attentat richtet sich gegen Königin Elizabeth II.","Der Besuch der Königin gibt Drebins (Leslie Nielsen) Ermittlungen eine öffentliche Bühne und besonders hohe Einsätze. Seine unkontrollierten Eingriffe passen denkbar schlecht zur erwarteten diplomatischen Würde. Der Film kombiniert daher zwei Ordnungen, die einander stören: zeremonielle Repräsentation und chaotischen Polizeieifer. Die Bedrohung bleibt innerhalb der Handlung ernst, während die Schutzmaßnahmen ständig neue Peinlichkeiten erzeugen.","Prinzessin Diana ist nicht die Besucherin, deren Ermordung geplant wird.","Nancy Reagan ist nicht das vorgesehene Opfer.","Margaret Thatcher ist nicht das Ziel des zentralen Attentatsplans.","Das geplante Attentat richtet sich gegen Königin Elizabeth II.","Drebin (Leslie Nielsen) soll die britische Königin schützen.","Handlung","https://en.wikipedia.org/wiki/The_Naked_Gun:_From_the_Files_of_Police_Squad!|https://www.paramountpictures.com/movies/the-naked-gun-from-the-files-of-police-squad","redaktionell_geprueft"
"KOM-M-011","K-KOM-06-03","","de","Film","Komödie","Die nackte Kanone","The Naked Gun: From the Files of Police Squad!","1988","Die nackte Kanone","mittel","Beziehung","Parodie|Polizei|Slapstick","Komödie|Parodie|Polizei|Slapstick|Die nackte Kanone|Leslie Nielsen","Jane arbeitet als Assistentin für Ludwig.","„Die nackte Kanone“ (1988): In welcher beruflichen Beziehung steht Jane zunächst zu Vincent Ludwig?","Sie ist seine Versicherungsprüferin.","Sie ist seine Staatsanwältin.","Sie ist seine Assistentin.","Sie ist seine Bewährungshelferin.","C","Jane (Priscilla Presley) arbeitet als Assistentin für Ludwig (Ricardo Montalbán).","Jane (Priscilla Presley) verbindet Drebins (Leslie Nielsen) Liebesgeschichte mit dem Umfeld des Verdächtigen. Ihre Nähe zu Ludwig (Ricardo Montalbán) macht sie zunächst zu einer schwer einzuschätzenden Person. Für Drebin überlagern sich deshalb berufliche Aufmerksamkeit und persönliche Anziehung. Der Film übernimmt damit eine klassische Konstellation des Kriminalfilms, lässt seinen Ermittler aber auch im Umgang mit romantischen Signalen unbeholfen handeln.","Jane (Priscilla Presley) prüft nicht seine Versicherung, sondern arbeitet für ihn.","Jane (Priscilla Presley) vertritt die Staatsanwaltschaft nicht.","Jane (Priscilla Presley) arbeitet als Assistentin für Ludwig (Ricardo Montalbán).","Sie überwacht Ludwig (Ricardo Montalbán) nicht als Bewährungshelferin.","Jane (Priscilla Presley) arbeitet zunächst für Ludwig (Ricardo Montalbán).","Handlung","https://en.wikipedia.org/wiki/The_Naked_Gun:_From_the_Files_of_Police_Squad!|https://www.paramountpictures.com/movies/the-naked-gun-from-the-files-of-police-squad","redaktionell_geprueft"
"KOM-M-012","K-KOM-06-04","","de","Film","Komödie","Die nackte Kanone","The Naked Gun: From the Files of Police Squad!","1988","Die nackte Kanone","mittel","Handlung","Parodie|Polizei|Slapstick","Komödie|Parodie|Polizei|Slapstick|Die nackte Kanone|Leslie Nielsen","Ludwig plant das Attentat während eines Baseballspiels.","„Die nackte Kanone“ (1988): Bei welcher Sportveranstaltung soll das Attentat stattfinden?","Bei einem Pferderennen","Bei einem Boxkampf","Bei einem Footballspiel","Bei einem Baseballspiel","D","Ludwig (Ricardo Montalbán) plant das Attentat während eines Baseballspiels.","Das Stadion bietet Publikum, feste Abläufe und zahlreiche Möglichkeiten zur Verkleidung. Drebin (Leslie Nielsen) muss sich in eine Veranstaltung einschleusen, deren Regeln er für seine Ermittlungen zweckentfremdet. Die Parodie gewinnt dadurch eine zusätzliche Ebene: Neben dem Polizeifilm wird auch das organisierte Sportspektakel zum Schauplatz von Rollenverwechslungen, improvisierten Auftritten und vollkommen unangemessener Aufmerksamkeit.","Ein Pferderennen ist nicht der Schauplatz des geplanten Attentats.","Der Anschlag ist nicht für einen Boxkampf vorgesehen.","Es handelt sich um Baseball, nicht um American Football.","Ludwig (Ricardo Montalbán) plant das Attentat während eines Baseballspiels.","Das Attentat ist für das Baseballstadion geplant.","Handlung","https://en.wikipedia.org/wiki/The_Naked_Gun:_From_the_Files_of_Police_Squad!|https://www.paramountpictures.com/movies/the-naked-gun-from-the-files-of-police-squad","redaktionell_geprueft"
"KOM-S-011","K-KOM-06-05","","de","Film","Komödie","Die nackte Kanone","The Naked Gun: From the Files of Police Squad!","1988","Die nackte Kanone","schwer","Objekt","Parodie|Polizei|Slapstick","Komödie|Parodie|Polizei|Slapstick|Die nackte Kanone|Leslie Nielsen","Ein Pager-Signal aktiviert den zuvor hypnotisierten Attentäter.","„Die nackte Kanone“ (1988): Wodurch soll der hypnotisierte Attentäter seinen Tötungsbefehl erhalten?","Durch eine Berührung mit einem Handschuh","Durch einen Duft aus einem Parfümflakon","Durch das Signal eines Pagers","Durch eine Nachricht auf einer Anzeigetafel","C","Ein Pager-Signal aktiviert den zuvor hypnotisierten Attentäter.","Ludwigs (Ricardo Montalbán) Methode trennt den eigentlichen Auftraggeber von der Person, die handeln soll. Ein alltägliches Empfangsgerät wird zum Auslöser fremdgesteuerten Verhaltens. Diese Konstruktion erlaubt dem Film, einen komplizierten Verschwörungsmechanismus auf einen einfachen akustischen Impuls zu reduzieren. Für Drebin (Leslie Nielsen) entsteht damit eine Gefahr, die sich nicht allein durch das Erkennen eines gewöhnlichen Bewaffneten aufhalten lässt.","Ein Handschuhkontakt aktiviert den Attentäter nicht.","Ein Parfümduft ist nicht das vereinbarte Auslösesignal.","Ein Pager-Signal aktiviert den zuvor hypnotisierten Attentäter.","Die Stadionanzeige übermittelt nicht den entscheidenden hypnotischen Befehl.","Pager piept, Hypnosebefehl wirkt.","Handlung","https://en.wikipedia.org/wiki/The_Naked_Gun:_From_the_Files_of_Police_Squad!|https://www.paramountpictures.com/movies/the-naked-gun-from-the-files-of-police-squad","redaktionell_geprueft"
"KOM-S-012","K-KOM-06-06","","de","Film","Komödie","Die nackte Kanone","The Naked Gun: From the Files of Police Squad!","1988","Die nackte Kanone","schwer","Motivation","Parodie|Polizei|Slapstick","Komödie|Parodie|Polizei|Slapstick|Die nackte Kanone|Leslie Nielsen","Drebin benutzt die Schiedsrichterrolle, um Spieler nach Waffen abzusuchen.","„Die nackte Kanone“ (1988): Warum gibt Drebin sich beim Baseballspiel als Schiedsrichter aus?","Damit er Jane einen Spieler vorstellen kann","Damit er eine Wette auf den Spielausgang gewinnt","Damit er Ludwig einen Sportvertrag anbieten kann","Damit er die Spieler auf Waffen durchsuchen kann","D","Drebin (Leslie Nielsen) benutzt die Schiedsrichterrolle, um Spieler nach Waffen abzusuchen.","Die Tarnung als Schiedsrichter verschafft Drebin (Leslie Nielsen) körperliche Nähe zu den Spielern, aber auch öffentliche Autorität. Er setzt beides auf eine Weise ein, die mit dem eigentlichen Spiel wenig zu tun hat. Die Szene zeigt exemplarisch seine Arbeitsweise: Eine grundsätzlich nachvollziehbare Ermittlungsabsicht wird durch mangelndes Rollenverständnis und übermäßigen Eifer in ein eigenes Spektakel verwandelt.","Er organisiert kein Treffen zwischen Jane (Priscilla Presley) und einem Spieler.","Drebin (Leslie Nielsen) verfolgt mit dieser Tarnung keinen Wettgewinn.","Ein Sportvertrag für Ludwig (Ricardo Montalbán) ist nicht sein Ziel.","Drebin (Leslie Nielsen) benutzt die Schiedsrichterrolle, um Spieler nach Waffen abzusuchen.","Schiedsrichterverkleidung als Waffenkontrolle.","Handlung","https://en.wikipedia.org/wiki/The_Naked_Gun:_From_the_Files_of_Police_Squad!|https://www.paramountpictures.com/movies/the-naked-gun-from-the-files-of-police-squad","redaktionell_geprueft"
"KOM-L-013","K-KOM-07-01","","de","Film","Komödie","The Blues Brothers","The Blues Brothers","1980","Blues Brothers","leicht","Besetzung","Musikkomödie|Verfolgungsjagd|Geschwister","Komödie|Musikkomödie|Verfolgungsjagd|Geschwister|Blues Brothers|Dan Aykroyd","John Belushi spielt Jake, Dan Aykroyd spielt Elwood.","„The Blues Brothers“ (1980): Welche beiden Schauspieler spielen Jake und Elwood Blues?","John Belushi und Dan Aykroyd","Eddie Murphy und John Belushi","Dan Aykroyd und Bill Murray","John Candy und Chevy Chase","A","John Belushi spielt Jake (John Belushi), Dan Aykroyd spielt Elwood (Dan Aykroyd).","Jake (John Belushi) und Elwood (Dan Aykroyd) treten mit ähnlicher Kleidung und scheinbar unerschütterlicher Gelassenheit auf. John Belushi und Dan Aykroyd machen daraus jedoch kein austauschbares Paar: Temperament und Zurückhaltung ergänzen sich. Die enge Verbindung der Brüder trägt den Film durch musikalische Auftritte, Verfolgungsjagden und Begegnungen mit Menschen, die sehr unterschiedliche Rechnungen mit ihnen offenhaben.","John Belushi spielt Jake (John Belushi), Dan Aykroyd spielt Elwood (Dan Aykroyd).","Eddie Murphy gehört nicht zu diesem Brüderpaar; Elwood (Dan Aykroyd) wird von Dan Aykroyd gespielt.","Bill Murray spielt keinen der beiden Blues-Brüder.","John Candy tritt im Film auf, spielt aber ebenso wenig wie Chevy Chase einen der Brüder.","Jake (John Belushi) = Belushi, Elwood (Dan Aykroyd) = Aykroyd.","Handlung","https://en.wikipedia.org/wiki/The_Blues_Brothers_(film)|https://www.universalpicturesathome.com/movies/the-blues-brothers","redaktionell_geprueft"
"KOM-L-014","K-KOM-07-02","","de","Film","Komödie","The Blues Brothers","The Blues Brothers","1980","Blues Brothers","leicht","Motivation","Musikkomödie|Verfolgungsjagd|Geschwister","Komödie|Musikkomödie|Verfolgungsjagd|Geschwister|Blues Brothers|Dan Aykroyd","Jake und Elwood wollen das Waisenhaus durch Begleichung seiner Steuerschuld retten.","„The Blues Brothers“ (1980): Wofür wollen die Brüder Geld auftreiben?","Für eine private Flugschule","Für die Steuerschuld ihres früheren Waisenhauses","Für eine neue Polizeistation","Für den Kauf eines eigenen Radiosenders","B","Jake (John Belushi) und Elwood (Dan Aykroyd) wollen das Waisenhaus durch Begleichung seiner Steuerschuld retten.","Das Waisenhaus gibt den Brüdern einen Zweck, der über ihre persönlichen Interessen hinausgeht. Jake (John Belushi) und Elwood (Dan Aykroyd) reagieren darauf mit der Wiedervereinigung ihrer Band. Dadurch wird eine soziale Verpflichtung zur Begründung einer musikalischen Reise. Ihre Mittel bleiben chaotisch, doch das Ziel verleiht den zahlreichen Umwegen eine gemeinsame Richtung und eine ungewöhnlich feierliche Selbstgewissheit.","Eine Flugschule spielt für die Geldbeschaffung keine Rolle.","Jake (John Belushi) und Elwood (Dan Aykroyd) wollen das Waisenhaus durch Begleichung seiner Steuerschuld retten.","Eine Polizeistation soll mit dem Geld nicht finanziert werden.","Ein Radiosender ist nicht das Projekt, für das sie sammeln.","Die Band spielt für das Waisenhaus.","Handlung","https://en.wikipedia.org/wiki/The_Blues_Brothers_(film)|https://www.universalpicturesathome.com/movies/the-blues-brothers","redaktionell_geprueft"
"KOM-M-013","K-KOM-07-03","","de","Film","Komödie","The Blues Brothers","The Blues Brothers","1980","Blues Brothers","mittel","Handlung","Musikkomödie|Verfolgungsjagd|Geschwister","Komödie|Musikkomödie|Verfolgungsjagd|Geschwister|Blues Brothers|Dan Aykroyd","Jake wird zu Beginn aus dem Gefängnis entlassen.","„The Blues Brothers“ (1980): Woher kommt Jake zu Beginn der Geschichte?","Aus dem Gefängnis","Aus einem Priesterseminar","Aus einem Krankenhaus","Von einer Europatournee","A","Jake (John Belushi) wird zu Beginn aus dem Gefängnis entlassen.","Jakes (John Belushi) Entlassung schafft den Ausgangspunkt für das Wiedersehen mit Elwood (Dan Aykroyd) und für die Frage nach einem neuen gemeinsamen Vorhaben. Freiheit bedeutet hier nicht, dass alte Bindungen verschwunden wären. Das Waisenhaus, frühere Bandmitglieder und frühere Konflikte warten bereits. Der Film setzt seine Figuren damit in Bewegung, bevor sie eine geordnete Rückkehr in den Alltag versuchen können.","Jake (John Belushi) wird zu Beginn aus dem Gefängnis entlassen.","Jake (John Belushi) verlässt kein Priesterseminar, sondern das Gefängnis.","Jake (John Belushi) wird nicht aus einem Krankenhaus abgeholt.","Eine Europatournee liegt nicht unmittelbar vor der Eingangsszene.","Jakes (John Belushi) Neubeginn beginnt am Gefängnistor.","Handlung","https://en.wikipedia.org/wiki/The_Blues_Brothers_(film)|https://www.universalpicturesathome.com/movies/the-blues-brothers","redaktionell_geprueft"
"KOM-M-014","K-KOM-07-04","","de","Film","Komödie","The Blues Brothers","The Blues Brothers","1980","Blues Brothers","mittel","Besetzung","Musikkomödie|Verfolgungsjagd|Geschwister","Komödie|Musikkomödie|Verfolgungsjagd|Geschwister|Blues Brothers|Dan Aykroyd","Aretha Franklin spielt Mrs. Murphy.","„The Blues Brothers“ (1980): Welche Sängerin spielt Mrs. Murphy im Restaurant?","Tina Turner","Aretha Franklin","Diana Ross","Gladys Knight","B","Aretha Franklin spielt Mrs. Murphy (Aretha Franklin).","Mrs. Murphy (Aretha Franklin) stellt den Wunsch ihres Mannes, wieder mit der Band aufzutreten, energisch infrage. Aretha Franklins musikalischer Auftritt ist deshalb nicht bloß ein eingeschobenes Konzertstück. Er entwickelt sich aus einem konkreten Beziehungskonflikt. Musik übernimmt die Auseinandersetzung und macht die Szene zu einer Verbindung von Alltag, Selbstbehauptung und großer Bühnenpräsenz innerhalb eines kleinen Restaurants.","Tina Turner spielt Mrs. Murphy (Aretha Franklin) nicht.","Aretha Franklin spielt Mrs. Murphy (Aretha Franklin).","Diana Ross ist nicht als Restaurantbetreiberin Mrs. Murphy (Aretha Franklin) zu sehen.","Gladys Knight übernimmt diese Rolle nicht.","Mrs. Murphy (Aretha Franklin) = Aretha Franklin.","Handlung","https://en.wikipedia.org/wiki/The_Blues_Brothers_(film)|https://www.universalpicturesathome.com/movies/the-blues-brothers","redaktionell_geprueft"
"KOM-S-013","K-KOM-07-05","","de","Film","Komödie","The Blues Brothers","The Blues Brothers","1980","Blues Brothers","schwer","Motivation","Musikkomödie|Verfolgungsjagd|Geschwister","Komödie|Musikkomödie|Verfolgungsjagd|Geschwister|Blues Brothers|Dan Aykroyd","Die von Carrie Fisher gespielte Frau rächt sich dafür, dass Jake sie vor dem Traualtar sitzen ließ.","„The Blues Brothers“ (1980): Warum verfolgt die geheimnisvolle bewaffnete Frau vor allem Jake?","Er hat sie am Hochzeitstag sitzen gelassen.","Er hat ihr Restaurant geschlossen.","Er hat ihre Band aus einem Wettbewerb gedrängt.","Er hat ihre Plattensammlung verkauft.","A","Die von Carrie Fisher gespielte Frau rächt sich dafür, dass Jake (John Belushi) sie vor dem Traualtar sitzen ließ.","Die Angriffe wirken zunächst wie eine weitere übersteigerte Gefahr auf der Reise. Erst später erhält die Verfolgerin, gespielt von Carrie Fisher, eine persönliche Geschichte mit Jake (John Belushi). Dadurch wird seine lässige Haltung rückwirkend problematischer: Was für ihn eine Ausrede ist, hat für andere erhebliche Folgen. Die Komik lebt auch von dieser ungleichen Wahrnehmung gemeinsamer Vergangenheit.","Die von Carrie Fisher gespielte Frau rächt sich dafür, dass Jake (John Belushi) sie vor dem Traualtar sitzen ließ.","Jake (John Belushi) hat nicht ihr Restaurant schließen lassen; er ließ sie am Hochzeitstag allein.","Ein Bandwettbewerb erklärt die Angriffe nicht.","Ein Verkauf von Schallplatten ist nicht der Grund ihrer Rache.","Jakes (John Belushi) verlassene Braut verlangt Vergeltung.","Handlung","https://en.wikipedia.org/wiki/The_Blues_Brothers_(film)|https://www.universalpicturesathome.com/movies/the-blues-brothers","redaktionell_geprueft"
"KOM-S-014","K-KOM-07-06","","de","Film","Komödie","The Blues Brothers","The Blues Brothers","1980","Blues Brothers","schwer","Handlung","Musikkomödie|Verfolgungsjagd|Geschwister","Komödie|Musikkomödie|Verfolgungsjagd|Geschwister|Blues Brothers|Dan Aykroyd","Jake und Elwood begleichen die Steuerschuld des Waisenhauses, bevor sie festgenommen werden.","„The Blues Brothers“ (1980): Was erledigen die Brüder unmittelbar vor ihrer Festnahme am Ziel ihrer Flucht?","Sie kaufen einen neuen Tourbus.","Sie bezahlen die Steuerschuld.","Sie unterschreiben einen Plattenvertrag.","Sie lösen ihre Band auf.","B","Jake (John Belushi) und Elwood (Dan Aykroyd) begleichen die Steuerschuld des Waisenhauses, bevor sie festgenommen werden.","Die letzte Flucht verlängert einen einfachen Verwaltungsvorgang zu einem gewaltigen Hindernislauf. Jake (John Belushi) und Elwood (Dan Aykroyd) müssen letztlich nur rechtzeitig Geld abgeben, doch nahezu alle zuvor erzeugten Konflikte holen sie ein. Dass die Zahlung gelingt, trennt den Erfolg ihrer Mission von ihrem persönlichen Schicksal. Das gute Ziel schützt sie nicht vor den Folgen ihres Verhaltens.","Ein Tourbus wird am Ende dieser Flucht nicht gekauft.","Jake (John Belushi) und Elwood (Dan Aykroyd) begleichen die Steuerschuld des Waisenhauses, bevor sie festgenommen werden.","Die Brüder erreichen keinen Plattenvertrag, sondern die Zahlung der Steuern.","Eine Bandauflösung ist nicht ihre letzte Handlung vor der Festnahme.","Mission erfüllt: Steuern bezahlt.","Auflösung","https://en.wikipedia.org/wiki/The_Blues_Brothers_(film)|https://www.universalpicturesathome.com/movies/the-blues-brothers","redaktionell_geprueft"
"KOM-L-015","K-KOM-08-01","","de","Film","Komödie","Frankenstein Junior","Young Frankenstein","1974","","leicht","Besetzung","Parodie|Horrorkomödie|Mel Brooks","Komödie|Parodie|Horrorkomödie|Mel Brooks","Gene Wilder spielt Frederick Frankenstein.","„Frankenstein Junior“ (1974): Wer spielt Frederick Frankenstein?","Marty Feldman","Peter Boyle","Gene Wilder","Mel Brooks","C","Gene Wilder spielt Frederick (Gene Wilder) Frankenstein.","Frederick (Gene Wilder) möchte als seriöser Wissenschaftler wahrgenommen werden und zugleich Abstand vom belasteten Familiennamen gewinnen. Gene Wilder gestaltet diesen Anspruch mit einer Mischung aus Kontrolle und wachsender Erregung. Je stärker die Experimente ihn faszinieren, desto weniger kann die Figur ihre Distanz aufrechterhalten. Die Komödie entwickelt sich aus einem Selbstbild, das den eigenen Impulsen nicht standhält.","Marty Feldman spielt Igor (Marty Feldman).","Peter Boyle verkörpert die Kreatur (Peter Boyle).","Gene Wilder spielt Frederick (Gene Wilder) Frankenstein.","Mel Brooks führte Regie, spielt aber nicht Frederick (Gene Wilder).","Frederick (Gene Wilder) Frankenstein = Gene Wilder.","Handlung","https://en.wikipedia.org/wiki/Young_Frankenstein|https://www.rottentomatoes.com/m/young_frankenstein","redaktionell_geprueft"
"KOM-L-016","K-KOM-08-02","","de","Film","Komödie","Frankenstein Junior","Young Frankenstein","1974","","leicht","Figuren","Parodie|Horrorkomödie|Mel Brooks","Komödie|Parodie|Horrorkomödie|Mel Brooks","Fredericks Helfer heißt Igor.","„Frankenstein Junior“ (1974): Wie heißt Fredericks buckliger Helfer?","Renfield","Karloff","Van Helsing","Igor","D","Fredericks (Gene Wilder) Helfer heißt Igor (Marty Feldman).","Igor (Marty Feldman) gehört zur vertrauten Ausstattung des Frankenstein-Stoffs, begegnet dieser Tradition aber mit eigener Verspieltheit. Seine Reaktionen und körperlichen Gags unterlaufen Fredericks (Gene Wilder) wissenschaftliche Würde. Die Figur ist deshalb mehr als eine dienende Nebenrolle: Sie macht sichtbar, wie wenig Kontrolle der vermeintliche Leiter über seine Umgebung besitzt und wie durchlässig die Grenze zwischen Gruselbild und Bühnenscherz wird.","Renfield ist eine Figur aus dem Dracula-Stoff, nicht Fredericks (Gene Wilder) Helfer.","Karloff ist hier nicht der Name des Assistenten.","Van Helsing ist nicht Fredericks (Gene Wilder) buckliger Helfer.","Fredericks (Gene Wilder) Helfer heißt Igor (Marty Feldman).","Igor (Marty Feldman) hilft und unterläuft jede Würde.","Handlung","https://en.wikipedia.org/wiki/Young_Frankenstein|https://www.rottentomatoes.com/m/young_frankenstein","redaktionell_geprueft"
"KOM-M-015","K-KOM-08-03","","de","Film","Komödie","Frankenstein Junior","Young Frankenstein","1974","","mittel","Beziehung","Parodie|Horrorkomödie|Mel Brooks","Komödie|Parodie|Horrorkomödie|Mel Brooks","Frederick ist der Enkel von Victor Frankenstein.","„Frankenstein Junior“ (1974): Wie ist Frederick mit dem berüchtigten Victor Frankenstein verwandt?","Er ist dessen Vater.","Er ist dessen Bruder.","Er ist dessen Enkel.","Er ist dessen Cousin.","C","Frederick (Gene Wilder) ist der Enkel von Victor Frankenstein.","Die Verwandtschaft zwingt Frederick (Gene Wilder), sich mit einem Erbe auseinanderzusetzen, das er zunächst sprachlich und beruflich auf Abstand halten möchte. Das Schloss und die Aufzeichnungen machen diese Vergangenheit jedoch konkret zugänglich. Der Film parodiert damit nicht nur ein bekanntes Monsterlabor. Er erzählt auch von der Versuchung, eine problematische Familientradition unter besseren eigenen Vorzeichen fortzuführen.","Frederick (Gene Wilder) ist nicht Victors Vater, sondern sein Enkel.","Frederick (Gene Wilder) gehört einer späteren Generation an und ist nicht Victors Bruder.","Frederick (Gene Wilder) ist der Enkel von Victor Frankenstein.","Ein Cousin wäre keine korrekte Beschreibung der familiären Verbindung.","Frederick (Gene Wilder) erbt das Werk seines Großvaters.","Handlung","https://en.wikipedia.org/wiki/Young_Frankenstein|https://www.rottentomatoes.com/m/young_frankenstein","redaktionell_geprueft"
"KOM-M-016","K-KOM-08-04","","de","Film","Komödie","Frankenstein Junior","Young Frankenstein","1974","","mittel","Objekt","Parodie|Horrorkomödie|Mel Brooks","Komödie|Parodie|Horrorkomödie|Mel Brooks","Igor beschädigt das vorgesehene Gehirn und nimmt stattdessen ein als abnormal gekennzeichnetes Exemplar.","„Frankenstein Junior“ (1974): Welchen Fehler macht Igor beim Beschaffen des Gehirns?","Er ersetzt das Gehirn durch einen Funkempfänger.","Er liefert das Gehirn bei der Polizei ab.","Er bringt überhaupt kein Gehirn mit.","Er nimmt nach einem Missgeschick ein als abnormal gekennzeichnetes Gehirn.","D","Igor (Marty Feldman) beschädigt das vorgesehene Gehirn und nimmt stattdessen ein als abnormal gekennzeichnetes Exemplar.","Fredericks (Gene Wilder) Experiment soll auf planvoller wissenschaftlicher Auswahl beruhen. Igors (Marty Feldman) Austausch bringt jedoch eine entscheidende Unbekannte in das Verfahren, ohne dass der Leiter rechtzeitig davon erfährt. Die spätere Erklärung verwandelt einen folgenreichen Fehler in ein sprachliches Missverständnis. Damit verbindet die Szene Laborhorror mit dem vertrauten Komödienmotiv eines Helfers, der schlechte Nachrichten möglichst beiläufig präsentiert.","Ein Funkempfänger wird der Kreatur (Peter Boyle) nicht eingesetzt.","Igor (Marty Feldman) übergibt das Gehirn nicht der Polizei.","Igor (Marty Feldman) kommt nicht mit leeren Händen zurück; er bringt das falsche Gehirn.","Igor (Marty Feldman) beschädigt das vorgesehene Gehirn und nimmt stattdessen ein als abnormal gekennzeichnetes Exemplar.","Igor (Marty Feldman) beschafft das falsche Gehirn.","Handlung","https://en.wikipedia.org/wiki/Young_Frankenstein|https://www.rottentomatoes.com/m/young_frankenstein","redaktionell_geprueft"
"KOM-S-015","K-KOM-08-05","","de","Film","Komödie","Frankenstein Junior","Young Frankenstein","1974","","schwer","Handlung","Parodie|Horrorkomödie|Mel Brooks","Komödie|Parodie|Horrorkomödie|Mel Brooks","Frederick führt mit der Kreatur eine Gesangs- und Tanznummer auf.","„Frankenstein Junior“ (1974): Mit welcher öffentlichen Darbietung will Frederick die Kultiviertheit seiner Kreatur beweisen?","Mit einer Kochvorführung","Mit einem Schachturnier","Mit einem gemeinsamen Gesangs- und Tanzauftritt","Mit einem Gewichtheberwettkampf","C","Frederick (Gene Wilder) führt mit der Kreatur (Peter Boyle) eine Gesangs- und Tanznummer auf.","Frederick (Gene Wilder) versucht, wissenschaftlichen Erfolg durch eine Bühnendarbietung sichtbar zu machen. Die Kreatur (Peter Boyle) soll nicht länger nur als körperliche Bedrohung erscheinen, sondern gesellschaftliche Umgangsformen beherrschen. Gerade dieser Anspruch macht den Auftritt fragil. Das Publikum wird zur weiteren Prüfungsinstanz, und die sorgfältige Vorführung kann die Angst und Unsicherheit ihres ungewöhnlichen Mitwirkenden nicht vollständig kontrollieren.","Die Kreatur (Peter Boyle) wird nicht mit einer Kochvorführung präsentiert.","Ein Schachturnier dient nicht als öffentliche Demonstration.","Frederick (Gene Wilder) führt mit der Kreatur (Peter Boyle) eine Gesangs- und Tanznummer auf.","Körperkraft allein ist nicht Fredericks (Gene Wilder) Beweisziel; er zeigt eine Tanz- und Gesangsnummer.","Das Monster tritt mit seinem Schöpfer auf.","Handlung","https://en.wikipedia.org/wiki/Young_Frankenstein|https://www.rottentomatoes.com/m/young_frankenstein","redaktionell_geprueft"
"KOM-S-016","K-KOM-08-06","","de","Film","Komödie","Frankenstein Junior","Young Frankenstein","1974","","schwer","Handlung","Parodie|Horrorkomödie|Mel Brooks","Komödie|Parodie|Horrorkomödie|Mel Brooks","Frederick überträgt einen Teil seiner Intelligenz auf die Kreatur.","„Frankenstein Junior“ (1974): Was macht die Kreatur am Ende geistig so viel differenzierter?","Ein heimlicher Austausch durch einen Schauspieler","Ein auswendig gelerntes Gesetzbuch","Ein zweites Gehirn aus einem Museum","Eine Übertragung von Fredericks Intelligenz","D","Frederick (Gene Wilder) überträgt einen Teil seiner Intelligenz auf die Kreatur (Peter Boyle).","Die spätere Verständigungsfähigkeit der Kreatur (Peter Boyle) verändert das Verhältnis zwischen Schöpfer, Geschöpf und Umwelt. Frederick (Gene Wilder) löst das Problem nicht einfach durch Vernichtung des misslungenen Experiments. Er beteiligt sich selbst am Ausgleich. Die Komödie nutzt den Eingriff zugleich für weitere körperliche und romantische Pointen, während die zuvor bedrohliche Figur erstmals ihre Lage differenziert ausdrücken kann.","Die Kreatur (Peter Boyle) wird nicht durch einen Schauspieler innerhalb der Handlung ersetzt.","Ein Gesetzbuch erklärt die neue geistige Ausdrucksfähigkeit nicht.","Ein weiteres Museumsgehirn wird für diese Veränderung nicht eingesetzt.","Frederick (Gene Wilder) überträgt einen Teil seiner Intelligenz auf die Kreatur (Peter Boyle).","Geteilte Intelligenz verändert das Geschöpf.","Auflösung","https://en.wikipedia.org/wiki/Young_Frankenstein|https://www.rottentomatoes.com/m/young_frankenstein","redaktionell_geprueft"
"KOM-L-017","K-KOM-09-01","","de","Film","Komödie","Spaceballs","Spaceballs","1987","","leicht","Besetzung","Parodie|Science-Fiction-Komödie|Mel Brooks","Komödie|Parodie|Science-Fiction-Komödie|Mel Brooks","Rick Moranis spielt Lord Helmchen.","„Spaceballs“ (1987): Wer spielt Lord Helmchen?","Rick Moranis","Mel Brooks","John Candy","Bill Pullman","A","Rick Moranis spielt Lord Helmchen (Rick Moranis).","Lord Helmchen (Rick Moranis) trägt einen überdimensionierten Helm, der Macht darstellen soll und zugleich seine komische Wirkung verstärkt. Rick Moranis verbindet herrisches Auftreten mit empfindlicher Eitelkeit. Die Figur parodiert damit nicht nur das Aussehen eines Weltraumbösewichts. Sie zeigt auch, wie leicht demonstrierte Überlegenheit in gekränkte Kleinlichkeit umschlägt, sobald die Umgebung nicht zuverlässig gehorcht.","Rick Moranis spielt Lord Helmchen (Rick Moranis).","Mel Brooks spielt unter anderem Yogurt (Mel Brooks) und Skroob (Mel Brooks), nicht Lord Helmchen (Rick Moranis).","John Candy spielt Waldi (John Candy).","Bill Pullman spielt Lone Starr (Bill Pullman).","Lord Helmchen (Rick Moranis) = Rick Moranis.","Handlung","https://en.wikipedia.org/wiki/Spaceballs|https://www.rottentomatoes.com/m/spaceballs","redaktionell_geprueft"
"KOM-L-018","K-KOM-09-02","","de","Film","Komödie","Spaceballs","Spaceballs","1987","","leicht","Motivation","Parodie|Science-Fiction-Komödie|Mel Brooks","Komödie|Parodie|Science-Fiction-Komödie|Mel Brooks","Die Spaceballs wollen Druidia seinen Sauerstoff absaugen.","„Spaceballs“ (1987): Welche lebenswichtige Ressource wollen die Spaceballs dem Planeten Druidia stehlen?","Sonnenlicht","Sauerstoff","Trinkwasser","Nahrungsvorräte","B","Die Spaceballs wollen Druidia seinen Sauerstoff absaugen.","Der Eroberungsplan macht eine unsichtbare Lebensgrundlage zur begehrten Beute. Lord Helmchen (Rick Moranis) und Skroob (Mel Brooks) behandeln die Atmosphäre eines anderen Planeten wie einen Vorrat zur eigenen Verfügung. Die riesige technische Durchführung übersteigert diese Idee ins Lächerliche. Zugleich bleibt der Konflikt leicht verständlich: Die Rettung Vespas (Daphne Zuniga) ist mit dem Schutz ihrer gesamten Heimat verbunden.","Sonnenlicht lässt sich in diesem Plan nicht als Beute abtransportieren.","Die Spaceballs wollen Druidia seinen Sauerstoff absaugen.","Trinkwasser ist nicht die Ressource, die abgesaugt werden soll.","Nahrungsmittel sind nicht das Ziel des planetaren Raubs.","Druidia soll seine Luft verlieren.","Handlung","https://en.wikipedia.org/wiki/Spaceballs|https://www.rottentomatoes.com/m/spaceballs","redaktionell_geprueft"
"KOM-M-017","K-KOM-09-03","","de","Film","Komödie","Spaceballs","Spaceballs","1987","","mittel","Objekt","Parodie|Science-Fiction-Komödie|Mel Brooks","Komödie|Parodie|Science-Fiction-Komödie|Mel Brooks","Lone Starr reist mit Waldi in einem fliegenden Wohnmobil.","„Spaceballs“ (1987): Welche ungewöhnliche Form hat Lone Starrs Raumschiff?","Ein fliegendes Wohnmobil","Eine fliegende Straßenbahn","Ein fliegender Schulbus","Ein fliegendes Segelboot","A","Lone Starr (Bill Pullman) reist mit Waldi (John Candy) in einem fliegenden Wohnmobil.","Lone Starr (Bill Pullman) und Waldi (John Candy) betreiben ihre Weltraumabenteuer aus einem Fahrzeug, das eher nach Urlaub und begrenztem Budget aussieht. Die Wohnmobilform verkleinert den Abstand zwischen kosmischer Heldengeschichte und Alltagsreise. Dadurch entsteht eine Gegenwelt zu den gewaltigen Schiffen der Gegner. Abenteuerliche Fähigkeiten und improvisierte Lebensführung schließen sich bei diesem ungleichen Team keineswegs aus.","Lone Starr (Bill Pullman) reist mit Waldi (John Candy) in einem fliegenden Wohnmobil.","Eine Straßenbahn dient Lone Starr (Bill Pullman) nicht als Raumfahrzeug.","Ein Schulbus ist nicht die Grundform des Raumschiffs.","Sein Schiff ist nicht als Segelboot gestaltet.","Weltraumreise im Wohnmobil.","Handlung","https://en.wikipedia.org/wiki/Spaceballs|https://www.rottentomatoes.com/m/spaceballs","redaktionell_geprueft"
"KOM-M-018","K-KOM-09-04","","de","Film","Komödie","Spaceballs","Spaceballs","1987","","mittel","Figuren","Parodie|Science-Fiction-Komödie|Mel Brooks","Komödie|Parodie|Science-Fiction-Komödie|Mel Brooks","Waldi ist halb Mensch und halb Hund.","„Spaceballs“ (1987): Als welche Mischung beschreibt sich Waldi?","Halb Mensch, halb Roboter","Halb Mensch, halb Hund","Halb Mensch, halb Vogel","Halb Mensch, halb Katze","B","Waldi (John Candy) ist halb Mensch und halb Hund.","Waldi (John Candy) verbindet die Rolle eines loyalen Begleiters mit sichtbar tierischen Eigenschaften. John Candy spielt ihn zugleich als gemütlichen Partner, dessen Alltagssorgen wenig heroisch wirken. Der Film macht aus einer bekannten Abenteuerkonstellation eine besonders wörtliche Freundschaftsfigur. Seine Herkunft liefert körperliche und sprachliche Gags, ohne seine Verlässlichkeit gegenüber Lone Starr (Bill Pullman) infrage zu stellen.","Waldi (John Candy) ist kein Cyborg; er beschreibt sich als Mensch-Hund-Mischung.","Waldi (John Candy) ist halb Mensch und halb Hund.","Eine Vogelabstammung gehört nicht zu seiner Selbstbeschreibung.","Waldi (John Candy) besitzt Hunde-, keine Katzenmerkmale.","Waldi (John Candy): menschlicher Partner mit Hundeseite.","Handlung","https://en.wikipedia.org/wiki/Spaceballs|https://www.rottentomatoes.com/m/spaceballs","redaktionell_geprueft"
"KOM-S-017","K-KOM-09-05","","de","Film","Komödie","Spaceballs","Spaceballs","1987","","schwer","Filmgestaltung","Parodie|Science-Fiction-Komödie|Mel Brooks","Komödie|Parodie|Science-Fiction-Komödie|Mel Brooks","Lord Helmchen und seine Helfer benutzen eine Videokassette von „Spaceballs“ zur Suche.","„Spaceballs“ (1987): Wie suchen die Bösewichte auf ungewöhnliche Weise nach ihren Gegnern?","Sie sehen sich eine Videokassette des eigenen Films an.","Sie befragen das Kinopublikum.","Sie lesen die Rezension der Filmpremiere.","Sie hören das Hörspiel zum Vorgängerfilm.","A","Lord Helmchen (Rick Moranis) und seine Helfer benutzen eine Videokassette von „Spaceballs“ zur Suche.","Die Figuren behandeln den Film, in dem sie selbst auftreten, wie ein bereits verfügbares Produkt. Dadurch kollidieren Handlung und Vermarktung unmittelbar. Lord Helmchen (Rick Moranis) sucht nach Informationen und gerät in ein Spiel mit Gegenwart und aufgezeichneter Darstellung. Die Szene macht die Filmtechnik selbst zum komischen Gegenstand, statt lediglich ein bekanntes Weltraummotiv in veränderter Form zu wiederholen.","Lord Helmchen (Rick Moranis) und seine Helfer benutzen eine Videokassette von „Spaceballs“ zur Suche.","Das Kinopublikum wird nicht direkt als Auskunftsstelle befragt.","Eine Premierenrezension ist nicht das Hilfsmittel ihrer Suche.","Sie verwenden keine Hörspielfassung eines Vorgängers.","Die Schurken spulen ihren eigenen Film vor.","Handlung","https://en.wikipedia.org/wiki/Spaceballs|https://www.rottentomatoes.com/m/spaceballs","redaktionell_geprueft"
"KOM-S-018","K-KOM-09-06","","de","Film","Komödie","Spaceballs","Spaceballs","1987","","schwer","Handlung","Parodie|Science-Fiction-Komödie|Mel Brooks","Komödie|Parodie|Science-Fiction-Komödie|Mel Brooks","Lone Starr erkennt, dass seine Kraft nicht vom vermeintlich entscheidenden Ring abhängt.","„Spaceballs“ (1987): Was lernt Lone Starr über die Quelle seiner besonderen Kraft?","Die Kraft funktioniert nur in Vespas Nähe.","Die Kraft liegt in ihm selbst, nicht im Ring.","Die Kraft stammt ausschließlich aus seinem Raumschiff.","Die Kraft gehört eigentlich Waldi.","B","Lone Starr (Bill Pullman) erkennt, dass seine Kraft nicht vom vermeintlich entscheidenden Ring abhängt.","Yogurts (Mel Brooks) Lehre wird für Lone Starr (Bill Pullman) erst dann praktisch, als ein äußerer Gegenstand keine Sicherheit mehr bietet. Die Erkenntnis greift ein klassisches Motiv der Heldenreise auf: Ein sichtbares Hilfsmittel kann Vertrauen wecken, ersetzt aber nicht die eigene Fähigkeit. Die Parodie lässt diesen Entwicklungsschritt bestehen und umgibt ihn gleichzeitig mit Witzen über mystische Autorität und Warenverkauf.","Vespas (Daphne Zuniga) unmittelbare Nähe ist keine Voraussetzung für die Kraft.","Lone Starr (Bill Pullman) erkennt, dass seine Kraft nicht vom vermeintlich entscheidenden Ring abhängt.","Das Wohnmobil ist nicht die eigentliche Energiequelle seiner Fähigkeit.","Lone Starr (Bill Pullman) leiht sich die Kraft nicht von Waldi (John Candy).","Der Ring ist Hilfsmittel, die Kraft steckt in Lone Starr (Bill Pullman).","Auflösung","https://en.wikipedia.org/wiki/Spaceballs|https://www.rottentomatoes.com/m/spaceballs","redaktionell_geprueft"
"KOM-L-019","K-KOM-10-01","","de","Film","Komödie","Galaxy Quest – Planlos durchs Weltall","Galaxy Quest","1999","","leicht","Besetzung","Parodie|Science-Fiction-Komödie|Fankultur","Komödie|Parodie|Science-Fiction-Komödie|Fankultur","Tim Allen spielt Jason Nesmith.","„Galaxy Quest – Planlos durchs Weltall“ (1999): Wer spielt Jason Nesmith, den früheren Darsteller des Serienkommandanten?","Tony Shalhoub","Sam Rockwell","Tim Allen","Alan Rickman","C","Tim Allen spielt Jason (Tim Allen) Nesmith.","Jason (Tim Allen) lebt von der Erinnerung an seine Fernsehrolle und genießt die Aufmerksamkeit der Fans. Tim Allen zeigt dabei sowohl Selbstgefälligkeit als auch Unsicherheit hinter der vertrauten Kommandantenpose. Als wirkliche Verantwortung hinzukommt, reicht routinierte Darstellung nicht mehr aus. Der Film gewinnt seinen Entwicklungsbogen daraus, dass ein Darsteller die Werte seiner eigenen Figur ernst nehmen muss.","Tony Shalhoub spielt Fred (Tony Shalhoub), den früheren Ingenieurdarsteller.","Sam Rockwell spielt Guy (Sam Rockwell).","Tim Allen spielt Jason (Tim Allen) Nesmith.","Alan Rickman spielt Alexander (Alan Rickman), den Darsteller von Dr. Lazarus.","Jason (Tim Allen) Nesmith = Tim Allen.","Handlung","https://en.wikipedia.org/wiki/Galaxy_Quest|https://www.paramountpictures.com/movies/galaxy-quest","redaktionell_geprueft"
"KOM-L-020","K-KOM-10-02","","de","Film","Komödie","Galaxy Quest – Planlos durchs Weltall","Galaxy Quest","1999","","leicht","Handlung","Parodie|Science-Fiction-Komödie|Fankultur","Komödie|Parodie|Science-Fiction-Komödie|Fankultur","Die Thermianer verstehen die Fernsehserie als Dokumentation realer Heldentaten.","„Galaxy Quest – Planlos durchs Weltall“ (1999): Warum bitten die Thermianer ausgerechnet die Serienschauspieler um Hilfe?","Sie wollen eine neue Staffel finanzieren.","Sie suchen Synchronsprecher für ihre Nachrichten.","Sie möchten Eintrittskarten für eine Fanmesse.","Sie halten die Fernsehfolgen für historische Aufzeichnungen.","D","Die Thermianer verstehen die Fernsehserie als Dokumentation realer Heldentaten.","Für Jason (Tim Allen) sind die alten Abenteuer berufliche Vergangenheit, für Mathesar (Enrico Colantoni) und die Thermianer sind sie Vorbilder wirklichen Handelns. Das Missverständnis erzeugt zunächst Komik über Schauspiel und Wirklichkeit. Zugleich verleiht es der Fiktion Gewicht: Die Außerirdischen haben aus den Geschichten Hoffnung und technische Orientierung gewonnen, auch wenn deren menschliche Urheber das kaum noch ernst nehmen.","Die Thermianer planen keine gewöhnliche Serienfinanzierung.","Sie brauchen keine Synchronsprecher, sondern vermeintlich erprobte Retter.","Ihr Anliegen geht weit über den Besuch einer Fanmesse hinaus.","Die Thermianer verstehen die Fernsehserie als Dokumentation realer Heldentaten.","Fernsehfiktion gilt den Thermianern als Geschichte.","Handlung","https://en.wikipedia.org/wiki/Galaxy_Quest|https://www.paramountpictures.com/movies/galaxy-quest","redaktionell_geprueft"
"KOM-M-019","K-KOM-10-03","","de","Film","Komödie","Galaxy Quest – Planlos durchs Weltall","Galaxy Quest","1999","","mittel","Figuren","Parodie|Science-Fiction-Komödie|Fankultur","Komödie|Parodie|Science-Fiction-Komödie|Fankultur","Alexander empfindet die dauernde Festlegung auf Dr. Lazarus als Einschränkung seiner schauspielerischen Ansprüche.","„Galaxy Quest – Planlos durchs Weltall“ (1999): Warum ist Alexander von seiner Rolle als Dr. Lazarus besonders frustriert?","Sein Name steht auf keiner einzigen Fanunterlage.","Er hat noch nie eine Folge der Serie gesehen.","Seine ernsten Theaterambitionen werden auf eine Serienfigur reduziert.","Er darf die Figur nur als unsichtbare Stimme spielen.","C","Alexander (Alan Rickman) empfindet die dauernde Festlegung auf Dr. Lazarus als Einschränkung seiner schauspielerischen Ansprüche.","Alexander (Alan Rickman) möchte für anspruchsvolle Schauspielkunst anerkannt werden, wird jedoch vor allem mit einer außerirdischen Serienfigur verbunden. Alan Rickman lässt diese Kränkung in Gestik und Sprache einfließen. Die spätere Begegnung mit echter Verehrung verändert den Blick auf die Rolle. Was für den Darsteller eine lästige Wiederholung ist, kann für andere eine lebensprägende Bedeutung besitzen.","Fehlende Namensnennung erklärt seinen zentralen Konflikt nicht.","Er kennt die Serie aus eigener Arbeit; Unkenntnis ist nicht sein Problem.","Alexander (Alan Rickman) empfindet die dauernde Festlegung auf Dr. Lazarus als Einschränkung seiner schauspielerischen Ansprüche.","Alexander (Alan Rickman) ist sichtbar in Maske zu sehen und nicht bloß eine Stimme.","Alexander (Alan Rickman) ringt mit der Festlegung auf Dr. Lazarus.","Handlung","https://en.wikipedia.org/wiki/Galaxy_Quest|https://www.paramountpictures.com/movies/galaxy-quest","redaktionell_geprueft"
"KOM-M-020","K-KOM-10-04","","de","Film","Komödie","Galaxy Quest – Planlos durchs Weltall","Galaxy Quest","1999","","mittel","Handlung","Parodie|Science-Fiction-Komödie|Fankultur","Komödie|Parodie|Science-Fiction-Komödie|Fankultur","Brandon nutzt sein detailliertes Serienwissen, um Wege durch das nachgebaute Schiff zu erklären.","„Galaxy Quest – Planlos durchs Weltall“ (1999): Wie hilft der junge Fan Brandon der Besatzung entscheidend?","Mit einem selbst gebauten Kampfroboter","Mit einem Funkkontakt zur irdischen Luftwaffe","Mit einem versteckten Raumanzug aus dem Studio","Mit seinem genauen Wissen über die Baupläne des Serienschiffs","D","Brandon (Justin Long) nutzt sein detailliertes Serienwissen, um Wege durch das nachgebaute Schiff zu erklären.","Brandons (Justin Long) Begeisterung wirkt zunächst wie übertriebene Beschäftigung mit einer erfundenen Welt. Sobald das Schiff jedoch real existiert, wird genau dieses Wissen praktisch wertvoll. Jason (Tim Allen) muss lernen, den Fan als kompetenten Helfer anzuerkennen. Die Geschichte kehrt damit eine übliche Rangordnung um: Detailkenntnis, die im Alltag belächelt wird, kann in der passenden Situation Leben retten.","Brandon (Justin Long) schickt keinen Kampfroboter zur Rettung.","Er stellt nicht die Verbindung zur Luftwaffe her, sondern hilft mit Serienkenntnis.","Ein versteckter Studiokostüm-Raumanzug ist nicht sein entscheidender Beitrag.","Brandon (Justin Long) nutzt sein detailliertes Serienwissen, um Wege durch das nachgebaute Schiff zu erklären.","Fanwissen wird zum Lageplan.","Handlung","https://en.wikipedia.org/wiki/Galaxy_Quest|https://www.paramountpictures.com/movies/galaxy-quest","redaktionell_geprueft"
"KOM-S-019","K-KOM-10-05","","de","Film","Komödie","Galaxy Quest – Planlos durchs Weltall","Galaxy Quest","1999","","schwer","Objekt","Parodie|Science-Fiction-Komödie|Fankultur","Komödie|Parodie|Science-Fiction-Komödie|Fankultur","Das Omega-13-Gerät ermöglicht einen Zeitsprung um dreizehn Sekunden zurück.","„Galaxy Quest – Planlos durchs Weltall“ (1999): Welche Wirkung hat das Omega-13-Gerät bei seiner entscheidenden Aktivierung?","Es löscht dreizehn Jahre Erinnerung.","Es erzeugt dreizehn Kopien der Besatzung.","Es setzt die Zeit um dreizehn Sekunden zurück.","Es teleportiert das Schiff dreizehn Lichtjahre weit.","C","Das Omega-13-Gerät ermöglicht einen Zeitsprung um dreizehn Sekunden zurück.","Die Funktion des Geräts bleibt lange eine offene Frage, über die Fans unterschiedliche Vermutungen haben. Jason (Tim Allen) muss schließlich handeln, obwohl ihm keine vollständige Sicherheit zur Verfügung steht. Der kurze Zeitgewinn ist entscheidend, weil er einen bereits geschehenen Angriff korrigieren kann. Aus scheinbar nebensächlicher Serienmythologie wird damit eine konkrete Möglichkeit, Verantwortung im richtigen Moment wahrzunehmen.","Es löscht keine dreizehn Jahre aus dem Gedächtnis.","Das Gerät vervielfältigt die Besatzung nicht.","Das Omega-13-Gerät ermöglicht einen Zeitsprung um dreizehn Sekunden zurück.","Die Zahl dreizehn bezeichnet hier Sekunden, keine Lichtjahre.","Omega 13 schenkt dreizehn Sekunden zurück.","Auflösung","https://en.wikipedia.org/wiki/Galaxy_Quest|https://www.paramountpictures.com/movies/galaxy-quest","redaktionell_geprueft"
"KOM-S-020","K-KOM-10-06","","de","Film","Komödie","Galaxy Quest – Planlos durchs Weltall","Galaxy Quest","1999","","schwer","Motivation","Parodie|Science-Fiction-Komödie|Fankultur","Komödie|Parodie|Science-Fiction-Komödie|Fankultur","Guy überträgt das Schicksal seiner kurzlebigen Serienrolle auf das echte Abenteuer.","„Galaxy Quest – Planlos durchs Weltall“ (1999): Warum fürchtet Guy besonders, als Erster zu sterben?","Er besitzt als Einziger keinen Pass.","Er ist heimlich der Gegner der Thermianer.","Er hat die Raumfahrtprüfung als Einziger nicht bestanden.","Seine frühere Serienfigur war ein namenloser, schnell getöteter Statist.","D","Guy (Sam Rockwell) überträgt das Schicksal seiner kurzlebigen Serienrolle auf das echte Abenteuer.","Guy (Sam Rockwell) kennt die Erzählkonvention, nach der unbekannte Begleiter oft nur eingeführt werden, um Gefahr durch ihren Tod sichtbar zu machen. Seine Angst kommentiert deshalb zugleich die Dramaturgie des Abenteuerfilms. Sam Rockwell spielt diese Unsicherheit als sehr konkreten Überlebenswunsch. Die Figur möchte mehr sein als eine austauschbare Funktion innerhalb der Geschichte anderer Menschen.","Ein fehlender Pass ist für seine Befürchtung nicht entscheidend.","Guy (Sam Rockwell) ist kein heimlicher Feind der Thermianer.","Eine nicht bestandene Raumfahrtprüfung begründet seine Angst nicht.","Guy (Sam Rockwell) überträgt das Schicksal seiner kurzlebigen Serienrolle auf das echte Abenteuer.","Guy (Sam Rockwell) fürchtet das Schicksal des namenlosen Statisten.","Handlung","https://en.wikipedia.org/wiki/Galaxy_Quest|https://www.paramountpictures.com/movies/galaxy-quest","redaktionell_geprueft"
"KOM-L-021","K-KOM-11-01","","de","Film","Komödie","Hot Fuzz – Zwei abgewichste Profis","Hot Fuzz","2007","","leicht","Besetzung","Actionkomödie|Polizei|Dorfleben","Komödie|Actionkomödie|Polizei|Dorfleben|Cornetto-Trilogie|Simon Pegg|Nick Frost","Simon Pegg spielt Nicholas Angel.","„Hot Fuzz – Zwei abgewichste Profis“ (2007): Wer spielt den Polizisten Nicholas Angel?","Simon Pegg","Paddy Considine","Martin Freeman","Nick Frost","A","Simon Pegg spielt Nicholas Angel (Simon Pegg).","Angel (Simon Pegg) nimmt polizeiliche Arbeit ungewöhnlich ernst und erwartet dieselbe Disziplin von seiner Umgebung. Simon Pegg macht seine Kompetenz ebenso sichtbar wie seine soziale Unbeholfenheit. Das ist für die Komödie wichtig: Die Figur scheitert nicht an mangelndem Können, sondern zunächst daran, berufliche Regeln mit einer Gemeinschaft zu verbinden, die ganz eigene Erwartungen an ihn hat.","Simon Pegg spielt Nicholas Angel (Simon Pegg).","Paddy Considine spielt einen örtlichen Kriminalbeamten, nicht Angel (Simon Pegg).","Martin Freeman spielt einen Londoner Vorgesetzten, nicht Angel (Simon Pegg).","Nick Frost spielt Danny (Nick Frost).","Nicholas Angel (Simon Pegg) = Simon Pegg.","Handlung","https://en.wikipedia.org/wiki/Hot_Fuzz|https://www.rottentomatoes.com/m/hot_fuzz","redaktionell_geprueft"
"KOM-L-022","K-KOM-11-02","","de","Film","Komödie","Hot Fuzz – Zwei abgewichste Profis","Hot Fuzz","2007","","leicht","Handlung","Actionkomödie|Polizei|Dorfleben","Komödie|Actionkomödie|Polizei|Dorfleben|Cornetto-Trilogie|Simon Pegg|Nick Frost","Angel wird von London nach Sandford versetzt.","„Hot Fuzz – Zwei abgewichste Profis“ (2007): In welchen scheinbar idyllischen Ort wird Angel versetzt?","Little Wallop","Sandford","Bishop's Green","Sanford Falls","B","Angel (Simon Pegg) wird von London nach Sandford versetzt.","Sandford präsentiert sich als gepflegte Gemeinschaft, in der alles seinen gewohnten Platz zu haben scheint. Angel (Simon Pegg) reagiert auf diese Ruhe nicht mit Entspannung, sondern mit genauer Beobachtung. Der Gegensatz zwischen Dorfidylle und großstädtischem Polizeieifer erzeugt zunächst harmlose Reibung. Später erhält gerade die auffällige Ordnung des Ortes eine sehr viel bedrohlichere Bedeutung.","Little Wallop ist nicht Angels (Simon Pegg) neuer Dienstort.","Angel (Simon Pegg) wird von London nach Sandford versetzt.","Bishop's Green ist nicht das Dorf dieses Films.","Der Ort heißt Sandford, nicht Sanford Falls.","Angel (Simon Pegg) landet in Sandford.","Handlung","https://en.wikipedia.org/wiki/Hot_Fuzz|https://www.rottentomatoes.com/m/hot_fuzz","redaktionell_geprueft"
"KOM-M-021","K-KOM-11-03","","de","Film","Komödie","Hot Fuzz – Zwei abgewichste Profis","Hot Fuzz","2007","","mittel","Motivation","Actionkomödie|Polizei|Dorfleben","Komödie|Actionkomödie|Polizei|Dorfleben|Cornetto-Trilogie|Simon Pegg|Nick Frost","Angel wird versetzt, weil seine Leistung die Kollegen in den Schatten stellt.","„Hot Fuzz – Zwei abgewichste Profis“ (2007): Warum wollen Angels Londoner Kollegen ihn loswerden?","Seine überragende Leistung lässt sie schlecht aussehen.","Er hat seine Polizeiausbildung nicht bestanden.","Er hat eine wichtige Beweismappe verkauft.","Er weigert sich grundsätzlich, Berichte zu schreiben.","A","Angel (Simon Pegg) wird versetzt, weil seine Leistung die Kollegen in den Schatten stellt.","Angels (Simon Pegg) beruflicher Erfolg wird von seiner Umgebung nicht als gemeinsamer Gewinn erlebt. Die Vorgesetzten lösen ihr Vergleichsproblem durch seine Entfernung. Damit beginnt der Film mit einer Umkehrung der üblichen Strafversetzung: Zu viel Kompetenz wird unbequem. Die spätere Handlung prüft, ob fachliche Überlegenheit allein genügt oder erst durch Vertrauen und Zusammenarbeit wirksam werden kann.","Angel (Simon Pegg) wird versetzt, weil seine Leistung die Kollegen in den Schatten stellt.","Er hat seine Ausbildung bestanden; seine Erfolge machen ihn unerwünscht.","Ein Verkauf von Beweismaterial ist nicht der Grund seiner Versetzung.","Angel (Simon Pegg) ist gerade besonders pflichtbewusst und verweigert die Berichtsarbeit nicht.","Zu gut für die bequemen Kollegen.","Handlung","https://en.wikipedia.org/wiki/Hot_Fuzz|https://www.rottentomatoes.com/m/hot_fuzz","redaktionell_geprueft"
"KOM-M-022","K-KOM-11-04","","de","Film","Komödie","Hot Fuzz – Zwei abgewichste Profis","Hot Fuzz","2007","","mittel","Beziehung","Actionkomödie|Polizei|Dorfleben","Komödie|Actionkomödie|Polizei|Dorfleben|Cornetto-Trilogie|Simon Pegg|Nick Frost","Danny ist der Sohn von Polizeichef Frank Butterman.","„Hot Fuzz – Zwei abgewichste Profis“ (2007): Welche Verbindung besteht zwischen Danny und dem örtlichen Polizeichef Frank Butterman?","Danny ist sein ehemaliger Lehrer.","Danny ist sein Sohn.","Danny ist sein Vermieter.","Danny ist sein Schwager.","B","Danny (Nick Frost) ist der Sohn von Polizeichef Frank Butterman (Jim Broadbent).","Dannys (Nick Frost) familiäre Verbindung zur örtlichen Autorität macht seine Partnerschaft mit Angel (Simon Pegg) komplizierter. Loyalität zur Polizei, zum Vater und zum neuen Kollegen muss nicht automatisch dasselbe bedeuten. Der Film nutzt diese Nähe, um aus einer komischen Arbeitsbeziehung einen echten Vertrauenskonflikt zu entwickeln. Dannys Begeisterung für Actionfilme erhält dadurch eine ernstere persönliche Bewährungsprobe.","Danny (Nick Frost) war nicht der Lehrer des Polizeichefs.","Danny (Nick Frost) ist der Sohn von Polizeichef Frank Butterman (Jim Broadbent).","Ein Mietverhältnis ist nicht die entscheidende Verbindung.","Danny (Nick Frost) ist nicht Frank Buttermans (Jim Broadbent) Schwager, sondern sein Sohn.","Dannys (Nick Frost) Chef ist zugleich sein Vater.","Handlung","https://en.wikipedia.org/wiki/Hot_Fuzz|https://www.rottentomatoes.com/m/hot_fuzz","redaktionell_geprueft"
"KOM-S-021","K-KOM-11-05","","de","Film","Komödie","Hot Fuzz – Zwei abgewichste Profis","Hot Fuzz","2007","","schwer","Motivation","Actionkomödie|Polizei|Dorfleben","Komödie|Actionkomödie|Polizei|Dorfleben|Cornetto-Trilogie|Simon Pegg|Nick Frost","Die Nachbarschaftswache beseitigt vermeintliche Makel, um Sandfords perfektes Image zu bewahren.","„Hot Fuzz – Zwei abgewichste Profis“ (2007): Welches Ziel verfolgen die Mitglieder der mörderischen Nachbarschaftswache vor allem?","Sandfords Ruf als perfektes Dorf und den Sieg im Dorfwettbewerb sichern","Eine ausländische Spionagezentrale betreiben","Den gesamten Ort für einen Stausee räumen","Ein geheimes Goldvorkommen erschließen","A","Die Nachbarschaftswache beseitigt vermeintliche Makel, um Sandfords perfektes Image zu bewahren.","Angel (Simon Pegg) vermutet hinter den Todesfällen zunächst eine große finanzielle Verschwörung. Tatsächlich zeigt sich eine Gemeinschaft, die kleinste Störungen ihres Idealbilds als untragbar behandelt. Die Diskrepanz zwischen belanglosen Anlässen und tödlichen Konsequenzen macht die Enthüllung grotesk. Der Film radikalisiert damit das Bedürfnis nach Ordnung zu einem Anspruch, Menschen zugunsten einer makellosen Außenwirkung auszusortieren.","Die Nachbarschaftswache beseitigt vermeintliche Makel, um Sandfords perfektes Image zu bewahren.","Die Gruppe ist keine ausländische Spionageorganisation.","Eine Räumung für einen Stausee ist nicht ihr Ziel.","Ein Goldvorkommen erklärt die Mordserie nicht.","Perfektes Dorf um jeden Preis.","Auflösung","https://en.wikipedia.org/wiki/Hot_Fuzz|https://www.rottentomatoes.com/m/hot_fuzz","redaktionell_geprueft"
"KOM-S-022","K-KOM-11-06","","de","Film","Komödie","Hot Fuzz – Zwei abgewichste Profis","Hot Fuzz","2007","","schwer","Objekt","Actionkomödie|Polizei|Dorfleben","Komödie|Actionkomödie|Polizei|Dorfleben|Cornetto-Trilogie|Simon Pegg|Nick Frost","Eine in der Station gelagerte Seemine explodiert.","„Hot Fuzz – Zwei abgewichste Profis“ (2007): Welcher zuvor eingelagerte Gegenstand verursacht die Explosion der Polizeistation?","Ein Benzinkanister aus dem Streifenwagen","Eine Seemine","Eine Gasflasche aus dem Pub","Ein Feuerwerkskoffer","B","Eine in der Station gelagerte Seemine explodiert.","Angel (Simon Pegg) bringt mit der Seemine einen überdimensionierten Fund aus einer lokalen Waffenansammlung zur Station. Dass sie später tatsächlich explodiert, macht aus einem beiläufigen Detail eine weitere Gefahr. Der Film arbeitet häufig mit solchen Rückbezügen: Ein früher komischer oder scheinbar nebensächlicher Gegenstand bekommt im Finale eine konkrete Funktion. Auch nach der Aufklärung ist die angesammelte Nachlässigkeit noch nicht folgenlos.","Ein Benzinkanister verursacht diesen Schlussvorfall nicht.","Eine in der Station gelagerte Seemine explodiert.","Die Explosion geht nicht von einer Gasflasche aus dem Pub aus.","Ein Feuerwerkskoffer ist nicht die Ursache der Explosion.","Die eingelagerte Seemine ist nicht harmlos.","Auflösung","https://en.wikipedia.org/wiki/Hot_Fuzz|https://www.rottentomatoes.com/m/hot_fuzz","redaktionell_geprueft"
"KOM-L-023","K-KOM-12-01","","de","Film","Komödie","Shaun of the Dead","Shaun of the Dead","2004","","leicht","Besetzung","Horrorkomödie|Freundschaft|Alltag","Komödie|Horrorkomödie|Freundschaft|Alltag|Cornetto-Trilogie|Simon Pegg|Nick Frost","Simon Pegg spielt Shaun.","„Shaun of the Dead“ (2004): Wer spielt Shaun?","Bill Nighy","Dylan Moran","Simon Pegg","Nick Frost","C","Simon Pegg spielt Shaun (Simon Pegg).","Shaun (Simon Pegg) beginnt als Mann, dessen Gewohnheiten kaum Raum für Veränderung lassen. Simon Pegg spielt seine Unsicherheit mit genug Ernst, damit die spätere Gefahr nicht nur als Witz funktioniert. Der Film stellt die Frage nach Verantwortung bereits vor dem Auftreten der Zombies. Die Katastrophe verschärft damit einen persönlichen Konflikt, der im gewöhnlichen Alltag längst vorhanden ist.","Bill Nighy spielt Philip (Bill Nighy), Shauns (Simon Pegg) Stiefvater.","Dylan Moran spielt David.","Simon Pegg spielt Shaun (Simon Pegg).","Nick Frost spielt Ed (Nick Frost).","Shaun (Simon Pegg) = Simon Pegg.","Handlung","https://en.wikipedia.org/wiki/Shaun_of_the_Dead|https://www.rottentomatoes.com/m/shaun_of_the_dead","redaktionell_geprueft"
"KOM-L-024","K-KOM-12-02","","de","Film","Komödie","Shaun of the Dead","Shaun of the Dead","2004","","leicht","Handlung","Horrorkomödie|Freundschaft|Alltag","Komödie|Horrorkomödie|Freundschaft|Alltag|Cornetto-Trilogie|Simon Pegg|Nick Frost","Shaun will die Gruppe im vertrauten Pub Winchester in Sicherheit bringen.","„Shaun of the Dead“ (2004): Welchen Ort wählt Shaun als vermeintlich sicheren Zufluchtsort?","Einen Flughafenhangar","Das örtliche Rathaus","Eine abgelegene Schule","Den Pub Winchester","D","Shaun (Simon Pegg) will die Gruppe im vertrauten Pub Winchester in Sicherheit bringen.","Der Winchester steht für Shauns (Simon Pegg) eingespielten Alltag mit Ed (Nick Frost). Dass er ausgerechnet dort Schutz sucht, ist deshalb mehr als eine praktische Ortswahl. Selbst in einer völlig veränderten Welt greift er zunächst auf vertraute Muster zurück. Die Komödie verbindet diese Beharrung mit einer echten Überlebensfrage: Vertrautheit kann Sicherheit vermitteln, ohne tatsächlich einen sicheren Ort zu garantieren.","Ein Flughafenhangar wird nicht zum gemeinsamen Ziel.","Das Rathaus ist nicht Shauns (Simon Pegg) zentraler Zufluchtsplan.","Die Gruppe sucht nicht in einer abgelegenen Schule Schutz.","Shaun (Simon Pegg) will die Gruppe im vertrauten Pub Winchester in Sicherheit bringen.","Shauns (Simon Pegg) Krisenplan führt in den Stamm-Pub.","Handlung","https://en.wikipedia.org/wiki/Shaun_of_the_Dead|https://www.rottentomatoes.com/m/shaun_of_the_dead","redaktionell_geprueft"
"KOM-M-023","K-KOM-12-03","","de","Film","Komödie","Shaun of the Dead","Shaun of the Dead","2004","","mittel","Beziehung","Horrorkomödie|Freundschaft|Alltag","Komödie|Horrorkomödie|Freundschaft|Alltag|Cornetto-Trilogie|Simon Pegg|Nick Frost","Liz leidet unter Shauns mangelnder Initiative und dem immer gleichen Alltag.","„Shaun of the Dead“ (2004): Was belastet Liz an ihrer Beziehung zu Shaun besonders?","Dass er jeden Abend ein anderes Luxusrestaurant bucht","Dass er ständig auf Weltreise geht","Dass sein Alltag stagniert und gemeinsame Unternehmungen immer gleich ablaufen","Dass er heimlich als Berufssportler trainiert","C","Liz (Kate Ashfield) leidet unter Shauns (Simon Pegg) mangelnder Initiative und dem immer gleichen Alltag.","Liz (Kate Ashfield) wünscht sich eine Beziehung, in der gemeinsame Zukunft und Aufmerksamkeit mehr zählen als Gewohnheit. Shaun (Simon Pegg) unterschätzt zunächst, wie erschöpfend seine Passivität für sie ist. Die Zombiekrise erzeugt diesen Konflikt nicht, sondern macht seine bisherigen Ausweichmöglichkeiten unmöglich. Eine veränderte Beziehung verlangt damit nicht bloß romantische Worte, sondern Entscheidungen unter schwierigen Bedingungen.","Luxusrestaurantbesuche sind gerade nicht das Muster ihres eintönigen Alltags.","Ständige Fernreisen sind nicht Shauns (Simon Pegg) Problem; eher bewegt er sich zu wenig aus seinen Routinen.","Liz (Kate Ashfield) leidet unter Shauns (Simon Pegg) mangelnder Initiative und dem immer gleichen Alltag.","Ein geheimes Sporttraining erklärt den Beziehungskonflikt nicht.","Liz (Kate Ashfield) will mehr als Wiederholung.","Handlung","https://en.wikipedia.org/wiki/Shaun_of_the_Dead|https://www.rottentomatoes.com/m/shaun_of_the_dead","redaktionell_geprueft"
"KOM-M-024","K-KOM-12-04","","de","Film","Komödie","Shaun of the Dead","Shaun of the Dead","2004","","mittel","Beziehung","Horrorkomödie|Freundschaft|Alltag","Komödie|Horrorkomödie|Freundschaft|Alltag|Cornetto-Trilogie|Simon Pegg|Nick Frost","Philip ist Shauns Stiefvater.","„Shaun of the Dead“ (2004): In welchem familiären Verhältnis steht Philip zu Shaun?","Er ist sein leiblicher Vater.","Er ist sein älterer Bruder.","Er ist sein Onkel.","Er ist sein Stiefvater.","D","Philip (Bill Nighy) ist Shauns (Simon Pegg) Stiefvater.","Shaun (Simon Pegg) empfindet Philip (Bill Nighy) lange vor allem als strenge und unangenehme Autorität. Die Ausnahmesituation eröffnet jedoch einen anderen Blick auf ihre gemeinsame Vergangenheit. Bill Nighy verleiht der Figur eine Zurückhaltung, die sich nicht sofort als Zuneigung erkennen lässt. So nutzt der Film die Bedrohung auch dazu, eine festgefahrene familiäre Deutung vorsichtig zu korrigieren.","Er ist nicht Shauns (Simon Pegg) leiblicher Vater.","Philip (Bill Nighy) ist nicht Shauns (Simon Pegg) Bruder.","Philip (Bill Nighy) ist nicht sein Onkel, sondern sein Stiefvater.","Philip (Bill Nighy) ist Shauns (Simon Pegg) Stiefvater.","Philip (Bill Nighy) gehört als Stiefvater zur Familie.","Handlung","https://en.wikipedia.org/wiki/Shaun_of_the_Dead|https://www.rottentomatoes.com/m/shaun_of_the_dead","redaktionell_geprueft"
"KOM-S-023","K-KOM-12-05","","de","Film","Komödie","Shaun of the Dead","Shaun of the Dead","2004","","schwer","Handlung","Horrorkomödie|Freundschaft|Alltag","Komödie|Horrorkomödie|Freundschaft|Alltag|Cornetto-Trilogie|Simon Pegg|Nick Frost","Die Überlebenden ahmen Zombies nach, um zwischen ihnen hindurchzugehen.","„Shaun of the Dead“ (2004): Wie gelangt die Gruppe zeitweise unerkannt durch eine Ansammlung von Zombies?","Sie trägt Polizeiuniformen.","Sie versteckt sich in einem Krankenwagen.","Sie imitiert deren Gang und Geräusche.","Sie verteilt Essen als Ablenkung.","C","Die Überlebenden ahmen Zombies nach, um zwischen ihnen hindurchzugehen.","Die Flucht gelingt vorübergehend durch Schauspiel statt durch Stärke. Shaun (Simon Pegg) und seine Begleiter müssen Verhalten nachahmen, das zugleich grotesk und gefährlich ist. Diese Lösung passt zur alltäglichen Unaufmerksamkeit, die der Film schon vor dem Ausbruch zeigt. Die Grenze zwischen routiniertem menschlichem Funktionieren und mechanischer Bewegung erhält hier eine buchstäbliche, komisch bedrohliche Form.","Polizeiuniformen würden sie nicht als Zombies tarnen und sind nicht ihre Methode.","Ein Krankenwagen ist nicht das Mittel dieser Passage.","Die Überlebenden ahmen Zombies nach, um zwischen ihnen hindurchzugehen.","Die Gruppe löst die Situation nicht durch das Verteilen von Essen.","Überleben durch Zombie-Schauspiel.","Handlung","https://en.wikipedia.org/wiki/Shaun_of_the_Dead|https://www.rottentomatoes.com/m/shaun_of_the_dead","redaktionell_geprueft"
"KOM-S-024","K-KOM-12-06","","de","Film","Komödie","Shaun of the Dead","Shaun of the Dead","2004","","schwer","Handlung","Horrorkomödie|Freundschaft|Alltag","Komödie|Horrorkomödie|Freundschaft|Alltag|Cornetto-Trilogie|Simon Pegg|Nick Frost","Der zombifizierte Ed lebt angekettet im Schuppen und spielt weiterhin mit Shaun.","„Shaun of the Dead“ (2004): Wie bleibt Ed am Ende Teil von Shauns Leben?","Als Radiomoderator einer Überlebendensendung","Als geheilter Polizist in einer Spezialeinheit","Als neuer Besitzer des Winchester","Als angeketteter Zombie im Schuppen, mit dem Shaun Videospiele spielt","D","Der zombifizierte Ed (Nick Frost) lebt angekettet im Schuppen und spielt weiterhin mit Shaun (Simon Pegg).","Das Ende verändert Shauns (Simon Pegg) Lebensordnung, ohne seine Freundschaft zu Ed (Nick Frost) vollständig aufzulösen. Die gemeinsame Spielroutine überlebt in grotesk veränderter Form. Darin liegt eine ambivalente Pointe: Shaun hat Verantwortung übernommen, bewahrt aber einen abgegrenzten Rest seiner früheren Gewohnheiten. Der Schuppen wird zum Ort, an dem Zuneigung und Stillstand nebeneinander weiterbestehen können.","Eine Radiosendung ist nicht sein neues Leben.","Ed (Nick Frost) wird nicht geheilt und tritt keiner Polizeieinheit bei.","Ed (Nick Frost) übernimmt den Winchester nicht.","Der zombifizierte Ed (Nick Frost) lebt angekettet im Schuppen und spielt weiterhin mit Shaun (Simon Pegg).","Ed (Nick Frost) bleibt als Spielpartner im Schuppen.","Auflösung","https://en.wikipedia.org/wiki/Shaun_of_the_Dead|https://www.rottentomatoes.com/m/shaun_of_the_dead","redaktionell_geprueft"
"KOM-L-025","K-KOM-13-01","","de","Film","Komödie","Hangover","The Hangover","2009","Hangover","leicht","Handlung","Ensemblekomödie|Erinnerungslücke|Freundschaft","Komödie|Ensemblekomödie|Erinnerungslücke|Freundschaft|Hangover","Der Junggesellenabschied führt die Freunde nach Las Vegas.","„Hangover“ (2009): In welche Stadt reisen die Freunde zum Junggesellenabschied?","Las Vegas","Los Angeles","Miami","New Orleans","A","Der Junggesellenabschied führt die Freunde nach Las Vegas.","Las Vegas verspricht eine Auszeit, in der Regeln des gewöhnlichen Lebens vorübergehend verschwinden dürfen. Phil (Bradley Cooper), Stu (Ed Helms), Alan (Zach Galifianakis) und Doug (Justin Bartha) erleben dieses Versprechen in einer besonders unkontrollierten Form. Am nächsten Morgen bleibt von der geplanten Feier vor allem eine Lücke. Die Stadt wird dadurch weniger zum Urlaubsziel als zu einem räumlichen Rätsel aus Spuren und Konsequenzen.","Der Junggesellenabschied führt die Freunde nach Las Vegas.","Los Angeles ist nicht ihr Reiseziel für die Nacht.","Miami ist nicht der Schauplatz dieses Junggesellenabschieds.","Die Freunde feiern nicht in New Orleans.","Junggesellenabschied in Las Vegas.","Handlung","https://en.wikipedia.org/wiki/The_Hangover|https://www.rottentomatoes.com/m/10010667-hangover","redaktionell_geprueft"
"KOM-L-026","K-KOM-13-02","","de","Film","Komödie","Hangover","The Hangover","2009","Hangover","leicht","Figuren","Ensemblekomödie|Erinnerungslücke|Freundschaft","Komödie|Ensemblekomödie|Erinnerungslücke|Freundschaft|Hangover","Doug, der Bräutigam, wird nach der Nacht vermisst.","„Hangover“ (2009): Welcher Freund ist nach der durchfeierten Nacht verschwunden?","Stu","Doug","Phil","Alan","B","Doug (Justin Bartha), der Bräutigam, wird nach der Nacht vermisst.","Dougs (Justin Bartha) Verschwinden gibt der Handlung einen klaren Zeitdruck: Der Mann, um den sich die Reise dreht, muss rechtzeitig zur Hochzeit zurückkehren. Phil (Bradley Cooper), Stu (Ed Helms) und Alan (Zach Galifianakis) können sich jedoch kaum auf ihre Erinnerungen stützen. Die Komödie organisiert sich deshalb wie eine Ermittlung, bei der die Suchenden zugleich die unbekannten Verursacher vieler Probleme sind.","Stu (Ed Helms) erwacht mit den anderen und hilft bei der Suche.","Doug (Justin Bartha), der Bräutigam, wird nach der Nacht vermisst.","Phil (Bradley Cooper) gehört zu den Suchenden.","Alan (Zach Galifianakis) ist Teil der Gruppe, die Doug (Justin Bartha) wiederfinden muss.","Der Bräutigam Doug (Justin Bartha) fehlt.","Handlung","https://en.wikipedia.org/wiki/The_Hangover|https://www.rottentomatoes.com/m/10010667-hangover","redaktionell_geprueft"
"KOM-M-025","K-KOM-13-03","","de","Film","Komödie","Hangover","The Hangover","2009","Hangover","mittel","Objekt","Ensemblekomödie|Erinnerungslücke|Freundschaft","Komödie|Ensemblekomödie|Erinnerungslücke|Freundschaft|Hangover","Der Tiger gehört Mike Tyson, der im Film sich selbst spielt.","„Hangover“ (2009): Wem gehört der Tiger, der im Hotelbadezimmer auftaucht?","Mike Tyson","David Copperfield","Elton John","Wayne Newton","A","Der Tiger gehört Mike Tyson, der im Film sich selbst spielt.","Der Tiger ist eine besonders greifbare Spur einer Nacht, an die sich Phil (Bradley Cooper) und Stu (Ed Helms) nicht erinnern. Seine Anwesenheit lässt die vermutete Grenzüberschreitung sofort körperlich gefährlich werden. Die Begegnung mit Mike Tyson verbindet die absurde Hotelsituation mit einer konkreten Forderung nach Rückgabe. Aus einem rätselhaften Fund entsteht so eine weitere Aufgabe innerhalb der ohnehin überlasteten Suche.","Der Tiger gehört Mike Tyson, der im Film sich selbst spielt.","David Copperfield ist nicht der Besitzer dieses Tigers.","Elton John erhebt keinen Anspruch auf das Tier.","Wayne Newton gehört der Tiger nicht.","Der Badezimmertiger stammt von Mike Tyson.","Handlung","https://en.wikipedia.org/wiki/The_Hangover|https://www.rottentomatoes.com/m/10010667-hangover","redaktionell_geprueft"
"KOM-M-026","K-KOM-13-04","","de","Film","Komödie","Hangover","The Hangover","2009","Hangover","mittel","Figuren","Ensemblekomödie|Erinnerungslücke|Freundschaft","Komödie|Ensemblekomödie|Erinnerungslücke|Freundschaft|Hangover","Stu ist Zahnarzt.","„Hangover“ (2009): Welchen Beruf hat Stu?","Tierarzt","Zahnarzt","Rechtsanwalt","Architekt","B","Stu (Ed Helms) ist Zahnarzt.","Stus (Ed Helms) Beruf steht für Genauigkeit, berufliche Kontrolle und körperliche Unversehrtheit. Dass er nach der Nacht selbst einen Zahn vermisst, macht diesen Hintergrund besonders komisch. Ed Helms spielt eine Figur, deren bemüht angepasstes Selbstbild mit den sichtbaren Folgen ihres Verhaltens kollidiert. Die Rekonstruktion der Nacht zwingt ihn auch, seine gewohnte Rolle in Beziehungen zu hinterfragen.","Stu (Ed Helms) behandelt Menschenzähne und ist kein Tierarzt.","Stu (Ed Helms) ist Zahnarzt.","Er arbeitet nicht als Rechtsanwalt.","Architektur ist nicht sein Beruf.","Zahnarzt Stu (Ed Helms) verliert selbst einen Zahn.","Handlung","https://en.wikipedia.org/wiki/The_Hangover|https://www.rottentomatoes.com/m/10010667-hangover","redaktionell_geprueft"
"KOM-S-025","K-KOM-13-05","","de","Film","Komödie","Hangover","The Hangover","2009","Hangover","schwer","Handlung","Ensemblekomödie|Erinnerungslücke|Freundschaft","Komödie|Ensemblekomödie|Erinnerungslücke|Freundschaft|Hangover","Alan hat ein falsch eingeschätztes Mittel in die Getränke gegeben und damit die Erinnerungslücken ausgelöst.","„Hangover“ (2009): Was erklärt den massiven Gedächtnisausfall der Gruppe?","Alan hat versehentlich Rohypnol statt des beabsichtigten Ecstasys in die Getränke gemischt.","Die Freunde wurden bei einer Hypnoseshow dauerhaft hypnotisiert.","Die Hotelbar hat aus Versehen alkoholfreie Cocktails serviert.","Ein defekter Hotelaufzug hat allen eine Gehirnerschütterung zugefügt.","A","Alan (Zach Galifianakis) hat ein falsch eingeschätztes Mittel in die Getränke gegeben und damit die Erinnerungslücken ausgelöst.","Alans (Zach Galifianakis) Eingriff sollte die gemeinsame Feier beeinflussen, entzieht den anderen aber die Kontrolle über ihre Nacht. Die Aufklärung erklärt rückwirkend, warum selbst grundlegende Erinnerungen fehlen. Für die Dramaturgie ist das entscheidend: Phil (Bradley Cooper) und Stu (Ed Helms) müssen ihre eigene Vergangenheit wie einen fremden Fall untersuchen. Der vermeintliche Freundschaftsdienst wird zur Ursache der gesamten gefährlichen Kette.","Alan (Zach Galifianakis) hat ein falsch eingeschätztes Mittel in die Getränke gegeben und damit die Erinnerungslücken ausgelöst.","Eine Hypnoseshow verursacht die Erinnerungslücken nicht.","Alkoholfreie Cocktails erklären keinen solchen Gedächtnisausfall.","Ein gemeinsamer Unfall im Aufzug ist nicht die Ursache.","Alans (Zach Galifianakis) Medikamentenverwechslung löst das Chaos aus.","Handlung","https://en.wikipedia.org/wiki/The_Hangover|https://www.rottentomatoes.com/m/10010667-hangover","redaktionell_geprueft"
"KOM-S-026","K-KOM-13-06","","de","Film","Komödie","Hangover","The Hangover","2009","Hangover","schwer","Handlung","Ensemblekomödie|Erinnerungslücke|Freundschaft","Komödie|Ensemblekomödie|Erinnerungslücke|Freundschaft|Hangover","Doug sitzt auf dem Hoteldach fest, auf das ihn die Freunde in der Nacht gebracht haben.","„Hangover“ (2009): Wo finden die Freunde Doug schließlich?","In einem Nachtzug nach Los Angeles","Auf dem Dach ihres Hotels","Im Keller einer Hochzeitskapelle","In Mike Tysons Garage","B","Doug (Justin Bartha) sitzt auf dem Hoteldach fest, auf das ihn die Freunde in der Nacht gebracht haben.","Die Suche führt durch Las Vegas, während Doug (Justin Bartha) die ganze Zeit in unmittelbarer Nähe des Ausgangspunkts bleibt. Das macht die Auflösung zur räumlichen Umkehrung der bisherigen Ermittlung. Die Freunde mussten zahlreiche fremde Orte aufsuchen, um eine eigene Handlung zu rekonstruieren. Der große Umweg endet mit einem Hinweis darauf, wie wenig sie ihre nächste Umgebung verstanden hatten.","Doug (Justin Bartha) ist nicht mit einem Nachtzug abgereist.","Doug (Justin Bartha) sitzt auf dem Hoteldach fest, auf das ihn die Freunde in der Nacht gebracht haben.","Er wird nicht im Keller einer Hochzeitskapelle festgehalten.","Mike Tysons Garage ist nicht sein Aufenthaltsort.","Doug (Justin Bartha) ist oben: auf dem Hoteldach.","Auflösung","https://en.wikipedia.org/wiki/The_Hangover|https://www.rottentomatoes.com/m/10010667-hangover","redaktionell_geprueft"
"KOM-L-027","K-KOM-14-01","","de","Film","Komödie","Superbad","Superbad","2007","","leicht","Besetzung","Jugendkomödie|Freundschaft|Erwachsenwerden","Komödie|Jugendkomödie|Freundschaft|Erwachsenwerden","Jonah Hill spielt Seth.","„Superbad“ (2007): Wer spielt Seth?","Seth Rogen","Michael Cera","Jonah Hill","Christopher Mintz-Plasse","C","Jonah Hill spielt Seth (Jonah Hill).","Seth (Jonah Hill) verdeckt Unsicherheit häufig mit Lautstärke und übertriebener Selbstsicherheit. Jonah Hill macht hinter dieser Haltung die Angst sichtbar, eine vertraute Freundschaft zu verlieren. Dadurch erhält die zunächst ausgelassene Geschichte einen emotionalen Kern. Der bevorstehende Übergang nach der Schule bedroht nicht nur Gewohnheiten, sondern auch eine Identität, die stark vom gemeinsamen Auftreten mit Evan (Michael Cera) abhängt.","Seth Rogen spielt Officer Michaels (Seth Rogen), nicht Seth (Jonah Hill).","Michael Cera spielt Evan (Michael Cera).","Jonah Hill spielt Seth (Jonah Hill).","Christopher Mintz-Plasse spielt Fogell (Christopher Mintz-Plasse).","Seth (Jonah Hill) = Jonah Hill.","Handlung","https://en.wikipedia.org/wiki/Superbad|https://www.sonypictures.com/movies/superbad","redaktionell_geprueft"
"KOM-L-028","K-KOM-14-02","","de","Film","Komödie","Superbad","Superbad","2007","","leicht","Objekt","Jugendkomödie|Freundschaft|Erwachsenwerden","Komödie|Jugendkomödie|Freundschaft|Erwachsenwerden","Fogells gefälschter Ausweis trägt den Namen McLovin.","„Superbad“ (2007): Welcher einzelne Name steht auf Fogells gefälschtem Ausweis?","McQueen","McFly","McCool","McLovin","D","Fogells (Christopher Mintz-Plasse) gefälschter Ausweis trägt den Namen McLovin.","Fogell (Christopher Mintz-Plasse) möchte mit dem Ausweis erwachsener und souveräner erscheinen, wählt aber eine Identität, die sofort auffällt. Christopher Mintz-Plasse spielt diese Mischung aus Stolz und Unsicherheit besonders sichtbar. Der Gegenstand wird damit zum komischen Ausdruck eines Übergangsproblems: Eine neue Rolle lässt sich zwar auf ein Dokument schreiben, aber nicht ohne Weiteres glaubwürdig ausfüllen.","McQueen ist nicht seine gewählte falsche Identität.","McFly steht nicht auf Fogells (Christopher Mintz-Plasse) Ausweis.","McCool ist nicht der Name auf dem Dokument.","Fogells (Christopher Mintz-Plasse) gefälschter Ausweis trägt den Namen McLovin.","Fogells (Christopher Mintz-Plasse) neue Identität heißt McLovin.","Handlung","https://en.wikipedia.org/wiki/Superbad|https://www.sonypictures.com/movies/superbad","redaktionell_geprueft"
"KOM-M-027","K-KOM-14-03","","de","Film","Komödie","Superbad","Superbad","2007","","mittel","Handlung","Jugendkomödie|Freundschaft|Erwachsenwerden","Komödie|Jugendkomödie|Freundschaft|Erwachsenwerden","Seth, Evan und Fogell wollen Alkohol für die Party beschaffen.","„Superbad“ (2007): Welche Besorgung soll den Freunden Zugang und Ansehen auf der Party verschaffen?","Eine Musikanlage reparieren","Eine Band engagieren","Alkohol besorgen","Kostüme ausleihen","C","Seth (Jonah Hill), Evan (Michael Cera) und Fogell (Christopher Mintz-Plasse) wollen Alkohol für die Party beschaffen.","Die Besorgung erhält für Seth (Jonah Hill) und Evan (Michael Cera) eine Bedeutung, die weit über das Getränk hinausgeht. Sie hoffen, gebraucht und damit sozial anerkannt zu werden. Aus einer scheinbar einfachen Aufgabe entsteht eine Folge von Umwegen und Kontrollverlusten. Der Film zeigt dabei, wie stark Jugendliche ihre Chancen auf Zugehörigkeit an eine einzelne, vermeintlich entscheidende Leistung knüpfen können.","Eine Reparatur der Musikanlage ist nicht ihre zentrale Aufgabe.","Die Freunde sollen keine Band buchen.","Seth (Jonah Hill), Evan (Michael Cera) und Fogell (Christopher Mintz-Plasse) wollen Alkohol für die Party beschaffen.","Kostüme sind nicht der Anlass ihrer nächtlichen Besorgung.","Getränke sollen Zugehörigkeit verschaffen.","Handlung","https://en.wikipedia.org/wiki/Superbad|https://www.sonypictures.com/movies/superbad","redaktionell_geprueft"
"KOM-M-028","K-KOM-14-04","","de","Film","Komödie","Superbad","Superbad","2007","","mittel","Figuren","Jugendkomödie|Freundschaft|Erwachsenwerden","Komödie|Jugendkomödie|Freundschaft|Erwachsenwerden","Jules ist die Gastgeberin der Party, zu der Seth möchte.","„Superbad“ (2007): Wer veranstaltet die Party, zu der Seth gehen möchte?","Nicola","Mindy","Becca","Jules","D","Jules (Emma Stone) ist die Gastgeberin der Party, zu der Seth (Jonah Hill) möchte.","Jules (Emma Stone) wird für Seth (Jonah Hill) zum Mittelpunkt einer Gelegenheit, die er mit zahlreichen Erwartungen überlädt. Emma Stone spielt sie als eigenständige Person, deren Reaktionen nicht einfach zu seinen Vorstellungen passen. Das ist für die Geschichte wichtig: Der Abend folgt keinem verlässlichen Erfolgsplan. Soziale Begegnungen bleiben unberechenbar, auch wenn die Freunde glauben, die richtige Vorbereitung gefunden zu haben.","Nicola veranstaltet nicht die Party, auf die Seth (Jonah Hill) hinarbeitet.","Mindy ist nicht die gesuchte Gastgeberin.","Becca ist nicht die Gastgeberin dieser Party.","Jules (Emma Stone) ist die Gastgeberin der Party, zu der Seth (Jonah Hill) möchte.","Jules (Emma Stone) lädt zur Party ein.","Handlung","https://en.wikipedia.org/wiki/Superbad|https://www.sonypictures.com/movies/superbad","redaktionell_geprueft"
"KOM-S-027","K-KOM-14-05","","de","Film","Komödie","Superbad","Superbad","2007","","schwer","Beziehung","Jugendkomödie|Freundschaft|Erwachsenwerden","Komödie|Jugendkomödie|Freundschaft|Erwachsenwerden","Die bevorstehende Trennung durch unterschiedliche Colleges verunsichert Seth und Evan.","„Superbad“ (2007): Welche bevorstehende Veränderung belastet die Freundschaft von Seth und Evan?","Seth übernimmt Evans Arbeitsplatz.","Beide müssen gemeinsam eine Firma leiten.","Sie werden unterschiedliche Colleges besuchen.","Evan zieht dauerhaft zu Seths Familie.","C","Die bevorstehende Trennung durch unterschiedliche Colleges verunsichert Seth (Jonah Hill) und Evan (Michael Cera).","Hinter den überdrehten Plänen liegt die Aussicht, künftig nicht mehr selbstverständlich zusammenzusein. Seth (Jonah Hill) reagiert darauf anders als Evan (Michael Cera), doch beide vermeiden zunächst ein offenes Gespräch. Der Film macht die Freundschaft dadurch zum eigentlichen emotionalen Einsatz des Abends. Erwachsenwerden bedeutet hier auch, Nähe neu zu gestalten, ohne sie durch ständige gemeinsame Anwesenheit absichern zu können.","Ein Arbeitsplatzkonflikt ist nicht der Grund ihrer Spannung.","Eine gemeinsame Firmenleitung steht den beiden nicht bevor.","Die bevorstehende Trennung durch unterschiedliche Colleges verunsichert Seth (Jonah Hill) und Evan (Michael Cera).","Ein Umzug in dieselbe Familie würde die zentrale Trennungsangst nicht erklären und findet so nicht statt.","Zwei Freunde, künftig zwei Colleges.","Handlung","https://en.wikipedia.org/wiki/Superbad|https://www.sonypictures.com/movies/superbad","redaktionell_geprueft"
"KOM-S-028","K-KOM-14-06","","de","Film","Komödie","Superbad","Superbad","2007","","schwer","Handlung","Jugendkomödie|Freundschaft|Erwachsenwerden","Komödie|Jugendkomödie|Freundschaft|Erwachsenwerden","Slater und Michaels haben Fogells Minderjährigkeit erkannt und spielen das Abenteuer trotzdem mit.","„Superbad“ (2007): Was geben die Polizisten Fogell später über seinen Ausweis zu verstehen?","Sie hielten ihn tatsächlich für ihren Vorgesetzten.","Sie glaubten, sein Ausweis sei ein Diplomatenpass.","Sie hatten ihn mit einem gesuchten Bankräuber verwechselt.","Sie wussten, dass er minderjährig ist.","D","Slater (Bill Hader) und Michaels (Seth Rogen) haben Fogells (Christopher Mintz-Plasse) Minderjährigkeit erkannt und spielen das Abenteuer trotzdem mit.","Die Enthüllung kehrt Fogells (Christopher Mintz-Plasse) Vorstellung um, er habe erwachsene Autoritäten erfolgreich getäuscht. Slater (Bill Hader) und Michaels (Seth Rogen) beteiligen sich aus eigenen Bedürfnissen an der Situation. Dadurch erscheinen auch die Erwachsenen als Menschen, die Anerkennung und ein bestimmtes Selbstbild suchen. Die Rollen von souveränen Kontrollierenden und unsicheren Jugendlichen werden weniger eindeutig, als es der gefälschte Ausweis zunächst nahelegt.","Die Polizisten halten Fogell (Christopher Mintz-Plasse) nicht für einen Vorgesetzten.","Sie verwechseln den Ausweis nicht mit einem Diplomatenpass.","Eine Verwechslung mit einem Bankräuber erklärt ihr Verhalten nicht.","Slater (Bill Hader) und Michaels (Seth Rogen) haben Fogells (Christopher Mintz-Plasse) Minderjährigkeit erkannt und spielen das Abenteuer trotzdem mit.","Die Polizisten durchschauen McLovin.","Auflösung","https://en.wikipedia.org/wiki/Superbad|https://www.sonypictures.com/movies/superbad","redaktionell_geprueft"
"KOM-L-029","K-KOM-15-01","","de","Film","Komödie","Tropic Thunder","Tropic Thunder","2008","","leicht","Besetzung","Satire|Filmgeschäft|Actionkomödie","Komödie|Satire|Filmgeschäft|Actionkomödie","Ben Stiller spielt Tugg Speedman.","„Tropic Thunder“ (2008): Wer spielt den Actionstar Tugg Speedman?","Ben Stiller","Tom Cruise","Jack Black","Robert Downey Jr.","A","Ben Stiller spielt Tugg (Ben Stiller) Speedman.","Tugg (Ben Stiller) möchte seine Karriere durch eine anspruchsvoller wirkende Rolle neu beleben. Ben Stiller zeigt einen Schauspieler, der öffentliche Wirkung und persönliche Bedeutung kaum trennen kann. Die spätere Gefahr trifft daher auf ein bereits instabiles Selbstbild. Der Film nutzt diese Figur, um die Herstellung von Heldentum im Kino und das Bedürfnis nach beruflicher Anerkennung gleichzeitig zu verspotten.","Ben Stiller spielt Tugg (Ben Stiller) Speedman.","Tom Cruise spielt Grossman (Tom Cruise).","Jack Black spielt Jeff (Jack Black).","Robert Downey Jr. spielt Kirk (Robert Downey Jr.).","Tugg (Ben Stiller) Speedman = Ben Stiller.","Handlung","https://en.wikipedia.org/wiki/Tropic_Thunder|https://www.paramountpictures.com/movies/tropic-thunder","redaktionell_geprueft"
"KOM-L-030","K-KOM-15-02","","de","Film","Komödie","Tropic Thunder","Tropic Thunder","2008","","leicht","Handlung","Satire|Filmgeschäft|Actionkomödie","Komödie|Satire|Filmgeschäft|Actionkomödie","Die Schauspieler halten echte Bedrohungen zunächst für Bestandteile der Filmproduktion.","„Tropic Thunder“ (2008): Womit verwechseln die Schauspieler die reale Gefahr zunächst?","Mit einer Fernsehpreisverleihung","Mit inszenierten Szenen ihres Kriegsfilms","Mit einer offiziellen Militärübung, an der sie als Soldaten teilnehmen","Mit einem Computerspielturnier","B","Die Schauspieler halten echte Bedrohungen zunächst für Bestandteile der Filmproduktion.","Die Darsteller sind daran gewöhnt, Gefahr als hergestellte Wirkung zu behandeln. Tugg (Ben Stiller) hält deshalb besonders lange an der Vorstellung fest, die Ereignisse gehörten zu einer Inszenierung. Dieses Missverständnis verschiebt die Grenze zwischen professioneller Routine und lebensgefährlicher Blindheit. Der Film fragt komisch zugespitzt, was von einstudierter Tapferkeit bleibt, sobald keine kontrollierte Drehsituation mehr existiert.","Eine Preisverleihung erklärt ihre Fehldeutung nicht.","Die Schauspieler halten echte Bedrohungen zunächst für Bestandteile der Filmproduktion.","Sie sind nicht regulär als Soldaten für eine Militärübung eingeteilt.","Ein Computerspielturnier ist nicht der Rahmen ihrer Verwechslung.","Die echte Gefahr wird für Film gehalten.","Handlung","https://en.wikipedia.org/wiki/Tropic_Thunder|https://www.paramountpictures.com/movies/tropic-thunder","redaktionell_geprueft"
"KOM-M-029","K-KOM-15-03","","de","Film","Komödie","Tropic Thunder","Tropic Thunder","2008","","mittel","Figuren","Satire|Filmgeschäft|Actionkomödie","Komödie|Satire|Filmgeschäft|Actionkomödie","Grossman ist der rücksichtslose Studioboss hinter der Produktion.","„Tropic Thunder“ (2008): Welche Funktion hat Les Grossman im Filmgeschäft?","Er ist Studioboss.","Er ist Stuntkoordinator.","Er ist Filmvorführer.","Er ist Kostümbildner.","A","Grossman (Tom Cruise) ist der rücksichtslose Studioboss hinter der Produktion.","Grossman (Tom Cruise) betrachtet die Krise vor allem unter wirtschaftlichen Gesichtspunkten. Tom Cruise verkörpert ihn mit einer Körperlichkeit und Aggressivität, die bewusst von einem eleganten Starimage abweichen. Die Figur erweitert die Satire über die Schauspieler hinaus. Nicht nur Eitelkeit vor der Kamera, sondern auch die entmenschlichte Rechnung hinter einer Produktion wird zum Gegenstand der Komödie.","Grossman (Tom Cruise) ist der rücksichtslose Studioboss hinter der Produktion.","Die Stuntkoordination ist nicht seine Position; er vertritt die Studioseite.","Er arbeitet nicht als Filmvorführer im Kino.","Grossman (Tom Cruise) kümmert sich nicht als Kostümbildner um Kleidung.","Grossman (Tom Cruise) rechnet als Studioboss.","Handlung","https://en.wikipedia.org/wiki/Tropic_Thunder|https://www.paramountpictures.com/movies/tropic-thunder","redaktionell_geprueft"
"KOM-M-030","K-KOM-15-04","","de","Film","Komödie","Tropic Thunder","Tropic Thunder","2008","","mittel","Handlung","Satire|Filmgeschäft|Actionkomödie","Komödie|Satire|Filmgeschäft|Actionkomödie","Taybacks Veteranengeschichte ist erfunden; auch seine vermeintlich fehlenden Hände gehören zur Täuschung.","„Tropic Thunder“ (2008): Was wird über den angeblichen Kriegsveteranen Tayback enthüllt?","Er hat die gesamte Besetzung persönlich ausgebildet.","Seine behaupteten Kampferfahrungen und fehlenden Hände sind vorgetäuscht.","Er ist der heimliche Regisseur eines Dokumentarfilms.","Er ist tatsächlich der Vater von Tugg.","B","Taybacks (Nick Nolte) Veteranengeschichte ist erfunden; auch seine vermeintlich fehlenden Hände gehören zur Täuschung.","Tayback (Nick Nolte) dient der Produktion zunächst als Garant angeblicher Authentizität. Nick Noltes Auftreten unterstützt den Eindruck gelebter Härte. Die Enthüllung trifft deshalb einen zentralen Mechanismus des Films: Glaubwürdigkeit wird über erkennbare Zeichen hergestellt und bereitwillig akzeptiert. Auch die Instanz, die Schauspielern Wirklichkeit vermitteln soll, erweist sich als Darsteller einer sorgfältig behaupteten Vergangenheit.","Eine persönliche Ausbildung der gesamten Besetzung ist nicht die Enthüllung.","Taybacks (Nick Nolte) Veteranengeschichte ist erfunden; auch seine vermeintlich fehlenden Hände gehören zur Täuschung.","Ein geheimer Dokumentarfilm erklärt Taybacks (Nick Nolte) Täuschung nicht.","Eine Vaterschaft zu Tugg (Ben Stiller) wird nicht aufgedeckt.","Der Veteran spielt seine eigene Legende.","Auflösung","https://en.wikipedia.org/wiki/Tropic_Thunder|https://www.paramountpictures.com/movies/tropic-thunder","redaktionell_geprueft"
"KOM-S-029","K-KOM-15-05","","de","Film","Komödie","Tropic Thunder","Tropic Thunder","2008","","schwer","Objekt","Satire|Filmgeschäft|Actionkomödie","Komödie|Satire|Filmgeschäft|Actionkomödie","Ricks mitgebrachter TiVo-Rekorder wird zum improvisierten Schutz gegen ein Geschoss.","„Tropic Thunder“ (2008): Welches mitgebrachtes Gerät lenkt beim Rettungsversuch ein Geschoss ab?","Ein TiVo-Videorekorder","Eine tragbare Klimaanlage","Ein Satellitentelefon","Ein Laptop","A","Ricks (Matthew McConaughey) mitgebrachter TiVo-Rekorder wird zum improvisierten Schutz gegen ein Geschoss.","Rick (Matthew McConaughey) verfolgt zunächst einen scheinbar nebensächlichen Komfortwunsch seines Klienten Tugg (Ben Stiller). Matthew McConaughey spielt den Agenten als Vertreter beruflicher Loyalität, deren Gegenstand fast lächerlich klein wirkt. In der gefährlichen Schlussphase erhält das Gerät unvermutet einen praktischen Nutzen. Der Film verwandelt damit eine Pointe über Staransprüche in einen konkreten Beitrag zur Rettung.","Ricks (Matthew McConaughey) mitgebrachter TiVo-Rekorder wird zum improvisierten Schutz gegen ein Geschoss.","Eine Klimaanlage ist nicht der Gegenstand dieser Rettungspointe.","Ein Satellitentelefon fängt das Geschoss nicht ab.","Es handelt sich um einen TiVo-Rekorder, nicht um einen Laptop.","Star-Komfort wird zum Schutzschild.","Handlung","https://en.wikipedia.org/wiki/Tropic_Thunder|https://www.paramountpictures.com/movies/tropic-thunder","redaktionell_geprueft"
"KOM-S-030","K-KOM-15-06","","de","Film","Komödie","Tropic Thunder","Tropic Thunder","2008","","schwer","Handlung","Satire|Filmgeschäft|Actionkomödie","Komödie|Satire|Filmgeschäft|Actionkomödie","Tugg gewinnt für den aus dem Abenteuer entstandenen Film einen Oscar.","„Tropic Thunder“ (2008): Welchen beruflichen Erfolg erreicht Tugg am Ende mit dem Material des wirklichen Abenteuers?","Er erhält einen Lehrstuhl für Filmgeschichte.","Er gewinnt einen Oscar.","Er zieht sich ohne weitere Filme zurück.","Er wird Chef des Studios.","B","Tugg (Ben Stiller) gewinnt für den aus dem Abenteuer entstandenen Film einen Oscar.","Die Ereignisse werden nachträglich wieder in ein vermarktbares Filmprodukt verwandelt. Tugg (Ben Stiller) erhält die Anerkennung, nach der er zu Beginn gesucht hat, allerdings auf einem vollkommen anderen Weg als geplant. Der Schluss schließt damit einen satirischen Kreis: Selbst eine Erfahrung jenseits kontrollierter Inszenierung kann erneut in Karriere, Preisvergabe und öffentliche Selbstdarstellung überführt werden.","Eine akademische Professur ist nicht sein abschließender Erfolg.","Tugg (Ben Stiller) gewinnt für den aus dem Abenteuer entstandenen Film einen Oscar.","Er verschwindet nicht still aus dem Filmgeschäft, sondern wird ausgezeichnet.","Tugg (Ben Stiller) übernimmt nicht Grossmans (Tom Cruise) Studio.","Echte Krise bringt Tugg (Ben Stiller) den Oscar.","Auflösung","https://en.wikipedia.org/wiki/Tropic_Thunder|https://www.paramountpictures.com/movies/tropic-thunder","redaktionell_geprueft"
"KOM-L-031","K-KOM-16-01","","de","Film","Komödie","Ferris macht blau","Ferris Bueller's Day Off","1986","","leicht","Besetzung","Jugendkomödie|Freundschaft|Schule","Komödie|Jugendkomödie|Freundschaft|Schule","Matthew Broderick spielt Ferris.","„Ferris macht blau“ (1986): Wer spielt Ferris Bueller?","John Cusack","Alan Ruck","Matthew Broderick","Michael J. Fox","C","Matthew Broderick spielt Ferris (Matthew Broderick).","Ferris (Matthew Broderick) behandelt einen freien Tag wie ein sorgfältig inszeniertes persönliches Ereignis. Matthew Broderick verbindet seine Selbstsicherheit mit direkter Ansprache des Publikums. Dadurch wirkt die Figur zugleich als Teilnehmer und als Erzähler ihres Abenteuers. Seine Leichtigkeit erhält jedoch ein Gegengewicht durch Menschen, die die Folgen seines Handelns weniger mühelos abschütteln können, besonders durch Cameron (Alan Ruck).","John Cusack spielt Ferris (Matthew Broderick) nicht.","Alan Ruck spielt Cameron (Alan Ruck).","Matthew Broderick spielt Ferris (Matthew Broderick).","Michael J. Fox ist nicht der Hauptdarsteller dieses Films.","Ferris (Matthew Broderick) = Matthew Broderick.","Handlung","https://en.wikipedia.org/wiki/Ferris_Bueller%27s_Day_Off|https://www.paramountpictures.com/movies/ferris-buellers-day-off","redaktionell_geprueft"
"KOM-L-032","K-KOM-16-02","","de","Film","Komödie","Ferris macht blau","Ferris Bueller's Day Off","1986","","leicht","Handlung","Jugendkomödie|Freundschaft|Schule","Komödie|Jugendkomödie|Freundschaft|Schule","Ferris, Cameron und Sloane verbringen den Tag in Chicago.","„Ferris macht blau“ (1986): In welcher Großstadt verbringen Ferris und seine Freunde den geschwänzten Schultag?","Boston","Philadelphia","Seattle","Chicago","D","Ferris (Matthew Broderick), Cameron (Alan Ruck) und Sloane (Mia Sara) verbringen den Tag in Chicago.","Die Stadt bietet Ferris (Matthew Broderick), Cameron (Alan Ruck) und Sloane (Mia Sara) eine Reihe unterschiedlicher Bühnen: öffentliche Veranstaltungen, Kultur und Orte gesellschaftlicher Repräsentation. Der Ausflug wird dadurch zu einer kleinen Erprobung von Freiheit. Allerdings erleben die drei dieselben Stunden nicht gleich. Während Ferris sich selbstverständlich Räume aneignet, muss Cameron erst herausfinden, ob er eigene Wünsche gegen seine Angst behaupten kann.","Boston ist nicht die Stadt ihres Ausflugs.","Philadelphia ist nicht das Reiseziel der drei.","Seattle ist nicht der zentrale Schauplatz des geschwänzten Tages.","Ferris (Matthew Broderick), Cameron (Alan Ruck) und Sloane (Mia Sara) verbringen den Tag in Chicago.","Ein freier Tag in Chicago.","Handlung","https://en.wikipedia.org/wiki/Ferris_Bueller%27s_Day_Off|https://www.paramountpictures.com/movies/ferris-buellers-day-off","redaktionell_geprueft"
"KOM-M-031","K-KOM-16-03","","de","Film","Komödie","Ferris macht blau","Ferris Bueller's Day Off","1986","","mittel","Objekt","Jugendkomödie|Freundschaft|Schule","Komödie|Jugendkomödie|Freundschaft|Schule","Der Ferrari gehört Camerons Vater.","„Ferris macht blau“ (1986): Wem gehört der Ferrari, den die Freunde für ihren Ausflug nehmen?","Schuldirektor Rooney","Sloanes Bruder","Camerons Vater","Ferris’ Vater","C","Der Ferrari gehört Camerons (Alan Ruck) Vater.","Für Ferris (Matthew Broderick) ist der Wagen vor allem ein großartiges Mittel zum Zweck. Cameron (Alan Ruck) verbindet damit dagegen die strenge Ordnung seines Elternhauses und die erwarteten Folgen eines Verstoßes. Derselbe Gegenstand steht somit für Freiheit und Angst. Dass die Freunde ausgerechnet dieses Auto nehmen, macht den Ausflug von Beginn an zu mehr als einer harmlosen Schulschwänzerei.","Rooney (Jeffrey Jones) besitzt nicht den Ferrari dieses Ausflugs.","Sloanes (Mia Sara) Bruder ist nicht der Eigentümer.","Der Ferrari gehört Camerons (Alan Ruck) Vater.","Der Wagen stammt nicht aus Ferris’ (Matthew Broderick) Familie.","Camerons (Alan Ruck) Vater liebt den Ferrari.","Handlung","https://en.wikipedia.org/wiki/Ferris_Bueller%27s_Day_Off|https://www.paramountpictures.com/movies/ferris-buellers-day-off","redaktionell_geprueft"
"KOM-M-032","K-KOM-16-04","","de","Film","Komödie","Ferris macht blau","Ferris Bueller's Day Off","1986","","mittel","Handlung","Jugendkomödie|Freundschaft|Schule","Komödie|Jugendkomödie|Freundschaft|Schule","Die Freunde täuschen den Tod von Sloanes Großmutter vor.","„Ferris macht blau“ (1986): Mit welchem erfundenen Familienereignis wird Sloane aus der Schule geholt?","Mit der angeblichen Geburt einer Schwester","Mit einer angeblichen Hochzeit ihrer Mutter","Mit dem angeblichen Umzug ihres Onkels","Mit dem angeblichen Tod ihrer Großmutter","D","Die Freunde täuschen den Tod von Sloanes (Mia Sara) Großmutter vor.","Ferris (Matthew Broderick) nutzt eine Situation, in der schulische Kontrolle aus Rücksicht normalerweise zurücktritt. Sloanes (Mia Sara) Befreiung aus dem Unterricht setzt deshalb auf die soziale Verbindlichkeit einer Trauernachricht. Die Komik entsteht aus der sorgfältigen Durchführung dieser Täuschung und Rooneys (Jeffrey Jones) Misstrauen. Zugleich zeigt die Szene, wie geschickt Ferris institutionelle Abläufe als Material für seine eigenen Pläne behandelt.","Eine Geburt ist nicht die verwendete Ausrede.","Eine Hochzeit der Mutter wird nicht behauptet.","Ein Umzug des Onkels erklärt Sloanes (Mia Sara) Abholung nicht.","Die Freunde täuschen den Tod von Sloanes (Mia Sara) Großmutter vor.","Sloane (Mia Sara) wird wegen eines erfundenen Trauerfalls abgeholt.","Handlung","https://en.wikipedia.org/wiki/Ferris_Bueller%27s_Day_Off|https://www.paramountpictures.com/movies/ferris-buellers-day-off","redaktionell_geprueft"
"KOM-S-031","K-KOM-16-05","","de","Film","Komödie","Ferris macht blau","Ferris Bueller's Day Off","1986","","schwer","Handlung","Jugendkomödie|Freundschaft|Schule","Komödie|Jugendkomödie|Freundschaft|Schule","Der Versuch, den Kilometerstand durch Rückwärtslauf zu verringern, funktioniert nicht.","„Ferris macht blau“ (1986): Warum beseitigt das Rückwärtslaufenlassen des Ferrari das Problem der zusätzlichen Kilometer nicht?","Die Batterie wird dabei sofort gestohlen.","Rooney hat den Tachometer vorher versiegelt.","Der Kilometerstand wird dadurch nicht zurückgedreht.","Der Wagen besitzt überhaupt keinen Kilometerzähler.","C","Der Versuch, den Kilometerstand durch Rückwärtslauf zu verringern, funktioniert nicht.","Die Freunde möchten die sichtbare Spur ihres Ausflugs technisch ungeschehen machen. Ferris (Matthew Broderick) behandelt das Problem zunächst wie eine weitere lösbare Improvisationsaufgabe. Für Cameron (Alan Ruck) geht es jedoch um die drohende Begegnung mit seinem Vater. Das Scheitern der simplen Idee verschärft den Konflikt und bereitet den Moment vor, in dem Verbergen als Lösung nicht mehr ausreicht.","Ein Batteriediebstahl verhindert die Methode nicht.","Rooney (Jeffrey Jones) hat den Zähler nicht manipuliert oder versiegelt.","Der Versuch, den Kilometerstand durch Rückwärtslauf zu verringern, funktioniert nicht.","Der Wagen hat einen Kilometerzähler; gerade dessen Stand ist das Problem.","Rückwärtsfahren löscht den Ausflug nicht.","Handlung","https://en.wikipedia.org/wiki/Ferris_Bueller%27s_Day_Off|https://www.paramountpictures.com/movies/ferris-buellers-day-off","redaktionell_geprueft"
"KOM-S-032","K-KOM-16-06","","de","Film","Komödie","Ferris macht blau","Ferris Bueller's Day Off","1986","","schwer","Beziehung","Jugendkomödie|Freundschaft|Schule","Komödie|Jugendkomödie|Freundschaft|Schule","Jeanie hilft Ferris gegen Rooney, obwohl sie sich zuvor über seinen Erfolg geärgert hat.","„Ferris macht blau“ (1986): Wie verhält Jeanie sich gegenüber Ferris am Ende, als Rooney ihn stellen will?","Sie sperrt Ferris vor dem Haus aus.","Sie ruft öffentlich zur Bestrafung ihres Bruders auf.","Sie übergibt Rooney ein Geständnis von Ferris.","Sie hilft Ferris und bringt Rooney in Erklärungsnot.","D","Jeanie (Jennifer Grey) hilft Ferris (Matthew Broderick) gegen Rooney (Jeffrey Jones), obwohl sie sich zuvor über seinen Erfolg geärgert hat.","Jeanie (Jennifer Grey) erlebt Ferris (Matthew Broderick) zunächst als Bruder, der mit allem durchkommt, während sie selbst Regeln beachtet. Ihre abschließende Entscheidung bedeutet deshalb eine Verschiebung der Loyalität. Jennifer Grey lässt die Figur dabei nicht einfach ihre frühere Verärgerung vergessen. Sie erkennt vielmehr, dass Rooneys (Jeffrey Jones) übergriffiger Eifer einen anderen Maßstab verlangt als die gewöhnliche Konkurrenz zwischen Geschwistern.","Sie verhindert nicht Ferris’ (Matthew Broderick) Rückkehr, sondern hilft ihm.","Eine öffentliche Forderung nach Strafe ist nicht ihr Schlussverhalten.","Jeanie (Jennifer Grey) liefert Ferris (Matthew Broderick) am Ende nicht an Rooney (Jeffrey Jones) aus.","Jeanie (Jennifer Grey) hilft Ferris (Matthew Broderick) gegen Rooney (Jeffrey Jones), obwohl sie sich zuvor über seinen Erfolg geärgert hat.","Jeanie (Jennifer Grey) entscheidet sich gegen Rooney (Jeffrey Jones) und für Ferris (Matthew Broderick).","Auflösung","https://en.wikipedia.org/wiki/Ferris_Bueller%27s_Day_Off|https://www.paramountpictures.com/movies/ferris-buellers-day-off","redaktionell_geprueft"
"KOM-L-033","K-KOM-17-01","","de","Film","Komödie","Und täglich grüßt das Murmeltier","Groundhog Day","1993","","leicht","Besetzung","Zeitschleife|Charakterentwicklung|Romantische Komödie","Komödie|Zeitschleife|Charakterentwicklung|Romantische Komödie|Bill Murray","Bill Murray spielt Phil.","„Und täglich grüßt das Murmeltier“ (1993): Wer spielt den Wetterreporter Phil Connors?","Bill Murray","Robin Williams","Steve Martin","Chevy Chase","A","Bill Murray spielt Phil (Bill Murray).","Phil (Bill Murray) begegnet seiner Umgebung zunächst mit demonstrativer Überlegenheit und wenig Geduld. Bill Murray lässt diese Haltung zugleich scharf und erschöpft wirken. Die wiederkehrenden Ereignisse entziehen der Figur nach und nach ihre gewohnten Fluchtwege. So entsteht die Komik nicht nur aus Wiederholung, sondern aus wechselnden Reaktionen eines Menschen, der denselben Umständen immer neue Bedeutungen geben muss.","Bill Murray spielt Phil (Bill Murray).","Robin Williams übernimmt diese Rolle nicht.","Steve Martin spielt Phil (Bill Murray) nicht.","Chevy Chase ist nicht als Phil (Bill Murray) Connors zu sehen.","Phil (Bill Murray) Connors = Bill Murray.","Handlung","https://en.wikipedia.org/wiki/Groundhog_Day_(film)|https://www.sonypictures.com/movies/groundhogday","redaktionell_geprueft"
"KOM-L-034","K-KOM-17-02","","de","Film","Komödie","Und täglich grüßt das Murmeltier","Groundhog Day","1993","","leicht","Handlung","Zeitschleife|Charakterentwicklung|Romantische Komödie","Komödie|Zeitschleife|Charakterentwicklung|Romantische Komödie|Bill Murray","Phil erlebt immer wieder den 2. Februar, den Murmeltiertag.","„Und täglich grüßt das Murmeltier“ (1993): Welcher Kalendertag wiederholt sich für Phil?","Der 31. Oktober","Der 2. Februar","Der 14. Februar","Der 1. Januar","B","Phil (Bill Murray) erlebt immer wieder den 2. Februar, den Murmeltiertag.","Der feste Kalendertag macht Zeit zugleich berechenbar und unentrinnbar. Phil (Bill Murray) kennt zunehmend die Abläufe, kann aber nicht einfach in den nächsten Tag wechseln. Dadurch verschiebt sich die Bedeutung von Planung: Äußerer Fortschritt bleibt aus, während Erfahrung und Erinnerung wachsen. Der Film nutzt diese Trennung, um sehr unterschiedliche Lebenshaltungen unter denselben Bedingungen durchzuspielen.","Halloween ist nicht der festgehaltene Kalendertag.","Phil (Bill Murray) erlebt immer wieder den 2. Februar, den Murmeltiertag.","Der Valentinstag wird nicht wiederholt.","Neujahr ist nicht der Tag der Zeitschleife.","Phil (Bill Murray) steckt im 2. Februar fest.","Handlung","https://en.wikipedia.org/wiki/Groundhog_Day_(film)|https://www.sonypictures.com/movies/groundhogday","redaktionell_geprueft"
"KOM-M-033","K-KOM-17-03","","de","Film","Komödie","Und täglich grüßt das Murmeltier","Groundhog Day","1993","","mittel","Handlung","Zeitschleife|Charakterentwicklung|Romantische Komödie","Komödie|Zeitschleife|Charakterentwicklung|Romantische Komödie|Bill Murray","Phil berichtet über das örtliche Murmeltier-Ritual zur Wettervorhersage.","„Und täglich grüßt das Murmeltier“ (1993): Über welches Ereignis soll Phil in Punxsutawney berichten?","Die Wettervorhersage durch ein Murmeltier","Ein nationales Eisbildhauerfinale","Eine Sonnenfinsternis","Die Eröffnung eines Wintersportstadions","A","Phil (Bill Murray) berichtet über das örtliche Murmeltier-Ritual zur Wettervorhersage.","Phil (Bill Murray) hält den Termin zunächst für unter seinem beruflichen Anspruch. Das lokale Ritual, das er geringschätzt, wird jedoch zum Mittelpunkt seiner gesamten Welt. Diese Umkehrung ist wesentlich für die Geschichte: Ein vermeintlich unbedeutender Auftrag lässt sich nicht mehr einfach abhaken. Erst eine veränderte Aufmerksamkeit für Menschen und Situationen verändert auch sein Verhältnis zu diesem Ort.","Phil (Bill Murray) berichtet über das örtliche Murmeltier-Ritual zur Wettervorhersage.","Ein Eisbildhauerwettbewerb ist nicht der ursprüngliche Berichtsauftrag.","Eine Sonnenfinsternis ist nicht das Ereignis, das das Team nach Punxsutawney führt.","Ein Stadion wird nicht zum Anlass seines Fernsehbeitrags eröffnet.","Der Wetterreporter berichtet über ein Wetter-Murmeltier.","Handlung","https://en.wikipedia.org/wiki/Groundhog_Day_(film)|https://www.sonypictures.com/movies/groundhogday","redaktionell_geprueft"
"KOM-M-034","K-KOM-17-04","","de","Film","Komödie","Und täglich grüßt das Murmeltier","Groundhog Day","1993","","mittel","Figuren","Zeitschleife|Charakterentwicklung|Romantische Komödie","Komödie|Zeitschleife|Charakterentwicklung|Romantische Komödie|Bill Murray","Rita arbeitet als Produzentin des Fernsehbeitrags.","„Und täglich grüßt das Murmeltier“ (1993): Welche Funktion hat Rita im Fernsehteam?","Kamerafrau","Produzentin","Maskenbildnerin","Nachrichtensprecherin im Studio","B","Rita (Andie MacDowell) arbeitet als Produzentin des Fernsehbeitrags.","Rita (Andie MacDowell) steht beruflich in derselben Situation wie Phil (Bill Murray), begegnet den Menschen vor Ort aber mit einer anderen Offenheit. Andie MacDowell macht diese Haltung zu einem Gegenpol seines Zynismus. Weil Rita den Tag nicht bewusst wiederholt, lassen sich ihre Reaktionen nicht einfach als Fortschritt speichern. Phil muss zwischen einstudierter Wirkung und tatsächlicher persönlicher Veränderung unterscheiden lernen.","Die Kamera führt Larry (Chris Elliott), nicht Rita (Andie MacDowell).","Rita (Andie MacDowell) arbeitet als Produzentin des Fernsehbeitrags.","Rita (Andie MacDowell) ist nicht für die Maske zuständig.","Sie begleitet den Außentermin als Produzentin und sitzt nicht als Sprecherin im Studio.","Rita (Andie MacDowell) produziert, Larry (Chris Elliott) filmt, Phil (Bill Murray) berichtet.","Handlung","https://en.wikipedia.org/wiki/Groundhog_Day_(film)|https://www.sonypictures.com/movies/groundhogday","redaktionell_geprueft"
"KOM-S-033","K-KOM-17-05","","de","Film","Komödie","Und täglich grüßt das Murmeltier","Groundhog Day","1993","","schwer","Handlung","Zeitschleife|Charakterentwicklung|Romantische Komödie","Komödie|Zeitschleife|Charakterentwicklung|Romantische Komödie|Bill Murray","Phil nutzt die wiederkehrende Zeit unter anderem, um Klavier zu lernen.","„Und täglich grüßt das Murmeltier“ (1993): Welche Fähigkeit baut Phil durch Übung über die wiederholten Tage hinweg aus?","Klavierspielen","Hubschrauberfliegen","Professionelles Tauchen","Blindenschriftlesen","A","Phil (Bill Murray) nutzt die wiederkehrende Zeit unter anderem, um Klavier zu lernen.","Die Zeitschleife setzt äußere Verhältnisse zurück, löscht aber Phils (Bill Murray) erworbene Erfahrung nicht. Das Klavierspiel macht diesen Unterschied hörbar. Eine Fähigkeit entsteht durch fortgesetzte Arbeit, obwohl im Kalender nichts vorangeht. Der Film verschiebt damit den Wert der gewonnenen Zeit: Sie kann nicht nur zum Manipulieren anderer dienen, sondern auch zu einer Veränderung, die in der Person selbst liegt.","Phil (Bill Murray) nutzt die wiederkehrende Zeit unter anderem, um Klavier zu lernen.","Hubschrauberunterricht ist nicht die gezeigte Lernentwicklung.","Professionelles Tauchen wird nicht zu seiner wiederholt geübten Fähigkeit.","Blindenschrift ist nicht das hier gesuchte Lernziel.","Der Tag bleibt gleich, das Klavierspiel wird besser.","Handlung","https://en.wikipedia.org/wiki/Groundhog_Day_(film)|https://www.sonypictures.com/movies/groundhogday","redaktionell_geprueft"
"KOM-S-034","K-KOM-17-06","","de","Film","Komödie","Und täglich grüßt das Murmeltier","Groundhog Day","1993","","schwer","Handlung","Zeitschleife|Charakterentwicklung|Romantische Komödie","Komödie|Zeitschleife|Charakterentwicklung|Romantische Komödie|Bill Murray","Phil versucht mehrfach zu helfen, kann den Tod des alten Mannes aber nicht verhindern.","„Und täglich grüßt das Murmeltier“ (1993): Welche Grenze seiner scheinbaren Kontrolle erlebt Phil im Umgang mit einem alten Obdachlosen?","Er kann dessen Namen niemals erfahren, weil alle darüber schweigen.","Er kann dessen Tod trotz wiederholter Hilfe nicht verhindern.","Er muss ihm bei jedem Treffen sein gesamtes Geld geben.","Er darf ihm wegen eines Gerichtsbeschlusses nicht begegnen.","B","Phil (Bill Murray) versucht mehrfach zu helfen, kann den Tod des alten Mannes aber nicht verhindern.","Die Begegnung mit dem alten Mann begrenzt die Vorstellung, durch genügend Wiederholungen jedes Ergebnis kontrollieren zu können. Phil (Bill Murray) hat gelernt, Abläufe zu beeinflussen, trifft hier jedoch auf eine andere Art von Wirklichkeit. Der Film vertieft damit seinen Wandel: Fürsorge behält ihren Wert auch dort, wo sie keine vollständige Beherrschung von Leben und Tod ermöglicht.","Ein absichtlich verschwiegener Name ist nicht die wesentliche Grenze dieser Begegnung.","Phil (Bill Murray) versucht mehrfach zu helfen, kann den Tod des alten Mannes aber nicht verhindern.","Eine erzwungene vollständige Geldübergabe erklärt die Szene nicht.","Ein gerichtliches Kontaktverbot spielt dabei keine Rolle.","Helfen bedeutet nicht, alles verhindern zu können.","Handlung","https://en.wikipedia.org/wiki/Groundhog_Day_(film)|https://www.sonypictures.com/movies/groundhogday","redaktionell_geprueft"
"KOM-L-035","K-KOM-18-01","","de","Film","Komödie","Kevin – Allein zu Haus","Home Alone","1990","Kevin – Allein zu Haus","leicht","Besetzung","Familienkomödie|Weihnachten|Slapstick","Komödie|Familienkomödie|Weihnachten|Slapstick|Kevin – Allein zu Haus","Macaulay Culkin spielt Kevin.","„Kevin – Allein zu Haus“ (1990): Wer spielt Kevin McCallister?","Haley Joel Osment","Jonathan Taylor Thomas","Macaulay Culkin","Elijah Wood","C","Macaulay Culkin spielt Kevin (Macaulay Culkin).","Kevin (Macaulay Culkin) erlebt das leere Haus zunächst als überraschenden Freiheitsraum. Macaulay Culkin verbindet seine Freude an verbotenen Möglichkeiten mit Momenten echter Unsicherheit. Dadurch bleibt die Figur mehr als ein kleiner Fallensteller. Das Abenteuer zeigt zugleich, wie anders alltägliche Aufgaben wirken, wenn vertraute Erwachsene fehlen und Selbstständigkeit nicht nur gespielt, sondern tatsächlich gebraucht wird.","Haley Joel Osment übernimmt diese Rolle nicht.","Jonathan Taylor Thomas ist nicht der Darsteller von Kevin (Macaulay Culkin).","Macaulay Culkin spielt Kevin (Macaulay Culkin).","Elijah Wood spielt Kevin (Macaulay Culkin) nicht.","Kevin (Macaulay Culkin) = Macaulay Culkin.","Handlung","https://en.wikipedia.org/wiki/Home_Alone|https://www.rottentomatoes.com/m/home_alone","redaktionell_geprueft"
"KOM-L-036","K-KOM-18-02","","de","Film","Komödie","Kevin – Allein zu Haus","Home Alone","1990","Kevin – Allein zu Haus","leicht","Handlung","Familienkomödie|Weihnachten|Slapstick","Komödie|Familienkomödie|Weihnachten|Slapstick|Kevin – Allein zu Haus","Kevins Familie fliegt nach Paris.","„Kevin – Allein zu Haus“ (1990): Wohin reist Kevins Familie, während er versehentlich zu Hause bleibt?","London","New York","Rom","Paris","D","Kevins (Macaulay Culkin) Familie fliegt nach Paris.","Die Entfernung nach Paris macht aus einer häuslichen Verwechslung ein schwer zu behebendes Problem. Kate (Catherine O'Hara) kann nicht einfach umkehren und wenige Minuten später vor der Tür stehen. Während Kevin (Macaulay Culkin) seine neue Freiheit entdeckt, wird ihre Rückreise von Verkehrswegen und verfügbaren Plätzen bestimmt. Der Film verbindet damit zwei gegensätzliche Erfahrungen derselben Trennung: Abenteuer zu Hause und verzweifelte Bewegung aus der Ferne.","London ist nicht der Zielort dieses Fluges.","New York gehört nicht zur Familienreise im ersten Film.","Rom ist nicht das Urlaubsziel der Familie.","Kevins (Macaulay Culkin) Familie fliegt nach Paris.","Die Familie ist in Paris, Kevin (Macaulay Culkin) bleibt zu Hause.","Handlung","https://en.wikipedia.org/wiki/Home_Alone|https://www.rottentomatoes.com/m/home_alone","redaktionell_geprueft"
"KOM-M-035","K-KOM-18-03","","de","Film","Komödie","Kevin – Allein zu Haus","Home Alone","1990","Kevin – Allein zu Haus","mittel","Figuren","Familienkomödie|Weihnachten|Slapstick","Komödie|Familienkomödie|Weihnachten|Slapstick|Kevin – Allein zu Haus","Marv hinterlässt laufende Wasserhähne als wiedererkennbare Spur der Einbrüche.","„Kevin – Allein zu Haus“ (1990): Weshalb nennen sich Harry und Marv die „nassen Banditen“?","Sie stehlen ausschließlich aus Schwimmbädern.","Sie fliehen grundsätzlich durch die Kanalisation.","Marv lässt in ausgeraubten Häusern die Wasserhähne laufen.","Sie tragen bei jedem Einbruch Taucheranzüge.","C","Marv (Daniel Stern) hinterlässt laufende Wasserhähne als wiedererkennbare Spur der Einbrüche.","Marv (Daniel Stern) betrachtet die Wasserschäden als eine Art persönliche Signatur, während Harry (Joe Pesci) vor allem den praktischen Erfolg der Einbrüche im Blick hat. Die unterschiedliche Haltung charakterisiert das Duo früh. Der Wunsch nach einem Markenzeichen macht ihr Vorgehen nicht klüger. Er zeigt vielmehr, wie Eitelkeit und mangelnde Voraussicht die vermeintliche Professionalität der beiden ständig untergraben.","Sie beschränken sich nicht auf Schwimmbäder.","Eine Flucht durch die Kanalisation erklärt ihren Namen nicht.","Marv (Daniel Stern) hinterlässt laufende Wasserhähne als wiedererkennbare Spur der Einbrüche.","Taucheranzüge gehören nicht zu ihrer Einbruchsausrüstung.","Marvs (Daniel Stern) Markenzeichen: laufende Wasserhähne.","Handlung","https://en.wikipedia.org/wiki/Home_Alone|https://www.rottentomatoes.com/m/home_alone","redaktionell_geprueft"
"KOM-M-036","K-KOM-18-04","","de","Film","Komödie","Kevin – Allein zu Haus","Home Alone","1990","Kevin – Allein zu Haus","mittel","Handlung","Familienkomödie|Weihnachten|Slapstick","Komödie|Familienkomödie|Weihnachten|Slapstick|Kevin – Allein zu Haus","Gus bietet Kate eine Mitfahrt mit seiner Polkaband an.","„Kevin – Allein zu Haus“ (1990): Wie hilft Gus Kevins Mutter auf ihrem Rückweg?","Er leiht ihr ein Rennmotorrad.","Er verschafft ihr einen Platz auf einem Kreuzfahrtschiff.","Er fliegt sie in seinem Privatjet nach Hause.","Er nimmt sie im Fahrzeug seiner Polkaband mit.","D","Gus (John Candy) bietet Kate (Catherine O'Hara) eine Mitfahrt mit seiner Polkaband an.","Kates (Catherine O'Hara) Rückreise scheitert immer wieder an ausgebuchten Verbindungen und zeitlichen Grenzen. Gus (John Candy) begegnet ihr außerhalb der üblichen professionellen Hilfewege. John Candy spielt diese Unterstützung mit beiläufiger Freundlichkeit. Die Szene ergänzt die große Weihnachtsgeschichte um eine einfache soziale Beobachtung: Ein Mensch muss die ganze Lage nicht lösen können, um durch ein konkretes Angebot entscheidend weiterzuhelfen.","Er leiht Kate (Catherine O'Hara) kein Motorrad, sondern organisiert eine Mitfahrt.","Ein Kreuzfahrtschiff ist nicht ihre weitere Verbindung.","Gus (John Candy) besitzt hier keinen Privatjet, mit dem er Kate (Catherine O'Hara) heimfliegt.","Gus (John Candy) bietet Kate (Catherine O'Hara) eine Mitfahrt mit seiner Polkaband an.","Die Polkaband bringt Kate (Catherine O'Hara) weiter.","Handlung","https://en.wikipedia.org/wiki/Home_Alone|https://www.rottentomatoes.com/m/home_alone","redaktionell_geprueft"
"KOM-S-035","K-KOM-18-05","","de","Film","Komödie","Kevin – Allein zu Haus","Home Alone","1990","Kevin – Allein zu Haus","schwer","Beziehung","Familienkomödie|Weihnachten|Slapstick","Komödie|Familienkomödie|Weihnachten|Slapstick|Kevin – Allein zu Haus","Marley ist von seinem Sohn entfremdet und scheut den ersten Schritt zur Versöhnung.","„Kevin – Allein zu Haus“ (1990): Welches private Problem vertraut Marley Kevin in der Kirche an?","Er sucht seinen verschollenen Zwillingsbruder.","Er muss die Vormundschaft für Harry übernehmen.","Er hat sich mit seinem Sohn zerstritten und fürchtet eine Versöhnung.","Er hat das Haus seiner Schwester heimlich verkauft.","C","Marley (Roberts Blossom) ist von seinem Sohn entfremdet und scheut den ersten Schritt zur Versöhnung.","Kevin (Macaulay Culkin) hat Marley (Roberts Blossom) zunächst durch ein unheimliches Gerücht wahrgenommen. Das Gespräch in der Kirche ersetzt dieses Bild durch eine gewöhnliche, verletzliche Lebensgeschichte. Roberts Blossom spielt den Nachbarn mit stiller Zurückhaltung. Dadurch verändert sich auch Kevins Maßstab: Erwachsensein schützt nicht vor Angst, und manchmal kann ein Kind einem älteren Menschen eine hilfreiche Perspektive anbieten.","Marley (Roberts Blossom) sucht keinen verschollenen Zwillingsbruder.","Eine Vormundschaft für Harry (Joe Pesci) steht nicht zur Debatte.","Marley (Roberts Blossom) ist von seinem Sohn entfremdet und scheut den ersten Schritt zur Versöhnung.","Ein heimlicher Hausverkauf ist nicht das anvertraute Problem.","Hinter dem Gerücht steht ein einsamer Vater.","Handlung","https://en.wikipedia.org/wiki/Home_Alone|https://www.rottentomatoes.com/m/home_alone","redaktionell_geprueft"
"KOM-S-036","K-KOM-18-06","","de","Film","Komödie","Kevin – Allein zu Haus","Home Alone","1990","Kevin – Allein zu Haus","schwer","Handlung","Familienkomödie|Weihnachten|Slapstick","Komödie|Familienkomödie|Weihnachten|Slapstick|Kevin – Allein zu Haus","Marley schlägt die Einbrecher mit seiner Schneeschaufel nieder und rettet Kevin.","„Kevin – Allein zu Haus“ (1990): Womit greift Marley ein, als die Einbrecher Kevin schließlich erwischen?","Mit einem Baseballschläger","Mit einem Feuerlöscher","Mit einem Gartenschlauch","Mit einer Schneeschaufel","D","Marley (Roberts Blossom) schlägt die Einbrecher mit seiner Schneeschaufel nieder und rettet Kevin (Macaulay Culkin).","Kevins (Macaulay Culkin) Fallen verschaffen ihm lange einen Vorsprung, garantieren aber keine vollständige Sicherheit. Als Harry (Joe Pesci) und Marv (Daniel Stern) ihn doch fassen, braucht er Hilfe von außen. Ausgerechnet Marley (Roberts Blossom), vor dem er sich zuvor gefürchtet hat, wird zum Retter. Der Film verbindet die körperliche Rettung damit direkt mit der vorherigen Korrektur eines vorschnellen Urteils über einen Nachbarn.","Marley (Roberts Blossom) benutzt keinen Baseballschläger.","Ein Feuerlöscher ist nicht sein Hilfsmittel bei der Rettung.","Mit einem Gartenschlauch stoppt er die Einbrecher nicht.","Marley (Roberts Blossom) schlägt die Einbrecher mit seiner Schneeschaufel nieder und rettet Kevin (Macaulay Culkin).","Marleys (Roberts Blossom) Schneeschaufel rettet Kevin (Macaulay Culkin).","Auflösung","https://en.wikipedia.org/wiki/Home_Alone|https://www.rottentomatoes.com/m/home_alone","redaktionell_geprueft"
"KOM-L-037","K-KOM-19-01","","de","Film","Komödie","Schöne Bescherung","National Lampoon's Christmas Vacation","1989","Die Griswolds","leicht","Besetzung","Familienkomödie|Weihnachten|Kontrollverlust","Komödie|Familienkomödie|Weihnachten|Kontrollverlust|Die Griswolds","Chevy Chase spielt Clark.","„Schöne Bescherung“ (1989): Wer spielt Clark Griswold?","Chevy Chase","Steve Martin","John Candy","Bill Murray","A","Chevy Chase spielt Clark (Chevy Chase).","Clark (Chevy Chase) möchte ein Familienfest schaffen, das seinen eigenen Erwartungen vollständig entspricht. Chevy Chase verbindet seinen demonstrativen Optimismus mit zunehmender Gereiztheit. Der Film gewinnt die Komik aus dem Abstand zwischen dieser Wunschvorstellung und den vielen eigenständigen Bedürfnissen der Gäste. Je stärker Clark ein perfektes Erlebnis erzwingen möchte, desto weniger nimmt er die tatsächliche Situation gelassen wahr.","Chevy Chase spielt Clark (Chevy Chase).","Steve Martin übernimmt die Rolle nicht.","John Candy ist nicht als Clark (Chevy Chase) Griswold zu sehen.","Bill Murray spielt Clark (Chevy Chase) nicht.","Clark (Chevy Chase) Griswold = Chevy Chase.","Handlung","https://en.wikipedia.org/wiki/National_Lampoon%27s_Christmas_Vacation|https://www.rottentomatoes.com/m/national_lampoons_christmas_vacation","redaktionell_geprueft"
"KOM-L-038","K-KOM-19-02","","de","Film","Komödie","Schöne Bescherung","National Lampoon's Christmas Vacation","1989","Die Griswolds","leicht","Motivation","Familienkomödie|Weihnachten|Kontrollverlust","Komödie|Familienkomödie|Weihnachten|Kontrollverlust|Die Griswolds","Clark will seiner Großfamilie ein besonders schönes Weihnachtsfest bereiten.","„Schöne Bescherung“ (1989): Was ist Clarks großes persönliches Vorhaben für die Feiertage?","Das Weihnachtsfest grundsätzlich abschaffen","Ein vollkommenes Weihnachtsfest mit der Großfamilie ausrichten","Ein Hotel ausschließlich für Fremde eröffnen","Alle Feiertage allein auf Dienstreise verbringen","B","Clark (Chevy Chase) will seiner Großfamilie ein besonders schönes Weihnachtsfest bereiten.","Clarks (Chevy Chase) Ziel wirkt zunächst großzügig und nachvollziehbar. Problematisch wird der Anspruch, dass die Wirklichkeit genau seiner Vorstellung folgen müsse. Ellen (Beverly D'Angelo) versucht immer wieder, zwischen seiner Begeisterung und dem tatsächlichen Familienleben zu vermitteln. Die vielen Störungen sind deshalb nicht bloß zufällige Missgeschicke. Sie treffen einen Gastgeber, der Enttäuschung zunehmend als persönliches Scheitern erlebt.","Er will Weihnachten nicht abschaffen, sondern besonders vollkommen gestalten.","Clark (Chevy Chase) will seiner Großfamilie ein besonders schönes Weihnachtsfest bereiten.","Ein Hotelbetrieb ist nicht sein Feiertagsprojekt.","Clark (Chevy Chase) möchte gerade gemeinsam feiern und nicht allein verreisen.","Clarks (Chevy Chase) Weihnachtsideal erzeugt Weihnachtsstress.","Handlung","https://en.wikipedia.org/wiki/National_Lampoon%27s_Christmas_Vacation|https://www.rottentomatoes.com/m/national_lampoons_christmas_vacation","redaktionell_geprueft"
"KOM-M-037","K-KOM-19-03","","de","Film","Komödie","Schöne Bescherung","National Lampoon's Christmas Vacation","1989","Die Griswolds","mittel","Handlung","Familienkomödie|Weihnachten|Kontrollverlust","Komödie|Familienkomödie|Weihnachten|Kontrollverlust|Die Griswolds","Eddie erscheint mit seiner Familie in einem heruntergekommenen Wohnmobil.","„Schöne Bescherung“ (1989): Womit reist Cousin Eddie überraschend an?","Mit einem heruntergekommenen Wohnmobil","Mit einem gemieteten Sportflugzeug","Mit einem Pferdeanhänger","Mit einem Reisebus voller Musiker","A","Eddie (Randy Quaid) erscheint mit seiner Familie in einem heruntergekommenen Wohnmobil.","Eddies (Randy Quaid) Ankunft erweitert Clarks (Chevy Chase) Planung um Gäste, deren Lebensweise sich kaum in sein geordnetes Festbild einfügt. Randy Quaid spielt Eddie mit einer Selbstverständlichkeit, die soziale Peinlichkeiten oft gar nicht erst bemerkt. Das Wohnmobil macht den Unterschied der Lebensumstände sichtbar. Gleichzeitig bleibt die Familie aufeinander angewiesen, auch wenn Gastfreundschaft hier mit erheblichen Zumutungen verbunden ist.","Eddie (Randy Quaid) erscheint mit seiner Familie in einem heruntergekommenen Wohnmobil.","Er reist nicht mit einem Sportflugzeug an.","Ein Pferdeanhänger ist nicht sein Wohn- und Reisefahrzeug.","Eddie (Randy Quaid) bringt keinen Musiker-Reisebus mit.","Eddie (Randy Quaid) kommt unangekündigt im Wohnmobil.","Handlung","https://en.wikipedia.org/wiki/National_Lampoon%27s_Christmas_Vacation|https://www.rottentomatoes.com/m/national_lampoons_christmas_vacation","redaktionell_geprueft"
"KOM-M-038","K-KOM-19-04","","de","Film","Komödie","Schöne Bescherung","National Lampoon's Christmas Vacation","1989","Die Griswolds","mittel","Motivation","Familienkomödie|Weihnachten|Kontrollverlust","Komödie|Familienkomödie|Weihnachten|Kontrollverlust|Die Griswolds","Clark möchte mit der erwarteten Gratifikation einen Swimmingpool finanzieren.","„Schöne Bescherung“ (1989): Wofür hat Clark seine erwartete Weihnachtsgratifikation bereits eingeplant?","Für ein eigenes Restaurant","Für einen Swimmingpool","Für eine Segeljacht","Für ein Ferienhaus in Alaska","B","Clark (Chevy Chase) möchte mit der erwarteten Gratifikation einen Swimmingpool finanzieren.","Der Pool ist für Clark (Chevy Chase) ein Versprechen gemeinsamer Freude, das er innerlich schon als gesichert behandelt. Seine finanzielle Planung hängt jedoch von einer Zahlung ab, über die andere entscheiden. Dadurch erhält die spätere Enttäuschung zusätzliches Gewicht. Es scheitert nicht nur ein Wunsch, sondern auch die Vorstellung, durch berufliche Leistung zuverlässig familiäres Glück organisieren zu können.","Clark (Chevy Chase) will kein Restaurant eröffnen, sondern einen Pool bauen lassen.","Clark (Chevy Chase) möchte mit der erwarteten Gratifikation einen Swimmingpool finanzieren.","Eine Segeljacht ist nicht sein geplanter Kauf.","Ein Ferienhaus in Alaska steht nicht hinter seiner Erwartung.","Der Bonus soll den Pool bezahlen.","Handlung","https://en.wikipedia.org/wiki/National_Lampoon%27s_Christmas_Vacation|https://www.rottentomatoes.com/m/national_lampoons_christmas_vacation","redaktionell_geprueft"
"KOM-S-037","K-KOM-19-05","","de","Film","Komödie","Schöne Bescherung","National Lampoon's Christmas Vacation","1989","Die Griswolds","schwer","Objekt","Familienkomödie|Weihnachten|Kontrollverlust","Komödie|Familienkomödie|Weihnachten|Kontrollverlust|Die Griswolds","Statt Geld erhält Clark eine Mitgliedschaft in einem Gelee-des-Monats-Club.","„Schöne Bescherung“ (1989): Was erhält Clark zunächst anstelle der erhofften Geldgratifikation?","Eine Mitgliedschaft im Gelee-des-Monats-Club","Einen Gutschein für Winterreifen","Eine Kiste Büroklammern","Ein gerahmtes Firmenfoto","A","Statt Geld erhält Clark (Chevy Chase) eine Mitgliedschaft in einem Gelee-des-Monats-Club.","Die Lieferung beantwortet Clarks (Chevy Chase) große Erwartungen mit einem Geschenk, das seine konkreten Verpflichtungen nicht berührt. Die Diskrepanz zwischen symbolischer Aufmerksamkeit und finanzieller Anerkennung löst seinen Zusammenbruch der Selbstbeherrschung aus. Der Film macht die Überraschung besonders wirksam, weil sich viele vorherige Belastungen darin bündeln. Ein scheinbar kleiner Ersatz wird zum Auslöser einer bereits lange vorbereiteten Eskalation.","Statt Geld erhält Clark (Chevy Chase) eine Mitgliedschaft in einem Gelee-des-Monats-Club.","Winterreifen sind nicht das Ersatzgeschenk.","Eine Kiste Büroklammern wird Clark (Chevy Chase) nicht als Weihnachtsgabe zugesandt.","Ein Firmenfoto ersetzt die Gratifikation nicht.","Kein Poolgeld, sondern Gelee im Abonnement.","Handlung","https://en.wikipedia.org/wiki/National_Lampoon%27s_Christmas_Vacation|https://www.rottentomatoes.com/m/national_lampoons_christmas_vacation","redaktionell_geprueft"
"KOM-S-038","K-KOM-19-06","","de","Film","Komödie","Schöne Bescherung","National Lampoon's Christmas Vacation","1989","Die Griswolds","schwer","Handlung","Familienkomödie|Weihnachten|Kontrollverlust","Komödie|Familienkomödie|Weihnachten|Kontrollverlust|Die Griswolds","Eddie nimmt Clarks Wutausbruch wörtlich und bringt den entführten Shirley ins Haus.","„Schöne Bescherung“ (1989): Wie setzt Eddie Clarks wütende Worte über seinen Chef in die Tat um?","Er kauft die Firma im Namen der Familie.","Er entführt den Chef und bringt ihn zu Clark.","Er bewirbt sich um den Chefposten.","Er kündigt Clarks Arbeitsvertrag.","B","Eddie (Randy Quaid) nimmt Clarks (Chevy Chase) Wutausbruch wörtlich und bringt den entführten Shirley (Brian Doyle-Murray) ins Haus.","Clark (Chevy Chase) formuliert seinen Ärger als übersteigerte Wunschfantasie, Eddie (Randy Quaid) behandelt ihn als erfüllbaren Auftrag. Die Eskalation entsteht damit aus einem Missverständnis darüber, wie ernst Sprache gemeint ist. Zugleich zwingt die Ankunft von Shirley (Brian Doyle-Murray) die berufliche Entscheidungsebene in den privaten Raum. Was zuvor als abstrakte Firmenmaßnahme wirkte, bekommt plötzlich sichtbare menschliche Folgen gegenüber einer ganzen Familie.","Er übernimmt die Firma nicht.","Eddie (Randy Quaid) nimmt Clarks (Chevy Chase) Wutausbruch wörtlich und bringt den entführten Shirley (Brian Doyle-Murray) ins Haus.","Eddie (Randy Quaid) bewirbt sich nicht um Shirleys (Brian Doyle-Murray) Position.","Eddie (Randy Quaid) beendet Clarks (Chevy Chase) Arbeitsverhältnis nicht, sondern entführt dessen Chef.","Eddie (Randy Quaid) macht aus einer Wutrede einen Auftrag.","Handlung","https://en.wikipedia.org/wiki/National_Lampoon%27s_Christmas_Vacation|https://www.rottentomatoes.com/m/national_lampoons_christmas_vacation","redaktionell_geprueft"
"KOM-L-039","K-KOM-20-01","","de","Film","Komödie","Die Glücksritter","Trading Places","1983","","leicht","Besetzung","Satire|Sozialer Rollentausch|Wirtschaft","Komödie|Satire|Sozialer Rollentausch|Wirtschaft|Dan Aykroyd|Jamie Lee Curtis","Eddie Murphy spielt Valentine.","„Die Glücksritter“ (1983): Wer spielt Billy Ray Valentine?","Louis Gossett Jr.","Dan Aykroyd","Eddie Murphy","Richard Pryor","C","Eddie Murphy spielt Valentine (Eddie Murphy).","Valentine (Eddie Murphy) wird von mächtigen Männern zunächst wie eine Figur in einem Versuch behandelt. Eddie Murphy verleiht ihm jedoch eine schnelle Beobachtungsgabe, die diese Unterschätzung unterläuft. Sein Wechsel der Lebensumstände zeigt nicht einfach eine neue Garderobe. Er macht sichtbar, wie stark Anerkennung und zugeschriebene Kompetenz davon abhängen, welchen gesellschaftlichen Platz andere einem Menschen zuweisen.","Louis Gossett Jr. gehört nicht als Valentine (Eddie Murphy) zur Besetzung.","Dan Aykroyd spielt Winthorpe (Dan Aykroyd).","Eddie Murphy spielt Valentine (Eddie Murphy).","Richard Pryor spielt Valentine (Eddie Murphy) nicht.","Valentine (Eddie Murphy) = Eddie Murphy.","Handlung","https://en.wikipedia.org/wiki/Trading_Places|https://www.paramountpictures.com/movies/trading-places","redaktionell_geprueft"
"KOM-L-040","K-KOM-20-02","","de","Film","Komödie","Die Glücksritter","Trading Places","1983","","leicht","Handlung","Satire|Sozialer Rollentausch|Wirtschaft","Komödie|Satire|Sozialer Rollentausch|Wirtschaft|Dan Aykroyd|Jamie Lee Curtis","Die Dukes lassen Valentine aufsteigen und zerstören Winthorpes bisherige Stellung.","„Die Glücksritter“ (1983): Was veranlassen die Brüder Duke als Teil ihres Experiments?","Sie schicken beide als Partner auf Weltreise.","Sie lassen beide dieselbe Wahlkampagne führen.","Sie zwingen beide zu einem Sportturnier.","Sie vertauschen die sozialen Lebensumstände von Valentine und Winthorpe.","D","Die Dukes lassen Valentine (Eddie Murphy) aufsteigen und zerstören Winthorpes (Dan Aykroyd) bisherige Stellung.","Randolph (Ralph Bellamy) und Mortimer (Don Ameche) betrachten zwei Menschenleben als Material für eine theoretische Streitfrage. Valentine (Eddie Murphy) erhält Chancen, während Winthorpe (Dan Aykroyd) Ansehen und Sicherheit verliert. Die Komödie zeigt dadurch die Macht sozialer Rahmenbedingungen, ohne die Beteiligten auf bloße Beispiele zu reduzieren. Erst als sie das Spiel erkennen, können die Betroffenen ihre zunächst gegensätzlichen Interessen in eine gemeinsame Antwort verwandeln.","Eine gemeinsame Weltreise ist nicht das Experiment.","Die beiden treten nicht in einer Wahlkampagne gegeneinander an.","Ein Sportturnier ersetzt nicht die gezielte Veränderung ihrer Lebensverhältnisse.","Die Dukes lassen Valentine (Eddie Murphy) aufsteigen und zerstören Winthorpes (Dan Aykroyd) bisherige Stellung.","Die Dukes tauschen gesellschaftliche Startplätze.","Handlung","https://en.wikipedia.org/wiki/Trading_Places|https://www.paramountpictures.com/movies/trading-places","redaktionell_geprueft"
"KOM-M-039","K-KOM-20-03","","de","Film","Komödie","Die Glücksritter","Trading Places","1983","","mittel","Beziehung","Satire|Sozialer Rollentausch|Wirtschaft","Komödie|Satire|Sozialer Rollentausch|Wirtschaft|Dan Aykroyd|Jamie Lee Curtis","Ophelia unterstützt Winthorpe nach seinem sozialen Absturz.","„Die Glücksritter“ (1983): Wer unterstützt den abgestürzten Winthorpe und nimmt ihn bei sich auf?","Eine Reporterin namens Susan","Eine Bankdirektorin namens Helen","Ophelia","Penelope","C","Ophelia (Jamie Lee Curtis) unterstützt Winthorpe (Dan Aykroyd) nach seinem sozialen Absturz.","Ophelia (Jamie Lee Curtis) begegnet Winthorpe (Dan Aykroyd) nicht aus dessen früherer Welt gesellschaftlicher Anerkennung. Jamie Lee Curtis spielt sie als praktisch denkende Frau mit eigenen Zukunftsplänen. Ihre Hilfe ist deshalb keine bloße dekorative Freundlichkeit. Sie bildet ein Gegenmodell zur kalten Menschenbehandlung der Dukes und zwingt Winthorpe, Unterstützung außerhalb seiner gewohnten Standesgrenzen wahrzunehmen und ernst zu nehmen.","Eine Reporterin namens Susan übernimmt diese Rolle nicht.","Eine Bankdirektorin namens Helen ist nicht seine entscheidende Helferin.","Ophelia (Jamie Lee Curtis) unterstützt Winthorpe (Dan Aykroyd) nach seinem sozialen Absturz.","Penelope wendet sich von Winthorpe (Dan Aykroyd) ab, statt ihn in dieser Weise aufzufangen.","Ophelia (Jamie Lee Curtis) hilft, als Winthorpes (Dan Aykroyd) Status verschwindet.","Handlung","https://en.wikipedia.org/wiki/Trading_Places|https://www.paramountpictures.com/movies/trading-places","redaktionell_geprueft"
"KOM-M-040","K-KOM-20-04","","de","Film","Komödie","Die Glücksritter","Trading Places","1983","","mittel","Objekt","Satire|Sozialer Rollentausch|Wirtschaft","Komödie|Satire|Sozialer Rollentausch|Wirtschaft|Dan Aykroyd|Jamie Lee Curtis","Das Börsenmanöver betrifft Terminkontrakte auf gefrorenes Orangensaftkonzentrat.","„Die Glücksritter“ (1983): Um welches Produkt geht es beim entscheidenden Börsenmanöver?","Baumwolle","Weizen","Rohkaffee","Gefrorenes Orangensaftkonzentrat","D","Das Börsenmanöver betrifft Terminkontrakte auf gefrorenes Orangensaftkonzentrat.","Der Handel mit Orangensaftkonzentrat macht die Ernteprognose zum entscheidenden Wissensvorsprung innerhalb der Filmhandlung. Valentine (Eddie Murphy) und Winthorpe (Dan Aykroyd) erkennen, dass die Dukes auf privilegierte Information setzen. Die Schlusssequenz übersetzt deshalb eine persönliche Auseinandersetzung in hektische Kauf- und Verkaufsentscheidungen. Ausschlaggebend ist, wer welche Nachricht für wahr hält und wie schnell diese Überzeugung den Preis verändert.","Baumwollkontrakte stehen nicht im Zentrum der Schlusssequenz.","Weizen ist nicht die gesuchte Ware.","Rohkaffee ist nicht das Produkt des entscheidenden Manövers.","Das Börsenmanöver betrifft Terminkontrakte auf gefrorenes Orangensaftkonzentrat.","Die Revanche läuft über Orangensaftkonzentrat.","Handlung","https://en.wikipedia.org/wiki/Trading_Places|https://www.paramountpictures.com/movies/trading-places","redaktionell_geprueft"
"KOM-S-039","K-KOM-20-05","","de","Film","Komödie","Die Glücksritter","Trading Places","1983","","schwer","Objekt","Satire|Sozialer Rollentausch|Wirtschaft","Komödie|Satire|Sozialer Rollentausch|Wirtschaft|Dan Aykroyd|Jamie Lee Curtis","Die Dukes haben lediglich um einen Dollar gewettet.","„Die Glücksritter“ (1983): Um welchen Betrag haben die Dukes bei ihrem Menschenexperiment gewettet?","Um eine Million Dollar","Um eintausend Dollar","Um einen Dollar","Um den gesamten Firmenwert","C","Die Dukes haben lediglich um einen Dollar gewettet.","Der winzige Einsatz steht in scharfem Gegensatz zu den Folgen für Valentine (Eddie Murphy) und Winthorpe (Dan Aykroyd). Randolph (Ralph Bellamy) und Mortimer (Don Ameche) riskieren selbst fast nichts, während sie fremde Lebensgrundlagen zerstören. Die Enthüllung verdichtet deshalb die soziale Kritik des Films in einer einzigen Summe. Für die Betroffenen wird sichtbar, wie wenig ihre Würde innerhalb des privaten Machtspiels der Brüder zählt.","Eine Million Dollar ist nicht die Wette.","Eintausend Dollar wäre deutlich mehr als der tatsächliche symbolische Einsatz.","Die Dukes haben lediglich um einen Dollar gewettet.","Der Firmenwert steht bei diesem ursprünglichen Experiment nicht auf dem Spiel.","Zwei Leben werden für einen Dollar manipuliert.","Auflösung","https://en.wikipedia.org/wiki/Trading_Places|https://www.paramountpictures.com/movies/trading-places","redaktionell_geprueft"
"KOM-S-040","K-KOM-20-06","","de","Film","Komödie","Die Glücksritter","Trading Places","1983","","schwer","Handlung","Satire|Sozialer Rollentausch|Wirtschaft","Komödie|Satire|Sozialer Rollentausch|Wirtschaft|Dan Aykroyd|Jamie Lee Curtis","Die ausgetauschte Ernteinformation lässt die Dukes fälschlich mit einer schlechten Orangenernte rechnen.","„Die Glücksritter“ (1983): Welche falsche Information erhalten die Dukes vor dem entscheidenden Handel?","Der Handel mit Orangensaft werde dauerhaft verboten.","Die Börse bleibe an diesem Tag geschlossen.","Orangen würden künftig ausschließlich verschenkt.","Eine schlechte Orangenernte stehe bevor.","D","Die ausgetauschte Ernteinformation lässt die Dukes fälschlich mit einer schlechten Orangenernte rechnen.","Valentine (Eddie Murphy) und Winthorpe (Dan Aykroyd) schlagen die Dukes mit deren Vertrauen in einen unrechtmäßigen Informationsvorsprung. Der manipulierte Bericht führt zu einer falschen Preiserwartung. Entscheidend ist nicht rohe Überlegenheit, sondern die genaue Kenntnis der gegnerischen Annahmen. Die Filmhandlung lässt damit jene Kontrollillusion zusammenbrechen, mit der die Brüder zuvor das Leben anderer Menschen als berechenbares Experiment behandelt haben.","Ein Handelsverbot ist nicht der Inhalt der gefälschten Information.","Eine Börsenschließung wird nicht vorgetäuscht.","Kostenlose Orangen sind nicht die Behauptung des Berichts.","Die ausgetauschte Ernteinformation lässt die Dukes fälschlich mit einer schlechten Orangenernte rechnen.","Falsche Ernteprognose, falsche Preiserwartung.","Auflösung","https://en.wikipedia.org/wiki/Trading_Places|https://www.paramountpictures.com/movies/trading-places","redaktionell_geprueft"
"KOM-L-041","K-KOM-21-01","","de","Film","Komödie","Pappa ante portas","Pappa ante portas","1991","","leicht","Besetzung","Alltagskomödie|Ruhestand|Loriot","Komödie|Alltagskomödie|Ruhestand|Loriot|Evelyn Hamann","Evelyn Hamann spielt Renate.","„Pappa ante portas“ (1991): Wer spielt Renate Lohse?","Evelyn Hamann","Irm Hermann","Hannelore Hoger","Loriot","A","Evelyn Hamann spielt Renate (Evelyn Hamann).","Renate (Evelyn Hamann) hat ihren Alltag organisiert, bevor Heinrich (Loriot) plötzlich sehr viel Zeit zu Hause verbringt. Evelyn Hamann zeigt ihre Irritation oft durch kleine Pausen und präzise Reaktionen. Dadurch wird die Komik nicht allein vom auffälligen Verhalten ihres Mannes getragen. Gerade ihre Bemühung um Fassung macht spürbar, wie tief seine vermeintlich hilfreichen Eingriffe in bestehende Routinen eingreifen.","Evelyn Hamann spielt Renate (Evelyn Hamann).","Irm Hermann spielt Hedwig (Irm Hermann).","Hannelore Hoger spielt Renate (Evelyn Hamann) nicht.","Loriot spielt Heinrich (Loriot), nicht Renate (Evelyn Hamann).","Renate (Evelyn Hamann) Lohse = Evelyn Hamann.","Handlung","https://en.wikipedia.org/wiki/Pappa_Ante_Portas|https://de.wikipedia.org/wiki/Pappa_ante_portas","redaktionell_geprueft"
"KOM-L-042","K-KOM-21-02","","de","Film","Komödie","Pappa ante portas","Pappa ante portas","1991","","leicht","Handlung","Alltagskomödie|Ruhestand|Loriot","Komödie|Alltagskomödie|Ruhestand|Loriot|Evelyn Hamann","Heinrichs übertriebener Großeinkauf von Büromaterial löst das Ende seiner beruflichen Tätigkeit aus.","„Pappa ante portas“ (1991): Welche berufliche Entscheidung führt zu Heinrichs vorzeitigem Ruhestand?","Die Eröffnung einer privaten Konkurrenzfirma","Ein übermäßig großer Vorratskauf von Büromaterial","Eine unerlaubte Versetzung nach Australien","Der Verkauf der gesamten Firmenflotte","B","Heinrichs (Loriot) übertriebener Großeinkauf von Büromaterial löst das Ende seiner beruflichen Tätigkeit aus.","Heinrich (Loriot) überträgt wirtschaftliche Vernunft auf eine Größenordnung, bei der sie ins Absurde kippt. Sein Vorratsdenken berücksichtigt den praktischen Bedarf kaum noch. Der berufliche Auslöser bereitet damit bereits den späteren Familienkonflikt vor: Er versteht Organisation vor allem als Systemfrage und übersieht, dass Menschen und Haushalte sich nicht allein durch Mengenrabatte und Anweisungen sinnvoll steuern lassen.","Eine Konkurrenzgründung führt nicht zu seinem Ruhestand.","Heinrichs (Loriot) übertriebener Großeinkauf von Büromaterial löst das Ende seiner beruflichen Tätigkeit aus.","Eine Versetzung nach Australien steht nicht hinter dem Konflikt.","Ein Flottenverkauf ist nicht der Auslöser seines Ausscheidens.","Heinrich (Loriot) kauft Büromaterial für viel zu lange.","Handlung","https://en.wikipedia.org/wiki/Pappa_Ante_Portas|https://de.wikipedia.org/wiki/Pappa_ante_portas","redaktionell_geprueft"
"KOM-M-041","K-KOM-21-03","","de","Film","Komödie","Pappa ante portas","Pappa ante portas","1991","","mittel","Objekt","Alltagskomödie|Ruhestand|Loriot","Komödie|Alltagskomödie|Ruhestand|Loriot|Evelyn Hamann","Heinrich setzt sein Vorratsdenken beim Senfkauf fort.","„Pappa ante portas“ (1991): Welches Lebensmittel kauft Heinrich nach seinem Ausscheiden in übertriebener Menge?","Senf","Frische Erdbeeren","Tiefkühlpizza","Kaviar","A","Heinrich (Loriot) setzt sein Vorratsdenken beim Senfkauf fort.","Der Senfkauf zeigt, dass Heinrich (Loriot) seine berufliche Denkweise nicht mit dem Arbeitsplatz zurückgelassen hat. Ein alltägliches Lebensmittel wird zum Gegenstand groß angelegter Beschaffungslogik. Für Renate (Evelyn Hamann) entsteht daraus keine überzeugende Entlastung, sondern ein weiteres Zeichen seiner Einmischung. Der Film gewinnt die Pointe aus dem Missverhältnis zwischen der kleinen Aufgabe und dem großen organisatorischen Selbstverständnis ihres neuen Bearbeiters.","Heinrich (Loriot) setzt sein Vorratsdenken beim Senfkauf fort.","Frische Erdbeeren stehen nicht im Mittelpunkt der Vorratspointe.","Tiefkühlpizza ist nicht der gesuchte Einkauf.","Kaviar ist nicht das Lebensmittel dieses charakteristischen Großeinkaufs.","Der Einkaufsdirektor organisiert jetzt Senf.","Handlung","https://en.wikipedia.org/wiki/Pappa_Ante_Portas|https://de.wikipedia.org/wiki/Pappa_ante_portas","redaktionell_geprueft"
"KOM-M-042","K-KOM-21-04","","de","Film","Komödie","Pappa ante portas","Pappa ante portas","1991","","mittel","Handlung","Alltagskomödie|Ruhestand|Loriot","Komödie|Alltagskomödie|Ruhestand|Loriot|Evelyn Hamann","Ein Fernsehteam nutzt das Haus und verstärkt das häusliche Durcheinander.","„Pappa ante portas“ (1991): Welche zusätzliche Gruppe bringt Unruhe in das Haus der Lohses?","Eine Reisegruppe aus einem Nachbarhotel","Ein Fernsehteam","Eine Schulklasse auf Klassenfahrt","Eine Mannschaft von Dachdeckern","B","Ein Fernsehteam nutzt das Haus und verstärkt das häusliche Durcheinander.","Das Haus ist für Renate (Evelyn Hamann) ohnehin kein ruhiger Rückzugsort mehr, seit Heinrich (Loriot) seinen neuen Alltag dort organisiert. Mit dem Fernsehteam treten weitere Menschen, Abläufe und Ansprüche hinzu. Die private Ordnung wird zum verfügbaren Schauplatz anderer Interessen. Das steigert ein zentrales Motiv des Films: Ein gemeinsamer Lebensraum funktioniert nur, wenn seine Bewohner nicht fortwährend übergangen werden.","Eine Hotelreisegruppe ist nicht die zusätzliche Störquelle.","Ein Fernsehteam nutzt das Haus und verstärkt das häusliche Durcheinander.","Keine Schulklasse richtet die entsprechenden Dreharbeiten im Haus ein.","Dachdecker sind nicht die Gruppe, die das Haus für eine Produktion beansprucht.","Das Wohnzimmer bekommt einen Fernsehbetrieb.","Handlung","https://en.wikipedia.org/wiki/Pappa_Ante_Portas|https://de.wikipedia.org/wiki/Pappa_ante_portas","redaktionell_geprueft"
"KOM-S-041","K-KOM-21-05","","de","Film","Komödie","Pappa ante portas","Pappa ante portas","1991","","schwer","Beziehung","Alltagskomödie|Ruhestand|Loriot","Komödie|Alltagskomödie|Ruhestand|Loriot|Evelyn Hamann","Hedwig und Hellmuth erweisen sich ebenfalls als konfliktreiches Paar.","„Pappa ante portas“ (1991): Was relativiert beim Familientreffen Renates Blick auf die scheinbar vorbildliche Ehe von Hedwig und Hellmuth?","Auch dieses Paar streitet heftig.","Das Paar stellt sich als unverheiratet heraus.","Sie ziehen noch während des Essens nach Übersee.","Beide behaupten, Heinrich nie gekannt zu haben.","A","Hedwig (Irm Hermann) und Hellmuth (Hans Peter Korff) erweisen sich ebenfalls als konfliktreiches Paar.","Renate (Evelyn Hamann) erlebt, dass eine von außen bewunderte Beziehung keineswegs frei von Spannungen ist. Hedwig (Irm Hermann) und Hellmuth (Hans Peter Korff) verlieren den Status eines mühelosen Gegenmodells. Dadurch verändert sich der Vergleich mit Heinrich (Loriot). Der Film löst die Eheprobleme nicht durch ein plötzlich perfektes Verhalten, sondern öffnet Raum für Versöhnung, indem die Vorstellung eines störungsfreien anderen Lebens brüchig wird.","Hedwig (Irm Hermann) und Hellmuth (Hans Peter Korff) erweisen sich ebenfalls als konfliktreiches Paar.","Die Enthüllung betrifft ihren Streit, nicht einen fehlenden Trauschein.","Ein spontaner Überseeumzug ist nicht der Auslöser der Neubewertung.","Sie leugnen ihre Bekanntschaft mit Heinrich (Loriot) nicht.","Auch die vermeintliche Musterehe hat Risse.","Auflösung","https://en.wikipedia.org/wiki/Pappa_Ante_Portas|https://de.wikipedia.org/wiki/Pappa_ante_portas","redaktionell_geprueft"
"KOM-S-042","K-KOM-21-06","","de","Film","Komödie","Pappa ante portas","Pappa ante portas","1991","","schwer","Handlung","Alltagskomödie|Ruhestand|Loriot","Komödie|Alltagskomödie|Ruhestand|Loriot|Evelyn Hamann","Heinrich und Renate spielen am Ende gemeinsam Blockflöte.","„Pappa ante portas“ (1991): Welche gemeinsame Beschäftigung zeigt die vorsichtige Harmonie von Heinrich und Renate am Ende?","Ein gemeinsamer Fallschirmsprung","Gemeinsames Blockflötenspiel","Eine gemeinsame Unternehmensgründung","Eine gemeinsame Fernsehmoderation","B","Heinrich (Loriot) und Renate (Evelyn Hamann) spielen am Ende gemeinsam Blockflöte.","Das gemeinsame Musizieren bietet Heinrich (Loriot) und Renate (Evelyn Hamann) eine Tätigkeit, die Abstimmung statt Anweisung verlangt. Die ruhige Schlusspointe passt zu einem Film, dessen Konflikte aus kleinen Übergriffen und missglückter Verständigung entstehen. Harmonie erscheint nicht als endgültig gelöstes Lebensproblem. Sie wird als begrenzter gemeinsamer Moment sichtbar, in dem beide denselben Takt zumindest vorübergehend finden können.","Ein Fallschirmsprung bildet nicht das versöhnliche Schlussbild.","Heinrich (Loriot) und Renate (Evelyn Hamann) spielen am Ende gemeinsam Blockflöte.","Eine neue Firma gründen die beiden am Ende nicht.","Sie übernehmen keine gemeinsame Fernsehsendung.","Versöhnung im Blockflötenduett.","Auflösung","https://en.wikipedia.org/wiki/Pappa_Ante_Portas|https://de.wikipedia.org/wiki/Pappa_ante_portas","redaktionell_geprueft"
"KOM-L-043","K-KOM-22-01","","de","Film","Komödie","Ödipussi","Ödipussi","1988","","leicht","Besetzung","Alltagskomödie|Familie|Loriot","Komödie|Alltagskomödie|Familie|Loriot|Evelyn Hamann","Loriot spielt Paul Winkelmann.","„Ödipussi“ (1988): Wer spielt Paul Winkelmann?","Dieter Hallervorden","Heinz Rühmann","Loriot","Heinz Schenk","C","Loriot spielt Paul (Loriot) Winkelmann.","Paul (Loriot) ist beruflich erwachsen, lebt privat aber weiterhin in einer stark von seiner Mutter bestimmten Ordnung. Loriot gestaltet diese Abhängigkeit ohne ständige laute Zuspitzung. Die Komik entsteht aus höflichen Formulierungen, gewohnten Abläufen und kaum ausgesprochenen Ansprüchen. Gerade die gesellschaftlich korrekte Oberfläche macht sichtbar, wie schwierig ein eigener Schritt außerhalb der vertrauten familiären Rollen sein kann.","Dieter Hallervorden spielt Paul (Loriot) nicht; die Rolle übernimmt Loriot.","Heinz Rühmann spielt Paul (Loriot) nicht.","Loriot spielt Paul (Loriot) Winkelmann.","Heinz Schenk ist nicht der Darsteller von Paul (Loriot).","Paul (Loriot) Winkelmann = Loriot.","Handlung","https://en.wikipedia.org/wiki/%C3%96dipussi|https://de.wikipedia.org/wiki/%C3%96dipussi","redaktionell_geprueft"
"KOM-L-044","K-KOM-22-02","","de","Film","Komödie","Ödipussi","Ödipussi","1988","","leicht","Figuren","Alltagskomödie|Familie|Loriot","Komödie|Alltagskomödie|Familie|Loriot|Evelyn Hamann","Paul führt ein Geschäft für Möbel und Dekorationsstoffe.","„Ödipussi“ (1988): In welcher Branche führt Paul ein Geschäft?","Sportartikel","Schmuck und Uhren","Musikinstrumente","Möbel und Dekorationsstoffe","D","Paul (Loriot) führt ein Geschäft für Möbel und Dekorationsstoffe.","Pauls (Loriot) Beruf führt ihn mit Fragen der Einrichtung und des passenden Erscheinungsbilds zusammen. Zugleich ist sein eigenes Privatleben auffällig fest eingerichtet. Diese Verbindung gibt der Komödie einen passenden sozialen Rahmen: Geschmack, Beratung und bürgerliche Umgangsformen lassen sich leicht besprechen, während persönliche Unabhängigkeit viel schwerer zu organisieren ist. Geschäftliche Sicherheit garantiert Paul keine emotionale Selbstständigkeit.","Sportartikel bilden nicht seine Branche.","Ein Juweliergeschäft ist nicht Pauls (Loriot) Betrieb.","Paul (Loriot) handelt nicht mit Musikinstrumenten.","Paul (Loriot) führt ein Geschäft für Möbel und Dekorationsstoffe.","Paul (Loriot) gestaltet Räume, sein Leben bleibt fest eingerichtet.","Handlung","https://en.wikipedia.org/wiki/%C3%96dipussi|https://de.wikipedia.org/wiki/%C3%96dipussi","redaktionell_geprueft"
"KOM-M-043","K-KOM-22-03","","de","Film","Komödie","Ödipussi","Ödipussi","1988","","mittel","Figuren","Alltagskomödie|Familie|Loriot","Komödie|Alltagskomödie|Familie|Loriot|Evelyn Hamann","Margarethe arbeitet als Psychologin.","„Ödipussi“ (1988): Welchen Beruf hat Margarethe?","Dolmetscherin","Architektin","Psychologin","Apothekerin","C","Margarethe (Evelyn Hamann) arbeitet als Psychologin.","Margarethe (Evelyn Hamann) besitzt beruflich einen Zugang zu menschlichem Verhalten, bleibt aber selbst in familiäre Erwartungen eingebunden. Evelyn Hamann spielt diese Spannung zwischen sachlicher Kompetenz und persönlicher Unsicherheit. Ihre Begegnung mit Paul (Loriot) führt deshalb nicht zwei vollkommen freie Erwachsene zusammen. Beide müssen erst herausfinden, wie sie aus vertrauten Abhängigkeiten einen eigenen gemeinsamen Raum entwickeln können.","Dolmetscherin ist nicht ihr Beruf.","Margarethe (Evelyn Hamann) ist keine Architektin.","Margarethe (Evelyn Hamann) arbeitet als Psychologin.","Sie arbeitet nicht als Apothekerin.","Margarethe (Evelyn Hamann) versteht beruflich Menschen als Psychologin.","Handlung","https://en.wikipedia.org/wiki/%C3%96dipussi|https://de.wikipedia.org/wiki/%C3%96dipussi","redaktionell_geprueft"
"KOM-M-044","K-KOM-22-04","","de","Film","Komödie","Ödipussi","Ödipussi","1988","","mittel","Handlung","Alltagskomödie|Familie|Loriot","Komödie|Alltagskomödie|Familie|Loriot|Evelyn Hamann","Die Geschäftsreise führt Paul und Margarethe nach Italien.","„Ödipussi“ (1988): In welches Land führt eine Geschäftsreise, auf der Paul und Margarethe sich näherkommen?","Schweden","Portugal","Belgien","Italien","D","Die Geschäftsreise führt Paul (Loriot) und Margarethe (Evelyn Hamann) nach Italien.","Die Reise entfernt Paul (Loriot) und Margarethe (Evelyn Hamann) vorübergehend von ihren gewohnten familiären Umgebungen. Dadurch entstehen Gelegenheiten für Nähe, die zu Hause leichter von Routinen unterbrochen würden. Der berufliche Anlass liefert einen gesellschaftlich akzeptierten Rahmen. Gerade diese Mischung aus Pflichterfüllung und vorsichtigem persönlichem Aufbruch passt zu Figuren, die selbst neue Gefühle zunächst mit höflicher Zurückhaltung behandeln.","Schweden ist nicht das Ziel dieser Reise.","Portugal ist nicht das Land ihres gemeinsamen Geschäftstermins.","Belgien ist nicht der gesuchte Reiseort.","Die Geschäftsreise führt Paul (Loriot) und Margarethe (Evelyn Hamann) nach Italien.","Geschäftsreise nach Italien, Annäherung außerhalb des Alltags.","Handlung","https://en.wikipedia.org/wiki/%C3%96dipussi|https://de.wikipedia.org/wiki/%C3%96dipussi","redaktionell_geprueft"
"KOM-S-043","K-KOM-22-05","","de","Film","Komödie","Ödipussi","Ödipussi","1988","","schwer","Motivation","Alltagskomödie|Familie|Loriot","Komödie|Alltagskomödie|Familie|Loriot|Evelyn Hamann","Louise nimmt einen Untermieter auf, als Paul sich stärker von ihr löst.","„Ödipussi“ (1988): Wie reagiert Louise auf Pauls wachsende Selbstständigkeit unter anderem?","Sie meldet sich heimlich an Pauls Stelle zur Reise an.","Sie verkauft Pauls Geschäft an Margarethe.","Sie nimmt einen Untermieter auf.","Sie beantragt eine Stelle in Pauls Firma.","C","Louise (Katharina Brauren) nimmt einen Untermieter auf, als Paul (Loriot) sich stärker von ihr löst.","Louise (Katharina Brauren) erlebt Pauls (Loriot) Annäherung an Margarethe (Evelyn Hamann) als Veränderung einer lange stabilen häuslichen Beziehung. Die Aufnahme eines Untermieters ist deshalb mehr als eine Wohnungsentscheidung. Sie zeigt den Versuch, auf die neue Distanz mit einer eigenen Verschiebung zu reagieren. Der Film behandelt die Ablösung nicht als einseitigen Schritt, sondern als Bewegung, die auch die zurückbleibende Person verunsichert.","Sie ersetzt Paul (Loriot) nicht heimlich auf der Geschäftsreise.","Louise (Katharina Brauren) verkauft das Geschäft nicht an Margarethe (Evelyn Hamann).","Louise (Katharina Brauren) nimmt einen Untermieter auf, als Paul (Loriot) sich stärker von ihr löst.","Eine Bewerbung in Pauls (Loriot) Firma ist nicht diese Reaktion.","Louise (Katharina Brauren) beantwortet Distanz mit einem Untermieter.","Handlung","https://en.wikipedia.org/wiki/%C3%96dipussi|https://de.wikipedia.org/wiki/%C3%96dipussi","redaktionell_geprueft"
"KOM-S-044","K-KOM-22-06","","de","Film","Komödie","Ödipussi","Ödipussi","1988","","schwer","Filmgestaltung","Alltagskomödie|Familie|Loriot","Komödie|Alltagskomödie|Familie|Loriot|Evelyn Hamann","Louise sitzt weiterhin am Steuer, während Paul und Margarethe hinten Platz nehmen.","„Ödipussi“ (1988): Was macht das Schlussbild mit Louise am Steuer und dem Paar auf der Rückbank deutlich?","Paul hat endgültig jeden Kontakt zu Louise abgebrochen.","Alle drei beginnen eine berufliche Rallyekarriere.","Margarethe ist zur Chefin von Louises Fahrschule geworden.","Die mütterliche Kontrolle ist noch nicht vollständig überwunden.","D","Louise (Katharina Brauren) sitzt weiterhin am Steuer, während Paul (Loriot) und Margarethe (Evelyn Hamann) hinten Platz nehmen.","Die Sitzordnung verdichtet den Beziehungskonflikt in ein leicht lesbares Bild. Paul (Loriot) und Margarethe (Evelyn Hamann) sind einander nähergekommen, doch Louise (Katharina Brauren) bestimmt weiterhin buchstäblich die Fahrt. Der Schluss behauptet deshalb keine mühelose Befreiung von familiären Mustern. Er lässt persönliche Entwicklung und fortbestehende Abhängigkeit nebeneinander sichtbar werden und gewinnt daraus eine zurückhaltende, aber präzise letzte Pointe.","Paul (Loriot) hat den Kontakt nicht abgebrochen; seine Mutter ist unmittelbar anwesend.","Eine Rallyekarriere ist nicht die Bedeutung der Szene.","Eine Fahrschule wird im Schlussbild nicht gegründet oder übernommen.","Louise (Katharina Brauren) sitzt weiterhin am Steuer, während Paul (Loriot) und Margarethe (Evelyn Hamann) hinten Platz nehmen.","Louise (Katharina Brauren) bleibt am Steuer.","Auflösung","https://en.wikipedia.org/wiki/%C3%96dipussi|https://de.wikipedia.org/wiki/%C3%96dipussi","redaktionell_geprueft"
"KOM-L-045","K-KOM-23-01","","de","Film","Komödie","Sterben für Anfänger","Death at a Funeral","2007","","leicht","Besetzung","Schwarze Komödie|Familie|Geheimnisse","Komödie|Schwarze Komödie|Familie|Geheimnisse","Matthew Macfadyen spielt Daniel.","„Sterben für Anfänger“ (2007): Wer spielt Daniel in der britischen Fassung von 2007?","Matthew Macfadyen","Peter Dinklage","Rupert Graves","Alan Tudyk","A","Matthew Macfadyen spielt Daniel (Matthew Macfadyen).","Daniel (Matthew Macfadyen) möchte dem Abschied von seinem Vater einen würdigen Rahmen geben. Matthew Macfadyen spielt ihn als Gastgeber, der auf immer neue Störungen mit zunehmender Anspannung reagiert. Seine Aufgabe ist zugleich organisatorisch und persönlich. Während er den Ablauf zusammenhalten soll, muss er sich auch mit familiären Vergleichen und unerwarteten Informationen über den Verstorbenen auseinandersetzen.","Matthew Macfadyen spielt Daniel (Matthew Macfadyen).","Peter Dinklage spielt Peter (Peter Dinklage).","Rupert Graves spielt Robert (Rupert Graves).","Alan Tudyk spielt Simon (Alan Tudyk).","Daniel (Matthew Macfadyen) in der Fassung von 2007 = Matthew Macfadyen.","Handlung","https://en.wikipedia.org/wiki/Death_at_a_Funeral_(2007_film)|https://www.rottentomatoes.com/m/death_at_a_funeral","redaktionell_geprueft"
"KOM-L-046","K-KOM-23-02","","de","Film","Komödie","Sterben für Anfänger","Death at a Funeral","2007","","leicht","Handlung","Schwarze Komödie|Familie|Geheimnisse","Komödie|Schwarze Komödie|Familie|Geheimnisse","Die Familie kommt zur Beerdigung des Vaters von Daniel und Robert zusammen.","„Sterben für Anfänger“ (2007): Zu welchem Anlass versammelt sich die Familie?","Zu Roberts Preisverleihung","Zur Beerdigung von Daniels und Roberts Vater","Zur Hochzeit von Daniel und Jane","Zum Einzug von Simon und Martha","B","Die Familie kommt zur Beerdigung des Vaters von Daniel (Matthew Macfadyen) und Robert (Rupert Graves) zusammen.","Eine Beerdigung bringt Erwartungen an Zurückhaltung, Würde und festgelegte Abläufe mit sich. Daniel (Matthew Macfadyen) versucht, genau diesen Rahmen zu sichern. Die Komödie gewinnt ihre Spannung daraus, dass private Konflikte und unkontrollierbare Zwischenfälle sich diesen Erwartungen entziehen. Der gemeinsame Anlass zwingt Menschen zusammen, die ihre Probleme unter weniger verbindlichen Umständen vielleicht lieber getrennt voneinander bearbeiten würden.","Roberts (Rupert Graves) berufliche Auszeichnung wird nicht gefeiert.","Die Familie kommt zur Beerdigung des Vaters von Daniel (Matthew Macfadyen) und Robert (Rupert Graves) zusammen.","Daniels (Matthew Macfadyen) Hochzeit ist nicht der Anlass der Versammlung.","Ein Einzug von Simon (Alan Tudyk) und Martha (Daisy Donovan) ist nicht das Familienereignis.","Ein würdevoller Abschied gerät außer Kontrolle.","Handlung","https://en.wikipedia.org/wiki/Death_at_a_Funeral_(2007_film)|https://www.rottentomatoes.com/m/death_at_a_funeral","redaktionell_geprueft"
"KOM-M-045","K-KOM-23-03","","de","Film","Komödie","Sterben für Anfänger","Death at a Funeral","2007","","mittel","Figuren","Schwarze Komödie|Familie|Geheimnisse","Komödie|Schwarze Komödie|Familie|Geheimnisse","Robert ist ein erfolgreicher Schriftsteller.","„Sterben für Anfänger“ (2007): Welchen Beruf hat Daniels Bruder Robert?","Schriftsteller","Dirigent","Chirurg","Richter","A","Robert (Rupert Graves) ist ein erfolgreicher Schriftsteller.","Robert (Rupert Graves) genießt als Schriftsteller Anerkennung, während Daniel (Matthew Macfadyen) vor Ort die weniger sichtbare Organisationsarbeit trägt. Rupert Graves spielt den Bruder mit einer Selbstverständlichkeit, die diesen Unterschied verschärft. Die Beerdigung aktiviert damit nicht nur Trauer, sondern auch alte Vergleiche. Der Film zeigt, wie familiäre Rangordnungen selbst in einer Situation fortbestehen können, die eigentlich gemeinsame Aufmerksamkeit verlangen würde.","Robert (Rupert Graves) ist ein erfolgreicher Schriftsteller.","Er arbeitet nicht als Dirigent.","Robert (Rupert Graves) ist kein Chirurg.","Richter ist nicht sein Beruf.","Robert (Rupert Graves) erhält Ruhm, Daniel (Matthew Macfadyen) organisiert.","Handlung","https://en.wikipedia.org/wiki/Death_at_a_Funeral_(2007_film)|https://www.rottentomatoes.com/m/death_at_a_funeral","redaktionell_geprueft"
"KOM-M-046","K-KOM-23-04","","de","Film","Komödie","Sterben für Anfänger","Death at a Funeral","2007","","mittel","Handlung","Schwarze Komödie|Familie|Geheimnisse","Komödie|Schwarze Komödie|Familie|Geheimnisse","Simon hält eine halluzinogene Substanz für ein Beruhigungsmittel.","„Sterben für Anfänger“ (2007): Warum beginnt Simon sich auf der Beerdigung auffällig zu verhalten?","Er leidet unter einer absichtlich herbeigeführten Hypnose.","Er nimmt versehentlich eine halluzinogene Substanz statt eines Beruhigungsmittels.","Er hat heimlich einen Schauspielauftrag angenommen.","Er führt eine vereinbarte Protestaktion durch.","B","Simon (Alan Tudyk) hält eine halluzinogene Substanz für ein Beruhigungsmittel.","Simon (Alan Tudyk) möchte einen schwierigen Familienauftritt möglichst ruhig bewältigen. Das falsch eingeschätzte Mittel bewirkt das Gegenteil. Alan Tudyk macht aus dieser Umkehrung eine körperliche Komik, die immer stärker mit den formellen Erwartungen des Anlasses kollidiert. Die anderen müssen gleichzeitig seine Wahrnehmung ernst genug nehmen, um ihn zu schützen, und den sichtbaren Zusammenbruch der Ordnung auffangen.","Hypnose ist nicht die Ursache; die Substanz wurde verwechselt.","Simon (Alan Tudyk) hält eine halluzinogene Substanz für ein Beruhigungsmittel.","Simon (Alan Tudyk) spielt keine gebuchte Rolle innerhalb der Trauerfeier.","Sein Verhalten ist keine geplante politische Protestaktion.","Das vermeintliche Beruhigungsmittel macht alles schlimmer.","Handlung","https://en.wikipedia.org/wiki/Death_at_a_Funeral_(2007_film)|https://www.rottentomatoes.com/m/death_at_a_funeral","redaktionell_geprueft"
"KOM-S-045","K-KOM-23-05","","de","Film","Komödie","Sterben für Anfänger","Death at a Funeral","2007","","schwer","Motivation","Schwarze Komödie|Familie|Geheimnisse","Komödie|Schwarze Komödie|Familie|Geheimnisse","Peter droht, seine intime Beziehung zum verstorbenen Vater öffentlich zu machen.","„Sterben für Anfänger“ (2007): Womit versucht Peter, Geld von Daniel und Robert zu erpressen?","Mit Belegen für seine Liebesbeziehung zu ihrem Vater","Mit der Behauptung, selbst ihr verschollener Bruder zu sein","Mit einem gefälschten Testament zugunsten einer Bank","Mit Bildern eines gemeinsam begangenen Raubs","A","Peter (Peter Dinklage) droht, seine intime Beziehung zum verstorbenen Vater öffentlich zu machen.","Peters (Peter Dinklage) Auftauchen erschüttert Daniels (Matthew Macfadyen) Vorstellung, die wesentlichen Seiten seines Vaters zu kennen. Peter Dinklage spielt den Besucher als jemanden mit eigenen Ansprüchen innerhalb einer Familie, die ihn zunächst ausschließen möchte. Die Erpressung verschärft den Konflikt. Unter der Farce liegt jedoch die Frage, ob die Erinnerung an einen Menschen auch dessen unerwartete, bisher verborgene Beziehungen aufnehmen kann.","Peter (Peter Dinklage) droht, seine intime Beziehung zum verstorbenen Vater öffentlich zu machen.","Peter (Peter Dinklage) behauptet nicht, ein verschollener Sohn des Verstorbenen zu sein.","Ein Banktestament ist nicht Peters (Peter Dinklage) Druckmittel.","Ein gemeinsam begangener Raub steht nicht hinter seiner Forderung.","Peter (Peter Dinklage) kennt eine verborgene Seite des Vaters.","Auflösung","https://en.wikipedia.org/wiki/Death_at_a_Funeral_(2007_film)|https://www.rottentomatoes.com/m/death_at_a_funeral","redaktionell_geprueft"
"KOM-S-046","K-KOM-23-06","","de","Film","Komödie","Sterben für Anfänger","Death at a Funeral","2007","","schwer","Handlung","Schwarze Komödie|Familie|Geheimnisse","Komödie|Schwarze Komödie|Familie|Geheimnisse","Der vermeintlich tote Peter wird im Sarg versteckt und kommt später wieder zu sich.","„Sterben für Anfänger“ (2007): Wo verstecken die Männer Peter, nachdem sie ihn irrtümlich für tot halten?","In einem leeren Weinfass","Im Sarg des Verstorbenen","Unter dem Altar der Kirche","Im Kofferraum eines Lieferwagens","B","Der vermeintlich tote Peter (Peter Dinklage) wird im Sarg versteckt und kommt später wieder zu sich.","Daniel (Matthew Macfadyen) und die anderen versuchen, einen neuen Skandal durch eine heimliche Zwischenlösung zu verhindern. Peters (Peter Dinklage) Unterbringung im Sarg bündelt dabei die schlimmstmöglichen Folgen dieser Strategie. Jeder Versuch, den äußeren Anschein zu retten, macht die spätere Enthüllung größer. Die Farce steigert sich, weil die Figuren kurzfristige Ruhe wiederholt höher gewichten als eine offene Klärung der tatsächlichen Situation.","Ein Weinfass dient nicht als Versteck.","Der vermeintlich tote Peter (Peter Dinklage) wird im Sarg versteckt und kommt später wieder zu sich.","Unter einem Kirchenaltar wird er nicht verborgen.","Peter (Peter Dinklage) wird nicht in einen Lieferwagen gelegt.","Der versteckte Peter (Peter Dinklage) sitzt im falschen Sarg.","Auflösung","https://en.wikipedia.org/wiki/Death_at_a_Funeral_(2007_film)|https://www.rottentomatoes.com/m/death_at_a_funeral","redaktionell_geprueft"
"KOM-L-047","K-KOM-24-01","","de","Film","Komödie","Willkommen bei den Sch’tis","Bienvenue chez les Ch'tis","2008","","leicht","Figuren","Alltagskomödie|Vorurteile|Frankreich","Komödie|Alltagskomödie|Vorurteile|Frankreich","Philippe ist Postbeamter und leitet eine Postfiliale.","„Willkommen bei den Sch’tis“ (2008): In welchem Berufsfeld arbeitet Philippe Abrams?","Im Schuldienst","Bei der Bahn","Bei der Post","Bei der Feuerwehr","C","Philippe (Kad Merad) ist Postbeamter und leitet eine Postfiliale.","Philippes (Kad Merad) Beruf verbindet eine geregelte Verwaltungslaufbahn mit enger örtlicher Gemeinschaft. Eine Versetzung bedeutet deshalb nicht nur einen anderen Arbeitsplatz, sondern einen veränderten Alltag. Kad Merad spielt seine Erwartungen zunächst als Mischung aus Ehrgeiz und regionalen Vorurteilen. Der Film kann diese Annahmen besonders deutlich prüfen, weil die neue Aufgabe ihn täglich mit den Menschen des vermeintlich fremden Ortes zusammenbringt.","Er ist kein Lehrer, sondern Postbeamter.","Philippe (Kad Merad) arbeitet nicht bei der Eisenbahn.","Philippe (Kad Merad) ist Postbeamter und leitet eine Postfiliale.","Er gehört nicht zur Feuerwehr.","Philippe (Kad Merad) leitet eine Postfiliale.","Handlung","https://en.wikipedia.org/wiki/Welcome_to_the_Sticks|https://www.rottentomatoes.com/m/bienvenue_chez_les_chtis","redaktionell_geprueft"
"KOM-L-048","K-KOM-24-02","","de","Film","Komödie","Willkommen bei den Sch’tis","Bienvenue chez les Ch'tis","2008","","leicht","Besetzung","Alltagskomödie|Vorurteile|Frankreich","Komödie|Alltagskomödie|Vorurteile|Frankreich","Dany Boon spielt Antoine.","„Willkommen bei den Sch’tis“ (2008): Wer spielt Antoine?","Kad Merad","Omar Sy","François Cluzet","Dany Boon","D","Dany Boon spielt Antoine (Dany Boon).","Antoine (Dany Boon) wird für Philippe (Kad Merad) zu einer wichtigen Verbindung mit dem neuen Ort. Dany Boon spielt ihn mit einer Mischung aus Herzlichkeit, Eigenwilligkeit und privaten Unsicherheiten. Die Figur soll nicht bloß ein regionales Klischee bestätigen. Durch ihre Beziehungen und Probleme erhält die zunächst von außen betrachtete Gemeinschaft ein eigenes Innenleben, das Philippes Erwartungen allmählich korrigiert.","Kad Merad spielt Philippe (Kad Merad).","Omar Sy übernimmt diese Rolle nicht.","François Cluzet spielt Antoine (Dany Boon) nicht.","Dany Boon spielt Antoine (Dany Boon).","Antoine (Dany Boon) = Dany Boon.","Handlung","https://en.wikipedia.org/wiki/Welcome_to_the_Sticks|https://www.rottentomatoes.com/m/bienvenue_chez_les_chtis","redaktionell_geprueft"
"KOM-M-047","K-KOM-24-03","","de","Film","Komödie","Willkommen bei den Sch’tis","Bienvenue chez les Ch'tis","2008","","mittel","Handlung","Alltagskomödie|Vorurteile|Frankreich","Komödie|Alltagskomödie|Vorurteile|Frankreich","Philippe wird nach Bergues im Norden Frankreichs versetzt.","„Willkommen bei den Sch’tis“ (2008): Wohin wird Philippe gegen seinen ursprünglichen Wunsch versetzt?","Nach Ajaccio auf Korsika","Nach Avignon in der Provence","Nach Bergues in Nordfrankreich","Nach Biarritz an der Atlantikküste","C","Philippe (Kad Merad) wird nach Bergues im Norden Frankreichs versetzt.","Bergues steht für Philippe (Kad Merad) zunächst für alles, was er vermeiden wollte: Entfernung vom erhofften Süden und eine ihm fremde regionale Kultur. Die tatsächlichen Begegnungen widersprechen dieser Vorstellung jedoch zunehmend. Der Film baut seinen Perspektivwechsel aus Alltagserfahrungen auf. Nicht eine einzelne Belehrung verändert Philippe, sondern das wiederholte Erleben von Hilfsbereitschaft, Sprache, Arbeit und gemeinsamer Freizeit.","Ajaccio liegt auf Korsika und ist nicht der gesuchte Ort.","Avignon ist nicht das Ziel der Strafversetzung.","Philippe (Kad Merad) wird nach Bergues im Norden Frankreichs versetzt.","Biarritz wäre eine andere Region und ist nicht sein neuer Dienstort.","Philippes (Kad Merad) neuer Alltag liegt in Bergues.","Handlung","https://en.wikipedia.org/wiki/Welcome_to_the_Sticks|https://www.rottentomatoes.com/m/bienvenue_chez_les_chtis","redaktionell_geprueft"
"KOM-M-048","K-KOM-24-04","","de","Film","Komödie","Willkommen bei den Sch’tis","Bienvenue chez les Ch'tis","2008","","mittel","Handlung","Alltagskomödie|Vorurteile|Frankreich","Komödie|Alltagskomödie|Vorurteile|Frankreich","Philippe täuscht eine Behinderung vor, um bei der Versetzung bevorzugt zu werden.","„Willkommen bei den Sch’tis“ (2008): Mit welcher Täuschung wollte Philippe zunächst eine bevorzugte Versetzung erreichen?","Er gab sich als pensionierter General aus.","Er behauptete, eine Postfiliale geerbt zu haben.","Er erfand eine zweite Staatsangehörigkeit.","Er täuschte eine Behinderung vor.","D","Philippe (Kad Merad) täuscht eine Behinderung vor, um bei der Versetzung bevorzugt zu werden.","Philippe (Kad Merad) versucht, ein Verwaltungsverfahren für seine privaten Wünsche zu manipulieren. Die entdeckte Täuschung führt ihn gerade an den Ort, vor dem er sich fürchtet. Der Film macht seinen späteren Lernprozess dadurch nicht zur bloßen Korrektur fremder Vorurteile. Auch sein eigenes Verhalten gehört zum Ausgangsproblem: Er ordnet die Interessen anderer zunächst seinem erhofften Lebensentwurf unter.","Einen Generalsrang täuscht er nicht vor.","Eine angeblich geerbte Filiale spielt bei der Täuschung keine Rolle.","Eine erfundene Staatsangehörigkeit ist nicht seine Methode.","Philippe (Kad Merad) täuscht eine Behinderung vor, um bei der Versetzung bevorzugt zu werden.","Vorgetäuschte Behinderung führt zur unerwünschten Versetzung.","Handlung","https://en.wikipedia.org/wiki/Welcome_to_the_Sticks|https://www.rottentomatoes.com/m/bienvenue_chez_les_chtis","redaktionell_geprueft"
"KOM-S-047","K-KOM-24-05","","de","Film","Komödie","Willkommen bei den Sch’tis","Bienvenue chez les Ch'tis","2008","","schwer","Motivation","Alltagskomödie|Vorurteile|Frankreich","Komödie|Alltagskomödie|Vorurteile|Frankreich","Die Kollegen spielen Philippes erfundene Leidensgeschichte für Julie nach.","„Willkommen bei den Sch’tis“ (2008): Warum inszenieren Philippes Kollegen für Julie zeitweise einen besonders trostlosen Norden?","Weil eine Fernsehjury das hässlichste Dorf sucht","Weil Julie für eine Immobilienfirma Beweisfotos braucht","Weil Philippe ihr weiterhin erzählt hat, wie schlimm sein Leben dort sei","Weil die Postfiliale dauerhaft geschlossen werden soll","C","Die Kollegen spielen Philippes (Kad Merad) erfundene Leidensgeschichte für Julie (Zoé Félix) nach.","Philippe (Kad Merad) hat seine neue Zufriedenheit verschwiegen, weil Julies (Zoé Félix) Mitgefühl ihrer Beziehung zunächst guttut. Als sie selbst kommt, muss die Wirklichkeit zu seiner Erzählung passend gemacht werden. Antoine (Dany Boon) und die anderen verwandeln regionale Vorurteile deshalb in bewusstes Theater. Die Komik entsteht aus einer doppelten Täuschung: Philippe kennt den freundlichen Norden längst, hält privat aber an seinem alten Schreckbild fest.","Ein Wettbewerb um Hässlichkeit ist nicht der Grund der Inszenierung.","Julie (Zoé Félix) sammelt keine Immobilienbeweise für eine Firma.","Die Kollegen spielen Philippes (Kad Merad) erfundene Leidensgeschichte für Julie (Zoé Félix) nach.","Eine geplante Filialschließung erklärt das Schauspiel nicht.","Die Kollegen spielen Philippes (Kad Merad) Lüge vom elenden Norden.","Handlung","https://en.wikipedia.org/wiki/Welcome_to_the_Sticks|https://www.rottentomatoes.com/m/bienvenue_chez_les_chtis","redaktionell_geprueft"
"KOM-S-048","K-KOM-24-06","","de","Film","Komödie","Willkommen bei den Sch’tis","Bienvenue chez les Ch'tis","2008","","schwer","Figuren","Alltagskomödie|Vorurteile|Frankreich","Komödie|Alltagskomödie|Vorurteile|Frankreich","Antoine spielt das Glockenspiel des Belfrieds.","„Willkommen bei den Sch’tis“ (2008): Welcher musikalischen Tätigkeit geht Antoine neben seiner Postarbeit nach?","Er dirigiert ein Sinfonieorchester.","Er ist Opernsänger im Stadttheater.","Er baut elektronische Synthesizer.","Er spielt das Glockenspiel des Belfrieds.","D","Antoine (Dany Boon) spielt das Glockenspiel des Belfrieds.","Das Glockenspiel verbindet Antoine (Dany Boon) mit einem sichtbaren und hörbaren Wahrzeichen von Bergues. Seine Figur erhält dadurch eine Fähigkeit, die über den gemeinsamen Arbeitsalltag hinausgeht. Für Philippe (Kad Merad) wird der Ort immer weniger zur bloßen Verwaltungsadresse. Solche persönlichen Verbindungen machen verständlich, weshalb aus einer zunächst gefürchteten Versetzung nach und nach ein Gefühl von Zugehörigkeit entstehen kann.","Ein Sinfonieorchester wird von ihm nicht geleitet.","Antoine (Dany Boon) arbeitet nicht als Opernsänger.","Synthesizerbau ist nicht seine musikalische Nebentätigkeit.","Antoine (Dany Boon) spielt das Glockenspiel des Belfrieds.","Antoine (Dany Boon) bringt den Belfried zum Klingen.","Handlung","https://en.wikipedia.org/wiki/Welcome_to_the_Sticks|https://www.rottentomatoes.com/m/bienvenue_chez_les_chtis","redaktionell_geprueft"
"KOM-L-049","K-KOM-25-01","","de","Film","Komödie","Grand Budapest Hotel","The Grand Budapest Hotel","2014","","leicht","Besetzung","Schwarze Komödie|Erinnerung|Freundschaft","Komödie|Schwarze Komödie|Erinnerung|Freundschaft","Ralph Fiennes spielt Gustave.","„Grand Budapest Hotel“ (2014): Wer spielt den Concierge Monsieur Gustave H.?","Ralph Fiennes","F. Murray Abraham","Adrien Brody","Willem Dafoe","A","Ralph Fiennes spielt Gustave (Ralph Fiennes).","Gustave (Ralph Fiennes) versteht seinen Beruf als sorgfältig gepflegte Verbindung von Dienstleistung, Stil und persönlicher Aufmerksamkeit. Ralph Fiennes verleiht dieser Haltung sowohl Würde als auch komische Übertreibung. Die Figur versucht, eine bedrohte gesellschaftliche Form durch alltägliche Gesten aufrechtzuerhalten. Gerade wenn die Umgebung gewalttätiger wird, erhält seine zunächst exzentrisch wirkende Höflichkeit eine zusätzliche moralische Bedeutung.","Ralph Fiennes spielt Gustave (Ralph Fiennes).","F. Murray Abraham spielt den älteren Hotelbesitzer Zero.","Adrien Brody spielt Dmitri (Adrien Brody).","Willem Dafoe spielt Jopling (Willem Dafoe).","Gustave (Ralph Fiennes) = Ralph Fiennes.","Handlung","https://en.wikipedia.org/wiki/The_Grand_Budapest_Hotel|https://www.searchlightpictures.com/thegrandbudapesthotel","redaktionell_geprueft"
"KOM-L-050","K-KOM-25-02","","de","Film","Komödie","Grand Budapest Hotel","The Grand Budapest Hotel","2014","","leicht","Figuren","Schwarze Komödie|Erinnerung|Freundschaft","Komödie|Schwarze Komödie|Erinnerung|Freundschaft","Der junge Zero beginnt als Lobbyboy und wird Gustaves Schützling.","„Grand Budapest Hotel“ (2014): In welcher Position beginnt der junge Zero seine Arbeit im Hotel?","Als Hoteldirektor","Als Lobbyboy","Als Küchenchef","Als Hausarzt","B","Der junge Zero (Tony Revolori) beginnt als Lobbyboy und wird Gustaves (Ralph Fiennes) Schützling.","Der junge Zero (Tony Revolori) muss zunächst die Regeln eines Hauses lernen, dessen Selbstverständnis stark von Gustave (Ralph Fiennes) geprägt ist. Seine untergeordnete Stellung ermöglicht einen genauen Blick auf Abläufe und Menschen. Aus der beruflichen Einführung entwickelt sich Vertrauen. Der Film verbindet diese Beziehung mit der Frage, wie Zugehörigkeit entsteht, wenn Herkunft und gesellschaftlicher Status keine sichere Grundlage mehr bieten.","Er beginnt nicht als Hoteldirektor.","Der junge Zero (Tony Revolori) beginnt als Lobbyboy und wird Gustaves (Ralph Fiennes) Schützling.","Der junge Zero (Tony Revolori) übernimmt nicht die Leitung der Küche.","Er arbeitet nicht als Hausarzt.","Der junge Zero (Tony Revolori) lernt das Hotel als Lobbyboy kennen.","Handlung","https://en.wikipedia.org/wiki/The_Grand_Budapest_Hotel|https://www.searchlightpictures.com/thegrandbudapesthotel","redaktionell_geprueft"
"KOM-M-049","K-KOM-25-03","","de","Film","Komödie","Grand Budapest Hotel","The Grand Budapest Hotel","2014","","mittel","Objekt","Schwarze Komödie|Erinnerung|Freundschaft","Komödie|Schwarze Komödie|Erinnerung|Freundschaft","Madame D. hinterlässt Gustave das Gemälde „Junge mit Apfel“.","„Grand Budapest Hotel“ (2014): Welches Kunstwerk vermacht Madame D. Gustave?","Das Gemälde „Junge mit Apfel“","Eine Landschaft namens „Winter in Zubrowka“","Eine Skulptur namens „Der goldene Schwan“","Ein Porträt namens „Dame mit Perlen“","A","Madame D. (Tilda Swinton) hinterlässt Gustave (Ralph Fiennes) das Gemälde „Junge mit Apfel“.","Das Vermächtnis verwandelt Gustaves (Ralph Fiennes) persönliche Beziehung zu Madame D. (Tilda Swinton) in einen offenen Konflikt mit ihrer Familie. Das Bild ist dabei zugleich Wertgegenstand, Erinnerung und Auslöser weiterer Verwicklungen. Der junge Zero (Tony Revolori) wird in diese Auseinandersetzung hineingezogen. Die sorgfältig geordnete Hotelwelt öffnet sich damit zu einer Geschichte, in der Erbschaft, Besitzanspruch und Gewalt eng miteinander verbunden sind.","Madame D. (Tilda Swinton) hinterlässt Gustave (Ralph Fiennes) das Gemälde „Junge mit Apfel“.","Die genannte Winterlandschaft ist nicht Gustaves (Ralph Fiennes) Vermächtnis.","„Der goldene Schwan“ ist nicht das vermachte Kunstwerk.","Ein Gemälde dieses Titels löst die Erbschaftsauseinandersetzung nicht aus.","Madame D. (Tilda Swinton) vererbt den „Jungen mit Apfel“.","Handlung","https://en.wikipedia.org/wiki/The_Grand_Budapest_Hotel|https://www.searchlightpictures.com/thegrandbudapesthotel","redaktionell_geprueft"
"KOM-M-050","K-KOM-25-04","","de","Film","Komödie","Grand Budapest Hotel","The Grand Budapest Hotel","2014","","mittel","Objekt","Schwarze Komödie|Erinnerung|Freundschaft","Komödie|Schwarze Komödie|Erinnerung|Freundschaft","Agatha versteckt die Hilfsmittel in aufwendig gestaltetem Gebäck von Mendl.","„Grand Budapest Hotel“ (2014): Wie gelangen Hilfsmittel für Gustaves Gefängnisausbruch unauffällig hinein?","Verpackt als neue Bibliotheksbücher","Versteckt in kunstvollen Mendl-Gebäckstücken","Eingenäht in Uniformmützen der Wachen","Verborgen in einem Heizkörper","B","Agatha (Saoirse Ronan) versteckt die Hilfsmittel in aufwendig gestaltetem Gebäck von Mendl.","Agathas (Saoirse Ronan) handwerkliches Können erhält eine unmittelbare Bedeutung für Gustaves (Ralph Fiennes) Rettung. Die kunstvollen Backwaren werden gerade wegen ihres sorgfältigen Erscheinungsbilds nicht auf dieselbe Weise zerstört wie gewöhnliche Lieferungen. Der Film verbindet dadurch seine sichtbare Freude an Gestaltung mit einer konkreten Handlungsfunktion. Schönheit bleibt nicht bloße Dekoration, sondern kann innerhalb einer brutalen Umgebung einen kleinen praktischen Freiraum schaffen.","Bibliotheksbücher dienen bei diesem Plan nicht als Transporthülle.","Agatha (Saoirse Ronan) versteckt die Hilfsmittel in aufwendig gestaltetem Gebäck von Mendl.","Uniformmützen sind nicht das Versteck dieser Hilfsmittel.","Ein Heizkörper bringt die Werkzeuge nicht ins Gefängnis.","Mendl-Gebäck enthält mehr als Süßes.","Handlung","https://en.wikipedia.org/wiki/The_Grand_Budapest_Hotel|https://www.searchlightpictures.com/thegrandbudapesthotel","redaktionell_geprueft"
"KOM-S-049","K-KOM-25-05","","de","Film","Komödie","Grand Budapest Hotel","The Grand Budapest Hotel","2014","","schwer","Handlung","Schwarze Komödie|Erinnerung|Freundschaft","Komödie|Schwarze Komödie|Erinnerung|Freundschaft","Eine Gemeinschaft von Concierges, die Gesellschaft der gekreuzten Schlüssel, hilft ihnen weiter.","„Grand Budapest Hotel“ (2014): Welches Netzwerk unterstützt Gustave und den jungen Zero auf ihrer Suche?","Eine geheime Gemeinschaft von Hotelconcierges","Eine Gruppe reisender Zirkusdirektoren","Ein Verband internationaler Kunsthändler","Eine Vereinigung ehemaliger Marineoffiziere","A","Eine Gemeinschaft von Concierges, die Gesellschaft der gekreuzten Schlüssel, hilft ihnen weiter.","Gustaves (Ralph Fiennes) Beruf eröffnet Verbindungen über das einzelne Hotel hinaus. Die Kollegen reagieren auf ein gemeinsames Dienstverständnis und setzen ihre Ortskenntnis sowie ihre Kontakte ein. Der junge Zero (Tony Revolori) erlebt damit eine Form von Solidarität, die aus praktischer Arbeit und wechselseitiger Verlässlichkeit entsteht. Die elegant organisierte Hilfskette bildet einen Gegenpol zur Gewalt und Willkür ihrer Verfolger.","Eine Gemeinschaft von Concierges, die Gesellschaft der gekreuzten Schlüssel, hilft ihnen weiter.","Zirkusdirektoren sind nicht Gustaves (Ralph Fiennes) verbündete Berufsgruppe.","Kunsthändler organisieren diese Hilfe nicht.","Marineoffiziere bilden nicht das gesuchte Netzwerk.","Gekreuzte Schlüssel verbinden die Concierges.","Handlung","https://en.wikipedia.org/wiki/The_Grand_Budapest_Hotel|https://www.searchlightpictures.com/thegrandbudapesthotel","redaktionell_geprueft"
"KOM-S-050","K-KOM-25-06","","de","Film","Komödie","Grand Budapest Hotel","The Grand Budapest Hotel","2014","","schwer","Motivation","Schwarze Komödie|Erinnerung|Freundschaft","Komödie|Schwarze Komödie|Erinnerung|Freundschaft","Der ältere Zero bewahrt das Hotel vor allem als Erinnerungsort an Agatha.","„Grand Budapest Hotel“ (2014): Warum hält der ältere Zero besonders an dem wirtschaftlich überholten Hotel fest?","Weil darin noch ein unentdeckter Goldschatz liegen soll","Weil es seine Erinnerung an Agatha bewahrt","Weil Dmitri ihm für den Verkauf eine hohe Prämie versprochen hat","Weil ein Sportverband dort Weltmeisterschaften plant","B","Der ältere Zero (F. Murray Abraham) bewahrt das Hotel vor allem als Erinnerungsort an Agatha (Saoirse Ronan).","Der ältere Zero (F. Murray Abraham) erzählt nicht nur vom Aufstieg eines Hotelbesitzers. Seine Bindung an das Haus führt zu Agatha (Saoirse Ronan) und einer verlorenen gemeinsamen Zeit zurück. Damit verschiebt der Film die Bedeutung des Gebäudes: Wirtschaftlicher Nutzen erklärt seinen Fortbestand nicht ausreichend. Das verblassende Hotel wird zum materiellen Träger einer persönlichen Erinnerung, die sich nicht durch ein erfolgreicheres Geschäft ersetzen lässt.","Ein verborgener Goldschatz ist nicht sein Beweggrund.","Der ältere Zero (F. Murray Abraham) bewahrt das Hotel vor allem als Erinnerungsort an Agatha (Saoirse Ronan).","Ein Verkaufsbonus von Dmitri (Adrien Brody) erklärt gerade nicht, weshalb er das Haus behält.","Eine geplante Sportmeisterschaft hält das Hotel nicht am Leben.","Der ältere Zero (F. Murray Abraham) bewahrt mit dem Hotel Agathas (Saoirse Ronan) Erinnerung.","Auflösung","https://en.wikipedia.org/wiki/The_Grand_Budapest_Hotel|https://www.searchlightpictures.com/thegrandbudapesthotel","redaktionell_geprueft"
"KOM-L-002-V1","K-KOM-01-02","KOM-L-002","de","Film","Komödie","The Big Lebowski","The Big Lebowski","1998","","leicht","Handlung","Krimikomödie|Verwechslung|Freundschaft","Komödie|Krimikomödie|Verwechslung|Freundschaft","Der Dude, Walter und Donny spielen gemeinsam Bowling.","„The Big Lebowski“ (1998): Welcher Treffpunkt verbindet den Dude regelmäßig mit Walter und Donny?","Die Billardhalle","Die Pferderennbahn","Die Bowlingbahn","Der Tennisplatz","C","Die Bowlingbahn ist der gemeinsame Freizeitort des Dude (Jeff Bridges), Walter (John Goodman) und Donny (Steve Buscemi).","Die Bowlingbahn bildet einen vertrauten Gegenraum zum verwickelten Entführungsfall. Hier begegnen sich der Dude (Jeff Bridges), Walter (John Goodman) und Donny (Steve Buscemi) innerhalb überschaubarer Regeln. Allerdings trägt Walter seine Konfliktlust auch in diesen Freizeitort hinein. Der Film gewinnt viel Komik daraus, dass selbst das vermeintlich harmlose Hobby zum Schauplatz übertriebener Prinzipientreue wird.","Billard ist nicht der Sport, der das Trio zusammenführt.","Pferderennen bilden nicht ihr wiederkehrendes Freizeitritual.","Die Bowlingbahn ist der gemeinsame Freizeitort des Dude (Jeff Bridges), Walter (John Goodman) und Donny (Steve Buscemi).","Tennis ist nicht das gemeinsame Hobby der drei.","Drei Freunde, eine Bowlingbahn.","Handlung","https://en.wikipedia.org/wiki/The_Big_Lebowski|https://www.rottentomatoes.com/m/big_lebowski","redaktionell_geprueft"
"KOM-M-002-V1","K-KOM-01-04","KOM-M-002","de","Film","Komödie","The Big Lebowski","The Big Lebowski","1998","","mittel","Figuren","Krimikomödie|Verwechslung|Freundschaft","Komödie|Krimikomödie|Verwechslung|Freundschaft","Walter bezieht zahlreiche Situationen auf seine Erfahrungen im Vietnamkrieg.","„The Big Lebowski“ (1998): Warum passt eine Bemerkung über Vietnam besonders gut zu Walters Gesprächsverhalten?","Er ermittelt gegen einen vietnamesischen Bowlingverband.","Er plant eine touristische Reise dorthin.","Er deutet viele Situationen durch seine Erfahrungen aus diesem Krieg.","Er übersetzt beruflich vietnamesische Literatur.","C","Walter (John Goodman) zieht seine Vietnamkriegserfahrung immer wieder zur Erklärung aktueller Situationen heran.","Walter (John Goodman) behandelt den Vietnamkrieg wie einen universellen Schlüssel zu gegenwärtigen Problemen. Der Dude (Jeff Bridges) braucht jedoch meist eine praktische Lösung für eine konkrete Schwierigkeit. Die Gespräche geraten deshalb ständig aus der Spur. Walters Gewissheit, bereits alles Wesentliche zu verstehen, verschärft genau jene Verwirrung, die er angeblich beseitigen will.","Eine Untersuchung gegen einen Bowlingverband ist nicht der Hintergrund.","Eine geplante Urlaubsreise erklärt seinen wiederkehrenden Bezug nicht.","Walter (John Goodman) zieht seine Vietnamkriegserfahrung immer wieder zur Erklärung aktueller Situationen heran.","Walter (John Goodman) ist nicht als Literaturübersetzer charakterisiert.","Walter (John Goodman) denkt immer wieder an Vietnam.","Handlung","https://en.wikipedia.org/wiki/The_Big_Lebowski|https://www.rottentomatoes.com/m/big_lebowski","redaktionell_geprueft"
"KOM-S-002-V1","K-KOM-01-06","KOM-S-002","de","Film","Komödie","The Big Lebowski","The Big Lebowski","1998","","schwer","Objekt","Krimikomödie|Verwechslung|Freundschaft","Komödie|Krimikomödie|Verwechslung|Freundschaft","Donnys Asche wird in einer Kaffeedose zur Küste gebracht.","„The Big Lebowski“ (1998): Welcher alltägliche Behälter ersetzt bei Donnys Abschied eine würdevollere Urne?","Ein Einmachglas","Eine Brotdose","Eine Kaffeedose","Eine Thermoskanne","C","Walter (John Goodman) und der Dude (Jeff Bridges) verwenden für Donnys (Steve Buscemi) Asche eine Kaffeedose.","Nach Donnys (Steve Buscemi) Tod versuchen Walter (John Goodman) und der Dude (Jeff Bridges), ihrem Freund einen Abschied zu geben. Die praktische Kaffeedose passt kaum zur Feierlichkeit, die Walter herstellen möchte. Als der Wind die Asche verweht, scheitert auch diese Inszenierung. Unter der grotesken Oberfläche bleibt jedoch die Trauer einer unbeholfenen Freundschaft spürbar.","Die Asche liegt nicht in einem Einmachglas.","Eine Brotdose wird nicht als Urnenersatz verwendet.","Walter (John Goodman) und der Dude (Jeff Bridges) verwenden für Donnys (Steve Buscemi) Asche eine Kaffeedose.","Eine Thermoskanne ist nicht der Behälter.","Donnys (Steve Buscemi) letzter Behälter: eine Kaffeedose.","Auflösung","https://en.wikipedia.org/wiki/The_Big_Lebowski|https://www.rottentomatoes.com/m/big_lebowski","redaktionell_geprueft"
"KOM-L-006-V1","K-KOM-03-02","KOM-L-006","de","Film","Komödie","Das Leben des Brian","Monty Python's Life of Brian","1979","","leicht","Handlung","Satire|Gruppendenken|Monty Python","Komödie|Satire|Gruppendenken|Monty Python","Brians Anhänger erklären ihn gegen seinen Willen zum Messias.","„Das Leben des Brian“ (1979): Wie reagieren Brians Anhänger auf seine Ablehnung der Erlöserrolle?","Sie verlangen von ihm eine militärische Ausbildung.","Sie machen ihn stattdessen zum Steuerbeamten.","Sie erkennen sofort ihren Irrtum und gehen nach Hause.","Sie halten trotzdem an ihm als Messias fest.","D","Brians (Graham Chapman) Einwände lösen den Glauben der Anhänger an ihn als Messias nicht auf.","Brian (Graham Chapman) versucht mehrfach, die Zuschreibungen seiner Umgebung zurückzuweisen. Gerade seine Einwände werden jedoch als weitere Zeichen besonderer Bedeutung gedeutet. Die Komik entsteht aus einem geschlossenen Denksystem, in dem keine Antwort die ursprüngliche Überzeugung erschüttern kann. Der Film richtet den Blick damit auf die Bedürfnisse der Gefolgschaft und ihre Herstellung von Autorität.","Militärischer Unterricht ist nicht ihre Reaktion auf seinen Widerspruch.","Sie wechseln nicht zu einer Ernennung zum Steuerbeamten.","Die Anhänger geben ihre Überzeugung nicht einfach auf.","Brians (Graham Chapman) Einwände lösen den Glauben der Anhänger an ihn als Messias nicht auf.","Brian (Graham Chapman) widerspricht, die Menge glaubt umso mehr.","Handlung","https://en.wikipedia.org/wiki/Monty_Python%27s_Life_of_Brian|https://www.rottentomatoes.com/m/monty_pythons_life_of_brian","redaktionell_geprueft"
"KOM-M-006-V1","K-KOM-03-04","KOM-M-006","de","Film","Komödie","Das Leben des Brian","Monty Python's Life of Brian","1979","","mittel","Handlung","Satire|Gruppendenken|Monty Python","Komödie|Satire|Gruppendenken|Monty Python","Der Soldat behandelt Brians Parole zunächst wie eine mangelhafte Lateinaufgabe.","„Das Leben des Brian“ (1979): Welche überraschende Rolle übernimmt der römische Soldat gegenüber dem Graffiti schreibenden Brian?","Die eines Kunsthändlers","Die eines Übersetzers ins Aramäische","Die eines heimlichen Widerstandskämpfers","Die eines strengen Lateinlehrers","D","Der Soldat korrigiert Brians (Graham Chapman) Latein und lässt ihn die verbesserte Parole wiederholen.","Brian (Graham Chapman) möchte mit einer Wandparole gegen die Besatzung protestieren. Der römische Soldat konzentriert sich jedoch auf sprachliche Fehler und übernimmt die Rolle eines strengen Lehrers. Dadurch verschiebt sich der Konflikt überraschend vom politischen Inhalt zur korrekten Form. Die Szene macht aus staatlicher Autorität zugleich eine vertraute Erfahrung schulischer Einschüchterung.","Er behandelt die Wandparole nicht als verkäufliches Kunstwerk.","Er verlangt korrektes Latein und übersetzt nicht ins Aramäische.","Er unterstützt Brian (Graham Chapman) nicht heimlich politisch.","Der Soldat korrigiert Brians (Graham Chapman) Latein und lässt ihn die verbesserte Parole wiederholen.","Rebellion trifft auf Lateinunterricht.","Handlung","https://en.wikipedia.org/wiki/Monty_Python%27s_Life_of_Brian|https://www.rottentomatoes.com/m/monty_pythons_life_of_brian","redaktionell_geprueft"
"KOM-S-006-V1","K-KOM-03-06","KOM-S-006","de","Film","Komödie","Das Leben des Brian","Monty Python's Life of Brian","1979","","schwer","Filmgestaltung","Satire|Gruppendenken|Monty Python","Komödie|Satire|Gruppendenken|Monty Python","Die Menge wiederholt gemeinsam, dass sie aus Individuen bestehe.","„Das Leben des Brian“ (1979): Welche Reaktion untergräbt die Behauptung der Menge, selbstständig zu denken?","Die Anhänger weigern sich geschlossen, Brian zuzuhören.","Die Anhänger entwickeln viele widersprüchliche Argumente.","Jeder Anhänger verlässt den Platz in eine andere Richtung.","Die Anhänger wiederholen gemeinsam Brians Aussage über Individualität.","D","Die gemeinsame Wiederholung macht den Widerspruch zwischen behaupteter Individualität und tatsächlicher Gefolgschaft sichtbar.","Brian (Graham Chapman) fordert seine Anhänger auf, selbst zu denken, doch sie reagieren erneut als geschlossene Gruppe. Inhalt und Verhalten widersprechen einander unmittelbar. Die Szene braucht dafür keine komplizierte Intrige: Schon der gemeinsame Sprechakt entlarvt die Bereitschaft, fremde Vorgaben zu übernehmen. Selbst der Aufruf zur Unabhängigkeit wird so zur nächsten gemeinschaftlichen Formel.","Die Menge hört Brian (Graham Chapman) gerade zu und übernimmt seine Vorgabe.","Unterschiedliche Argumente würden eher selbstständiges Denken zeigen; sie tragen diese Pointe nicht.","Ein individuelles Weggehen ist nicht die komische Reaktion der Szene.","Die gemeinsame Wiederholung macht den Widerspruch zwischen behaupteter Individualität und tatsächlicher Gefolgschaft sichtbar.","Individualität im Gleichklang.","Handlung","https://en.wikipedia.org/wiki/Monty_Python%27s_Life_of_Brian|https://www.rottentomatoes.com/m/monty_pythons_life_of_brian","redaktionell_geprueft"
"KOM-L-010-V1","K-KOM-05-02","KOM-L-010","de","Film","Komödie","Die unglaubliche Reise in einem verrückten Flugzeug","Airplane!","1980","Airplane!","leicht","Handlung","Parodie|Katastrophenfilm|Slapstick","Komödie|Parodie|Katastrophenfilm|Slapstick|Airplane!|Leslie Nielsen","Das Fischgericht macht unter anderem die Piloten flugunfähig.","„Die unglaubliche Reise in einem verrückten Flugzeug“ (1980): Welche gemeinsame Ursache erklärt, dass große Teile der Besatzung plötzlich ausfallen?","Sie haben das Fischgericht gegessen.","Sie haben alle dieselbe Schlafmaske benutzt.","Sie haben an einer Notfallübung teilgenommen.","Sie haben zu wenig Kaffee getrunken.","A","Die Erkrankten haben das vergiftete Fischgericht gegessen.","Die Erkrankung verwandelt einen gewöhnlichen Linienflug in ein Katastrophenszenario. Rumack (Leslie Nielsen) erkennt den Zusammenhang mit dem Fischgericht, doch medizinisches Wissen löst das fliegerische Problem noch nicht. Ted (Robert Hays) muss eine Verantwortung übernehmen, der er eigentlich ausweichen möchte. Die vertraute Dramaturgie des Rettungsfilms bleibt dabei bestehen und bietet Halt für die zahlreichen absurden Abschweifungen.","Die Erkrankten haben das vergiftete Fischgericht gegessen.","Schlafmasken verursachen die Erkrankung nicht.","Eine Übung ist nicht der Grund ihres tatsächlichen Ausfalls.","Kaffeemangel erklärt die akute Vergiftung nicht.","Fisch an Bord, Krise im Cockpit.","Handlung","https://en.wikipedia.org/wiki/Airplane!|https://www.paramountpictures.com/movies/airplane","redaktionell_geprueft"
"KOM-M-010-V1","K-KOM-05-04","KOM-M-010","de","Film","Komödie","Die unglaubliche Reise in einem verrückten Flugzeug","Airplane!","1980","Airplane!","mittel","Figuren","Parodie|Katastrophenfilm|Slapstick","Komödie|Parodie|Katastrophenfilm|Slapstick|Airplane!|Leslie Nielsen","Elaine arbeitet als Flugbegleiterin.","„Die unglaubliche Reise in einem verrückten Flugzeug“ (1980): In welcher beruflichen Funktion begegnet Elaine den Passagieren?","Als Flugbegleiterin","Als Reisejournalistin","Als Flughafenärztin","Als Flugzeugmechanikerin","A","Elaine (Julie Hagerty) ist Mitglied der Kabinenbesatzung und arbeitet als Flugbegleiterin.","Elaine (Julie Hagerty) gehört beruflich zur Besatzung und muss sich gleichzeitig mit Ted (Robert Hays) und der eskalierenden Lage auseinandersetzen. Ihre Funktion verbindet das Cockpit mit dem Passagierraum. Dadurch bleibt die Beziehungsgeschichte eng mit dem Katastrophenablauf verzahnt. Sie ist nicht bloß der Anlass für Teds Reise, sondern arbeitet innerhalb der gefährdeten Situation selbst mit.","Elaine (Julie Hagerty) ist Mitglied der Kabinenbesatzung und arbeitet als Flugbegleiterin.","Elaine (Julie Hagerty) begleitet den Flug nicht als Journalistin.","Sie ist keine Flughafenärztin.","Die technische Wartung ist nicht ihre Tätigkeit an Bord.","Elaine (Julie Hagerty) gehört zur Kabinenbesatzung.","Handlung","https://en.wikipedia.org/wiki/Airplane!|https://www.paramountpictures.com/movies/airplane","redaktionell_geprueft"
"KOM-S-010-V1","K-KOM-05-06","KOM-S-010","de","Film","Komödie","Die unglaubliche Reise in einem verrückten Flugzeug","Airplane!","1980","Airplane!","schwer","Beziehung","Parodie|Katastrophenfilm|Slapstick","Komödie|Parodie|Katastrophenfilm|Slapstick|Airplane!|Leslie Nielsen","Kramer kennt Ted als früherer militärischer Vorgesetzter.","„Die unglaubliche Reise in einem verrückten Flugzeug“ (1980): Warum ist die Hilfe des Bodenexperten Kramer für Ted auch persönlich belastet?","Kramer gehört als früherer Vorgesetzter zu seiner militärischen Vergangenheit.","Kramer ist Teds jüngerer Bruder.","Kramer hat Ted als Schauspielagent vertreten.","Kramer hat früher Teds Wohnung vermietet.","A","Kramer (Robert Stack) war Teds (Robert Hays) militärischer Vorgesetzter und erinnert ihn dadurch an seine frühere Fliegerzeit.","Kramer (Robert Stack) bringt die Vergangenheit ins Spiel, vor der Ted (Robert Hays) zurückschreckt. Die Hilfe vom Boden ist deshalb nicht emotional neutral: Ausgerechnet eine Autoritätsfigur aus seinem früheren Fliegerleben soll ihn durch die neue Krise führen. Der Film nutzt diese Verbindung wie ein ernstes Traumaelement des Katastrophenfilms und überlagert sie fortlaufend mit komischer Übertreibung.","Kramer (Robert Stack) war Teds (Robert Hays) militärischer Vorgesetzter und erinnert ihn dadurch an seine frühere Fliegerzeit.","Kramer (Robert Stack) und Ted (Robert Hays) sind keine Brüder.","Eine Tätigkeit als Schauspielagent verbindet die beiden nicht.","Ein früheres Mietverhältnis ist nicht ihr gemeinsamer Hintergrund.","Kramer (Robert Stack) gehört zu Teds (Robert Hays) militärischer Vergangenheit.","Handlung","https://en.wikipedia.org/wiki/Airplane!|https://www.paramountpictures.com/movies/airplane","redaktionell_geprueft"
"KOM-L-016-V1","K-KOM-08-02","KOM-L-016","de","Film","Komödie","Frankenstein Junior","Young Frankenstein","1974","","leicht","Figuren","Parodie|Horrorkomödie|Mel Brooks","Komödie|Parodie|Horrorkomödie|Mel Brooks","Fredericks Helfer heißt Igor.","„Frankenstein Junior“ (1974): Welche Figur wird von Marty Feldman gespielt und unterstützt Frederick im Schloss?","Dracula","Igor","Van Helsing","Renfield","B","Marty Feldman spielt den Helfer Igor (Marty Feldman).","Igor (Marty Feldman) gehört zur vertrauten Ausstattung des Frankenstein-Stoffs, begegnet dieser Tradition aber mit eigener Verspieltheit. Seine Reaktionen und körperlichen Gags unterlaufen Fredericks (Gene Wilder) wissenschaftliche Würde. Die Figur ist deshalb mehr als eine dienende Nebenrolle: Sie macht sichtbar, wie wenig Kontrolle der vermeintliche Leiter über seine Umgebung besitzt und wie durchlässig die Grenze zwischen Gruselbild und Bühnenscherz wird.","Dracula ist nicht der gesuchte Helfer.","Marty Feldman spielt den Helfer Igor (Marty Feldman).","Van Helsing ist nicht Marty Feldmans Rolle in diesem Film.","Renfield ist nicht Fredericks (Gene Wilder) Assistent.","Igor (Marty Feldman) hilft und unterläuft jede Würde.","Handlung","https://en.wikipedia.org/wiki/Young_Frankenstein|https://www.rottentomatoes.com/m/young_frankenstein","redaktionell_geprueft"
"KOM-M-016-V1","K-KOM-08-04","KOM-M-016","de","Film","Komödie","Frankenstein Junior","Young Frankenstein","1974","","mittel","Objekt","Parodie|Horrorkomödie|Mel Brooks","Komödie|Parodie|Horrorkomödie|Mel Brooks","Igor beschädigt das vorgesehene Gehirn und nimmt stattdessen ein als abnormal gekennzeichnetes Exemplar.","„Frankenstein Junior“ (1974): Worin weicht das eingesetzte Gehirn von Fredericks ursprünglichem Plan ab?","Igor hat nur eine Zeichnung eines Gehirns geliefert.","Igor hat das vorgesehene Exemplar beschädigt und ein als abnormal markiertes genommen.","Frederick hat absichtlich sein eigenes Gehirn entnommen.","Die Kreatur besitzt stattdessen überhaupt kein Gehirn.","B","Igor (Marty Feldman) ersetzt das beschädigte vorgesehene Gehirn durch ein falsch ausgewähltes Exemplar.","Fredericks (Gene Wilder) Experiment soll auf planvoller wissenschaftlicher Auswahl beruhen. Igors (Marty Feldman) Austausch bringt jedoch eine entscheidende Unbekannte in das Verfahren, ohne dass der Leiter rechtzeitig davon erfährt. Die spätere Erklärung verwandelt einen folgenreichen Fehler in ein sprachliches Missverständnis. Damit verbindet die Szene Laborhorror mit dem vertrauten Komödienmotiv eines Helfers, der schlechte Nachrichten möglichst beiläufig präsentiert.","Igor (Marty Feldman) bringt ein reales Gehirn, keine Zeichnung.","Igor (Marty Feldman) ersetzt das beschädigte vorgesehene Gehirn durch ein falsch ausgewähltes Exemplar.","Frederick (Gene Wilder) entnimmt für dieses Experiment nicht sein eigenes Gehirn.","Der Körper erhält ein Gehirn, allerdings nicht das geplante.","Igor (Marty Feldman) beschafft das falsche Gehirn.","Handlung","https://en.wikipedia.org/wiki/Young_Frankenstein|https://www.rottentomatoes.com/m/young_frankenstein","redaktionell_geprueft"
"KOM-S-016-V1","K-KOM-08-06","KOM-S-016","de","Film","Komödie","Frankenstein Junior","Young Frankenstein","1974","","schwer","Handlung","Parodie|Horrorkomödie|Mel Brooks","Komödie|Parodie|Horrorkomödie|Mel Brooks","Frederick überträgt einen Teil seiner Intelligenz auf die Kreatur.","„Frankenstein Junior“ (1974): Wodurch kann die Kreatur am Ende ihre Lage wesentlich differenzierter ausdrücken?","Durch einen ausgetauschten Schauspieler innerhalb der Handlung","Durch die Verbindung mit Fredericks Intelligenz","Durch einen eingebauten Lautsprecher mit fertigen Sätzen","Durch die Lektüre eines einzigen Zeitungsartikels","B","Fredericks (Gene Wilder) Intelligenzübertragung verändert die Ausdrucksfähigkeit der Kreatur (Peter Boyle).","Die spätere Verständigungsfähigkeit der Kreatur (Peter Boyle) verändert das Verhältnis zwischen Schöpfer, Geschöpf und Umwelt. Frederick (Gene Wilder) löst das Problem nicht einfach durch Vernichtung des misslungenen Experiments. Er beteiligt sich selbst am Ausgleich. Die Komödie nutzt den Eingriff zugleich für weitere körperliche und romantische Pointen, während die zuvor bedrohliche Figur erstmals ihre Lage differenziert ausdrücken kann.","Es handelt sich weiterhin um dieselbe Kreatur (Peter Boyle).","Fredericks (Gene Wilder) Intelligenzübertragung verändert die Ausdrucksfähigkeit der Kreatur (Peter Boyle).","Ein Lautsprecher übernimmt ihre Äußerungen nicht.","Ein einzelner Artikel verursacht die geistige Veränderung nicht.","Geteilte Intelligenz verändert das Geschöpf.","Auflösung","https://en.wikipedia.org/wiki/Young_Frankenstein|https://www.rottentomatoes.com/m/young_frankenstein","redaktionell_geprueft"
"KOM-L-020-V1","K-KOM-10-02","KOM-L-020","de","Film","Komödie","Galaxy Quest – Planlos durchs Weltall","Galaxy Quest","1999","","leicht","Handlung","Parodie|Science-Fiction-Komödie|Fankultur","Komödie|Parodie|Science-Fiction-Komödie|Fankultur","Die Thermianer verstehen die Fernsehserie als Dokumentation realer Heldentaten.","„Galaxy Quest – Planlos durchs Weltall“ (1999): Welcher Irrtum macht aus früheren Fernsehstars vermeintlich erfahrene Weltraumretter?","Die Thermianer verwechseln eine Preisverleihung mit einer Raumfahrtprüfung.","Die Thermianer halten die Darsteller für ihre eigenen verschollenen Eltern.","Die Thermianer können die Serie nicht als erfundene Handlung einordnen.","Die Thermianer haben einen Vertrag mit dem Fernsehsender unterschrieben.","C","Die Thermianer nehmen die Serienabenteuer als reale historische Ereignisse wahr.","Für Jason (Tim Allen) sind die alten Abenteuer berufliche Vergangenheit, für Mathesar (Enrico Colantoni) und die Thermianer sind sie Vorbilder wirklichen Handelns. Das Missverständnis erzeugt zunächst Komik über Schauspiel und Wirklichkeit. Zugleich verleiht es der Fiktion Gewicht: Die Außerirdischen haben aus den Geschichten Hoffnung und technische Orientierung gewonnen, auch wenn deren menschliche Urheber das kaum noch ernst nehmen.","Eine Raumfahrtprüfung ist nicht die Grundlage des Missverständnisses.","Eine Elternverwechslung liegt nicht vor.","Die Thermianer nehmen die Serienabenteuer als reale historische Ereignisse wahr.","Ein Sendervertrag erklärt die Hilfesuche nicht.","Fernsehfiktion gilt den Thermianern als Geschichte.","Handlung","https://en.wikipedia.org/wiki/Galaxy_Quest|https://www.paramountpictures.com/movies/galaxy-quest","redaktionell_geprueft"
"KOM-M-020-V1","K-KOM-10-04","KOM-M-020","de","Film","Komödie","Galaxy Quest – Planlos durchs Weltall","Galaxy Quest","1999","","mittel","Handlung","Parodie|Science-Fiction-Komödie|Fankultur","Komödie|Parodie|Science-Fiction-Komödie|Fankultur","Brandon nutzt sein detailliertes Serienwissen, um Wege durch das nachgebaute Schiff zu erklären.","„Galaxy Quest – Planlos durchs Weltall“ (1999): Weshalb wird ausgerechnet ein begeisterter Fan für die reale Rettungsmission nützlich?","Brandon hat alle Gegner persönlich bestochen.","Brandon besitzt eine geheime Armee von Raumjägern.","Brandon kennt die Schiffsarchitektur aus der Serie sehr genau.","Brandon ist der unbekannte Erbauer des echten Raumschiffs.","C","Brandons (Justin Long) detailliertes Wissen über das Serienschiff hilft der Besatzung bei der Orientierung.","Brandons (Justin Long) Begeisterung wirkt zunächst wie übertriebene Beschäftigung mit einer erfundenen Welt. Sobald das Schiff jedoch real existiert, wird genau dieses Wissen praktisch wertvoll. Jason (Tim Allen) muss lernen, den Fan als kompetenten Helfer anzuerkennen. Die Geschichte kehrt damit eine übliche Rangordnung um: Detailkenntnis, die im Alltag belächelt wird, kann in der passenden Situation Leben retten.","Er hat die Gegner nicht durch Bestechung neutralisiert.","Brandon (Justin Long) verfügt nicht über eine Raumjägerarmee.","Brandons (Justin Long) detailliertes Wissen über das Serienschiff hilft der Besatzung bei der Orientierung.","Das echte Schiff wurde von den Thermianern gebaut, nicht von Brandon (Justin Long).","Fanwissen wird zum Lageplan.","Handlung","https://en.wikipedia.org/wiki/Galaxy_Quest|https://www.paramountpictures.com/movies/galaxy-quest","redaktionell_geprueft"
"KOM-S-020-V1","K-KOM-10-06","KOM-S-020","de","Film","Komödie","Galaxy Quest – Planlos durchs Weltall","Galaxy Quest","1999","","schwer","Motivation","Parodie|Science-Fiction-Komödie|Fankultur","Komödie|Parodie|Science-Fiction-Komödie|Fankultur","Guy überträgt das Schicksal seiner kurzlebigen Serienrolle auf das echte Abenteuer.","„Galaxy Quest – Planlos durchs Weltall“ (1999): Welche Serienkonvention bezieht Guy voller Angst auf sich selbst?","Ein wiederkehrender Bösewicht darf nie sterben.","Der Kommandant muss immer als Letzter das Schiff verlassen.","Ein namenloser Begleiter wird früh geopfert, um die Gefahr zu zeigen.","Der Schiffsarzt übernimmt automatisch die Führung.","C","Guy (Sam Rockwell) fürchtet, wie seine frühere namenlose Serienfigur früh sterben zu müssen.","Guy (Sam Rockwell) kennt die Erzählkonvention, nach der unbekannte Begleiter oft nur eingeführt werden, um Gefahr durch ihren Tod sichtbar zu machen. Seine Angst kommentiert deshalb zugleich die Dramaturgie des Abenteuerfilms. Sam Rockwell spielt diese Unsicherheit als sehr konkreten Überlebenswunsch. Die Figur möchte mehr sein als eine austauschbare Funktion innerhalb der Geschichte anderer Menschen.","Er versteht sich nicht als wiederkehrender Bösewicht.","Guy (Sam Rockwell) ist nicht der Kommandant; diese Regel erklärt seine Angst nicht.","Guy (Sam Rockwell) fürchtet, wie seine frühere namenlose Serienfigur früh sterben zu müssen.","Die Rolle des Schiffsarztes ist nicht sein Bezugspunkt.","Guy (Sam Rockwell) fürchtet das Schicksal des namenlosen Statisten.","Handlung","https://en.wikipedia.org/wiki/Galaxy_Quest|https://www.paramountpictures.com/movies/galaxy-quest","redaktionell_geprueft"
"KOM-L-026-V1","K-KOM-13-02","KOM-L-026","de","Film","Komödie","Hangover","The Hangover","2009","Hangover","leicht","Figuren","Ensemblekomödie|Erinnerungslücke|Freundschaft","Komödie|Ensemblekomödie|Erinnerungslücke|Freundschaft|Hangover","Doug, der Bräutigam, wird nach der Nacht vermisst.","„Hangover“ (2009): Wer ist nach dem Junggesellenabschied verschwunden?","Stu – der Zahnarzt","Phil – der Trauzeuge","Alan – der Mitreisende","Doug – der Bräutigam","D","Die drei suchen Doug (Justin Bartha), der nach der Nacht verschwunden ist.","Dougs (Justin Bartha) Verschwinden gibt der Handlung einen klaren Zeitdruck: Der Mann, um den sich die Reise dreht, muss rechtzeitig zur Hochzeit zurückkehren. Phil (Bradley Cooper), Stu (Ed Helms) und Alan (Zach Galifianakis) können sich jedoch kaum auf ihre Erinnerungen stützen. Die Komödie organisiert sich deshalb wie eine Ermittlung, bei der die Suchenden zugleich die unbekannten Verursacher vieler Probleme sind.","Stu gehört zu den Freunden, die nach Doug suchen.","Phil gehört zu den Freunden, die nach Doug suchen.","Alan gehört zu den Freunden, die nach Doug suchen.","Richtig. Doug ist verschwunden; seine Freunde müssen ihn vor der Hochzeit finden.","Der Bräutigam Doug (Justin Bartha) fehlt.","Handlung","https://en.wikipedia.org/wiki/The_Hangover|https://www.rottentomatoes.com/m/10010667-hangover","redaktionell_geprueft"
"KOM-M-026-V1","K-KOM-13-04","KOM-M-026","de","Film","Komödie","Hangover","The Hangover","2009","Hangover","mittel","Figuren","Ensemblekomödie|Erinnerungslücke|Freundschaft","Komödie|Ensemblekomödie|Erinnerungslücke|Freundschaft|Hangover","Stu ist Zahnarzt.","„Hangover“ (2009): Weshalb ist Stus fehlender Zahn besonders ironisch?","Er ist Schauspieler in einer Vampirserie.","Er verkauft Zahnpasta als Straßenhändler.","Er ist beruflicher Stuntfahrer.","Er arbeitet selbst als Zahnarzt.","D","Stu (Ed Helms) ist Zahnarzt und findet nach der Nacht bei sich selbst eine Zahnlücke.","Stus (Ed Helms) Beruf steht für Genauigkeit, berufliche Kontrolle und körperliche Unversehrtheit. Dass er nach der Nacht selbst einen Zahn vermisst, macht diesen Hintergrund besonders komisch. Ed Helms spielt eine Figur, deren bemüht angepasstes Selbstbild mit den sichtbaren Folgen ihres Verhaltens kollidiert. Die Rekonstruktion der Nacht zwingt ihn auch, seine gewohnte Rolle in Beziehungen zu hinterfragen.","Eine Vampirserie ist nicht sein beruflicher Hintergrund.","Er ist kein Straßenhändler für Zahnpasta.","Stus (Ed Helms) Beruf ist nicht Stuntfahrer.","Stu (Ed Helms) ist Zahnarzt und findet nach der Nacht bei sich selbst eine Zahnlücke.","Zahnarzt Stu (Ed Helms) verliert selbst einen Zahn.","Handlung","https://en.wikipedia.org/wiki/The_Hangover|https://www.rottentomatoes.com/m/10010667-hangover","redaktionell_geprueft"
"KOM-S-026-V1","K-KOM-13-06","KOM-S-026","de","Film","Komödie","Hangover","The Hangover","2009","Hangover","schwer","Handlung","Ensemblekomödie|Erinnerungslücke|Freundschaft","Komödie|Ensemblekomödie|Erinnerungslücke|Freundschaft|Hangover","Doug sitzt auf dem Hoteldach fest, auf das ihn die Freunde in der Nacht gebracht haben.","„Hangover“ (2009): Welche Auflösung verkürzt die weiträumige Suche auf den ursprünglichen Hotelort?","Doug wartet in einem anderen Bundesstaat.","Doug fährt seit Stunden in einem Polizeibus mit.","Doug sitzt als Gast am Nebentisch der Hochzeitsfeier.","Doug steckt auf dem Hoteldach fest.","D","Doug (Justin Bartha) befindet sich auf dem Dach des Hotels, in dem die Nacht begann.","Die Suche führt durch Las Vegas, während Doug (Justin Bartha) die ganze Zeit in unmittelbarer Nähe des Ausgangspunkts bleibt. Das macht die Auflösung zur räumlichen Umkehrung der bisherigen Ermittlung. Die Freunde mussten zahlreiche fremde Orte aufsuchen, um eine eigene Handlung zu rekonstruieren. Der große Umweg endet mit einem Hinweis darauf, wie wenig sie ihre nächste Umgebung verstanden hatten.","Er hat den Hotelort nicht für einen anderen Bundesstaat verlassen.","Ein Polizeibus ist nicht sein Aufenthaltsort.","Er ist noch nicht als Gast bei der Hochzeitsfeier angekommen.","Doug (Justin Bartha) befindet sich auf dem Dach des Hotels, in dem die Nacht begann.","Doug (Justin Bartha) ist oben: auf dem Hoteldach.","Auflösung","https://en.wikipedia.org/wiki/The_Hangover|https://www.rottentomatoes.com/m/10010667-hangover","redaktionell_geprueft"
"KOM-L-032-V1","K-KOM-16-02","KOM-L-032","de","Film","Komödie","Ferris macht blau","Ferris Bueller's Day Off","1986","","leicht","Handlung","Jugendkomödie|Freundschaft|Schule","Komödie|Jugendkomödie|Freundschaft|Schule","Ferris, Cameron und Sloane verbringen den Tag in Chicago.","„Ferris macht blau“ (1986): Welche Stadt bildet die Bühne für Ferris’ Ausflug mit Cameron und Sloane?","Chicago","Baltimore","Detroit","San Francisco","A","Der gemeinsame Ausflug führt durch Chicago.","Die Stadt bietet Ferris (Matthew Broderick), Cameron (Alan Ruck) und Sloane (Mia Sara) eine Reihe unterschiedlicher Bühnen: öffentliche Veranstaltungen, Kultur und Orte gesellschaftlicher Repräsentation. Der Ausflug wird dadurch zu einer kleinen Erprobung von Freiheit. Allerdings erleben die drei dieselben Stunden nicht gleich. Während Ferris sich selbstverständlich Räume aneignet, muss Cameron erst herausfinden, ob er eigene Wünsche gegen seine Angst behaupten kann.","Der gemeinsame Ausflug führt durch Chicago.","Baltimore ist nicht die Stadt ihres Ausflugs.","Detroit ist nicht der Schauplatz dieses Tages.","San Francisco ist nicht die besuchte Stadt.","Ein freier Tag in Chicago.","Handlung","https://en.wikipedia.org/wiki/Ferris_Bueller%27s_Day_Off|https://www.paramountpictures.com/movies/ferris-buellers-day-off","redaktionell_geprueft"
"KOM-M-032-V1","K-KOM-16-04","KOM-M-032","de","Film","Komödie","Ferris macht blau","Ferris Bueller's Day Off","1986","","mittel","Handlung","Jugendkomödie|Freundschaft|Schule","Komödie|Jugendkomödie|Freundschaft|Schule","Die Freunde täuschen den Tod von Sloanes Großmutter vor.","„Ferris macht blau“ (1986): Welcher Vorwand bringt die Schule dazu, Sloane vom Unterricht freizugeben?","Ein behaupteter Todesfall bei ihrer Großmutter","Eine angebliche Zugverspätung ihres Vaters","Eine vermeintliche Preisverleihung für ihre Mutter","Ein angeblicher Zahnarzttermin","A","Der angebliche Tod von Sloanes (Mia Sara) Großmutter dient als Ausrede.","Ferris (Matthew Broderick) nutzt eine Situation, in der schulische Kontrolle aus Rücksicht normalerweise zurücktritt. Sloanes (Mia Sara) Befreiung aus dem Unterricht setzt deshalb auf die soziale Verbindlichkeit einer Trauernachricht. Die Komik entsteht aus der sorgfältigen Durchführung dieser Täuschung und Rooneys (Jeffrey Jones) Misstrauen. Zugleich zeigt die Szene, wie geschickt Ferris institutionelle Abläufe als Material für seine eigenen Pläne behandelt.","Der angebliche Tod von Sloanes (Mia Sara) Großmutter dient als Ausrede.","Eine Zugverspätung ist nicht die Begründung für ihre Abholung.","Eine Preisverleihung wird nicht vorgeschoben.","Ein Zahnarzttermin ist nicht der verwendete Vorwand.","Sloane (Mia Sara) wird wegen eines erfundenen Trauerfalls abgeholt.","Handlung","https://en.wikipedia.org/wiki/Ferris_Bueller%27s_Day_Off|https://www.paramountpictures.com/movies/ferris-buellers-day-off","redaktionell_geprueft"
"KOM-S-032-V1","K-KOM-16-06","KOM-S-032","de","Film","Komödie","Ferris macht blau","Ferris Bueller's Day Off","1986","","schwer","Beziehung","Jugendkomödie|Freundschaft|Schule","Komödie|Jugendkomödie|Freundschaft|Schule","Jeanie hilft Ferris gegen Rooney, obwohl sie sich zuvor über seinen Erfolg geärgert hat.","„Ferris macht blau“ (1986): Wer hilft Ferris zuletzt gegen Rooney, obwohl diese Person sich zuvor über ihn geärgert hat?","Seine Schwester Jeanie","Seine Freundin Sloane","Sein Vater","Sein Freund Cameron","A","Jeanie (Jennifer Grey) unterstützt ihren Bruder Ferris (Matthew Broderick) gegen Rooney (Jeffrey Jones).","Jeanie (Jennifer Grey) erlebt Ferris (Matthew Broderick) zunächst als Bruder, der mit allem durchkommt, während sie selbst Regeln beachtet. Ihre abschließende Entscheidung bedeutet deshalb eine Verschiebung der Loyalität. Jennifer Grey lässt die Figur dabei nicht einfach ihre frühere Verärgerung vergessen. Sie erkennt vielmehr, dass Rooneys (Jeffrey Jones) übergriffiger Eifer einen anderen Maßstab verlangt als die gewöhnliche Konkurrenz zwischen Geschwistern.","Jeanie (Jennifer Grey) unterstützt ihren Bruder Ferris (Matthew Broderick) gegen Rooney (Jeffrey Jones).","Sloane (Mia Sara) ist nicht die gesuchte Person.","Ferris’ (Matthew Broderick) Vater übernimmt diese Rolle am Ende nicht.","Cameron (Alan Ruck) ist nicht die zuvor verärgerte Schwester, die in dieser Schlusssituation eingreift.","Jeanie (Jennifer Grey) entscheidet sich gegen Rooney (Jeffrey Jones) und für Ferris (Matthew Broderick).","Auflösung","https://en.wikipedia.org/wiki/Ferris_Bueller%27s_Day_Off|https://www.paramountpictures.com/movies/ferris-buellers-day-off","redaktionell_geprueft"
"KOM-L-036-V1","K-KOM-18-02","KOM-L-036","de","Film","Komödie","Kevin – Allein zu Haus","Home Alone","1990","Kevin – Allein zu Haus","leicht","Handlung","Familienkomödie|Weihnachten|Slapstick","Komödie|Familienkomödie|Weihnachten|Slapstick|Kevin – Allein zu Haus","Kevins Familie fliegt nach Paris.","„Kevin – Allein zu Haus“ (1990): Welcher Reiseort erklärt die große Entfernung zwischen Kevin und seiner Familie?","Berlin","Paris","Madrid","Dublin","B","Die Familie ist nach Paris geflogen, während Kevin (Macaulay Culkin) zu Hause bleibt.","Die Entfernung nach Paris macht aus einer häuslichen Verwechslung ein schwer zu behebendes Problem. Kate (Catherine O'Hara) kann nicht einfach umkehren und wenige Minuten später vor der Tür stehen. Während Kevin (Macaulay Culkin) seine neue Freiheit entdeckt, wird ihre Rückreise von Verkehrswegen und verfügbaren Plätzen bestimmt. Der Film verbindet damit zwei gegensätzliche Erfahrungen derselben Trennung: Abenteuer zu Hause und verzweifelte Bewegung aus der Ferne.","Berlin ist nicht das Urlaubsziel der Familie.","Die Familie ist nach Paris geflogen, während Kevin (Macaulay Culkin) zu Hause bleibt.","Madrid ist nicht der Zielort des Fluges.","Dublin ist nicht ihr Reiseziel.","Die Familie ist in Paris, Kevin (Macaulay Culkin) bleibt zu Hause.","Handlung","https://en.wikipedia.org/wiki/Home_Alone|https://www.rottentomatoes.com/m/home_alone","redaktionell_geprueft"
"KOM-M-036-V1","K-KOM-18-04","KOM-M-036","de","Film","Komödie","Kevin – Allein zu Haus","Home Alone","1990","Kevin – Allein zu Haus","mittel","Handlung","Familienkomödie|Weihnachten|Slapstick","Komödie|Familienkomödie|Weihnachten|Slapstick|Kevin – Allein zu Haus","Gus bietet Kate eine Mitfahrt mit seiner Polkaband an.","„Kevin – Allein zu Haus“ (1990): Welche Art von Reisenden ermöglicht Kate schließlich die Weiterfahrt nach Hause?","Eine Gruppe von Rennfahrern","Eine Polkaband um Gus","Eine Delegation von Piloten","Ein Team von Fernsehköchen","B","Gus (John Candy) nimmt Kate (Catherine O'Hara) im Fahrzeug seiner Polkaband mit.","Kates (Catherine O'Hara) Rückreise scheitert immer wieder an ausgebuchten Verbindungen und zeitlichen Grenzen. Gus (John Candy) begegnet ihr außerhalb der üblichen professionellen Hilfewege. John Candy spielt diese Unterstützung mit beiläufiger Freundlichkeit. Die Szene ergänzt die große Weihnachtsgeschichte um eine einfache soziale Beobachtung: Ein Mensch muss die ganze Lage nicht lösen können, um durch ein konkretes Angebot entscheidend weiterzuhelfen.","Rennfahrer bieten nicht die entscheidende Mitfahrt an.","Gus (John Candy) nimmt Kate (Catherine O'Hara) im Fahrzeug seiner Polkaband mit.","Eine Pilotendelegation organisiert diese Weiterfahrt nicht.","Fernsehköche helfen ihr nicht in dieser Form.","Die Polkaband bringt Kate (Catherine O'Hara) weiter.","Handlung","https://en.wikipedia.org/wiki/Home_Alone|https://www.rottentomatoes.com/m/home_alone","redaktionell_geprueft"
"KOM-S-036-V1","K-KOM-18-06","KOM-S-036","de","Film","Komödie","Kevin – Allein zu Haus","Home Alone","1990","Kevin – Allein zu Haus","schwer","Handlung","Familienkomödie|Weihnachten|Slapstick","Komödie|Familienkomödie|Weihnachten|Slapstick|Kevin – Allein zu Haus","Marley schlägt die Einbrecher mit seiner Schneeschaufel nieder und rettet Kevin.","„Kevin – Allein zu Haus“ (1990): Welche Hilfe beendet Kevins unmittelbare Gefahr, nachdem Harry und Marv ihn gefasst haben?","Ein Postbote sperrt beide in einen Lieferwagen.","Marley greift mit seiner Schneeschaufel ein.","Kate überwältigt beide mit einem Koffer.","Gus lenkt beide mit einem Konzert ab.","B","Marley (Roberts Blossom) rettet Kevin (Macaulay Culkin) mit seiner Schneeschaufel vor Harry (Joe Pesci) und Marv (Daniel Stern).","Kevins (Macaulay Culkin) Fallen verschaffen ihm lange einen Vorsprung, garantieren aber keine vollständige Sicherheit. Als Harry (Joe Pesci) und Marv (Daniel Stern) ihn doch fassen, braucht er Hilfe von außen. Ausgerechnet Marley (Roberts Blossom), vor dem er sich zuvor gefürchtet hat, wird zum Retter. Der Film verbindet die körperliche Rettung damit direkt mit der vorherigen Korrektur eines vorschnellen Urteils über einen Nachbarn.","Ein Postbote schließt die Einbrecher nicht in einen Lieferwagen ein.","Marley (Roberts Blossom) rettet Kevin (Macaulay Culkin) mit seiner Schneeschaufel vor Harry (Joe Pesci) und Marv (Daniel Stern).","Kate (Catherine O'Hara) führt in dieser Situation nicht die Rettung mit einem Koffer aus.","Gus (John Candy) ist an dieser konkreten Rettung nicht beteiligt.","Marleys (Roberts Blossom) Schneeschaufel rettet Kevin (Macaulay Culkin).","Auflösung","https://en.wikipedia.org/wiki/Home_Alone|https://www.rottentomatoes.com/m/home_alone","redaktionell_geprueft"
"KOM-L-042-V1","K-KOM-21-02","KOM-L-042","de","Film","Komödie","Pappa ante portas","Pappa ante portas","1991","","leicht","Handlung","Alltagskomödie|Ruhestand|Loriot","Komödie|Alltagskomödie|Ruhestand|Loriot|Evelyn Hamann","Heinrichs übertriebener Großeinkauf von Büromaterial löst das Ende seiner beruflichen Tätigkeit aus.","„Pappa ante portas“ (1991): Welcher Fehler zeigt schon im Beruf Heinrichs überzogenes Beschaffungsdenken?","Er verweigert jede Bestellung von Büromaterial.","Er vernichtet alle Bestellunterlagen absichtlich.","Er bestellt Büromaterial in einem weit über den Bedarf hinausgehenden Umfang.","Er ersetzt sämtliche Mitarbeiter durch einen Lieferdienst.","C","Heinrichs (Loriot) übermäßiger Vorratskauf führt zum Konflikt mit der Firmenleitung.","Heinrich (Loriot) überträgt wirtschaftliche Vernunft auf eine Größenordnung, bei der sie ins Absurde kippt. Sein Vorratsdenken berücksichtigt den praktischen Bedarf kaum noch. Der berufliche Auslöser bereitet damit bereits den späteren Familienkonflikt vor: Er versteht Organisation vor allem als Systemfrage und übersieht, dass Menschen und Haushalte sich nicht allein durch Mengenrabatte und Anweisungen sinnvoll steuern lassen.","Er bestellt zu viel, nicht grundsätzlich gar nichts.","Absichtliche Aktenvernichtung ist nicht der Auslöser.","Heinrichs (Loriot) übermäßiger Vorratskauf führt zum Konflikt mit der Firmenleitung.","Eine vollständige Ersetzung der Belegschaft wird nicht von ihm durchgeführt.","Heinrich (Loriot) kauft Büromaterial für viel zu lange.","Handlung","https://en.wikipedia.org/wiki/Pappa_Ante_Portas|https://de.wikipedia.org/wiki/Pappa_ante_portas","redaktionell_geprueft"
"KOM-M-042-V1","K-KOM-21-04","KOM-M-042","de","Film","Komödie","Pappa ante portas","Pappa ante portas","1991","","mittel","Handlung","Alltagskomödie|Ruhestand|Loriot","Komödie|Alltagskomödie|Ruhestand|Loriot|Evelyn Hamann","Ein Fernsehteam nutzt das Haus und verstärkt das häusliche Durcheinander.","„Pappa ante portas“ (1991): Wodurch wird das Privathaus zeitweise zusätzlich zum Arbeitsort fremder Menschen?","Durch eine neue Polizeiwache","Durch die Einrichtung einer Arztpraxis","Durch Dreharbeiten eines Fernsehteams","Durch eine öffentliche Gerichtsverhandlung","C","Ein Fernsehteam bringt seine Produktionsabläufe in das Haus der Lohses.","Das Haus ist für Renate (Evelyn Hamann) ohnehin kein ruhiger Rückzugsort mehr, seit Heinrich (Loriot) seinen neuen Alltag dort organisiert. Mit dem Fernsehteam treten weitere Menschen, Abläufe und Ansprüche hinzu. Die private Ordnung wird zum verfügbaren Schauplatz anderer Interessen. Das steigert ein zentrales Motiv des Films: Ein gemeinsamer Lebensraum funktioniert nur, wenn seine Bewohner nicht fortwährend übergangen werden.","Das Haus wird nicht zur Polizeiwache.","Eine Arztpraxis wird dort nicht eingerichtet.","Ein Fernsehteam bringt seine Produktionsabläufe in das Haus der Lohses.","Eine Gerichtsverhandlung findet nicht im Haus statt.","Das Wohnzimmer bekommt einen Fernsehbetrieb.","Handlung","https://en.wikipedia.org/wiki/Pappa_Ante_Portas|https://de.wikipedia.org/wiki/Pappa_ante_portas","redaktionell_geprueft"
"KOM-S-042-V1","K-KOM-21-06","KOM-S-042","de","Film","Komödie","Pappa ante portas","Pappa ante portas","1991","","schwer","Handlung","Alltagskomödie|Ruhestand|Loriot","Komödie|Alltagskomödie|Ruhestand|Loriot|Evelyn Hamann","Heinrich und Renate spielen am Ende gemeinsam Blockflöte.","„Pappa ante portas“ (1991): Welches Schlussmotiv steht für das wiedergefundene Zusammenspiel der Eheleute?","Heinrich und Renate verkaufen getrennt ihre Instrumente.","Heinrich und Renate treten in einer Quizshow gegeneinander an.","Heinrich und Renate spielen gemeinsam Blockflöte.","Heinrich und Renate eröffnen ein Kaufhaus.","C","Das gemeinsame Blockflötenspiel zeigt einen versöhnlichen Moment zwischen Heinrich (Loriot) und Renate (Evelyn Hamann).","Das gemeinsame Musizieren bietet Heinrich (Loriot) und Renate (Evelyn Hamann) eine Tätigkeit, die Abstimmung statt Anweisung verlangt. Die ruhige Schlusspointe passt zu einem Film, dessen Konflikte aus kleinen Übergriffen und missglückter Verständigung entstehen. Harmonie erscheint nicht als endgültig gelöstes Lebensproblem. Sie wird als begrenzter gemeinsamer Moment sichtbar, in dem beide denselben Takt zumindest vorübergehend finden können.","Sie verkaufen ihre Instrumente nicht, sondern musizieren zusammen.","Ein Quizduell ist nicht das Schlussmotiv.","Das gemeinsame Blockflötenspiel zeigt einen versöhnlichen Moment zwischen Heinrich (Loriot) und Renate (Evelyn Hamann).","Ein Kaufhaus wird nicht zum gemeinsamen Abschlussprojekt.","Versöhnung im Blockflötenduett.","Auflösung","https://en.wikipedia.org/wiki/Pappa_Ante_Portas|https://de.wikipedia.org/wiki/Pappa_ante_portas","redaktionell_geprueft"
"KOM-L-048-V1","K-KOM-24-02","KOM-L-048","de","Film","Komödie","Willkommen bei den Sch’tis","Bienvenue chez les Ch'tis","2008","","leicht","Besetzung","Alltagskomödie|Vorurteile|Frankreich","Komödie|Alltagskomödie|Vorurteile|Frankreich","Dany Boon spielt Antoine.","„Willkommen bei den Sch’tis“ (2008): Welche Figur wird von Dany Boon gespielt?","Philippe","Der dienstliche Versetzungsprüfer","Der Filialmitarbeiter Yann","Antoine","D","Dany Boon verkörpert Antoine (Dany Boon).","Antoine (Dany Boon) wird für Philippe (Kad Merad) zu einer wichtigen Verbindung mit dem neuen Ort. Dany Boon spielt ihn mit einer Mischung aus Herzlichkeit, Eigenwilligkeit und privaten Unsicherheiten. Die Figur soll nicht bloß ein regionales Klischee bestätigen. Durch ihre Beziehungen und Probleme erhält die zunächst von außen betrachtete Gemeinschaft ein eigenes Innenleben, das Philippes Erwartungen allmählich korrigiert.","Philippe (Kad Merad) wird von Kad Merad gespielt.","Dany Boon spielt Antoine (Dany Boon), nicht den Prüfer der Versetzung.","Yann wird von Guy Lecluyse gespielt, nicht von Dany Boon.","Dany Boon verkörpert Antoine (Dany Boon).","Antoine (Dany Boon) = Dany Boon.","Handlung","https://en.wikipedia.org/wiki/Welcome_to_the_Sticks|https://www.rottentomatoes.com/m/bienvenue_chez_les_chtis","redaktionell_geprueft"
"KOM-M-048-V1","K-KOM-24-04","KOM-M-048","de","Film","Komödie","Willkommen bei den Sch’tis","Bienvenue chez les Ch'tis","2008","","mittel","Handlung","Alltagskomödie|Vorurteile|Frankreich","Komödie|Alltagskomödie|Vorurteile|Frankreich","Philippe täuscht eine Behinderung vor, um bei der Versetzung bevorzugt zu werden.","„Willkommen bei den Sch’tis“ (2008): Welche unlautere Methode setzt Philippe ein, um seinen Wunschdienstort zu bekommen?","Er fälscht ein Schreiben des Bürgermeisters.","Er vertauscht die Namensschilder zweier Filialen.","Er behauptet, bereits in Pension zu sein.","Er gibt eine nicht vorhandene Behinderung vor.","D","Philippe (Kad Merad) täuscht eine Behinderung vor, um bei der Versetzung bevorzugt zu werden.","Philippe (Kad Merad) versucht, ein Verwaltungsverfahren für seine privaten Wünsche zu manipulieren. Die entdeckte Täuschung führt ihn gerade an den Ort, vor dem er sich fürchtet. Der Film macht seinen späteren Lernprozess dadurch nicht zur bloßen Korrektur fremder Vorurteile. Auch sein eigenes Verhalten gehört zum Ausgangsproblem: Er ordnet die Interessen anderer zunächst seinem erhofften Lebensentwurf unter.","Ein gefälschtes Bürgermeisterschreiben ist nicht seine Methode.","Ein Tausch von Filialschildern ist nicht der Trick.","Er erklärt sich nicht zum Pensionär.","Philippe (Kad Merad) täuscht eine Behinderung vor, um bei der Versetzung bevorzugt zu werden.","Vorgetäuschte Behinderung führt zur unerwünschten Versetzung.","Handlung","https://en.wikipedia.org/wiki/Welcome_to_the_Sticks|https://www.rottentomatoes.com/m/bienvenue_chez_les_chtis","redaktionell_geprueft"
"KOM-S-048-V1","K-KOM-24-06","KOM-S-048","de","Film","Komödie","Willkommen bei den Sch’tis","Bienvenue chez les Ch'tis","2008","","schwer","Figuren","Alltagskomödie|Vorurteile|Frankreich","Komödie|Alltagskomödie|Vorurteile|Frankreich","Antoine spielt das Glockenspiel des Belfrieds.","„Willkommen bei den Sch’tis“ (2008): Welche örtliche Klangtradition ist mit Antoine persönlich verbunden?","Ein Dudelsackorchester am Bahnhof","Ein Opernchor im Rathaus","Ein Jazzquartett auf einer Fähre","Das Glockenspiel im Belfried","D","Antoine (Dany Boon) spielt das Glockenspiel des Belfrieds in Bergues.","Das Glockenspiel verbindet Antoine (Dany Boon) mit einem sichtbaren und hörbaren Wahrzeichen von Bergues. Seine Figur erhält dadurch eine Fähigkeit, die über den gemeinsamen Arbeitsalltag hinausgeht. Für Philippe (Kad Merad) wird der Ort immer weniger zur bloßen Verwaltungsadresse. Solche persönlichen Verbindungen machen verständlich, weshalb aus einer zunächst gefürchteten Versetzung nach und nach ein Gefühl von Zugehörigkeit entstehen kann.","Er gehört nicht zum hier genannten Dudelsackorchester.","Ein Opernchor im Rathaus ist nicht seine entsprechende Tätigkeit.","Ein Fähr-Jazzquartett ist nicht die gesuchte musikalische Verbindung.","Antoine (Dany Boon) spielt das Glockenspiel des Belfrieds in Bergues.","Antoine (Dany Boon) bringt den Belfried zum Klingen.","Handlung","https://en.wikipedia.org/wiki/Welcome_to_the_Sticks|https://www.rottentomatoes.com/m/bienvenue_chez_les_chtis","redaktionell_geprueft"
