"question_id","knowledge_id","variant_of","language","domain","subdomain","film_title_de","film_title_original","film_year","franchise","difficulty","question_type","topic_tags","badge_tags","learning_objective","question","answer_a","answer_b","answer_c","answer_d","correct_answer","explanation_short","explanation_context","feedback_a","feedback_b","feedback_c","feedback_d","memory_anchor","spoiler_level","source_urls","verification_status"
"PRZ-202610-P01-L-001","K-PRZ-202610-P01-L-001","","de","Film","Drama","Vom Winde verweht","Gone with the Wind","1939","","leicht","Gewinnerfilm","Preisträger|Oscars|Gewinnerfilm","Preisträger","Welcher Film gewann bei der Oscarverleihung 1940 die Auszeichnung „bester Film“: Vom Winde verweht","Welches Bürgerkriegsdrama über Scarlett O’Haras Kampf um das Familiengut Tara gewann 1940 den Oscar als bester Film?","Vom Winde verweht","Dark Victory","Goodbye, Mr. Chips","Love Affair","A","Bei der Oscarverleihung 1940 ging die Auszeichnung „bester Film“ an Vom Winde verweht.","„Vom Winde verweht“ verbindet Scarlett O’Haras (Vivien Leigh) Liebesgeschichte mit dem amerikanischen Bürgerkrieg und dessen Folgen. Als ihr Familiengut Tara verwüstet ist, kämpft sie um dessen Erhalt; ihre Bindung an Ashley Wilkes (Leslie Howard) belastet zugleich die Beziehung zu Rhett Butler (Clark Gable). Der Film erhielt 1940 den Hauptpreis und auch den Regie-Oscar.","Vom Winde verweht erhielt 1940 diesen Oscar.","Dark Victory gewann 1940 diese Kategorie nicht; ausgezeichnet wurde Vom Winde verweht.","Goodbye, Mr. Chips gewann 1940 diese Kategorie nicht; ausgezeichnet wurde Vom Winde verweht.","Love Affair gewann 1940 diese Kategorie nicht; ausgezeichnet wurde Vom Winde verweht.","Oscars 1940 · bester Film → Vom Winde verweht","keine","https://www.oscars.org/oscars/ceremonies/1940|https://en.wikipedia.org/wiki/Gone_with_the_Wind_(film)","redaktionell_geprueft"
"PRZ-202610-P01-L-002","K-PRZ-202610-P01-L-002","","de","Film","Abenteuer","Ben Hur","Ben-Hur","1959","","leicht","Gewinnerfilm","Preisträger|Oscars|Gewinnerfilm","Preisträger","Oscarabend 1960: Welcher dieser Filme erhielt den Preis für bester Film: Ben Hur","Ein früherer Freund wird zum Feind, die Auseinandersetzung führt zum Wagenrennen: Welches Historienepos erhielt 1960 den Oscar als bester Film?","Anatomy of a Murder","Ben Hur","The Diary of Anne Frank","The Nun’s Story","B","Bei der Oscarverleihung 1960 ging die Auszeichnung „bester Film“ an Ben Hur.","Mit „Ben Hur“ gewann 1960 ein Historienepos über Verrat, Rache und Vergebung. Judah Ben-Hur (Charlton Heston) wird durch seinen früheren Freund Messala (Stephen Boyd) zum Galeerensklaven. Ihre Feindschaft führt später zum Wagenrennen. Der Film gewann elf Oscars, darunter Haupt- und Nebendarsteller sowie Regie; nur seine Drehbuchnominierung blieb ohne Sieg.","Anatomy of a Murder gewann 1960 diese Kategorie nicht; ausgezeichnet wurde Ben Hur.","Ben Hur erhielt 1960 diesen Oscar.","The Diary of Anne Frank gewann 1960 diese Kategorie nicht; ausgezeichnet wurde Ben Hur.","The Nun’s Story gewann 1960 diese Kategorie nicht; ausgezeichnet wurde Ben Hur.","Oscars 1960 · bester Film → Ben Hur","keine","https://www.oscars.org/oscars/ceremonies/1960|https://en.wikipedia.org/wiki/Ben-Hur_(1959_film)","redaktionell_geprueft"
"PRZ-202610-P01-L-003","K-PRZ-202610-P01-L-003","","de","Film","Drama","Der Pate","The Godfather","1972","Der Pate","leicht","Gewinnerfilm","Preisträger|Oscars|Gewinnerfilm","Preisträger","Ein Platz im Oscararchiv 1973: Welcher Film siegte in der Kategorie „bester Film“: Der Pate","Der Sohn eines Mafiapatriarchen übernimmt zunehmend dessen Geschäfte. Welcher Film gewann mit dieser Familiengeschichte den Oscar als bester Film 1973?","Cabaret","Deliverance","Der Pate","The Emigrants","C","Bei der Oscarverleihung 1973 ging die Auszeichnung „bester Film“ an Der Pate.","„Der Pate“ erhielt 1973 den Oscar als bester Film. Die Geschichte folgt der Mafiafamilie Corleone: Michael (Al Pacino) möchte zunächst Abstand zu den Geschäften seines Vaters Vito (Marlon Brando) halten. Nach einem Anschlag auf Vito übernimmt er zunehmend dessen Rolle. Neben dem Hauptpreis gewannen Brando und das Autorenduo Mario Puzo und Francis Ford Coppola.","Cabaret gewann 1973 diese Kategorie nicht; ausgezeichnet wurde Der Pate.","Deliverance gewann 1973 diese Kategorie nicht; ausgezeichnet wurde Der Pate.","Der Pate erhielt 1973 diesen Oscar.","The Emigrants gewann 1973 diese Kategorie nicht; ausgezeichnet wurde Der Pate.","Oscars 1973 · bester Film → Der Pate","keine","https://www.oscars.org/oscars/ceremonies/1973|https://en.wikipedia.org/wiki/The_Godfather","redaktionell_geprueft"
"PRZ-202610-P01-L-004","K-PRZ-202610-P01-L-004","","de","Film","Drama","Einer flog über das Kuckucksnest","One Flew Over the Cuckoo's Nest","1975","","leicht","Gewinnerfilm","Preisträger|Oscars|Gewinnerfilm","Preisträger","Welcher Film gewann bei der Oscarverleihung 1976 die Auszeichnung „bester Film“: Einer flog über das Kuckucksnest","Ein rebellischer Patient stellt die Ordnung einer psychiatrischen Klinik infrage. Welches Drama erhielt 1976 den Oscar als bester Film?","Barry Lyndon","Dog Day Afternoon","Jaws","Einer flog über das Kuckucksnest","D","Bei der Oscarverleihung 1976 ging die Auszeichnung „bester Film“ an Einer flog über das Kuckucksnest.","In „Einer flog über das Kuckucksnest“ täuscht McMurphy (Jack Nicholson) eine psychische Erkrankung vor, um dem harten Gefängnisalltag zu entgehen. In der Klinik widersetzt er sich Schwester Ratched (Louise Fletcher), die den Stationsalltag kontrolliert. 1976 gewann der Film die fünf großen Kategorien: Film, Regie, Hauptdarsteller, Hauptdarstellerin und Drehbuch.","Barry Lyndon gewann 1976 diese Kategorie nicht; ausgezeichnet wurde Einer flog über das Kuckucksnest.","Dog Day Afternoon gewann 1976 diese Kategorie nicht; ausgezeichnet wurde Einer flog über das Kuckucksnest.","Jaws gewann 1976 diese Kategorie nicht; ausgezeichnet wurde Einer flog über das Kuckucksnest.","Einer flog über das Kuckucksnest erhielt 1976 diesen Oscar.","Oscars 1976 · bester Film → Einer flog über das Kuckucksnest","keine","https://www.oscars.org/oscars/ceremonies/1976|https://en.wikipedia.org/wiki/One_Flew_Over_the_Cuckoo%27s_Nest_(film)","redaktionell_geprueft"
"PRZ-202610-P01-L-005","K-PRZ-202610-P01-L-005","","de","Film","Musik","Amadeus","Amadeus","1984","","leicht","Gewinnerfilm","Preisträger|Oscars|Gewinnerfilm","Preisträger","Oscarabend 1985: Welcher dieser Filme erhielt den Preis für bester Film: Amadeus","Welches Drama über Salieris Blick auf Mozart gewann bei der Oscarverleihung 1985 als bester Film?","Amadeus","The Killing Fields","A Passage to India","Places in the Heart","A","Bei der Oscarverleihung 1985 ging die Auszeichnung „bester Film“ an Amadeus.","Der Oscar für den besten Film ging 1985 an „Amadeus“. Der alte Salieri (F. Murray Abraham) erzählt rückblickend von Mozart (Tom Hulce), dessen musikalisches Genie ihn begeistert und zugleich demütigt. Diese Rivalität stammt aus Peter Shaffers Bühnenstück und ist dramatische Erfindung. Abraham und Hulce waren beide als Hauptdarsteller nominiert; Abraham gewann.","Amadeus erhielt 1985 diesen Oscar.","The Killing Fields gewann 1985 diese Kategorie nicht; ausgezeichnet wurde Amadeus.","A Passage to India gewann 1985 diese Kategorie nicht; ausgezeichnet wurde Amadeus.","Places in the Heart gewann 1985 diese Kategorie nicht; ausgezeichnet wurde Amadeus.","Oscars 1985 · bester Film → Amadeus","keine","https://www.oscars.org/oscars/ceremonies/1985|https://en.wikipedia.org/wiki/Amadeus_(film)","redaktionell_geprueft"
"PRZ-202610-P01-L-006","K-PRZ-202610-P01-L-006","","de","Film","Thriller","Das Schweigen der Lämmer","The Silence of the Lambs","1991","","leicht","Gewinnerfilm","Preisträger|Oscars|Gewinnerfilm","Preisträger","Ein Platz im Oscararchiv 1992: Welcher Film siegte in der Kategorie „bester Film“: Das Schweigen der Lämmer","Welcher Film erhielt 1992 den Oscar als bester Film?","Beauty and the Beast","Das Schweigen der Lämmer","Bugsy","JFK","B","Bei der Oscarverleihung 1992 ging die Auszeichnung „bester Film“ an Das Schweigen der Lämmer.","„Das Schweigen der Lämmer“ gewann 1992 in den Kategorien Film, Regie, Hauptdarsteller, Hauptdarstellerin und adaptiertes Drehbuch. Die FBI-Anwärterin Clarice Starling (Jodie Foster) sucht einen Serienmörder und befragt dafür den inhaftierten Hannibal Lecter (Anthony Hopkins). Er liefert Hinweise, verlangt im Gegenzug aber persönliche Erinnerungen. Die Ermittlung wird dadurch zugleich zu einem psychologischen Kräftemessen.","Beauty and the Beast gewann 1992 diese Kategorie nicht; ausgezeichnet wurde Das Schweigen der Lämmer.","Das Schweigen der Lämmer erhielt 1992 diesen Oscar.","Bugsy gewann 1992 diese Kategorie nicht; ausgezeichnet wurde Das Schweigen der Lämmer.","JFK gewann 1992 diese Kategorie nicht; ausgezeichnet wurde Das Schweigen der Lämmer.","Oscars 1992 · bester Film → Das Schweigen der Lämmer","keine","https://www.oscars.org/oscars/ceremonies/1992|https://en.wikipedia.org/wiki/The_Silence_of_the_Lambs_(film)","redaktionell_geprueft"
"PRZ-202610-P01-L-007","K-PRZ-202610-P01-L-007","","de","Film","Drama","Schindlers Liste","Schindler's List","1993","","leicht","Gewinnerfilm","Preisträger|Oscars|Gewinnerfilm","Preisträger","Welcher Film gewann bei der Oscarverleihung 1994 die Auszeichnung „bester Film“: Schindlers Liste","Ein Fabrikbesitzer wird im besetzten Krakau zum Retter jüdischer Arbeiter. Welcher Film wurde 1994 mit dem Oscar als bester Film ausgezeichnet?","The Fugitive","In the Name of the Father","Schindlers Liste","The Piano","C","Bei der Oscarverleihung 1994 ging die Auszeichnung „bester Film“ an Schindlers Liste.","„Schindlers Liste“ erhielt 1994 den Oscar als bester Film. Oskar Schindler (Liam Neeson) kommt zunächst als Geschäftsmann ins besetzte Krakau. Mit Hilfe seines jüdischen Buchhalters Itzhak Stern (Ben Kingsley) verwandelt er seine Fabrik zunehmend in einen Schutzraum für Verfolgte. Steven Spielberg erhielt auch den Regiepreis; Kamera, Schnitt und Musik wurden ebenfalls ausgezeichnet.","The Fugitive gewann 1994 diese Kategorie nicht; ausgezeichnet wurde Schindlers Liste.","In the Name of the Father gewann 1994 diese Kategorie nicht; ausgezeichnet wurde Schindlers Liste.","Schindlers Liste erhielt 1994 diesen Oscar.","The Piano gewann 1994 diese Kategorie nicht; ausgezeichnet wurde Schindlers Liste.","Oscars 1994 · bester Film → Schindlers Liste","keine","https://www.oscars.org/oscars/ceremonies/1994|https://en.wikipedia.org/wiki/Schindler%27s_List","redaktionell_geprueft"
"PRZ-202610-P01-L-008","K-PRZ-202610-P01-L-008","","de","Film","Drama","Forrest Gump","Forrest Gump","1994","","leicht","Gewinnerfilm","Preisträger|Oscars|Gewinnerfilm","Preisträger","Oscarabend 1995: Welcher dieser Filme erhielt den Preis für bester Film: Forrest Gump","Vom College-Football über Vietnam zum Garnelengeschäft: Welche fiktive Lebensgeschichte gewann 1995 den Oscar als bester Film?","Four Weddings and a Funeral","Pulp Fiction","Quiz Show","Forrest Gump","D","Bei der Oscarverleihung 1995 ging die Auszeichnung „bester Film“ an Forrest Gump.","„Forrest Gump“ gewann 1995 den Oscar als bester Film. Forrest (Tom Hanks) erzählt fremden Menschen auf einer Bushaltestellenbank sein Leben: vom College-Football über Vietnam bis zum Garnelengeschäft. Historische Ereignisse verbinden sich dabei mit seiner Freundschaft zu Jenny (Robin Wright). Hanks erhielt den Hauptdarstellerpreis ein zweites Jahr in Folge, nach „Philadelphia“ 1994.","Four Weddings and a Funeral gewann 1995 diese Kategorie nicht; ausgezeichnet wurde Forrest Gump.","Pulp Fiction gewann 1995 diese Kategorie nicht; ausgezeichnet wurde Forrest Gump.","Quiz Show gewann 1995 diese Kategorie nicht; ausgezeichnet wurde Forrest Gump.","Forrest Gump erhielt 1995 diesen Oscar.","Oscars 1995 · bester Film → Forrest Gump","keine","https://www.oscars.org/oscars/ceremonies/1995|https://en.wikipedia.org/wiki/Forrest_Gump","redaktionell_geprueft"
"PRZ-202610-P01-L-009","K-PRZ-202610-P01-L-009","","de","Film","Drama","Titanic","Titanic","1997","","leicht","Gewinnerfilm","Preisträger|Oscars|Gewinnerfilm","Preisträger","Ein Platz im Oscararchiv 1998: Welcher Film siegte in der Kategorie „bester Film“: Titanic","Ein Schiffsuntergang rahmt die erfundene Liebe zwischen Jack und Rose. Welcher Film gewann den Hauptpreis der Oscars 1998?","Titanic","As Good as It Gets","The Full Monty","Good Will Hunting","A","Bei der Oscarverleihung 1998 ging die Auszeichnung „bester Film“ an Titanic.","Bei den Oscars 1998 gewann „Titanic“ den Hauptpreis. James Cameron verbindet den Untergang des Schiffes mit der erfundenen Liebesgeschichte von Jack (Leonardo DiCaprio) und Rose (Kate Winslet). Roses ältere Version (Gloria Stuart) erzählt rückblickend von der Reise. Die Auszeichnungen für Kamera, Kostüme, Musik und Schnitt zeigen, wie viele Gewerke das historische Schiff filmisch erschaffen.","Titanic erhielt 1998 diesen Oscar.","As Good as It Gets gewann 1998 diese Kategorie nicht; ausgezeichnet wurde Titanic.","The Full Monty gewann 1998 diese Kategorie nicht; ausgezeichnet wurde Titanic.","Good Will Hunting gewann 1998 diese Kategorie nicht; ausgezeichnet wurde Titanic.","Oscars 1998 · bester Film → Titanic","keine","https://www.oscars.org/oscars/ceremonies/1998|https://en.wikipedia.org/wiki/Titanic_(1997_film)","redaktionell_geprueft"
"PRZ-202610-P01-L-010","K-PRZ-202610-P01-L-010","","de","Film","Action","Gladiator","Gladiator","2000","","leicht","Gewinnerfilm","Preisträger|Oscars|Gewinnerfilm","Preisträger","Welcher Film gewann bei der Oscarverleihung 2001 die Auszeichnung „bester Film“: Gladiator","Welcher Film gewann bei der Oscarverleihung 2001 die Auszeichnung „bester Film“?","Chocolat","Gladiator","Crouching Tiger, Hidden Dragon","Erin Brockovich","B","Bei der Oscarverleihung 2001 ging die Auszeichnung „bester Film“ an Gladiator.","„Gladiator“ wurde 2001 als bester Film ausgezeichnet. Der Feldherr Maximus (Russell Crowe) verweigert dem neuen Kaiser Commodus (Joaquin Phoenix) die Loyalität; seine Familie wird getötet, er selbst gerät in die Sklaverei. Als Gladiator kehrt er nach Rom zurück. Crowe gewann den Hauptdarsteller-Oscar, Janty Yates den Kostümpreis für diese Welt aus Hofstaat, Heer und Arena.","Chocolat gewann 2001 diese Kategorie nicht; ausgezeichnet wurde Gladiator.","Gladiator erhielt 2001 diesen Oscar.","Crouching Tiger, Hidden Dragon gewann 2001 diese Kategorie nicht; ausgezeichnet wurde Gladiator.","Erin Brockovich gewann 2001 diese Kategorie nicht; ausgezeichnet wurde Gladiator.","Oscars 2001 · bester Film → Gladiator","keine","https://www.oscars.org/oscars/ceremonies/2001|https://en.wikipedia.org/wiki/Gladiator_(2000_film)","redaktionell_geprueft"
"PRZ-202610-P01-L-011","K-PRZ-202610-P01-L-011","","de","Film","Fantasy","Der Herr der Ringe: Die Rückkehr des Königs","The Lord of the Rings: The Return of the King","2003","Der Herr der Ringe","leicht","Gewinnerfilm","Preisträger|Oscars|Gewinnerfilm","Preisträger","Oscarabend 2004: Welcher dieser Filme erhielt den Preis für bester Film: Der Herr der Ringe: Die Rückkehr des Königs","Welcher Abschluss einer Fantasytrilogie erhielt 2004 den Oscar als bester Film?","Lost in Translation","Master and Commander: The Far Side of the World","Der Herr der Ringe: Die Rückkehr des Königs","Mystic River","C","Bei der Oscarverleihung 2004 ging die Auszeichnung „bester Film“ an Der Herr der Ringe: Die Rückkehr des Königs.","„Die Rückkehr des Königs“ gewann 2004 alle elf Kategorien, in denen der Film nominiert war. Damit wurde der Abschluss der Trilogie ausgezeichnet: Frodo (Elijah Wood) und Sam (Sean Astin) tragen den Ring nach Mordor, während Aragorn (Viggo Mortensen) seine Verantwortung als König annimmt. Auch Drehbuch, Regie, Schnitt und Howard Shores Musik gehörten zu den prämierten Leistungen.","Lost in Translation gewann 2004 diese Kategorie nicht; ausgezeichnet wurde Der Herr der Ringe: Die Rückkehr des Königs.","Master and Commander: The Far Side of the World gewann 2004 diese Kategorie nicht; ausgezeichnet wurde Der Herr der Ringe: Die Rückkehr des Königs.","Der Herr der Ringe: Die Rückkehr des Königs erhielt 2004 diesen Oscar.","Mystic River gewann 2004 diese Kategorie nicht; ausgezeichnet wurde Der Herr der Ringe: Die Rückkehr des Königs.","Oscars 2004 · bester Film → Der Herr der Ringe: Die Rückkehr des Königs","keine","https://www.oscars.org/oscars/ceremonies/2004|https://en.wikipedia.org/wiki/The_Lord_of_the_Rings:_The_Return_of_the_King","redaktionell_geprueft"
"PRZ-202610-P01-L-012","K-PRZ-202610-P01-L-012","","de","Film","Drama","Slumdog Millionär","Slumdog Millionaire","2008","","leicht","Gewinnerfilm","Preisträger|Oscars|Gewinnerfilm","Preisträger","Ein Platz im Oscararchiv 2009: Welcher Film siegte in der Kategorie „bester Film“: Slumdog Millionär","Ein junger Mann aus Mumbai kann Quizfragen durch eigene Lebenserfahrungen beantworten. Welcher Film gewann 2009 den Oscar als bester Film?","The Curious Case of Benjamin Button","Frost/Nixon","Milk","Slumdog Millionär","D","Bei der Oscarverleihung 2009 ging die Auszeichnung „bester Film“ an Slumdog Millionär.","„Slumdog Millionär“ erhielt 2009 den Hauptpreis. Jamal Malik (Dev Patel) kennt die Antworten einer Quizshow durch Erlebnisse aus seinem Leben in Mumbai. Weil ihm die Polizei Betrug unterstellt, verknüpft der Film Quiz, Verhör und Erinnerungen. Acht Oscars würdigten unter anderem Danny Boyles Regie, Simon Beaufoys Drehbuch, A. R. Rahmans Musik und Chris Dickens’ Schnitt.","The Curious Case of Benjamin Button gewann 2009 diese Kategorie nicht; ausgezeichnet wurde Slumdog Millionär.","Frost/Nixon gewann 2009 diese Kategorie nicht; ausgezeichnet wurde Slumdog Millionär.","Milk gewann 2009 diese Kategorie nicht; ausgezeichnet wurde Slumdog Millionär.","Slumdog Millionär erhielt 2009 diesen Oscar.","Oscars 2009 · bester Film → Slumdog Millionär","keine","https://www.oscars.org/oscars/ceremonies/2009|https://en.wikipedia.org/wiki/Slumdog_Millionaire","redaktionell_geprueft"
"PRZ-202610-P01-L-013","K-PRZ-202610-P01-L-013","","de","Film","Action","Tödliches Kommando – The Hurt Locker","The Hurt Locker","2008","","leicht","Gewinnerfilm","Preisträger|Oscars|Gewinnerfilm","Preisträger","Welcher Film gewann bei der Oscarverleihung 2010 die Auszeichnung „bester Film“: Tödliches Kommando – The Hurt Locker","Welches Drama über ein amerikanisches Bombenräumteam im Irak erhielt 2010 den Oscar als bester Film?","Tödliches Kommando – The Hurt Locker","Avatar","The Blind Side","District 9","A","Bei der Oscarverleihung 2010 ging die Auszeichnung „bester Film“ an Tödliches Kommando – The Hurt Locker.","„Tödliches Kommando – The Hurt Locker“ wurde 2010 als bester Film ausgezeichnet. William James (Jeremy Renner) übernimmt im Irak die Führung eines Bombenräumteams und gefährdet mit seinem eigenwilligen Vorgehen auch seine Kameraden. Mark Boals Drehbuch entstand aus Erfahrungen als eingebetteter Journalist. Kathryn Bigelow erhielt den Regie-Oscar; Boal gewann für das Originaldrehbuch.","Tödliches Kommando – The Hurt Locker erhielt 2010 diesen Oscar.","Avatar gewann 2010 diese Kategorie nicht; ausgezeichnet wurde Tödliches Kommando – The Hurt Locker.","The Blind Side gewann 2010 diese Kategorie nicht; ausgezeichnet wurde Tödliches Kommando – The Hurt Locker.","District 9 gewann 2010 diese Kategorie nicht; ausgezeichnet wurde Tödliches Kommando – The Hurt Locker.","Oscars 2010 · bester Film → Tödliches Kommando – The Hurt Locker","keine","https://www.oscars.org/oscars/ceremonies/2010|https://en.wikipedia.org/wiki/The_Hurt_Locker","redaktionell_geprueft"
"PRZ-202610-P01-L-014","K-PRZ-202610-P01-L-014","","de","Film","Komödie","Birdman oder (Die unverhoffte Macht der Ahnungslosigkeit)","Birdman or (The Unexpected Virtue of Ignorance)","2014","","leicht","Gewinnerfilm","Preisträger|Oscars|Gewinnerfilm","Preisträger","Oscarabend 2015: Welcher dieser Filme erhielt den Preis für bester Film: Birdman oder (Die unverhoffte Macht der Ahnungslosigkeit)","Ein ehemaliger Superheldenstar versucht sich am Broadway. Welcher Film gewann mit dieser Geschichte 2015 den Oscar als bester Film?","American Sniper","Birdman oder (Die unverhoffte Macht der Ahnungslosigkeit)","Boyhood","The Grand Budapest Hotel","B","Bei der Oscarverleihung 2015 ging die Auszeichnung „bester Film“ an Birdman oder (Die unverhoffte Macht der Ahnungslosigkeit).","„Birdman“ gewann 2015 den Oscar als bester Film. Riggan Thomson (Michael Keaton), einst Star einer Superheldenreihe, möchte mit einem Broadwaystück ernst genommen werden. Proben, familiäre Spannungen und sein altes Starimage setzen ihn unter Druck. Die Kamera von Emmanuel Lubezki lässt große Teile wie eine fortlaufende Aufnahme erscheinen; auch diese Arbeit wurde mit einem Oscar ausgezeichnet.","American Sniper gewann 2015 diese Kategorie nicht; ausgezeichnet wurde Birdman oder (Die unverhoffte Macht der Ahnungslosigkeit).","Birdman oder (Die unverhoffte Macht der Ahnungslosigkeit) erhielt 2015 diesen Oscar.","Boyhood gewann 2015 diese Kategorie nicht; ausgezeichnet wurde Birdman oder (Die unverhoffte Macht der Ahnungslosigkeit).","The Grand Budapest Hotel gewann 2015 diese Kategorie nicht; ausgezeichnet wurde Birdman oder (Die unverhoffte Macht der Ahnungslosigkeit).","Oscars 2015 · bester Film → Birdman oder (Die unverhoffte Macht der Ahnungslosigkeit)","keine","https://www.oscars.org/oscars/ceremonies/2015|https://en.wikipedia.org/wiki/Birdman_(film)","redaktionell_geprueft"
"PRZ-202610-P01-L-015","K-PRZ-202610-P01-L-015","","de","Film","Drama","Moonlight","Moonlight","2016","","leicht","Gewinnerfilm","Preisträger|Oscars|Gewinnerfilm","Preisträger","Ein Platz im Oscararchiv 2017: Welcher Film siegte in der Kategorie „bester Film“: Moonlight","Ein Junge aus Miami wird in drei Lebensphasen gezeigt. Welches Drama gewann 2017 den Oscar als bester Film?","Arrival","Fences","Moonlight","Hacksaw Ridge","C","Bei der Oscarverleihung 2017 ging die Auszeichnung „bester Film“ an Moonlight.","„Moonlight“ erzählt Chiron in drei Lebensphasen: als Kind (Alex Hibbert), Jugendlichen (Ashton Sanders) und Erwachsenen (Trevante Rhodes). In Miami sucht er zwischen Mobbing, familiären Problemen und seinen Liebesgefühlen nach Zugehörigkeit. Bei der Verleihung 2017 gewann der Film den Hauptpreis sowie das adaptierte Drehbuch; Mahershala Ali wurde für Juan als Nebendarsteller ausgezeichnet.","Arrival gewann 2017 diese Kategorie nicht; ausgezeichnet wurde Moonlight.","Fences gewann 2017 diese Kategorie nicht; ausgezeichnet wurde Moonlight.","Moonlight erhielt 2017 diesen Oscar.","Hacksaw Ridge gewann 2017 diese Kategorie nicht; ausgezeichnet wurde Moonlight.","Oscars 2017 · bester Film → Moonlight","keine","https://www.oscars.org/oscars/ceremonies/2017|https://en.wikipedia.org/wiki/Moonlight_(2016_film)","redaktionell_geprueft"
"PRZ-202610-P01-L-016","K-PRZ-202610-P01-L-016","","de","Film","Fantasy","Shape of Water – Das Flüstern des Wassers","The Shape of Water","2017","","leicht","Gewinnerfilm","Preisträger|Oscars|Gewinnerfilm","Preisträger","Welcher Film gewann bei der Oscarverleihung 2018 die Auszeichnung „bester Film“: Shape of Water – Das Flüstern des Wassers","Eine Reinigungskraft befreit ein Amphibienwesen aus einem Geheimlabor. Welcher Film erhielt 2018 den Oscar als bester Film?","Call Me by Your Name","Darkest Hour","Dunkirk","Shape of Water – Das Flüstern des Wassers","D","Bei der Oscarverleihung 2018 ging die Auszeichnung „bester Film“ an Shape of Water – Das Flüstern des Wassers.","„Shape of Water“ gewann 2018 den Oscar als bester Film. Die nicht sprechende Reinigungskraft Elisa (Sally Hawkins) entdeckt in einem Geheimlabor ein gefangenes Amphibienwesen (Doug Jones). Ihre Annäherung führt zu einer Befreiungsaktion gegen die staatlichen Versuche. Guillermo del Toro erhielt den Regiepreis, Alexandre Desplat den Musik-Oscar; auch das Szenenbild wurde prämiert.","Call Me by Your Name gewann 2018 diese Kategorie nicht; ausgezeichnet wurde Shape of Water – Das Flüstern des Wassers.","Darkest Hour gewann 2018 diese Kategorie nicht; ausgezeichnet wurde Shape of Water – Das Flüstern des Wassers.","Dunkirk gewann 2018 diese Kategorie nicht; ausgezeichnet wurde Shape of Water – Das Flüstern des Wassers.","Shape of Water – Das Flüstern des Wassers erhielt 2018 diesen Oscar.","Oscars 2018 · bester Film → Shape of Water – Das Flüstern des Wassers","keine","https://www.oscars.org/oscars/ceremonies/2018|https://en.wikipedia.org/wiki/The_Shape_of_Water","redaktionell_geprueft"
"PRZ-202610-P01-L-017","K-PRZ-202610-P01-L-017","","de","Film","Thriller","Parasite","Gisaengchung","2019","","leicht","Gewinnerfilm","Preisträger|Oscars|Gewinnerfilm","Preisträger","Oscarabend 2020: Welcher dieser Filme erhielt den Preis für bester Film: Parasite","Eine arme Familie erschleicht sich Arbeitsstellen bei einer reichen Familie. Welcher Film gewann 2020 den Oscar als bester Film?","Parasite","Ford v Ferrari","The Irishman","Jojo Rabbit","A","Bei der Oscarverleihung 2020 ging die Auszeichnung „bester Film“ an Parasite.","In „Parasite“ verschafft sich die Familie Kim Arbeitsstellen im Haus der reichen Parks, ohne ihre Verwandtschaft offenzulegen. Der Kontrast zwischen Kellerwohnung und Villa wird zum Motor der Geschichte. 2020 gewann der Film sowohl den Hauptpreis als auch den Oscar für den internationalen Film; Bong Joon Ho wurde für Regie und gemeinsam mit Han Jin-won für das Drehbuch ausgezeichnet.","Parasite erhielt 2020 diesen Oscar.","Ford v Ferrari gewann 2020 diese Kategorie nicht; ausgezeichnet wurde Parasite.","The Irishman gewann 2020 diese Kategorie nicht; ausgezeichnet wurde Parasite.","Jojo Rabbit gewann 2020 diese Kategorie nicht; ausgezeichnet wurde Parasite.","Oscars 2020 · bester Film → Parasite","keine","https://www.oscars.org/oscars/ceremonies/2020|https://en.wikipedia.org/wiki/Parasite_(2019_film)","redaktionell_geprueft"
"PRZ-202610-P01-L-018","K-PRZ-202610-P01-L-018","","de","Film","Drama","Nomadland","Nomadland","2020","","leicht","Gewinnerfilm","Preisträger|Oscars|Gewinnerfilm","Preisträger","Ein Platz im Oscararchiv 2021: Welcher Film siegte in der Kategorie „bester Film“: Nomadland","Nach dem Verlust ihres Mannes und ihres Arbeitsplatzes zieht eine Frau im Van durch die USA. Welches Drama gewann 2021 den Oscar als bester Film?","The Father","Nomadland","Judas and the Black Messiah","Mank","B","Bei der Oscarverleihung 2021 ging die Auszeichnung „bester Film“ an Nomadland.","„Nomadland“ erhielt 2021 den Hauptpreis. Nach dem Tod ihres Mannes und der Schließung des örtlichen Werks lebt Fern (Frances McDormand) in einem Van und zieht für Saisonarbeit durch die USA. Reale Menschen aus der Nomadengemeinschaft treten neben den Schauspielern auf. McDormand wurde als Hauptdarstellerin und als Mitproduzentin ausgezeichnet; Chloé Zhao gewann den Regiepreis.","The Father gewann 2021 diese Kategorie nicht; ausgezeichnet wurde Nomadland.","Nomadland erhielt 2021 diesen Oscar.","Judas and the Black Messiah gewann 2021 diese Kategorie nicht; ausgezeichnet wurde Nomadland.","Mank gewann 2021 diese Kategorie nicht; ausgezeichnet wurde Nomadland.","Oscars 2021 · bester Film → Nomadland","keine","https://www.oscars.org/oscars/ceremonies/2021|https://en.wikipedia.org/wiki/Nomadland_(film)","redaktionell_geprueft"
"PRZ-202610-P01-L-019","K-PRZ-202610-P01-L-019","","de","Film","Science-Fiction","Everything Everywhere All at Once","Everything Everywhere All at Once","2022","","leicht","Gewinnerfilm","Preisträger|Oscars|Gewinnerfilm","Preisträger","Welcher Film gewann bei der Oscarverleihung 2023 die Auszeichnung „bester Film“: Everything Everywhere All at Once","Eine Waschsalonbesitzerin begegnet alternativen Versionen ihres Lebens. Welcher Film wurde 2023 mit dem Oscar als bester Film ausgezeichnet?","All Quiet on the Western Front","Avatar: The Way of Water","Everything Everywhere All at Once","The Banshees of Inisherin","C","Bei der Oscarverleihung 2023 ging die Auszeichnung „bester Film“ an Everything Everywhere All at Once.","„Everything Everywhere All at Once“ gewann 2023 den Oscar als bester Film. Evelyn Wang (Michelle Yeoh) führt einen Waschsalon und wird während einer Steuerprüfung in alternative Versionen ihres Lebens hineingezogen. Im Zentrum der fantastischen Kämpfe steht ihre schwierige Beziehung zu Tochter Joy (Stephanie Hsu). Die Autoren und Regisseure Daniel Kwan und Daniel Scheinert erhielten ebenfalls Oscars.","All Quiet on the Western Front gewann 2023 diese Kategorie nicht; ausgezeichnet wurde Everything Everywhere All at Once.","Avatar: The Way of Water gewann 2023 diese Kategorie nicht; ausgezeichnet wurde Everything Everywhere All at Once.","Everything Everywhere All at Once erhielt 2023 diesen Oscar.","The Banshees of Inisherin gewann 2023 diese Kategorie nicht; ausgezeichnet wurde Everything Everywhere All at Once.","Oscars 2023 · bester Film → Everything Everywhere All at Once","keine","https://www.oscars.org/oscars/ceremonies/2023|https://en.wikipedia.org/wiki/Everything_Everywhere_All_at_Once","redaktionell_geprueft"
"PRZ-202610-P01-L-020","K-PRZ-202610-P01-L-020","","de","Film","Drama","Oppenheimer","Oppenheimer","2023","","leicht","Gewinnerfilm","Preisträger|Oscars|Gewinnerfilm","Preisträger","Oscarabend 2024: Welcher dieser Filme erhielt den Preis für bester Film: Oppenheimer","Welche Verfilmung über den Leiter des Atomforschungsprojekts in Los Alamos erhielt 2024 den Oscar als bester Film?","American Fiction","Anatomy of a Fall","Barbie","Oppenheimer","D","Bei der Oscarverleihung 2024 ging die Auszeichnung „bester Film“ an Oppenheimer.","Der Hauptpreis 2024 ging an „Oppenheimer“. Der Film verfolgt den Physiker J. Robert Oppenheimer (Cillian Murphy) vom Aufbau des Atomforschungsprojekts in Los Alamos bis zur späteren Sicherheitsanhörung. Die politische Auseinandersetzung mit Lewis Strauss (Robert Downey Jr.) bildet eine zweite Erzählachse. Beide Darsteller gewannen Oscars; auch Christopher Nolans Regie und Jennifer Lames Schnitt wurden ausgezeichnet.","American Fiction gewann 2024 diese Kategorie nicht; ausgezeichnet wurde Oppenheimer.","Anatomy of a Fall gewann 2024 diese Kategorie nicht; ausgezeichnet wurde Oppenheimer.","Barbie gewann 2024 diese Kategorie nicht; ausgezeichnet wurde Oppenheimer.","Oppenheimer erhielt 2024 diesen Oscar.","Oscars 2024 · bester Film → Oppenheimer","keine","https://www.oscars.org/oscars/ceremonies/2024|https://en.wikipedia.org/wiki/Oppenheimer_(film)","redaktionell_geprueft"
"PRZ-202610-P01-L-021","K-PRZ-202610-P01-L-021","","de","Film","Abenteuer","Findet Nemo","Finding Nemo","2003","","leicht","Gewinnerfilm","Preisträger|Oscars|Gewinnerfilm","Preisträger","Ein Platz im Oscararchiv 2004: Welcher Film siegte in der Kategorie „bester Animationsfilm“: Findet Nemo","Ein ängstlicher Clownfisch sucht seinen gefangenen Sohn. Welcher Film gewann mit dieser Geschichte den Animations-Oscar 2004?","Findet Nemo","Brother Bear","The Triplets of Belleville","Chihiros Reise ins Zauberland","A","Bei der Oscarverleihung 2004 ging die Auszeichnung „bester Animationsfilm“ an Findet Nemo.","„Findet Nemo“ gewann 2004 den Animations-Oscar. Nach Nemos (Originalstimme: Alexander Gould) Gefangennahme durch einen Taucher schwimmt sein ängstlicher Vater Marlin (Originalstimme: Albert Brooks) durch das Meer nach Sydney. Dory (Originalstimme: Ellen DeGeneres) hilft ihm, während Nemo im Aquarium einer Zahnarztpraxis einen Fluchtweg sucht. Andrew Stanton wurde ausgezeichnet; neben seinem Film waren „Brother Bear“ und „The Triplets of Belleville“ in dieser Kategorie nominiert.","Findet Nemo erhielt 2004 diesen Oscar.","Brother Bear gewann 2004 diese Kategorie nicht; ausgezeichnet wurde Findet Nemo.","The Triplets of Belleville gewann 2004 diese Kategorie nicht; ausgezeichnet wurde Findet Nemo.","Chihiros Reise ins Zauberland gewann 2004 diese Kategorie nicht; ausgezeichnet wurde Findet Nemo.","Oscars 2004 · bester Animationsfilm → Findet Nemo","keine","https://www.oscars.org/oscars/ceremonies/2004|https://en.wikipedia.org/wiki/Finding_Nemo|https://www.oscars.org/oscars/ceremonies/2003","redaktionell_geprueft"
"PRZ-202610-P01-L-022","K-PRZ-202610-P01-L-022","","de","Film","Science-Fiction","WALL·E – Der Letzte räumt die Erde auf","WALL-E","2008","","leicht","Gewinnerfilm","Preisträger|Oscars|Gewinnerfilm","Preisträger","Welcher Film gewann bei der Oscarverleihung 2009 die Auszeichnung „bester Animationsfilm“: WALL·E – Der Letzte räumt die Erde auf","Ein Müllroboter entdeckt eine Pflanze auf der verlassenen Erde. Welcher Film erhielt 2009 den Oscar als bester Animationsfilm?","Bolt","WALL·E – Der Letzte räumt die Erde auf","Kung Fu Panda","Oben","B","Bei der Oscarverleihung 2009 ging die Auszeichnung „bester Animationsfilm“ an WALL·E – Der Letzte räumt die Erde auf.","Der Animations-Oscar 2009 ging an „WALL·E“. Der Müllroboter (Originalstimme: Ben Burtt) lebt zunächst allein auf einer verlassenen Erde; die Ankunft der Sonde EVE (Originalstimme: Elissa Knight) und eine kleine Pflanze führen ihn zu den Menschen im All. Viele frühe Szenen erzählen ohne Dialog, durch Bewegung und von Ben Burtt gestaltete Robotergeräusche. Ausgezeichnet wurde Andrew Stanton, der zuvor schon für „Findet Nemo“ gewonnen hatte.","Bolt gewann 2009 diese Kategorie nicht; ausgezeichnet wurde WALL·E – Der Letzte räumt die Erde auf.","WALL·E – Der Letzte räumt die Erde auf erhielt 2009 diesen Oscar.","Kung Fu Panda gewann 2009 diese Kategorie nicht; ausgezeichnet wurde WALL·E – Der Letzte räumt die Erde auf.","Oben gewann 2009 diese Kategorie nicht; ausgezeichnet wurde WALL·E – Der Letzte räumt die Erde auf.","Oscars 2009 · bester Animationsfilm → WALL·E – Der Letzte räumt die Erde auf","keine","https://www.oscars.org/oscars/ceremonies/2009|https://en.wikipedia.org/wiki/WALL-E|https://www.oscars.org/oscars/ceremonies/2010","redaktionell_geprueft"
"PRZ-202610-P01-L-023","K-PRZ-202610-P01-L-023","","de","Film","Abenteuer","Oben","Up","2009","","leicht","Gewinnerfilm","Preisträger|Oscars|Gewinnerfilm","Preisträger","Oscarabend 2010: Welcher dieser Filme erhielt den Preis für bester Animationsfilm: Oben","Ein Witwer lässt sein Haus an Ballons davonfliegen. Welcher Film wurde 2010 mit dem Animations-Oscar ausgezeichnet?","Coraline","Fantastic Mr. Fox","Oben","The Princess and the Frog","C","Bei der Oscarverleihung 2010 ging die Auszeichnung „bester Animationsfilm“ an Oben.","„Oben“ gewann 2010 den Oscar als bester Animationsfilm. Der Witwer Carl (Originalstimme: Ed Asner) lässt sein Haus an Ballons davonfliegen, um einen gemeinsamen Traum mit seiner verstorbenen Frau zu erfüllen. Der Pfadfinder Russell (Originalstimme: Jordan Nagai) reist versehentlich mit und verändert Carls einsamen Plan. Neben dem Animationspreis für Pete Docter erhielt der Film auch den Musik-Oscar für Michael Giacchino.","Coraline gewann 2010 diese Kategorie nicht; ausgezeichnet wurde Oben.","Fantastic Mr. Fox gewann 2010 diese Kategorie nicht; ausgezeichnet wurde Oben.","Oben erhielt 2010 diesen Oscar.","The Princess and the Frog gewann 2010 diese Kategorie nicht; ausgezeichnet wurde Oben.","Oscars 2010 · bester Animationsfilm → Oben","keine","https://www.oscars.org/oscars/ceremonies/2010|https://en.wikipedia.org/wiki/Up_(2009_film)","redaktionell_geprueft"
"PRZ-202610-P01-L-024","K-PRZ-202610-P01-L-024","","de","Film","Musik","Coco – Lebendiger als das Leben!","Coco","2017","","leicht","Gewinnerfilm","Preisträger|Oscars|Gewinnerfilm","Preisträger","Ein Platz im Oscararchiv 2018: Welcher Film siegte in der Kategorie „bester Animationsfilm“: Coco – Lebendiger als das Leben!","Ein musikbegeisterter Junge gerät in die Welt der Toten. Welcher Film gewann 2018 den Oscar als bester Animationsfilm?","The Boss Baby","The Breadwinner","Ferdinand","Coco – Lebendiger als das Leben!","D","Bei der Oscarverleihung 2018 ging die Auszeichnung „bester Animationsfilm“ an Coco – Lebendiger als das Leben!.","„Coco“ wurde 2018 als bester Animationsfilm ausgezeichnet. Miguel (Originalstimme: Anthony Gonzalez) möchte Musiker werden, obwohl seine Familie Musik verboten hat. Am Día de Muertos gelangt er in die Welt der Toten und erforscht die Geschichte seiner Vorfahren. Auch „Remember Me“ gewann einen Oscar: Das Lied verbindet den vermeintlichen Ruhm eines Stars mit einer sehr persönlichen Familienerinnerung.","The Boss Baby gewann 2018 diese Kategorie nicht; ausgezeichnet wurde Coco – Lebendiger als das Leben!.","The Breadwinner gewann 2018 diese Kategorie nicht; ausgezeichnet wurde Coco – Lebendiger als das Leben!.","Ferdinand gewann 2018 diese Kategorie nicht; ausgezeichnet wurde Coco – Lebendiger als das Leben!.","Coco – Lebendiger als das Leben! erhielt 2018 diesen Oscar.","Oscars 2018 · bester Animationsfilm → Coco – Lebendiger als das Leben!","keine","https://www.oscars.org/oscars/ceremonies/2018|https://en.wikipedia.org/wiki/Coco_(2017_film)","redaktionell_geprueft"
"PRZ-202610-P01-L-025","K-PRZ-202610-P01-L-025","","de","Film","Fantasy","Guillermo del Toros Pinocchio","Guillermo del Toro's Pinocchio","2022","","leicht","Gewinnerfilm","Preisträger|Oscars|Gewinnerfilm","Preisträger","Welcher Film gewann bei der Oscarverleihung 2023 die Auszeichnung „bester Animationsfilm“: Guillermo del Toros Pinocchio","Welche Stop-Motion-Verfilmung über eine Holzpuppe im faschistischen Italien erhielt 2023 den Oscar als bester Animationsfilm?","Guillermo del Toros Pinocchio","Marcel the Shell with Shoes On","Puss in Boots: The Last Wish","The Sea Beast","A","Bei der Oscarverleihung 2023 ging die Auszeichnung „bester Animationsfilm“ an Guillermo del Toros Pinocchio.","„Guillermo del Toros Pinocchio“ erhielt 2023 den Animations-Oscar. Die Stop-Motion-Verfilmung verlegt die Geschichte in das faschistische Italien: Geppetto (Originalstimme: David Bradley) erschafft die Holzpuppe nach dem Verlust seines Sohnes, und Pinocchios (Originalstimme: Gregory Mann) Ungehorsam widerspricht dem verlangten Gehorsam. Zum ausgezeichneten Team gehören neben del Toro auch Mitregisseur Mark Gustafson sowie die Produzenten Gary Ungar und Alex Bulkley.","Guillermo del Toros Pinocchio erhielt 2023 diesen Oscar.","Marcel the Shell with Shoes On gewann 2023 diese Kategorie nicht; ausgezeichnet wurde Guillermo del Toros Pinocchio.","Puss in Boots: The Last Wish gewann 2023 diese Kategorie nicht; ausgezeichnet wurde Guillermo del Toros Pinocchio.","The Sea Beast gewann 2023 diese Kategorie nicht; ausgezeichnet wurde Guillermo del Toros Pinocchio.","Oscars 2023 · bester Animationsfilm → Guillermo del Toros Pinocchio","keine","https://www.oscars.org/oscars/ceremonies/2023|https://en.wikipedia.org/wiki/Guillermo_del_Toro's_Pinocchio","redaktionell_geprueft"
"PRZ-202610-P01-M-001","K-PRZ-202610-P01-M-001","","de","Film","Drama","Vom Winde verweht","Gone with the Wind","1939","","mittel","Schauspielpreis","Preisträger|Oscars|Schauspielpreis","Preisträger","Oscar 1940, „Vom Winde verweht“ (1939): Welche Person gewann als beste Hauptdarstellerin: Vivien Leigh","Als Scarlett O’Hara kämpft sie um Tara und hält an einer unerfüllten Liebe fest. Wer erhielt für „Vom Winde verweht“ 1940 den Hauptdarstellerinnen-Oscar?","Bette Davis","Vivien Leigh","Irene Dunne","Greta Garbo","B","Bei der Oscarverleihung 1940 ging die Auszeichnung „beste Hauptdarstellerin“ an Vivien Leigh.","Vivien Leigh gewann für Scarlett O’Hara den Hauptdarstellerinnen-Oscar 1940. Scarlett verliert im Bürgerkrieg den Schutz ihrer bisherigen Lebenswelt und versucht, das Familiengut Tara zu bewahren. Ihre Fixierung auf Ashley Wilkes (Leslie Howard) verhindert lange, dass sie Rhett Butlers (Clark Gable) Liebe erkennt. Leigh spielt also sowohl den Überlebenswillen als auch die Selbsttäuschung der Figur.","Bette Davis war für „Dark Victory“ nominiert; gewonnen hat Vivien Leigh.","Vivien Leigh gewann 1940 für „Vom Winde verweht“.","Irene Dunne war für „Love Affair“ nominiert; gewonnen hat Vivien Leigh.","Greta Garbo war für „Ninotchka“ nominiert; gewonnen hat Vivien Leigh.","Vom Winde verweht · Oscars 1940 → Vivien Leigh","keine","https://www.oscars.org/oscars/ceremonies/1940|https://en.wikipedia.org/wiki/Gone_with_the_Wind_(film)","redaktionell_geprueft"
"PRZ-202610-P01-M-002","K-PRZ-202610-P01-M-002","","de","Film","Drama","Vom Winde verweht","Gone with the Wind","1939","","mittel","Schauspielpreis","Preisträger|Oscars|Schauspielpreis","Preisträger","Eine ausgezeichnete Darstellung: Wer gewann 1940 für „Vom Winde verweht“ (1939) als beste Nebendarstellerin: Hattie McDaniel","Wer wurde 1940 für Mammy in „Vom Winde verweht“ als beste Nebendarstellerin ausgezeichnet?","Olivia de Havilland","Geraldine Fitzgerald","Hattie McDaniel","Edna May Oliver","C","Bei der Oscarverleihung 1940 ging die Auszeichnung „beste Nebendarstellerin“ an Hattie McDaniel.","Hattie McDaniel spielt Mammy, die Hausbedienstete der Familie O’Hara und eine kritische Begleiterin von Scarlett (Vivien Leigh). 1940 gewann sie den Nebendarstellerinnen-Oscar und wurde damit die erste Schwarze Person mit einem Oscar. Bemerkenswert ist auch die Konkurrenz innerhalb des Films: Olivia de Havilland war für Melanie ebenfalls in derselben Kategorie nominiert.","Olivia de Havilland war für „Gone with the Wind“ nominiert; gewonnen hat Hattie McDaniel.","Geraldine Fitzgerald war für „Wuthering Heights“ nominiert; gewonnen hat Hattie McDaniel.","Hattie McDaniel gewann 1940 für „Vom Winde verweht“.","Edna May Oliver war für „Drums along the Mohawk“ nominiert; gewonnen hat Hattie McDaniel.","Vom Winde verweht · Oscars 1940 → Hattie McDaniel","keine","https://www.oscars.org/oscars/ceremonies/1940|https://en.wikipedia.org/wiki/Gone_with_the_Wind_(film)|https://hattiemcdaniel.com/about-hattie/","redaktionell_geprueft"
"PRZ-202610-P01-M-003","K-PRZ-202610-P01-M-003","","de","Film","Abenteuer","Ben Hur","Ben-Hur","1959","","mittel","Schauspielpreis","Preisträger|Oscars|Schauspielpreis","Preisträger","„Ben Hur“ (1959): Wer nahm bei den Oscars 1960 die Trophäe als bester Hauptdarsteller mit: Charlton Heston","Vom Galeerensklaven zum Wagenlenker: Wer gewann für die Titelrolle in „Ben Hur“ den Hauptdarsteller-Oscar 1960?","Laurence Harvey","Jack Lemmon","Paul Muni","Charlton Heston","D","Bei der Oscarverleihung 1960 ging die Auszeichnung „bester Hauptdarsteller“ an Charlton Heston.","Charlton Heston gewann 1960 für Judah Ben-Hur den Hauptdarsteller-Oscar. Judah wird vom Jugendfreund Messala (Stephen Boyd) zu Unrecht bestraft und überlebt als Galeerensklave. Nach seiner Rückkehr kämpft er um seine Familie und tritt im Wagenrennen gegen Messala an. Seine Geschichte endet jedoch mit einer Abkehr von der Rache. Auch Hugh Griffith wurde für denselben Film ausgezeichnet.","Laurence Harvey war für „Room at the Top“ nominiert; gewonnen hat Charlton Heston.","Jack Lemmon war für „Some Like It Hot“ nominiert; gewonnen hat Charlton Heston.","Paul Muni war für „The Last Angry Man“ nominiert; gewonnen hat Charlton Heston.","Charlton Heston gewann 1960 für „Ben Hur“.","Ben Hur · Oscars 1960 → Charlton Heston","keine","https://www.oscars.org/oscars/ceremonies/1960|https://en.wikipedia.org/wiki/Ben-Hur_(1959_film)","redaktionell_geprueft"
"PRZ-202610-P01-M-004","K-PRZ-202610-P01-M-004","","de","Film","Abenteuer","Ben Hur","Ben-Hur","1959","","mittel","Schauspielpreis","Preisträger|Oscars|Schauspielpreis","Preisträger","Oscar 1960, „Ben Hur“ (1959): Welche Person gewann als bester Nebendarsteller: Hugh Griffith","Oscar 1960, „Ben Hur“ (1959): Welche Person gewann als bester Nebendarsteller?","Hugh Griffith","Arthur O’Connell","George C. Scott","Robert Vaughn","A","Bei der Oscarverleihung 1960 ging die Auszeichnung „bester Nebendarsteller“ hier an Hugh Griffith.","Hugh Griffith spielt Scheich Ilderim, der Judah Ben-Hur (Charlton Heston) für sein Pferdegespann gewinnt. Damit erhält Judah die Möglichkeit, im Wagenrennen gegen Messala (Stephen Boyd) anzutreten. Der Scheich ist also an der Vorbereitung der großen Rennsequenz beteiligt. Bei den Oscars 1960 wurde Griffith als Nebendarsteller ausgezeichnet, Heston als Hauptdarsteller. Die beiden Preise gehören zu unterschiedlichen Rollen innerhalb derselben Geschichte.","Richtig: Hugh Griffith gehört zu dieser Auszeichnung.","Arthur O’Connell war für Anatomie eines Mordes nominiert; gewonnen hat Hugh Griffith für Ben Hur.","George C. Scott war für Anatomie eines Mordes nominiert; der Oscar ging an Hugh Griffith.","Robert Vaughn war für The Young Philadelphians nominiert; Hugh Griffith gewann für Ben Hur.","Ben Hur · Oscars 1960 → Hugh Griffith","keine","https://www.oscars.org/oscars/ceremonies/1960|https://catalog.afi.com/Film/52827-BEN-HUR","redaktionell_geprueft"
"PRZ-202610-P01-M-005","K-PRZ-202610-P01-M-005","","de","Film","Drama","Der Pate","The Godfather","1972","Der Pate","mittel","Schauspielpreis","Preisträger|Oscars|Schauspielpreis","Preisträger","Eine ausgezeichnete Darstellung: Wer gewann 1973 für „Der Pate“ (1972) als bester Hauptdarsteller: Marlon Brando","Wer gewann 1973 für Don Vito Corleone in „Der Pate“ den Hauptdarsteller-Oscar?","Michael Caine","Marlon Brando","Laurence Olivier","Peter O'Toole","B","Bei der Oscarverleihung 1973 ging die Auszeichnung „bester Hauptdarsteller“ an Marlon Brando.","Marlon Brando gewann 1973 für Don Vito Corleone den Hauptdarsteller-Oscar. Der Familienpatriarch verbindet Fürsorge mit der Gewalt seines Mafiageschäfts; Sohn Michael (Al Pacino) übernimmt schließlich seine Macht. Brando erschien nicht zur Verleihung: Auf seinen Wunsch lehnte Sacheen Littlefeather die Annahme ab und sprach gegen die stereotype Darstellung indigener Menschen in der Filmindustrie.","Michael Caine war für „Sleuth“ nominiert; gewonnen hat Marlon Brando.","Marlon Brando gewann 1973 für „Der Pate“.","Laurence Olivier war für „Sleuth“ nominiert; gewonnen hat Marlon Brando.","Peter O'Toole war für „The Ruling Class“ nominiert; gewonnen hat Marlon Brando.","Der Pate · Oscars 1973 → Marlon Brando","keine","https://www.oscars.org/oscars/ceremonies/1973|https://en.wikipedia.org/wiki/The_Godfather|https://www.oscars.org/news/academy-museum-welcomes-sacheen-littlefeather-evening-conversation-healing-and-celebration","redaktionell_geprueft"
"PRZ-202610-P01-M-006","K-PRZ-202610-P01-M-006","","de","Film","Musik","Cabaret","Cabaret","1972","","mittel","Schauspielpreis","Preisträger|Oscars|Schauspielpreis","Preisträger","„Cabaret“ (1972): Wer nahm bei den Oscars 1973 die Trophäe als beste Hauptdarstellerin mit: Liza Minnelli","Sally Bowles tritt im Berliner Kit Kat Klub auf. Welche Darstellerin erhielt für diese Rolle in „Cabaret“ den Oscar 1973?","Diana Ross","Maggie Smith","Liza Minnelli","Cicely Tyson","C","Bei der Oscarverleihung 1973 ging die Auszeichnung „beste Hauptdarstellerin“ an Liza Minnelli.","Liza Minnelli wurde 1973 für Sally Bowles in „Cabaret“ ausgezeichnet. Sally singt im Berliner Kit Kat Klub und träumt von einer Karriere, während außerhalb die Nationalsozialisten an Einfluss gewinnen. Ihre Beziehung zum britischen Brian Roberts (Michael York) bringt die private Welt mit den politischen Spannungen zusammen. Auch Joel Grey gewann für den Conférencier einen Schauspiel-Oscar.","Diana Ross war für „Lady Sings the Blues“ nominiert; gewonnen hat Liza Minnelli.","Maggie Smith war für „Travels with My Aunt“ nominiert; gewonnen hat Liza Minnelli.","Liza Minnelli gewann 1973 für „Cabaret“.","Cicely Tyson war für „Sounder“ nominiert; gewonnen hat Liza Minnelli.","Cabaret · Oscars 1973 → Liza Minnelli","keine","https://www.oscars.org/oscars/ceremonies/1973|https://en.wikipedia.org/wiki/Cabaret_(1972_film)","redaktionell_geprueft"
"PRZ-202610-P01-M-007","K-PRZ-202610-P01-M-007","","de","Film","Drama","Einer flog über das Kuckucksnest","One Flew Over the Cuckoo's Nest","1975","","mittel","Schauspielpreis","Preisträger|Oscars|Schauspielpreis","Preisträger","Oscar 1976, „Einer flog über das Kuckucksnest“ (1975): Welche Person gewann als bester Hauptdarsteller: Jack Nicholson","Wer wurde 1976 für den rebellischen McMurphy in „Einer flog über das Kuckucksnest“ als bester Hauptdarsteller ausgezeichnet?","Walter Matthau","Al Pacino","Maximilian Schell","Jack Nicholson","D","Bei der Oscarverleihung 1976 ging die Auszeichnung „bester Hauptdarsteller“ an Jack Nicholson.","Jack Nicholson erhielt 1976 den Hauptdarsteller-Oscar für McMurphy. Der Gefangene täuscht eine psychische Erkrankung vor, um dem Arbeitslager zu entkommen, unterschätzt aber die Macht der Klinik. Sein Widerstand gegen Schwester Ratched (Louise Fletcher) ermutigt andere Patienten und eskaliert schließlich. Nicholson und Fletcher wurden beide für die gegnerischen Hauptrollen derselben Geschichte ausgezeichnet.","Walter Matthau war für „The Sunshine Boys“ nominiert; gewonnen hat Jack Nicholson.","Al Pacino war für „Dog Day Afternoon“ nominiert; gewonnen hat Jack Nicholson.","Maximilian Schell war für „The Man in the Glass Booth“ nominiert; gewonnen hat Jack Nicholson.","Jack Nicholson gewann 1976 für „Einer flog über das Kuckucksnest“.","Einer flog über das Kuckucksnest · Oscars 1976 → Jack Nicholson","keine","https://www.oscars.org/oscars/ceremonies/1976|https://en.wikipedia.org/wiki/One_Flew_Over_the_Cuckoo%27s_Nest_(film)","redaktionell_geprueft"
"PRZ-202610-P01-M-008","K-PRZ-202610-P01-M-008","","de","Film","Drama","Einer flog über das Kuckucksnest","One Flew Over the Cuckoo's Nest","1975","","mittel","Schauspielpreis","Preisträger|Oscars|Schauspielpreis","Preisträger","Eine ausgezeichnete Darstellung: Wer gewann 1976 für „Einer flog über das Kuckucksnest“ (1975) als beste Hauptdarstellerin: Louise Fletcher","Welche Schauspielerin gewann 1976 den Oscar für Schwester Ratched, McMurphys Gegenspielerin in „Einer flog über das Kuckucksnest“?","Louise Fletcher","Isabelle Adjani","Ann-Margret","Glenda Jackson","A","Bei der Oscarverleihung 1976 ging die Auszeichnung „beste Hauptdarstellerin“ an Louise Fletcher.","Louise Fletcher spielt Schwester Ratched, die eine psychiatrische Station mit Routinen, Gruppensitzungen und Einschüchterung kontrolliert. McMurphy (Jack Nicholson) stellt diese Ordnung infrage und weckt den Widerstand der Patienten. Ihre Macht wirkt häufig durch ruhige Sprache statt offene Ausbrüche. Fletcher gewann 1976 den Hauptdarstellerinnen-Oscar; Nicholson erhielt den entsprechenden Hauptdarstellerpreis.","Louise Fletcher gewann 1976 für „Einer flog über das Kuckucksnest“.","Isabelle Adjani war für „The Story of Adele H.“ nominiert; gewonnen hat Louise Fletcher.","Ann-Margret war für „Tommy“ nominiert; gewonnen hat Louise Fletcher.","Glenda Jackson war für „Hedda“ nominiert; gewonnen hat Louise Fletcher.","Einer flog über das Kuckucksnest · Oscars 1976 → Louise Fletcher","keine","https://www.oscars.org/oscars/ceremonies/1976|https://en.wikipedia.org/wiki/One_Flew_Over_the_Cuckoo%27s_Nest_(film)","redaktionell_geprueft"
"PRZ-202610-P01-M-009","K-PRZ-202610-P01-M-009","","de","Film","Musik","Amadeus","Amadeus","1984","","mittel","Schauspielpreis","Preisträger|Oscars|Schauspielpreis","Preisträger","„Amadeus“ (1984): Wer nahm bei den Oscars 1985 die Trophäe als bester Hauptdarsteller mit: F. Murray Abraham","Zwei Hauptdarsteller aus „Amadeus“ waren 1985 nominiert. Wer gewann für den Komponisten Salieri?","Jeff Bridges","F. Murray Abraham","Albert Finney","Tom Hulce","B","Bei der Oscarverleihung 1985 ging die Auszeichnung „bester Hauptdarsteller“ an F. Murray Abraham.","F. Murray Abraham gewann 1985 als Salieri in „Amadeus“. Der gealterte Komponist erzählt einem Priester von Mozart (Tom Hulce), dessen Musik er bewundert und dessen Erfolg ihn verbittert. Die Rivalität wird somit aus der Erinnerung eines unzuverlässigen Erzählers gezeigt. Hulce war für Mozart in derselben Hauptdarstellerkategorie nominiert; der Preis ging an den Darsteller Salieris.","Jeff Bridges war für „Starman“ nominiert; gewonnen hat F. Murray Abraham.","F. Murray Abraham gewann 1985 für „Amadeus“.","Albert Finney war für „Under the Volcano“ nominiert; gewonnen hat F. Murray Abraham.","Tom Hulce war für „Amadeus“ nominiert; gewonnen hat F. Murray Abraham.","Amadeus · Oscars 1985 → F. Murray Abraham","keine","https://www.oscars.org/oscars/ceremonies/1985|https://en.wikipedia.org/wiki/Amadeus_(film)","redaktionell_geprueft"
"PRZ-202610-P01-M-010","K-PRZ-202610-P01-M-010","","de","Film","Thriller","Das Schweigen der Lämmer","The Silence of the Lambs","1991","","mittel","Schauspielpreis","Preisträger|Oscars|Schauspielpreis","Preisträger","Oscar 1992, „Das Schweigen der Lämmer“ (1991): Welche Person gewann als beste Hauptdarstellerin: Jodie Foster","Welche Darstellerin erhielt 1992 für die FBI-Anwärterin Clarice Starling in „Das Schweigen der Lämmer“ den Oscar?","Geena Davis","Laura Dern","Jodie Foster","Bette Midler","C","Bei der Oscarverleihung 1992 ging die Auszeichnung „beste Hauptdarstellerin“ an Jodie Foster.","Jodie Foster wurde 1992 für Clarice Starling ausgezeichnet. Die FBI-Anwärterin versucht, den Serienmörder Buffalo Bill (Ted Levine) zu finden, und befragt dafür Hannibal Lecter (Anthony Hopkins). Dessen Hinweise haben einen Preis: Clarice muss Erinnerungen an ihre Kindheit offenlegen. Foster und Hopkins gewannen die beiden Hauptdarsteller-Oscars; der Film erhielt außerdem Film-, Regie- und Drehbuchpreis.","Geena Davis war für „Thelma & Louise“ nominiert; gewonnen hat Jodie Foster.","Laura Dern war für „Rambling Rose“ nominiert; gewonnen hat Jodie Foster.","Jodie Foster gewann 1992 für „Das Schweigen der Lämmer“.","Bette Midler war für „For the Boys“ nominiert; gewonnen hat Jodie Foster.","Das Schweigen der Lämmer · Oscars 1992 → Jodie Foster","keine","https://www.oscars.org/oscars/ceremonies/1992|https://en.wikipedia.org/wiki/The_Silence_of_the_Lambs_(film)","redaktionell_geprueft"
"PRZ-202610-P01-M-011","K-PRZ-202610-P01-M-011","","de","Film","Drama","Philadelphia","Philadelphia","1993","","mittel","Schauspielpreis","Preisträger|Oscars|Schauspielpreis","Preisträger","Eine ausgezeichnete Darstellung: Wer gewann 1994 für „Philadelphia“ (1993) als bester Hauptdarsteller: Tom Hanks","Andrew Beckett verklagt in „Philadelphia“ seine frühere Kanzlei. Wer erhielt für diese Hauptrolle den Oscar 1994?","Daniel Day-Lewis","Laurence Fishburne","Anthony Hopkins","Tom Hanks","D","Bei der Oscarverleihung 1994 ging die Auszeichnung „bester Hauptdarsteller“ an Tom Hanks.","Tom Hanks spielt in „Philadelphia“ den Anwalt Andrew Beckett, der nach seiner Entlassung gegen seine Kanzlei vorgeht. Er glaubt, wegen seiner AIDS-Erkrankung und Homosexualität diskriminiert worden zu sein. Joe Miller (Denzel Washington) übernimmt den Fall und muss eigene Vorurteile hinterfragen. Hanks erhielt 1994 den Hauptdarsteller-Oscar; Bruce Springsteens Filmsong wurde ebenfalls ausgezeichnet.","Daniel Day-Lewis war für „In the Name of the Father“ nominiert; gewonnen hat Tom Hanks.","Laurence Fishburne war für „What's Love Got to Do with It“ nominiert; gewonnen hat Tom Hanks.","Anthony Hopkins war für „The Remains of the Day“ nominiert; gewonnen hat Tom Hanks.","Tom Hanks gewann 1994 für „Philadelphia“.","Philadelphia · Oscars 1994 → Tom Hanks","keine","https://www.oscars.org/oscars/ceremonies/1994|https://en.wikipedia.org/wiki/Philadelphia_(film)","redaktionell_geprueft"
"PRZ-202610-P01-M-012","K-PRZ-202610-P01-M-012","","de","Film","Drama","Das Piano","The Piano","1993","","mittel","Schauspielpreis","Preisträger|Oscars|Schauspielpreis","Preisträger","„Das Piano“ (1993): Wer nahm bei den Oscars 1994 die Trophäe als beste Nebendarstellerin mit: Anna Paquin","Wer gewann 1994 als beste Nebendarstellerin für Flora, die Tochter von Ada in „Das Piano“?","Anna Paquin","Holly Hunter","Rosie Perez","Winona Ryder","A","Bei der Oscarverleihung 1994 ging die Auszeichnung „beste Nebendarstellerin“ an Anna Paquin.","Anna Paquin gewann 1994 für Flora in „Das Piano“ den Nebendarstellerinnen-Oscar. Flora übersetzt die Gebärden ihrer nicht sprechenden Mutter Ada (Holly Hunter) und wird dadurch zur Vermittlerin zwischen Ada und den Erwachsenen um sie herum. Die Nähe ist keineswegs konfliktfrei: Floras Handlungen beeinflussen Adas Beziehung zu George Baines (Harvey Keitel). Hunter gewann für Ada den Hauptdarstellerinnenpreis.","Anna Paquin gewann 1994 für „Das Piano“.","Holly Hunter war für „The Firm“ nominiert; gewonnen hat Anna Paquin.","Rosie Perez war für „Fearless“ nominiert; gewonnen hat Anna Paquin.","Winona Ryder war für „The Age of Innocence“ nominiert; gewonnen hat Anna Paquin.","Das Piano · Oscars 1994 → Anna Paquin","keine","https://www.oscars.org/oscars/ceremonies/1994|https://en.wikipedia.org/wiki/The_Piano","redaktionell_geprueft"
"PRZ-202610-P01-M-013","K-PRZ-202610-P01-M-013","","de","Film","Drama","Forrest Gump","Forrest Gump","1994","","mittel","Schauspielpreis","Preisträger|Oscars|Schauspielpreis","Preisträger","Oscar 1995, „Forrest Gump“ (1994): Welche Person gewann als bester Hauptdarsteller: Tom Hanks","Wer erhielt für „Forrest Gump“ 1995 den Hauptdarsteller-Oscar und gewann damit nach 1994 zum zweiten Mal in Folge?","Morgan Freeman","Tom Hanks","Nigel Hawthorne","Paul Newman","B","Bei der Oscarverleihung 1995 ging die Auszeichnung „bester Hauptdarsteller“ an Tom Hanks.","Tom Hanks gewann 1995 für „Forrest Gump“ und damit unmittelbar nach seinem Oscar für „Philadelphia“ 1994 erneut. Forrest erzählt seine Lebensgeschichte auf einer Bushaltestellenbank; Vietnam, Spitzensport und die Begegnung mit US-Präsidenten erscheinen aus seiner persönlichen Perspektive. Seine Bindung an Jenny (Robin Wright) verbindet die historischen Episoden emotional. Eric Roth und Regisseur Robert Zemeckis wurden ebenfalls ausgezeichnet.","Morgan Freeman war für „The Shawshank Redemption“ nominiert; gewonnen hat Tom Hanks.","Tom Hanks gewann 1995 für „Forrest Gump“.","Nigel Hawthorne war für „The Madness of King George“ nominiert; gewonnen hat Tom Hanks.","Paul Newman war für „Nobody's Fool“ nominiert; gewonnen hat Tom Hanks.","Forrest Gump · Oscars 1995 → Tom Hanks","keine","https://www.oscars.org/oscars/ceremonies/1995|https://en.wikipedia.org/wiki/Forrest_Gump|https://www.oscars.org/oscars/ceremonies/1994","redaktionell_geprueft"
"PRZ-202610-P01-M-014","K-PRZ-202610-P01-M-014","","de","Film","Drama","Good Will Hunting","Good Will Hunting","1997","","mittel","Schauspielpreis","Preisträger|Oscars|Schauspielpreis","Preisträger","Eine ausgezeichnete Darstellung: Wer gewann 1998 für „Good Will Hunting“ (1997) als bester Nebendarsteller: Robin Williams","Wer gewann 1998 für Sean Maguire, den Therapeuten von Will in „Good Will Hunting“, den Nebendarsteller-Oscar?","Robert Forster","Anthony Hopkins","Robin Williams","Greg Kinnear","C","Bei der Oscarverleihung 1998 ging die Auszeichnung „bester Nebendarsteller“ an Robin Williams.","Robin Williams wurde 1998 für den Therapeuten Sean Maguire ausgezeichnet. Sean behandelt Will Hunting (Matt Damon), einen hochbegabten jungen Mann, der Nähe abwehrt und seine Vergangenheit verbirgt. Die Gespräche fordern auch Sean heraus, der den Tod seiner Frau noch nicht verarbeitet hat. Den zweiten Oscar des Films erhielten Damon und Ben Affleck für das Originaldrehbuch.","Robert Forster war für „Jackie Brown“ nominiert; gewonnen hat Robin Williams.","Anthony Hopkins war für „Amistad“ nominiert; gewonnen hat Robin Williams.","Robin Williams gewann 1998 für „Good Will Hunting“.","Greg Kinnear war für „As Good as It Gets“ nominiert; gewonnen hat Robin Williams.","Good Will Hunting · Oscars 1998 → Robin Williams","keine","https://www.oscars.org/oscars/ceremonies/1998|https://en.wikipedia.org/wiki/Good_Will_Hunting","redaktionell_geprueft"
"PRZ-202610-P01-M-015","K-PRZ-202610-P01-M-015","","de","Film","Action","Gladiator","Gladiator","2000","","mittel","Schauspielpreis","Preisträger|Oscars|Schauspielpreis","Preisträger","„Gladiator“ (2000): Wer nahm bei den Oscars 2001 die Trophäe als bester Hauptdarsteller mit: Russell Crowe","Als Maximus wird ein früherer Feldherr zum Gladiator. Welcher Darsteller gewann dafür den Hauptdarsteller-Oscar 2001?","Javier Bardem","Tom Hanks","Ed Harris","Russell Crowe","D","Bei der Oscarverleihung 2001 ging die Auszeichnung „bester Hauptdarsteller“ an Russell Crowe.","Russell Crowe gewann 2001 als Maximus in „Gladiator“. Der römische Feldherr verliert Familie und Stellung, nachdem er Kaiser Commodus (Joaquin Phoenix) die Treue verweigert hat. Als versklavter Arenakämpfer gewinnt er die Zuschauer für sich und wird zum politischen Risiko für den Herrscher. Der Film erhielt auch den Hauptpreis; Phoenix war als Nebendarsteller nominiert.","Javier Bardem war für „Before Night Falls“ nominiert; gewonnen hat Russell Crowe.","Tom Hanks war für „Cast Away“ nominiert; gewonnen hat Russell Crowe.","Ed Harris war für „Pollock“ nominiert; gewonnen hat Russell Crowe.","Russell Crowe gewann 2001 für „Gladiator“.","Gladiator · Oscars 2001 → Russell Crowe","keine","https://www.oscars.org/oscars/ceremonies/2001|https://en.wikipedia.org/wiki/Gladiator_(2000_film)","redaktionell_geprueft"
"PRZ-202610-P01-M-016","K-PRZ-202610-P01-M-016","","de","Film","Drama","Erin Brockovich","Erin Brockovich","2000","","mittel","Schauspielpreis","Preisträger|Oscars|Schauspielpreis","Preisträger","Oscar 2001, „Erin Brockovich“ (2000): Welche Person gewann als beste Hauptdarstellerin: Julia Roberts","Wer gewann 2001 für die hartnäckig recherchierende Kanzleimitarbeiterin in „Erin Brockovich“ den Hauptdarstellerinnen-Oscar?","Julia Roberts","Joan Allen","Juliette Binoche","Ellen Burstyn","A","Bei der Oscarverleihung 2001 ging die Auszeichnung „beste Hauptdarstellerin“ an Julia Roberts.","Julia Roberts wurde 2001 für „Erin Brockovich“ ausgezeichnet. Die alleinerziehende Titelheldin arbeitet ohne juristische Ausbildung für Ed Masry (Albert Finney) und stößt in einer Immobilienakte auf medizinische Unterlagen. Ihre Gespräche mit Anwohnern helfen, im Film den Zusammenhang mit verunreinigtem Wasser aufzudecken. Finney war als Nebendarsteller nominiert; der Hauptdarstellerinnenpreis ging an Roberts.","Julia Roberts gewann 2001 für „Erin Brockovich“.","Joan Allen war für „The Contender“ nominiert; gewonnen hat Julia Roberts.","Juliette Binoche war für „Chocolat“ nominiert; gewonnen hat Julia Roberts.","Ellen Burstyn war für „Requiem for a Dream“ nominiert; gewonnen hat Julia Roberts.","Erin Brockovich · Oscars 2001 → Julia Roberts","keine","https://www.oscars.org/oscars/ceremonies/2001|https://en.wikipedia.org/wiki/Erin_Brockovich_(film)","redaktionell_geprueft"
"PRZ-202610-P01-M-017","K-PRZ-202610-P01-M-017","","de","Film","Thriller","Mystic River","Mystic River","2003","","mittel","Schauspielpreis","Preisträger|Oscars|Schauspielpreis","Preisträger","Eine ausgezeichnete Darstellung: Wer gewann 2004 für „Mystic River“ (2003) als bester Hauptdarsteller: Sean Penn","Jimmy Markum sucht nach dem Mörder seiner Tochter. Wer wurde für diese Hauptrolle in „Mystic River“ 2004 mit dem Oscar ausgezeichnet?","Johnny Depp","Sean Penn","Ben Kingsley","Jude Law","B","Bei der Oscarverleihung 2004 ging die Auszeichnung „bester Hauptdarsteller“ an Sean Penn.","Sean Penn gewann 2004 für Jimmy Markum in „Mystic River“. Nach dem Mord an seiner Tochter ermittelt Jimmy auf eigene Faust und verdächtigt seinen früheren Freund Dave Boyle (Tim Robbins). Der Polizeiermittler Sean Devine (Kevin Bacon) kennt beide aus Kindertagen. Die gemeinsame Vergangenheit macht die Suche nach dem Täter besonders verhängnisvoll. Robbins erhielt im selben Jahr den Nebendarsteller-Oscar.","Johnny Depp war für „Pirates of the Caribbean: The Curse of the Black Pearl“ nominiert; gewonnen hat Sean Penn.","Sean Penn gewann 2004 für „Mystic River“.","Ben Kingsley war für „House of Sand and Fog“ nominiert; gewonnen hat Sean Penn.","Jude Law war für „Cold Mountain“ nominiert; gewonnen hat Sean Penn.","Mystic River · Oscars 2004 → Sean Penn","keine","https://www.oscars.org/oscars/ceremonies/2004|https://en.wikipedia.org/wiki/Mystic_River_(film)","redaktionell_geprueft"
"PRZ-202610-P01-M-018","K-PRZ-202610-P01-M-018","","de","Film","Action","The Dark Knight","The Dark Knight","2008","","mittel","Schauspielpreis","Preisträger|Oscars|Schauspielpreis","Preisträger","„The Dark Knight“ (2008): Wer nahm bei den Oscars 2009 die Trophäe als bester Nebendarsteller mit: Heath Ledger","Wer erhielt 2009 postum den Nebendarsteller-Oscar für den Joker in „The Dark Knight“?","Josh Brolin","Robert Downey Jr.","Heath Ledger","Philip Seymour Hoffman","C","Bei der Oscarverleihung 2009 ging die Auszeichnung „bester Nebendarsteller“ an Heath Ledger.","Heath Ledger wurde 2009 postum für den Joker in „The Dark Knight“ ausgezeichnet. Der Gegner von Batman (Christian Bale) will Gotham in moralisches Chaos stürzen und bringt auch Staatsanwalt Harvey Dent (Aaron Eckhart) an seine Grenzen. Bereits der Banküberfall am Anfang zeigt sein Prinzip: Er lässt die Komplizen einander ausschalten, bis er allein mit der Beute entkommt.","Josh Brolin war für „Milk“ nominiert; gewonnen hat Heath Ledger.","Robert Downey Jr. war für „Tropic Thunder“ nominiert; gewonnen hat Heath Ledger.","Heath Ledger gewann 2009 für „The Dark Knight“.","Philip Seymour Hoffman war für „Doubt“ nominiert; gewonnen hat Heath Ledger.","The Dark Knight · Oscars 2009 → Heath Ledger","keine","https://www.oscars.org/oscars/ceremonies/2009|https://en.wikipedia.org/wiki/The_Dark_Knight","redaktionell_geprueft"
"PRZ-202610-P01-M-019","K-PRZ-202610-P01-M-019","","de","Film","Action","Inglourious Basterds","Inglourious Basterds","2009","","mittel","Schauspielpreis","Preisträger|Oscars|Schauspielpreis","Preisträger","Oscar 2010, „Inglourious Basterds“ (2009): Welche Person gewann als bester Nebendarsteller: Christoph Waltz","Wer gewann 2010 für den mehrsprachigen SS-Offizier Hans Landa in „Inglourious Basterds“ den Nebendarsteller-Oscar?","Matt Damon","Woody Harrelson","Christopher Plummer","Christoph Waltz","D","Bei der Oscarverleihung 2010 ging die Auszeichnung „bester Nebendarsteller“ an Christoph Waltz.","Christoph Waltz gewann 2010 für den SS-Offizier Hans Landa. In der Eröffnung von „Inglourious Basterds“ benutzt Landa höfliche Konversation, um einen französischen Bauern zum Verrat einer versteckten jüdischen Familie zu bringen. Shosanna (Mélanie Laurent) entkommt und betreibt später ein Kino. Dort treffen ihre Rachepläne auf Landa und die amerikanische Kommandoeinheit. Der Film erzählt bewusst eine alternative Kriegsgeschichte.","Matt Damon war für „Invictus“ nominiert; gewonnen hat Christoph Waltz.","Woody Harrelson war für „The Messenger“ nominiert; gewonnen hat Christoph Waltz.","Christopher Plummer war für „The Last Station“ nominiert; gewonnen hat Christoph Waltz.","Christoph Waltz gewann 2010 für „Inglourious Basterds“.","Inglourious Basterds · Oscars 2010 → Christoph Waltz","keine","https://www.oscars.org/oscars/ceremonies/2010|https://en.wikipedia.org/wiki/Inglourious_Basterds","redaktionell_geprueft"
"PRZ-202610-P01-M-020","K-PRZ-202610-P01-M-020","","de","Film","Drama","Whiplash","Whiplash","2014","","mittel","Schauspielpreis","Preisträger|Oscars|Schauspielpreis","Preisträger","Eine ausgezeichnete Darstellung: Wer gewann 2015 für „Whiplash“ (2014) als bester Nebendarsteller: J.K. Simmons","Welcher Darsteller gewann 2015 für den Jazzlehrer Terence Fletcher in „Whiplash“ den Nebendarsteller-Oscar?","J.K. Simmons","Robert Duvall","Ethan Hawke","Edward Norton","A","Bei der Oscarverleihung 2015 ging die Auszeichnung „bester Nebendarsteller“ an J.K. Simmons.","J. K. Simmons gewann 2015 für Terence Fletcher, den Jazzlehrer in „Whiplash“. Fletcher nimmt Andrew Neiman (Miles Teller) in sein Ensemble auf und setzt ihn mit Demütigungen und körperlichen Angriffen unter Druck. Andrew reagiert mit immer extremerem Üben. Der Film stellt die Suche nach musikalischer Größe als Machtkampf dar; Tom Cross erhielt für den Schnitt ebenfalls einen Oscar.","J.K. Simmons gewann 2015 für „Whiplash“.","Robert Duvall war für „The Judge“ nominiert; gewonnen hat J.K. Simmons.","Ethan Hawke war für „Boyhood“ nominiert; gewonnen hat J.K. Simmons.","Edward Norton war für „Birdman or (The Unexpected Virtue of Ignorance)“ nominiert; gewonnen hat J.K. Simmons.","Whiplash · Oscars 2015 → J.K. Simmons","keine","https://www.oscars.org/oscars/ceremonies/2015|https://en.wikipedia.org/wiki/Whiplash_(2014_film)","redaktionell_geprueft"
"PRZ-202610-P01-M-021","K-PRZ-202610-P01-M-021","","de","Film","Drama","Moonlight","Moonlight","2016","","mittel","Schauspielpreis","Preisträger|Oscars|Schauspielpreis","Preisträger","„Moonlight“ (2016): Wer nahm bei den Oscars 2017 die Trophäe als bester Nebendarsteller mit: Mahershala Ali","Juan beschützt den jungen Chiron und ist zugleich Teil seines belastenden Umfelds. Wer gewann für Juan in „Moonlight“ den Nebendarsteller-Oscar 2017?","Jeff Bridges","Mahershala Ali","Lucas Hedges","Dev Patel","B","Bei der Oscarverleihung 2017 ging die Auszeichnung „bester Nebendarsteller“ an Mahershala Ali.","Mahershala Ali wurde 2017 für Juan in „Moonlight“ ausgezeichnet. Der Drogenhändler nimmt den gemobbten Chiron (Alex Hibbert) bei sich auf und wird zu einer Vaterfigur. Gleichzeitig versorgt sein Geschäft auch Chirons Mutter Paula (Naomie Harris) mit Drogen. Als Chiron diesen Widerspruch anspricht, kann Juan ihn nicht auflösen. Der Film gewann zudem als bester Film und für das adaptierte Drehbuch.","Jeff Bridges war für „Hell or High Water“ nominiert; gewonnen hat Mahershala Ali.","Mahershala Ali gewann 2017 für „Moonlight“.","Lucas Hedges war für „Manchester by the Sea“ nominiert; gewonnen hat Mahershala Ali.","Dev Patel war für „Lion“ nominiert; gewonnen hat Mahershala Ali.","Moonlight · Oscars 2017 → Mahershala Ali","keine","https://www.oscars.org/oscars/ceremonies/2017|https://en.wikipedia.org/wiki/Moonlight_(2016_film)","redaktionell_geprueft"
"PRZ-202610-P01-M-022","K-PRZ-202610-P01-M-022","","de","Film","Thriller","Joker","Joker","2019","","mittel","Schauspielpreis","Preisträger|Oscars|Schauspielpreis","Preisträger","Oscar 2020, „Joker“ (2019): Welche Person gewann als bester Hauptdarsteller: Joaquin Phoenix","Wer wurde 2020 für Arthur Flecks Entwicklung zum Joker in „Joker“ als bester Hauptdarsteller ausgezeichnet?","Antonio Banderas","Leonardo DiCaprio","Joaquin Phoenix","Adam Driver","C","Bei der Oscarverleihung 2020 ging die Auszeichnung „bester Hauptdarsteller“ an Joaquin Phoenix.","Joaquin Phoenix erhielt 2020 den Hauptdarsteller-Oscar für Arthur Fleck in „Joker“. Arthur arbeitet als Clown und möchte Stand-up-Komiker werden; Ausgrenzung und Gewalttaten führen ihn zur Jokerfigur. Talkmaster Murray Franklin (Robert De Niro) spielt bei seiner öffentlichen Verwandlung eine entscheidende Rolle. Der Film erhielt auch den Oscar für Hildur Guðnadóttirs Musik, die Arthurs Perspektive begleitet.","Antonio Banderas war für „Pain and Glory“ nominiert; gewonnen hat Joaquin Phoenix.","Leonardo DiCaprio war für „Once upon a Time...in Hollywood“ nominiert; gewonnen hat Joaquin Phoenix.","Joaquin Phoenix gewann 2020 für „Joker“.","Adam Driver war für „Marriage Story“ nominiert; gewonnen hat Joaquin Phoenix.","Joker · Oscars 2020 → Joaquin Phoenix","keine","https://www.oscars.org/oscars/ceremonies/2020|https://en.wikipedia.org/wiki/Joker_(2019_film)","redaktionell_geprueft"
"PRZ-202610-P01-M-023","K-PRZ-202610-P01-M-023","","de","Film","Drama","Nomadland","Nomadland","2020","","mittel","Schauspielpreis","Preisträger|Oscars|Schauspielpreis","Preisträger","Eine ausgezeichnete Darstellung: Wer gewann 2021 für „Nomadland“ (2020) als beste Hauptdarstellerin: Frances McDormand","Welche Schauspielerin gewann 2021 für Fern in „Nomadland“ den Hauptdarstellerinnen-Oscar?","Viola Davis","Andra Day","Vanessa Kirby","Frances McDormand","D","Bei der Oscarverleihung 2021 ging die Auszeichnung „beste Hauptdarstellerin“ an Frances McDormand.","Frances McDormand wurde 2021 für Fern in „Nomadland“ ausgezeichnet. Fern verliert ihren Mann und nach einer Werksschließung den Ort ihres bisherigen Lebens. Sie fährt im Van zwischen Saisonjobs und Nomadentreffen umher. McDormand spielt mit tatsächlichen Angehörigen dieser Gemeinschaft, darunter Linda May und Charlene Swankie. Als Mitproduzentin gehörte sie zugleich zum Team, das den Oscar für den besten Film erhielt.","Viola Davis war für „Ma Rainey's Black Bottom“ nominiert; gewonnen hat Frances McDormand.","Andra Day war für „The United States vs. Billie Holiday“ nominiert; gewonnen hat Frances McDormand.","Vanessa Kirby war für „Pieces of a Woman“ nominiert; gewonnen hat Frances McDormand.","Frances McDormand gewann 2021 für „Nomadland“.","Nomadland · Oscars 2021 → Frances McDormand","keine","https://www.oscars.org/oscars/ceremonies/2021|https://en.wikipedia.org/wiki/Nomadland_(film)","redaktionell_geprueft"
"PRZ-202610-P01-M-024","K-PRZ-202610-P01-M-024","","de","Film","Science-Fiction","Everything Everywhere All at Once","Everything Everywhere All at Once","2022","","mittel","Schauspielpreis","Preisträger|Oscars|Schauspielpreis","Preisträger","„Everything Everywhere All at Once“ (2022): Wer nahm bei den Oscars 2023 die Trophäe als beste Hauptdarstellerin mit: Michelle Yeoh","Als Evelyn Wang erlebt sie viele mögliche Leben. Welche Darstellerin gewann dafür in „Everything Everywhere All at Once“ den Oscar 2023?","Michelle Yeoh","Cate Blanchett","Ana de Armas","Andrea Riseborough","A","Bei der Oscarverleihung 2023 ging die Auszeichnung „beste Hauptdarstellerin“ an Michelle Yeoh.","Michelle Yeoh gewann 2023 als Evelyn Wang. Die Waschsalonbesitzerin erlebt alternative Versionen ihrer eigenen Person, doch der Kern des Films bleibt die Familie: ihr Mann Waymond (Ke Huy Quan) und Tochter Joy (Stephanie Hsu). Yeoh verbindet dadurch komische, dramatische und kämpferische Auftritte. Quan erhielt den Nebendarsteller-Oscar; Hsu war als Nebendarstellerin nominiert.","Michelle Yeoh gewann 2023 für „Everything Everywhere All at Once“.","Cate Blanchett war für „Tár“ nominiert; gewonnen hat Michelle Yeoh.","Ana de Armas war für „Blonde“ nominiert; gewonnen hat Michelle Yeoh.","Andrea Riseborough war für „To Leslie“ nominiert; gewonnen hat Michelle Yeoh.","Everything Everywhere All at Once · Oscars 2023 → Michelle Yeoh","keine","https://www.oscars.org/oscars/ceremonies/2023|https://en.wikipedia.org/wiki/Everything_Everywhere_All_at_Once","redaktionell_geprueft"
"PRZ-202610-P01-M-025","K-PRZ-202610-P01-M-025","","de","Film","Drama","Oppenheimer","Oppenheimer","2023","","mittel","Schauspielpreis","Preisträger|Oscars|Schauspielpreis","Preisträger","Oscar 2024, „Oppenheimer“ (2023): Welche Person gewann als bester Nebendarsteller: Robert Downey Jr.","Wer gewann 2024 für Lewis Strauss, den politischen Gegenspieler der Titelfigur in „Oppenheimer“, den Nebendarsteller-Oscar?","Sterling K. Brown","Robert Downey Jr.","Robert De Niro","Ryan Gosling","B","Bei der Oscarverleihung 2024 ging die Auszeichnung „bester Nebendarsteller“ an Robert Downey Jr.","Robert Downey Jr. wurde 2024 für Lewis Strauss in „Oppenheimer“ ausgezeichnet. Strauss gehört zur amerikanischen Atomenergiekommission und entwickelt eine persönliche Feindschaft zu J. Robert Oppenheimer (Cillian Murphy). Die Anhörung zu Strauss’ politischer Ernennung beleuchtet seine Rolle bei Oppenheimers Demontage. Während Downey Jr. den Nebenrollenpreis erhielt, gewann Murphy den Oscar für die Titel- und Hauptrolle.","Sterling K. Brown war für „American Fiction“ nominiert; gewonnen hat Robert Downey Jr..","Robert Downey Jr. gewann 2024 für „Oppenheimer“.","Robert De Niro war für „Killers of the Flower Moon“ nominiert; gewonnen hat Robert Downey Jr..","Ryan Gosling war für „Barbie“ nominiert; gewonnen hat Robert Downey Jr..","Oppenheimer · Oscars 2024 → Robert Downey Jr.","keine","https://www.oscars.org/oscars/ceremonies/2024|https://en.wikipedia.org/wiki/Oppenheimer_(film)","redaktionell_geprueft"
"PRZ-202610-P01-S-001","K-PRZ-202610-P01-S-001","","de","Film","Drama","Vom Winde verweht","Gone with the Wind","1939","","schwer","Filmhandwerk","Preisträger|Oscars|Filmhandwerk","Preisträger","Oscar 1940, „Vom Winde verweht“: Gewinner der damaligen Kategorie Writing (Screenplay) – Sidney Howard.","Weitere Autoren wirkten am Filmtext mit, doch nur einer erhielt den Drehbuchcredit. Wer gewann dafür 1940 den Oscar für „Vom Winde verweht“?","Sidney Buchman","Charles MacArthur, Ben Hecht","Sidney Howard","Charles Brackett, Billy Wilder, Walter Reisch","C","Sidney Howard gewann 1940 den Drehbuch-Oscar für „Vom Winde verweht“.","Sidney Howard erhielt 1940 postum den Drehbuch-Oscar für „Vom Winde verweht“. Er hatte Margaret Mitchells Roman für den Film bearbeitet und starb während der Produktion. Weitere Autoren wirkten am Text mit, darunter Ben Hecht; den alleinigen Drehbuchcredit erhielt Howard.","Sidney Buchman war 1940 in dieser Kategorie nominiert; ausgezeichnet wurde Sidney Howard.","Charles MacArthur, Ben Hecht war 1940 in dieser Kategorie nominiert; ausgezeichnet wurde Sidney Howard.","Sidney Howard gewann 1940 für „Vom Winde verweht“.","Charles Brackett, Billy Wilder, Walter Reisch war 1940 in dieser Kategorie nominiert; ausgezeichnet wurde Sidney Howard.","Vom Winde verweht · Oscars 1940 → Sidney Howard","keine","https://www.oscars.org/oscars/ceremonies/1940|https://en.wikipedia.org/wiki/Gone_with_the_Wind_(film)|https://catalog.afi.com/Film/1181-GONE-WITH-THE-WIND?cxt=filmography","redaktionell_geprueft"
"PRZ-202610-P01-S-002","K-PRZ-202610-P01-S-002","","de","Film","Abenteuer","Ben Hur","Ben-Hur","1959","","schwer","Filmhandwerk","Preisträger|Oscars|Filmhandwerk","Preisträger","Der Klang hinter „Ben Hur“ (1959): Wer erhielt 1960 den Oscar für beste Filmmusik eines Dramas oder einer Komödie: Miklos Rozsa","Wer gewann 1960 für „Ben Hur“ den Oscar für die Musik eines Dramas oder einer Komödie?","Alfred Newman","Franz Waxman","Ernest Gold","Miklos Rozsa","D","Bei der Oscarverleihung 1960 ging die Auszeichnung „beste Filmmusik eines Dramas oder einer Komödie“ an Miklos Rozsa.","Miklós Rózsa gewann 1960 den Musik-Oscar für „Ben Hur“. Der Film verbindet Judah Ben-Hurs (Charlton Heston) römische Gefangenschaft und das Wagenrennen mit der biblischen Geschichte. Rózsa komponierte und dirigierte die Filmmusik selbst. Bemerkenswert ist die damalige Kategorienaufteilung: Für dramatische oder komische Filme gewann Rózsa, für die Bearbeitung eines Musicals wurde André Previn mit „Porgy and Bess“ ausgezeichnet.","Alfred Newman war 1960 in dieser Kategorie nominiert; ausgezeichnet wurde Miklos Rozsa.","Franz Waxman war 1960 in dieser Kategorie nominiert; ausgezeichnet wurde Miklos Rozsa.","Ernest Gold war 1960 in dieser Kategorie nominiert; ausgezeichnet wurde Miklos Rozsa.","Miklos Rozsa gewann 1960 für „Ben Hur“.","Ben Hur · Oscars 1960 → Miklos Rozsa","keine","https://www.oscars.org/oscars/ceremonies/1960|https://en.wikipedia.org/wiki/Ben-Hur_(1959_film)","redaktionell_geprueft"
"PRZ-202610-P01-S-003","K-PRZ-202610-P01-S-003","","de","Film","Drama","Der Pate","The Godfather","1972","Der Pate","schwer","Filmhandwerk","Preisträger|Oscars|Filmhandwerk","Preisträger","Von der geschriebenen Szene zum Film: Wer gewann 1973 für „Der Pate“ (1972) den Oscar für bestes adaptiertes Drehbuch: Mario Puzo, Francis Ford Coppola","Welches Autorenduo erhielt 1973 für die Romanverfilmung „Der Pate“ den Drehbuch-Oscar?","Mario Puzo, Francis Ford Coppola","Robert Benton, David Newman","Paul Mazursky, Larry Tucker","Billy Wilder, I. A. L. Diamond","A","Bei der Oscarverleihung 1973 ging die Auszeichnung „bestes adaptiertes Drehbuch“ an Mario Puzo, Francis Ford Coppola.","Mario Puzo und Francis Ford Coppola gewannen 1973 für das adaptierte Drehbuch von „Der Pate“. Puzo war zugleich Autor des zugrunde liegenden Romans; Coppola führte Regie. Ihr Film verfolgt vor allem Michaels (Al Pacino) Wandel: Der Sohn, der zunächst Abstand zur Mafia hält, übernimmt nach dem Anschlag auf Vito Corleone (Marlon Brando) die Familiengeschäfte.","Mario Puzo, Francis Ford Coppola gewann 1973 für „Der Pate“.","Robert Benton, David Newman gehören nicht zum hier ausgezeichneten Autorenteam; gewonnen hat Mario Puzo, Francis Ford Coppola.","Paul Mazursky, Larry Tucker gehören nicht zum hier ausgezeichneten Autorenteam; gewonnen hat Mario Puzo, Francis Ford Coppola.","Billy Wilder, I. A. L. Diamond gehören nicht zum hier ausgezeichneten Autorenteam; gewonnen hat Mario Puzo, Francis Ford Coppola.","Der Pate · Oscars 1973 → Mario Puzo, Francis Ford Coppola","keine","https://www.oscars.org/oscars/ceremonies/1973|https://en.wikipedia.org/wiki/The_Godfather","redaktionell_geprueft"
"PRZ-202610-P01-S-004","K-PRZ-202610-P01-S-004","","de","Film","Drama","Einer flog über das Kuckucksnest","One Flew Over the Cuckoo's Nest","1975","","schwer","Filmhandwerk","Preisträger|Oscars|Filmhandwerk","Preisträger","Von der geschriebenen Szene zum Film: Wer gewann 1976 für „Einer flog über das Kuckucksnest“ (1975) den Oscar für bestes adaptiertes Drehbuch: Lawrence Hauben, Bo Goldman","Wer gewann 1976 für das adaptierte Drehbuch von „Einer flog über das Kuckucksnest“?","Mario Puzo, Francis Ford Coppola","Lawrence Hauben, Bo Goldman","Woody Allen, Marshall Brickman","Robert Benton, David Newman","B","Bei der Oscarverleihung 1976 ging die Auszeichnung „bestes adaptiertes Drehbuch“ an Lawrence Hauben, Bo Goldman.","Lawrence Hauben und Bo Goldman wurden 1976 für das Drehbuch nach Ken Keseys Roman ausgezeichnet. Kesey selbst hatte zunächst am Filmtext gearbeitet; seine gewünschte Ich-Perspektive von Chief Bromden (Will Sampson) wurde jedoch nicht übernommen. Der fertige Film zeigt McMurphys (Jack Nicholson) Konflikt mit Schwester Ratched (Louise Fletcher). Gedreht wurde teilweise in einem echten psychiatrischen Krankenhaus in Oregon.","Mario Puzo, Francis Ford Coppola gehören nicht zum hier ausgezeichneten Autorenteam; gewonnen hat Lawrence Hauben, Bo Goldman.","Lawrence Hauben, Bo Goldman gewann 1976 für „Einer flog über das Kuckucksnest“.","Woody Allen, Marshall Brickman gehören nicht zum hier ausgezeichneten Autorenteam; gewonnen hat Lawrence Hauben, Bo Goldman.","Robert Benton, David Newman gehören nicht zum hier ausgezeichneten Autorenteam; gewonnen hat Lawrence Hauben, Bo Goldman.","Einer flog über das Kuckucksnest · Oscars 1976 → Lawrence Hauben, Bo Goldman","keine","https://www.oscars.org/oscars/ceremonies/1976|https://en.wikipedia.org/wiki/One_Flew_Over_the_Cuckoo%27s_Nest_(film)","redaktionell_geprueft"
"PRZ-202610-P01-S-005","K-PRZ-202610-P01-S-005","","de","Film","Musik","Amadeus","Amadeus","1984","","schwer","Filmhandwerk","Preisträger|Oscars|Filmhandwerk","Preisträger","Von der geschriebenen Szene zum Film: Wer gewann 1985 für „Amadeus“ (1984) den Oscar für bestes adaptiertes Drehbuch: Peter Shaffer","Welcher Autor adaptierte sein eigenes Bühnenstück für „Amadeus“ und erhielt dafür 1985 den Drehbuch-Oscar?","Bruce Robinson","David Lean","Peter Shaffer","Charles Fuller","C","Bei der Oscarverleihung 1985 ging die Auszeichnung „bestes adaptiertes Drehbuch“ an Peter Shaffer.","Peter Shaffer adaptierte für „Amadeus“ sein eigenes Bühnenstück und gewann 1985 den Drehbuch-Oscar. Salieri (F. Murray Abraham) erzählt rückblickend von Mozart (Tom Hulce) und seiner Eifersucht auf dessen Talent. Shaffer entwarf die Rivalität als dramatische Fantasie über reale Personen. Salieris Mordbehauptung gehört deshalb zur Filmfigur und ist kein Beleg dafür, dass der historische Salieri Mozart ermordete.","Bruce Robinson war 1985 in dieser Kategorie nominiert; ausgezeichnet wurde Peter Shaffer.","David Lean war 1985 in dieser Kategorie nominiert; ausgezeichnet wurde Peter Shaffer.","Peter Shaffer gewann 1985 für „Amadeus“.","Charles Fuller war 1985 in dieser Kategorie nominiert; ausgezeichnet wurde Peter Shaffer.","Amadeus · Oscars 1985 → Peter Shaffer","keine","https://www.oscars.org/oscars/ceremonies/1985|https://en.wikipedia.org/wiki/Amadeus_(film)","redaktionell_geprueft"
"PRZ-202610-P01-S-006","K-PRZ-202610-P01-S-006","","de","Film","Thriller","Das Schweigen der Lämmer","The Silence of the Lambs","1991","","schwer","Filmhandwerk","Preisträger|Oscars|Filmhandwerk","Preisträger","Von der geschriebenen Szene zum Film: Wer gewann 1992 für „Das Schweigen der Lämmer“ (1991) den Oscar für bestes adaptiertes Drehbuch: Ted Tally","Wer erhielt 1992 für die Adaption von Thomas Harris’ Roman „Das Schweigen der Lämmer“ den Drehbuch-Oscar?","Agnieszka Holland","Fannie Flagg, Carol Sobieski","Oliver Stone, Zachary Sklar","Ted Tally","D","Bei der Oscarverleihung 1992 ging die Auszeichnung „bestes adaptiertes Drehbuch“ an Ted Tally.","Ted Tally gewann 1992 für die Adaption von Thomas Harris’ Roman „Das Schweigen der Lämmer“. Clarice Starling (Jodie Foster) braucht Hinweise von Hannibal Lecter (Anthony Hopkins), um Buffalo Bill (Ted Levine) zu finden. Lecter fordert dafür persönliche Erzählungen aus ihrer Kindheit. Die Gespräche verknüpfen somit die äußere Fahndung mit Clarices Erinnerungen; auch beide Hauptdarsteller wurden ausgezeichnet.","Agnieszka Holland war 1992 in dieser Kategorie nominiert; ausgezeichnet wurde Ted Tally.","Fannie Flagg, Carol Sobieski war 1992 in dieser Kategorie nominiert; ausgezeichnet wurde Ted Tally.","Oliver Stone, Zachary Sklar war 1992 in dieser Kategorie nominiert; ausgezeichnet wurde Ted Tally.","Ted Tally gewann 1992 für „Das Schweigen der Lämmer“.","Das Schweigen der Lämmer · Oscars 1992 → Ted Tally","keine","https://www.oscars.org/oscars/ceremonies/1992|https://en.wikipedia.org/wiki/The_Silence_of_the_Lambs_(film)","redaktionell_geprueft"
"PRZ-202610-P01-S-007","K-PRZ-202610-P01-S-007","","de","Film","Drama","Schindlers Liste","Schindler's List","1993","","schwer","Filmhandwerk","Preisträger|Oscars|Filmhandwerk","Preisträger","Der Klang hinter „Schindlers Liste“ (1993): Wer erhielt 1994 den Oscar für beste Originalmusik: John Williams","Itzhak Perlman spielt das Hauptthema von „Schindlers Liste“ auf der Violine. Wer komponierte die 1994 mit dem Oscar ausgezeichnete Musik?","John Williams","Elmer Bernstein","Dave Grusin","James Newton Howard","A","Bei der Oscarverleihung 1994 ging die Auszeichnung „beste Originalmusik“ an John Williams.","John Williams erhielt 1994 für „Schindlers Liste“ den Musik-Oscar. Das Hauptthema wird von Itzhak Perlman auf der Violine gespielt; Komposition und Solodarbietung stammen also von unterschiedlichen Musikern. Die Musik begleitet Oskar Schindlers (Liam Neeson) Wandel vom Kriegsgewinnler zum Retter jüdischer Arbeiter. Im selben Jahr wurden unter anderem auch Kamera und Schnitt des Films mit Oscars ausgezeichnet.","John Williams gewann 1994 für „Schindlers Liste“.","Elmer Bernstein war 1994 in dieser Kategorie nominiert; ausgezeichnet wurde John Williams.","Dave Grusin war 1994 in dieser Kategorie nominiert; ausgezeichnet wurde John Williams.","James Newton Howard war 1994 in dieser Kategorie nominiert; ausgezeichnet wurde John Williams.","Schindlers Liste · Oscars 1994 → John Williams","keine","https://www.oscars.org/oscars/ceremonies/1994|https://en.wikipedia.org/wiki/Schindler%27s_List","redaktionell_geprueft"
"PRZ-202610-P01-S-008","K-PRZ-202610-P01-S-008","","de","Film","Drama","Forrest Gump","Forrest Gump","1994","","schwer","Filmhandwerk","Preisträger|Oscars|Filmhandwerk","Preisträger","Von der geschriebenen Szene zum Film: Wer gewann 1995 für „Forrest Gump“ (1994) den Oscar für bestes adaptiertes Drehbuch: Eric Roth","Wer erhielt 1995 für „Forrest Gump“, nach dem Roman von Winston Groom, den Oscar für das adaptierte Drehbuch?","Alan Bennett","Eric Roth","Robert Benton","Paul Attanasio","B","Bei der Oscarverleihung 1995 ging die Auszeichnung „bestes adaptiertes Drehbuch“ an Eric Roth.","Eric Roth gewann 1995 für „Forrest Gump“, die Verfilmung von Winston Grooms Roman. Forrest (Tom Hanks) erzählt auf einer Bushaltestellenbank von seinen Erlebnissen, die amerikanische Geschichte mit privaten Bindungen verbinden. Besonders die wiederkehrende Beziehung zu Jenny (Robin Wright) hält diese Episoden zusammen. Ausgezeichnet wurden neben Roth auch Hanks, Regisseur Robert Zemeckis und Cutter Arthur Schmidt.","Alan Bennett war 1995 in dieser Kategorie nominiert; ausgezeichnet wurde Eric Roth.","Eric Roth gewann 1995 für „Forrest Gump“.","Robert Benton war 1995 in dieser Kategorie nominiert; ausgezeichnet wurde Eric Roth.","Paul Attanasio war 1995 in dieser Kategorie nominiert; ausgezeichnet wurde Eric Roth.","Forrest Gump · Oscars 1995 → Eric Roth","keine","https://www.oscars.org/oscars/ceremonies/1995|https://en.wikipedia.org/wiki/Forrest_Gump","redaktionell_geprueft"
"PRZ-202610-P01-S-009","K-PRZ-202610-P01-S-009","","de","Film","Musik","Der König der Löwen","The Lion King","1994","","schwer","Filmhandwerk","Preisträger|Oscars|Filmhandwerk","Preisträger","Der Klang hinter „Der König der Löwen“ (1994): Wer erhielt 1995 den Oscar für beste Originalmusik: Hans Zimmer","Afrikanische Gesangspassagen von Lebo M. gehören zur Musik von „Der König der Löwen“. Wer gewann 1995 für die Originalmusik den Oscar?","Alan Silvestri","Elliot Goldenthal","Hans Zimmer","Thomas Newman","C","Bei der Oscarverleihung 1995 ging die Auszeichnung „beste Originalmusik“ an Hans Zimmer.","Hans Zimmer gewann 1995 für die Originalmusik von „Der König der Löwen“. Zum Klang des Soundtracks gehören die afrikanischen Gesangspassagen von Lebo M. Die bekannten Lieder stammen von Elton John und Tim Rice; für „Can You Feel the Love Tonight“ erhielten diese einen eigenen Oscar. Zimmers Auszeichnung gilt der Filmmusik, nicht allein diesem einzelnen Lied.","Alan Silvestri war 1995 in dieser Kategorie nominiert; ausgezeichnet wurde Hans Zimmer.","Elliot Goldenthal war 1995 in dieser Kategorie nominiert; ausgezeichnet wurde Hans Zimmer.","Hans Zimmer gewann 1995 für „Der König der Löwen“.","Thomas Newman war 1995 in dieser Kategorie nominiert; ausgezeichnet wurde Hans Zimmer.","Der König der Löwen · Oscars 1995 → Hans Zimmer","keine","https://www.oscars.org/oscars/ceremonies/1995|https://en.wikipedia.org/wiki/The_Lion_King_(1994_film)|https://disney.go.com/disneyrecords/Soundtracks/LionKing/index.html","redaktionell_geprueft"
"PRZ-202610-P01-S-010","K-PRZ-202610-P01-S-010","","de","Film","Drama","Titanic","Titanic","1997","","schwer","Filmhandwerk","Preisträger|Oscars|Filmhandwerk","Preisträger","Der Klang hinter „Titanic“ (1997): Wer erhielt 1998 den Oscar für beste dramatische Originalmusik: James Horner","Die Musik von „Titanic“ verbindet keltisch geprägte Melodien mit Sissel Kyrkjebøs wortlosem Gesang. Wer erhielt dafür 1998 den Oscar für die dramatische Originalmusik?","John Williams","Danny Elfman","Philip Glass","James Horner","D","Bei der Oscarverleihung 1998 ging die Auszeichnung „beste dramatische Originalmusik“ an James Horner.","James Horner gewann 1998 für die Musik von „Titanic“. Er verband keltisch geprägte Melodien mit der wortlosen Stimme der norwegischen Sängerin Sissel Kyrkjebø. Für „My Heart Will Go On“ erhielt er außerdem den Song-Oscar gemeinsam mit Texter Will Jennings; Céline Dion sang das Lied. Die zwei Auszeichnungen würdigten also verschiedene, miteinander verbundene Beiträge Horners zum selben Film.","John Williams war 1998 in dieser Kategorie nominiert; ausgezeichnet wurde James Horner.","Danny Elfman war 1998 in dieser Kategorie nominiert; ausgezeichnet wurde James Horner.","Philip Glass war 1998 in dieser Kategorie nominiert; ausgezeichnet wurde James Horner.","James Horner gewann 1998 für „Titanic“.","Titanic · Oscars 1998 → James Horner","keine","https://www.oscars.org/oscars/ceremonies/1998|https://en.wikipedia.org/wiki/Titanic_(1997_film)|https://jameshorner-filmmusic.com/words-james-horner-3-titanic/","redaktionell_geprueft"
"PRZ-202610-P01-S-011","K-PRZ-202610-P01-S-011","","de","Film","Drama","Good Will Hunting","Good Will Hunting","1997","","schwer","Filmhandwerk","Preisträger|Oscars|Filmhandwerk","Preisträger","Von der geschriebenen Szene zum Film: Wer gewann 1998 für „Good Will Hunting“ (1997) den Oscar für bestes Originaldrehbuch: Ben Affleck, Matt Damon","Wer schrieb gemeinsam „Good Will Hunting“, spielte darin auch mit und gewann 1998 den Oscar für das Originaldrehbuch?","Ben Affleck, Matt Damon","Quentin Tarantino, Roger Avary","Joel Coen, Ethan Coen","Charles Brackett, Billy Wilder","A","Bei der Oscarverleihung 1998 ging die Auszeichnung „bestes Originaldrehbuch“ an Ben Affleck, Matt Damon.","Ben Affleck und Matt Damon gewannen 1998 für das Originaldrehbuch von „Good Will Hunting“. Beide spielen auch mit: Damon ist Will, der als Hausmeister am MIT komplexe Mathematikaufgaben löst; Affleck spielt seinen Freund Chuckie. Wills Begabung bringt ihn zu Professor Lambeau (Stellan Skarsgård) und Therapeut Sean Maguire (Robin Williams). Williams erhielt den zweiten Oscar des Films.","Ben Affleck, Matt Damon gewann 1998 für „Good Will Hunting“.","Quentin Tarantino, Roger Avary gehören nicht zum hier ausgezeichneten Autorenteam; gewonnen hat Ben Affleck, Matt Damon.","Joel Coen, Ethan Coen gehören nicht zum hier ausgezeichneten Autorenteam; gewonnen hat Ben Affleck, Matt Damon.","Charles Brackett, Billy Wilder gehören nicht zum hier ausgezeichneten Autorenteam; gewonnen hat Ben Affleck, Matt Damon.","Good Will Hunting · Oscars 1998 → Ben Affleck, Matt Damon","keine","https://www.oscars.org/oscars/ceremonies/1998|https://en.wikipedia.org/wiki/Good_Will_Hunting","redaktionell_geprueft"
"PRZ-202610-P01-S-012","K-PRZ-202610-P01-S-012","","de","Film","Martial Arts & Asia-Film","Tiger & Dragon","Crouching Tiger, Hidden Dragon","2000","Tiger & Dragon","schwer","Filmhandwerk","Preisträger|Oscars|Filmhandwerk","Preisträger","Der Klang hinter „Tiger & Dragon“ (2000): Wer erhielt 2001 den Oscar für beste Originalmusik: Tan Dun","Die Musik von „Tiger & Dragon“ enthält Cellosoli von Yo-Yo Ma. Welcher Komponist gewann dafür 2001 den Oscar?","Rachel Portman","Tan Dun","Hans Zimmer","John Williams","B","Bei der Oscarverleihung 2001 ging die Auszeichnung „beste Originalmusik“ an Tan Dun.","Tan Dun wurde 2001 für die Musik von „Tiger & Dragon“ ausgezeichnet. Seine Filmmusik enthält Cellosoli von Yo-Yo Ma. Zur Aufnahme gehört außerdem „A Love Before Time“, gesungen von CoCo Lee und komponiert von Tan Dun mit Jorge Calandrelli. Der Film gewann neben dem Musikpreis auch Oscars für Kamera, Szenenbild und den fremdsprachigen Film.","Rachel Portman war 2001 in dieser Kategorie nominiert; ausgezeichnet wurde Tan Dun.","Tan Dun gewann 2001 für „Tiger & Dragon“.","Hans Zimmer war 2001 in dieser Kategorie nominiert; ausgezeichnet wurde Tan Dun.","John Williams war 2001 in dieser Kategorie nominiert; ausgezeichnet wurde Tan Dun.","Tiger & Dragon · Oscars 2001 → Tan Dun","keine","https://www.oscars.org/oscars/ceremonies/2001|https://en.wikipedia.org/wiki/Crouching_Tiger,_Hidden_Dragon|https://resources.ircam.fr/fr/work/crouching-tiger-hidden-dragon","redaktionell_geprueft"
"PRZ-202610-P01-S-013","K-PRZ-202610-P01-S-013","","de","Film","Musik","Almost Famous – Fast berühmt","Almost Famous","2000","","schwer","Filmhandwerk","Preisträger|Oscars|Filmhandwerk","Preisträger","Von der geschriebenen Szene zum Film: Wer gewann 2001 für „Almost Famous – Fast berühmt“ (2000) den Oscar für bestes Originaldrehbuch: Cameron Crowe","Wer verarbeitete seine Jugend als Musikjournalist in „Almost Famous“ und gewann dafür 2001 den Originaldrehbuch-Oscar?","Lee Hall","Susannah Grant","Cameron Crowe","Kenneth Lonergan","C","Bei der Oscarverleihung 2001 ging die Auszeichnung „bestes Originaldrehbuch“ an Cameron Crowe.","Cameron Crowe schrieb und inszenierte „Almost Famous“ und gewann 2001 den Originaldrehbuch-Oscar. Er verarbeitete eigene Erfahrungen als jugendlicher Autor bei „Rolling Stone“. Im Film begleitet William Miller (Patrick Fugit) die erfundene Rockband Stillwater und schwankt zwischen Freundschaft zu den Musikern und ehrlicher Berichterstattung. Die Band entstand aus einer Mischung von Crowes Erinnerungen an verschiedene Gruppen.","Lee Hall war 2001 in dieser Kategorie nominiert; ausgezeichnet wurde Cameron Crowe.","Susannah Grant war 2001 in dieser Kategorie nominiert; ausgezeichnet wurde Cameron Crowe.","Cameron Crowe gewann 2001 für „Almost Famous – Fast berühmt“.","Kenneth Lonergan war 2001 in dieser Kategorie nominiert; ausgezeichnet wurde Cameron Crowe.","Almost Famous – Fast berühmt · Oscars 2001 → Cameron Crowe","keine","https://www.oscars.org/oscars/ceremonies/2001|https://en.wikipedia.org/wiki/Almost_Famous","redaktionell_geprueft"
"PRZ-202610-P01-S-014","K-PRZ-202610-P01-S-014","","de","Film","Fantasy","Der Herr der Ringe: Die Rückkehr des Königs","The Lord of the Rings: The Return of the King","2003","Der Herr der Ringe","schwer","Filmhandwerk","Preisträger|Oscars|Filmhandwerk","Preisträger","Der Klang hinter „Der Herr der Ringe: Die Rückkehr des Königs“ (2003): Wer erhielt 2004 den Oscar für beste Originalmusik: Howard Shore","Wer gewann 2004 für die Originalmusik von „Die Rückkehr des Königs“ und war auch Mitautor des ausgezeichneten Songs „Into the West“?","Danny Elfman","Gabriel Yared","Thomas Newman","Howard Shore","D","Bei der Oscarverleihung 2004 ging die Auszeichnung „beste Originalmusik“ an Howard Shore.","Howard Shore gewann 2004 für die Musik von „Die Rückkehr des Königs“. Er erhielt außerdem gemeinsam mit Fran Walsh und Annie Lennox den Oscar für „Into the West“, das Lennox singt. Der Film gewann alle elf Oscars, für die er nominiert war.","Danny Elfman war 2004 in dieser Kategorie nominiert; ausgezeichnet wurde Howard Shore.","Gabriel Yared war 2004 in dieser Kategorie nominiert; ausgezeichnet wurde Howard Shore.","Thomas Newman war 2004 in dieser Kategorie nominiert; ausgezeichnet wurde Howard Shore.","Howard Shore gewann 2004 für „Der Herr der Ringe: Die Rückkehr des Königs“.","Der Herr der Ringe: Die Rückkehr des Königs · Oscars 2004 → Howard Shore","keine","https://www.oscars.org/oscars/ceremonies/2004|https://en.wikipedia.org/wiki/The_Lord_of_the_Rings:_The_Return_of_the_King|https://howardshore.com/works/discs/2009-2000/the-lord-of-the-rings-the-return-of-the-king/","redaktionell_geprueft"
"PRZ-202610-P01-S-015","K-PRZ-202610-P01-S-015","","de","Film","Drama","Slumdog Millionär","Slumdog Millionaire","2008","","schwer","Filmhandwerk","Preisträger|Oscars|Filmhandwerk","Preisträger","Der Klang hinter „Slumdog Millionär“ (2008): Wer erhielt 2009 den Oscar für beste Originalmusik: A.R. Rahman","Wer erhielt 2009 für die Musik von „Slumdog Millionär“ den Oscar und gewann zusätzlich für „Jai Ho“ gemeinsam mit Gulzar?","A.R. Rahman","Alexandre Desplat","James Newton Howard","Danny Elfman","A","Bei der Oscarverleihung 2009 ging die Auszeichnung „beste Originalmusik“ an A.R. Rahman.","A. R. Rahman gewann 2009 für die Musik von „Slumdog Millionär“ und gemeinsam mit Gulzar für das Lied „Jai Ho“. Auch „O… Saya“, mit M.I.A. geschrieben, war als Song nominiert. Die Musik verbindet indische Einflüsse mit internationalen Pop- und Tanzstilen. Danny Boyle hatte Rahman gerade wegen dieser Mischung für die Geschichte aus Mumbai ausgewählt.","A.R. Rahman gewann 2009 für „Slumdog Millionär“.","Alexandre Desplat war 2009 in dieser Kategorie nominiert; ausgezeichnet wurde A.R. Rahman.","James Newton Howard war 2009 in dieser Kategorie nominiert; ausgezeichnet wurde A.R. Rahman.","Danny Elfman war 2009 in dieser Kategorie nominiert; ausgezeichnet wurde A.R. Rahman.","Slumdog Millionär · Oscars 2009 → A.R. Rahman","keine","https://www.oscars.org/oscars/ceremonies/2009|https://en.wikipedia.org/wiki/Slumdog_Millionaire","redaktionell_geprueft"
"PRZ-202610-P01-S-016","K-PRZ-202610-P01-S-016","","de","Film","Drama","Slumdog Millionär","Slumdog Millionaire","2008","","schwer","Filmhandwerk","Preisträger|Oscars|Filmhandwerk","Preisträger","Von der geschriebenen Szene zum Film: Wer gewann 2009 für „Slumdog Millionär“ (2008) den Oscar für bestes adaptiertes Drehbuch: Simon Beaufoy","Wer erhielt 2009 für „Slumdog Millionär“, nach Vikas Swarups „Q & A“, den Oscar für das adaptierte Drehbuch?","John Patrick Shanley","Simon Beaufoy","Peter Morgan","David Hare","B","Bei der Oscarverleihung 2009 ging die Auszeichnung „bestes adaptiertes Drehbuch“ an Simon Beaufoy.","Simon Beaufoy gewann 2009 für das Drehbuch von „Slumdog Millionär“, frei nach Vikas Swarups Roman „Q & A“. Die Quizantworten von Jamal (Dev Patel) werden durch Rückblenden auf sein Leben in Mumbai erklärt. Beaufoy reiste zur Recherche mehrfach nach Indien. So verbindet die Adaption die Mechanik einer Fernsehshow mit dem Überleben auf der Straße und der Suche nach Latika (Freida Pinto).","John Patrick Shanley war 2009 in dieser Kategorie nominiert; ausgezeichnet wurde Simon Beaufoy.","Simon Beaufoy gewann 2009 für „Slumdog Millionär“.","Peter Morgan war 2009 in dieser Kategorie nominiert; ausgezeichnet wurde Simon Beaufoy.","David Hare war 2009 in dieser Kategorie nominiert; ausgezeichnet wurde Simon Beaufoy.","Slumdog Millionär · Oscars 2009 → Simon Beaufoy","keine","https://www.oscars.org/oscars/ceremonies/2009|https://en.wikipedia.org/wiki/Slumdog_Millionaire","redaktionell_geprueft"
"PRZ-202610-P01-S-017","K-PRZ-202610-P01-S-017","","de","Film","Action","Tödliches Kommando – The Hurt Locker","The Hurt Locker","2008","","schwer","Filmhandwerk","Preisträger|Oscars|Filmhandwerk","Preisträger","Von der geschriebenen Szene zum Film: Wer gewann 2010 für „Tödliches Kommando – The Hurt Locker“ (2008) den Oscar für bestes Originaldrehbuch: Mark Boal","Ein Journalist entwickelte aus der Begleitung eines Bombenräumteams die Geschichte von „The Hurt Locker“. Wer gewann dafür 2010 den Originaldrehbuch-Oscar?","Quentin Tarantino","Alessandro Camon, Oren Moverman","Mark Boal","Joel Coen, Ethan Coen","C","Bei der Oscarverleihung 2010 ging die Auszeichnung „bestes Originaldrehbuch“ an Mark Boal.","Mark Boal gewann 2010 für das Originaldrehbuch von „The Hurt Locker“. Als Journalist hatte er im Irak ein amerikanisches Bombenräumteam begleitet. Daraus entwickelte er die erfundene Geschichte um William James (Jeremy Renner), dessen riskantes Verhalten seine Kameraden belastet. Regisseurin Kathryn Bigelow wurde ebenfalls ausgezeichnet; Boal gehörte zusätzlich zu den Produzenten des als bester Film prämierten Werks.","Quentin Tarantino war 2010 in dieser Kategorie nominiert; ausgezeichnet wurde Mark Boal.","Alessandro Camon, Oren Moverman war 2010 in dieser Kategorie nominiert; ausgezeichnet wurde Mark Boal.","Mark Boal gewann 2010 für „Tödliches Kommando – The Hurt Locker“.","Joel Coen, Ethan Coen war 2010 in dieser Kategorie nominiert; ausgezeichnet wurde Mark Boal.","Tödliches Kommando – The Hurt Locker · Oscars 2010 → Mark Boal","keine","https://www.oscars.org/oscars/ceremonies/2010|https://en.wikipedia.org/wiki/The_Hurt_Locker","redaktionell_geprueft"
"PRZ-202610-P01-S-018","K-PRZ-202610-P01-S-018","","de","Film","Komödie","Grand Budapest Hotel","The Grand Budapest Hotel","2014","","schwer","Filmhandwerk","Preisträger|Oscars|Filmhandwerk","Preisträger","Der Klang hinter „Grand Budapest Hotel“ (2014): Wer erhielt 2015 den Oscar für beste Originalmusik: Alexandre Desplat","Balalaikas und Zithern prägen den Klang von „Grand Budapest Hotel“. Wer gewann für diese Originalmusik 2015 den Oscar?","Hans Zimmer","Gary Yershon","Jóhann Jóhannsson","Alexandre Desplat","D","Bei der Oscarverleihung 2015 ging die Auszeichnung „beste Originalmusik“ an Alexandre Desplat.","Alexandre Desplat gewann 2015 für die Musik von „Grand Budapest Hotel“. Gemeinsam mit Wes Anderson suchte er einen Klang für das erfundene Mitteleuropa des Films und setzte unter anderem Balalaikas und Zithern ein. Im selben Jahr war Desplat auch für „The Imitation Game“ in derselben Kategorie nominiert. Gewonnen hat jedoch die Musik zur Geschichte des Concierges Gustave H. (Ralph Fiennes).","Hans Zimmer war 2015 in dieser Kategorie nominiert; ausgezeichnet wurde Alexandre Desplat.","Gary Yershon war 2015 in dieser Kategorie nominiert; ausgezeichnet wurde Alexandre Desplat.","Jóhann Jóhannsson war 2015 in dieser Kategorie nominiert; ausgezeichnet wurde Alexandre Desplat.","Alexandre Desplat gewann 2015 für „Grand Budapest Hotel“.","Grand Budapest Hotel · Oscars 2015 → Alexandre Desplat","keine","https://www.oscars.org/oscars/ceremonies/2015|https://en.wikipedia.org/wiki/The_Grand_Budapest_Hotel|https://www.bafta.org/media-centre/press-releases/alexandre-desplat-winners-press-conference-interview-original-music-ee-british-academy-film-awards-in-2015/","redaktionell_geprueft"
"PRZ-202610-P01-S-019","K-PRZ-202610-P01-S-019","","de","Film","Drama","The Imitation Game – Ein streng geheimes Leben","The Imitation Game","2014","","schwer","Filmhandwerk","Preisträger|Oscars|Filmhandwerk","Preisträger","Von der geschriebenen Szene zum Film: Wer gewann 2015 für „The Imitation Game – Ein streng geheimes Leben“ (2014) den Oscar für bestes adaptiertes Drehbuch: Graham Moore","Wer gewann 2015 für das adaptierte Drehbuch von „The Imitation Game“, nach Andrew Hodges’ Turing-Biografie, den Oscar?","Graham Moore","Jason Hall","Paul Thomas Anderson","Anthony McCarten","A","Bei der Oscarverleihung 2015 ging die Auszeichnung „bestes adaptiertes Drehbuch“ an Graham Moore.","Graham Moore gewann 2015 für das adaptierte Drehbuch von „The Imitation Game“. Die Vorlage ist Andrew Hodges’ Biografie „Alan Turing: The Enigma“. Der Film verbindet Turings (Benedict Cumberbatch) Arbeit an der Entschlüsselung deutscher Funksprüche mit seiner Verfolgung wegen Homosexualität. Joan Clarke (Keira Knightley) gehört zu seinen engsten Kolleginnen.","Graham Moore gewann 2015 für „The Imitation Game – Ein streng geheimes Leben“.","Jason Hall war 2015 in dieser Kategorie nominiert; ausgezeichnet wurde Graham Moore.","Paul Thomas Anderson war 2015 in dieser Kategorie nominiert; ausgezeichnet wurde Graham Moore.","Anthony McCarten war 2015 in dieser Kategorie nominiert; ausgezeichnet wurde Graham Moore.","The Imitation Game – Ein streng geheimes Leben · Oscars 2015 → Graham Moore","keine","https://www.oscars.org/oscars/ceremonies/2015|https://en.wikipedia.org/wiki/The_Imitation_Game","redaktionell_geprueft"
"PRZ-202610-P01-S-020","K-PRZ-202610-P01-S-020","","de","Film","Musik","La La Land","La La Land","2016","","schwer","Filmhandwerk","Preisträger|Oscars|Filmhandwerk","Preisträger","Der Klang hinter „La La Land“ (2016): Wer erhielt 2017 den Oscar für beste Originalmusik: Justin Hurwitz","Wer komponierte die 2017 mit dem Oscar ausgezeichnete Originalmusik von „La La Land“ und schrieb auch die Musik zu „City of Stars“?","Mica Levi","Justin Hurwitz","Nicholas Britell","Thomas Newman","B","Bei der Oscarverleihung 2017 ging die Auszeichnung „beste Originalmusik“ an Justin Hurwitz.","Justin Hurwitz gewann 2017 für die Originalmusik von „La La Land“. Auch „City of Stars“ wurde ausgezeichnet: Hurwitz schrieb die Musik, Benj Pasek und Justin Paul die Liedtexte. Das Musical erzählt von Pianist Sebastian (Ryan Gosling) und Schauspielerin Mia (Emma Stone), deren Karrierewünsche ihre Beziehung verändern. Musik und Song gehören zu den sechs Oscars des Films.","Mica Levi war 2017 in dieser Kategorie nominiert; ausgezeichnet wurde Justin Hurwitz.","Justin Hurwitz gewann 2017 für „La La Land“.","Nicholas Britell war 2017 in dieser Kategorie nominiert; ausgezeichnet wurde Justin Hurwitz.","Thomas Newman war 2017 in dieser Kategorie nominiert; ausgezeichnet wurde Justin Hurwitz.","La La Land · Oscars 2017 → Justin Hurwitz","keine","https://www.oscars.org/oscars/ceremonies/2017|https://en.wikipedia.org/wiki/La_La_Land","redaktionell_geprueft"
"PRZ-202610-P01-S-021","K-PRZ-202610-P01-S-021","","de","Film","Fantasy","Shape of Water – Das Flüstern des Wassers","The Shape of Water","2017","","schwer","Filmhandwerk","Preisträger|Oscars|Filmhandwerk","Preisträger","Der Klang hinter „Shape of Water – Das Flüstern des Wassers“ (2017): Wer erhielt 2018 den Oscar für beste Originalmusik: Alexandre Desplat","Flöten, Akkordeon und Pfeifen erzeugen in „Shape of Water“ eine schwebende Klangwelt. Wer erhielt dafür 2018 den Oscar für die Originalmusik?","Hans Zimmer","Jonny Greenwood","Alexandre Desplat","John Williams","C","Bei der Oscarverleihung 2018 ging die Auszeichnung „beste Originalmusik“ an Alexandre Desplat.","Alexandre Desplat gewann 2018 für „Shape of Water“. Er wollte die Musik wie Wasser und Schweben wirken lassen. Flöten, Akkordeon und Pfeifen verändern dafür ihren Klang; zwei Melodien werden im Verlauf miteinander verbunden. Die Musik begleitet Elisa (Sally Hawkins), die nicht spricht, und ihre Liebe zum Amphibienwesen (Doug Jones). Desplat gab dem brutalen Strickland (Michael Shannon) dagegen kein eigenes Thema.","Hans Zimmer war 2018 in dieser Kategorie nominiert; ausgezeichnet wurde Alexandre Desplat.","Jonny Greenwood war 2018 in dieser Kategorie nominiert; ausgezeichnet wurde Alexandre Desplat.","Alexandre Desplat gewann 2018 für „Shape of Water – Das Flüstern des Wassers“.","John Williams war 2018 in dieser Kategorie nominiert; ausgezeichnet wurde Alexandre Desplat.","Shape of Water – Das Flüstern des Wassers · Oscars 2018 → Alexandre Desplat","keine","https://www.oscars.org/oscars/ceremonies/2018|https://en.wikipedia.org/wiki/The_Shape_of_Water","redaktionell_geprueft"
"PRZ-202610-P01-S-022","K-PRZ-202610-P01-S-022","","de","Film","Thriller","Joker","Joker","2019","","schwer","Filmhandwerk","Preisträger|Oscars|Filmhandwerk","Preisträger","Der Klang hinter „Joker“ (2019): Wer erhielt 2020 den Oscar für beste Originalmusik: Hildur Guðnadóttir","Wer entwickelte Arthurs musikalisches Thema für „Joker“ bereits vor Drehbeginn und gewann für die Originalmusik 2020 den Oscar?","Alexandre Desplat","Randy Newman","Thomas Newman","Hildur Guðnadóttir","D","Bei der Oscarverleihung 2020 ging die Auszeichnung „beste Originalmusik“ an Hildur Guðnadóttir.","Hildur Guðnadóttir gewann 2020 für „Joker“. Sie schrieb Arthurs (Joaquin Phoenix) musikalisches Thema bereits vor Drehbeginn, ausgehend vom Drehbuch statt von fertigen Bildern. Mit dem Cello suchte sie nach der inneren Stimme der einsamen Figur. Die frühe Musik war damit Teil der Vorbereitung der Darstellung und begleitete später dessen Verwandlung vom erfolglosen Komiker zum Joker.","Alexandre Desplat war 2020 in dieser Kategorie nominiert; ausgezeichnet wurde Hildur Guðnadóttir.","Randy Newman war 2020 in dieser Kategorie nominiert; ausgezeichnet wurde Hildur Guðnadóttir.","Thomas Newman war 2020 in dieser Kategorie nominiert; ausgezeichnet wurde Hildur Guðnadóttir.","Hildur Guðnadóttir gewann 2020 für „Joker“.","Joker · Oscars 2020 → Hildur Guðnadóttir","keine","https://www.oscars.org/oscars/ceremonies/2020|https://en.wikipedia.org/wiki/Joker_(2019_film)|https://www.bmi.com/news/meet-joker-and-chernobyl-composer-hildur-gunadottir","redaktionell_geprueft"
"PRZ-202610-P01-S-023","K-PRZ-202610-P01-S-023","","de","Film","Thriller","Promising Young Woman","Promising Young Woman","2020","","schwer","Filmhandwerk","Preisträger|Oscars|Filmhandwerk","Preisträger","Von der geschriebenen Szene zum Film: Wer gewann 2021 für „Promising Young Woman“ (2020) den Oscar für bestes Originaldrehbuch: Emerald Fennell","Wer schrieb „Promising Young Woman“ und gewann dafür 2021 den Oscar für das Originaldrehbuch?","Emerald Fennell","Lee Isaac Chung","Aaron Sorkin","Will Berson, Shaka King, Kenny Lucas, Keith Lucas","A","Bei der Oscarverleihung 2021 ging die Auszeichnung „bestes Originaldrehbuch“ an Emerald Fennell.","Emerald Fennell schrieb und inszenierte „Promising Young Woman“ und erhielt 2021 den Originaldrehbuch-Oscar. Cassie (Carey Mulligan) täuscht nachts Trunkenheit vor, um Männer mit ihrem Verhalten zu konfrontieren. Hinter diesen Tests steht die Geschichte ihrer früheren Freundin, deren Vergewaltigung im Umfeld einer Universität verdrängt wurde. Der Film verknüpft Cassies Rachepläne mit einer scheinbar möglichen neuen Liebesbeziehung.","Emerald Fennell gewann 2021 für „Promising Young Woman“.","Lee Isaac Chung war 2021 in dieser Kategorie nominiert; ausgezeichnet wurde Emerald Fennell.","Aaron Sorkin war 2021 in dieser Kategorie nominiert; ausgezeichnet wurde Emerald Fennell.","Will Berson, Shaka King, Kenny Lucas, Keith Lucas war 2021 in dieser Kategorie nominiert; ausgezeichnet wurde Emerald Fennell.","Promising Young Woman · Oscars 2021 → Emerald Fennell","keine","https://www.oscars.org/oscars/ceremonies/2021|https://en.wikipedia.org/wiki/Promising_Young_Woman","redaktionell_geprueft"
"PRZ-202610-P01-S-024","K-PRZ-202610-P01-S-024","","de","Film","Drama","Im Westen nichts Neues","Im Westen nichts Neues","2022","","schwer","Filmhandwerk","Preisträger|Oscars|Filmhandwerk","Preisträger","Der Klang hinter „Im Westen nichts Neues“ (2022): Wer erhielt 2023 den Oscar für beste Originalmusik: Volker Bertelmann","Das Dreitonmotiv aus „Im Westen nichts Neues“ entstand auf dem Harmonium der Großmutter des Komponisten. Wer gewann für die Musik 2023 den Oscar?","Justin Hurwitz","Volker Bertelmann","Carter Burwell","Son Lux","B","Bei der Oscarverleihung 2023 ging die Auszeichnung „beste Originalmusik“ an Volker Bertelmann.","Volker Bertelmann gewann 2023 für die Musik von „Im Westen nichts Neues“. Das markante Dreitonmotiv entstand auf dem restaurierten Harmonium seiner Großmutter. Es erklingt unter anderem, wenn die jungen Soldaten ihre Uniformen erhalten und begeistert losziehen. Der bedrohliche Klang widerspricht ihrer anfänglichen Euphorie und macht die Kriegsmaschine hörbar, bevor Paul Bäumer (Felix Kammerer) die Front erlebt.","Justin Hurwitz war 2023 in dieser Kategorie nominiert; ausgezeichnet wurde Volker Bertelmann.","Volker Bertelmann gewann 2023 für „Im Westen nichts Neues“.","Carter Burwell war 2023 in dieser Kategorie nominiert; ausgezeichnet wurde Volker Bertelmann.","Son Lux war 2023 in dieser Kategorie nominiert; ausgezeichnet wurde Volker Bertelmann.","Im Westen nichts Neues · Oscars 2023 → Volker Bertelmann","keine","https://www.oscars.org/oscars/ceremonies/2023|https://en.wikipedia.org/wiki/All_Quiet_on_the_Western_Front_(2022_film)|https://www.netflix.com/tudum/articles/making-of-all-quiet-on-the-western-front-bts","redaktionell_geprueft"
"PRZ-202610-P01-S-025","K-PRZ-202610-P01-S-025","","de","Film","Drama","Oppenheimer","Oppenheimer","2023","","schwer","Filmhandwerk","Preisträger|Oscars|Filmhandwerk","Preisträger","Der Klang hinter „Oppenheimer“ (2023): Wer erhielt 2024 den Oscar für beste Originalmusik: Ludwig Göransson","Nolan wünschte sich die Violine als musikalische Stimme der Titelfigur in „Oppenheimer“. Wer erhielt für die Originalmusik 2024 den Oscar?","Laura Karpman","John Williams","Ludwig Göransson","Robbie Robertson","C","Bei der Oscarverleihung 2024 ging die Auszeichnung „beste Originalmusik“ an Ludwig Göransson.","Ludwig Göransson gewann 2024 für „Oppenheimer“. Christopher Nolan wollte die Violine als Stimme des Physikers J. Robert Oppenheimer (Cillian Murphy) einsetzen. Göransson experimentierte dafür mit seiner Frau, der Geigerin Serena McKinney. Das Instrument konnte zwischen intimer Melodie und schrillen, sirenenartigen Klängen wechseln. Im Interview beschreibt er, wie diese Versuche den musikalischen Zugang zur Figur eröffneten.","Laura Karpman war 2024 in dieser Kategorie nominiert; ausgezeichnet wurde Ludwig Göransson.","John Williams war 2024 in dieser Kategorie nominiert; ausgezeichnet wurde Ludwig Göransson.","Ludwig Göransson gewann 2024 für „Oppenheimer“.","Robbie Robertson war 2024 in dieser Kategorie nominiert; ausgezeichnet wurde Ludwig Göransson.","Oppenheimer · Oscars 2024 → Ludwig Göransson","keine","https://www.oscars.org/oscars/ceremonies/2024|https://en.wikipedia.org/wiki/Oppenheimer_(film)|https://www.slashfilm.com/1448770/composer-ludwig-goransson-oppenheimer-score-exclusive-interview/","redaktionell_geprueft"
"PRZ-202610-P01-E-001","K-PRZ-202610-P01-E-001","","de","Film","Drama","Vom Winde verweht","Gone with the Wind","1939","","experte","Filmhandwerk","Preisträger|Oscars|Filmhandwerk","Preisträger","„Vom Winde verweht“ (1939): Wer erhielt bei der Oscarverleihung 1940 den Preis für bestes Szenenbild: Lyle Wheeler","Für den Brand von Atlanta wurden sogar alte Studiokulissen verbrannt. Wer gewann 1940 den Szenenbild-Oscar für „Vom Winde verweht“?","Charles D. Hall","Lionel Banks","James Basevi","Lyle Wheeler","D","Bei der Oscarverleihung 1940 ging die Auszeichnung „bestes Szenenbild“ an Lyle Wheeler.","Lyle Wheeler gewann 1940 den Oscar für das Szenenbild von „Vom Winde verweht“. An dessen Bildwelt arbeiteten auch William Cameron Menzies mit Aquarell-Storyboards und Kostümbildner Walter Plunkett. Für den Brand von Atlanta wurden auf dem Studiogelände ältere Kulissen verbrannt, darunter die Tore aus „King Kong“. Das historische Stadtbild entstand also aus Entwurfsarbeit und spektakulären praktischen Aufnahmen.","Charles D. Hall war 1940 in derselben Kategorie nominiert; gewonnen hat Lyle Wheeler.","Lionel Banks war 1940 in derselben Kategorie nominiert; gewonnen hat Lyle Wheeler.","James Basevi war 1940 in derselben Kategorie nominiert; gewonnen hat Lyle Wheeler.","Lyle Wheeler gewann 1940 für „Vom Winde verweht“.","Vom Winde verweht · Oscars 1940 → Lyle Wheeler","keine","https://www.oscars.org/oscars/ceremonies/1940|https://en.wikipedia.org/wiki/Gone_with_the_Wind_(film)|https://catalog.afi.com/Film/1181-GONE-WITH-THE-WIND?cxt=filmography","redaktionell_geprueft"
"PRZ-202610-P01-E-002","K-PRZ-202610-P01-E-002","","de","Film","Abenteuer","Ben Hur","Ben-Hur","1959","","experte","Filmhandwerk","Preisträger|Oscars|Filmhandwerk","Preisträger","Die Kleidung als Filmgestaltung: Wer gewann 1960 für „Ben Hur“ (1959) den Oscar für beste Farbkostüme: Elizabeth Haffenden","Tausende Komparsen benötigten Kostüme für „Ben Hur“. Wer erhielt für diese Arbeit 1960 den Oscar in der damaligen Farbkategorie?","Elizabeth Haffenden","Adele Palmer","Edith Head","Irene Sharaff","A","Bei der Oscarverleihung 1960 ging die Auszeichnung „beste Farbkostüme“ an Elizabeth Haffenden.","Elizabeth Haffenden erhielt 1960 den Kostüm-Oscar für „Ben Hur“. Die Produktion benötigte nicht nur Kleidung für die Hauptdarsteller, sondern eigens angefertigte Kostüme für Tausende Komparsen. Ihre Arbeit wurde in der damaligen Farbkategorie ausgezeichnet. Der separate Preis für Schwarzweißkostüme ging an Orry-Kelly für „Some Like It Hot“. Die beiden Gewinner standen deshalb nicht in direkter Konkurrenz.","Elizabeth Haffenden gewann 1960 für „Ben Hur“.","Adele Palmer war 1960 in derselben Kategorie nominiert; gewonnen hat Elizabeth Haffenden.","Edith Head war 1960 in derselben Kategorie nominiert; gewonnen hat Elizabeth Haffenden.","Irene Sharaff war 1960 in derselben Kategorie nominiert; gewonnen hat Elizabeth Haffenden.","Ben Hur · Oscars 1960 → Elizabeth Haffenden","keine","https://www.oscars.org/oscars/ceremonies/1960|https://en.wikipedia.org/wiki/Ben-Hur_(1959_film)|https://catalog.afi.com/Film/52827-BEN-HUR","redaktionell_geprueft"
"PRZ-202610-P01-E-003","K-PRZ-202610-P01-E-003","","de","Film","Musik","Cabaret","Cabaret","1972","","experte","Filmhandwerk","Preisträger|Oscars|Filmhandwerk","Preisträger","Der Rhythmus zwischen den Bildern: Wer gewann 1973 für den Schnitt von „Cabaret“ (1972) den Oscar: David Bretherton","„Cabaret“ verbindet Bühnennummern mit politischer Bedrohung. Wer wurde 1973 für den Schnitt dieses Musicals ausgezeichnet?","Tom Priestley","David Bretherton","Harold F. Kress","William Reynolds, Peter Zinner","B","Bei der Oscarverleihung 1973 ging die Auszeichnung „bester Schnitt“ an David Bretherton.","David Bretherton gewann 1973 für den Schnitt von „Cabaret“. Ein besonders eindrückliches Beispiel ist „Tomorrow Belongs to Me“: Ein zunächst idyllisch wirkender Biergarten verwandelt sich während des Liedes in eine nationalsozialistische Gemeinschaft. Die Montage der Bühnennummern erzeugt zugleich Bewegung und Aggressivität, obwohl die Choreografie oft sparsam ist. Die Filmwelt verbindet so Unterhaltung mit der politischen Bedrohung außerhalb des Clubs.","Tom Priestley war 1973 in derselben Kategorie nominiert; gewonnen hat David Bretherton.","David Bretherton gewann 1973 für „Cabaret“.","Harold F. Kress war 1973 in derselben Kategorie nominiert; gewonnen hat David Bretherton.","William Reynolds, Peter Zinner war 1973 in derselben Kategorie nominiert; gewonnen hat David Bretherton.","Cabaret · Oscars 1973 → David Bretherton","keine","https://www.oscars.org/oscars/ceremonies/1973|https://en.wikipedia.org/wiki/Cabaret_(1972_film)|https://cinemontage.org/cabaret/","redaktionell_geprueft"
"PRZ-202610-P01-E-004","K-PRZ-202610-P01-E-004","","de","Film","Drama","Barry Lyndon","Barry Lyndon","1975","","experte","Filmhandwerk","Preisträger|Oscars|Filmhandwerk","Preisträger","Ein Oscar für den Blick durch die Kamera: Wer wurde 1976 für „Barry Lyndon“ (1975) ausgezeichnet: John Alcott","Ein Oscar für den Blick durch die Kamera: Wer wurde 1976 für „Barry Lyndon“ (1975) ausgezeichnet?","Conrad Hall","James Wong Howe","John Alcott","Robert Surtees","C","Bei der Oscarverleihung 1976 ging die Auszeichnung „beste Kamera“ hier an John Alcott.","John Alcott und Stanley Kubrick wollten die Kerzenlichtszenen von „Barry Lyndon“ ohne zusätzliches künstliches Licht aufnehmen. Besonders lichtstarke Zeiss-Objektive machten das möglich, passten aber zunächst nicht an die Filmkamera: Sie musste umgebaut werden. Die geringe Schärfentiefe verlangte anschließend sehr genaue Entfernungsmarkierungen. Hinter dem ruhig wirkenden historischen Bild steckt damit aufwendige technische Vorbereitung. Alcott erhielt 1976 den Kamera-Oscar für den Film.","Conrad Hall war 1976 für The Day of the Locust nominiert; den Kamera-Oscar für Barry Lyndon gewann John Alcott.","James Wong Howe war für Funny Lady nominiert; ausgezeichnet wurde John Alcott für Barry Lyndon.","John Alcott gewann 1976 den Kamera-Oscar für Barry Lyndon.","Robert Surtees war für The Hindenburg nominiert; John Alcott gewann die Kategorie.","Barry Lyndon · Oscars 1976 → John Alcott","keine","https://www.oscars.org/oscars/ceremonies/1976|https://theasc.com/article/flashback-barry-lyndon/","redaktionell_geprueft"
"PRZ-202610-P01-E-005","K-PRZ-202610-P01-E-005","","de","Film","Musik","Amadeus","Amadeus","1984","","experte","Filmhandwerk","Preisträger|Oscars|Filmhandwerk","Preisträger","Die Kleidung als Filmgestaltung: Wer gewann 1985 für „Amadeus“ (1984) den Oscar für beste Kostüme: Theodor Pistek","Die Filmkostüme und Entwurfsskizzen aus „Amadeus“ wurden später auch im Museum gezeigt. Wer gewann für die Kostüme 1985 den Oscar?","Judy Moorcroft","Ann Roth","Patricia Norris","Theodor Pistek","D","Bei der Oscarverleihung 1985 ging die Auszeichnung „beste Kostüme“ an Theodor Pistek.","Theodor Pištěk erhielt 1985 den Kostüm-Oscar für „Amadeus“. Die aufwendigen Kleidungsstücke entstanden für Miloš Formans Film, der in Prag während der kommunistischen Herrschaft gedreht wurde. Später zeigte das National Czech & Slovak Museum originale Entwurfsskizzen und Filmkostüme aus den Barrandov-Studios. Die Kostüme sind damit auch erhaltene Arbeitsmaterialien, an denen sich der Weg vom Entwurf zum fertigen Filmbild nachvollziehen lässt.","Judy Moorcroft war 1985 in derselben Kategorie nominiert; gewonnen hat Theodor Pistek.","Ann Roth war 1985 in derselben Kategorie nominiert; gewonnen hat Theodor Pistek.","Patricia Norris war 1985 in derselben Kategorie nominiert; gewonnen hat Theodor Pistek.","Theodor Pistek gewann 1985 für „Amadeus“.","Amadeus · Oscars 1985 → Theodor Pistek","keine","https://www.oscars.org/oscars/ceremonies/1985|https://en.wikipedia.org/wiki/Amadeus_(film)|https://ncsml.org/exhibit/amadeus-costumes-for-the-obsessed-and-vengeful/","redaktionell_geprueft"
"PRZ-202610-P01-E-006","K-PRZ-202610-P01-E-006","","de","Film","Thriller","JFK – Tatort Dallas","JFK","1991","","experte","Filmhandwerk","Preisträger|Oscars|Filmhandwerk","Preisträger","Ein Oscar für den Blick durch die Kamera: Wer wurde 1992 für „JFK – Tatort Dallas“ (1991) ausgezeichnet: Robert Richardson","„JFK – Tatort Dallas“ verbindet verschiedene Filmformate und Farb- mit Schwarzweißbildern. Wer erhielt 1992 dafür den Kamera-Oscar?","Robert Richardson","Allen Daviau","Stephen Goldblatt","Adam Greenberg","A","Bei der Oscarverleihung 1992 ging die Auszeichnung „beste Kamera“ an Robert Richardson.","Robert Richardson gewann 1992 für die Kamera von „JFK“. Er verwendete 35-mm-, 16-mm- und Super-8-Material sowie Farb- und Schwarzweißbilder. Die filmische Deutung von Staatsanwalt Jim Garrison (Kevin Costner) bekam bei nachgestellten Ereignissen eine andere Bildgestaltung als die Version der Warren-Kommission. Die Kamera vermittelt konkurrierende Deutungen innerhalb des Films; sie bestätigt deren Verschwörungsthesen nicht als historische Tatsachen.","Robert Richardson gewann 1992 für „JFK – Tatort Dallas“.","Allen Daviau war 1992 in derselben Kategorie nominiert; gewonnen hat Robert Richardson.","Stephen Goldblatt war 1992 in derselben Kategorie nominiert; gewonnen hat Robert Richardson.","Adam Greenberg war 1992 in derselben Kategorie nominiert; gewonnen hat Robert Richardson.","JFK – Tatort Dallas · Oscars 1992 → Robert Richardson","keine","https://www.oscars.org/oscars/ceremonies/1992|https://en.wikipedia.org/wiki/JFK_(film)|https://theasc.com/articles/shooting-jfk-richardson-stone","redaktionell_geprueft"
"PRZ-202610-P01-E-007","K-PRZ-202610-P01-E-007","","de","Film","Drama","Schindlers Liste","Schindler's List","1993","","experte","Filmhandwerk","Preisträger|Oscars|Filmhandwerk","Preisträger","Der Rhythmus zwischen den Bildern: Wer gewann 1994 für den Schnitt von „Schindlers Liste“ (1993) den Oscar: Michael Kahn","Am Ende von „Schindlers Liste“ wechselt der Film von der gespielten Vergangenheit zu den Überlebenden der Gegenwart. Wer gewann 1994 den Schnitt-Oscar?","Anne V. Coates","Michael Kahn","Gerry Hambling","Veronika Jenet","B","Bei der Oscarverleihung 1994 ging die Auszeichnung „bester Schnitt“ an Michael Kahn.","Michael Kahn gewann 1994 den Schnitt-Oscar für „Schindlers Liste“. Der Film endet nach der Befreiung mit einem Wechsel zur Gegenwart: Überlebende und ihre Darsteller legen Steine an Schindlers Grab nieder. So wird die gespielte Geschichte mit den realen Menschen verbunden. Der preisgekrönte Schnitt gehört zu einem Film, für dessen Kamera und Musik ebenfalls Oscars vergeben wurden.","Anne V. Coates war 1994 in derselben Kategorie nominiert; gewonnen hat Michael Kahn.","Michael Kahn gewann 1994 für „Schindlers Liste“.","Gerry Hambling war 1994 in derselben Kategorie nominiert; gewonnen hat Michael Kahn.","Veronika Jenet war 1994 in derselben Kategorie nominiert; gewonnen hat Michael Kahn.","Schindlers Liste · Oscars 1994 → Michael Kahn","keine","https://www.oscars.org/oscars/ceremonies/1994|https://en.wikipedia.org/wiki/Schindler%27s_List","redaktionell_geprueft"
"PRZ-202610-P01-E-008","K-PRZ-202610-P01-E-008","","de","Film","Drama","Schindlers Liste","Schindler's List","1993","","experte","Filmhandwerk","Preisträger|Oscars|Filmhandwerk","Preisträger","Ein Oscar für den Blick durch die Kamera: Wer wurde 1994 für „Schindlers Liste“ (1993) ausgezeichnet: Janusz Kaminski","Wer erhielt 1994 für die überwiegend schwarzweiße Kameraarbeit von „Schindlers Liste“ den Oscar?","Gu Changwei","Michael Chapman","Janusz Kaminski","Stuart Dryburgh","C","Bei der Oscarverleihung 1994 ging die Auszeichnung „beste Kamera“ an Janusz Kaminski.","Janusz Kamiński gewann 1994 für „Schindlers Liste“ den Kamera-Oscar. Steven Spielberg ließ den Film überwiegend in Schwarzweiß drehen und näherte sich einer dokumentarischen Bildwirkung. Einzelne Farbmomente stechen deshalb hervor, darunter der rote Mantel eines kleinen Mädchens (Oliwia Dąbrowska). Oskar Schindler (Liam Neeson) bemerkt es während der Ghettoräumung; später sieht er dessen Leiche wieder.","Gu Changwei war 1994 in derselben Kategorie nominiert; gewonnen hat Janusz Kaminski.","Michael Chapman war 1994 in derselben Kategorie nominiert; gewonnen hat Janusz Kaminski.","Janusz Kaminski gewann 1994 für „Schindlers Liste“.","Stuart Dryburgh war 1994 in derselben Kategorie nominiert; gewonnen hat Janusz Kaminski.","Schindlers Liste · Oscars 1994 → Janusz Kaminski","keine","https://www.oscars.org/oscars/ceremonies/1994|https://en.wikipedia.org/wiki/Schindler%27s_List","redaktionell_geprueft"
"PRZ-202610-P01-E-009","K-PRZ-202610-P01-E-009","","de","Film","Drama","Forrest Gump","Forrest Gump","1994","","experte","Filmhandwerk","Preisträger|Oscars|Filmhandwerk","Preisträger","Der Rhythmus zwischen den Bildern: Wer gewann 1995 für den Schnitt von „Forrest Gump“ (1994) den Oscar: Arthur Schmidt","„Forrest Gump“ wechselt zwischen der Bushaltestellenbank und den erzählten Lebensstationen. Wer erhielt 1995 für den Schnitt den Oscar?","Sally Menke","Richard Francis-Bruce","John Wright","Arthur Schmidt","D","Bei der Oscarverleihung 1995 ging die Auszeichnung „bester Schnitt“ an Arthur Schmidt.","Arthur Schmidt erhielt 1995 den Schnitt-Oscar für „Forrest Gump“. Forrest (Tom Hanks) erzählt sein Leben auf einer Bushaltestellenbank; der Film wechselt zwischen diesem Gespräch und den Stationen seiner Vergangenheit. College, Vietnam und Garnelengeschäft werden so Teil einer persönlichen Erinnerung. Die Rückkehr zur Bank führt schließlich zu Jennys (Robin Wright) Einladung und Forrests Begegnung mit seinem Sohn.","Sally Menke war 1995 in derselben Kategorie nominiert; gewonnen hat Arthur Schmidt.","Richard Francis-Bruce war 1995 in derselben Kategorie nominiert; gewonnen hat Arthur Schmidt.","John Wright war 1995 in derselben Kategorie nominiert; gewonnen hat Arthur Schmidt.","Arthur Schmidt gewann 1995 für „Forrest Gump“.","Forrest Gump · Oscars 1995 → Arthur Schmidt","keine","https://www.oscars.org/oscars/ceremonies/1995|https://en.wikipedia.org/wiki/Forrest_Gump","redaktionell_geprueft"
"PRZ-202610-P01-E-010","K-PRZ-202610-P01-E-010","","de","Film","Drama","Titanic","Titanic","1997","","experte","Filmhandwerk","Preisträger|Oscars|Filmhandwerk","Preisträger","Ein Oscar für den Blick durch die Kamera: Wer wurde 1998 für „Titanic“ (1997) ausgezeichnet: Russell Carpenter","Bei „Titanic“ mussten Leuchten auch in den gefluteten Sets funktionieren. Wer gewann 1998 für die Kamera dieses Films den Oscar?","Russell Carpenter","Janusz Kaminski","Roger Deakins","Dante Spinotti","A","Bei der Oscarverleihung 1998 ging die Auszeichnung „beste Kamera“ an Russell Carpenter.","Russell Carpenter gewann 1998 den Kamera-Oscar für „Titanic“. Im Interview beschreibt er die versenkbaren Sets: Der Speisesaal wurde zuerst trocken gefilmt und später für die Untergangsszenen geflutet. Dafür mussten die Leuchten ausgetauscht werden, damit sie auch unter Wasser weiterleuchteten. Der scheinbar steigende Wasserstand entstand, indem man Teile des Sets kontrolliert in ein Becken absenkte.","Russell Carpenter gewann 1998 für „Titanic“.","Janusz Kaminski war 1998 in derselben Kategorie nominiert; gewonnen hat Russell Carpenter.","Roger Deakins war 1998 in derselben Kategorie nominiert; gewonnen hat Russell Carpenter.","Dante Spinotti war 1998 in derselben Kategorie nominiert; gewonnen hat Russell Carpenter.","Titanic · Oscars 1998 → Russell Carpenter","keine","https://www.oscars.org/oscars/ceremonies/1998|https://en.wikipedia.org/wiki/Titanic_(1997_film)|https://indiefilmhustle.com/russell-carpenter-asc-titanic/","redaktionell_geprueft"
"PRZ-202610-P01-E-011","K-PRZ-202610-P01-E-011","","de","Film","Drama","Titanic","Titanic","1997","","experte","Filmhandwerk","Preisträger|Oscars|Filmhandwerk","Preisträger","Die Kleidung als Filmgestaltung: Wer gewann 1998 für „Titanic“ (1997) den Oscar für beste Kostüme: Deborah L. Scott","Elegante erste Klasse und Tanz unter Deck gehören zur Kostümwelt von „Titanic“. Wer erhielt dafür 1998 den Oscar?","Ruth E. Carter","Deborah L. Scott","Dante Ferretti","Janet Patterson","B","Bei der Oscarverleihung 1998 ging die Auszeichnung „beste Kostüme“ an Deborah L. Scott.","Deborah L. Scott wurde 1998 für die Kostüme von „Titanic“ ausgezeichnet. Rose (Kate Winslet) reist als vermögende Passagierin erster Klasse, Jack (Leonardo DiCaprio) als mittelloser Künstler in der dritten Klasse. Der Film lässt beide Milieus zusammentreffen, unter anderem beim formellen Abendessen und beim Tanz unter Deck. Scotts Kostümarbeit gehört damit zu einer Geschichte, in der soziale Zugehörigkeit sichtbar inszeniert wird.","Ruth E. Carter war 1998 in derselben Kategorie nominiert; gewonnen hat Deborah L. Scott.","Deborah L. Scott gewann 1998 für „Titanic“.","Dante Ferretti war 1998 in derselben Kategorie nominiert; gewonnen hat Deborah L. Scott.","Janet Patterson war 1998 in derselben Kategorie nominiert; gewonnen hat Deborah L. Scott.","Titanic · Oscars 1998 → Deborah L. Scott","keine","https://www.oscars.org/oscars/ceremonies/1998|https://en.wikipedia.org/wiki/Titanic_(1997_film)","redaktionell_geprueft"
"PRZ-202610-P01-E-012","K-PRZ-202610-P01-E-012","","de","Film","Action","Gladiator","Gladiator","2000","","experte","Filmhandwerk","Preisträger|Oscars|Filmhandwerk","Preisträger","Die Kleidung als Filmgestaltung: Wer gewann 2001 für „Gladiator“ (2000) den Oscar für beste Kostüme: Janty Yates","Römischer Hofstaat, Soldaten und Gladiatoren prägen die Kleidung in „Gladiator“. Wer wurde dafür 2001 mit dem Kostüm-Oscar ausgezeichnet?","Tim Yip","Rita Ryack","Janty Yates","Anthony Powell","C","Bei der Oscarverleihung 2001 ging die Auszeichnung „beste Kostüme“ an Janty Yates.","Janty Yates gewann 2001 für die Kostüme von „Gladiator“. Die Geschichte führt Maximus (Russell Crowe) vom römischen Feldherrn über die Sklaverei in die Arena. Gleichzeitig versucht Commodus (Joaquin Phoenix), als Kaiser die Macht und das Publikum zu beherrschen. Hofstaat, Soldaten und Gladiatoren bilden unterschiedliche sichtbare Gruppen; Yates’ Auszeichnung gehört zu den fünf Oscars des Films.","Tim Yip war 2001 in derselben Kategorie nominiert; gewonnen hat Janty Yates.","Rita Ryack war 2001 in derselben Kategorie nominiert; gewonnen hat Janty Yates.","Janty Yates gewann 2001 für „Gladiator“.","Anthony Powell war 2001 in derselben Kategorie nominiert; gewonnen hat Janty Yates.","Gladiator · Oscars 2001 → Janty Yates","keine","https://www.oscars.org/oscars/ceremonies/2001|https://en.wikipedia.org/wiki/Gladiator_(2000_film)","redaktionell_geprueft"
"PRZ-202610-P01-E-013","K-PRZ-202610-P01-E-013","","de","Film","Fantasy","Der Herr der Ringe: Die Rückkehr des Königs","The Lord of the Rings: The Return of the King","2003","Der Herr der Ringe","experte","Filmhandwerk","Preisträger|Oscars|Filmhandwerk","Preisträger","Der Rhythmus zwischen den Bildern: Wer gewann 2004 für den Schnitt von „Der Herr der Ringe: Die Rückkehr des Königs“ (2003) den Oscar: Jamie Selkirk","Wer verantwortete den 2004 mit dem Oscar ausgezeichneten Schnitt von „Die Rückkehr des Königs“, der Gondors Verteidigung mit dem Weg zum Schicksalsberg verbindet?","Daniel Rezende","Walter Murch","Lee Smith","Jamie Selkirk","D","Bei der Oscarverleihung 2004 ging die Auszeichnung „bester Schnitt“ an Jamie Selkirk.","Jamie Selkirk gewann 2004 für den Schnitt von „Die Rückkehr des Königs“. Der Film führt mehrere Stränge zusammen: die Verteidigung Gondors, Aragorns (Viggo Mortensen) Anspruch auf den Thron und Frodos (Elijah Wood) Weg mit Sam (Sean Astin) zum Schicksalsberg. Nach der Vernichtung des Rings folgen Abschied und Heimkehr. Selkirks Arbeit gehört zu den elf gewonnenen Oscars des Films.","Daniel Rezende war 2004 in derselben Kategorie nominiert; gewonnen hat Jamie Selkirk.","Walter Murch war 2004 in derselben Kategorie nominiert; gewonnen hat Jamie Selkirk.","Lee Smith war 2004 in derselben Kategorie nominiert; gewonnen hat Jamie Selkirk.","Jamie Selkirk gewann 2004 für „Der Herr der Ringe: Die Rückkehr des Königs“.","Der Herr der Ringe: Die Rückkehr des Königs · Oscars 2004 → Jamie Selkirk","keine","https://www.oscars.org/oscars/ceremonies/2004|https://en.wikipedia.org/wiki/The_Lord_of_the_Rings:_The_Return_of_the_King","redaktionell_geprueft"
"PRZ-202610-P01-E-014","K-PRZ-202610-P01-E-014","","de","Film","Abenteuer","Master & Commander – Bis ans Ende der Welt","Master and Commander: The Far Side of the World","2003","","experte","Filmhandwerk","Preisträger|Oscars|Filmhandwerk","Preisträger","Ein Oscar für den Blick durch die Kamera: Wer wurde 2004 für „Master & Commander – Bis ans Ende der Welt“ (2003) ausgezeichnet: Russell Boyd","„Master & Commander – Bis ans Ende der Welt“ zeigt helle Decks und dunkle Schiffsräume mit Kerzenlichtwirkung. Wer gewann dafür 2004 den Kamera-Oscar?","Russell Boyd","Cesar Charlone","John Seale","Eduardo Serra","A","Bei der Oscarverleihung 2004 ging die Auszeichnung „beste Kamera“ an Russell Boyd.","Russell Boyd erhielt 2004 für „Master & Commander“ den Kamera-Oscar. Die Schiffsdecks sollten je nach Lage unterschiedlich aussehen: oben Tageslicht, weiter unten immer weniger Licht. Unterhalb der Wasserlinie gab es kaum äußeres Licht; dort simulierte er Kerzenlicht mit warmen kleinen Leuchten. Dieser Unterschied hilft, die räumliche Enge des Schiffes mit seiner offenen Welt auf See zu verbinden.","Russell Boyd gewann 2004 für „Master & Commander – Bis ans Ende der Welt“.","Cesar Charlone war 2004 in derselben Kategorie nominiert; gewonnen hat Russell Boyd.","John Seale war 2004 in derselben Kategorie nominiert; gewonnen hat Russell Boyd.","Eduardo Serra war 2004 in derselben Kategorie nominiert; gewonnen hat Russell Boyd.","Master & Commander – Bis ans Ende der Welt · Oscars 2004 → Russell Boyd","keine","https://www.oscars.org/oscars/ceremonies/2004|https://en.wikipedia.org/wiki/Master_and_Commander:_The_Far_Side_of_the_World|https://theasc.com/article/hell-high-water-master-commander/","redaktionell_geprueft"
"PRZ-202610-P01-E-015","K-PRZ-202610-P01-E-015","","de","Film","Drama","Slumdog Millionär","Slumdog Millionaire","2008","","experte","Filmhandwerk","Preisträger|Oscars|Filmhandwerk","Preisträger","Ein Oscar für den Blick durch die Kamera: Wer wurde 2009 für „Slumdog Millionär“ (2008) ausgezeichnet: Anthony Dod Mantle","Kleine Digitalkameras halfen, die engen Gassen Mumbais in „Slumdog Millionär“ aufzunehmen. Wer erhielt 2009 für die Kamera den Oscar?","Tom Stern","Anthony Dod Mantle","Claudio Miranda","Wally Pfister","B","Bei der Oscarverleihung 2009 ging die Auszeichnung „beste Kamera“ an Anthony Dod Mantle.","Anthony Dod Mantle gewann 2009 für die Kamera von „Slumdog Millionär“. Für die Drehs in Mumbai waren große Filmkameras zu schwerfällig. Kleine SI-2K-Digitalkameras erlaubten schnelle Bewegungen zwischen den Kindern und in engen Gassen. Die Aufnahmegeräte wurden in Rucksäcke eingebaut. Das Kamerasystem verband so Beweglichkeit mit der Möglichkeit, das Material mit konventionellen Filmaufnahmen zu montieren.","Tom Stern war 2009 in derselben Kategorie nominiert; gewonnen hat Anthony Dod Mantle.","Anthony Dod Mantle gewann 2009 für „Slumdog Millionär“.","Claudio Miranda war 2009 in derselben Kategorie nominiert; gewonnen hat Anthony Dod Mantle.","Wally Pfister war 2009 in derselben Kategorie nominiert; gewonnen hat Anthony Dod Mantle.","Slumdog Millionär · Oscars 2009 → Anthony Dod Mantle","keine","https://www.oscars.org/oscars/ceremonies/2009|https://en.wikipedia.org/wiki/Slumdog_Millionaire|https://www.siliconimaging.com/DigitalCinema/News/PR_01_31_09_Slumdog.html","redaktionell_geprueft"
"PRZ-202610-P01-E-016","K-PRZ-202610-P01-E-016","","de","Film","Drama","Slumdog Millionär","Slumdog Millionaire","2008","","experte","Filmhandwerk","Preisträger|Oscars|Filmhandwerk","Preisträger","Der Rhythmus zwischen den Bildern: Wer gewann 2009 für den Schnitt von „Slumdog Millionär“ (2008) den Oscar: Chris Dickens","In „Slumdog Millionär“ erklären Rückblicke Jamals Quizwissen. Wer wurde 2009 für den Schnitt dieser Erzählung mit dem Oscar ausgezeichnet?","Lee Smith","Elliot Graham","Chris Dickens","Kirk Baxter, Angus Wall","C","Bei der Oscarverleihung 2009 ging die Auszeichnung „bester Schnitt“ an Chris Dickens.","Chris Dickens erhielt 2009 den Schnitt-Oscar für „Slumdog Millionär“. Die Erzählung wechselt zwischen Jamals (Dev Patel) Quizauftritt, dem Polizeiverhör und Erinnerungen an seine Kindheit. Jede passende Erfahrung erklärt, warum er eine bestimmte Antwort kennt. Der Schnitt verbindet dadurch die scheinbar unwahrscheinlichen Quizkenntnisse mit einer persönlichen Geschichte. Zugleich bleibt die Frage offen, ob Jamal seine verlorene Freundin Latika (Freida Pinto) wiederfindet.","Lee Smith war 2009 in derselben Kategorie nominiert; gewonnen hat Chris Dickens.","Elliot Graham war 2009 in derselben Kategorie nominiert; gewonnen hat Chris Dickens.","Chris Dickens gewann 2009 für „Slumdog Millionär“.","Kirk Baxter, Angus Wall war 2009 in derselben Kategorie nominiert; gewonnen hat Chris Dickens.","Slumdog Millionär · Oscars 2009 → Chris Dickens","keine","https://www.oscars.org/oscars/ceremonies/2009|https://en.wikipedia.org/wiki/Slumdog_Millionaire","redaktionell_geprueft"
"PRZ-202610-P01-E-017","K-PRZ-202610-P01-E-017","","de","Film","Science-Fiction","Avatar","Avatar","2009","Avatar","experte","Filmhandwerk","Preisträger|Oscars|Filmhandwerk","Preisträger","Ein Oscar für den Blick durch die Kamera: Wer wurde 2010 für „Avatar“ (2009) ausgezeichnet: Mauro Fiore","Die Kamera von „Avatar“ musste reale Aufnahmen und spätere digitale Effekte für das 3-D-Bild aufeinander abstimmen. Wer gewann dafür 2010 den Oscar?","Bruno Delbonnel","Barry Ackroyd","Robert Richardson","Mauro Fiore","D","Bei der Oscarverleihung 2010 ging die Auszeichnung „beste Kamera“ an Mauro Fiore.","Mauro Fiore gewann 2010 für die Kamera von „Avatar“. Er betreute die real gedrehten Szenen innerhalb einer Produktion, die Live-Action, digitale Welten und Motion Capture verband. Die 3-D-Aufnahmen verlangten neue Kompositionen: Verdeckt ein Gegenstand nur eines der beiden Objektive, kann die räumliche Wahrnehmung unangenehm werden. Auch Lichter und später eingefügte Effekte mussten deshalb sorgfältig aufeinander abgestimmt werden.","Bruno Delbonnel war 2010 in derselben Kategorie nominiert; gewonnen hat Mauro Fiore.","Barry Ackroyd war 2010 in derselben Kategorie nominiert; gewonnen hat Mauro Fiore.","Robert Richardson war 2010 in derselben Kategorie nominiert; gewonnen hat Mauro Fiore.","Mauro Fiore gewann 2010 für „Avatar“.","Avatar · Oscars 2010 → Mauro Fiore","keine","https://www.oscars.org/oscars/ceremonies/2010|https://en.wikipedia.org/wiki/Avatar_(2009_film)|https://theasc.com/article/avatar/","redaktionell_geprueft"
"PRZ-202610-P01-E-018","K-PRZ-202610-P01-E-018","","de","Film","Drama","Victoria, die junge Königin","The Young Victoria","2009","","experte","Filmhandwerk","Preisträger|Oscars|Filmhandwerk","Preisträger","Die Kleidung als Filmgestaltung: Wer gewann 2010 für „Victoria, die junge Königin“ (2009) den Oscar für beste Kostüme: Sandy Powell","Die Kostümrecherche für „Victoria, die junge Königin“ bezog erhaltene königliche Gewänder ein. Wer erhielt für die Kostüme 2010 den Oscar?","Sandy Powell","Janet Patterson","Catherine Leterrier","Monique Prudhomme","A","Bei der Oscarverleihung 2010 ging die Auszeichnung „beste Kostüme“ an Sandy Powell.","Sandy Powell gewann 2010 für die Kostüme von „Victoria, die junge Königin“. Zur Recherche durfte sie Victorias erhaltenes Hochzeitskleid und Krönungsgewänder studieren. Die Kleidung entstand für Emily Blunt als junge Victoria und Rupert Friend als Albert. Powell arbeitete dabei mit Kostümschneiderin Annie Hadley zusammen. Die Ausstattung beruhte also nicht allein auf allgemeinen Vorstellungen königlicher Mode, sondern auch auf konkreten historischen Kleidungsstücken.","Sandy Powell gewann 2010 für „Victoria, die junge Königin“.","Janet Patterson war 2010 in derselben Kategorie nominiert; gewonnen hat Sandy Powell.","Catherine Leterrier war 2010 in derselben Kategorie nominiert; gewonnen hat Sandy Powell.","Monique Prudhomme war 2010 in derselben Kategorie nominiert; gewonnen hat Sandy Powell.","Victoria, die junge Königin · Oscars 2010 → Sandy Powell","keine","https://www.oscars.org/oscars/ceremonies/2010|https://en.wikipedia.org/wiki/The_Young_Victoria","redaktionell_geprueft"
"PRZ-202610-P01-E-019","K-PRZ-202610-P01-E-019","","de","Film","Komödie","Birdman oder (Die unverhoffte Macht der Ahnungslosigkeit)","Birdman or (The Unexpected Virtue of Ignorance)","2014","","experte","Filmhandwerk","Preisträger|Oscars|Filmhandwerk","Preisträger","Ein Oscar für den Blick durch die Kamera: Wer wurde 2015 für „Birdman oder (Die unverhoffte Macht der Ahnungslosigkeit)“ (2014) ausgezeichnet: Emmanuel Lubezki","Die Kamera folgt in „Birdman“ fließend durch Theatergänge und Probenräume. Wer wurde 2015 für diese Kameraarbeit mit dem Oscar ausgezeichnet?","Robert Yeoman","Emmanuel Lubezki","Dick Pope","Roger Deakins","B","Bei der Oscarverleihung 2015 ging die Auszeichnung „beste Kamera“ an Emmanuel Lubezki.","Emmanuel Lubezki gewann 2015 für die Kamera von „Birdman“. Alejandro González Iñárritu wollte lange, fließende Aufnahmen statt einer Folge kurzer Einstellungen. Die Kamera bewegt sich mit den Schauspielern durch enge Theatergänge und Probenräume. Lubezki beschreibt diese Arbeit als genau abgestimmte Zusammenarbeit: Bewegung, Licht und Darsteller mussten aufeinander reagieren. Der Eindruck eines fortlaufenden Blicks passt zu Riggans (Michael Keaton) unruhigem Theateralltag.","Robert Yeoman war 2015 in derselben Kategorie nominiert; gewonnen hat Emmanuel Lubezki.","Emmanuel Lubezki gewann 2015 für „Birdman oder (Die unverhoffte Macht der Ahnungslosigkeit)“.","Dick Pope war 2015 in derselben Kategorie nominiert; gewonnen hat Emmanuel Lubezki.","Roger Deakins war 2015 in derselben Kategorie nominiert; gewonnen hat Emmanuel Lubezki.","Birdman oder (Die unverhoffte Macht der Ahnungslosigkeit) · Oscars 2015 → Emmanuel Lubezki","keine","https://www.oscars.org/oscars/ceremonies/2015|https://en.wikipedia.org/wiki/Birdman_(film)|https://www.arri.com/news-en/emmanuel-lubezki-asc-amc-on-birdman-","redaktionell_geprueft"
"PRZ-202610-P01-E-020","K-PRZ-202610-P01-E-020","","de","Film","Drama","Whiplash","Whiplash","2014","","experte","Filmhandwerk","Preisträger|Oscars|Filmhandwerk","Preisträger","Der Rhythmus zwischen den Bildern: Wer gewann 2015 für den Schnitt von „Whiplash“ (2014) den Oscar: Tom Cross","Das Finale von „Whiplash“ verdichtet den Konflikt zwischen Lehrer und Schüler zu einem musikalischen Duell. Wer gewann 2015 den Schnitt-Oscar für den Film?","Sandra Adair","Barney Pilling","Tom Cross","William Goldenberg","C","Bei der Oscarverleihung 2015 ging die Auszeichnung „bester Schnitt“ an Tom Cross.","Tom Cross erhielt 2015 den Schnitt-Oscar für „Whiplash“. Die Proben und Auftritte zeigen den Machtkampf zwischen Schlagzeuger Andrew Neiman (Miles Teller) und Lehrer Terence Fletcher (J. K. Simmons). Im Finale gerät Andrew zunächst in Fletchers Falle und beginnt dann selbst „Caravan“. Das musikalische Duell verlagert den Konflikt in die Aufführung; Cross’ Schnitt führt die Reaktionen beider Kontrahenten zusammen.","Sandra Adair war 2015 in derselben Kategorie nominiert; gewonnen hat Tom Cross.","Barney Pilling war 2015 in derselben Kategorie nominiert; gewonnen hat Tom Cross.","Tom Cross gewann 2015 für „Whiplash“.","William Goldenberg war 2015 in derselben Kategorie nominiert; gewonnen hat Tom Cross.","Whiplash · Oscars 2015 → Tom Cross","keine","https://www.oscars.org/oscars/ceremonies/2015|https://en.wikipedia.org/wiki/Whiplash_(2014_film)","redaktionell_geprueft"
"PRZ-202610-P01-E-021","K-PRZ-202610-P01-E-021","","de","Film","Musik","La La Land","La La Land","2016","","experte","Filmhandwerk","Preisträger|Oscars|Filmhandwerk","Preisträger","Ein Oscar für den Blick durch die Kamera: Wer wurde 2017 für „La La Land“ (2016) ausgezeichnet: Linus Sandgren","Breite CinemaScope-Bilder halten in „La La Land“ Tänzer und Umgebung zusammen im Blick. Wer wurde 2017 für die Kamera mit dem Oscar ausgezeichnet?","Bradford Young","Greig Fraser","James Laxton","Linus Sandgren","D","Bei der Oscarverleihung 2017 ging die Auszeichnung „beste Kamera“ an Linus Sandgren.","Linus Sandgren gewann 2017 für „La La Land“. Er und Damien Chazelle entschieden sich für 35-mm-Film und ein besonders breites CinemaScope-Bild. So konnten Tänzer von Kopf bis Fuß und die Landschaft zugleich im Bild bleiben. Die Tanzszene am Aussichtspunkt wurde als lange Aufnahme im kurzen Abendlichtfenster gedreht. Dafür mussten Schauspiel, Kamerabewegung und Schärfeziehen vorher genau geprobt werden.","Bradford Young war 2017 in derselben Kategorie nominiert; gewonnen hat Linus Sandgren.","Greig Fraser war 2017 in derselben Kategorie nominiert; gewonnen hat Linus Sandgren.","James Laxton war 2017 in derselben Kategorie nominiert; gewonnen hat Linus Sandgren.","Linus Sandgren gewann 2017 für „La La Land“.","La La Land · Oscars 2017 → Linus Sandgren","keine","https://www.oscars.org/oscars/ceremonies/2017|https://en.wikipedia.org/wiki/La_La_Land|https://theasc.com/articles/la-la-land-city-of-stars","redaktionell_geprueft"
"PRZ-202610-P01-E-022","K-PRZ-202610-P01-E-022","","de","Film","Drama","Dunkirk","Dunkirk","2017","","experte","Filmhandwerk","Preisträger|Oscars|Filmhandwerk","Preisträger","Der Rhythmus zwischen den Bildern: Wer gewann 2018 für den Schnitt von „Dunkirk“ (2017) den Oscar: Lee Smith","Eine Woche am Strand, ein Tag auf See und eine Stunde in der Luft laufen in „Dunkirk“ zusammen. Wer gewann 2018 für den Schnitt den Oscar?","Lee Smith","Tatiana S. Riegel","Sidney Wolinsky","Jon Gregory","A","Bei der Oscarverleihung 2018 ging die Auszeichnung „bester Schnitt“ an Lee Smith.","Lee Smith gewann 2018 für den Schnitt von „Dunkirk“. Die Evakuierung wird aus drei Perspektiven erzählt, die unterschiedliche Zeitspannen abdecken: eine Woche am Strand, einen Tag auf See und eine Stunde in der Luft. Die Montage lässt diese Ebenen ineinandergreifen und schließlich zusammenlaufen. Dass Ereignisse scheinbar gleichzeitig stattfinden, ist deshalb eine bewusste Gestaltung der Erzählzeit und kein einfacher chronologischer Bericht.","Lee Smith gewann 2018 für „Dunkirk“.","Tatiana S. Riegel war 2018 in derselben Kategorie nominiert; gewonnen hat Lee Smith.","Sidney Wolinsky war 2018 in derselben Kategorie nominiert; gewonnen hat Lee Smith.","Jon Gregory war 2018 in derselben Kategorie nominiert; gewonnen hat Lee Smith.","Dunkirk · Oscars 2018 → Lee Smith","keine","https://www.oscars.org/oscars/ceremonies/2018|https://en.wikipedia.org/wiki/Dunkirk_(2017_film)","redaktionell_geprueft"
"PRZ-202610-P01-E-023","K-PRZ-202610-P01-E-023","","de","Film","Drama","Mank","Mank","2020","","experte","Filmhandwerk","Preisträger|Oscars|Filmhandwerk","Preisträger","Ein Oscar für den Blick durch die Kamera: Wer wurde 2021 für „Mank“ (2020) ausgezeichnet: Erik Messerschmidt","Wer erhielt 2021 für die Schwarzweißkamera von „Mank“ den Oscar?","Sean Bobbitt","Erik Messerschmidt","Dariusz Wolski","Joshua James Richards","B","Bei der Oscarverleihung 2021 ging die Auszeichnung „beste Kamera“ an Erik Messerschmidt.","Erik Messerschmidt gewann 2021 für „Mank“. Der Film erinnert optisch an das Hollywood der 1930er-Jahre, wurde aber mit modernen Digitalkameras gedreht. Nach Vergleichstests entschied sich Messerschmidt für einen Schwarzweißsensor, statt Farbbilder später umzuwandeln. Dessen höhere Lichtempfindlichkeit half bei Aufnahmen mit großer Schärfentiefe. Die historische Bildwirkung entstand somit durch eine bewusst gewählte zeitgenössische Kameratechnik.","Sean Bobbitt war 2021 in derselben Kategorie nominiert; gewonnen hat Erik Messerschmidt.","Erik Messerschmidt gewann 2021 für „Mank“.","Dariusz Wolski war 2021 in derselben Kategorie nominiert; gewonnen hat Erik Messerschmidt.","Joshua James Richards war 2021 in derselben Kategorie nominiert; gewonnen hat Erik Messerschmidt.","Mank · Oscars 2021 → Erik Messerschmidt","keine","https://www.oscars.org/oscars/ceremonies/2021|https://en.wikipedia.org/wiki/Mank|https://theasc.com/article/mank/","redaktionell_geprueft"
"PRZ-202610-P01-E-024","K-PRZ-202610-P01-E-024","","de","Film","Science-Fiction","Everything Everywhere All at Once","Everything Everywhere All at Once","2022","","experte","Filmhandwerk","Preisträger|Oscars|Filmhandwerk","Preisträger","Der Rhythmus zwischen den Bildern: Wer gewann 2023 für den Schnitt von „Everything Everywhere All at Once“ (2022) den Oscar: Paul Rogers","Eine nachgedrehte Aufnahme stärkte in „Everything Everywhere All at Once“ Joys emotionale Geschichte. Wer erhielt 2023 für den Schnitt des Films den Oscar?","Mikkel E.G. Nielsen","Monika Willi","Paul Rogers","Eddie Hamilton","C","Bei der Oscarverleihung 2023 ging die Auszeichnung „bester Schnitt“ an Paul Rogers.","Paul Rogers gewann 2023 für den Schnitt von „Everything Everywhere All at Once“. In Testvorführungen wirkte Joy (Stephanie Hsu) zunächst zu unsympathisch, sodass die spätere Versöhnung mit Evelyn (Michelle Yeoh) nicht überzeugte. Eine nachgedrehte Aufnahme von Joy weinend im Auto veränderte diesen Eindruck. Rogers berichtet, dass diese frühe Ergänzung die emotionale Wirkung der späteren Parkplatzszene entscheidend verbesserte.","Mikkel E.G. Nielsen war 2023 in derselben Kategorie nominiert; gewonnen hat Paul Rogers.","Monika Willi war 2023 in derselben Kategorie nominiert; gewonnen hat Paul Rogers.","Paul Rogers gewann 2023 für „Everything Everywhere All at Once“.","Eddie Hamilton war 2023 in derselben Kategorie nominiert; gewonnen hat Paul Rogers.","Everything Everywhere All at Once · Oscars 2023 → Paul Rogers","keine","https://www.oscars.org/oscars/ceremonies/2023|https://en.wikipedia.org/wiki/Everything_Everywhere_All_at_Once|https://filmmakermagazine.com/117831-kept-in-sync-paul-rogers-on-editing-everything-everywhere-all-at-once/","redaktionell_geprueft"
"PRZ-202610-P01-E-025","K-PRZ-202610-P01-E-025","","de","Film","Drama","Oppenheimer","Oppenheimer","2023","","experte","Filmhandwerk","Preisträger|Oscars|Filmhandwerk","Preisträger","Der Rhythmus zwischen den Bildern: Wer gewann 2024 für den Schnitt von „Oppenheimer“ (2023) den Oscar: Jennifer Lame","„Oppenheimer“ verbindet mehrere Zeiten und Perspektiven durch seine Montage. Wer gewann für den Schnitt 2024 den Oscar?","Laurent Sénéchal","Kevin Tent","Thelma Schoonmaker","Jennifer Lame","D","Bei der Oscarverleihung 2024 ging die Auszeichnung „bester Schnitt“ an Jennifer Lame.","Jennifer Lame gewann 2024 für den Schnitt von „Oppenheimer“. Im Interview beschreibt sie das Ziel, Erinnerungen nicht wie bloß eingeschobene Rückblenden wirken zu lassen: Jeder Schnitt und Toneinsatz sollte aus dem Gefühl der Figuren entstehen. Die Schwarzweißhandlung um Strauss (Robert Downey Jr.) deutet sie als emotionalen Ausdruck seiner Eifersucht. Die Montage verbindet damit mehrere Zeiten und Perspektiven.","Laurent Sénéchal war 2024 in derselben Kategorie nominiert; gewonnen hat Jennifer Lame.","Kevin Tent war 2024 in derselben Kategorie nominiert; gewonnen hat Jennifer Lame.","Thelma Schoonmaker war 2024 in derselben Kategorie nominiert; gewonnen hat Jennifer Lame.","Jennifer Lame gewann 2024 für „Oppenheimer“.","Oppenheimer · Oscars 2024 → Jennifer Lame","keine","https://www.oscars.org/oscars/ceremonies/2024|https://en.wikipedia.org/wiki/Oppenheimer_(film)|https://offscreencentral.com/2024/01/17/oppenheimer-interview-with-editor-jennifer-lame/","redaktionell_geprueft"
"PRZ-202610-P01-L-026","K-PRZ-202610-P01-L-026","","de","Film","Drama","Marty","Marty","1955","","leicht","Gewinnerfilm","Preisträger|Cannes|Gewinnerfilm","Preisträger","Cannes 1955: Welcher Film erhielt die Goldene Palme: Marty","Cannes 1955: Welcher Film erhielt die Goldene Palme?","Pulp Fiction","Marty","Taxi Driver","Parasite","B","Marty von Delbert Mann erhielt 1955 die Goldene Palme.","Marty (Ernest Borgnine) ist ein Metzger, dessen Familie kaum noch mit einer Heirat rechnet. Mit diesem kleinen Alltagsdrama begann 1955 die Geschichte der Goldenen Palme. Ihr Entwurf stammte von der Schmuckgestalterin Lucienne Lazon und griff die Palme im Stadtwappen von Cannes auf. Der ursprüngliche Sockel bestand aus Terrakotta.","Pulp Fiction gewann 1994. Die erste Goldene Palme von 1955 erhielt Delbert Manns Marty.","Marty von Delbert Mann erhielt 1955 die Goldene Palme.","Taxi Driver wurde 1976 ausgezeichnet; 1955 begann die Palmenreihe mit Marty.","Parasite ist der Palmensieger von 2019. Für 1955 ist das Alltagsdrama Marty gesucht.","Marty · Cannes 1955 → Marty","keine","https://www.festival-cannes.com/en/2020/palme-d-or-the-1950s/|https://www.festival-cannes.com/en/the-festival/the-palme-d-or/|https://www.festival-cannes.com/en/f/pulp-fiction/|https://www.festival-cannes.com/f/taxi-driver/|https://www.festival-cannes.com/en/f/gisaengchung/","redaktionell_geprueft"
"PRZ-202610-P01-L-027","K-PRZ-202610-P01-L-027","","de","Film","Drama","Taxi Driver","Taxi Driver","1976","","leicht","Gewinnerfilm","Preisträger|Cannes|Gewinnerfilm","Preisträger","Cannes 1976: Welcher Film erhielt die Goldene Palme: Taxi Driver","Cannes 1976: Welcher Film erhielt die Goldene Palme?","Pulp Fiction","Parasite","Taxi Driver","Liebe","C","Martin Scorseses Taxi Driver gewann die Palme von 1976.","Hinter Taxi Driver steht mehr als die Verbindung von Martin Scorsese und Robert De Niro: Paul Schrader schrieb das Drehbuch, Michael Chapman verantwortete die Kamera und Bernard Herrmann die Musik. Im Ensemble stehen außerdem Jodie Foster, Harvey Keitel und Cybill Shepherd. Cannes zeichnete 1976 diese düstere Gemeinschaftsarbeit mit der Palme aus.","Pulp Fiction ist Quentin Tarantinos Palmensieger von 1994. 1976 gewann Martin Scorsese mit Taxi Driver.","Parasite gewann 2019 unter der Regie von Bong Joon-ho. Die Palme 1976 ging an Taxi Driver.","Martin Scorseses Taxi Driver gewann die Palme von 1976.","Liebe brachte Michael Haneke die Palme 2012 ein; hier ist Scorseses Taxi Driver von 1976 gesucht.","Taxi Driver · Cannes 1976 → Taxi Driver","keine","https://www.festival-cannes.com/f/taxi-driver/|https://www.festival-cannes.com/en/f/pulp-fiction/|https://www.festival-cannes.com/en/f/gisaengchung/|https://www.festival-cannes.com/en/f/amour/","redaktionell_geprueft"
"PRZ-202610-P01-L-028","K-PRZ-202610-P01-L-028","","de","Film","Drama","Paris, Texas","Paris, Texas","1984","","leicht","Gewinnerfilm","Preisträger|Cannes|Gewinnerfilm","Preisträger","Cannes 1984: Welcher Film erhielt die Goldene Palme: Paris, Texas","Cannes 1984: Welcher Film erhielt die Goldene Palme?","Pulp Fiction","Taxi Driver","Parasite","Paris, Texas","D","Paris, Texas von Wim Wenders gewann die Palme 1984.","Ein totgeglaubter Mann kehrt zurück und sucht die Verbindung zu seinem Sohn und dessen Mutter. Diese knappe Ausgangslage trägt Wim Wenders’ Paris, Texas. Zum Film gehören Harry Dean Stanton und Nastassja Kinski, Robby Müllers Kamera und Ry Cooders Musik. 1984 gewann er neben der Palme auch einen geteilten FIPRESCI-Preis der internationalen Filmkritik.","Pulp Fiction gewann die Palme zehn Jahre später, 1994. Wim Wenders’ Paris, Texas erhielt sie 1984.","Taxi Driver gehört zur Ausgabe von 1976. Acht Jahre später gewann Paris, Texas.","Parasite ist der Palmensieger von 2019; 1984 wurde Paris, Texas ausgezeichnet.","Paris, Texas von Wim Wenders gewann die Palme 1984.","Paris, Texas · Cannes 1984 → Paris, Texas","keine","https://www.festival-cannes.com/en/f/paris-texas-2/|https://www.festival-cannes.com/en/f/pulp-fiction/|https://www.festival-cannes.com/f/taxi-driver/|https://www.festival-cannes.com/en/f/gisaengchung/","redaktionell_geprueft"
"PRZ-202610-P01-L-029","K-PRZ-202610-P01-L-029","","de","Film","Thriller","Pulp Fiction","Pulp Fiction","1994","","leicht","Gewinnerfilm","Preisträger|Cannes|Gewinnerfilm","Preisträger","Cannes 1994: Welcher Film erhielt die Goldene Palme: Pulp Fiction","Cannes 1994: Welcher Film erhielt die Goldene Palme?","Pulp Fiction","Taxi Driver","Parasite","Liebe","A","Quentin Tarantinos Pulp Fiction ist der Palmensieger von 1994.","Eine Überdosis, die Uhr eines Boxers und ein blutverschmiertes Auto verbinden die Geschichten von Pulp Fiction. Schon die offizielle Cannes-Synopsis stellt diese drei Krisen nebeneinander. Quentin Tarantino und Roger Avary stehen in den Drehbuchcredits, Sally Menke montierte den Film. Die Palme 1994 galt damit einem Gangsterfilm, der mehrere Erzählstränge miteinander verschränkt.","Quentin Tarantinos Pulp Fiction ist der Palmensieger von 1994.","Taxi Driver brachte Scorsese die Palme 1976 ein. Der Gangsterfilm Pulp Fiction gewann 1994.","Parasite erhielt die Palme 2019. Der gesuchte Gewinner von 1994 ist Tarantinos Pulp Fiction.","Liebe wurde 2012 ausgezeichnet. Die Palme von 1994 ging an Quentin Tarantinos Pulp Fiction.","Pulp Fiction · Cannes 1994 → Pulp Fiction","keine","https://www.festival-cannes.com/en/f/pulp-fiction/|https://www.festival-cannes.com/f/taxi-driver/|https://www.festival-cannes.com/en/f/gisaengchung/|https://www.festival-cannes.com/en/f/amour/","redaktionell_geprueft"
"PRZ-202610-P01-L-030","K-PRZ-202610-P01-L-030","","de","Film","Drama","Lügen und Geheimnisse","Secrets & Lies","1996","","leicht","Gewinnerfilm","Preisträger|Cannes|Gewinnerfilm","Preisträger","Cannes 1996: Welcher Film erhielt die Goldene Palme: Lügen und Geheimnisse","Cannes 1996: Welcher Film erhielt die Goldene Palme?","Pulp Fiction","Lügen und Geheimnisse","Taxi Driver","Parasite","B","Lügen und Geheimnisse von Mike Leigh erhielt 1996 die Goldene Palme.","Nach dem Tod ihrer Adoptivmutter sucht Hortense (Marianne Jean-Baptiste) ihre leibliche Mutter. Sie trifft auf Cynthia (Brenda Blethyn), eine weiße Frau mit einer weiteren Tochter. Mike Leigh entwickelt daraus ein Familienleben voller unausgesprochener Wahrheiten. Cannes prämierte 1996 den Film mit der Palme und Blethyns Darstellung mit dem Darstellerinnenpreis.","Pulp Fiction gewann 1994, zwei Jahre vor Mike Leighs Lügen und Geheimnisse.","Lügen und Geheimnisse von Mike Leigh erhielt 1996 die Goldene Palme.","Taxi Driver ist der Gewinner von 1976. Die Palme 1996 ging an Mike Leighs Familiendrama Lügen und Geheimnisse.","Parasite gewann die Palme 2019. Hier ist Lügen und Geheimnisse von 1996 gesucht, das auch Brenda Blethyn einen Preis brachte.","Lügen und Geheimnisse · Cannes 1996 → Lügen und Geheimnisse","keine","https://www.festival-cannes.com/f/secrets-and-lies/|https://www.festival-cannes.com/en/2020/palme-d-or-the-1990s/|https://www.festival-cannes.com/en/f/pulp-fiction/|https://www.festival-cannes.com/f/taxi-driver/|https://www.festival-cannes.com/en/f/gisaengchung/","redaktionell_geprueft"
"PRZ-202610-P01-L-031","K-PRZ-202610-P01-L-031","","de","Film","Musik","Dancer in the Dark","Dancer in the Dark","2000","","leicht","Gewinnerfilm","Preisträger|Cannes|Gewinnerfilm","Preisträger","Cannes 2000: Welcher Film erhielt die Goldene Palme: Dancer in the Dark","Cannes 2000: Welcher Film erhielt die Goldene Palme?","Pulp Fiction","Taxi Driver","Dancer in the Dark","Parasite","C","Dancer in the Dark von Lars von Trier gewann die Palme 2000.","Selma (Björk) arbeitet in den USA in einer Fabrik und verliert ihr Augenlicht. Sie spart für eine Operation ihres Sohnes, dem dieselbe Erkrankung droht. Gesang und Tanz eröffnen ihr eine Gegenwelt zum schweren Alltag. Für die Musicalsequenzen setzte Lars von Trier laut Cannes-Rückblick hundert Kameras ein; Björk schrieb auch die Filmmusik.","Pulp Fiction ist Tarantinos Palmensieger von 1994. 2000 gewann Lars von Triers Musicaldrama Dancer in the Dark.","Taxi Driver wurde 1976 ausgezeichnet. Die Palme 2000 erhielt Dancer in the Dark mit Björk.","Dancer in the Dark von Lars von Trier gewann die Palme 2000.","Parasite gewann 2019; der Palmensieger von 2000 ist Dancer in the Dark.","Dancer in the Dark · Cannes 2000 → Dancer in the Dark","keine","https://www.festival-cannes.com/en/retrospective/2000/awards/|https://www.festival-cannes.com/en/2020/palme-d-or-the-2000s/|https://www.festival-cannes.com/en/f/pulp-fiction/|https://www.festival-cannes.com/f/taxi-driver/|https://www.festival-cannes.com/en/f/gisaengchung/","redaktionell_geprueft"
"PRZ-202610-P01-L-032","K-PRZ-202610-P01-L-032","","de","Film","Drama","Der Pianist","The Pianist","2002","","leicht","Gewinnerfilm","Preisträger|Cannes|Gewinnerfilm","Preisträger","Cannes 2002: Welcher Film erhielt die Goldene Palme: Der Pianist","Cannes 2002: Welcher Film erhielt die Goldene Palme?","Pulp Fiction","Taxi Driver","Parasite","Der Pianist","D","Der Pianist von Roman Polanski gewann die Palme 2002.","Władysław Szpilman (Adrien Brody) überlebt das Warschauer Ghetto und versteckt sich in den Ruinen der Stadt. Der deutsche Offizier Wilm Hosenfeld (Thomas Kretschmann) hilft ihm. Ausgangspunkt des Films war Szpilmans autobiografischer Bericht. Ronald Harwood schrieb das Drehbuch; die internationale Koproduktion verbindet Polen, Frankreich, Deutschland und das Vereinigte Königreich.","Pulp Fiction gewann 1994. Der gesuchte Film über Szpilmans (Adrien Brody) Überleben ist Der Pianist, Palmensieger 2002.","Taxi Driver erhielt die Palme 1976. 2002 gewann Roman Polanskis Der Pianist.","Parasite wurde 2019 ausgezeichnet; Der Pianist gewann die Palme 2002.","Der Pianist von Roman Polanski gewann die Palme 2002.","Der Pianist · Cannes 2002 → Der Pianist","keine","https://www.festival-cannes.com/en/f/the-pianist/|https://www.festival-cannes.com/en/2020/palme-d-or-the-2000s/|https://www.festival-cannes.com/en/f/pulp-fiction/|https://www.festival-cannes.com/f/taxi-driver/|https://www.festival-cannes.com/en/f/gisaengchung/","redaktionell_geprueft"
"PRZ-202610-P01-L-033","K-PRZ-202610-P01-L-033","","de","Film","Drama","Das weiße Band – Eine deutsche Kindergeschichte","Das weiße Band – Eine deutsche Kindergeschichte","2009","","leicht","Gewinnerfilm","Preisträger|Cannes|Gewinnerfilm","Preisträger","Cannes 2009: Welcher Film erhielt die Goldene Palme: Das weiße Band – Eine deutsche Kindergeschichte","Cannes 2009: Welcher Film erhielt die Goldene Palme?","Das weiße Band – Eine deutsche Kindergeschichte","Pulp Fiction","Taxi Driver","Parasite","A","Das weiße Band von Michael Haneke gewann die Palme 2009.","Ein Lehrer erinnert sich an rätselhafte Gewalttaten in einem norddeutschen Dorf kurz vor dem Ersten Weltkrieg. Der Titel bezeichnet die weißen Bänder, mit denen der Pfarrer seine Kinder an Reinheit erinnern will. Michael Haneke gewann mit dieser Kindergeschichte 2009 die Palme; drei Jahre später folgte eine zweite für Liebe.","Das weiße Band – Eine deutsche Kindergeschichte von Michael Haneke gewann die Palme 2009.","Pulp Fiction ist der Gewinner von 1994. 2009 gewann Hanekes Das weiße Band – Eine deutsche Kindergeschichte.","Taxi Driver gewann 1976. Der Palmensieger von 2009 heißt Das weiße Band – Eine deutsche Kindergeschichte.","Parasite erhielt die Palme 2019; zehn Jahre zuvor gewann Das weiße Band – Eine deutsche Kindergeschichte.","Das weiße Band – Eine deutsche Kindergeschichte · Cannes 2009 → Das weiße Band – Eine deutsche Kindergeschichte","keine","https://www.festival-cannes.com/en/retrospective/2009/awards/|https://www.festival-cannes.com/en/2020/palme-d-or-the-2000s/|https://www.festival-cannes.com/p/michael-haneke/|https://www.festival-cannes.com/en/f/pulp-fiction/|https://www.festival-cannes.com/f/taxi-driver/|https://www.festival-cannes.com/en/f/gisaengchung/","redaktionell_geprueft"
"PRZ-202610-P01-L-034","K-PRZ-202610-P01-L-034","","de","Film","Drama","The Tree of Life","The Tree of Life","2011","","leicht","Gewinnerfilm","Preisträger|Cannes|Gewinnerfilm","Preisträger","Cannes 2011: Welcher Film erhielt die Goldene Palme: The Tree of Life","Cannes 2011: Welcher Film erhielt die Goldene Palme?","Pulp Fiction","The Tree of Life","Taxi Driver","Parasite","B","The Tree of Life von Terrence Malick erhielt die Palme 2011.","Jack erscheint als Kind (Hunter McCracken) und als Erwachsener (Sean Penn); sein Vater wird von Brad Pitt gespielt. Terrence Malick verbindet Familienerinnerungen mit Fragen nach dem Sinn des Lebens. Die Palme nahm Produzent Bill Pohlad entgegen. Er berichtete, Malick sei glücklich über die Auszeichnung, aber zu scheu, um selbst im Rampenlicht zu stehen.","Pulp Fiction gewann 1994. Terrence Malicks The Tree of Life erhielt die Palme 2011.","The Tree of Life von Terrence Malick erhielt die Palme 2011.","Taxi Driver gehört zur Ausgabe von 1976. Die Palme 2011 gewann The Tree of Life mit Brad Pitt und Sean Penn.","Parasite wurde 2019 ausgezeichnet. Hier ist Malicks Familien- und Lebensdrama The Tree of Life gesucht.","The Tree of Life · Cannes 2011 → The Tree of Life","keine","https://www.festival-cannes.com/en/f/the-tree-of-life/|https://www.festival-cannes.com/en/2011/palme-d-or-2/|https://www.festival-cannes.com/en/f/pulp-fiction/|https://www.festival-cannes.com/f/taxi-driver/|https://www.festival-cannes.com/en/f/gisaengchung/","redaktionell_geprueft"
"PRZ-202610-P01-L-035","K-PRZ-202610-P01-L-035","","de","Film","Drama","Liebe","Amour","2012","","leicht","Gewinnerfilm","Preisträger|Cannes|Gewinnerfilm","Preisträger","Cannes 2012: Welcher Film erhielt die Goldene Palme: Liebe","Cannes 2012: Welcher Film erhielt die Goldene Palme?","Pulp Fiction","Taxi Driver","Liebe","Parasite","C","Liebe von Michael Haneke ist der Palmensieger von 2012.","Georges (Jean-Louis Trintignant) und Anne (Emmanuelle Riva) sind pensionierte Musiklehrer in ihren Achtzigern. Als Anne einen Anfall erleidet, verändert sich ihr gemeinsamer Alltag. Michael Haneke schrieb und inszenierte dieses späte Ehedrama. Isabelle Huppert spielt ihre Tochter Eva; Alexandre Tharaud gehört ebenfalls zur Besetzung.","Pulp Fiction brachte Tarantino die Palme 1994 ein. Die Auszeichnung von 2012 ging an Hanekes Liebe.","Taxi Driver gewann 1976; das Ehedrama Liebe erhielt die Palme 2012.","Liebe von Michael Haneke ist der Palmensieger von 2012.","Parasite ist der Gewinner von 2019. 2012 gewann Liebe mit Emmanuelle Riva und Jean-Louis Trintignant.","Liebe · Cannes 2012 → Liebe","keine","https://www.festival-cannes.com/en/f/amour/|https://www.festival-cannes.com/en/f/pulp-fiction/|https://www.festival-cannes.com/f/taxi-driver/|https://www.festival-cannes.com/en/f/gisaengchung/","redaktionell_geprueft"
"PRZ-202610-P01-L-036","K-PRZ-202610-P01-L-036","","de","Film","Drama","Shoplifters – Familienbande","Manbiki Kazoku","2018","","leicht","Gewinnerfilm","Preisträger|Cannes|Gewinnerfilm","Preisträger","Cannes 2018: Welcher Film erhielt die Goldene Palme: Shoplifters – Familienbande","Cannes 2018: Welcher Film erhielt die Goldene Palme?","Pulp Fiction","Taxi Driver","Parasite","Shoplifters – Familienbande","D","Shoplifters – Familienbande von Hirokazu Koreeda gewann die Palme 2018.","Bei der Pressekonferenz der Preisträger erklärte Hirokazu Koreeda die Leitfrage von Shoplifters: Kann jemand die Rolle eines Elternteils übernehmen, ohne biologisch mit dem Kind verwandt zu sein? Der Palmensieger verbindet diese Familienfrage mit der Stellung seiner Figuren in der heutigen Gesellschaft. Koreeda erwähnte dabei auch Anregungen aus seiner eigenen Lebensgeschichte.","Pulp Fiction gewann 1994. Die Palme 2018 ging an Hirokazu Koreedas Shoplifters – Familienbande.","Taxi Driver wurde 1976 ausgezeichnet. Für 2018 ist Shoplifters – Familienbande gesucht.","Parasite gewann 2019, ein Jahr nach Shoplifters – Familienbande.","Shoplifters – Familienbande von Hirokazu Koreeda gewann die Palme 2018.","Shoplifters – Familienbande · Cannes 2018 → Shoplifters – Familienbande","keine","https://www.festival-cannes.com/en/press/press-releases/71st-festival-de-cannes-awards/|https://www.festival-cannes.com/en/2018/press-conference-with-the-award-winners-2/|https://www.festival-cannes.com/en/f/pulp-fiction/|https://www.festival-cannes.com/f/taxi-driver/|https://www.festival-cannes.com/en/f/gisaengchung/","redaktionell_geprueft"
"PRZ-202610-P01-L-037","K-PRZ-202610-P01-L-037","","de","Film","Thriller","Parasite","Gisaengchung","2019","","leicht","Gewinnerfilm","Preisträger|Cannes|Gewinnerfilm","Preisträger","Cannes 2019: Welcher Film erhielt die Goldene Palme: Parasite","Cannes 2019: Welcher Film erhielt die Goldene Palme?","Parasite","Pulp Fiction","Taxi Driver","Liebe","A","Parasite von Bong Joon-ho gewann die Goldene Palme 2019.","Ki-woo (Choi Woo-shik) bekommt die Aussicht auf einen gut bezahlten Nachhilfejob bei einer reichen Familie. Für den arbeitslosen Haushalt seines Vaters Ki-taek (Song Kang-ho) scheint sich damit eine Tür zu öffnen. Bong Joon-ho schrieb das Drehbuch mit Han Jin-won. Aus der Begegnung der beiden Familien entsteht die Eskalation des Palmensiegers.","Parasite von Bong Joon-ho gewann die Goldene Palme 2019.","Pulp Fiction ist der Palmensieger von 1994. Bong Joon-hos Parasite gewann 2019.","Taxi Driver erhielt die Palme 1976. Die Ausgabe von 2019 zeichnete Parasite aus.","Liebe gewann 2012. Der Film über die Begegnung der armen und reichen Familie von 2019 heißt Parasite.","Parasite · Cannes 2019 → Parasite","keine","https://www.festival-cannes.com/en/f/gisaengchung/|https://www.festival-cannes.com/en/f/pulp-fiction/|https://www.festival-cannes.com/f/taxi-driver/|https://www.festival-cannes.com/en/f/amour/","redaktionell_geprueft"
"PRZ-202610-P01-L-038","K-PRZ-202610-P01-L-038","","de","Film","Drama","Anatomie eines Falls","Anatomie d'une chute","2023","","leicht","Gewinnerfilm","Preisträger|Cannes|Gewinnerfilm","Preisträger","Cannes 2023: Welcher Film erhielt die Goldene Palme: Anatomie eines Falls","Cannes 2023: Welcher Film erhielt die Goldene Palme?","Pulp Fiction","Anatomie eines Falls","Taxi Driver","Parasite","B","Anatomie eines Falls von Justine Triet erhielt die Palme 2023.","Ein Mann wird tot vor dem Haus gefunden; seine Frau muss sich vor Gericht verantworten. Auch der sehbehinderte Sohn erlebt, wie die Beziehung seiner Eltern im Prozess zerlegt wird. Justine Triet schrieb Anatomie eines Falls gemeinsam mit Arthur Harari. Die Palme würdigte 2023 dieses Drama, in dem die Rekonstruktion eines Todes zugleich zur Rekonstruktion einer Ehe wird.","Pulp Fiction wurde 1994 ausgezeichnet. Justine Triets Anatomie eines Falls gewann die Palme 2023.","Anatomie eines Falls von Justine Triet erhielt die Palme 2023.","Taxi Driver ist der Palmensieger von 1976. Für 2023 ist Anatomie eines Falls gesucht.","Parasite gewann 2019, vier Jahre vor Anatomie eines Falls.","Anatomie eines Falls · Cannes 2023 → Anatomie eines Falls","keine","https://www.festival-cannes.com/en/f/anatomie-d-une-chute/|https://www.festival-cannes.com/en/f/pulp-fiction/|https://www.festival-cannes.com/f/taxi-driver/|https://www.festival-cannes.com/en/f/gisaengchung/","redaktionell_geprueft"
"PRZ-202610-P01-M-026","K-PRZ-202610-P01-M-026","","de","Film","Drama","Das Piano","The Piano","1993","","mittel","Schauspielpreis","Preisträger|Cannes|Schauspielpreis","Preisträger","Für welchen Film erhielt Holly Hunter 1993 den Darstellerinnenpreis in Cannes: Das Piano","Für welchen Film erhielt Holly Hunter 1993 den Darstellerinnenpreis in Cannes?","Die Firma","Nachrichtenfieber","Das Piano","Arizona Junior","C","Holly Hunter gewann 1993 für Das Piano den Darstellerinnenpreis.","Holly Hunter spielt Ada, die mit ihrer Tochter Flora (Anna Paquin) nach Neuseeland reist, um Alistair Stewart (Sam Neill) zu heiraten. Ada spricht nicht und bringt ihr Klavier als kostbaren Besitz mit. Während Hunter den Schauspielpreis gewann, teilte Jane Campions Film die Palme mit Chen Kaiges Lebewohl, meine Konkubine.","Die Firma brachte Holly Hunter eine Oscar-Nominierung ein. Ihren Cannes-Preis von 1993 gewann sie für Das Piano.","Nachrichtenfieber gehört zu Hunters Oscar-nominierten Darstellungen. Cannes zeichnete 1993 ihre Ada in Das Piano aus.","Genau: Holly Hunter gewann für Das Piano; der Film erhielt außerdem eine geteilte Palme.","Arizona Junior gehört ebenfalls zu Hunters Filmen. Die Cannes-Auszeichnung von 1993 galt Das Piano.","Das Piano · Cannes 1993 → Das Piano","keine","https://www.festival-cannes.com/en/retrospective/1993/awards/|https://www.festival-cannes.com/en/2020/palme-d-or-the-1990s/|https://www.festival-cannes.com/en/p/holly-hunter/|https://www.festival-cannes.com/f/raising-arizona/","redaktionell_geprueft"
"PRZ-202610-P01-M-027","K-PRZ-202610-P01-M-027","","de","Film","Drama","Rosetta","Rosetta","1999","","mittel","Schauspielpreis","Preisträger|Cannes|Schauspielpreis","Preisträger","„Rosetta“ (1999): Welche Darstellerin wurde 1999 in Cannes ausgezeichnet: Émilie Dequenne","„Rosetta“ (1999): Welche Darstellerin wurde 1999 in Cannes ausgezeichnet?","Marion Cotillard","Audrey Tautou","Isabelle Huppert","Émilie Dequenne","D","Émilie Dequenne wurde für die Titelrolle in Rosetta ausgezeichnet.","Rosetta (Émilie Dequenne) will durch Arbeit zur Gesellschaft gehören und kämpft um jede neue Stelle. Die Brüder Jean-Pierre und Luc Dardenne erhielten 1999 für den Film die Palme; Dequenne gewann den Darstellerinnenpreis. Diesen teilte sie mit Séverine Caneele aus Bruno Dumonts L’humanité, einem anderen Film derselben Wettbewerbsausgabe.","Marion Cotillard spielt nicht die ausgezeichnete Titelheldin Rosetta; diese Darstellung stammt von Émilie Dequenne.","Audrey Tautou ist hier nicht die Darstellerin. Dequenne spielt die junge Rosetta, die unbedingt einen Arbeitsplatz finden will.","Der Preis ging für Rosetta an Émilie Dequenne; Isabelle Huppert ist hier eine andere Darstellerin.","Ja: Émilie Dequenne gewann 1999 für Rosetta, ex aequo mit Séverine Caneele für L’humanité.","Rosetta · Cannes 1999 → Émilie Dequenne","keine","https://www.festival-cannes.com/f/rosetta/|https://www.festival-cannes.com/en/retrospective/1999/awards/","redaktionell_geprueft"
"PRZ-202610-P01-M-028","K-PRZ-202610-P01-M-028","","de","Film","Musik","Dancer in the Dark","Dancer in the Dark","2000","","mittel","Schauspielpreis","Preisträger|Cannes|Schauspielpreis","Preisträger","„Dancer in the Dark“ (2000): Welche Sängerin gewann dafür den Cannes-Darstellerinnenpreis: Björk","„Dancer in the Dark“ (2000): Welche Sängerin gewann dafür den Cannes-Darstellerinnenpreis?","Björk","Madonna","Cher","Annie Lennox","A","Björk gewann 2000 für Dancer in the Dark den Darstellerinnenpreis.","Björks Auszeichnung gehört auch zur Geschichte des Cannes-Pokals: 2000 wurden erstmals kleine Palmen für die beiden Schauspielpreise vergeben. Die ersten Empfänger waren Björk für Dancer in the Dark und Tony Leung für In the Mood for Love. Björk übernahm in Lars von Triers Film außerdem die Musik.","Genau: Björk erhielt 2000 eine der ersten kleinen Palmen für die Schauspielpreise.","Madonna spielt nicht die ausgezeichnete Selma. Björk übernahm diese Rolle und war auch für die Musik verantwortlich.","Cher erhielt diesen Preis nicht. Cannes ehrte Björk für Dancer in the Dark und verlieh dem Film zusätzlich die Palme.","Annie Lennox ist hier nicht die gesuchte Sängerin. Björk spielte Selma und schrieb die Filmmusik.","Dancer in the Dark · Cannes 2000 → Björk","keine","https://www.festival-cannes.com/en/retrospective/2000/awards/|https://www.festival-cannes.com/en/the-festival/the-palme-d-or/|https://www.festival-cannes.com/en/f/dancer-in-the-dark/|https://www.festival-cannes.com/en/2020/palme-d-or-the-2000s/","redaktionell_geprueft"
"PRZ-202610-P01-M-029","K-PRZ-202610-P01-M-029","","de","Film","Drama","In the Mood for Love","Fa yeung nin wa","2000","","mittel","Schauspielpreis","Preisträger|Cannes|Schauspielpreis","Preisträger","Für welchen Film gewann Tony Leung 2000 den männlichen Darstellerpreis in Cannes: In the Mood for Love","Für welchen Film gewann Tony Leung 2000 den männlichen Darstellerpreis in Cannes?","Hero","In the Mood for Love","Infernal Affairs","Chungking Express","B","Tony Leung gewann 2000 für In the Mood for Love.","Chow Mo-wan (Tony Leung) und Su Li-zhen (Maggie Cheung) wohnen im Hongkong von 1962 Tür an Tür. Sie kommen einander näher und entdecken, dass ihre Ehepartner eine Affäre miteinander haben. Wong Kar-wai schrieb und inszenierte In the Mood for Love; Cannes ehrte Leungs Darstellung 2000 mit dem männlichen Schauspielpreis.","Hero war nicht der Film dieses Cannes-Preises. Leung gewann 2000 für Chow Mo-wan in In the Mood for Love.","Richtig: Tony Leungs Cannes-Preis galt dem stillen Nachbarschaftsdrama In the Mood for Love.","Infernal Affairs gehört nicht zu dieser Auszeichnung. Cannes würdigte Leung für Wong Kar-wais In the Mood for Love.","Chungking Express war nicht der Film dieses Cannes-Preises. Leung gewann für den Nachbarn Chow Mo-wan in In the Mood for Love.","In the Mood for Love · Cannes 2000 → In the Mood for Love","keine","https://www.festival-cannes.com/en/retrospective/2000/awards/|https://www.festival-cannes.com/en/f/in-the-mood-for-love/","redaktionell_geprueft"
"PRZ-202610-P01-M-030","K-PRZ-202610-P01-M-030","","de","Film","Drama","Der Pianist","The Pianist","2002","","mittel","Schauspielpreis","Preisträger|Oscars|Schauspielpreis","Preisträger","„Der Pianist“ (2002): Wer gewann dafür bei den Oscars 2003 den Hauptdarstellerpreis: Adrien Brody","Wer gewann bei der Oscarverleihung 2003 als bester Hauptdarsteller für Władysław Szpilman in „Der Pianist“?","Nicolas Cage","Michael Caine","Adrien Brody","Daniel Day-Lewis","C","Adrien Brody gewann 2003 für „Der Pianist“ den Oscar als bester Hauptdarsteller.","Adrien Brody gewann 2003 den Hauptdarsteller-Oscar für Władysław Szpilman in „Der Pianist“. Der jüdische Musiker überlebt die deutsche Besatzung Warschaus, wird von seiner Familie getrennt und versteckt sich schließlich in der zerstörten Stadt. Roman Polanski erhielt den Regie-Oscar, Ronald Harwood den Drehbuchpreis. Die Musik ist für Szpilman sowohl sein Beruf als auch eine Verbindung zu seinem verlorenen Alltag.","Nicolas Cage war für „Adaptation“ nominiert; gewonnen hat Adrien Brody.","Michael Caine war für „The Quiet American“ nominiert; gewonnen hat Adrien Brody.","Adrien Brody gewann 2003 für „Der Pianist“.","Daniel Day-Lewis war für „Gangs of New York“ nominiert; gewonnen hat Adrien Brody.","Der Pianist · Oscar 2003 · Władysław Szpilman → Adrien Brody","keine","https://www.oscars.org/oscars/ceremonies/2003|https://en.wikipedia.org/wiki/The_Pianist_(2002_film)","redaktionell_geprueft"
"PRZ-202610-P01-M-031","K-PRZ-202610-P01-M-031","","de","Film","Action","Inglourious Basterds","Inglourious Basterds","2009","","mittel","Schauspielpreis","Preisträger|Cannes|Schauspielpreis","Preisträger","Welche Darstellung verband 2009 den Cannes-Darstellerpreis mit dem Nebenrollen-Oscar 2010: Christoph Waltz in Inglourious Basterds","Welche Darstellung verband 2009 den Cannes-Darstellerpreis mit dem Nebenrollen-Oscar 2010?","Brad Pitt in Burn After Reading","Javier Bardem in No Country for Old Men","Heath Ledger in The Dark Knight","Christoph Waltz in Inglourious Basterds","D","Christoph Waltz gewann für Inglourious Basterds in Cannes 2009 und den Nebenrollen-Oscar 2010.","Für Hans Landa (Christoph Waltz) suchte Quentin Tarantino einen Darsteller, der die sprachliche Gewandtheit der Figur glaubwürdig verkörpern konnte. Bei der Cannes-Pressekonferenz erzählte er, die Besetzung habe ihn zeitweise am Projekt zweifeln lassen; Waltz’ Vorsprechen habe den Knoten gelöst. Danach folgten der Cannes-Darstellerpreis 2009 und der Nebenrollen-Oscar 2010.","Brad Pitt in Burn After Reading entspricht nicht der Preiskombination. Cannes 2009 und der Nebenrollen-Oscar 2010 gingen an Christoph Waltz für Hans Landa.","Javier Bardem in No Country for Old Men ist nicht die gesuchte Verbindung der beiden Preisjahre. Sie gehört Christoph Waltz in Inglourious Basterds.","Heath Ledger in The Dark Knight gewann nicht diese Cannes-Auszeichnung von 2009. Gesucht ist Christoph Waltz für Hans Landa in Inglourious Basterds.","Christoph Waltz in Inglourious Basterds stimmt: Er erhielt beide Preise für den sprachgewandten Oberst Hans Landa.","Inglourious Basterds · Cannes 2009 → Christoph Waltz in Inglourious Basterds","keine","https://www.festival-cannes.com/en/retrospective/2009/awards/|https://www.festival-cannes.com/2009/quentin-tarantino-parle-de-ses-inglourious-basterds/|https://www.oscars.org/oscars/ceremonies/2010","redaktionell_geprueft"
"PRZ-202610-P01-M-032","K-PRZ-202610-P01-M-032","","de","Film","Komödie","The Artist","The Artist","2011","","mittel","Schauspielpreis","Preisträger|Cannes|Schauspielpreis","Preisträger","„The Artist“ (2011): Wer gewann 2011 den männlichen Darstellerpreis in Cannes: Jean Dujardin","„The Artist“ (2011): Wer gewann 2011 den männlichen Darstellerpreis in Cannes?","Jean Dujardin","Omar Sy","Mathieu Amalric","Vincent Cassel","A","Jean Dujardin erhielt für The Artist den Cannes-Darstellerpreis 2011.","George Valentin (Jean Dujardin) ist 1927 ein gefeierter Stummfilmstar. Der Tonfilm bedroht seine Karriere, während Peppy Miller (Bérénice Bejo) vom Nachwuchs zur neuen Attraktion aufsteigt. Michel Hazanavicius schrieb und inszenierte dieses Drama über einen Umbruch des Kinos. Cannes prämierte Dujardin, dessen Figur ausgerechnet an der neuen Bedeutung der Stimme scheitert.","Richtig: Jean Dujardin spielt den Stummfilmstar George Valentin und gewann dafür 2011.","Omar Sy spielt nicht den ausgezeichneten George Valentin. Jean Dujardin verkörpert den vom Tonfilm bedrohten Star.","Mathieu Amalric ist hier nicht der Preisträger; Jean Dujardin gewann für seine Hauptrolle in The Artist.","Vincent Cassel ist nicht der ausgezeichnete Darsteller aus The Artist. Cannes ehrte Jean Dujardin in Michel Hazanavicius’ Film.","The Artist · Cannes 2011 → Jean Dujardin","keine","https://www.festival-cannes.com/en/retrospective/2011/palmares/|https://www.festival-cannes.com/en/f/the-artist/","redaktionell_geprueft"
"PRZ-202610-P01-M-033","K-PRZ-202610-P01-M-033","","de","Film","Drama","Melancholia","Melancholia","2011","","mittel","Schauspielpreis","Preisträger|Cannes|Schauspielpreis","Preisträger","„Melancholia“ (2011): Welche Schauspielerin gewann dafür in Cannes: Kirsten Dunst","„Melancholia“ (2011): Welche Schauspielerin gewann dafür in Cannes?","Charlotte Gainsbourg","Kirsten Dunst","Nicole Kidman","Tilda Swinton","B","Kirsten Dunst gewann 2011 für Melancholia den Darstellerinnenpreis.","Justine (Kirsten Dunst) feiert ihre Hochzeit im Haus ihrer Schwester Claire (Charlotte Gainsbourg). Während die Familienfeier stattfindet, bewegt sich der Planet Melancholia auf die Erde zu. Lars von Trier schrieb und inszenierte den Film. Cannes zeichnete Dunsts Darstellung aus; Gainsbourg spielt die Schwester und steht damit ebenfalls im Zentrum der Geschichte.","Charlotte Gainsbourg spielt Claire; ausgezeichnet wurde Kirsten Dunst als Justine.","Ja: Kirsten Dunst gewann für Justine, deren Hochzeitsfeier unter einem kosmischen Vorzeichen steht.","Nicole Kidman ist hier nicht die ausgezeichnete Darstellerin. Kirsten Dunst gewann für Justine in Melancholia.","Tilda Swinton erhielt diesen Preis nicht. Cannes ehrte Dunsts Justine in Lars von Triers Melancholia.","Melancholia · Cannes 2011 → Kirsten Dunst","keine","https://www.festival-cannes.com/en/retrospective/2011/palmares/|https://www.festival-cannes.com/en/f/melancholia/","redaktionell_geprueft"
"PRZ-202610-P01-M-034","K-PRZ-202610-P01-M-034","","de","Film","Drama","Die Jagd","Jagten","2012","","mittel","Schauspielpreis","Preisträger|Cannes|Schauspielpreis","Preisträger","„Die Jagd“ (2012): Wer erhielt 2012 den Cannes-Darstellerpreis: Mads Mikkelsen","„Die Jagd“ (2012): Wer erhielt 2012 den Cannes-Darstellerpreis?","Viggo Mortensen","Nikolaj Coster-Waldau","Mads Mikkelsen","Lars Mikkelsen","C","Mads Mikkelsen gewann für Die Jagd den Darstellerpreis 2012.","Lucas (Mads Mikkelsen) versucht nach einer Scheidung, sein Leben und die Beziehung zu seinem Sohn wieder aufzubauen. Eine Lüge verbreitet sich in seinem Umfeld und lässt die Gemeinschaft gegen ihn kippen. In Cannes wurde neben Mikkelsen auch Charlotte Bruus Christensens Kameraarbeit mit dem Vulcain-Preis der CST ausgezeichnet.","Viggo Mortensen spielt nicht Lucas. Mads Mikkelsen verkörpert den Mann, dessen Leben durch eine sich verbreitende Lüge bedroht wird.","Nikolaj Coster-Waldau ist hier nicht der Preisträger. Cannes würdigte Mads Mikkelsens Darstellung des Lucas.","Genau: Mads Mikkelsens Darstellung des gesellschaftlich geächteten Lucas erhielt den Preis.","Lars Mikkelsen ist nicht der ausgezeichnete Mikkelsen: Mads gewann für Lucas in Thomas Vinterbergs Die Jagd.","Die Jagd · Cannes 2012 → Mads Mikkelsen","keine","https://www.festival-cannes.com/en/2012/65th-festival-de-cannes-awards/|https://www.festival-cannes.com/f/jagten/","redaktionell_geprueft"
"PRZ-202610-P01-M-035","K-PRZ-202610-P01-M-035","","de","Film","Thriller","Aus dem Nichts","Aus dem Nichts","2017","","mittel","Schauspielpreis","Preisträger|Cannes|Schauspielpreis","Preisträger","„Aus dem Nichts“ (2017): Wer erhielt dafür in Cannes den Darstellerinnenpreis: Diane Kruger","„Aus dem Nichts“ (2017): Wer erhielt dafür in Cannes den Darstellerinnenpreis?","Sandra Hüller","Nina Hoss","Paula Beer","Diane Kruger","D","Diane Kruger gewann für Aus dem Nichts den Darstellerinnenpreis 2017.","Katja (Diane Kruger) verliert ihren Mann und ihren Sohn bei einem Bombenanschlag. Fatih Akins Film folgt ihr durch Trauer, erlittenes Unrecht und den Wunsch nach Rache. Als Kruger ihren Cannes-Preis entgegennahm, dankte sie Akin für sein Vertrauen und erinnerte ausdrücklich an die Opfer von Terroranschlägen.","Sandra Hüller spielt nicht die ausgezeichnete Katja. Diese Mutter wird von Diane Kruger dargestellt.","Nina Hoss ist hier nicht die Preisträgerin. Diane Kruger gewann für Katja, die durch einen Anschlag ihre Familie verliert.","Paula Beer ist nicht die ausgezeichnete Hauptdarstellerin aus Aus dem Nichts; Cannes ehrte Diane Kruger in Fatih Akins Film.","Diane Kruger stimmt: Bei ihrer Dankesrede erinnerte sie an die Opfer terroristischer Anschläge.","Aus dem Nichts · Cannes 2017 → Diane Kruger","keine","https://www.festival-cannes.com/en/f/aus-dem-nichts/|https://www.festival-cannes.com/en/2017/all-the-70th-festival-de-cannes-awards/|https://www.festival-cannes.com/en/2017/aus-dem-nichts-in-the-fade-a-time-of-revenge-with-fatih-akin/","redaktionell_geprueft"
"PRZ-202610-P01-M-036","K-PRZ-202610-P01-M-036","","de","Film","Drama","Leid und Herrlichkeit","Dolor y gloria","2019","","mittel","Schauspielpreis","Preisträger|Cannes|Schauspielpreis","Preisträger","„Leid und Herrlichkeit“ (2019): Wer wurde dafür in Cannes als bester Darsteller ausgezeichnet: Antonio Banderas","„Leid und Herrlichkeit“ (2019): Wer wurde dafür in Cannes als bester Darsteller ausgezeichnet?","Antonio Banderas","Javier Bardem","Gael García Bernal","Ricardo Darín","A","Antonio Banderas wurde für Leid und Herrlichkeit 2019 ausgezeichnet.","Salvador Mallo (Antonio Banderas) ist ein körperlich angeschlagener Filmregisseur, der seine Vergangenheit wiederentdeckt. Erinnerungen an Kindheit, erste Liebe und frühere Beziehungen verbinden sich mit der Frage, ob er weiter Filme machen kann. Pedro Almodóvar besetzte die Mutter Jacinta in verschiedenen Lebensaltern mit Penélope Cruz und Julieta Serrano.","Richtig: Antonio Banderas gewann für den Regisseur Salvador Mallo.","Javier Bardem spielt nicht Salvador Mallo. Diese ausgezeichnete Darstellung stammt von Antonio Banderas.","Gael García Bernal ist hier nicht der Preisträger. Cannes würdigte Antonio Banderas in Pedro Almodóvars Leid und Herrlichkeit.","Ricardo Darín ist nicht der gesuchte Darsteller; Banderas gewann für Salvador Mallo, einen Regisseur im Rückblick auf sein Leben.","Leid und Herrlichkeit · Cannes 2019 → Antonio Banderas","keine","https://www.festival-cannes.com/en/press/press-releases/the-2019-official-selection-around-the-world/|https://www.festival-cannes.com/en/f/dolor-y-gloria/","redaktionell_geprueft"
"PRZ-202610-P01-M-037","K-PRZ-202610-P01-M-037","","de","Film","Drama","Perfect Days","Perfect Days","2023","","mittel","Schauspielpreis","Preisträger|Cannes|Schauspielpreis","Preisträger","„Perfect Days“ (2023): Wer gewann dafür den Cannes-Darstellerpreis: Kōji Yakusho","„Perfect Days“ (2023): Wer gewann dafür den Cannes-Darstellerpreis?","Ken Watanabe","Kōji Yakusho","Tadanobu Asano","Hiroyuki Sanada","B","Kōji Yakusho gewann für Perfect Days den Darstellerpreis 2023.","Hirayama (Kōji Yakusho) reinigt öffentliche Toiletten in Tokio und verbringt seine Freizeit mit Musik, Büchern und Baumfotografien. Wim Wenders konnte sich mit Yakusho nur über einen Dolmetscher verständigen. Beim Dreh fanden sie eine gemeinsame, stille Körpersprache, in der kleine Zeichen für Korrekturen genügten. Yakushos Darstellung wurde 2023 mit dem Cannes-Darstellerpreis ausgezeichnet.","Ken Watanabe spielt nicht den ausgezeichneten Hirayama; diese Hauptrolle gehört Kōji Yakusho.","Genau: Kōji Yakusho gewann für den Toilettenreiniger Hirayama in Perfect Days.","Tadanobu Asano ist hier nicht der Preisträger. Cannes ehrte Kōji Yakushos Darstellung des Toilettenreinigers Hirayama.","Hiroyuki Sanada erhielt diesen Preis nicht; Yakusho gewann für Hirayamas ruhigen Alltag in Wim Wenders’ Film.","Perfect Days · Cannes 2023 → Kōji Yakusho","keine","https://www.festival-cannes.com/en/retrospective/2023/palmares/|https://www.festival-cannes.com/en/f/perfect-days/|https://www.festival-cannes.com/en/2023/perfect-days-interview-with-wim-wenders/","redaktionell_geprueft"
"PRZ-202610-P01-S-026","K-PRZ-202610-P01-S-026","","de","Film","Drama","Apocalypse Now","Apocalypse Now","1979","","schwer","Preisverbindungen","Preisträger|Cannes|Preisverbindungen","Preisträger","Mit welchem Film teilte Apocalypse Now 1979 die Goldene Palme: Die Blechtrommel","Mit welchem Film teilte Apocalypse Now 1979 die Goldene Palme?","Stalker","Alien – Das unheimliche Wesen aus einer fremden Welt","Manhattan","Die Blechtrommel","D","Apocalypse Now und Die Blechtrommel teilten 1979 die Goldene Palme.","Die beiden Palmensieger erzählen sehr verschieden von Krieg und Geschichte. Volker Schlöndorffs Grass-Verfilmung folgt Oskar (David Bennent), der an seinem dritten Geburtstag beschließt, nicht mehr zu wachsen. Francis Ford Coppolas Apocalypse Now steht im offiziellen Cannes-Palmarès ausdrücklich mit dem Zusatz „A Work in Progress“: eine ungewöhnliche Archivspur seiner damaligen Präsentation.","Stalker war nicht der zweite Palmensieger von 1979. Der Preis ging gemeinsam an Apocalypse Now und Die Blechtrommel.","Alien – Das unheimliche Wesen aus einer fremden Welt teilte diesen Preis nicht. Die zweite Palme ging an Schlöndorffs Grass-Verfilmung Die Blechtrommel.","Manhattan war nicht der Mitgewinner. Die beiden Palmensieger 1979 waren Apocalypse Now und Die Blechtrommel.","Richtig: Die Blechtrommel gewann die Palme gemeinsam mit Apocalypse Now.","Apocalypse Now · Cannes 1979 → Die Blechtrommel","keine","https://www.festival-cannes.com/en/retrospective/1979/awards/|https://www.festival-cannes.com/en/f/die-blechtrommel/","redaktionell_geprueft"
"PRZ-202610-P01-S-027","K-PRZ-202610-P01-S-027","","de","Film","Drama","Das Piano","The Piano","1993","","schwer","Preisverbindungen","Preisträger|Cannes|Preisverbindungen","Preisträger","Welcher Film teilte sich 1993 mit Das Piano die Goldene Palme: Lebewohl, meine Konkubine","Welcher Film teilte sich 1993 mit Das Piano die Goldene Palme?","Lebewohl, meine Konkubine","Rote Laterne","Das Hochzeitsbankett","Chungking Express","A","Lebewohl, meine Konkubine teilte 1993 die Palme mit Das Piano.","Chen Kaiges Lebewohl, meine Konkubine verfolgt zwei Schauspieler der Pekingoper durch die politischen Umbrüche Chinas von den 1920er- bis in die 1970er-Jahre. Zu den Darstellern gehören Leslie Cheung, Zhang Fengyi und Gong Li. Der Film gewann 1993 neben der geteilten Palme auch den FIPRESCI-Preis der internationalen Filmkritik.","Ja: Chen Kaiges Lebewohl, meine Konkubine teilte die Palme mit Jane Campions Das Piano.","Rote Laterne war nicht der zweite Palmensieger von 1993. Das Piano teilte die Palme mit Lebewohl, meine Konkubine, dem Drama über die Pekingoper.","Das Hochzeitsbankett gehört nicht zu dieser Palmenpaarung. Cannes zeichnete Das Piano und Lebewohl, meine Konkubine gemeinsam aus.","Chungking Express teilte diesen Preis nicht. Lebewohl, meine Konkubine gewann die Palme mit Das Piano und erhielt zusätzlich den FIPRESCI-Preis.","Das Piano · Cannes 1993 → Lebewohl, meine Konkubine","keine","https://www.festival-cannes.com/en/retrospective/1993/awards/|https://www.festival-cannes.com/en/f/bawang-bieji/","redaktionell_geprueft"
"PRZ-202610-P01-S-028","K-PRZ-202610-P01-S-028","","de","Film","Drama","Barton Fink","Barton Fink","1991","","schwer","Preisverbindungen","Preisträger|Cannes|Preisverbindungen","Preisträger","Welche Kombination gewann Barton Fink 1991 im Cannes-Hauptwettbewerb: Palme, Regiepreis und männlicher Darstellerpreis","Welche Kombination gewann Barton Fink 1991 im Cannes-Hauptwettbewerb?","Palme, Drehbuchpreis und Darstellerinnenpreis","Palme, Regiepreis und männlicher Darstellerpreis","Grand Prix, Regiepreis und Drehbuchpreis","Jury- und beide Darstellerpreise","B","Barton Fink gewann Palme, Regiepreis für Joel Coen und Darstellerpreis für John Turturro.","Barton Fink (John Turturro) ist ein New Yorker Bühnenautor, den Hollywood 1941 für einen Wrestlingfilm engagiert. Im Hotel ringt er mit einer Schreibblockade. Die Geschichte der Coen-Brüder gewann 1991 drei Preise: die Palme, den Regiepreis für Joel Coen und den Darstellerpreis für Turturro. Die Palme wurde laut offizieller Siegerliste einstimmig vergeben.","„Palme, Drehbuchpreis und Darstellerinnenpreis“ enthält zwei falsche Kategorien. Prämiert wurden Film, Joel Coens Regie und John Turturros Darstellung.","Palme, Regiepreis und männlicher Darstellerpreis stimmt: Die zusätzlichen Preise gingen an Joel Coen und John Turturro.","„Grand Prix, Regiepreis und Drehbuchpreis“ passt nicht: Barton Fink gewann die Palme, Joel Coen den Regiepreis und Turturro den Darstellerpreis.","„Jury- und beide Darstellerpreise“ ist nicht die Kombination. Turturros Darstellerpreis wurde durch die Palme und Joel Coens Regiepreis ergänzt.","Barton Fink · Cannes 1991 → Palme, Regiepreis und männlicher Darstellerpreis","keine","https://www.festival-cannes.com/en/retrospective/1991/awards/|https://www.festival-cannes.com/en/f/barton-fink/|https://www.festival-cannes.com/en/2020/palme-d-or-the-1990s/","redaktionell_geprueft"
"PRZ-202610-P01-S-029","K-PRZ-202610-P01-S-029","","de","Film","Drama","Fahrenheit 9/11","Fahrenheit 9/11","2004","","schwer","Preisverbindungen","Preisträger|Cannes|Preisverbindungen","Preisträger","Welcher Dokumentarfilm gewann 2004 die Goldene Palme: Fahrenheit 9/11","Welcher Dokumentarfilm gewann 2004 die Goldene Palme?","Bowling for Columbine","Super Size Me","Fahrenheit 9/11","An Inconvenient Truth","C","Michael Moores Fahrenheit 9/11 gewann die Palme 2004.","Fahrenheit 9/11 untersucht aus Michael Moores kritischer Sicht die Bush-Regierung, die Folgen der Anschläge vom 11. September und den Irakkrieg. Moore war bereits 2002 mit Bowling for Columbine in Cannes ausgezeichnet worden: damals mit einem Sonderpreis zum 55. Festivaljubiläum. Zwei Jahre später folgte mit Fahrenheit 9/11 die Goldene Palme.","Bowling for Columbine erhielt 2002 einen Jubiläumspreis; die Palme 2004 ging an Fahrenheit 9/11.","Super Size Me war nicht der Palmensieger von 2004. Michael Moore gewann mit Fahrenheit 9/11 nach seiner Cannes-Würdigung für Bowling for Columbine 2002.","Richtig: Die Palme 2004 ging an Fahrenheit 9/11.","An Inconvenient Truth lief erst 2006 in Cannes, außerhalb des Wettbewerbs. Die Palme 2004 gewann Michael Moores Fahrenheit 9/11.","Fahrenheit 9/11 · Cannes 2004 → Fahrenheit 9/11","keine","https://www.festival-cannes.com/en/retrospective/2004/awards/|https://www.festival-cannes.com/en/retrospective/2002/awards/|https://www.festival-cannes.com/en/2020/palme-d-or-the-2000s/|https://www.festival-cannes.com/en/f/an-inconvenient-truth/","redaktionell_geprueft"
"PRZ-202610-P01-S-030","K-PRZ-202610-P01-S-030","","de","Film","Drama","Volver – Zurückkehren","Volver","2006","","schwer","Preisverbindungen","Preisträger|Cannes|Preisverbindungen","Preisträger","Wie vergab Cannes 2006 den Darstellerinnenpreis für Volver: Gemeinsam an sechs Darstellerinnen","Wie vergab Cannes 2006 den Darstellerinnenpreis für Volver?","An eine Darstellerin","An zwei Darstellerinnen gemeinsam","An drei Darstellerinnen gemeinsam","Gemeinsam an sechs Darstellerinnen","D","Der Darstellerinnenpreis für Volver ging 2006 gemeinsam an sechs Schauspielerinnen.","Penélope Cruz, Carmen Maura, Lola Dueñas, Blanca Portillo, Yohana Cobo und Chus Lampreave wurden gemeinsam ausgezeichnet. Volver erzählt von mehreren Generationen von Frauen: Raimunda (Cruz), ihre Schwester Sole (Dueñas) und ihre vermeintlich verstorbene Mutter Irene (Maura) gehören dazu. Pedro Almodóvar erhielt für denselben Film außerdem den Drehbuchpreis.","An eine Darstellerin ging dieser Preis nicht: Cannes würdigte sechs Schauspielerinnen gemeinsam, darunter Penélope Cruz und Carmen Maura.","An zwei Darstellerinnen gemeinsam wäre nur ein Teil des Ensembles. Der Preis galt sechs Frauen.","An drei Darstellerinnen gemeinsam wäre ebenfalls unvollständig: Cruz, Maura, Dueñas, Portillo, Cobo und Lampreave wurden ausgezeichnet.","Gemeinsam an sechs Darstellerinnen stimmt. Pedro Almodóvar gewann für Volver außerdem den Drehbuchpreis.","Volver – Zurückkehren · Cannes 2006 → Gemeinsam an sechs Darstellerinnen","keine","https://www.festival-cannes.com/en/retrospective/2006/awards/|https://www.festival-cannes.com/en/f/volver/","redaktionell_geprueft"
"PRZ-202610-P01-S-031","K-PRZ-202610-P01-S-031","","de","Film","Drama","Blau ist eine warme Farbe","La Vie d'Adèle – Chapitres 1 & 2","2013","","schwer","Preisverbindungen","Preisträger|Cannes|Preisverbindungen","Preisträger","Wer erhielt 2013 die besondere Palme für Blau ist eine warme Farbe: Abdellatif Kechiche, Adèle Exarchopoulos und Léa Seydoux","Wem wurde 2013 die Goldene Palme für Blau ist eine warme Farbe gemeinsam verliehen?","Abdellatif Kechiche, Adèle Exarchopoulos und Léa Seydoux","Nur Abdellatif Kechiche","Nur Adèle Exarchopoulos und Léa Seydoux","Die gesamte Besetzung ohne die Regie","A","Die Palme 2013 ging an Abdellatif Kechiche, Adèle Exarchopoulos und Léa Seydoux gemeinsam.","Die Jury bezog die beiden Hauptdarstellerinnen in die Palmenvergabe ein. Das hatte eine sehr konkrete Folge: Cannes hielt üblicherweise zwei Trophäen bereit, musste nun aber eine dritte herstellen lassen. Adèle (Adèle Exarchopoulos) und Emma (Léa Seydoux) stehen im Zentrum des Films, der Adèles Entdeckung von Liebe und eigener Identität verfolgt.","Abdellatif Kechiche, Adèle Exarchopoulos und Léa Seydoux wurden gemeinsam ausgezeichnet; für die drei Preisträger brauchte Cannes eine zusätzliche Trophäe.","Nur Abdellatif Kechiche wäre unvollständig: Die Jury bezog beide Hauptdarstellerinnen in die Palmenvergabe ein.","Nur Adèle Exarchopoulos und Léa Seydoux wären ebenfalls unvollständig: Auch Regisseur Abdellatif Kechiche erhielt die Palme.","Die gesamte Besetzung ohne die Regie trifft nicht zu. Ausgezeichnet wurden Kechiche, Exarchopoulos und Seydoux.","Blau ist eine warme Farbe · Cannes 2013 → Abdellatif Kechiche, Adèle Exarchopoulos und Léa Seydoux","keine","https://www.festival-cannes.com/en/the-festival/the-palme-d-or/|https://www.festival-cannes.com/en/f/la-vie-d-adele-chapitre-1-2/","redaktionell_geprueft"
"PRZ-202610-P01-S-032","K-PRZ-202610-P01-S-032","","de","Film","Drama","Mommy","Mommy","2014","","schwer","Preisverbindungen","Preisträger|Cannes|Preisverbindungen","Preisträger","Mit welchem Film teilte Mommy 2014 den Cannes-Jurypreis: Adieu au langage","Mit welchem Film teilte Mommy 2014 den Cannes-Jurypreis?","Leviathan","Adieu au langage","Winter Sleep","Mr. Turner","B","Mommy und Jean-Luc Godards Adieu au langage teilten 2014 den Jurypreis.","Xavier Dolans Mommy erzählt von einer verwitweten Mutter, ihrem fünfzehnjährigen Sohn mit ADHS und einer Nachbarin, die beiden hilft. Jean-Luc Godards Adieu au langage stellt eine verheiratete Frau, einen alleinstehenden Mann und einen Hund in den Mittelpunkt. Cannes verband diese unterschiedlichen Filme 2014 mit einem geteilten Jurypreis.","Leviathan gewann 2014 für das Drehbuch; der gemeinsame Jurypreis ging an Mommy und Adieu au langage.","Genau: Godards Adieu au langage teilte den Jurypreis mit Dolans Mommy.","Winter Sleep erhielt 2014 die Palme; Mommy teilte den Jurypreis mit Adieu au langage.","Timothy Spall gewann für Mr. Turner den Darstellerpreis; gesucht ist Godards Adieu au langage.","Mommy · Cannes 2014 → Adieu au langage","keine","https://www.festival-cannes.com/en/retrospective/2014/palmares/|https://www.festival-cannes.com/en/f/mommy/|https://www.festival-cannes.com/en/f/adieu-au-langage/","redaktionell_geprueft"
"PRZ-202610-P01-S-033","K-PRZ-202610-P01-S-033","","de","Film","Drama","Son of Saul","Saul fia","2015","","schwer","Preisverbindungen","Preisträger|Cannes|Preisverbindungen","Preisträger","Welchen Cannes-Hauptwettbewerbspreis erhielt Son of Saul 2015: Grand Prix","Welchen Cannes-Hauptwettbewerbspreis erhielt Son of Saul 2015?","Goldene Palme","Jurypreis","Grand Prix","Regiepreis","C","Son of Saul von László Nemes erhielt 2015 den Grand Prix.","Der ungarische Film folgt einem jüdischen Häftling des Sonderkommandos in Auschwitz-Birkenau. Er versucht, einen Jungen, den er für seinen Sohn hält, würdig zu bestatten, während andere Häftlinge einen Aufstand vorbereiten. Neben dem Grand Prix gewann Son of Saul den technischen Vulcain-Preis für Tonmeister Tamás Zányi.","Die Goldene Palme 2015 ging an Dheepan; Son of Saul gewann den Grand Prix.","Son of Saul wurde mit dem Grand Prix ausgezeichnet; den Jurypreis erhielt The Lobster.","Richtig: Der Grand Prix galt László Nemes’ Son of Saul.","Der Regiepreis ging 2015 an Hou Hsiao-hsien für The Assassin; Son of Saul erhielt den Grand Prix.","Son of Saul · Cannes 2015 → Grand Prix","keine","https://www.festival-cannes.com/en/retrospective/2015/awards/|https://www.festival-cannes.com/en/f/saul-fia/","redaktionell_geprueft"
"PRZ-202610-P01-S-034","K-PRZ-202610-P01-S-034","","de","Film","Drama","The Salesman","Forushande","2016","","schwer","Preisverbindungen","Preisträger|Cannes|Preisverbindungen","Preisträger","Welche beiden Cannes-Preise erhielt The Salesman 2016: Drehbuchpreis und männlicher Darstellerpreis","Welche beiden Cannes-Preise erhielt The Salesman 2016?","Goldene Palme und Regiepreis","Grand Prix und Darstellerinnenpreis","Jurypreis und Kameraauszeichnung","Drehbuchpreis und männlicher Darstellerpreis","D","The Salesman gewann 2016 für das Drehbuch und Shahab Hosseinis Darstellung.","Emad (Shahab Hosseini) und Rana (Taraneh Alidoosti) sind ein Schauspielerpaar in Teheran. Sie spielen Arthur Millers Tod eines Handlungsreisenden, während ein erzwungener Umzug ihr eigenes Leben verändert. Farhadi verbindet das Bühnendrama mit der Krise des Paars. Cannes würdigte 2016 sein Drehbuch und Hosseinis Darstellung; der englische Filmtitel The Salesman verweist auf Millers Stück.","Goldene Palme und Regiepreis waren nicht Farhadis Kombination. Die Palme ging an Ich, Daniel Blake; The Salesman gewann für Drehbuch und männliche Darstellung.","Grand Prix und Darstellerinnenpreis passen nicht zu The Salesman. Den Grand Prix erhielt Einfach das Ende der Welt; Farhadis Film gewann Drehbuch- und Darstellerpreis.","Jurypreis und Kameraauszeichnung waren nicht die beiden Preise. Cannes ehrte Asghar Farhadis Drehbuch und Shahab Hosseinis Darstellung.","Drehbuchpreis und männlicher Darstellerpreis stimmt: Farhadi wurde als Autor und Hosseini als Darsteller ausgezeichnet.","The Salesman · Cannes 2016 → Drehbuchpreis und männlicher Darstellerpreis","keine","https://www.festival-cannes.com/en/press/press-releases/69th-festival-de-cannes-awards/|https://www.festival-cannes.com/en/f/forushande/|https://www.festival-cannes.com/en/2016/forushande-the-family-thriller-by-asghar-farhadi/","redaktionell_geprueft"
"PRZ-202610-P01-S-035","K-PRZ-202610-P01-S-035","","de","Film","Komödie","BlacKkKlansman","BlacKkKlansman","2018","","schwer","Preisverbindungen","Preisträger|Cannes|Preisverbindungen","Preisträger","Welchen Cannes-Preis erhielt BlacKkKlansman 2018: Grand Prix","Welchen Cannes-Preis erhielt BlacKkKlansman 2018?","Grand Prix","Goldene Palme","Jurypreis","Goldene Kamera","A","Spike Lees BlacKkKlansman erhielt 2018 den Grand Prix.","Ron Stallworth (John David Washington), ein schwarzer Polizist aus Colorado Springs, infiltriert den Ku-Klux-Klan. Bei persönlichen Treffen vertritt ihn ein weißer Kollege (Adam Driver). Spike Lees Film beruht auf Stallworths 2014 erschienener Autobiografie. Cannes zeichnete BlacKkKlansman 2018 mit dem Grand Prix aus; die Palme derselben Ausgabe ging an Hirokazu Koreedas Shoplifters.","Ja: BlacKkKlansman gewann den Grand Prix 2018.","Die Goldene Palme 2018 ging an Shoplifters; Spike Lees Film erhielt den Grand Prix.","Capharnaüm gewann den Jurypreis; BlacKkKlansman den Grand Prix.","Die Goldene Kamera gewann 2018 Girl; BlacKkKlansman erhielt den Grand Prix.","BlacKkKlansman · Cannes 2018 → Grand Prix","keine","https://www.festival-cannes.com/en/press/press-releases/71st-festival-de-cannes-awards/|https://www.festival-cannes.com/en/f/blackkklansman/|https://www.festival-cannes.com/en/2018/spike-lee-s-blackkklansman-an-african-american-at-the-pinnacle-of-the-kkk/","redaktionell_geprueft"
"PRZ-202610-P01-S-036","K-PRZ-202610-P01-S-036","","de","Film","Drama","Porträt einer jungen Frau in Flammen","Portrait de la jeune fille en feu","2019","","schwer","Preisverbindungen","Preisträger|Cannes|Preisverbindungen","Preisträger","„Porträt einer jungen Frau in Flammen“ (2019): Welche Cannes-Leistung wurde 2019 ausgezeichnet: Das Drehbuch von Céline Sciamma","Porträt einer jungen Frau in Flammen: Welche Leistung zeichnete die Cannes-Hauptjury 2019 aus?","Die Regie von Céline Sciamma","Das Drehbuch von Céline Sciamma","Die Darstellung von Noémie Merlant","Die Kostüme von Dorothée Guiraud","B","Die Hauptjury prämierte 2019 Céline Sciammas Drehbuch.","Marianne (Noémie Merlant) soll 1770 das Hochzeitsporträt von Héloïse (Adèle Haenel) malen. Weil die junge Frau die Heirat ablehnt, muss Marianne sie zunächst heimlich beobachten. Céline Sciamma schrieb und inszenierte diesen Film über Blicke und Nähe. Neben dem Drehbuchpreis nennt das Cannes-Archiv eine technische Sonderwürdigung der CST.","Die Regie von Céline Sciamma wurde von der Hauptjury nicht ausgezeichnet; der Preis galt ihrem Drehbuch.","Das Drehbuch von Céline Sciamma stimmt. Sie schrieb den Film über das heimliche Hochzeitsporträt und führte auch Regie.","Die Darstellung von Noémie Merlant gehörte nicht zu diesem Hauptjurypreis. Merlant spielt Marianne; ausgezeichnet wurde Sciammas Drehbuch.","Die Kostüme von Dorothée Guiraud gehörten nicht zu diesem Preis. Die Hauptjury würdigte Céline Sciammas Drehbuch.","Porträt einer jungen Frau in Flammen · Cannes 2019 → Das Drehbuch von Céline Sciamma","keine","https://www.festival-cannes.com/en/f/portrait-de-la-jeune-fille-en-feu/","redaktionell_geprueft"
"PRZ-202610-P01-S-037","K-PRZ-202610-P01-S-037","","de","Film","Komödie","Triangle of Sadness","Triangle of Sadness","2022","","schwer","Preisverbindungen","Preisträger|Cannes|Preisverbindungen","Preisträger","Welche zwei Filme brachten Ruben Östlund die Palmen von 2017 und 2022: The Square und Triangle of Sadness","Welche zwei Filme brachten Ruben Östlund die Palmen von 2017 und 2022?","Force Majeure und The Square","Play und Triangle of Sadness","The Square und Triangle of Sadness","Force Majeure und Play","C","The Square gewann 2017, Triangle of Sadness 2022 die Palme für Ruben Östlund.","In The Square geraten die humanitären Ideale eines Museums und das Verhalten seines Kurators aneinander. Triangle of Sadness verlegt Östlunds Blick auf Status und Macht auf eine Luxuskreuzfahrt. Nach deren Katastrophe kehren sich auf einer Insel die Hierarchien um: Eine Reinigungskraft kann fischen, die reichen Reisenden sind auf sie angewiesen.","Force Majeure und The Square ist nur teilweise richtig: The Square gewann 2017; der zweite Palmensieger war Triangle of Sadness 2022.","Play und Triangle of Sadness ist ebenfalls nur teilweise richtig. Vor Triangle of Sadness gewann Östlund 2017 mit The Square.","The Square und Triangle of Sadness stimmt: Östlund gewann die Palmen 2017 und 2022.","Force Majeure und Play sind nicht die beiden Palmensieger. Östlund gewann mit The Square und Triangle of Sadness.","Östlunds Palmen: The Square 2017 → Triangle of Sadness 2022","keine","https://www.festival-cannes.com/en/f/the-square/|https://www.festival-cannes.com/en/f/triangle-of-sadness/","redaktionell_geprueft"
"PRZ-202610-P01-S-038","K-PRZ-202610-P01-S-038","","de","Film","Drama","The Zone of Interest","The Zone of Interest","2023","","schwer","Preisverbindungen","Preisträger|Cannes|Preisverbindungen","Preisträger","Welche Cannes-Auszeichnung erhielt The Zone of Interest 2023 von der Hauptjury: Grand Prix","Welche Cannes-Auszeichnung erhielt The Zone of Interest 2023 von der Hauptjury?","Goldene Palme","Jurypreis","Drehbuchpreis","Grand Prix","D","The Zone of Interest erhielt 2023 den Grand Prix.","Rudolf Höss (Christian Friedel) und seine Frau Hedwig (Sandra Hüller) richten sich mit ihrer Familie ein Haus und einen Garten direkt neben Auschwitz ein. Jonathan Glazers Film stellt dieses Familienleben neben das Lager. Cannes ehrte ihn 2023 mit dem Grand Prix; Tonverantwortlicher Johnnie Burn erhielt zusätzlich den Technikpreis der CST.","Die Goldene Palme 2023 gewann Anatomie eines Falls. The Zone of Interest erhielt den Grand Prix.","Fallen Leaves erhielt den Jurypreis; Glazers Film gewann den Grand Prix.","Der Drehbuchpreis ging an Yūji Sakamoto für Die Unschuld; gesucht ist der Grand Prix.","Richtig: Glazers Film erhielt den Grand Prix, Johnnie Burn außerdem den CST-Technikpreis.","The Zone of Interest · Cannes 2023 → Grand Prix","keine","https://www.festival-cannes.com/en/retrospective/2023/palmares/|https://www.festival-cannes.com/en/f/the-zone-of-interest/","redaktionell_geprueft"
"PRZ-202610-P01-E-026","K-PRZ-202610-P01-E-026","","de","Film","Drama","Apocalypse Now","Apocalypse Now","1979","","experte","Festivalgeschichte","Preisträger|Cannes|Festivalgeschichte","Preisträger","Wer führte den Vorsitz der Cannes-Jury, die 1979 zwei Palmen vergab: Françoise Sagan","Wer führte den Vorsitz der Cannes-Jury, die 1979 zwei Palmen vergab?","Françoise Sagan","Jeanne Moreau","Ingrid Bergman","Isabelle Huppert","A","Françoise Sagan leitete die Cannes-Jury von 1979.","1979 stand Françoise Sagan an der Spitze der Wettbewerbsjury und war zugleich als Regisseurin vertreten: Encore un hiver lief in Un Certain Regard. Die Jury vergab die Palme gemeinsam an Apocalypse Now und Die Blechtrommel. Schon 1970 hatte Cannes Le Bal du comte d’Orgel gezeigt, an dessen Drehbuch Sagan mitwirkte.","Genau: Françoise Sagan war 1979 Jurypräsidentin.","Jeanne Moreau leitete die Jury 1975 und 1995; 1979 war es Françoise Sagan.","Ingrid Bergman war 1973 Jurypräsidentin. Die Jury von 1979 leitete Françoise Sagan.","Isabelle Huppert hatte den Vorsitz 2009; bei der geteilten Palme von 1979 war es Françoise Sagan.","Apocalypse Now · Cannes 1979 → Françoise Sagan","keine","https://www.festival-cannes.com/en/p/francoise-sagan/|https://www.festival-cannes.com/en/retrospective/1979/awards/|https://www.festival-cannes.com/en/p/jeanne-moreau/|https://www.festival-cannes.com/en/p/ingrid-bergman/|https://www.festival-cannes.com/en/p/isabelle-huppert/","redaktionell_geprueft"
"PRZ-202610-P01-E-027","K-PRZ-202610-P01-E-027","","de","Film","Thriller","Pulp Fiction","Pulp Fiction","1994","","experte","Festivalgeschichte","Preisträger|Cannes|Festivalgeschichte","Preisträger","Welche Person führte der Cannes-Jury beim Palmensieg von Pulp Fiction den Vorsitz: Clint Eastwood","Wer war 1994 Jurypräsident in Cannes, als Pulp Fiction die Palme gewann?","Steven Spielberg","Clint Eastwood","Robert De Niro","Martin Scorsese","B","Clint Eastwood leitete die Cannes-Jury beim Palmensieg von Pulp Fiction 1994.","Clint Eastwood kannte den Cannes-Wettbewerb aus eigener Erfahrung: Pale Rider war dort 1985 vertreten, Bird 1988 und White Hunter, Black Heart 1990. Bei allen drei Filmen führte er Regie; in Pale Rider und White Hunter, Black Heart stand er auch vor der Kamera. 1994 leitete er die Jury, die Quentin Tarantinos Pulp Fiction auszeichnete.","Steven Spielberg war 2013 Jurypräsident. 1994 leitete Clint Eastwood die Jury.","Richtig: Die Jury unter Clint Eastwood vergab 1994 die Palme an Pulp Fiction.","Robert De Niro hatte den Juryvorsitz 2011; 1994 war es Clint Eastwood.","Martin Scorsese leitete die Wettbewerbsjury 1998. Für 1994 ist Clint Eastwood gesucht.","Pulp Fiction · Cannes 1994 → Clint Eastwood","keine","https://www.festival-cannes.com/en/p/clint-eastwood/|https://www.festival-cannes.com/en/f/pulp-fiction/|https://www.festival-cannes.com/en/p/steven-spielberg/|https://www.festival-cannes.com/en/p/robert-de-niro/|https://www.festival-cannes.com/en/p/martin-scorsese/","redaktionell_geprueft"
"PRZ-202610-P01-E-028","K-PRZ-202610-P01-E-028","","de","Film","Western","Three Burials – Die drei Begräbnisse des Melquiades Estrada","The Three Burials of Melquiades Estrada","2005","","experte","Preisverbindungen","Preisträger|Cannes|Preisverbindungen","Preisträger","Welche doppelte Cannes-Würdigung erhielt Three Burials 2005: Darstellerpreis für Tommy Lee Jones und Drehbuchpreis für Guillermo Arriaga","Welche doppelte Cannes-Würdigung erhielt Three Burials 2005?","Darstellerpreis für Tommy Lee Jones und Regiepreis für Jones","Regiepreis für Tommy Lee Jones und Drehbuchpreis für Guillermo Arriaga","Darstellerpreis für Tommy Lee Jones und Drehbuchpreis für Guillermo Arriaga","Darstellerpreis für Tommy Lee Jones und Technikpreis für Chris Menges","C","Tommy Lee Jones gewann den Darstellerpreis, Guillermo Arriaga den Drehbuchpreis für Three Burials.","Pete Perkins (Tommy Lee Jones) will seinen getöteten Freund Melquiades Estrada (Julio César Cedillo) in dessen Heimat bestatten. Dafür entführt er den Grenzpolizisten Mike Norton (Barry Pepper) und zwingt ihn, die Leiche auszugraben. Mit dem Toten auf einem Maultier beginnt eine gefährliche Reise nach Mexiko. Jones spielte die Hauptrolle und führte Regie; Arriaga schrieb das Drehbuch.","„Darstellerpreis für Tommy Lee Jones und Regiepreis für Jones“ trifft nur beim Darstellerpreis zu. Die zweite Auszeichnung war Arriagas Drehbuchpreis.","„Regiepreis für Tommy Lee Jones und Drehbuchpreis für Guillermo Arriaga“ enthält die falsche Jones-Kategorie: Er gewann für seine Darstellung.","Darstellerpreis für Tommy Lee Jones und Drehbuchpreis für Guillermo Arriaga stimmt: Cannes ehrte Hauptdarstellung und Drehbuch.","„Darstellerpreis für Tommy Lee Jones und Technikpreis für Chris Menges“ stimmt nur beim ersten Teil. Der zweite Preis ging an Guillermo Arriaga für das Drehbuch.","Three Burials – Die drei Begräbnisse des Melquiades Estrada · Cannes 2005 → Darstellerpreis für Tommy Lee Jones und Drehbuchpreis für Guillermo Arriaga","keine","https://www.festival-cannes.com/en/retrospective/2005/awards/|https://www.festival-cannes.com/en/f/the-three-burials-of-melquiades-estrada/","redaktionell_geprueft"
"PRZ-202610-P01-E-029","K-PRZ-202610-P01-E-029","","de","Film","Drama","Tage des Ruhms","Indigènes","2006","","experte","Preisverbindungen","Preisträger|Cannes|Preisverbindungen","Preisträger","Wem galt der männliche Darstellerpreis für Tage des Ruhms 2006: Einem Ensemble aus fünf Darstellern","Wem galt der männliche Darstellerpreis für Tage des Ruhms 2006?","Allein Jamel Debbouze","Allein Sami Bouajila","Roschdy Zem und Bernard Blancan gemeinsam","Einem Ensemble aus fünf Darstellern","D","Tage des Ruhms gewann den Darstellerpreis 2006 für fünf Schauspieler gemeinsam.","Ausgezeichnet wurden Roschdy Zem, Bernard Blancan, Jamel Debbouze, Samy Naceri und Sami Bouajila. Rachid Boucharebs Film beginnt 1943: Nordafrikanische Soldaten ziehen für Frankreich in den Krieg, obwohl viele das Land noch nie gesehen haben. Ihre Einsätze führen sie durch Italien und die Provence bis in die Vogesen und das Elsass. Cannes würdigte das fünfköpfige Schauspielensemble gemeinsam.","Allein Jamel Debbouze wäre unvollständig: Er gewann gemeinsam mit Zem, Blancan, Naceri und Bouajila.","Allein Sami Bouajila wäre ebenfalls unvollständig. Cannes zeichnete fünf Darsteller gemeinsam aus.","Roschdy Zem und Bernard Blancan gemeinsam wäre nur ein Teil der Gewinnergruppe; Debbouze, Naceri und Bouajila gehörten ebenfalls dazu.","Einem Ensemble aus fünf Darstellern stimmt: Zem, Blancan, Debbouze, Naceri und Bouajila teilten den Preis.","Tage des Ruhms · Cannes 2006 → Einem Ensemble aus fünf Darstellern","keine","https://www.festival-cannes.com/en/retrospective/2006/awards/|https://www.festival-cannes.com/en/f/indigenes/","redaktionell_geprueft"
"PRZ-202610-P01-E-030","K-PRZ-202610-P01-E-030","","de","Film","Drama","Once Upon a Time in Anatolia","Bir Zamanlar Anadolu’da","2011","","experte","Preisverbindungen","Preisträger|Cannes|Preisverbindungen","Preisträger","Mit welchem Film teilte Once Upon a Time in Anatolia 2011 den Grand Prix: Der Junge mit dem Fahrrad","Mit welchem Film teilte Once Upon a Time in Anatolia 2011 den Grand Prix?","Der Junge mit dem Fahrrad","The Tree of Life","Drive","Melancholia","A","Der Junge mit dem Fahrrad teilte 2011 den Grand Prix mit Once Upon a Time in Anatolia.","Der fast zwölfjährige Cyril (Thomas Doret) sucht den Vater, der ihn in einem Kinderheim zurückgelassen hat. Die Friseurin Samantha (Cécile de France) nimmt ihn an den Wochenenden bei sich auf. Jean-Pierre und Luc Dardenne schrieben und inszenierten Der Junge mit dem Fahrrad; Cannes teilte den Grand Prix zwischen ihrem Film und Nuri Bilge Ceylans Once Upon a Time in Anatolia.","Der Junge mit dem Fahrrad stimmt. Die Dardenne-Brüder teilten den Grand Prix mit Nuri Bilge Ceylan.","The Tree of Life gewann 2011 die Palme. Der zweite Grand-Prix-Film war Der Junge mit dem Fahrrad.","Drive brachte Nicolas Winding Refn den Regiepreis ein; den Grand Prix teilten die Dardennes und Ceylan.","Für Melancholia gewann Kirsten Dunst den Darstellerinnenpreis. Gesucht ist Der Junge mit dem Fahrrad.","Once Upon a Time in Anatolia · Cannes 2011 → Der Junge mit dem Fahrrad","keine","https://www.festival-cannes.com/en/retrospective/2011/palmares/|https://www.festival-cannes.com/en/f/le-gamin-au-velo/","redaktionell_geprueft"
"PRZ-202610-P01-E-031","K-PRZ-202610-P01-E-031","","de","Film","Drama","Carol","Carol","2015","","experte","Preisverbindungen","Preisträger|Cannes|Preisverbindungen","Preisträger","Mit welcher anderen Darstellerin teilte Rooney Mara 2015 den Cannes-Preis: Emmanuelle Bercot für Mon roi","Mit welcher anderen Darstellerin teilte Rooney Mara 2015 den Cannes-Preis?","Cate Blanchett für Carol","Emmanuelle Bercot für Mon roi","Marion Cotillard für Macbeth","Rachel Weisz für The Lobster","B","Emmanuelle Bercot für Mon roi teilte den Darstellerinnenpreis 2015 mit Rooney Mara.","In Mon roi erholt sich Tony (Emmanuelle Bercot) nach einem schweren Skiunfall in einem Rehabilitationszentrum. Dort blickt sie auf ihre zerstörerische Beziehung zu Georgio (Vincent Cassel) zurück. Maïwenn führte bei diesem Drama Regie. Cannes zeichnete Bercot und Rooney Mara für Carol gleichrangig aus; Bercots Film verbindet körperliche Genesung mit dem Rückblick auf eine schmerzhafte Liebe.","Cate Blanchett für Carol wurde nicht als Mitgewinnerin ausgezeichnet. Aus Carol gewann Rooney Mara; sie teilte den Preis mit Emmanuelle Bercot für Mon roi.","Emmanuelle Bercot für Mon roi stimmt: Sie und Rooney Mara für Carol wurden gleichrangig ausgezeichnet.","Marion Cotillard für Macbeth war nicht die Mitgewinnerin. Cannes ehrte Bercots Tony in Mon roi neben Rooney Mara für Carol.","Rachel Weisz für The Lobster erhielt diesen Darstellerinnenpreis nicht. The Lobster gewann den Jurypreis; die Schauspielauszeichnung teilten Mara und Bercot.","Carol · Cannes 2015 → Emmanuelle Bercot für Mon roi","keine","https://www.festival-cannes.com/en/retrospective/2015/awards/|https://www.festival-cannes.com/en/f/mon-roi/","redaktionell_geprueft"
"PRZ-202610-P01-E-032","K-PRZ-202610-P01-E-032","","de","Film","Thriller","Personal Shopper","Personal Shopper","2016","","experte","Preisverbindungen","Preisträger|Cannes|Preisverbindungen","Preisträger","Wer teilte 2016 den Regiepreis mit Olivier Assayas für Personal Shopper: Cristian Mungiu für Bacalaureat","Wer teilte 2016 den Regiepreis mit Olivier Assayas für Personal Shopper?","Ken Loach für Ich, Daniel Blake","Asghar Farhadi für The Salesman","Cristian Mungiu für Bacalaureat","Xavier Dolan für Einfach das Ende der Welt","C","Cristian Mungiu für Bacalaureat teilte 2016 den Regiepreis mit Olivier Assayas.","Bacalaureat handelt von einem Vater, der seiner Tochter ein Studium in Großbritannien ermöglichen möchte. Ein Überfall kurz vor ihren Abschlussprüfungen gefährdet diesen Plan. Um ihre Zukunft zu sichern, erwägt er Lösungen, die seinen eigenen Grundsätzen widersprechen. Cristian Mungiu schrieb und inszenierte das Drama; Cannes würdigte seine Regie gemeinsam mit Olivier Assayas’ Arbeit an Personal Shopper.","Ken Loach für Ich, Daniel Blake war Palmensieger. Den Regiepreis teilten Olivier Assayas und Cristian Mungiu.","Asghar Farhadi für The Salesman gewann den Drehbuchpreis. Der Regie-Mitgewinner neben Assayas war Cristian Mungiu.","Cristian Mungiu für Bacalaureat stimmt: Cannes ehrte seine Regie gemeinsam mit Assayas’ Personal Shopper.","Xavier Dolan für Einfach das Ende der Welt erhielt den Grand Prix. Den geteilten Regiepreis gewannen Assayas und Mungiu.","Personal Shopper · Cannes 2016 → Cristian Mungiu für Bacalaureat","keine","https://www.festival-cannes.com/en/press/press-releases/69th-festival-de-cannes-awards/|https://www.festival-cannes.com/en/f/bacalaureat/","redaktionell_geprueft"
"PRZ-202610-P01-E-033","K-PRZ-202610-P01-E-033","","de","Film","Thriller","The Killing of a Sacred Deer","The Killing of a Sacred Deer","2017","","experte","Preisverbindungen","Preisträger|Cannes|Preisverbindungen","Preisträger","Mit welchem Film teilte The Killing of a Sacred Deer 2017 den Drehbuchpreis: You Were Never Really Here","Mit welchem Film teilte The Killing of a Sacred Deer 2017 den Drehbuchpreis?","The Square","Loveless","The Beguiled","You Were Never Really Here","D","You Were Never Really Here teilte 2017 den Drehbuchpreis mit The Killing of a Sacred Deer.","Lynne Ramsay gewann den Drehbuchpreis für You Were Never Really Here; Yorgos Lanthimos und Efthimis Filippou für The Killing of a Sacred Deer. Ramsays Thriller folgt einem traumatisierten Mann, der vermisste Mädchen aufspürt. Bei einem Auftrag geraten Gewalt und Verschwörung außer Kontrolle. Joaquin Phoenix erhielt für seine Darstellung in Ramsays Film zusätzlich den Cannes-Darstellerpreis.","The Square gewann die Palme; der gesuchte Drehbuch-Mitgewinner ist You Were Never Really Here.","Loveless erhielt den Jurypreis. Den Drehbuchpreis teilte Ramsays Film mit The Killing of a Sacred Deer.","Für The Beguiled gewann Sofia Coppola den Regiepreis; Lynne Ramsay wurde für ihr Drehbuch ausgezeichnet.","You Were Never Really Here stimmt: Lynne Ramsay teilte den Drehbuchpreis mit Yorgos Lanthimos und Efthimis Filippou.","The Killing of a Sacred Deer · Cannes 2017 → You Were Never Really Here","keine","https://www.festival-cannes.com/en/2017/all-the-70th-festival-de-cannes-awards/|https://www.festival-cannes.com/en/f/you-were-never-really-here/","redaktionell_geprueft"
"PRZ-202610-P01-E-034","K-PRZ-202610-P01-E-034","","de","Film","Drama","Glücklich wie Lazzaro","Lazzaro felice","2018","","experte","Preisverbindungen","Preisträger|Cannes|Preisverbindungen","Preisträger","Mit welchem Film teilte Glücklich wie Lazzaro 2018 den Cannes-Drehbuchpreis: Drei Gesichter","Mit welchem Film teilte Glücklich wie Lazzaro 2018 den Cannes-Drehbuchpreis?","Drei Gesichter","Shoplifters – Familienbande","Burning","Dogman","A","Drei Gesichter teilte 2018 den Drehbuchpreis mit Glücklich wie Lazzaro.","Jafar Panahi konnte den Preis nicht selbst in Cannes entgegennehmen. Bei der Preisträger-Pressekonferenz berichteten seine Kinder Solmaz und Panah Panahi, sie hätten ihn telefonisch erreicht: Er freue sich sehr über die Auszeichnung und darüber, dass das Publikum den Film sehen könne. Im offiziellen Palmarès stehen Panahi für Drei Gesichter und Alice Rohrwacher für Glücklich wie Lazzaro als Drehbuchpreisträger.","Drei Gesichter stimmt: Jafar Panahi und Alice Rohrwacher teilten den Drehbuchpreis.","Shoplifters – Familienbande gewann die Palme. Die Drehbuchauszeichnung ging an Glücklich wie Lazzaro und Drei Gesichter.","Für Burning erhielt der Szenenbildner Shin Joom-hee den technischen Vulcain-Preis. Der Drehbuch-Mitgewinner war Panahis Drei Gesichter.","Für Dogman gewann Marcello Fonte den Darstellerpreis; der Drehbuch-Mitgewinner war Drei Gesichter.","Glücklich wie Lazzaro · Cannes 2018 → Drei Gesichter","keine","https://www.festival-cannes.com/en/press/press-releases/71st-festival-de-cannes-awards/|https://www.festival-cannes.com/en/2018/press-conference-with-the-award-winners-2/","redaktionell_geprueft"
"PRZ-202610-P01-E-035","K-PRZ-202610-P01-E-035","","de","Film","Drama","Memoria","Memoria","2021","","experte","Preisverbindungen","Preisträger|Cannes|Preisverbindungen","Preisträger","Mit welchem Film teilte Memoria 2021 den Cannes-Jurypreis: Aheds Knie","Mit welchem Film teilte Memoria 2021 den Cannes-Jurypreis?","Titane","Aheds Knie","Drive My Car","Annette","B","Aheds Knie teilte 2021 den Jurypreis mit Memoria.","Jessica (Tilda Swinton) erwacht in Memoria bei Tagesanbruch nach einem lauten Knall und kann danach nicht mehr schlafen. Sie besucht ihre Schwester in Bogotá und begegnet einer Archäologin, die in einem Tunnel gefundene menschliche Überreste untersucht. Apichatpong Weerasethakuls Film folgt Jessicas Suche nach dem rätselhaften Geräusch. Cannes teilte den Jurypreis zwischen Memoria und Nadav Lapids Aheds Knie.","Titane gewann die Palme. Mit Memoria teilte Aheds Knie den Jurypreis.","Genau: Der Jurypreis 2021 ging an Memoria und Aheds Knie.","Drive My Car gewann den Drehbuchpreis; der Jurypreis-Mitgewinner war Aheds Knie.","Annette brachte Leos Carax den Regiepreis ein. Den Jurypreis teilten Memoria und Aheds Knie.","Memoria · Cannes 2021 → Aheds Knie","keine","https://www.festival-cannes.com/en/retrospective/2021/awards/|https://www.festival-cannes.com/en/f/memoria/","redaktionell_geprueft"
"PRZ-202610-P01-E-036","K-PRZ-202610-P01-E-036","","de","Film","Drama","Close","Close","2022","","experte","Preisverbindungen","Preisträger|Cannes|Preisverbindungen","Preisträger","Mit welchem Film teilte Close 2022 den Grand Prix: Stars at Noon","Mit welchem Film teilte Close 2022 den Grand Prix?","EO","Die acht Berge","Stars at Noon","Triangle of Sadness","C","Stars at Noon teilte 2022 den Grand Prix mit Close.","In Stars at Noon begegnet die in Nicaragua gestrandete amerikanische Journalistin Trish (Margaret Qualley) dem Engländer Daniel (Joe Alwyn). Sie hofft, mit seiner Hilfe das Land verlassen zu können, doch auch er ist in Schwierigkeiten. Claire Denis verfilmte Denis Johnsons Roman. Cannes teilte den Grand Prix zwischen ihrem Film und Lukas Dhonts Close.","EO teilte mit Die acht Berge den Jurypreis. Der zweite Grand-Prix-Film war Stars at Noon.","Die acht Berge gewann gemeinsam mit EO den Jurypreis. Close teilte den Grand Prix mit Stars at Noon.","Richtig: Claire Denis’ Stars at Noon und Lukas Dhonts Close gewannen gemeinsam den Grand Prix.","Triangle of Sadness erhielt die Palme. Der Grand Prix ging an Close und Stars at Noon.","Close · Cannes 2022 → Stars at Noon","keine","https://www.festival-cannes.com/en/retrospective/2022/awards/|https://www.festival-cannes.com/en/f/stars-at-noon/","redaktionell_geprueft"
"PRZ-202610-P01-E-037","K-PRZ-202610-P01-E-037","","de","Film","Drama","Die Unschuld","Kaibutsu","2023","","experte","Preisverbindungen","Preisträger|Cannes|Preisverbindungen","Preisträger","Wer gewann 2023 für Die Unschuld den Cannes-Drehbuchpreis: Yūji Sakamoto","Wer gewann 2023 für Die Unschuld den Cannes-Drehbuchpreis?","Hirokazu Koreeda","Ryūsuke Hamaguchi","Takeshi Kitano","Yūji Sakamoto","D","Yūji Sakamoto gewann 2023 den Drehbuchpreis für Die Unschuld.","Die Unschuld erzählt seine Ereignisse nacheinander aus den Blickwinkeln einer Mutter, eines Lehrers und eines Kindes. Saori (Sakura Ando) vermutet, dass Lehrer Hori (Eita Nagayama) ihrem Sohn Minato (Soya Kurokawa) schadet; mit jeder Perspektive verändert sich das Bild. Yūji Sakamoto schrieb das prämierte Drehbuch, Hirokazu Koreeda führte Regie. Die Filmmusik stammt von Ryuichi Sakamoto.","Hirokazu Koreeda führte Regie. Der Drehbuchpreis ging an Yūji Sakamoto.","Ryūsuke Hamaguchi gewann den Cannes-Drehbuchpreis 2021 für Drive My Car. Die Auszeichnung für Die Unschuld 2023 ging an Yūji Sakamoto.","Takeshi Kitano war 2023 mit Kubi in Cannes Première vertreten. Das prämierte Drehbuch von Die Unschuld stammt von Yūji Sakamoto.","Genau: Yūji Sakamoto gewann für das Drehbuch; Ryuichi Sakamoto komponierte die Musik.","Die Unschuld · Cannes 2023 → Yūji Sakamoto","keine","https://www.festival-cannes.com/en/retrospective/2023/palmares/|https://www.festival-cannes.com/en/2023/monster-kore-eda-returns/|https://www.festival-cannes.com/en/f/kaibutsu/|https://www.festival-cannes.com/en/retrospective/2021/awards/|https://www.festival-cannes.com/en/p/takeshi-kitano/","redaktionell_geprueft"
"PRZ-202610-P01-L-039","K-PRZ-202610-P01-L-039","","de","Film","Fantasy","Shape of Water – Das Flüstern des Wassers","The Shape of Water","2017","","leicht","Gewinnerfilm","Preisträger|Venedig|Gewinnerfilm","Preisträger","Welcher Film gewann 2017 den Goldenen Löwen des Wettbewerbs von Venedig: Shape of Water – Das Flüstern des Wassers","Welcher Film gewann 2017 den Goldenen Löwen des Wettbewerbs von Venedig?","Roma","Joker","Shape of Water – Das Flüstern des Wassers","Nomadland","C","Guillermo del Toros „Shape of Water – Das Flüstern des Wassers“ gewann 2017 den Goldenen Löwen.","Elisa (Sally Hawkins) arbeitet 1962 als Reinigungskraft in einem geheimen Forschungslabor. Dort entdeckt sie ein gefangenes amphibisches Wesen und baut eine Verbindung zu ihm auf. Guillermo del Toro beschreibt seine Liebesgeschichte als Märchen für schwierige Zeiten: Akzeptanz und Zuneigung sollen dem Zynismus etwas entgegensetzen. Dieses ungewöhnliche Märchen gewann 2017 den Goldenen Löwen.","Roma ist hier nicht gesucht. Richtig ist Shape of Water – Das Flüstern des Wassers.","Joker ist hier nicht gesucht. Richtig ist Shape of Water – Das Flüstern des Wassers.","Richtig. Guillermo del Toros „Shape of Water – Das Flüstern des Wassers“ gewann 2017 den Goldenen Löwen.","Nomadland ist hier nicht gesucht. Richtig ist Shape of Water – Das Flüstern des Wassers.","Venedig 2017: Del Toros Labor-Märchen holt Gold.","keine","https://www.labiennale.org/en/news/official-awards-74th-venice-film-festival|https://www.labiennale.org/en/cinema/2017/program-cinema-2017/guillermo-del-toro-shape-water|https://en.wikipedia.org/wiki/The_Shape_of_Water","redaktionell_geprueft"
"PRZ-202610-P01-L-040","K-PRZ-202610-P01-L-040","","de","Film","Drama","Roma","Roma","2018","","leicht","Gewinnerfilm","Preisträger|Venedig|Gewinnerfilm","Preisträger","Welcher Film gewann 2018 den Goldenen Löwen des Wettbewerbs von Venedig: Roma","Welcher Film gewann 2018 den Goldenen Löwen des Wettbewerbs von Venedig?","Joker","Nomadland","Das Ereignis","Roma","D","„Roma“ von Alfonso Cuarón erhielt 2018 den Goldenen Löwen.","Alfonso Cuarón blickt in „Roma“ auf Mexiko-Stadt zur Zeit seiner Kindheit zurück. Im Mittelpunkt steht Cleo (Yalitza Aparicio), eine Hausangestellte indigener Herkunft, die eine Familie durch eine unruhige Zeit begleitet. Cuarón widmet den Schwarzweißfilm den Frauen, die ihn großgezogen haben. Er übernahm neben Drehbuch und Regie auch die Kamera – die persönliche Erinnerung prägt somit ebenso die Bilder.","Joker ist hier nicht gesucht. Richtig ist Roma.","Nomadland ist hier nicht gesucht. Richtig ist Roma.","Das Ereignis ist hier nicht gesucht. Richtig ist Roma.","Richtig. „Roma“ von Alfonso Cuarón erhielt 2018 den Goldenen Löwen.","Cuaróns Erinnerung an die Frauen seiner Kindheit: „Roma“, Gold 2018.","keine","https://www.labiennale.org/en/news/official-awards-75th-venice-film-festival|https://www.labiennale.org/en/cinema/2018/lineup/venezia-75-competition/roma|https://en.wikipedia.org/wiki/Roma_(2018_film)","redaktionell_geprueft"
"PRZ-202610-P01-L-041","K-PRZ-202610-P01-L-041","","de","Film","Thriller","Joker","Joker","2019","","leicht","Gewinnerfilm","Preisträger|Venedig|Gewinnerfilm","Preisträger","Welcher Film gewann 2019 den Goldenen Löwen des Wettbewerbs von Venedig: Joker","Welcher Film gewann 2019 den Goldenen Löwen des Wettbewerbs von Venedig?","Joker","Nomadland","Das Ereignis","All the Beauty and the Bloodshed","A","Todd Phillips’ „Joker“ gewann 2019 den Goldenen Löwen.","Arthur Fleck (Joaquin Phoenix) arbeitet tagsüber als Clown und versucht sich abends als Komiker. Todd Phillips und Scott Silver entwarfen für ihn eine eigene Herkunftsgeschichte, statt eine bestimmte Comicvorlage nachzuerzählen. In seinem Regiestatement beschreibt Phillips den schwierigen Wechsel der Zuschauerperspektive: Zunächst soll man Arthur verstehen, später seine Entwicklung nicht mehr gutheißen. 2019 gewann der Film den Goldenen Löwen.","Richtig. Todd Phillips’ „Joker“ gewann 2019 den Goldenen Löwen.","Nomadland ist hier nicht gesucht. Richtig ist Joker.","Das Ereignis ist hier nicht gesucht. Richtig ist Joker.","All the Beauty and the Bloodshed ist hier nicht gesucht. Richtig ist Joker.","Arthurs eigene Ursprungsgeschichte: „Joker“ gewinnt Venedig 2019.","keine","https://www.labiennale.org/en/news/official-awards-76th-venice-film-festival|https://www.labiennale.org/en/cinema/2019/venezia-76-competition/joker","redaktionell_geprueft"
"PRZ-202610-P01-L-042","K-PRZ-202610-P01-L-042","","de","Film","Drama","Nomadland","Nomadland","2020","","leicht","Gewinnerfilm","Preisträger|Venedig|Gewinnerfilm","Preisträger","Welcher Film gewann 2020 den Goldenen Löwen des Wettbewerbs von Venedig: Nomadland","Welcher Film gewann 2020 den Goldenen Löwen des Wettbewerbs von Venedig?","Shape of Water – Das Flüstern des Wassers","Nomadland","Roma","Joker","B","Chloé Zhaos „Nomadland“ erhielt 2020 den Goldenen Löwen.","Als eine Industriestadt in Nevada wirtschaftlich zusammenbricht, zieht Fern (Frances McDormand) im Van durch den amerikanischen Westen. Chloé Zhao verbindet ihre Geschichte mit den Erfahrungen wirklicher Menschen, die unterwegs leben: Linda May, Swankie und Bob Wells treten unter ihren eigenen Namen auf. Zhao reiste für die Dreharbeiten mehrere Monate mit diesem Milieu. Aus Begegnungen und Landschaften entsteht Ferns Suche nach einem neuen Zuhause.","Shape of Water – Das Flüstern des Wassers ist hier nicht gesucht. Richtig ist Nomadland.","Richtig. Chloé Zhaos „Nomadland“ erhielt 2020 den Goldenen Löwen.","Roma ist hier nicht gesucht. Richtig ist Nomadland.","Joker ist hier nicht gesucht. Richtig ist Nomadland.","Venedig 2020: Ferns Leben auf der Straße bringt „Nomadland“ Gold.","keine","https://www.labiennale.org/en/news/official-awards-77th-venice-film-festival|https://www.labiennale.org/en/cinema/2020/venezia-77-competition/nomadland|https://en.wikipedia.org/wiki/Nomadland_(film)","redaktionell_geprueft"
"PRZ-202610-P01-L-043","K-PRZ-202610-P01-L-043","","de","Film","Drama","Das Ereignis","L'Événement","2021","","leicht","Gewinnerfilm","Preisträger|Venedig|Gewinnerfilm","Preisträger","Welcher Film gewann 2021 den Goldenen Löwen des Wettbewerbs von Venedig: Das Ereignis","Welcher Film gewann 2021 den Goldenen Löwen des Wettbewerbs von Venedig?","Roma","Joker","Das Ereignis","Nomadland","C","Audrey Diwans „Das Ereignis“ gewann 2021 den Goldenen Löwen.","Die Studentin Anne (Anamaria Vartolomei) wird 1963 in Frankreich ungewollt schwanger. Weil Schwangerschaftsabbrüche verboten sind, gerät ihr Wunsch, das Studium fortzusetzen, in einen gefährlichen Konflikt mit Ärzten und gesellschaftlichen Erwartungen. Audrey Diwan verfilmte Annie Ernaux’ autobiografischen Text „Das Ereignis“. Die enge Perspektive auf Annes Suche nach Hilfe macht aus einem historischen Thema eine unmittelbar erlebte persönliche Krise.","Roma ist hier nicht gesucht. Richtig ist Das Ereignis.","Joker ist hier nicht gesucht. Richtig ist Das Ereignis.","Richtig. Audrey Diwans „Das Ereignis“ gewann 2021 den Goldenen Löwen.","Nomadland ist hier nicht gesucht. Richtig ist Das Ereignis.","Annie Ernaux’ Erfahrung, Audrey Diwans Film: „Das Ereignis“, Gold 2021.","keine","https://www.labiennale.org/en/news/official-awards-78th-venice-film-festival|https://en.wikipedia.org/wiki/Happening_(film)","redaktionell_geprueft"
"PRZ-202610-P01-L-044","K-PRZ-202610-P01-L-044","","de","Film","Drama","All the Beauty and the Bloodshed","All the Beauty and the Bloodshed","2022","","leicht","Gewinnerfilm","Preisträger|Venedig|Gewinnerfilm","Preisträger","Welcher Film gewann 2022 den Goldenen Löwen des Wettbewerbs von Venedig: All the Beauty and the Bloodshed","Welcher Film gewann 2022 den Goldenen Löwen des Wettbewerbs von Venedig?","Joker","Nomadland","Das Ereignis","All the Beauty and the Bloodshed","D","Laura Poitras’ Dokumentarfilm „All the Beauty and the Bloodshed“ gewann 2022 den Goldenen Löwen.","Laura Poitras verbindet in diesem Dokumentarfilm das Leben der Fotografin Nan Goldin mit deren politischem Kampf. Goldins Bilder erzählen von Freunden, Kunst und der AIDS-Krise; ihre Gruppe P.A.I.N. protestiert gegen den Einfluss der Sackler-Familie auf Museen angesichts der Opioidkrise. Für Poitras waren ausführliche Gespräche in Goldins Wohnung ein Ausgangspunkt. So stehen persönliche Erinnerung und öffentlicher Protest nebeneinander.","Joker ist hier nicht gesucht. Richtig ist All the Beauty and the Bloodshed.","Nomadland ist hier nicht gesucht. Richtig ist All the Beauty and the Bloodshed.","Das Ereignis ist hier nicht gesucht. Richtig ist All the Beauty and the Bloodshed.","Richtig. Laura Poitras’ Dokumentarfilm „All the Beauty and the Bloodshed“ gewann 2022 den Goldenen Löwen.","Nan Goldins Bilder und Protest: Dokumentarfilm-Gold in Venedig 2022.","keine","https://www.labiennale.org/en/news/official-awards-79th-venice-film-festival|https://www.labiennale.org/en/cinema/2022/venezia-79-competition/all-beauty-and-bloodshed","redaktionell_geprueft"
"PRZ-202610-P01-L-045","K-PRZ-202610-P01-L-045","","de","Film","Fantasy","Poor Things","Poor Things","2023","","leicht","Gewinnerfilm","Preisträger|Venedig|Gewinnerfilm","Preisträger","Welcher Film gewann 2023 den Goldenen Löwen des Wettbewerbs von Venedig: Poor Things","Welcher Film gewann 2023 den Goldenen Löwen des Wettbewerbs von Venedig?","Poor Things","Shape of Water – Das Flüstern des Wassers","Roma","Joker","A","„Poor Things“ von Yorgos Lanthimos gewann 2023 den Goldenen Löwen.","Bella Baxter (Emma Stone) wird durch den Wissenschaftler Godwin Baxter (Willem Dafoe) wieder zum Leben gebracht. Sie will die Welt kennenlernen und bricht mit dem Anwalt Duncan Wedderburn (Mark Ruffalo) zu einer Reise auf. Die Begegnungen verändern ihre Vorstellungen von Freiheit und Gleichheit. Yorgos Lanthimos inszenierte Tony McNamaras Adaption des Romans von Alasdair Gray; 2023 erhielt der Film den Goldenen Löwen.","Richtig. „Poor Things“ von Yorgos Lanthimos gewann 2023 den Goldenen Löwen.","Shape of Water – Das Flüstern des Wassers ist hier nicht gesucht. Richtig ist Poor Things.","Roma ist hier nicht gesucht. Richtig ist Poor Things.","Joker ist hier nicht gesucht. Richtig ist Poor Things.","Bellas Entdeckungsreise: „Poor Things“ holt Venedig-Gold 2023.","keine","https://www.labiennale.org/en/news/official-awards-80th-venice-film-festival|https://www.labiennale.org/en/cinema/2023/venezia-80-competition/poor-things|https://en.wikipedia.org/wiki/Poor_Things_(film)","redaktionell_geprueft"
"PRZ-202610-P01-L-046","K-PRZ-202610-P01-L-046","","de","Film","Komödie","The Favourite – Intrigen und Irrsinn","The Favourite","2018","","leicht","Schauspielpreis","Preisträger|Venedig|Schauspielpreis","Preisträger","„The Favourite – Intrigen und Irrsinn“ (2018): Wer gewann dafür in Venedig die Coppa Volpi als beste Darstellerin: Olivia Colman","Wer erhielt 2018 für „The Favourite – Intrigen und Irrsinn“ die Coppa Volpi als beste Darstellerin?","Emma Stone","Olivia Colman","Frances McDormand","Kate Winslet","B","Olivia Colman gewann 2018 die Coppa Volpi als beste Darstellerin für ihre Königin Anne in „The Favourite“.","Olivia Colman spielt Königin Anne, die unter Krankheit und Einsamkeit leidet. Sarah Churchill (Rachel Weisz) verbindet persönliche Nähe zur Königin mit politischem Einfluss; die neu an den Hof gekommene Abigail (Emma Stone) möchte ihre verlorene gesellschaftliche Stellung zurückgewinnen. Damit wird Annes Zuneigung zum Machtmittel zwischen beiden Frauen. Colmans Darstellung in diesem Dreieck brachte ihr 2018 die Coppa Volpi ein.","Emma Stone spielt die ehrgeizige Abigail. Die Coppa Volpi gewann Olivia Colman als Königin Anne.","Richtig. Olivia Colman gewann 2018 die Coppa Volpi als beste Darstellerin für ihre Königin Anne in „The Favourite“.","Frances McDormand erhielt diesen Preis nicht; in „The Favourite“ gewann Olivia Colman für ihre Königin Anne.","Kate Winslet gewann diese Coppa Volpi nicht. Ausgezeichnet wurde Olivia Colman als Königin Anne.","Colmans verletzliche Königin Anne: Coppa Volpi 2018.","keine","https://www.labiennale.org/en/news/official-awards-75th-venice-film-festival|https://www.labiennale.org/en/cinema/2018/lineup/venezia-75-competition/favourite|https://en.wikipedia.org/wiki/The_Favourite_(2018_film)","redaktionell_geprueft"
"PRZ-202610-P01-L-047","K-PRZ-202610-P01-L-047","","de","Film","Drama","Pieces of a Woman","Pieces of a Woman","2020","","leicht","Schauspielpreis","Preisträger|Venedig|Schauspielpreis","Preisträger","Welche Schauspielerin gewann 2020 in Venedig für Pieces of a Woman: Vanessa Kirby","Welche Schauspielerin gewann 2020 für „Pieces of a Woman“ die Coppa Volpi als beste Darstellerin?","Emma Stone","Frances McDormand","Vanessa Kirby","Kate Winslet","C","Vanessa Kirby gewann 2020 für Martha in „Pieces of a Woman“ die Coppa Volpi als beste Darstellerin.","Martha (Vanessa Kirby) verliert ihr Kind bei einer Hausgeburt. Die Trauer verändert ihre Beziehungen: Ihr Partner Sean (Shia LaBeouf) und ihre Mutter Elizabeth (Ellen Burstyn) erwarten anderes von ihr, als sie selbst braucht. Auch die Verantwortung der Hebamme führt vor Gericht. Regisseur Kornél Mundruczó erklärte, dass ein eigener Verlust mit seiner Partnerin den Ausgangspunkt des Films bildete.","Emma Stone ist hier nicht gesucht. Richtig ist Vanessa Kirby.","Frances McDormand ist hier nicht gesucht. Richtig ist Vanessa Kirby.","Richtig. Vanessa Kirby gewann 2020 für Martha in „Pieces of a Woman“ die Coppa Volpi als beste Darstellerin.","Kate Winslet ist hier nicht gesucht. Richtig ist Vanessa Kirby.","Kirbys Martha zwischen Trauer und fremden Erwartungen: Coppa Volpi 2020.","keine","https://www.labiennale.org/en/news/official-awards-77th-venice-film-festival|https://www.labiennale.org/en/cinema/2020/venezia-77-competition/pieces-woman|https://en.wikipedia.org/wiki/Pieces_of_a_Woman","redaktionell_geprueft"
"PRZ-202610-P01-L-048","K-PRZ-202610-P01-L-048","","de","Film","Drama","Parallele Mütter","Madres paralelas","2021","","leicht","Schauspielpreis","Preisträger|Venedig|Schauspielpreis","Preisträger","„Parallele Mütter“ (2021): Welche Darstellerin gewann dafür in Venedig: Penélope Cruz","Welche Darstellerin gewann 2021 für „Parallele Mütter“ die Coppa Volpi als beste Darstellerin?","Emma Stone","Frances McDormand","Kate Winslet","Penélope Cruz","D","Penélope Cruz erhielt 2021 für Janis in „Parallele Mütter“ die Coppa Volpi als beste Darstellerin.","Janis (Penélope Cruz) und die wesentlich jüngere Ana (Milena Smit) lernen sich vor der Geburt ihrer Kinder im Krankenhaus kennen. Janis freut sich auf ihre ungeplante Mutterschaft, Ana reagiert verängstigt. Aus der Begegnung entsteht eine Verbindung, die beide Leben verändert. Pedro Almodóvar stellt dieser privaten Suche nach Herkunft Janis’ Bemühungen gegenüber, das Schicksal ihres vom Franco-Regime getöteten Urgroßvaters aufzuklären.","Emma Stone ist hier nicht gesucht. Richtig ist Penélope Cruz.","Frances McDormand ist hier nicht gesucht. Richtig ist Penélope Cruz.","Kate Winslet ist hier nicht gesucht. Richtig ist Penélope Cruz.","Richtig. Penélope Cruz erhielt 2021 für Janis in „Parallele Mütter“ die Coppa Volpi als beste Darstellerin.","Cruz als Janis: private und historische Herkunft, Coppa Volpi 2021.","keine","https://www.labiennale.org/en/news/official-awards-78th-venice-film-festival|https://www.labiennale.org/en/cinema/2021/lineup/venezia-78-competition/madres-paralelas|https://en.wikipedia.org/wiki/Parallel_Mothers","redaktionell_geprueft"
"PRZ-202610-P01-L-049","K-PRZ-202610-P01-L-049","","de","Film","Musik","Tár","Tár","2022","","leicht","Schauspielpreis","Preisträger|Venedig|Schauspielpreis","Preisträger","„Tár“ (2022): Wer gewann dafür die Coppa Volpi in Venedig: Cate Blanchett","Wer gewann 2022 für „Tár“ die Coppa Volpi als beste Darstellerin?","Cate Blanchett","Emma Stone","Frances McDormand","Kate Winslet","A","Cate Blanchett gewann 2022 die Coppa Volpi als beste Darstellerin für „Tár“.","Lydia Tár (Cate Blanchett) ist eine fiktive Dirigentin an der Spitze eines großen deutschen Orchesters. Der Film verfolgt, wie ihre herausragende berufliche Stellung durch Vorwürfe des Machtmissbrauchs ins Wanken gerät. Todd Field schrieb die Rolle ausdrücklich für Blanchett und erklärte, er hätte den Film ohne ihre Zusage nicht gedreht. Ihre Darstellung wurde 2022 in Venedig mit der Coppa Volpi ausgezeichnet.","Richtig. Cate Blanchett gewann 2022 die Coppa Volpi als beste Darstellerin für „Tár“.","Emma Stone ist hier nicht gesucht. Richtig ist Cate Blanchett.","Frances McDormand ist hier nicht gesucht. Richtig ist Cate Blanchett.","Kate Winslet ist hier nicht gesucht. Richtig ist Cate Blanchett.","Field schrieb Lydia für Blanchett – sie gewann die Coppa Volpi 2022.","keine","https://www.labiennale.org/en/news/official-awards-79th-venice-film-festival|https://www.labiennale.org/en/cinema/2022/venezia-79-competition/t%C3%A1r|https://en.wikipedia.org/wiki/Tár","redaktionell_geprueft"
"PRZ-202610-P01-L-050","K-PRZ-202610-P01-L-050","","de","Film","Drama","The Banshees of Inisherin","The Banshees of Inisherin","2022","","leicht","Schauspielpreis","Preisträger|Venedig|Schauspielpreis","Preisträger","„The Banshees of Inisherin“ (2022): Welcher Schauspieler gewann dafür in Venedig: Colin Farrell","Welcher Schauspieler gewann 2022 für „The Banshees of Inisherin“ die Coppa Volpi als bester Darsteller?","Brendan Gleeson","Colin Farrell","Barry Keoghan","Cillian Murphy","B","Colin Farrell gewann 2022 die Coppa Volpi als bester Darsteller für „The Banshees of Inisherin“.","Pádraic (Colin Farrell) versteht auf einer abgelegenen irischen Insel die Welt nicht mehr: Sein langjähriger Freund Colm (Brendan Gleeson) beendet ihre Freundschaft ohne Vorwarnung. Pádraics Versuche, die alte Nähe wiederherzustellen, treffen auf immer härtere Zurückweisung. Martin McDonagh macht aus diesem überschaubaren Konflikt eine tragikomische Eskalation. Farrell gewann dafür die Coppa Volpi; McDonaghs Drehbuch erhielt im selben Jahr ebenfalls einen Preis.","Brendan Gleeson spielt Colm, der die Freundschaft abbricht. Ausgezeichnet wurde Colin Farrell als Pádraic.","Richtig. Colin Farrell gewann 2022 die Coppa Volpi als bester Darsteller für „The Banshees of Inisherin“.","Barry Keoghan spielt Dominic. Den Darstellerpreis erhielt Colin Farrell für Pádraic.","Cillian Murphy erhielt diesen Preis nicht; die Coppa Volpi ging an Colin Farrell als Pádraic.","Farrells ratloser Pádraic: Coppa Volpi 2022.","keine","https://www.labiennale.org/en/news/official-awards-79th-venice-film-festival|https://www.labiennale.org/en/cinema/2022/venezia-79-competition/banshees-inisherin|https://en.wikipedia.org/wiki/The_Banshees_of_Inisherin","redaktionell_geprueft"
"PRZ-202610-P01-M-038","K-PRZ-202610-P01-M-038","","de","Film","Drama","Hannah","Hannah","2017","","mittel","Schauspielpreis","Preisträger|Venedig|Schauspielpreis","Preisträger","„Hannah“ (2017): Wer erhielt dafür den Venedig-Darstellerinnenpreis: Charlotte Rampling","Wer erhielt 2017 für „Hannah“ die Coppa Volpi als beste Darstellerin?","Isabelle Huppert","Juliette Binoche","Charlotte Rampling","Helen Mirren","C","Charlotte Rampling erhielt 2017 für die Titelrolle in „Hannah“ die Coppa Volpi als beste Darstellerin.","Hannah (Charlotte Rampling) bleibt allein zurück, nachdem ihr Mann inhaftiert worden ist. Die Gewissheiten ihres bisherigen Lebens brechen weg, doch sie hält an vertrauten Routinen und Verdrängung fest. Andrea Pallaoro richtet den Film auf diesen inneren Konflikt aus: Was bleibt von einer Identität, wenn die Beziehungen, auf denen sie beruht, zerfallen? Ramplings zurückgenommene Darstellung gewann 2017 die Coppa Volpi.","Isabelle Huppert ist hier nicht gesucht. Richtig ist Charlotte Rampling.","Juliette Binoche ist hier nicht gesucht. Richtig ist Charlotte Rampling.","Richtig. Charlotte Rampling erhielt 2017 für die Titelrolle in „Hannah“ die Coppa Volpi als beste Darstellerin.","Helen Mirren ist hier nicht gesucht. Richtig ist Charlotte Rampling.","Rampling als Hannah: brüchige Gewissheiten, Coppa Volpi 2017.","keine","https://www.labiennale.org/en/news/official-awards-74th-venice-film-festival|https://www.labiennale.org/en/cinema/2017/program-cinema-2017/andrea-pallaoro-hannah|https://en.wikipedia.org/wiki/Hannah_(2017_film)","redaktionell_geprueft"
"PRZ-202610-P01-M-039","K-PRZ-202610-P01-M-039","","de","Film","Drama","Der Affront","The Insult","2017","","mittel","Schauspielpreis","Preisträger|Venedig|Schauspielpreis","Preisträger","Welcher Schauspieler gewann 2017 für Der Affront die Coppa Volpi: Kamel El Basha","Welcher Schauspieler gewann 2017 für „Der Affront“ die Coppa Volpi als bester Darsteller?","Adel Karam","Tahar Rahim","Omar Sy","Kamel El Basha","D","Kamel El Basha gewann 2017 als Yasser in „Der Affront“ die Coppa Volpi als bester Darsteller.","Kamel El Basha spielt den palästinensischen Flüchtling Yasser, der mit dem libanesischen Christen Toni (Adel Karam) aneinandergerät. Aus einer alltäglichen Beleidigung wächst ein Gerichtsfall, dessen öffentliche Wirkung alte politische Wunden aufreißt. Ziad Doueiri ging von einem eigenen Vorfall aus und untersuchte, wie Fragen persönlicher Würde einen ganzen gesellschaftlichen Konflikt freilegen können. El Bashas Darstellung wurde 2017 mit der Coppa Volpi ausgezeichnet.","Adel Karam spielt Toni, Yassers Gegenspieler. Die Coppa Volpi ging an Kamel El Basha als Yasser.","Tahar Rahim ist hier nicht gesucht. Richtig ist Kamel El Basha.","Omar Sy ist hier nicht gesucht. Richtig ist Kamel El Basha.","Richtig. Kamel El Basha gewann 2017 als Yasser in „Der Affront“ die Coppa Volpi als bester Darsteller.","El Bashas Yasser: aus einer Beleidigung wird ein öffentlicher Konflikt.","keine","https://www.labiennale.org/en/news/official-awards-74th-venice-film-festival|https://www.labiennale.org/en/cinema/2017/program-cinema-2017/ziad-doueiri-insult|https://en.wikipedia.org/wiki/The_Insult_(film)","redaktionell_geprueft"
"PRZ-202610-P01-M-040","K-PRZ-202610-P01-M-040","","de","Film","Drama","Van Gogh – An der Schwelle zur Ewigkeit","At Eternity's Gate","2018","","mittel","Schauspielpreis","Preisträger|Venedig|Schauspielpreis","Preisträger","Für welchen Film erhielt Willem Dafoe 2018 den Darstellerpreis in Venedig: Van Gogh – An der Schwelle zur Ewigkeit","Für welchen Film erhielt Willem Dafoe 2018 den Darstellerpreis in Venedig?","Van Gogh – An der Schwelle zur Ewigkeit","The Florida Project","Der Leuchtturm","Platoon","A","Willem Dafoe erhielt 2018 die Coppa Volpi für „Van Gogh – An der Schwelle zur Ewigkeit“.","Willem Dafoe verkörpert Vincent van Gogh; Oscar Isaac spielt dessen Künstlerkollegen Paul Gauguin. Regisseur Julian Schnabel, selbst Maler, wollte keine lückenlose Rekonstruktion von van Goghs Biografie liefern. Er verbindet belegte Episoden mit überlieferten Erzählungen und erfundenen Momenten, um das Erleben eines Malers zu vermitteln. Die Natur und der Akt des Sehens sind deshalb ebenso wichtig wie bekannte Lebensdaten.","Richtig. Willem Dafoe erhielt 2018 die Coppa Volpi für „Van Gogh – An der Schwelle zur Ewigkeit“.","The Florida Project ist hier nicht gesucht. Richtig ist Van Gogh – An der Schwelle zur Ewigkeit.","Der Leuchtturm ist hier nicht gesucht. Richtig ist Van Gogh – An der Schwelle zur Ewigkeit.","Platoon ist hier nicht gesucht. Richtig ist Van Gogh – An der Schwelle zur Ewigkeit.","Dafoe als van Gogh: Darstellerpreis in Venedig 2018.","keine","https://www.labiennale.org/en/news/official-awards-75th-venice-film-festival|https://www.labiennale.org/en/cinema/2018/lineup/venezia-75-competition/eternity%E2%80%99s-gate|https://en.wikipedia.org/wiki/At_Eternity's_Gate_(film)","redaktionell_geprueft"
"PRZ-202610-P01-M-041","K-PRZ-202610-P01-M-041","","de","Film","Drama","Gloria Mundi – Rückkehr nach Marseille","Gloria Mundi","2019","","mittel","Schauspielpreis","Preisträger|Venedig|Schauspielpreis","Preisträger","„Gloria Mundi – Rückkehr nach Marseille“ (2019): Welche Darstellerin wurde dafür in Venedig ausgezeichnet: Ariane Ascaride","Welche Darstellerin erhielt 2019 für „Gloria Mundi – Rückkehr nach Marseille“ die Coppa Volpi?","Juliette Binoche","Ariane Ascaride","Isabelle Huppert","Marion Cotillard","B","Ariane Ascaride gewann 2019 die Coppa Volpi als beste Darstellerin für „Gloria Mundi – Rückkehr nach Marseille“.","Ariane Ascaride spielt Sylvie in einer Familie, die sich zur Geburt eines Kindes in Marseille versammelt. Die neue Hoffnung trifft auf prekäre Arbeit und Geldsorgen; zugleich kehrt ein Großvater aus dem Gefängnis zurück. Robert Guédiguian beschreibt eine Gesellschaft, in der Beziehungen zunehmend nach wirtschaftlichem Nutzen beurteilt werden. Gerade vor diesem Hintergrund wird sichtbar, wie schwer es der Familie fällt, füreinander einzustehen.","Juliette Binoche ist hier nicht gesucht. Richtig ist Ariane Ascaride.","Richtig. Ariane Ascaride gewann 2019 die Coppa Volpi als beste Darstellerin für „Gloria Mundi – Rückkehr nach Marseille“.","Isabelle Huppert ist hier nicht gesucht. Richtig ist Ariane Ascaride.","Marion Cotillard ist hier nicht gesucht. Richtig ist Ariane Ascaride.","Ascaride als Sylvie: Familienhoffnung unter wirtschaftlichem Druck, Venedig 2019.","keine","https://www.labiennale.org/en/news/official-awards-76th-venice-film-festival|https://www.labiennale.org/en/cinema/2019/venezia-76-competition/gloria-mundi|https://en.wikipedia.org/wiki/Gloria_Mundi_(film)","redaktionell_geprueft"
"PRZ-202610-P01-M-042","K-PRZ-202610-P01-M-042","","de","Film","Drama","Martin Eden","Martin Eden","2019","","mittel","Schauspielpreis","Preisträger|Venedig|Schauspielpreis","Preisträger","„Martin Eden“ (2019): Wer gewann dafür in Venedig den Darstellerpreis: Luca Marinelli","Wer gewann 2019 für „Martin Eden“ die Coppa Volpi als bester Darsteller?","Alessandro Borghi","Pierfrancesco Favino","Luca Marinelli","Toni Servillo","C","Luca Marinelli erhielt 2019 für die Titelrolle in „Martin Eden“ die Coppa Volpi als bester Darsteller.","Der Seemann Martin Eden (Luca Marinelli) begegnet der gebildeten Elena (Jessica Cressy) und möchte Schriftsteller werden. Seine Herkunft erschwert den Zugang zu ihrer gesellschaftlichen Welt. Pietro Marcello verlegt Jack Londons Roman aus Kalifornien nach Neapel und löst die Geschichte von einer eindeutigen Epoche. So verbindet er Martins Aufstiegswunsch mit dem politischen Streit über Individualismus und Solidarität. Marinelli gewann für diese Rolle die Coppa Volpi.","Alessandro Borghi ist hier nicht gesucht. Richtig ist Luca Marinelli.","Pierfrancesco Favino ist hier nicht gesucht. Richtig ist Luca Marinelli.","Richtig. Luca Marinelli erhielt 2019 für die Titelrolle in „Martin Eden“ die Coppa Volpi als bester Darsteller.","Toni Servillo ist hier nicht gesucht. Richtig ist Luca Marinelli.","Marinellis Seemann will schreiben: „Martin Eden“, Coppa Volpi 2019.","keine","https://www.labiennale.org/en/news/official-awards-76th-venice-film-festival|https://www.labiennale.org/en/cinema/2019/venezia-76-competition/martin-eden|https://en.wikipedia.org/wiki/Martin_Eden_(2019_film)","redaktionell_geprueft"
"PRZ-202610-P01-M-043","K-PRZ-202610-P01-M-043","","de","Film","Drama","Padrenostro","Padrenostro","2020","","mittel","Schauspielpreis","Preisträger|Venedig|Schauspielpreis","Preisträger","„Padrenostro“ (2020): Welcher Schauspieler gewann dafür die Coppa Volpi: Pierfrancesco Favino","Welcher Schauspieler gewann 2020 für „Padrenostro“ die Coppa Volpi als bester Darsteller?","Luca Marinelli","Toni Servillo","Alessandro Borghi","Pierfrancesco Favino","D","Pierfrancesco Favino gewann 2020 für Alfonso in „Padrenostro“ die Coppa Volpi als bester Darsteller.","Pierfrancesco Favino spielt Alfonso, den Vater des zehnjährigen Valerio (Mattia Garaci). Der Junge erlebt 1976 in Rom einen Terroranschlag auf seinen Vater und versucht danach, seine Angst einzuordnen. Claudio Noce nahm einen Angriff auf seinen eigenen Vater als persönlichen Ausgangspunkt. Der Film ist dennoch keine genaue Rekonstruktion seiner Kindheit: Noce war damals wesentlich jünger als die Hauptfigur.","Luca Marinelli ist hier nicht gesucht. Richtig ist Pierfrancesco Favino.","Toni Servillo ist hier nicht gesucht. Richtig ist Pierfrancesco Favino.","Alessandro Borghi ist hier nicht gesucht. Richtig ist Pierfrancesco Favino.","Richtig. Pierfrancesco Favino gewann 2020 für Alfonso in „Padrenostro“ die Coppa Volpi als bester Darsteller.","Favino als bedrohte Vaterfigur: „Padrenostro“, Coppa Volpi 2020.","keine","https://www.labiennale.org/en/news/official-awards-77th-venice-film-festival|https://www.labiennale.org/en/cinema/2020/venezia-77-competition/padrenostro|https://en.wikipedia.org/wiki/Padrenostro","redaktionell_geprueft"
"PRZ-202610-P01-M-044","K-PRZ-202610-P01-M-044","","de","Film","Drama","On the Job: The Missing 8","On the Job: The Missing 8","2021","","mittel","Schauspielpreis","Preisträger|Venedig|Schauspielpreis","Preisträger","Wer gewann 2021 für On the Job: The Missing 8 die Coppa Volpi: John Arcilla","Wer gewann 2021 für „On the Job: The Missing 8“ die Coppa Volpi als bester Darsteller?","John Arcilla","Kōji Yakusho","Song Kang-ho","Tony Leung","A","John Arcilla erhielt 2021 für Sisoy in „On the Job: The Missing 8“ die Coppa Volpi als bester Darsteller.","Sisoy (John Arcilla) arbeitet als Journalist und arrangiert sich zunächst mit einem korrupten politischen System. Als Kollegen verschwinden, wird aus dieser Anpassung eine gefährliche Suche nach der Wahrheit. Erik Mattis Film verknüpft die Presse mit einer anderen Seite derselben Macht: Gefangene werden als bezahlte Mörder eingesetzt. Die mehr als dreistündige Geschichte beruht auf realen Ereignissen und zeigt, wie eng Politik, Medien und Gewalt zusammenhängen.","Richtig. John Arcilla erhielt 2021 für Sisoy in „On the Job: The Missing 8“ die Coppa Volpi als bester Darsteller.","Kōji Yakusho ist hier nicht gesucht. Richtig ist John Arcilla.","Song Kang-ho ist hier nicht gesucht. Richtig ist John Arcilla.","Tony Leung ist hier nicht gesucht. Richtig ist John Arcilla.","Arcillas Journalist gerät gegen das System: Coppa Volpi 2021.","keine","https://www.labiennale.org/en/news/official-awards-78th-venice-film-festival|https://www.labiennale.org/en/cinema/2021/lineup/venezia-78-competition/job-missing-8|https://en.wikipedia.org/wiki/On_the_Job:_The_Missing_8","redaktionell_geprueft"
"PRZ-202610-P01-M-045","K-PRZ-202610-P01-M-045","","de","Film","Drama","Priscilla","Priscilla","2023","","mittel","Schauspielpreis","Preisträger|Venedig|Schauspielpreis","Preisträger","„Priscilla“ (2023): Welche Schauspielerin gewann dafür in Venedig: Cailee Spaeny","Welche Schauspielerin gewann 2023 für „Priscilla“ die Coppa Volpi als beste Darstellerin?","Saoirse Ronan","Cailee Spaeny","Elle Fanning","Florence Pugh","B","Cailee Spaeny gewann 2023 für die Titelrolle in „Priscilla“ die Coppa Volpi als beste Darstellerin.","Cailee Spaeny spielt Priscilla Beaulieu, die Elvis Presley (Jacob Elordi) als Teenager auf einem amerikanischen Militärstützpunkt in Deutschland kennenlernt. Sofia Coppola erzählt die Beziehung aus Priscillas Perspektive und folgt ihr später nach Graceland. Hinter dem berühmten Sänger wird sichtbar, wie die junge Frau ihren eigenen Platz sucht. Die Grundlage bildet Priscilla Presleys mit Sandra Harmon verfasstes Erinnerungsbuch „Elvis and Me“.","Saoirse Ronan ist hier nicht gesucht. Richtig ist Cailee Spaeny.","Richtig. Cailee Spaeny gewann 2023 für die Titelrolle in „Priscilla“ die Coppa Volpi als beste Darstellerin.","Elle Fanning ist hier nicht gesucht. Richtig ist Cailee Spaeny.","Florence Pugh ist hier nicht gesucht. Richtig ist Cailee Spaeny.","Spaenys Priscilla erlebt Elvis von innen: Coppa Volpi 2023.","keine","https://www.labiennale.org/en/news/official-awards-80th-venice-film-festival|https://www.labiennale.org/en/cinema/2023/venezia-80-competition/priscilla|https://en.wikipedia.org/wiki/Priscilla_(film)","redaktionell_geprueft"
"PRZ-202610-P01-M-046","K-PRZ-202610-P01-M-046","","de","Film","Drama","Memory","Memory","2023","","mittel","Schauspielpreis","Preisträger|Venedig|Schauspielpreis","Preisträger","„Memory“ (2023): Wer gewann dafür den Venedig-Darstellerpreis: Peter Sarsgaard","Wer gewann 2023 für „Memory“ die Coppa Volpi als bester Darsteller?","Oscar Isaac","Mark Ruffalo","Peter Sarsgaard","Ethan Hawke","C","Peter Sarsgaard gewann 2023 für Saul in „Memory“ die Coppa Volpi als bester Darsteller.","Saul (Peter Sarsgaard) leidet an früh einsetzender Demenz. Sylvia (Jessica Chastain) dagegen wird von belastenden Erinnerungen verfolgt und hält ihr Leben mit festen Routinen zusammen. Nachdem Saul ihr nach einem Klassentreffen nach Hause gefolgt ist, begegnen sich zwei Menschen mit sehr verschiedenen Beziehungen zur Vergangenheit. Michel Franco lässt ihre Annäherung aus diesem Gegensatz entstehen: Erinnerung kann sowohl Halt geben als auch verletzen.","Oscar Isaac ist hier nicht gesucht. Richtig ist Peter Sarsgaard.","Mark Ruffalo ist hier nicht gesucht. Richtig ist Peter Sarsgaard.","Richtig. Peter Sarsgaard gewann 2023 für Saul in „Memory“ die Coppa Volpi als bester Darsteller.","Ethan Hawke ist hier nicht gesucht. Richtig ist Peter Sarsgaard.","Sarsgaards Saul verliert Erinnerungen – Coppa Volpi für „Memory“ 2023.","keine","https://www.labiennale.org/en/news/official-awards-80th-venice-film-festival|https://www.labiennale.org/en/cinema/2023/venezia-80-competition/memory|https://en.wikipedia.org/wiki/Memory_(2023_film)","redaktionell_geprueft"
"PRZ-202610-P01-M-047","K-PRZ-202610-P01-M-047","","de","Film","Drama","Babyteeth","Babyteeth","2019","","mittel","Schauspielpreis","Preisträger|Venedig|Schauspielpreis","Preisträger","„Babyteeth“ (2019): Wer gewann dafür den Nachwuchspreis in Venedig: Toby Wallace","Wer gewann 2019 für „Babyteeth“ den Marcello-Mastroianni-Preis für eine Nachwuchsdarstellung?","Timothée Chalamet","Lucas Hedges","George MacKay","Toby Wallace","D","Toby Wallace gewann 2019 für Moses in „Babyteeth“ den Marcello-Mastroianni-Preis für eine Nachwuchsdarstellung.","Milla (Eliza Scanlen) ist schwer krank und verliebt sich in Moses (Toby Wallace), einen jungen Drogendealer. Für ihre Eltern ist die Beziehung zunächst ein Albtraum. Gerade diese unpassende Begegnung bringt aber neue Energie in Millas Alltag und zwingt die Familie, ihre Regeln zu überdenken. Shannon Murphy verbindet die Krankheit mit Humor, Musik und jugendlichem Lebenshunger. Wallace erhielt für Moses den Marcello-Mastroianni-Preis.","Timothée Chalamet ist hier nicht gesucht. Richtig ist Toby Wallace.","Lucas Hedges ist hier nicht gesucht. Richtig ist Toby Wallace.","George MacKay ist hier nicht gesucht. Richtig ist Toby Wallace.","Richtig. Toby Wallace gewann 2019 für Moses in „Babyteeth“ den Marcello-Mastroianni-Preis für eine Nachwuchsdarstellung.","Wallace als Moses in Millas neuem Lebensmut: Nachwuchspreis 2019.","keine","https://www.labiennale.org/en/news/official-awards-76th-venice-film-festival|https://www.labiennale.org/en/cinema/2019/venezia-76-competition/babyteeth|https://en.wikipedia.org/wiki/Babyteeth_(film)","redaktionell_geprueft"
"PRZ-202610-P01-M-048","K-PRZ-202610-P01-M-048","","de","Film","Drama","The Hand of God","È stata la mano di Dio","2021","","mittel","Schauspielpreis","Preisträger|Venedig|Schauspielpreis","Preisträger","„The Hand of God“ (2021): Wer erhielt dafür den Marcello-Mastroianni-Preis: Filippo Scotti","Wer erhielt 2021 für „The Hand of God“ den Marcello-Mastroianni-Preis?","Filippo Scotti","Luca Marinelli","Alessandro Borghi","Lorenzo Zurzolo","A","Filippo Scotti erhielt 2021 für Fabietto in „The Hand of God“ den Marcello-Mastroianni-Preis.","Fabietto (Filippo Scotti) wächst im Neapel der 1980er Jahre auf. Die Ankunft Maradonas löst Begeisterung aus; zu Hause prägen eine lebhafte Familie und die Suche nach einem eigenen Lebensweg seinen Alltag. Paolo Sorrentino verbindet diese Freude mit einem schweren persönlichen Verlust und Fabiettos Entdeckung des Kinos. Scotti trägt die jugendliche Perspektive des autobiografisch geprägten Films und gewann dafür den Marcello-Mastroianni-Preis.","Richtig. Filippo Scotti erhielt 2021 für Fabietto in „The Hand of God“ den Marcello-Mastroianni-Preis.","Luca Marinelli ist hier nicht gesucht. Richtig ist Filippo Scotti.","Alessandro Borghi ist hier nicht gesucht. Richtig ist Filippo Scotti.","Lorenzo Zurzolo ist hier nicht gesucht. Richtig ist Filippo Scotti.","Scotti als Fabietto zwischen Neapel, Fußball und Kino: Nachwuchspreis 2021.","keine","https://www.labiennale.org/en/news/official-awards-78th-venice-film-festival|https://www.labiennale.org/en/cinema/2021/lineup/venezia-78-competition/%C3%A8-stata-la-mano-di-dio|https://en.wikipedia.org/wiki/The_Hand_of_God_(film)","redaktionell_geprueft"
"PRZ-202610-P01-M-049","K-PRZ-202610-P01-M-049","","de","Film","Horror","Bones and All","Bones and All","2022","","mittel","Schauspielpreis","Preisträger|Venedig|Schauspielpreis","Preisträger","„Bones and All“ (2022): Wer erhielt dafür den Nachwuchsdarstellerpreis: Taylor Russell","Wer gewann 2022 für „Bones and All“ den Marcello-Mastroianni-Preis für eine Nachwuchsdarstellung?","Timothée Chalamet","Taylor Russell","Florence Pugh","Zendaya","B","Taylor Russell erhielt 2022 für Maren in „Bones and All“ den Marcello-Mastroianni-Preis.","Maren (Taylor Russell) und Lee (Timothée Chalamet) leben am Rand der Gesellschaft und reisen gemeinsam durch das Amerika der Reagan-Zeit. Sie finden Nähe zueinander, werden aber von ihrer Vergangenheit eingeholt. Luca Guadagnino beschrieb die Geschichte als Liebesreise zweier Außenseiter. Sie basiert auf Camille DeAngelis’ Roman. Russell gewann den Nachwuchsdarstellerpreis; Guadagnino wurde im selben Wettbewerb für die Regie ausgezeichnet.","Timothée Chalamet spielt Lee. Den Marcello-Mastroianni-Preis erhielt Taylor Russell für Maren.","Richtig. Taylor Russell erhielt 2022 für Maren in „Bones and All“ den Marcello-Mastroianni-Preis.","Florence Pugh ist hier nicht gesucht. Richtig ist Taylor Russell.","Zendaya ist hier nicht gesucht. Richtig ist Taylor Russell.","Russells Maren auf der Reise mit Lee: Nachwuchspreis 2022.","keine","https://www.labiennale.org/en/news/official-awards-79th-venice-film-festival|https://www.labiennale.org/en/cinema/2022/venezia-79-competition/bones-and-all|https://en.wikipedia.org/wiki/Bones_and_All","redaktionell_geprueft"
"PRZ-202610-P01-M-050","K-PRZ-202610-P01-M-050","","de","Film","Drama","Ich Capitano","Io capitano","2023","","mittel","Schauspielpreis","Preisträger|Venedig|Schauspielpreis","Preisträger","„Ich Capitano“ (2023): Wer gewann dafür den Marcello-Mastroianni-Preis: Seydou Sarr","Wer gewann 2023 für „Ich Capitano“ den Marcello-Mastroianni-Preis?","Moustapha Fall","Omar Sy","Seydou Sarr","Tahar Rahim","C","Seydou Sarr gewann 2023 für „Ich Capitano“ den Marcello-Mastroianni-Preis.","Seydou (Seydou Sarr) und Moussa (Moustapha Fall) verlassen Dakar mit dem Wunsch, Europa zu erreichen. Ihr Weg führt durch die Wüste, über Haftstätten in Libyen und schließlich übers Meer. Matteo Garrone entwickelte die Geschichte aus den Berichten von Menschen, die solche Reisen erlebt haben. Er wollte die Perspektive umkehren: Die Zuschauer begleiten die Reisenden, bevor diese auf europäischen Nachrichtenbildern als Ankommende erscheinen.","Moustapha Fall spielt Moussa. Ausgezeichnet wurde Seydou Sarr, der Seydou verkörpert.","Omar Sy ist hier nicht gesucht. Richtig ist Seydou Sarr.","Richtig. Seydou Sarr gewann 2023 für „Ich Capitano“ den Marcello-Mastroianni-Preis.","Tahar Rahim ist hier nicht gesucht. Richtig ist Seydou Sarr.","Sarr führt als Seydou durch die Reise: Nachwuchspreis 2023.","keine","https://www.labiennale.org/en/news/official-awards-80th-venice-film-festival|https://www.labiennale.org/en/cinema/2023/venezia-80-competition/io-capitano|https://en.wikipedia.org/wiki/Io_capitano","redaktionell_geprueft"
"PRZ-202610-P01-S-039","K-PRZ-202610-P01-S-039","","de","Film","Drama","Three Billboards Outside Ebbing, Missouri","Three Billboards Outside Ebbing, Missouri","2017","","schwer","Preisverbindungen","Preisträger|Venedig|Preisverbindungen","Preisträger","Welche Leistung von Three Billboards wurde 2017 in Venedig ausgezeichnet: Das Drehbuch von Martin McDonagh","Welche dieser Leistungen von „Three Billboards Outside Ebbing, Missouri“ zeichnete die Hauptjury 2017 in Venedig aus?","Das Drehbuch von Martin McDonagh","Die Kamera von Ben Davis","Die Musik von Carter Burwell","Die Darstellung von Frances McDormand","A","Martin McDonagh erhielt 2017 den Drehbuchpreis für „Three Billboards Outside Ebbing, Missouri“.","Nach dem Mord an ihrer Tochter wartet Mildred (Frances McDormand) vergeblich auf Fortschritte der Polizei. Sie mietet drei Werbetafeln und greift damit den örtlichen Polizeichef öffentlich an. Der Protest bringt nicht nur Ermittler, sondern viele Menschen in der Gemeinde gegen sie auf. Martin McDonagh schrieb und inszenierte die Geschichte; in Venedig wurde 2017 sein Drehbuch ausgezeichnet, nicht die ebenfalls markante Hauptdarstellung.","Das Drehbuch von Martin McDonagh gewann 2017 den Venedig-Preis. Es setzt mit Mildreds öffentlich angeprangerter, ergebnisloser Mordermittlung die Eskalation in Gang.","Die Kamera von Ben Davis gehört zu den Filmcredits. Der Hauptjurypreis galt aber Martin McDonaghs Drehbuch.","Die Musik von Carter Burwell begleitet den Film; die Hauptjury zeichnete Martin McDonagh für das Drehbuch aus.","Die Darstellung von Frances McDormand prägt Mildreds Protest. Die Venedig-Hauptjury prämierte hier jedoch Martin McDonaghs Drehbuch.","Die drei Tafeln setzen den Konflikt in Gang – Venedig prämierte McDonaghs Drehbuch.","keine","https://www.labiennale.org/en/news/official-awards-74th-venice-film-festival|https://www.labiennale.org/en/cinema/2017/program-cinema-2017/martin-mcdonagh-three-billboards-outside-ebbing-missouri|https://en.wikipedia.org/wiki/Three_Billboards_Outside_Ebbing,_Missouri","redaktionell_geprueft"
"PRZ-202610-P01-S-040","K-PRZ-202610-P01-S-040","","de","Film","Western","The Ballad of Buster Scruggs","The Ballad of Buster Scruggs","2018","","schwer","Filmhandwerk","Preisträger|Venedig|Filmhandwerk","Preisträger","Welches Team erhielt 2018 den Venedig-Drehbuchpreis für The Ballad of Buster Scruggs: Joel und Ethan Coen","Welches Team erhielt 2018 den Venedig-Drehbuchpreis für The Ballad of Buster Scruggs?","Wes Anderson und Roman Coppola","Joel und Ethan Coen","Quentin Tarantino und Roger Avary","Seth Rogen und Evan Goldberg","B","Joel und Ethan Coen gewannen 2018 den Drehbuchpreis für „The Ballad of Buster Scruggs“.","Die Coen-Brüder erzählen keine durchgehende Geschichte, sondern sechs eigenständige Western-Episoden. Jede führt in eine andere Ecke des amerikanischen Grenzlandes; gemeinsam bilden sie eine Anthologie. Joel und Ethan Coen erklärten, dass sie die italienischen Episodenfilme der 1960er Jahre mochten und ein solches Format ausprobieren wollten. Ihr Drehbuch zu diesen sechs Geschichten wurde 2018 in Venedig ausgezeichnet.","Wes Anderson und Roman Coppola sind nicht das ausgezeichnete Team dieser Anthologie. Die sechs Western-Geschichten schrieben Joel und Ethan Coen.","Richtig. Joel und Ethan Coen gewannen 2018 den Drehbuchpreis für „The Ballad of Buster Scruggs“.","Quentin Tarantino und Roger Avary erhielten diesen Preis nicht; für die Western-Anthologie wurden Joel und Ethan Coen ausgezeichnet.","Seth Rogen und Evan Goldberg sind nicht die Autoren des prämierten Drehbuchs. Die sechs Episoden stammen von Joel und Ethan Coen.","Sechs Western, ein Autorenteam: Drehbuchpreis für Joel und Ethan Coen.","keine","https://www.labiennale.org/en/news/official-awards-75th-venice-film-festival|https://www.labiennale.org/en/cinema/2018/lineup/venezia-75-competition/ballad-buster-scruggs","redaktionell_geprueft"
"PRZ-202610-P01-S-041","K-PRZ-202610-P01-S-041","","de","Film","Drama","No. 7 Cherry Lane","Ji yuan tai qi hao","2019","","schwer","Filmhandwerk","Preisträger|Venedig|Filmhandwerk","Preisträger","Wer gewann 2019 für No. 7 Cherry Lane den Drehbuchpreis in Venedig: Yonfan","Wer gewann 2019 für No. 7 Cherry Lane den Drehbuchpreis in Venedig?","Wong Kar-wai","Tsui Hark","Yonfan","John Woo","C","Yonfan gewann 2019 den Drehbuchpreis für „No. 7 Cherry Lane“.","Ein Student gerät 1967 in Hongkong zwischen eine aus Taiwan geflohene Mutter und ihre Tochter. Gemeinsame Kinobesuche öffnen einen Raum für Wünsche und verbotene Gefühle, während die Stadt politisch unruhig ist. Yonfan entwickelte dafür seinen ersten Animationsfilm mit handgezeichneten Bildern. Er beschrieb ihn als Liebeserklärung an Hongkong und das Kino – der Drehbuchpreis würdigte somit eine ungewöhnliche animierte Liebesgeschichte.","Wong Kar-wai ist hier nicht gesucht. Richtig ist Yonfan.","Tsui Hark ist hier nicht gesucht. Richtig ist Yonfan.","Richtig. Yonfan gewann 2019 den Drehbuchpreis für „No. 7 Cherry Lane“.","John Woo ist hier nicht gesucht. Richtig ist Yonfan.","Yonfans animierte Liebeserklärung an Hongkong: Drehbuchpreis 2019.","keine","https://www.labiennale.org/en/news/official-awards-76th-venice-film-festival|https://www.labiennale.org/en/cinema/2019/venezia-76-competition/ji-yuan-tai-qi-hao-no-7-cherry-lane","redaktionell_geprueft"
"PRZ-202610-P01-S-042","K-PRZ-202610-P01-S-042","","de","Film","Musik","The Disciple","The Disciple","2020","","schwer","Preisverbindungen","Preisträger|Venedig|Preisverbindungen","Preisträger","Welche Leistung von The Disciple würdigte Venedig 2020: Das Drehbuch von Chaitanya Tamhane","Welche dieser Leistungen von „The Disciple“ würdigte die Hauptjury 2020 in Venedig?","Die Regie von Chaitanya Tamhane","Die Darstellung von Aditya Modak","Die Kamera von Michał Sobociński","Das Drehbuch von Chaitanya Tamhane","D","Chaitanya Tamhane erhielt 2020 den Drehbuchpreis der Venedig-Hauptjury für „The Disciple“.","Sharad (Aditya Modak) widmet sich in Mumbai dem klassischen indischen Gesang. Er folgt den Lehren seines Vaters und seines Gurus und stellt die Musik über andere Lebensmöglichkeiten. Mit zunehmender Erfahrung muss er sich jedoch fragen, ob Hingabe allein genügt, um die erhoffte Meisterschaft zu erreichen. Chaitanya Tamhane recherchierte intensiv in dieser musikalischen Welt und schrieb wie inszenierte den Film.","Die Regie von Chaitanya Tamhane ist ein tatsächlicher Filmcredit. Die Hauptjury prämierte bei „The Disciple“ aber sein Drehbuch.","Die Darstellung von Aditya Modak zeigt Sharads Suche nach musikalischer Meisterschaft. Den Hauptjurypreis erhielt Chaitanya Tamhane für das Drehbuch.","Die Kamera von Michał Sobociński ist ein tatsächlicher Filmcredit. Ausgezeichnet wurde jedoch Tamhanes Drehbuch.","Das Drehbuch von Chaitanya Tamhane gewann den Preis. Es folgt Sharads Hingabe an den klassischen Gesang und seinen wachsenden Zweifeln.","Sharads Suche nach musikalischer Meisterschaft: prämiertes Drehbuch von Tamhane.","keine","https://www.labiennale.org/en/news/official-awards-77th-venice-film-festival|https://www.labiennale.org/en/cinema/2020/venezia-77-competition/disciple|https://en.wikipedia.org/wiki/The_Disciple_(2020_film)","redaktionell_geprueft"
"PRZ-202610-P01-S-043","K-PRZ-202610-P01-S-043","","de","Film","Drama","Frau im Dunkeln","The Lost Daughter","2021","","schwer","Filmhandwerk","Preisträger|Venedig|Filmhandwerk","Preisträger","Wer gewann 2021 für Frau im Dunkeln den Venedig-Drehbuchpreis: Maggie Gyllenhaal","Wer gewann 2021 für Frau im Dunkeln den Venedig-Drehbuchpreis?","Maggie Gyllenhaal","Elena Ferrante","Olivia Colman","Jane Campion","A","Maggie Gyllenhaal gewann 2021 den Drehbuchpreis für „Frau im Dunkeln“.","Leda (Olivia Colman) begegnet im Urlaub einer jungen Mutter und deren Tochter. Das löst Erinnerungen an ihre eigene frühe Mutterschaft aus; die jüngere Leda wird von Jessie Buckley gespielt. Maggie Gyllenhaal verfilmte Elena Ferrantes Roman und verband die Gegenwart am Strand mit diesen Rückblicken. Das Drehbuch macht sichtbar, wie alte Entscheidungen und widersprüchliche Gefühle in einer scheinbar beiläufigen Begegnung wiederkehren.","Richtig. Maggie Gyllenhaal gewann 2021 den Drehbuchpreis für „Frau im Dunkeln“.","Elena Ferrante schrieb die Romanvorlage. Für das Filmdrehbuch wurde Maggie Gyllenhaal ausgezeichnet.","Olivia Colman spielt Leda. Der Drehbuchpreis ging an Maggie Gyllenhaal, die den Roman adaptierte.","Jane Campion erhielt diesen Drehbuchpreis nicht. Für die Ferrante-Adaption wurde Maggie Gyllenhaal ausgezeichnet.","Ferrante schrieb den Roman, Gyllenhaal das preisgekrönte Filmdrehbuch.","keine","https://www.labiennale.org/en/news/official-awards-78th-venice-film-festival|https://www.labiennale.org/en/cinema/2021/lineup/venezia-78-competition/lost-daughter|https://en.wikipedia.org/wiki/The_Lost_Daughter_(film)","redaktionell_geprueft"
"PRZ-202610-P01-S-044","K-PRZ-202610-P01-S-044","","de","Film","Drama","The Banshees of Inisherin","The Banshees of Inisherin","2022","","schwer","Preisverbindungen","Preisträger|Venedig|Preisverbindungen","Preisträger","Welche weitere Hauptjury-Auszeichnung erhielt The Banshees of Inisherin neben Colin Farrells Darstellerpreis: Den Drehbuchpreis","Welche weitere Hauptjury-Auszeichnung erhielt „The Banshees of Inisherin“ 2022 neben Colin Farrells Darstellerpreis?","Den Goldenen Löwen","Den Drehbuchpreis","Den Regiepreis","Den Großen Preis der Jury","B","Neben Colin Farrells Coppa Volpi gewann „The Banshees of Inisherin“ 2022 den Drehbuchpreis für Martin McDonagh.","Colin Farrell wurde für Pádraic ausgezeichnet, der den plötzlichen Verlust seines besten Freundes nicht akzeptiert. Martin McDonagh erhielt daneben den Drehbuchpreis: Er schrieb die Freundschaftskrise zwischen Pádraic und Colm (Brendan Gleeson), aus der immer größere Drohungen und Verletzungen entstehen. Die beiden Auszeichnungen betreffen damit verschiedene Leistungen desselben Films – die Darstellung des Verlassenen und die Konstruktion dieser tragikomischen Eskalation.","Den Goldenen Löwen gewann 2022 „All the Beauty and the Bloodshed“. „The Banshees of Inisherin“ erhielt zusätzlich den Drehbuchpreis.","Den Drehbuchpreis erhielt Martin McDonagh neben Colin Farrells Coppa Volpi. Prämiert wurden also Autor und Hauptdarsteller.","Den Regiepreis gewann Luca Guadagnino für „Bones and All“. McDonagh wurde für das Drehbuch ausgezeichnet.","Den Großen Preis der Jury erhielt „Saint Omer“. Die zweite Auszeichnung für „The Banshees of Inisherin“ war der Drehbuchpreis.","Venedig 2022: Farrells Darstellung plus McDonaghs Drehbuch.","keine","https://www.labiennale.org/en/news/official-awards-79th-venice-film-festival|https://www.labiennale.org/en/cinema/2022/venezia-79-competition/banshees-inisherin|https://en.wikipedia.org/wiki/The_Banshees_of_Inisherin","redaktionell_geprueft"
"PRZ-202610-P01-S-045","K-PRZ-202610-P01-S-045","","de","Film","Horror","El Conde","El Conde","2023","","schwer","Filmhandwerk","Preisträger|Venedig|Filmhandwerk","Preisträger","Wer erhielt 2023 für El Conde den Venedig-Drehbuchpreis: Guillermo Calderón und Pablo Larraín","Wer erhielt 2023 für El Conde den Venedig-Drehbuchpreis?","Pablo Larraín und Sebastián Lelio","Alfonso Cuarón und Jonás Cuarón","Guillermo Calderón und Pablo Larraín","Alejandro Iñárritu und Guillermo Arriaga","C","Guillermo Calderón und Pablo Larraín gewannen 2023 gemeinsam den Drehbuchpreis für „El Conde“.","Augusto Pinochet (Jaime Vadell) erscheint hier als jahrhundertealter Vampir, der in einem abgelegenen Haus lebt. Er möchte sterben, weil die Welt ihn als Dieb in Erinnerung behält. Pablo Larraín und Guillermo Calderón übersetzen so einen historischen Diktator in eine fantastische Satire. Larraín erläutert die Vampiridee als Bild dafür, dass Pinochets Verbrechen und Einfluss über seinen Tod hinaus in Chile weiterwirken.","Pablo Larraín und Sebastián Lelio sind nicht das prämierte Autorenteam. Larraín schrieb die Vampirsatire gemeinsam mit Guillermo Calderón.","Alfonso Cuarón und Jonás Cuarón erhielten diesen Drehbuchpreis nicht. Das ausgezeichnete Team war Guillermo Calderón und Pablo Larraín.","Richtig. Guillermo Calderón und Pablo Larraín gewannen 2023 gemeinsam den Drehbuchpreis für „El Conde“.","Alejandro Iñárritu und Guillermo Arriaga sind nicht die Autoren des prämierten „El Conde“-Drehbuchs. Es stammt von Guillermo Calderón und Pablo Larraín.","Pinochet als Vampir: Calderón und Larraín schrieben die prämierte Satire.","keine","https://www.labiennale.org/en/news/official-awards-80th-venice-film-festival|https://www.labiennale.org/en/cinema/2023/venezia-80-competition/el-conde|https://en.wikipedia.org/wiki/El_Conde_(film)","redaktionell_geprueft"
"PRZ-202610-P01-S-046","K-PRZ-202610-P01-S-046","","de","Film","Drama","Nach dem Urteil","Jusqu'à la garde","2017","","schwer","Preisverbindungen","Preisträger|Venedig|Preisverbindungen","Preisträger","Für welchen Film erhielt Xavier Legrand 2017 den Silbernen Löwen für die Regie: Nach dem Urteil","Für welchen Film erhielt Xavier Legrand 2017 den Silbernen Löwen für die Regie?","Der Affront","Foxtrot","Hannah","Nach dem Urteil","D","Xavier Legrand gewann 2017 für „Nach dem Urteil“ den Silbernen Löwen für die beste Regie.","Myriam (Léa Drucker) verlangt nach der Trennung das alleinige Sorgerecht, um ihren Sohn Julien (Thomas Gioria) vor dem gewalttätigen Vater Antoine (Denis Ménochet) zu schützen. Die richterliche Entscheidung für gemeinsames Sorgerecht bringt den Jungen jedoch erneut unter Druck. Xavier Legrand wollte die häusliche Bedrohung mit der Spannung eines Thrillers erfahrbar machen. Sein erster Langfilm gewann 2017 sowohl den Regie- als auch den Debütpreis.","Der Affront ist hier nicht gesucht. Richtig ist Nach dem Urteil.","Foxtrot ist hier nicht gesucht. Richtig ist Nach dem Urteil.","Hannah ist hier nicht gesucht. Richtig ist Nach dem Urteil.","Richtig. Xavier Legrand gewann 2017 für „Nach dem Urteil“ den Silbernen Löwen für die beste Regie.","Legrands Sorgerechtsdrama als Bedrohungsthriller: Regiepreis 2017.","keine","https://www.labiennale.org/en/news/official-awards-74th-venice-film-festival|https://www.labiennale.org/en/cinema/2017/program-cinema-2017/xavier-legrand-jusqu%E2%80%99%C3%A0-la-garde|https://en.wikipedia.org/wiki/Custody_(2017_film)","redaktionell_geprueft"
"PRZ-202610-P01-S-047","K-PRZ-202610-P01-S-047","","de","Film","Western","The Sisters Brothers","The Sisters Brothers","2018","","schwer","Preisverbindungen","Preisträger|Venedig|Preisverbindungen","Preisträger","Für welchen Film gewann Jacques Audiard 2018 den Regiepreis in Venedig: The Sisters Brothers","Für welchen Film gewann Jacques Audiard 2018 den Regiepreis in Venedig?","The Sisters Brothers","Dheepan","Ein Prophet","Rust and Bone","A","Jacques Audiard erhielt 2018 den Silbernen Löwen für die beste Regie für „The Sisters Brothers“.","Eli (John C. Reilly) und Charlie Sisters (Joaquin Phoenix) arbeiten als Auftragsmörder. Während Charlie sich in diesem Leben eingerichtet hat, sehnt Eli sich nach einem gewöhnlichen Alltag. Ihr Auftrag führt die Brüder durch Oregon und Kalifornien. Jacques Audiard adaptierte Patrick deWitts Roman und stellt die Gegensätze der Brüder ins Zentrum dieses Westerns. Für die Inszenierung gewann er 2018 den Silbernen Löwen.","Richtig. Jacques Audiard erhielt 2018 den Silbernen Löwen für die beste Regie für „The Sisters Brothers“.","Dheepan ist hier nicht gesucht. Richtig ist The Sisters Brothers.","Ein Prophet ist hier nicht gesucht. Richtig ist The Sisters Brothers.","Rust and Bone ist hier nicht gesucht. Richtig ist The Sisters Brothers.","Zwei ungleiche Auftragsmörder-Brüder: Audiards Venedig-Regiepreis 2018.","keine","https://www.labiennale.org/en/news/official-awards-75th-venice-film-festival|https://www.labiennale.org/en/cinema/2018/lineup/venezia-75-competition/sisters-brothers|https://en.wikipedia.org/wiki/The_Sisters_Brothers_(film)","redaktionell_geprueft"
"PRZ-202610-P01-S-048","K-PRZ-202610-P01-S-048","","de","Film","Drama","Über die Unendlichkeit","Om det oändliga","2019","","schwer","Preisverbindungen","Preisträger|Venedig|Preisverbindungen","Preisträger","Für welchen Film gewann Roy Andersson 2019 den Venedig-Regiepreis: Über die Unendlichkeit","Für welchen Film gewann Roy Andersson 2019 den Venedig-Regiepreis?","Eine Taube sitzt auf einem Zweig und denkt über das Leben nach","Über die Unendlichkeit","Das jüngste Gewitter","Songs from the Second Floor","B","Roy Andersson gewann 2019 den Silbernen Löwen für die beste Regie für „Über die Unendlichkeit“.","Eine Erzählstimme führt durch voneinander getrennte Bilder menschlichen Lebens: Ein Paar schwebt über einem zerstörten Köln, ein Vater bindet seiner Tochter im Regen die Schuhe, Mädchen tanzen vor einem Café. Roy Andersson ordnet diese kleinen und großen Momente nebeneinander an. In seinem Regiestatement vergleicht er die Sammlung mit einem Füllhorn – Schönheit und Grausamkeit gehören für ihn zur selben unerschöpflichen Welt.","Eine Taube sitzt auf einem Zweig und denkt über das Leben nach ist hier nicht gesucht. Richtig ist Über die Unendlichkeit.","Richtig. Roy Andersson gewann 2019 den Silbernen Löwen für die beste Regie für „Über die Unendlichkeit“.","Das jüngste Gewitter ist hier nicht gesucht. Richtig ist Über die Unendlichkeit.","Songs from the Second Floor ist hier nicht gesucht. Richtig ist Über die Unendlichkeit.","Anderssons Bilder-Füllhorn: Regiepreis für „Über die Unendlichkeit“ 2019.","keine","https://www.labiennale.org/en/news/official-awards-76th-venice-film-festival|https://www.labiennale.org/en/cinema/2019/venezia-76-competition/om-det-o%C3%A4ndliga-about-endlessness","redaktionell_geprueft"
"PRZ-202610-P01-S-049","K-PRZ-202610-P01-S-049","","de","Film","Drama","Wife of a Spy","Spy no tsuma","2020","","schwer","Preisverbindungen","Preisträger|Venedig|Preisverbindungen","Preisträger","Für welchen Film erhielt Kiyoshi Kurosawa 2020 den Venedig-Regiepreis: Wife of a Spy","Für welchen Film erhielt Kiyoshi Kurosawa 2020 den Venedig-Regiepreis?","Cure","Tokyo Sonata","Wife of a Spy","Pulse","C","Kiyoshi Kurosawa erhielt 2020 den Silbernen Löwen für die beste Regie für „Wife of a Spy“.","Satoko (Yū Aoi) lebt 1940 in Kobe mit ihrem Mann Yusaku (Issey Takahashi). Als der Kaufmann aus der Mandschurei zurückkehrt, möchte er dort entdeckte Gräueltaten öffentlich machen. Für seine Frau wird die Loyalität zu ihm damit auch zum Risiko unter einem kriegerischen Regime. Kiyoshi Kurosawa inszeniert den historischen Stoff als Spannungsgeschichte um Vertrauen und Geheimnisse; es war sein erster Film, der in dieser Epoche spielt.","Cure ist hier nicht gesucht. Richtig ist Wife of a Spy.","Tokyo Sonata ist hier nicht gesucht. Richtig ist Wife of a Spy.","Richtig. Kiyoshi Kurosawa erhielt 2020 den Silbernen Löwen für die beste Regie für „Wife of a Spy“.","Pulse ist hier nicht gesucht. Richtig ist Wife of a Spy.","Kurosawas Ehepaar zwischen Vertrauen und Staatsverrat: Regiepreis 2020.","keine","https://www.labiennale.org/en/news/official-awards-77th-venice-film-festival|https://www.labiennale.org/en/cinema/2020/venezia-77-competition/spy-no-tsuma-wife-spy|https://en.wikipedia.org/wiki/Wife_of_a_Spy","redaktionell_geprueft"
"PRZ-202610-P01-S-050","K-PRZ-202610-P01-S-050","","de","Film","Western","The Power of the Dog","The Power of the Dog","2021","","schwer","Preisverbindungen","Preisträger|Venedig|Preisverbindungen","Preisträger","Für welchen Film erhielt Jane Campion 2021 den Silbernen Löwen für die Regie: The Power of the Dog","Für welchen Film erhielt Jane Campion 2021 den Silbernen Löwen für die Regie?","Das Piano","Bright Star","In the Cut","The Power of the Dog","D","Jane Campion gewann 2021 für „The Power of the Dog“ den Silbernen Löwen für die beste Regie.","Der Rancher Phil (Benedict Cumberbatch) macht anderen mit seiner Härte Angst. Als sein Bruder heiratet, schikaniert er dessen Frau Rose (Kirsten Dunst) und ihren Sohn Peter (Kodi Smit-McPhee). Doch seine Beziehung zu Peter verändert sich. Jane Campion fand in Thomas Savages Roman hinter der rauen Männlichkeit eine Geschichte verborgener Sehnsucht und Einsamkeit. Für diese Inszenierung erhielt sie 2021 den Regiepreis.","Das Piano ist hier nicht gesucht. Richtig ist The Power of the Dog.","Bright Star ist hier nicht gesucht. Richtig ist The Power of the Dog.","In the Cut ist hier nicht gesucht. Richtig ist The Power of the Dog.","Richtig. Jane Campion gewann 2021 für „The Power of the Dog“ den Silbernen Löwen für die beste Regie.","Campion legt Sehnsucht hinter Härte frei: Venedig-Regiepreis 2021.","keine","https://www.labiennale.org/en/news/official-awards-78th-venice-film-festival|https://www.labiennale.org/en/cinema/2021/lineup/venezia-78-competition/power-dog|https://en.wikipedia.org/wiki/The_Power_of_the_Dog_(film)","redaktionell_geprueft"
"PRZ-202610-P01-E-038","K-PRZ-202610-P01-E-038","","de","Film","Drama","Foxtrot","Foxtrot","2017","","experte","Preisverbindungen","Preisträger|Venedig|Preisverbindungen","Preisträger","Welchen Preis der Venedig-Hauptjury erhielt Foxtrot 2017: Den Großen Preis der Jury","Welchen Preis der Venedig-Hauptjury erhielt Foxtrot 2017?","Den Großen Preis der Jury","Den Goldenen Löwen","Den Regiepreis","Den Spezialpreis der Jury","A","Samuel Maoz’ „Foxtrot“ gewann 2017 den Großen Preis der Jury.","Michael (Lior Ashkenazi) und Dafna (Sarah Adler) erfahren von Soldaten, dass ihr Sohn Jonathan (Yonathan Shiray) gestorben sei. Die militärische Routine der Überbringer kollidiert mit der Erschütterung der Eltern. Samuel Maoz verbindet ihre Wohnung mit dem weit entfernten Dienstort des Sohnes. In seinem Regiestatement beschreibt er eine Schicksalsgemeinschaft: Menschen können räumlich getrennt sein und dennoch ungewollt das Leben der anderen verändern.","Den Großen Preis der Jury gewann 2017 Samuel Maoz’ „Foxtrot“, dessen Geschichte eine Familie mit dem Militärdienst ihres Sohnes verbindet.","Den Goldenen Löwen ist hier nicht gesucht. Richtig ist Den Großen Preis der Jury.","Den Regiepreis ist hier nicht gesucht. Richtig ist Den Großen Preis der Jury.","Den Spezialpreis der Jury ist hier nicht gesucht. Richtig ist Den Großen Preis der Jury.","Maoz’ Familie und ihr fernes militärisches Schicksal: Großer Preis 2017.","keine","https://www.labiennale.org/en/news/official-awards-74th-venice-film-festival|https://www.labiennale.org/en/cinema/2017/program-cinema-2017/samuel-maoz-foxtrot|https://en.wikipedia.org/wiki/Foxtrot_(2017_film)","redaktionell_geprueft"
"PRZ-202610-P01-E-039","K-PRZ-202610-P01-E-039","","de","Film","Komödie","The Favourite – Intrigen und Irrsinn","The Favourite","2018","","experte","Preisverbindungen","Preisträger|Venedig|Preisverbindungen","Preisträger","Welchen Film-Hauptjurypreis erhielt The Favourite 2018 zusätzlich zu Olivia Colmans Coppa Volpi: Den Großen Preis der Jury","Welchen Preis für den Film erhielt „The Favourite“ 2018 neben Olivia Colmans Coppa Volpi?","Den Goldenen Löwen","Den Großen Preis der Jury","Den Spezialpreis der Jury","Den Drehbuchpreis","B","„The Favourite“ erhielt 2018 den Großen Preis der Jury; Olivia Colman gewann zusätzlich die Coppa Volpi.","„The Favourite“ verbindet den Großen Preis der Jury mit Olivia Colmans Auszeichnung für Königin Anne. Der Machtkampf am Hof wurde von Deborah Davis und Tony McNamara geschrieben und von Yorgos Lanthimos inszeniert. Sarah Churchill (Rachel Weisz) besitzt politischen Einfluss durch ihre Nähe zur Königin; Abigail (Emma Stone) versucht, diese Nähe für ihren eigenen Aufstieg zu nutzen. Beide Frauen kämpfen um Annes Gunst; ihre Nähe zur Königin wird zugleich zu einem Mittel persönlicher und politischer Macht.","Den Goldenen Löwen erhielt 2018 „Roma“. „The Favourite“ gewann den Großen Preis der Jury.","Den Großen Preis der Jury erhielt der Film „The Favourite“. Die zusätzliche Coppa Volpi ging an Olivia Colman für Königin Anne.","Den Spezialpreis der Jury gewann 2018 „The Nightingale“. „The Favourite“ erhielt den Großen Preis der Jury.","Den Drehbuchpreis gewannen die Coen-Brüder für „The Ballad of Buster Scruggs“. Für „The Favourite“ gab es den Großen Preis der Jury.","„The Favourite“ 2018: Großer Preis für den Film, Coppa Volpi für Colman.","keine","https://www.labiennale.org/en/news/official-awards-75th-venice-film-festival|https://www.labiennale.org/en/cinema/2018/lineup/venezia-75-competition/favourite|https://en.wikipedia.org/wiki/The_Favourite_(2018_film)","redaktionell_geprueft"
"PRZ-202610-P01-E-040","K-PRZ-202610-P01-E-040","","de","Film","Drama","Intrige","J'accuse","2019","","experte","Preisverbindungen","Preisträger|Venedig|Preisverbindungen","Preisträger","Welchen Hauptjury-Preis erhielt Intrige 2019 in Venedig: Den Großen Preis der Jury","Welchen Hauptjury-Preis erhielt Intrige 2019 in Venedig?","Den Goldenen Löwen","Den Regiepreis","Den Großen Preis der Jury","Den Spezialpreis der Jury","C","„Intrige“ von Roman Polanski erhielt 2019 den Großen Preis der Jury.","Alfred Dreyfus (Louis Garrel) wird 1895 als vermeintlicher Spion öffentlich degradiert und auf die Teufelsinsel verbannt. Geheimdienstoffizier Georges Picquart (Jean Dujardin) entdeckt später, dass weiterhin Informationen an Deutschland gelangen. Seine Ermittlungen stellen das Urteil gegen Dreyfus infrage, treffen aber auf den Selbstschutz des militärischen Apparats. Roman Polanski erzählt so einen historischen Justizskandal als Konflikt zwischen Beweisen, Antisemitismus und institutioneller Vertuschung.","Den Goldenen Löwen ist hier nicht gesucht. Richtig ist Den Großen Preis der Jury.","Den Regiepreis ist hier nicht gesucht. Richtig ist Den Großen Preis der Jury.","Den Großen Preis der Jury erhielt 2019 „Intrige“, Polanskis Film über Picquarts Ermittlungen im Fall Dreyfus.","Den Spezialpreis der Jury ist hier nicht gesucht. Richtig ist Den Großen Preis der Jury.","Picquart prüft den Fall Dreyfus neu – „Intrige“, Großer Preis 2019.","keine","https://www.labiennale.org/en/news/official-awards-76th-venice-film-festival|https://www.labiennale.org/en/cinema/2019/venezia-76-competition/j%E2%80%99accuse-officer-and-spy|https://en.wikipedia.org/wiki/An_Officer_and_a_Spy_(film)","redaktionell_geprueft"
"PRZ-202610-P01-E-041","K-PRZ-202610-P01-E-041","","de","Film","Drama","New Order – Die neue Weltordnung","Nuevo orden","2020","","experte","Preisverbindungen","Preisträger|Venedig|Preisverbindungen","Preisträger","Welchen Venedig-Hauptjury-Preis erhielt New Order 2020: Den Großen Preis der Jury","Welchen Venedig-Hauptjury-Preis erhielt New Order 2020?","Den Goldenen Löwen","Den Spezialpreis der Jury","Den Drehbuchpreis","Den Großen Preis der Jury","D","Michel Francos „New Order“ gewann 2020 den Großen Preis der Jury.","Während eine wohlhabende Familie eine Hochzeit feiert, eskalieren draußen soziale Proteste. Die junge Braut und Menschen, die für die Familie arbeiten, geraten in die Gewalt eines sich verändernden Machtapparats. Michel Franco beschreibt den Film als Warnung vor extremer Ungleichheit. Der Umbruch führt in seiner Geschichte jedoch nicht automatisch zu Gerechtigkeit: Eine neue Ordnung kann die Unterdrückung ebenso verschärfen.","Den Goldenen Löwen ist hier nicht gesucht. Richtig ist Den Großen Preis der Jury.","Den Spezialpreis der Jury ist hier nicht gesucht. Richtig ist Den Großen Preis der Jury.","Den Drehbuchpreis ist hier nicht gesucht. Richtig ist Den Großen Preis der Jury.","Den Großen Preis der Jury gewann 2020 „New Order“, Michel Francos Geschichte von Protest und autoritärem Machtwechsel.","Luxushochzeit, Aufstand, neue Gewalt: „New Order“, Großer Preis 2020.","keine","https://www.labiennale.org/en/news/official-awards-77th-venice-film-festival|https://www.labiennale.org/en/cinema/2020/venezia-77-competition/nuevo-orden-new-order","redaktionell_geprueft"
"PRZ-202610-P01-E-042","K-PRZ-202610-P01-E-042","","de","Film","Drama","The Hand of God","È stata la mano di Dio","2021","","experte","Preisverbindungen","Preisträger|Venedig|Preisverbindungen","Preisträger","Welchen Venedig-Filmpreis erhielt The Hand of God 2021: Den Großen Preis der Jury","Welchen Venedig-Filmpreis erhielt The Hand of God 2021?","Den Großen Preis der Jury","Den Goldenen Löwen","Den Spezialpreis der Jury","Den Drehbuchpreis","A","„The Hand of God“ erhielt 2021 den Großen Preis der Jury.","Paolo Sorrentino kehrt in „The Hand of God“ zur eigenen Jugend in Neapel zurück. Fußballbegeisterung und lebhafte Familienerinnerungen stehen neben einem einschneidenden Verlust. Er erklärte, dass er die persönliche Geschichte mit möglichst einfacher Inszenierung und zurückhaltendem Musikeinsatz erzählen wollte. Venedig zeichnete 2021 sowohl den Film mit dem Großen Preis der Jury als auch den jungen Hauptdarsteller Filippo Scotti mit dem Nachwuchspreis aus.","Den Großen Preis der Jury erhielt 2021 „The Hand of God“. Für die Hauptdarstellung wurde zusätzlich Filippo Scotti mit dem Nachwuchspreis ausgezeichnet.","Den Goldenen Löwen ist hier nicht gesucht. Richtig ist Den Großen Preis der Jury.","Den Spezialpreis der Jury ist hier nicht gesucht. Richtig ist Den Großen Preis der Jury.","Den Drehbuchpreis ist hier nicht gesucht. Richtig ist Den Großen Preis der Jury.","Sorrentinos Neapel-Erinnerung: Großer Preis der Jury 2021.","keine","https://www.labiennale.org/en/news/official-awards-78th-venice-film-festival|https://www.labiennale.org/en/cinema/2021/lineup/venezia-78-competition/%C3%A8-stata-la-mano-di-dio","redaktionell_geprueft"
"PRZ-202610-P01-E-043","K-PRZ-202610-P01-E-043","","de","Film","Drama","Saint Omer","Saint Omer","2022","","experte","Preisverbindungen","Preisträger|Venedig|Preisverbindungen","Preisträger","Welche Kombination gewann Saint Omer 2022 in Venedig: Großer Preis der Jury und Preis für das beste Debüt","Welche Kombination gewann Saint Omer 2022 in Venedig?","Goldener Löwe und Darstellerinnenpreis","Großer Preis der Jury und Preis für das beste Debüt","Regie- und Drehbuchpreis","Spezialpreis der Jury und Nachwuchsdarstellerpreis","B","„Saint Omer“ gewann 2022 den Großen Preis der Jury und den Luigi-De-Laurentiis-Preis für das beste Debüt.","Die Schriftstellerin Rama (Kayije Kagame) besucht den Prozess gegen Laurence Coly (Guslagie Malanda), die wegen des Todes ihrer kleinen Tochter angeklagt ist. Was sie hört, erschüttert ihre bisherigen Vorstellungen von Mutterschaft und Urteil. Alice Diop ging selbst 2016 zu einem solchen Gerichtsprozess; daraus entwickelte sie ihren ersten fiktionalen Langfilm. Venedig würdigte ihn mit dem Großen Preis der Jury und dem Debütpreis.","„Goldener Löwe und Darstellerinnenpreis“ bezeichnet 2022 Auszeichnungen für verschiedene Filme: „All the Beauty and the Bloodshed“ gewann Gold, Cate Blanchett die Coppa Volpi für „Tár“. „Saint Omer“ erhielt den Großen Preis und den Debütpreis.","„Großer Preis der Jury und Preis für das beste Debüt“ ist die belegte Kombination: Alice Diops erster Spielfilm überzeugte beide zuständigen Jurys.","„Regie- und Drehbuchpreis“ gingen 2022 an Luca Guadagnino für „Bones and All“ und Martin McDonagh für „The Banshees of Inisherin“. „Saint Omer“ gewann den Großen Preis und den Debütpreis.","„Spezialpreis der Jury und Nachwuchsdarstellerpreis“ waren 2022 Auszeichnungen für „No Bears“ und Taylor Russell in „Bones and All“. Für „Saint Omer“ gehören Großer Preis und Debütpreis zusammen.","Diops erster Spielfilm erhält 2022 den Großen Preis und den Debütpreis.","keine","https://www.labiennale.org/en/news/official-awards-79th-venice-film-festival|https://www.labiennale.org/en/cinema/2022/venezia-79-competition/saint-omer|https://en.wikipedia.org/wiki/Saint_Omer_(film)","redaktionell_geprueft"
"PRZ-202610-P01-E-044","K-PRZ-202610-P01-E-044","","de","Film","Drama","Evil Does Not Exist","Aku wa sonzai shinai","2023","","experte","Preisverbindungen","Preisträger|Venedig|Preisverbindungen","Preisträger","Welchen Hauptjury-Preis erhielt Evil Does Not Exist 2023 in Venedig: Den Großen Preis der Jury","Welchen Hauptjury-Preis erhielt Evil Does Not Exist 2023 in Venedig?","Den Goldenen Löwen","Den Regiepreis","Den Großen Preis der Jury","Den Spezialpreis der Jury","C","Ryūsuke Hamaguchis „Evil Does Not Exist“ gewann 2023 den Großen Preis der Jury.","Die Dorfbewohner bei Tokio fürchten um ihr Wasser, als ein Unternehmen einen Glampingplatz plant. Takumi (Hitoshi Omika) und seine Tochter Hana (Ryo Nishikawa) leben dort eng mit der Natur. Bemerkenswert ist der Ausgangspunkt: Eiko Ishibashi bat Ryūsuke Hamaguchi um Bilder für eine Konzertarbeit. Aus dieser Zusammenarbeit entstanden der Film „Evil Does Not Exist“ und die mit Live-Musik präsentierte Arbeit „Gift“.","Den Goldenen Löwen ist hier nicht gesucht. Richtig ist Den Großen Preis der Jury.","Den Regiepreis ist hier nicht gesucht. Richtig ist Den Großen Preis der Jury.","Den Großen Preis der Jury gewann 2023 „Evil Does Not Exist“, Hamaguchis aus einer Musikzusammenarbeit entwickelter Film.","Den Spezialpreis der Jury ist hier nicht gesucht. Richtig ist Den Großen Preis der Jury.","Aus Ishibashis Musikprojekt entsteht Hamaguchis Großer-Preis-Film 2023.","keine","https://www.labiennale.org/en/news/official-awards-80th-venice-film-festival|https://www.labiennale.org/en/cinema/2023/venezia-80-competition/aku-wa-sonzai-shinai-evil-does-not-exist|https://en.wikipedia.org/wiki/Evil_Does_Not_Exist","redaktionell_geprueft"
"PRZ-202610-P01-E-045","K-PRZ-202610-P01-E-045","","de","Film","Western","Sweet Country","Sweet Country","2017","","experte","Preisverbindungen","Preisträger|Venedig|Preisverbindungen","Preisträger","Welcher Film gewann 2017 den Spezialpreis der Venedig-Hauptjury: Sweet Country","Welcher Film gewann 2017 den Spezialpreis der Venedig-Hauptjury?","Foxtrot","Shape of Water – Das Flüstern des Wassers","Der Affront","Sweet Country","D","Warwick Thorntons „Sweet Country“ gewann 2017 den Spezialpreis der Jury.","Im australischen Northern Territory von 1929 erschießt der indigene Viehhirte Sam (Hamilton Morris) einen weißen Mann in Notwehr. Mit seiner Frau Lizzie (Natassia Gorey-Furber) flieht er; später stellt er sich aus Sorge um sie. Warwick Thornton griff eine reale Geschichte auf, die ihm Drehbuchautor David Tranter erzählt hatte. Er drehte in seiner Heimatregion um Alice Springs, deren Landschaft den Western entscheidend prägt.","Foxtrot ist hier nicht gesucht. Richtig ist Sweet Country.","Shape of Water – Das Flüstern des Wassers ist hier nicht gesucht. Richtig ist Sweet Country.","Der Affront ist hier nicht gesucht. Richtig ist Sweet Country.","Richtig. Warwick Thorntons „Sweet Country“ gewann 2017 den Spezialpreis der Jury.","Thorntons australischer Western „Sweet Country“: Spezialpreis 2017.","keine","https://www.labiennale.org/en/news/official-awards-74th-venice-film-festival|https://www.labiennale.org/en/cinema/2017/program-cinema-2017/warwick-thornton-sweet-country|https://en.wikipedia.org/wiki/Sweet_Country_(2017_film)","redaktionell_geprueft"
"PRZ-202610-P01-E-046","K-PRZ-202610-P01-E-046","","de","Film","Thriller","The Nightingale – Schrei nach Rache","The Nightingale","2018","","experte","Preisverbindungen","Preisträger|Venedig|Preisverbindungen","Preisträger","Welche Kombination gewann The Nightingale 2018 in Venedig: Spezialpreis der Jury und Nachwuchsdarstellerpreis für Baykali Ganambarr","Welche Kombination gewann The Nightingale 2018 in Venedig?","Spezialpreis der Jury und Nachwuchsdarstellerpreis für Baykali Ganambarr","Goldener Löwe und Coppa Volpi für Aisling Franciosi","Großer Preis der Jury und Regiepreis für Jennifer Kent","Drehbuchpreis für Jennifer Kent und Coppa Volpi für Sam Claflin","A","„The Nightingale“ gewann 2018 den Spezialpreis der Jury und Baykali Ganambarr den Marcello-Mastroianni-Nachwuchspreis.","Clare (Aisling Franciosi), eine irische Strafgefangene im Tasmanien von 1825, verfolgt nach einem Gewaltverbrechen einen britischen Offizier. Für den Weg durch das Land engagiert sie den indigenen Fährtenleser Billy (Baykali Ganambarr), der selbst unter kolonialer Gewalt leidet. Jennifer Kent verbindet ihre Reise mit der Geschichte des Landes. 2018 erhielt der Film den Spezialpreis, Ganambarr für Billy den Marcello-Mastroianni-Preis.","„Spezialpreis der Jury und Nachwuchsdarstellerpreis für Baykali Ganambarr“ ist die richtige Kombination. Ausgezeichnet wurden Jennifer Kents Film und Ganambarrs Darstellung des Fährtenlesers Billy.","„Goldener Löwe und Coppa Volpi für Aisling Franciosi“ ordnet die Preise falsch zu: Gold gewann 2018 „Roma“, die Darstellerinnen-Coppa Olivia Colman. „The Nightingale“ erhielt Spezialpreis und Ganambarrs Nachwuchspreis.","„Großer Preis der Jury und Regiepreis für Jennifer Kent“ passt nicht zum Ergebnis: Der Große Preis ging an „The Favourite“, der Regiepreis an Jacques Audiard. Kents Film erhielt Spezialpreis und Ganambarrs Nachwuchspreis.","„Drehbuchpreis für Jennifer Kent und Coppa Volpi für Sam Claflin“ verwechselt die Gewinner: Die Coen-Brüder erhielten den Drehbuchpreis, Willem Dafoe die Darsteller-Coppa. Für „The Nightingale“ gab es Spezialpreis und Ganambarrs Nachwuchspreis.","Kents Film gewinnt den Spezialpreis; Ganambarrs Billy den Nachwuchspreis.","keine","https://www.labiennale.org/en/news/official-awards-75th-venice-film-festival|https://www.labiennale.org/en/cinema/2018/lineup/venezia-75-competition/nightingale|https://en.wikipedia.org/wiki/The_Nightingale_(2018_film)","redaktionell_geprueft"
"PRZ-202610-P01-E-047","K-PRZ-202610-P01-E-047","","de","Film","Drama","Dear Comrades!","Dorogie tovarishchi!","2020","","experte","Preisverbindungen","Preisträger|Venedig|Preisverbindungen","Preisträger","Welchen Venedig-Hauptjury-Preis gewann Dear Comrades! 2020: Den Spezialpreis der Jury","Welchen Venedig-Hauptjury-Preis gewann Dear Comrades! 2020?","Den Großen Preis der Jury","Den Spezialpreis der Jury","Den Goldenen Löwen","Den Regiepreis","B","Andrei Konchalovskys „Dear Comrades!“ gewann 2020 den Spezialpreis der Jury.","Lyudmila (Julia Vysotskaya) ist 1962 eine überzeugte Kommunistin in Nowotscherkassk. Als streikende Arbeiter beschossen werden und ihre Tochter verschwindet, muss sie hinter der offiziellen Darstellung nach der Wahrheit suchen. Andrei Konchalovsky greift ein reales Massaker auf, das jahrzehntelang geheim gehalten wurde. Die politische Überzeugung der Mutter gerät durch die Suche nach ihrem Kind in Konflikt mit der Gewalt des Staates.","Den Großen Preis der Jury ist hier nicht gesucht. Richtig ist Den Spezialpreis der Jury.","Den Spezialpreis der Jury erhielt 2020 „Dear Comrades!“, Konchalovskys Film über die Suche einer Mutter nach dem Massaker von Nowotscherkassk.","Den Goldenen Löwen ist hier nicht gesucht. Richtig ist Den Spezialpreis der Jury.","Den Regiepreis ist hier nicht gesucht. Richtig ist Den Spezialpreis der Jury.","Eine loyale Kommunistin sucht ihr Kind: „Dear Comrades!“, Spezialpreis 2020.","keine","https://www.labiennale.org/en/news/official-awards-77th-venice-film-festival|https://www.labiennale.org/en/cinema/2020/venezia-77-competition/dorogie-tovarischi-dear-comrades|https://en.wikipedia.org/wiki/Dear_Comrades!","redaktionell_geprueft"
"PRZ-202610-P01-E-048","K-PRZ-202610-P01-E-048","","de","Film","Drama","Il buco – Ein Höhlengleichnis","Il buco","2021","","experte","Preisverbindungen","Preisträger|Venedig|Preisverbindungen","Preisträger","Welchen Preis der Venedig-Hauptjury gewann Il buco 2021: Den Spezialpreis der Jury","Welchen Preis der Venedig-Hauptjury gewann Il buco 2021?","Den Großen Preis der Jury","Den Regiepreis","Den Spezialpreis der Jury","Den Goldenen Löwen","C","Michelangelo Frammartinos „Il buco“ erhielt 2021 den Spezialpreis der Jury.","Während Norditalien in den 1960er Jahren in die Höhe baut, steigen Höhlenforscher in Kalabrien tief unter die Erde. „Il buco“ folgt ihrer Erkundung des Bifurto-Abgrunds und stellt ihr das Leben eines alten Hirten gegenüber. Michelangelo Frammartino kannte den Ort seit einem Besuch 2007: Ein hineingeworfener Stein schien endlos zu fallen. Aus dieser Erfahrung entwickelte er einen weitgehend wortlosen Film über Zeit, Tiefe und Wahrnehmung.","Den Großen Preis der Jury ist hier nicht gesucht. Richtig ist Den Spezialpreis der Jury.","Den Regiepreis ist hier nicht gesucht. Richtig ist Den Spezialpreis der Jury.","Den Spezialpreis der Jury gewann 2021 „Il buco“, der die Erkundung eines kalabrischen Abgrunds fast ohne Worte erzählt.","Den Goldenen Löwen ist hier nicht gesucht. Richtig ist Den Spezialpreis der Jury.","Unterirdische Erkundung statt Hochhaus: „Il buco“, Spezialpreis 2021.","keine","https://www.labiennale.org/en/news/official-awards-78th-venice-film-festival|https://www.labiennale.org/en/cinema/2021/lineup/venezia-78-competition/il-buco","redaktionell_geprueft"
"PRZ-202610-P01-E-049","K-PRZ-202610-P01-E-049","","de","Film","Drama","No Bears","Khers nist","2022","","experte","Preisverbindungen","Preisträger|Venedig|Preisverbindungen","Preisträger","Welchen Hauptjury-Preis gewann No Bears 2022 in Venedig: Den Spezialpreis der Jury","Welchen Hauptjury-Preis gewann No Bears 2022 in Venedig?","Den Großen Preis der Jury","Den Regiepreis","Den Goldenen Löwen","Den Spezialpreis der Jury","D","Jafar Panahis „No Bears“ gewann 2022 den Spezialpreis der Jury.","Jafar Panahi spielt einen Filmemacher, der von einem iranischen Grenzdorf aus Dreharbeiten in der Türkei fernsteuert. Die Geschichte des dort gedrehten Films betrifft ein Paar, das mit falschen Papieren ausreisen möchte. Gleichzeitig verlangen Dorfbewohner von ihm ein Foto, das eine verbotene Beziehung belegen soll. Beide Ebenen kreisen um die Frage, was Bilder beweisen können und wie Grenzen persönliche Entscheidungen bestimmen.","Den Großen Preis der Jury ist hier nicht gesucht. Richtig ist Den Spezialpreis der Jury.","Den Regiepreis ist hier nicht gesucht. Richtig ist Den Spezialpreis der Jury.","Den Goldenen Löwen ist hier nicht gesucht. Richtig ist Den Spezialpreis der Jury.","Den Spezialpreis der Jury gewann 2022 „No Bears“. Panahi verknüpft darin Fernregie über eine Grenze mit einem umstrittenen Foto im Dorf.","Panahi dreht über Grenzen hinweg: „No Bears“, Spezialpreis 2022.","keine","https://www.labiennale.org/en/news/official-awards-79th-venice-film-festival|https://www.labiennale.org/en/cinema/2022/venezia-79-competition/khers-nist-no-bears|https://en.wikipedia.org/wiki/No_Bears","redaktionell_geprueft"
"PRZ-202610-P01-E-050","K-PRZ-202610-P01-E-050","","de","Film","Fantasy","Poor Things","Poor Things","2023","","experte","Festivalgeschichte","Preisträger|Venedig|Festivalgeschichte","Preisträger","Wer führte der Venedig-Hauptjury beim Sieg von Poor Things 2023 den Vorsitz: Damien Chazelle","Wer hatte 2023 den Vorsitz der Venedig-Hauptjury, die „Poor Things“ mit dem Goldenen Löwen auszeichnete?","Damien Chazelle","Guillermo del Toro","Bong Joon-ho","Alfonso Cuarón","A","Damien Chazelle führte 2023 den Vorsitz der Wettbewerbsjury, die „Poor Things“ den Goldenen Löwen verlieh.","Damien Chazelle kannte Venedig bereits als Regisseur von Eröffnungsfilmen: „La La Land“ eröffnete das Festival 2016, „Aufbruch zum Mond“ 2018. Im Jahr 2023 leitete er die Wettbewerbsjury, deren Goldener Löwe an „Poor Things“ ging. Zu seinen Mitjuroren gehörte Laura Poitras: Sie hatte im Vorjahr mit „All the Beauty and the Bloodshed“ selbst den Goldenen Löwen gewonnen.","Richtig. Damien Chazelle führte 2023 den Vorsitz der Wettbewerbsjury, die „Poor Things“ den Goldenen Löwen verlieh.","Guillermo del Toro ist hier nicht gesucht. Richtig ist Damien Chazelle.","Bong Joon-ho ist hier nicht gesucht. Richtig ist Damien Chazelle.","Alfonso Cuarón ist hier nicht gesucht. Richtig ist Damien Chazelle.","Zweimal Eröffnungsregisseur, 2023 Jurypräsident: Damien Chazelle.","keine","https://www.labiennale.org/en/news/official-awards-80th-venice-film-festival|https://www.labiennale.org/en/news/presidents-international-juries-80th-venice-film-festival|https://www.labiennale.org/en/news/international-juries-80th-venice-film-festival","redaktionell_geprueft"
