"question_id","knowledge_id","variant_of","language","domain","subdomain","film_title_de","film_title_original","film_year","franchise","difficulty","question_type","topic_tags","badge_tags","learning_objective","question","answer_a","answer_b","answer_c","answer_d","correct_answer","explanation_short","explanation_context","feedback_a","feedback_b","feedback_c","feedback_d","memory_anchor","spoiler_level","source_urls","verification_status"
"ROM-L-001","K-ROM-01-01","","de","Film","Rom-Com","Harry & Sally","When Harry Met Sally...","1989","","leicht","Besetzung","Freundschaft|Großstadt|Zweite Chancen","Rom-Coms|Rom-Com-Klassiker|Meg Ryan","Meg Ryan verkörpert Sally Albright.","„Harry & Sally“ (1989): Wer spielt Sally Albright?","Meg Ryan","Julia Roberts","Sandra Bullock","Andie MacDowell","A","Meg Ryan verkörpert Sally (Meg Ryan) Albright.","Sally (Meg Ryan) lernt Harry (Billy Crystal) auf einer gemeinsamen Fahrt nach New York kennen. Ihre sorgfältige Art und seine provokanten Behauptungen machen schon die Fahrt zum Streitgespräch. Meg Ryans Spiel verbindet dabei Entschlossenheit mit Verletzlichkeit. Gerade weil Sally auf ihren Vorstellungen besteht, ist die spätere Annäherung mehr als die Geschichte einer Frau, die einfach nachgibt.","Meg Ryan verkörpert Sally (Meg Ryan) Albright.","Julia Roberts gehört nicht zum Hauptpaar dieses Films.","Sandra Bullock spielt hier nicht Sally (Meg Ryan).","Andie MacDowell spielt die weibliche Hauptrolle in anderen Rom-Coms, nicht hier.","Meg Ryan ist Sally (Meg Ryan), Billy Crystal ist Harry (Billy Crystal).","keine","https://en.wikipedia.org/wiki/When_Harry_Met_Sally...|https://www.rottentomatoes.com/m/when_harry_met_sally|https://www.imdb.com/title/tt0098635/plotsummary/","redaktionell_geprueft"
"ROM-L-002","K-ROM-01-02","","de","Film","Rom-Com","Harry & Sally","When Harry Met Sally...","1989","","leicht","Handlung","Freundschaft|Großstadt|Zweite Chancen","Rom-Coms|Rom-Com-Klassiker|Meg Ryan","Ihre Debatte dreht sich um Freundschaft und sexuelle Anziehung.","„Harry & Sally“ (1989): Welche Grundfrage diskutieren Harry und Sally immer wieder?","Ob Fernbeziehungen grundsätzlich glücklicher machen","Ob Männer und Frauen ohne sexuelle Spannung befreundet sein können","Ob Kollegen ihre Beziehung geheim halten sollten","Ob eine Ehe ohne gemeinsame Wohnung funktioniert","B","Ihre Debatte dreht sich um Freundschaft und sexuelle Anziehung.","Harry (Billy Crystal) vertritt zunächst eine starre Vorstellung von Freundschaft zwischen Männern und Frauen. Sally (Meg Ryan) widerspricht ihm, und die gemeinsame Geschichte stellt seine Behauptung immer wieder auf die Probe. Beim Zuschauen lohnt es sich deshalb, Gespräch und Verhalten zu vergleichen: Beide verändern sich, während sie noch versuchen, ihre Verbindung mit vertrauten Kategorien zu erklären.","Eine Fernbeziehung ist nicht der Ausgangspunkt ihrer Debatte.","Ihre Debatte dreht sich um Freundschaft und sexuelle Anziehung.","Die beiden sind keine Kollegen mit einer heimlichen Büroaffäre.","Getrennte Ehewohnungen bilden nicht den zentralen Streitpunkt.","Ihre Freundschaft prüft Harrys (Billy Crystal) Theorie über Anziehung.","Handlung","https://en.wikipedia.org/wiki/When_Harry_Met_Sally...|https://www.rottentomatoes.com/m/when_harry_met_sally|https://www.imdb.com/title/tt0098635/plotsummary/","redaktionell_geprueft"
"ROM-M-001","K-ROM-01-03","","de","Film","Rom-Com","Harry & Sally","When Harry Met Sally...","1989","","mittel","Beziehung","Freundschaft|Großstadt|Zweite Chancen","Rom-Coms|Rom-Com-Klassiker|Meg Ryan","Die beiden vorgesehenen Verabredungen finden stattdessen zueinander.","„Harry & Sally“ (1989): Was geschieht bei dem gemeinsamen Essen mit Jess und Marie?","Jess und Marie verlieben sich ineinander.","Alle vier beschließen, keine Paare zu bilden.","Jess beginnt eine Beziehung mit Sally.","Marie beginnt eine Beziehung mit Harry.","A","Die beiden vorgesehenen Verabredungen finden stattdessen zueinander.","Harry (Billy Crystal) und Sally (Meg Ryan) bringen ihre Freunde Jess (Bruno Kirby) und Marie (Carrie Fisher) zusammen, zunächst mit anderen romantischen Vorstellungen. Doch die Aufmerksamkeit der Gäste wandert rasch zueinander. Die Szene ist eine kleine Gegenprobe zur Beziehung der Hauptfiguren: Während dort jahrelang diskutiert wird, erkennen die beiden Freunde ihre gegenseitige Anziehung erstaunlich schnell.","Die beiden vorgesehenen Verabredungen finden stattdessen zueinander.","Gerade ein neues Paar entsteht bei diesem Essen.","Jess (Bruno Kirby) interessiert sich beim Essen für Marie (Carrie Fisher), nicht für Sally (Meg Ryan).","Marie (Carrie Fisher) fühlt sich zu Jess (Bruno Kirby) hingezogen, nicht zu Harry (Billy Crystal).","Die Freunde finden einander schneller als die Vermittler.","Handlung","https://en.wikipedia.org/wiki/When_Harry_Met_Sally...|https://www.rottentomatoes.com/m/when_harry_met_sally|https://www.imdb.com/title/tt0098635/plotsummary/","redaktionell_geprueft"
"ROM-M-002","K-ROM-01-04","","de","Film","Rom-Com","Harry & Sally","When Harry Met Sally...","1989","","mittel","Handlung","Freundschaft|Großstadt|Zweite Chancen","Rom-Coms|Rom-Com-Klassiker|Meg Ryan","Sally widerlegt Harrys vermeintliche Sicherheit mit einer gespielten Demonstration.","„Harry & Sally“ (1989): Was demonstriert Sally in der berühmten Restaurantszene?","Dass sie heimlich als Schauspielerin arbeitet","Dass ein Orgasmus überzeugend vorgetäuscht werden kann","Dass sie professionelle Gesangsausbildung hat","Dass sie jeden Gast mit Namen kennt","B","Sally (Meg Ryan) widerlegt Harrys (Billy Crystal) vermeintliche Sicherheit mit einer gespielten Demonstration.","Harry (Billy Crystal) glaubt, eine vorgetäuschte sexuelle Reaktion sicher erkennen zu können. Sally (Meg Ryan) antwortet nicht nur mit einem Argument, sondern mit einer demonstrativen Darbietung mitten im Restaurant. Der Witz entsteht aus dem Gegensatz zwischen öffentlichem Alltagsraum und intimem Gesprächsthema. Ihre Aktion nimmt ihm für einen Moment die Rolle des überlegenen Experten über Beziehungen.","Ein geheimer Schauspielberuf wird damit nicht enthüllt.","Sally (Meg Ryan) widerlegt Harrys (Billy Crystal) vermeintliche Sicherheit mit einer gespielten Demonstration.","Sally (Meg Ryan) demonstriert keine Gesangstechnik.","Die Reaktionen fremder Gäste sind Teil des Witzes; sie kennt nicht alle.","Sally (Meg Ryan) beantwortet Harrys (Billy Crystal) Selbstgewissheit mit einer Demonstration.","Handlung","https://en.wikipedia.org/wiki/When_Harry_Met_Sally...|https://www.rottentomatoes.com/m/when_harry_met_sally|https://www.imdb.com/title/tt0098635/plotsummary/","redaktionell_geprueft"
"ROM-S-001","K-ROM-01-05","","de","Film","Rom-Com","Harry & Sally","When Harry Met Sally...","1989","","schwer","Handlung","Freundschaft|Großstadt|Zweite Chancen","Rom-Coms|Rom-Com-Klassiker|Meg Ryan","Harry erkennt seine Liebe und will nicht länger warten.","„Harry & Sally“ (1989): Was löst Harrys Entschluss aus, Sally am Silvesterabend aufzusuchen?","Er erkennt, dass er den Rest seines Lebens mit ihr verbringen will.","Er erfährt, dass sie am nächsten Morgen auswandert.","Er muss ihr einen verlorenen Verlobungsring bringen.","Er wurde als Ersatzmusiker für ihre Feier gebucht.","A","Harry (Billy Crystal) erkennt seine Liebe und will nicht länger warten.","Nach dem Zerwürfnis mit Sally (Meg Ryan) sucht Harry (Billy Crystal) am Jahresende zunächst keinen gewöhnlichen Partyflirt. Seine Entscheidung führt ihn zu einer Liebeserklärung, in der gerade ihre kleinen Eigenheiten wichtig werden. Er liebt nicht eine idealisierte Fremde, sondern die Frau, die er über Jahre kennengelernt hat. Die lange Freundschaft bekommt dadurch rückblickend eine neue Bedeutung.","Harry (Billy Crystal) erkennt seine Liebe und will nicht länger warten.","Eine bevorstehende Auswanderung treibt ihn hier nicht an.","Kein verlorener Ring erklärt seinen Aufbruch.","Er kommt als Liebender, nicht als engagierter Musiker.","Harry (Billy Crystal) will nicht irgendeinen Neuanfang, sondern ein Leben mit Sally (Meg Ryan).","Auflösung","https://en.wikipedia.org/wiki/When_Harry_Met_Sally...|https://www.rottentomatoes.com/m/when_harry_met_sally|https://www.imdb.com/title/tt0098635/plotsummary/","redaktionell_geprueft"
"ROM-S-002","K-ROM-01-06","","de","Film","Rom-Com","Harry & Sally","When Harry Met Sally...","1989","","schwer","Filmgeschichte","Freundschaft|Großstadt|Zweite Chancen","Rom-Coms|Rom-Com-Klassiker|Meg Ryan","Das Drehbuch stammt von Nora Ephron.","„Harry & Sally“ (1989): Wer schrieb das Drehbuch?","Richard Curtis","Nora Ephron","Nancy Meyers","Diablo Cody","B","Das Drehbuch stammt von Nora Ephron.","Die Gespräche zwischen Harry (Billy Crystal) und Sally (Meg Ryan) sind das tragende Gerüst des Films. Nora Ephrons Drehbuch lässt Nähe durch Widerspruch, Wiedersehen und alltägliche Beobachtungen entstehen. Regisseur Rob Reiner setzt diese Entwicklung mit Billy Crystal und Meg Ryan um. Für die Einordnung hilft die Trennung der Aufgaben: Ephron schrieb, Reiner führte Regie, die beiden Stars verkörpern das Paar.","Richard Curtis ist nicht der Autor dieses Films.","Das Drehbuch stammt von Nora Ephron.","Nancy Meyers schrieb dieses Drehbuch nicht.","Diablo Cody schrieb dieses Drehbuch nicht.","Ephron schrieb Harry (Billy Crystal) und Sally (Meg Ryan), Reiner inszenierte sie.","keine","https://en.wikipedia.org/wiki/When_Harry_Met_Sally...|https://www.rottentomatoes.com/m/when_harry_met_sally|https://www.imdb.com/title/tt0098635/plotsummary/","redaktionell_geprueft"
"ROM-L-003","K-ROM-02-01","","de","Film","Rom-Com","Pretty Woman","Pretty Woman","1990","","leicht","Besetzung","Soziale Unterschiede|Selbstachtung|Beruf und Liebe","Rom-Coms|Rom-Com-Klassiker|Julia Roberts","Julia Roberts spielt Vivian Ward.","„Pretty Woman“ (1990): Wer spielt Vivian Ward?","Meg Ryan","Michelle Pfeiffer","Julia Roberts","Demi Moore","C","Julia Roberts spielt Vivian (Julia Roberts) Ward.","Vivian (Julia Roberts) und Edward (Richard Gere) begegnen einander in Los Angeles unter sehr ungleichen Voraussetzungen. Julia Roberts gibt der Figur sowohl Schlagfertigkeit als auch die Fähigkeit, Kränkungen sichtbar werden zu lassen. Dadurch bleibt Vivian mehr als das Objekt einer teuren Verwandlung. Für die Liebesgeschichte ist entscheidend, dass sie eigene Wünsche formuliert und nicht jedes Angebot des wohlhabenden Mannes annimmt.","Meg Ryan spielt Vivian (Julia Roberts) nicht.","Michelle Pfeiffer verkörpert Vivian (Julia Roberts) nicht.","Julia Roberts spielt Vivian (Julia Roberts) Ward.","Demi Moore gehört nicht zum zentralen Paar.","Julia Roberts verleiht Vivian (Julia Roberts) ihre Mischung aus Witz und Selbstachtung.","keine","https://en.wikipedia.org/wiki/Pretty_Woman|https://www.eno.org/discover-opera/articles/la-traviata-in-pop-culture/|https://www.imdb.com/title/tt0100405/plotsummary/|https://d23.com/a-to-z/pretty-woman-film/","redaktionell_geprueft"
"ROM-L-004","K-ROM-02-02","","de","Film","Rom-Com","Pretty Woman","Pretty Woman","1990","","leicht","Handlung","Soziale Unterschiede|Selbstachtung|Beruf und Liebe","Rom-Coms|Rom-Com-Klassiker|Julia Roberts","Edward engagiert Vivian als bezahlte Begleiterin für eine Woche.","„Pretty Woman“ (1990): Welche Vereinbarung treffen Edward und Vivian zunächst?","Sie gibt sich als seine verschollene Schwester aus.","Sie übernimmt dauerhaft die Leitung seiner Firma.","Sie trainiert ihn für ein professionelles Tanzturnier.","Sie begleitet ihn für eine Woche gegen Bezahlung.","D","Edward (Richard Gere) engagiert Vivian (Julia Roberts) als bezahlte Begleiterin für eine Woche.","Edward (Richard Gere) behandelt Begegnungen zunächst wie verhandelbare Geschäfte. Auch die Vereinbarung mit Vivian (Julia Roberts) hat klare Bedingungen. Doch gemeinsames Auftreten und private Gespräche lassen sich nicht dauerhaft vom Gefühl trennen. Der Film gewinnt seinen Konflikt aus dieser Grenze: Eine Dienstleistung kann bezahlt werden, gegenseitige Achtung und eine frei gewählte Partnerschaft lassen sich damit nicht automatisch kaufen.","Eine Verwandtschaft wird nicht vorgetäuscht.","Vivian (Julia Roberts) bekommt keinen dauerhaften Firmenchefposten.","Ein Tanzturnier ist nicht Gegenstand ihrer Abmachung.","Edward (Richard Gere) engagiert Vivian (Julia Roberts) als bezahlte Begleiterin für eine Woche.","Aus einer bezahlten Woche entsteht ein nicht käuflicher Wunsch.","Handlung","https://en.wikipedia.org/wiki/Pretty_Woman|https://www.eno.org/discover-opera/articles/la-traviata-in-pop-culture/|https://www.imdb.com/title/tt0100405/plotsummary/|https://d23.com/a-to-z/pretty-woman-film/","redaktionell_geprueft"
"ROM-M-003","K-ROM-02-03","","de","Film","Rom-Com","Pretty Woman","Pretty Woman","1990","","mittel","Figur","Soziale Unterschiede|Selbstachtung|Beruf und Liebe","Rom-Coms|Rom-Com-Klassiker|Julia Roberts","Hotelmanager Barnard Thompson unterstützt Vivian.","„Pretty Woman“ (1990): Wer hilft Vivian als Hotelmanager beim Umgang mit der eleganten Umgebung?","Philip Stuckey","James Morse","Barnard Thompson","David Morse","C","Hotelmanager Barnard (Héctor Elizondo) Thompson unterstützt Vivian (Julia Roberts).","Barnard (Héctor Elizondo) sieht, dass Vivian (Julia Roberts) im Hotel zwar als Gast erscheint, aber viele der dort erwarteten Regeln nicht kennt. Seine Unterstützung ist deshalb ein wichtiger Gegenpol zu herablassenden Begegnungen. Héctor Elizondo spielt die Hilfe mit Zurückhaltung. Für Vivian bedeutet sie, dass Orientierung auch ohne Demütigung möglich ist, während Edward (Richard Gere) außerhalb des Hotels seine Geschäfte verfolgt.","Philip Stuckey (Jason Alexander) ist Edwards (Richard Gere) Anwalt, nicht der hilfreiche Hotelmanager.","James Morse (Ralph Bellamy) ist ein Unternehmer aus Edwards (Richard Gere) Geschäftswelt.","Hotelmanager Barnard (Héctor Elizondo) Thompson unterstützt Vivian (Julia Roberts).","David Morse (Alex Hyde-White) gehört ebenfalls zur Unternehmerfamilie, nicht zur Hotelleitung.","Barnard (Héctor Elizondo) hilft Vivian (Julia Roberts), ohne sie kleinzumachen.","Handlung","https://en.wikipedia.org/wiki/Pretty_Woman|https://www.eno.org/discover-opera/articles/la-traviata-in-pop-culture/|https://www.imdb.com/title/tt0100405/plotsummary/|https://d23.com/a-to-z/pretty-woman-film/","redaktionell_geprueft"
"ROM-M-004","K-ROM-02-04","","de","Film","Rom-Com","Pretty Woman","Pretty Woman","1990","","mittel","Motiv","Soziale Unterschiede|Selbstachtung|Beruf und Liebe","Rom-Coms|Rom-Com-Klassiker|Julia Roberts","Vivian zeigt den Verkäuferinnen, wie falsch sie sie eingeschätzt haben.","„Pretty Woman“ (1990): Warum ist Vivians Rückkehr in die Boutique mit Einkaufstaschen bedeutsam?","Sie erfährt dort erstmals Edwards wirklichen Namen.","Sie kauft den Laden im Auftrag ihres Vaters.","Sie will dort einen gestohlenen Ring zurückgeben.","Sie konfrontiert die Verkäuferinnen mit deren voreiliger Abwertung.","D","Vivian (Julia Roberts) zeigt den Verkäuferinnen, wie falsch sie sie eingeschätzt haben.","Vivian (Julia Roberts) wird beim ersten Einkauf nach ihrem Äußeren beurteilt und abgewiesen. Bei ihrer Rückkehr besitzt sie sichtbare Kaufkraft und kann die frühere Behandlung benennen. Die Szene macht die Oberflächlichkeit der Anerkennung deutlich: Nicht ihre Person hat plötzlich an Wert gewonnen, sondern nur das Bild, das die Verkäuferinnen sich von ihr machen.","Edwards (Richard Gere) Name ist nicht die Entdeckung dieser Szene.","Vivian (Julia Roberts) übernimmt die Boutique nicht als neue Eigentümerin.","Ein gestohlener Ring steht hier nicht im Mittelpunkt.","Vivian (Julia Roberts) zeigt den Verkäuferinnen, wie falsch sie sie eingeschätzt haben.","Die Einkaufstaschen entlarven die Vorurteile der Boutique.","Handlung","https://en.wikipedia.org/wiki/Pretty_Woman|https://www.eno.org/discover-opera/articles/la-traviata-in-pop-culture/|https://www.imdb.com/title/tt0100405/plotsummary/|https://d23.com/a-to-z/pretty-woman-film/","redaktionell_geprueft"
"ROM-S-003","K-ROM-02-05","","de","Film","Rom-Com","Pretty Woman","Pretty Woman","1990","","schwer","Handlung","Soziale Unterschiede|Selbstachtung|Beruf und Liebe","Rom-Coms|Rom-Com-Klassiker|Julia Roberts","Sie sehen Verdis La traviata.","„Pretty Woman“ (1990): Welche Oper besuchen Edward und Vivian?","Die Zauberflöte","Madame Butterfly","La traviata","Carmen","C","Sie sehen Verdis La traviata.","Edward (Richard Gere) nimmt Vivian (Julia Roberts) zu La traviata mit. Die Geschichte einer gesellschaftlich ausgegrenzten Frau, die liebt, gibt ihrem gemeinsamen Abend eine zusätzliche Ebene. Julia Roberts zeigt Vivians starke Reaktion auf das Bühnengeschehen. Die Oper ist deshalb mehr als eine luxuriöse Kulisse: Sie berührt Erfahrungen der Figur, ohne dass beide Geschichten denselben Ausgang nehmen müssen.","Die Zauberflöte wird bei diesem Besuch nicht gespielt.","Madame Butterfly ist nicht das Werk dieses Abends.","Sie sehen Verdis La traviata.","Carmen ist nicht die gezeigte Oper.","Vivians (Julia Roberts) Opernabend führt zu Verdis La traviata.","Handlung","https://en.wikipedia.org/wiki/Pretty_Woman|https://www.eno.org/discover-opera/articles/la-traviata-in-pop-culture/|https://www.imdb.com/title/tt0100405/plotsummary/|https://d23.com/a-to-z/pretty-woman-film/","redaktionell_geprueft"
"ROM-S-004","K-ROM-02-06","","de","Film","Rom-Com","Pretty Woman","Pretty Woman","1990","","schwer","Handlung","Soziale Unterschiede|Selbstachtung|Beruf und Liebe","Rom-Coms|Rom-Com-Klassiker|Julia Roberts","Edward entscheidet sich für Zusammenarbeit statt Unternehmenszerschlagung.","„Pretty Woman“ (1990): Welches Geschäftsvorhaben verändert Edward gegenüber James Morse?","Er verkauft ihm seine gesamte private Kunstsammlung.","Er überträgt ihm die Leitung eines neuen Hotels.","Er macht ihn zum Manager von Vivians Modefirma.","Er will dessen Unternehmen gemeinsam weiterentwickeln statt zerschlagen.","D","Edward (Richard Gere) entscheidet sich für Zusammenarbeit statt Unternehmenszerschlagung.","Die Annäherung an Vivian (Julia Roberts) wird von einer Veränderung in Edwards (Richard Gere) Geschäftsverhalten begleitet. Beim Unternehmen von James Morse (Ralph Bellamy) entscheidet er sich gegen die geplante Zerschlagung. Damit bleibt sein Wandel nicht auf Blumen und romantische Worte beschränkt. Richard Gere spielt einen Mann, der neu abwägen muss, ob kurzfristige Kontrolle tatsächlich das ist, was er künftig erreichen möchte.","Eine Kunstsammlung steht nicht zur Verhandlung.","Ein neuer Hotelchefposten ist nicht das veränderte Geschäft.","Eine von Vivian (Julia Roberts) geführte Modefirma existiert in dieser Handlung nicht.","Edward (Richard Gere) entscheidet sich für Zusammenarbeit statt Unternehmenszerschlagung.","Edward (Richard Gere) wechselt vom Zerschlagen zum gemeinsamen Aufbauen.","Auflösung","https://en.wikipedia.org/wiki/Pretty_Woman|https://www.eno.org/discover-opera/articles/la-traviata-in-pop-culture/|https://www.imdb.com/title/tt0100405/plotsummary/|https://d23.com/a-to-z/pretty-woman-film/","redaktionell_geprueft"
"ROM-L-005","K-ROM-03-01","","de","Film","Rom-Com","Notting Hill","Notting Hill","1999","","leicht","Figur","Prominenz|Privatsphäre|Soziale Unterschiede","Rom-Coms|Rom-Com-Klassiker|Julia Roberts|Hugh Grant","William betreibt eine Buchhandlung für Reiseliteratur.","„Notting Hill“ (1999): Was betreibt William Thacker?","Eine Reisebuchhandlung","Ein Filmstudio","Eine Kunstgalerie","Ein Musikcafé","A","William (Hugh Grant) betreibt eine Buchhandlung für Reiseliteratur.","William (Hugh Grant) führt einen unspektakulären Laden in London, während Anna (Julia Roberts) weltweit erkannt wird. Schon der erste Besuch verbindet zwei sehr verschiedene Formen von Öffentlichkeit: Er kennt seine kleine berufliche Umgebung, sie lebt unter ständiger Beobachtung. Die Reisebücher passen als ruhiger Hintergrund zu einem Mann, dessen Leben durch diese Begegnung unerwartet aus vertrauten Bahnen gerät.","William (Hugh Grant) betreibt eine Buchhandlung für Reiseliteratur.","Anna (Julia Roberts) gehört zur Filmwelt; William (Hugh Grant) betreibt kein Studio.","William (Hugh Grant) ist Buchhändler, kein Galerist.","Sein Geschäft verkauft Bücher, nicht Kaffee und Konzertkarten.","Williams (Hugh Grant) Alltag beginnt zwischen Reisebüchern.","keine","https://en.wikipedia.org/wiki/Notting_Hill_(film)|https://www.imdb.com/title/tt0125439/plotsummary/","redaktionell_geprueft"
"ROM-L-006","K-ROM-03-02","","de","Film","Rom-Com","Notting Hill","Notting Hill","1999","","leicht","Besetzung","Prominenz|Privatsphäre|Soziale Unterschiede","Rom-Coms|Rom-Com-Klassiker|Julia Roberts|Hugh Grant","Julia Roberts spielt Anna Scott.","„Notting Hill“ (1999): Wer verkörpert Filmstar Anna Scott?","Cameron Diaz","Julia Roberts","Sandra Bullock","Kate Winslet","B","Julia Roberts spielt Anna (Julia Roberts) Scott.","Anna (Julia Roberts) bringt die Welt des internationalen Filmruhms in Williams (Hugh Grant) überschaubares Londoner Leben. Julia Roberts spielt damit eine Figur, deren Status dem Publikum sofort glaubhaft erscheint. Hinter Auftritten und öffentlichen Bildern muss Anna aber auch Enttäuschung und Unsicherheit zeigen können. Genau diese Spannung macht die Begegnung mit dem zurückhaltenden Buchhändler romantisch und zugleich schwierig.","Cameron Diaz gehört nicht zum Hauptpaar.","Julia Roberts spielt Anna (Julia Roberts) Scott.","Sandra Bullock spielt Anna (Julia Roberts) Scott nicht.","Kate Winslet verkörpert diesen Filmstar nicht.","Julia Roberts ist der Star im Film über einen Star.","keine","https://en.wikipedia.org/wiki/Notting_Hill_(film)|https://www.imdb.com/title/tt0125439/plotsummary/","redaktionell_geprueft"
"ROM-M-005","K-ROM-03-03","","de","Film","Rom-Com","Notting Hill","Notting Hill","1999","","mittel","Figur","Prominenz|Privatsphäre|Soziale Unterschiede","Rom-Coms|Rom-Com-Klassiker|Julia Roberts|Hugh Grant","Williams Mitbewohner heißt Spike.","„Notting Hill“ (1999): Wie heißt Williams ungewöhnlicher Mitbewohner?","Spike","Martin","Max","Bernie","A","Williams (Hugh Grant) Mitbewohner heißt Spike (Rhys Ifans).","William (Hugh Grant) teilt sein Zuhause mit Spike (Rhys Ifans), dessen sorgloses Verhalten den Kontrast zu Annas (Julia Roberts) kontrollierter Öffentlichkeit verstärkt. Rhys Ifans macht aus dem Mitbewohner eine Quelle komischer Unberechenbarkeit. Für die Liebesgeschichte ist das wichtig: Privatsphäre lässt sich in diesem Haus nicht wie in einer abgeschirmten Hotelwelt organisieren, selbst wenn William sich genau das wünschen würde.","Williams (Hugh Grant) Mitbewohner heißt Spike (Rhys Ifans).","Martin (James Dreyfus) arbeitet in der Buchhandlung.","Max (Tim McInnerny) ist ein Freund aus Williams (Hugh Grant) Umfeld, nicht sein Mitbewohner.","Bernie (Hugh Bonneville) gehört zum Freundeskreis, wohnt aber nicht in dieser Rolle bei William (Hugh Grant).","Spike (Rhys Ifans) macht Williams (Hugh Grant) Privatleben unberechenbar.","Handlung","https://en.wikipedia.org/wiki/Notting_Hill_(film)|https://www.imdb.com/title/tt0125439/plotsummary/","redaktionell_geprueft"
"ROM-M-006","K-ROM-03-04","","de","Film","Rom-Com","Notting Hill","Notting Hill","1999","","mittel","Handlung","Prominenz|Privatsphäre|Soziale Unterschiede","Rom-Coms|Rom-Com-Klassiker|Julia Roberts|Hugh Grant","Der verschüttete Orangensaft führt zum Angebot, sich bei William zu säubern.","„Notting Hill“ (1999): Was führt nach Annas erstem Ladenbesuch zu einer weiteren Begegnung in Williams Wohnung?","Anna verliert ihren Reisepass in seinem Briefkasten.","William verschüttet Orangensaft über sie.","Williams Hund zerreißt Annas Drehbuch.","Anna verwechselt seine Wohnung mit einem Filmset.","B","Der verschüttete Orangensaft führt zum Angebot, sich bei William (Hugh Grant) zu säubern.","William (Hugh Grant) hat Anna (Julia Roberts) gerade erst in seiner Buchhandlung kennengelernt, als die Begegnung auf der Straße im kleinen Missgeschick endet. Das Angebot, Kleidung und Gesicht zu säubern, schafft einen privaten Moment. Der Film nutzt damit keinen großen gesellschaftlichen Anlass, sondern alltägliche Ungeschicklichkeit, um die Distanz zwischen berühmter Schauspielerin und gewöhnlichem Buchhändler kurzfristig zu überbrücken.","Ein verlorener Reisepass löst diesen Besuch nicht aus.","Der verschüttete Orangensaft führt zum Angebot, sich bei William (Hugh Grant) zu säubern.","Kein Hund zerstört ihr Drehbuch.","Anna (Julia Roberts) hält die Wohnung nicht für ein Set.","Orangensaft öffnet die Tür zu Williams (Hugh Grant) Privatleben.","Handlung","https://en.wikipedia.org/wiki/Notting_Hill_(film)|https://www.imdb.com/title/tt0125439/plotsummary/","redaktionell_geprueft"
"ROM-S-005","K-ROM-03-05","","de","Film","Rom-Com","Notting Hill","Notting Hill","1999","","schwer","Handlung","Prominenz|Privatsphäre|Soziale Unterschiede","Rom-Coms|Rom-Com-Klassiker|Julia Roberts|Hugh Grant","William nennt die Zeitschrift Horse & Hound.","„Notting Hill“ (1999): Für welche Zeitschrift gibt William sich beim Pressetermin als Reporter aus?","Horse & Hound","Vogue","National Geographic","Empire","A","William (Hugh Grant) nennt die Zeitschrift Horse & Hound.","William (Hugh Grant) gerät bei seinem Besuch bei Anna (Julia Roberts) in einen organisierten Pressetermin. Statt seine private Absicht offenzulegen, improvisiert er eine journalistische Identität. Das Pferde- und Jagdmagazin passt denkbar schlecht zur üblichen Filmwerbung. Hugh Grants zögerliche Fragen machen sichtbar, wie schwer es für die Figur ist, Annas berufliche Welt ohne Vorbereitung glaubwürdig zu betreten.","William (Hugh Grant) nennt die Zeitschrift Horse & Hound.","Vogue ist nicht die von ihm angegebene Zeitschrift.","National Geographic ist nicht seine improvisierte Tarnung.","Empire wäre naheliegend für Filmjournalismus, wird aber nicht genannt.","William (Hugh Grant) wird zum Filmreporter für Horse & Hound.","Handlung","https://en.wikipedia.org/wiki/Notting_Hill_(film)|https://www.imdb.com/title/tt0125439/plotsummary/","redaktionell_geprueft"
"ROM-S-006","K-ROM-03-06","","de","Film","Rom-Com","Notting Hill","Notting Hill","1999","","schwer","Handlung","Prominenz|Privatsphäre|Soziale Unterschiede","Rom-Coms|Rom-Com-Klassiker|Julia Roberts|Hugh Grant","Anna schenkt ihm Chagalls La Mariée, dessen Druck er besitzt.","„Notting Hill“ (1999): Welches persönliche Geschenk bringt Anna William als Versöhnungszeichen?","Die Eigentumsurkunde eines Kinos in Hollywood","Das Original eines von ihm geschätzten Chagall-Gemäldes","Einen unterschriebenen Vertrag als ihr neuer Agent","Eine Sammlung ihrer sämtlichen Filmpreise","B","Anna (Julia Roberts) schenkt ihm Chagalls La Mariée, dessen Druck er besitzt.","Anna (Julia Roberts) hat bemerkt, welches Bild William (Hugh Grant) in seiner Wohnung schätzt, und bringt ihm später das Original. Das Geschenk knüpft also an einen geteilten privaten Moment an. Sein Wert liegt für die Beziehung nicht nur im Preis, sondern in ihrer Aufmerksamkeit. Trotzdem kann eine teure Gabe die Angst vor erneuter Verletzung nicht einfach auflösen.","Sie schenkt ihm kein Kino.","Anna (Julia Roberts) schenkt ihm Chagalls La Mariée, dessen Druck er besitzt.","William (Hugh Grant) soll nicht ihr Agent werden.","Eine Sammlung von Filmpreisen ist nicht das Versöhnungsgeschenk.","Annas (Julia Roberts) Chagall-Geschenk erinnert an ihre gemeinsame Zeit.","Auflösung","https://en.wikipedia.org/wiki/Notting_Hill_(film)|https://www.imdb.com/title/tt0125439/plotsummary/","redaktionell_geprueft"
"ROM-L-007","K-ROM-04-01","","de","Film","Rom-Com","Schlaflos in Seattle","Sleepless in Seattle","1993","","leicht","Besetzung","Trauer|Fernbeziehung|Familie","Rom-Coms|Rom-Com-Klassiker|Meg Ryan|Tom Hanks","Tom Hanks spielt Sam Baldwin.","„Schlaflos in Seattle“ (1993): Wer spielt den verwitweten Sam Baldwin?","Bill Murray","Hugh Grant","Tom Hanks","Richard Gere","C","Tom Hanks spielt Sam (Tom Hanks) Baldwin.","Sam (Tom Hanks) lebt nach dem Tod seiner Frau mit seinem Sohn Jonah (Ross Malinger) zusammen. Tom Hanks spielt seine Trauer nicht als bloßes Hindernis für eine neue Romanze, sondern als fortbestehende Bindung. Dadurch bekommt die Suche nach Nähe ein besonderes Gewicht. Ein neuer Anfang muss hier Platz für die Vergangenheit lassen, statt die frühere Beziehung nachträglich bedeutungslos zu machen.","Bill Murray spielt Sam (Tom Hanks) nicht.","Hugh Grant gehört nicht zum zentralen Paar.","Tom Hanks spielt Sam (Tom Hanks) Baldwin.","Richard Gere verkörpert Sam (Tom Hanks) Baldwin nicht.","Tom Hanks ist der trauernde Vater Sam (Tom Hanks).","keine","https://en.wikipedia.org/wiki/Sleepless_in_Seattle|https://www.sonypictures.com/movies/sleeplessinseattle|https://catalog.afi.com/Film/59663-SLEEPLESS-INSEATTLE","redaktionell_geprueft"
"ROM-L-008","K-ROM-04-02","","de","Film","Rom-Com","Schlaflos in Seattle","Sleepless in Seattle","1993","","leicht","Handlung","Trauer|Fernbeziehung|Familie","Rom-Coms|Rom-Com-Klassiker|Meg Ryan|Tom Hanks","Annie hört Sams Geschichte im Radio.","„Schlaflos in Seattle“ (1993): Wie wird Annie erstmals auf Sams Geschichte aufmerksam?","Durch eine Kontaktanzeige in ihrer Zeitung","Durch einen Brief von Sams früherer Frau","Durch eine zufällige Begegnung im Krankenhaus","Durch eine Radiosendung mit telefonischen Anrufen","D","Annie (Meg Ryan) hört Sams (Tom Hanks) Geschichte im Radio.","Jonah (Ross Malinger) wendet sich wegen seines Vaters an eine Radiosendung. Sam (Tom Hanks) spricht dort schließlich über seinen Verlust, und Annie (Meg Ryan) hört zu. Obwohl beide räumlich weit voneinander entfernt sind, entsteht für sie ein Gefühl von Vertrautheit. Die Stimme ersetzt zunächst die persönliche Begegnung; der Film lässt romantische Erwartung damit vor allem aus Zuhören und Vorstellungskraft wachsen.","Sam (Tom Hanks) schaltet keine solche Kontaktanzeige.","Ein Brief seiner verstorbenen Frau ist nicht der Auslöser.","Ein Krankenhausbesuch verbindet sie hier nicht.","Annie (Meg Ryan) hört Sams (Tom Hanks) Geschichte im Radio.","Annie (Meg Ryan) hört Sam (Tom Hanks), bevor sie ihn kennenlernt.","Handlung","https://en.wikipedia.org/wiki/Sleepless_in_Seattle|https://www.sonypictures.com/movies/sleeplessinseattle|https://catalog.afi.com/Film/59663-SLEEPLESS-INSEATTLE","redaktionell_geprueft"
"ROM-M-007","K-ROM-04-03","","de","Film","Rom-Com","Schlaflos in Seattle","Sleepless in Seattle","1993","","mittel","Beziehung","Trauer|Fernbeziehung|Familie","Rom-Coms|Rom-Com-Klassiker|Meg Ryan|Tom Hanks","Jonah ist Sams Sohn und sorgt sich um ihn.","„Schlaflos in Seattle“ (1993): Welche Beziehung besteht zwischen Jonah und Sam?","Jonah ist Sams Schüler.","Jonah ist Sams jüngerer Bruder.","Jonah ist Sams Sohn.","Jonah ist Sams Neffe.","C","Jonah (Ross Malinger) ist Sams (Tom Hanks) Sohn und sorgt sich um ihn.","Jonah (Ross Malinger) möchte, dass Sam (Tom Hanks) wieder glücklich wird, und greift dafür eigenständig in dessen Liebesleben ein. Ross Malinger spielt keinen bloßen Beobachter der Erwachsenenhandlung. Der Sohn setzt die Geschichte mehrfach in Bewegung. Zugleich zeigt sich ein Konflikt: Seine gut gemeinten Vorstellungen von der richtigen Partnerin müssen nicht mit den Entscheidungen des Vaters übereinstimmen.","Eine Lehrer-Schüler-Beziehung beschreibt ihre Verbindung nicht.","Die beiden sind Vater und Sohn, keine Brüder.","Jonah (Ross Malinger) ist Sams (Tom Hanks) Sohn und sorgt sich um ihn.","Sam (Tom Hanks) ist sein Vater, nicht sein Onkel.","Jonah (Ross Malinger) sucht einen Neuanfang für seinen Vater.","Handlung","https://en.wikipedia.org/wiki/Sleepless_in_Seattle|https://www.sonypictures.com/movies/sleeplessinseattle|https://catalog.afi.com/Film/59663-SLEEPLESS-INSEATTLE","redaktionell_geprueft"
"ROM-M-008","K-ROM-04-04","","de","Film","Rom-Com","Schlaflos in Seattle","Sleepless in Seattle","1993","","mittel","Schauplatz","Trauer|Fernbeziehung|Familie","Rom-Coms|Rom-Com-Klassiker|Meg Ryan|Tom Hanks","Das abschließende Treffen findet am Empire State Building statt.","„Schlaflos in Seattle“ (1993): An welchem New Yorker Wahrzeichen treffen Sam und Annie am Ende zusammen?","Im Hauptsaal des Grand Central Terminal","Auf der Brooklyn Bridge","An der Freiheitsstatue","Am Empire State Building","D","Das abschließende Treffen findet am Empire State Building statt.","Annie (Meg Ryan) verbindet ihre Hoffnung auf Sam (Tom Hanks) mit einem verabredeten Treffen hoch über New York. Jonah (Ross Malinger) nimmt diese Möglichkeit besonders ernst und wird zum Motor der Reise. Der Ort bündelt die große romantische Erwartung, aber das tatsächliche Zusammentreffen bleibt vergleichsweise leise. Tom Hanks und Meg Ryan müssen sich dort nicht erst durch eine lange Erklärung verständigen.","Die beiden finden nicht im Bahnhof zueinander.","Die Brooklyn Bridge bildet nicht den Schauplatz dieser Begegnung.","Die Freiheitsstatue ist nicht der finale Treffpunkt.","Das abschließende Treffen findet am Empire State Building statt.","Der Weg zueinander endet über New York.","Auflösung","https://en.wikipedia.org/wiki/Sleepless_in_Seattle|https://www.sonypictures.com/movies/sleeplessinseattle|https://catalog.afi.com/Film/59663-SLEEPLESS-INSEATTLE","redaktionell_geprueft"
"ROM-S-007","K-ROM-04-05","","de","Film","Rom-Com","Schlaflos in Seattle","Sleepless in Seattle","1993","","schwer","Filmgeschichte","Trauer|Fernbeziehung|Familie","Rom-Coms|Rom-Com-Klassiker|Meg Ryan|Tom Hanks","An Affair to Remember, deutsch Die große Liebe meines Lebens, ist das Vorbild.","„Schlaflos in Seattle“ (1993): Welcher ältere Liebesfilm prägt Annies Vorstellung vom Treffen am Empire State Building?","Casablanca","Frühstück bei Tiffany","Die große Liebe meines Lebens","Vom Winde verweht","C","An Affair to Remember, deutsch Die große Liebe meines Lebens, ist das Vorbild.","Annie (Meg Ryan) nimmt ihre romantische Vorstellung nicht allein aus Sams (Tom Hanks) Radiogespräch. Der ältere Film mit Cary Grant und Deborah Kerr bietet ihr ein Bild dafür, wie Schicksal und Wiedersehen aussehen könnten. Meg Ryans Figur betrachtet ihr eigenes Leben durch diese filmische Erwartung. Schlaflos in Seattle erzählt deshalb auch davon, wie Liebesfilme unsere Vorstellungen von Liebe mitformen.","Casablanca liefert nicht das konkrete Vorbild für diesen Treffpunkt.","Frühstück bei Tiffany ist nicht die bezogene Verabredungsgeschichte.","An Affair to Remember, deutsch Die große Liebe meines Lebens, ist das Vorbild.","Vom Winde verweht begründet dieses Treffen nicht.","Annies (Meg Ryan) Liebesideal hat ein Vorbild mit Cary Grant und Deborah Kerr.","Handlung","https://en.wikipedia.org/wiki/Sleepless_in_Seattle|https://www.sonypictures.com/movies/sleeplessinseattle|https://catalog.afi.com/Film/59663-SLEEPLESS-INSEATTLE","redaktionell_geprueft"
"ROM-S-008","K-ROM-04-06","","de","Film","Rom-Com","Schlaflos in Seattle","Sleepless in Seattle","1993","","schwer","Handlung","Trauer|Fernbeziehung|Familie","Rom-Coms|Rom-Com-Klassiker|Meg Ryan|Tom Hanks","Der vergessene Rucksack führt die beiden zurück zu Annie.","„Schlaflos in Seattle“ (1993): Warum kehren Sam und Jonah noch einmal auf die Aussichtsplattform zurück?","Annie lässt beide vom Sicherheitsdienst zurückrufen.","Ein Stromausfall hält den Aufzug an.","Sam hat dort seinen Ehering verloren.","Jonah hat seinen Rucksack zurückgelassen.","D","Der vergessene Rucksack führt die beiden zurück zu Annie (Meg Ryan).","Annie (Meg Ryan) kommt zunächst zu spät auf die Plattform, findet aber Jonahs (Ross Malinger) zurückgelassenen Rucksack. Als Sam (Tom Hanks) mit dem Jungen zurückkehrt, wird aus dem scheinbar verpassten Treffen doch noch eine Begegnung. Ein gewöhnlicher Gegenstand übernimmt damit eine wichtige erzählerische Aufgabe: Er hält den Moment offen, in dem die räumlich getrennten Lebensgeschichten endlich zusammenfinden.","Annie (Meg Ryan) veranlasst keinen Rückruf durch die Sicherheitskräfte.","Der Aufzug wird nicht durch einen Stromausfall zum entscheidenden Hindernis.","Sams (Tom Hanks) Ehering ist nicht der Grund der Rückkehr.","Der vergessene Rucksack führt die beiden zurück zu Annie (Meg Ryan).","Jonahs (Ross Malinger) Rucksack verhindert das endgültige Verpassen.","Auflösung","https://en.wikipedia.org/wiki/Sleepless_in_Seattle|https://www.sonypictures.com/movies/sleeplessinseattle|https://catalog.afi.com/Film/59663-SLEEPLESS-INSEATTLE","redaktionell_geprueft"
"ROM-L-009","K-ROM-05-01","","de","Film","Rom-Com","E-m@il für Dich","You've Got Mail","1998","","leicht","Besetzung","Online-Liebe|Beruf und Liebe|Großstadt","Rom-Coms|Rom-Com-Klassiker|Meg Ryan|Tom Hanks","Meg Ryan und Tom Hanks spielen Kathleen und Joe.","„E-m@il für Dich“ (1998): Welches Paar spielt Kathleen Kelly und Joe Fox?","Meg Ryan und Tom Hanks","Drew Barrymore und Adam Sandler","Sandra Bullock und Bill Pullman","Julia Roberts und Hugh Grant","A","Meg Ryan und Tom Hanks spielen Kathleen (Meg Ryan) und Joe (Tom Hanks).","Kathleen (Meg Ryan) und Joe (Tom Hanks) wirken im persönlichen Umgang zunächst keineswegs wie ein ideales Paar. Meg Ryan und Tom Hanks müssen deshalb zwei Arten von Nähe gleichzeitig vermitteln: vertrauliche schriftliche Gedanken und gereizte Begegnungen im Alltag. Das Publikum kennt die Verbindung früher als beide Figuren. Daraus entstehen komische Missverständnisse, aber auch Fragen nach Offenheit und fairer Behandlung.","Meg Ryan und Tom Hanks spielen Kathleen (Meg Ryan) und Joe (Tom Hanks).","Barrymore und Sandler spielen andere bekannte Rom-Com-Paare.","Bullock und Pullman bilden das Paar in Während Du schliefst.","Dieses Paar gehört zu Notting Hill, nicht zu E-m@il für Dich.","Ryan und Hanks lieben sich schriftlich und streiten persönlich.","keine","https://en.wikipedia.org/wiki/You%27ve_Got_Mail|https://www.rottentomatoes.com/m/youve_got_mail/cast-and-crew","redaktionell_geprueft"
"ROM-L-010","K-ROM-05-02","","de","Film","Rom-Com","E-m@il für Dich","You've Got Mail","1998","","leicht","Handlung","Online-Liebe|Beruf und Liebe|Großstadt","Rom-Coms|Rom-Com-Klassiker|Meg Ryan|Tom Hanks","Die vertrauten Online-Partner sind zugleich Konkurrenten im Buchhandel.","„E-m@il für Dich“ (1998): Was wissen Kathleen und Joe anfangs nicht über ihre vertrauten E-Mail-Kontakte?","Ihre Nachrichten erscheinen öffentlich in einer Zeitung.","Sie schreiben jeweils mit ihrem geschäftlichen Gegenspieler.","Ihre jeweiligen Eltern beantworten die Nachrichten.","Beide Kontakte werden von derselben Agentur erfunden.","B","Die vertrauten Online-Partner sind zugleich Konkurrenten im Buchhandel.","Kathleen (Meg Ryan) vertraut ihrem unbekannten Schreibpartner Gedanken an, die sie Joe (Tom Hanks) im Geschäftsalltag kaum so offen sagen würde. Umgekehrt zeigt sich auch bei ihm eine andere Seite. Der Film trennt zunächst Name und Persönlichkeit. Diese Anordnung macht die Annäherung reizvoll, verschärft aber später das Problem, wenn einer mehr über die Identitäten weiß als der andere.","Es handelt sich um private Nachrichten, keine Zeitungskolumne.","Die vertrauten Online-Partner sind zugleich Konkurrenten im Buchhandel.","Die Eltern führen den Austausch nicht stellvertretend.","Die Kontakte sind reale Personen, keine Agenturprofile.","Online-Vertraute sind im Alltag Buchhandelsgegner.","Handlung","https://en.wikipedia.org/wiki/You%27ve_Got_Mail|https://www.rottentomatoes.com/m/youve_got_mail/cast-and-crew","redaktionell_geprueft"
"ROM-M-009","K-ROM-05-03","","de","Film","Rom-Com","E-m@il für Dich","You've Got Mail","1998","","mittel","Schauplatz","Online-Liebe|Beruf und Liebe|Großstadt","Rom-Coms|Rom-Com-Klassiker|Meg Ryan|Tom Hanks","Kathleen betreibt eine kleine Kinderbuchhandlung.","„E-m@il für Dich“ (1998): Was für ein Geschäft führt Kathleen Kelly (Meg Ryan)?","Eine unabhängige Kinderbuchhandlung","Eine Agentur für Reiseberichte","Ein Antiquariat für juristische Fachbücher","Eine Filiale einer großen Schreibwarenkette","A","Kathleen Kelly (Meg Ryan) betreibt eine unabhängige Kinderbuchhandlung.","Kathleen Kelly (Meg Ryan) hat die Kinderbuchhandlung The Shop Around the Corner von ihrer Mutter übernommen. Joe Fox (Tom Hanks) eröffnet in der Nähe eine große Fox-Books-Filiale, deren günstigere Preise ihr zusetzen. Gleichzeitig tauschen sie unter den Namen Shopgirl und NY152 vertrauliche E-Mails aus, ohne zunächst die Geschäftsgegner zu erkennen. Kathleens Sorgen um den Laden gelangen dadurch auch zu dem Mann, dessen Unternehmen ihn bedroht.","Richtig. Kathleen Kelly (Meg Ryan) betreibt eine unabhängige Kinderbuchhandlung.","Kathleen (Meg Ryan) vermittelt keine Reiseberichte als Agentin.","Juristische Fachliteratur ist nicht die Ausrichtung des Ladens.","Ihr Laden ist unabhängig und auf Kinderbücher spezialisiert.","Kathleens (Meg Ryan) Kinderbuchladen ist Geschäft und Familienerinnerung.","Handlung","https://en.wikipedia.org/wiki/You%27ve_Got_Mail|https://www.rottentomatoes.com/m/youve_got_mail/cast-and-crew","redaktionell_geprueft"
"ROM-M-010","K-ROM-05-04","","de","Film","Rom-Com","E-m@il für Dich","You've Got Mail","1998","","mittel","Figur","Online-Liebe|Beruf und Liebe|Großstadt","Rom-Coms|Rom-Com-Klassiker|Meg Ryan|Tom Hanks","Joe erkennt Kathleen vor dem vereinbarten Treffen im Café.","„E-m@il für Dich“ (1998): Wer erkennt zuerst, mit wem er oder sie online schreibt?","Patricia enthüllt die Identitäten beim Buchhändlerball.","Joe erkennt Kathleen vor dem geplanten Café-Treffen.","Kathleen erkennt Joe bei ihrer ersten Nachricht.","Frank entdeckt alles und informiert beide gleichzeitig.","B","Joe (Tom Hanks) erkennt Kathleen (Meg Ryan) vor dem vereinbarten Treffen im Café.","Joe (Tom Hanks) erfährt, wer im Café auf seinen Online-Namen wartet, und verfügt danach über einen Wissensvorsprung. Kathleen (Meg Ryan) erlebt die Begegnung weiterhin als Zusammentreffen mit ihrem Konkurrenten. Tom Hanks muss diesen doppelten Boden ausspielen: Jede Bemerkung kann in zwei Beziehungen wirken. Für das Publikum bleibt damit neben der Komik die Frage bestehen, wann er ehrlich werden wird.","Patricia (Parker Posey) übernimmt keine solche Enthüllung.","Joe (Tom Hanks) erkennt Kathleen (Meg Ryan) vor dem vereinbarten Treffen im Café.","Kathleen (Meg Ryan) kennt die Identität nicht seit dem ersten Austausch.","Frank (Greg Kinnear) löst das Geheimnis nicht gleichzeitig für beide.","Joe (Tom Hanks) weiß früher, dass die Schreibpartnerin Kathleen (Meg Ryan) ist.","Handlung","https://en.wikipedia.org/wiki/You%27ve_Got_Mail|https://www.rottentomatoes.com/m/youve_got_mail/cast-and-crew","redaktionell_geprueft"
"ROM-S-009","K-ROM-05-05","","de","Film","Rom-Com","E-m@il für Dich","You've Got Mail","1998","","schwer","Handlung","Online-Liebe|Beruf und Liebe|Großstadt","Rom-Coms|Rom-Com-Klassiker|Meg Ryan|Tom Hanks","Kathleen kann die Schließung ihres Ladens nicht verhindern.","„E-m@il für Dich“ (1998): Was geschieht trotz Kathleens Gegenwehr mit ihrer Buchhandlung?","Sie muss schließen.","Sie wird von Joe heimlich an ihre Mutter zurückgegeben.","Sie wird in eine öffentliche Bibliothek umgewandelt.","Sie übernimmt die benachbarte Filiale von Fox Books.","A","Kathleen (Meg Ryan) kann die Schließung ihres Ladens nicht verhindern.","Kathleen (Meg Ryan) mobilisiert Unterstützung, doch ihr Laden hält dem wirtschaftlichen Druck nicht stand. Die Liebesgeschichte mit Joe (Tom Hanks) löst diesen Verlust nicht durch eine wundersame Rettung des Geschäfts auf. Gerade das macht die Situation ambivalent: Persönliches Verständnis und strukturelle Konkurrenz sind verschiedene Dinge. Ein neuer beruflicher Weg muss aus dem entstehen, was nach der Schließung möglich wird.","Kathleen (Meg Ryan) kann die Schließung ihres Ladens nicht verhindern.","Ihre Mutter kann den Laden nicht auf diese Weise zurückerhalten.","Eine kommunale Bibliothek entsteht dort nicht als Lösung.","Kathleen (Meg Ryan) kauft die große Konkurrenzfiliale nicht auf.","Die Romanze rettet Kathleens (Meg Ryan) Laden nicht.","Handlung","https://en.wikipedia.org/wiki/You%27ve_Got_Mail|https://www.rottentomatoes.com/m/youve_got_mail/cast-and-crew","redaktionell_geprueft"
"ROM-S-010","K-ROM-05-06","","de","Film","Rom-Com","E-m@il für Dich","You've Got Mail","1998","","schwer","Filmgeschichte","Online-Liebe|Beruf und Liebe|Großstadt","Rom-Coms|Rom-Com-Klassiker|Meg Ryan|Tom Hanks","Der Ladenname verweist auf The Shop Around the Corner von Ernst Lubitsch.","„E-m@il für Dich“ (1998): Auf welchen Filmklassiker verweist der Name von Kathleens Laden „The Shop Around the Corner“?","Die große Liebe meines Lebens","Rendezvous nach Ladenschluss","Leoparden küsst man nicht","Die Nacht vor der Hochzeit","B","Der Ladenname verweist auf The Shop Around the Corner von Ernst Lubitsch.","Kathleen (Meg Ryan) und Joe (Tom Hanks) sind eine moderne Variante einer älteren romantischen Konstellation: Menschen schreiben einander vertraulich, während sie im Alltag miteinander streiten. Der Ladenname erinnert ausdrücklich an Lubitschs Film mit Margaret Sullavan und James Stewart. Nora Ephrons Version verlegt die schriftliche Nähe ins E-Mail-Zeitalter und ergänzt den Gegensatz zwischen kleinem Geschäft und großer Kette.","Die große Liebe meines Lebens ist die wichtigere Filmreferenz in Schlaflos in Seattle.","Der Ladenname verweist auf The Shop Around the Corner von Ernst Lubitsch.","Leoparden küsst man nicht liefert diesen Ladennamen nicht.","Die Nacht vor der Hochzeit ist ein anderer Klassiker.","Der Ladenname grüßt Lubitschs ältere Briefromanze.","keine","https://en.wikipedia.org/wiki/You%27ve_Got_Mail|https://www.rottentomatoes.com/m/youve_got_mail/cast-and-crew","redaktionell_geprueft"
"ROM-L-011","K-ROM-06-01","","de","Film","Rom-Com","Vier Hochzeiten und ein Todesfall","Four Weddings and a Funeral","1994","","leicht","Besetzung","Hochzeit|Freundschaft|Bindungsangst","Rom-Coms|Rom-Com-Klassiker|Hochzeitsfilme|Hugh Grant","Hugh Grant spielt Charles.","„Vier Hochzeiten und ein Todesfall“ (1994): Wer spielt Charles, der Carrie auf mehreren Feiern wiederbegegnet?","Ralph Fiennes","Rupert Everett","Hugh Grant","Colin Firth","C","Hugh Grant spielt Charles (Hugh Grant).","Charles (Hugh Grant) bewegt sich durch einen Freundeskreis, in dem andere scheinbar ständig heiraten. Hugh Grant verbindet seine sprachliche Gewandtheit mit einer auffälligen Unfähigkeit, im entscheidenden Moment Klarheit zu schaffen. Carrie (Andie MacDowell) bringt diese Unsicherheit besonders deutlich zum Vorschein. Der Film nutzt festliche Anlässe deshalb nicht nur als romantische Kulisse, sondern als Prüfungen seines Verhältnisses zu dauerhafter Bindung.","Ralph Fiennes gehört nicht zum zentralen Paar.","Rupert Everett verkörpert Charles (Hugh Grant) nicht.","Hugh Grant spielt Charles (Hugh Grant).","Colin Firth spielt Charles (Hugh Grant) nicht.","Hugh Grants Charles (Hugh Grant) ist redegewandt und bindungsscheu.","keine","https://en.wikipedia.org/wiki/Four_Weddings_and_a_Funeral|https://www.imdb.com/title/tt0109831/plotsummary/","redaktionell_geprueft"
"ROM-L-012","K-ROM-06-02","","de","Film","Rom-Com","Vier Hochzeiten und ein Todesfall","Four Weddings and a Funeral","1994","","leicht","Beziehung","Hochzeit|Freundschaft|Bindungsangst","Rom-Coms|Rom-Com-Klassiker|Hochzeitsfilme|Hugh Grant","Charles verliebt sich in Carrie.","„Vier Hochzeiten und ein Todesfall“ (1994): In wen verliebt sich Charles bei den wiederkehrenden Hochzeitsbegegnungen?","In die Braut Lydia","In die Freundin seines Bruders Serena","In seine Mitbewohnerin Scarlett","In die Amerikanerin Carrie","D","Charles (Hugh Grant) verliebt sich in Carrie (Andie MacDowell).","Charles (Hugh Grant) und Carrie (Andie MacDowell) begegnen sich immer wieder, aber selten unter passenden Voraussetzungen. Die Hochzeiten anderer Menschen geben ihnen kurze Zeitfenster, ohne ihre Unsicherheiten zu beseitigen. Andie MacDowells Figur ist dabei nicht einfach die wartende Belohnung für ihn. Sie trifft eigene Entscheidungen, sodass die Romanze auch von verpassten Gelegenheiten und dem Mut zur rechtzeitigen Offenheit handelt.","Lydia heiratet einen anderen Freund.","Serena gehört zur Beziehungsgeschichte seines Bruders.","Scarlett ist seine Mitbewohnerin, nicht die zentrale neue Liebe.","Charles (Hugh Grant) verliebt sich in Carrie (Andie MacDowell).","Carrie (Andie MacDowell) ist Charles’ (Hugh Grant) wiederkehrende, oft verpasste Gelegenheit.","Handlung","https://en.wikipedia.org/wiki/Four_Weddings_and_a_Funeral|https://www.imdb.com/title/tt0109831/plotsummary/","redaktionell_geprueft"
"ROM-M-011","K-ROM-06-03","","de","Film","Rom-Com","Vier Hochzeiten und ein Todesfall","Four Weddings and a Funeral","1994","","mittel","Beziehung","Hochzeit|Freundschaft|Bindungsangst","Rom-Coms|Rom-Com-Klassiker|Hochzeitsfilme|Hugh Grant","Fiona hat seit Langem Gefühle für Charles.","„Vier Hochzeiten und ein Todesfall“ (1994): Welche Freundin gesteht Charles ihre lange unerwiderte Liebe?","Lydia","Laura","Fiona","Scarlett","C","Fiona (Kristin Scott Thomas) hat seit Langem Gefühle für Charles (Hugh Grant).","Fiona (Kristin Scott Thomas) wirkt im Freundeskreis oft souverän und distanziert. Ihr Geständnis an Charles (Hugh Grant) zeigt jedoch, dass diese Haltung auch Verletzlichkeit verdeckt. Kristin Scott Thomas gibt der Figur eine eigene Liebesgeschichte, obwohl daraus keine Paarbildung entsteht. Der Moment erweitert den Film: Nicht jedes aufrichtige Gefühl wird erwidert, und Freundschaft muss manchmal mit dieser Ungleichheit weiterleben.","Lydia ist nicht die heimlich seit Langem verliebte Freundin.","Laura übernimmt diese Rolle nicht.","Fiona (Kristin Scott Thomas) hat seit Langem Gefühle für Charles (Hugh Grant).","Scarlett ist nicht die Freundin mit diesem Geständnis.","Fionas (Kristin Scott Thomas) kühle Fassade verdeckt unerwiderte Liebe.","Handlung","https://en.wikipedia.org/wiki/Four_Weddings_and_a_Funeral|https://www.imdb.com/title/tt0109831/plotsummary/","redaktionell_geprueft"
"ROM-M-012","K-ROM-06-04","","de","Film","Rom-Com","Vier Hochzeiten und ein Todesfall","Four Weddings and a Funeral","1994","","mittel","Handlung","Hochzeit|Freundschaft|Bindungsangst","Rom-Coms|Rom-Com-Klassiker|Hochzeitsfilme|Hugh Grant","Gareth stirbt während einer Hochzeitsfeier.","„Vier Hochzeiten und ein Todesfall“ (1994): Wessen Tod führt zur titelgebenden Beerdigung?","Hamishs","Toms","Charles’","Gareths","D","Gareth (Simon Callow) stirbt während einer Hochzeitsfeier.","Der Tod von Gareth (Simon Callow) unterbricht die Abfolge ausgelassener Feiern. Matthew (John Hannah) verliert damit seinen Partner, nicht bloß einen Bekannten aus der Gruppe. Simon Callows lebhafte Darstellung macht die plötzliche Abwesenheit besonders spürbar. Die Freunde müssen erkennen, dass eine tiefe Bindung bereits mitten unter ihnen existierte, auch wenn sie nicht durch eine Hochzeit bestätigt worden war.","Hamish stirbt bei dieser Feier nicht.","Tom ist nicht der Verstorbene der titelgebenden Beerdigung.","Charles (Hugh Grant) überlebt die Ereignisse.","Gareth (Simon Callow) stirbt während einer Hochzeitsfeier.","Die Beerdigung gilt Gareth (Simon Callow), Matthews (John Hannah) Partner.","Auflösung","https://en.wikipedia.org/wiki/Four_Weddings_and_a_Funeral|https://www.imdb.com/title/tt0109831/plotsummary/","redaktionell_geprueft"
"ROM-S-011","K-ROM-06-05","","de","Film","Rom-Com","Vier Hochzeiten und ein Todesfall","Four Weddings and a Funeral","1994","","schwer","Handlung","Hochzeit|Freundschaft|Bindungsangst","Rom-Coms|Rom-Com-Klassiker|Hochzeitsfilme|Hugh Grant","David spricht Charles’ Zweifel mithilfe von Gebärdensprache aus.","„Vier Hochzeiten und ein Todesfall“ (1994): Wie bringt David Charles’ geplante Hochzeit zum Stillstand?","Er lässt die Kirche wegen eines Brandalarms räumen.","Er gesteht, selbst heimlich mit der Braut verheiratet zu sein.","Er äußert in Gebärdensprache Zweifel an Charles’ Liebe zur Braut.","Er zeigt einen noch gültigen Ehevertrag der Braut.","C","David (David Bower) spricht Charles’ (Hugh Grant) Zweifel mithilfe von Gebärdensprache aus.","Charles (Hugh Grant) steht vor der Hochzeit mit Henrietta (Anna Chancellor), obwohl seine Gefühle nicht geklärt sind. David (David Bower) zwingt ihn durch seinen Einwand, diese Unsicherheit nicht weiter hinter gesellschaftlicher Höflichkeit zu verstecken. David Bower spielt den Bruder als handelnde Figur mit Einfluss auf den Ausgang. Die Szene macht Kommunikation wichtiger als das bloße Fortsetzen einer bereits begonnenen Zeremonie.","Er organisiert keinen Brandalarm.","David (David Bower) ist nicht der heimliche Ehemann der Braut.","David (David Bower) spricht Charles’ (Hugh Grant) Zweifel mithilfe von Gebärdensprache aus.","Ein alter Ehevertrag ist nicht Davids (David Bower) Argument.","Davids (David Bower) Einwand bringt Charles (Hugh Grant) zur Ehrlichkeit.","Auflösung","https://en.wikipedia.org/wiki/Four_Weddings_and_a_Funeral|https://www.imdb.com/title/tt0109831/plotsummary/","redaktionell_geprueft"
"ROM-S-012","K-ROM-06-06","","de","Film","Rom-Com","Vier Hochzeiten und ein Todesfall","Four Weddings and a Funeral","1994","","schwer","Handlung","Hochzeit|Freundschaft|Bindungsangst","Rom-Coms|Rom-Com-Klassiker|Hochzeitsfilme|Hugh Grant","Charles und Carrie entscheiden sich für eine Bindung ohne Hochzeit.","„Vier Hochzeiten und ein Todesfall“ (1994): Welche Vereinbarung treffen Charles und Carrie am Ende?","Sie wollen endgültig auf eine Beziehung verzichten.","Sie wollen sich nur jedes Jahr an Weihnachten sehen.","Sie wollen sofort die ausgefallene Hochzeit nachholen.","Sie wollen zusammenbleiben, ohne zu heiraten.","D","Charles (Hugh Grant) und Carrie (Andie MacDowell) entscheiden sich für eine Bindung ohne Hochzeit.","Nach all den Hochzeitsfeiern formuliert Charles (Hugh Grant) gegenüber Carrie (Andie MacDowell) einen anderen Wunsch: dauerhaft zusammen sein, ohne eine Trauung zum notwendigen Beweis zu machen. Das Ende verwirft damit nicht Verbindlichkeit, sondern trennt sie von einer bestimmten gesellschaftlichen Form. Hugh Grant und Andie MacDowell spielen die Entscheidung als persönliche Verständigung nach vielen Gelegenheiten, aneinander vorbeizureden.","Sie verzichten auf die Hochzeit, nicht aufeinander.","Ein jährliches Weihnachtstreffen ersetzt ihre Beziehung nicht.","Eine spontane Ersatzhochzeit ist nicht ihre Vereinbarung.","Charles (Hugh Grant) und Carrie (Andie MacDowell) entscheiden sich für eine Bindung ohne Hochzeit.","Charles (Hugh Grant) und Carrie (Andie MacDowell) wählen Bindung ohne Trauschein.","Auflösung","https://en.wikipedia.org/wiki/Four_Weddings_and_a_Funeral|https://www.imdb.com/title/tt0109831/plotsummary/","redaktionell_geprueft"
"ROM-L-013","K-ROM-07-01","","de","Film","Rom-Com","Bridget Jones – Schokolade zum Frühstück","Bridget Jones's Diary","2001","Bridget Jones","leicht","Besetzung","Selbstbild|Dreiecksbeziehung|Beruf und Liebe","Rom-Coms|Bridget Jones|Hugh Grant","Renée Zellweger spielt Bridget Jones.","„Bridget Jones – Schokolade zum Frühstück“ (2001): Wer spielt Bridget Jones?","Renée Zellweger","Kate Winslet","Cameron Diaz","Drew Barrymore","A","Renée Zellweger spielt Bridget Jones.","Bridget Jones (Renée Zellweger) versucht, ihr Leben mit Vorsätzen und einem Tagebuch neu zu ordnen. Dabei geraten ihre eigenen Bewertungen immer wieder mit dem wirklichen Alltag aneinander. Ihr Chef Daniel Cleaver (Hugh Grant) zieht sie an, während Mark Darcy (Colin Firth) zunächst abweisend wirkt. Die Liebesgeschichte entwickelt sich aus diesen widersprüchlichen ersten Eindrücken und Bridgets Versuch, zwischen Selbstkritik, beruflichem Alltag und ihren Gefühlen zurechtzukommen.","Renée Zellweger verkörpert Bridget Jones.","Kate Winslet spielt Bridget Jones in diesem Film nicht.","Cameron Diaz ist nicht die Darstellerin von Bridget Jones.","Drew Barrymore verkörpert Bridget Jones in diesem Film nicht.","Renée Zellweger ist Bridget Jones.","keine","https://www.miramax.com/movie/bridget-joness-diary/|https://www.miramax.com/profile/colin-firth/","redaktionell_geprueft"
"ROM-L-014","K-ROM-07-02","","de","Film","Rom-Com","Bridget Jones – Schokolade zum Frühstück","Bridget Jones's Diary","2001","Bridget Jones","leicht","Handlung","Selbstbild|Dreiecksbeziehung|Beruf und Liebe","Rom-Coms|Bridget Jones|Hugh Grant","Bridget beginnt, ein Tagebuch zu führen.","„Bridget Jones – Schokolade zum Frühstück“ (2001): Worin hält Bridget ihre Vorsätze und persönlichen Missgeschicke fest?","In einem öffentlichen Gerichtsprotokoll","In einem Tagebuch","In einer anonymen Radiosendung","In Briefen an ihre frühere Lehrerin","B","Bridget (Renée Zellweger) beginnt, ein Tagebuch zu führen.","Das Tagebuch gibt Bridget (Renée Zellweger) einen privaten Raum für Vorsätze, Selbstkritik und spontane Urteile. Gerade diese Ungefiltertheit unterscheidet es von ihrem Auftreten vor anderen. Wenn Mark (Colin Firth) später darin liest, trifft eine frühere Momentaufnahme auf eine längst veränderte Beziehung. Der Gegenstand erinnert daran, dass ein niedergeschriebener Eindruck nicht zwingend die endgültige Wahrheit über einen Menschen ist.","Ein Gerichtsprotokoll hat mit dieser privaten Selbstbeobachtung nichts zu tun.","Bridget (Renée Zellweger) beginnt, ein Tagebuch zu führen.","Sie führt ihre persönliche Chronik nicht als Radiosendung.","Briefe an eine Lehrerin sind nicht das zentrale Medium.","Bridgets (Renée Zellweger) Tagebuch bewahrt Gedanken, nicht endgültige Urteile.","Handlung","https://en.wikipedia.org/wiki/Bridget_Jones%27s_Diary|https://www.miramax.com/movie/bridget-joness-diary/","redaktionell_geprueft"
"ROM-M-013","K-ROM-07-03","","de","Film","Rom-Com","Bridget Jones – Schokolade zum Frühstück","Bridget Jones's Diary","2001","Bridget Jones","mittel","Beziehung","Selbstbild|Dreiecksbeziehung|Beruf und Liebe","Rom-Coms|Bridget Jones|Hugh Grant","Daniel ist Bridgets Chef im Verlag.","„Bridget Jones – Schokolade zum Frühstück“ (2001): Welche berufliche Beziehung hat Bridget anfangs zu Daniel Cleaver?","Er ist ihr Vorgesetzter im Verlag.","Er ist ihr persönlicher Steuerberater.","Er ist ihr behandelnder Arzt.","Er ist der Regisseur ihrer Fernsehsendung.","A","Daniel (Hugh Grant) ist Bridgets (Renée Zellweger) Chef im Verlag.","Bridget (Renée Zellweger) fühlt sich zu Daniel (Hugh Grant) hingezogen, noch bevor aus dem Flirt eine Beziehung wird. Seine Rolle als Vorgesetzter verbindet berufliche Anerkennung mit persönlicher Aufmerksamkeit. Hugh Grant spielt den charmanten Mann bewusst anders als einen verlässlich zurückhaltenden Liebeshelden. Die Frage für Bridget ist deshalb nicht nur, ob jemand sie begehrt, sondern ob sie seinem Verhalten vertrauen kann.","Daniel (Hugh Grant) ist Bridgets (Renée Zellweger) Chef im Verlag.","Eine steuerliche Beratung verbindet sie nicht.","Daniel (Hugh Grant) arbeitet nicht als ihr Arzt.","Bridgets (Renée Zellweger) anfänglicher Arbeitsplatz ist ein Verlag, keine von Daniel (Hugh Grant) geleitete Fernsehproduktion.","Daniel (Hugh Grant) ist zunächst zugleich Chef und Schwarm.","Handlung","https://en.wikipedia.org/wiki/Bridget_Jones%27s_Diary|https://www.miramax.com/movie/bridget-joness-diary/","redaktionell_geprueft"
"ROM-M-014","K-ROM-07-04","","de","Film","Rom-Com","Bridget Jones – Schokolade zum Frühstück","Bridget Jones's Diary","2001","Bridget Jones","mittel","Handlung","Selbstbild|Dreiecksbeziehung|Beruf und Liebe","Rom-Coms|Bridget Jones|Hugh Grant","Bridget nimmt eine Stelle beim Fernsehen an.","„Bridget Jones – Schokolade zum Frühstück“ (2001): In welchen beruflichen Bereich wechselt Bridget nach dem Bruch mit Daniel?","In die Strafverteidigung","Ins Fernsehen","In den Hotelbetrieb","In die Architektur","B","Bridget (Renée Zellweger) nimmt eine Stelle beim Fernsehen an.","Nach der Enttäuschung über Daniel (Hugh Grant) sucht Bridget (Renée Zellweger) auch beruflich einen neuen Anfang. Vor der Kamera werden ihre Unsicherheiten plötzlich öffentlich sichtbar. Doch die unbeholfenen Situationen bedeuten nicht, dass sie ohne Fähigkeiten bleibt. Mark (Colin Firth) hilft ihr später bei einem wichtigen Interview. Damit zeigt sich Unterstützung als konkrete Handlung und nicht nur als schmeichelhafte Bemerkung.","Bridget (Renée Zellweger) wird keine Strafverteidigerin.","Bridget (Renée Zellweger) nimmt eine Stelle beim Fernsehen an.","Sie übernimmt kein Hotel.","Sie beginnt keine Laufbahn als Architektin.","Bridgets (Renée Zellweger) Neuanfang führt vom Verlag vor die Kamera.","Handlung","https://en.wikipedia.org/wiki/Bridget_Jones%27s_Diary|https://www.miramax.com/movie/bridget-joness-diary/","redaktionell_geprueft"
"ROM-S-013","K-ROM-07-05","","de","Film","Rom-Com","Bridget Jones – Schokolade zum Frühstück","Bridget Jones's Diary","2001","Bridget Jones","schwer","Handlung","Selbstbild|Dreiecksbeziehung|Beruf und Liebe","Rom-Coms|Bridget Jones|Hugh Grant","Daniel hatte die Affäre selbst und verdrehte seine Geschichte darüber.","„Bridget Jones – Schokolade zum Frühstück“ (2001): Was erfährt Bridget über die frühere Feindschaft zwischen Mark und Daniel?","Daniel hatte eine Affäre mit Marks Frau.","Mark hatte Daniels Schwester beim Altar verlassen.","Daniel hatte Mark um ein Stipendium gebracht.","Mark hatte Daniels Verlag heimlich verkauft.","A","Daniel (Hugh Grant) hatte die Affäre selbst und verdrehte seine Geschichte darüber.","Daniel (Hugh Grant) hat Bridget (Renée Zellweger) eine Version erzählt, in der Mark (Colin Firth) als Schuldiger erscheint. Die spätere Aufklärung kehrt dieses Bild um: Daniel war mit Marks Frau liiert. Für Bridget wird damit das eigene erste Urteil unsicher. Der Film verbindet die romantische Entscheidung mit der Aufgabe, Charme und Wahrhaftigkeit auseinanderzuhalten, statt den angenehmeren Erzähler automatisch für glaubwürdiger zu halten.","Daniel (Hugh Grant) hatte die Affäre selbst und verdrehte seine Geschichte darüber.","Eine verlassene Schwester ist nicht die Ursache.","Ein Stipendium steht nicht hinter der Feindschaft.","Ein Verlagsverkauf erklärt den Konflikt nicht.","Daniel (Hugh Grant) erzählt den Verrat so, dass er selbst unschuldig wirkt.","Auflösung","https://en.wikipedia.org/wiki/Bridget_Jones%27s_Diary|https://www.miramax.com/movie/bridget-joness-diary/","redaktionell_geprueft"
"ROM-S-014","K-ROM-07-06","","de","Film","Rom-Com","Bridget Jones – Schokolade zum Frühstück","Bridget Jones's Diary","2001","Bridget Jones","schwer","Handlung","Selbstbild|Dreiecksbeziehung|Beruf und Liebe","Rom-Coms|Bridget Jones|Hugh Grant","Mark geht hinaus, um Bridget ein neues Tagebuch zu kaufen.","„Bridget Jones – Schokolade zum Frühstück“ (2001): Warum verlässt Mark am Ende Bridgets Wohnung, nachdem er ihr Tagebuch gelesen hat?","Er holt Daniel zu einer Aussprache ab.","Er kauft ihr ein neues Tagebuch für einen Neuanfang.","Er will ihre Notizen einem Verlag anbieten.","Er fliegt noch in derselben Nacht endgültig nach New York.","B","Mark (Colin Firth) geht hinaus, um Bridget (Renée Zellweger) ein neues Tagebuch zu kaufen.","Bridget (Renée Zellweger) vermutet zunächst, ihre früheren harten Urteile hätten Mark (Colin Firth) vertrieben. Sein Einkauf gibt dem Missverständnis eine freundlichere Wendung. Colin Firth spielt die zurückhaltende Zuneigung hier über eine konkrete Geste. Ein neues Buch löscht Vergangenes nicht wirklich aus, steht aber für die Bereitschaft, die Beziehung nach ihrem gegenwärtigen Stand statt nach alten Verletzungen zu beurteilen.","Er organisiert kein Treffen mit Daniel (Hugh Grant).","Mark (Colin Firth) geht hinaus, um Bridget (Renée Zellweger) ein neues Tagebuch zu kaufen.","Er möchte die privaten Einträge nicht veröffentlichen.","Der Gang aus der Wohnung ist keine endgültige Abreise.","Marks (Colin Firth) neues Tagebuch steht für einen gemeinsamen Anfang.","Auflösung","https://en.wikipedia.org/wiki/Bridget_Jones%27s_Diary|https://www.miramax.com/movie/bridget-joness-diary/","redaktionell_geprueft"
"ROM-L-015","K-ROM-08-01","","de","Film","Rom-Com","Bridget Jones – Am Rande des Wahnsinns","Bridget Jones: The Edge of Reason","2004","Bridget Jones","leicht","Beziehung","Eifersucht|Missverständnis|Reise","Rom-Coms|Bridget Jones|Hugh Grant","Bridget ist zu Beginn mit Mark Darcy zusammen.","„Bridget Jones – Am Rande des Wahnsinns“ (2004): Mit wem ist Bridget zu Beginn dieses zweiten Films zusammen?","Mit Daniel Cleaver","Mit Jack Qwant","Mit Mark Darcy","Mit Jed","C","Bridget (Renée Zellweger) ist zu Beginn mit Mark (Colin Firth) Darcy zusammen.","Der zweite Film beginnt für Bridget (Renée Zellweger) dort, wo viele Liebeskomödien enden: in einer Beziehung. Mark (Colin Firth) ist nicht mehr nur die erhoffte Wahl, sondern ein Partner im Alltag. Damit verändern sich die Schwierigkeiten. Unsicherheit, unterschiedliche Gewohnheiten und der Wunsch nach Bestätigung verschwinden nicht allein deshalb, weil sich beide bereits füreinander entschieden haben.","Daniel (Hugh Grant) ist zu Beginn ihr Exfreund.","Jack gehört zur Handlung von Bridget (Renée Zellweger) Jones’ Baby.","Bridget (Renée Zellweger) ist zu Beginn mit Mark (Colin Firth) Darcy zusammen.","Jed (Paul Nicholls) ist nicht Bridgets (Renée Zellweger) Partner am Filmanfang.","Die Fortsetzung prüft Bridgets (Renée Zellweger) Beziehung mit Mark (Colin Firth) im Alltag.","Handlung","https://en.wikipedia.org/wiki/Bridget_Jones:_The_Edge_of_Reason|https://www.miramax.com/movie/bridget-jones-2-the-edge-of-reason/","redaktionell_geprueft"
"ROM-L-016","K-ROM-08-02","","de","Film","Rom-Com","Bridget Jones – Am Rande des Wahnsinns","Bridget Jones: The Edge of Reason","2004","Bridget Jones","leicht","Schauplatz","Eifersucht|Missverständnis|Reise","Rom-Coms|Bridget Jones|Hugh Grant","Bridget reist für eine Fernsehsendung nach Thailand.","„Bridget Jones – Am Rande des Wahnsinns“ (2004): In welches Land führt Bridget eine berufliche Reise mit Daniel?","Australien","Portugal","Kanada","Thailand","D","Bridget (Renée Zellweger) reist für eine Fernsehsendung nach Thailand.","Die Reise bringt Bridget (Renée Zellweger) erneut in die Nähe von Daniel (Hugh Grant), dessen Charme ihr vertraut ist. Die berufliche Umgebung schafft scheinbar einen unproblematischen Anlass für gemeinsame Zeit. Für die Figur ist das jedoch auch eine Wiederholung einer alten Versuchung. Renée Zellweger und Hugh Grant spielen eine Vertrautheit, die nicht mit wiedergewonnenem Vertrauen verwechselt werden sollte.","Australien ist nicht der Schauplatz dieses Handlungsabschnitts.","Portugal ist nicht das Ziel dieser Sendung.","Die Reise dieser Handlung führt nicht nach Kanada.","Bridget (Renée Zellweger) reist für eine Fernsehsendung nach Thailand.","Bridgets (Renée Zellweger) Fernsehauftrag führt sie mit Daniel (Hugh Grant) nach Thailand.","Handlung","https://en.wikipedia.org/wiki/Bridget_Jones:_The_Edge_of_Reason|https://www.miramax.com/movie/bridget-jones-2-the-edge-of-reason/","redaktionell_geprueft"
"ROM-M-015","K-ROM-08-03","","de","Film","Rom-Com","Bridget Jones – Am Rande des Wahnsinns","Bridget Jones: The Edge of Reason","2004","Bridget Jones","mittel","Figur","Eifersucht|Missverständnis|Reise","Rom-Coms|Bridget Jones|Hugh Grant","Bridget misstraut Rebecca Gillies.","„Bridget Jones – Am Rande des Wahnsinns“ (2004): Welche Kollegin Marks betrachtet Bridget als mögliche Rivalin?","Miranda","Natasha Glenville","Rebecca Gillies","Lara","C","Bridget (Renée Zellweger) misstraut Rebecca (Jacinda Barrett) Gillies.","Rebecca (Jacinda Barrett) wirkt auf Bridget (Renée Zellweger) wie die mühelose Verkörperung all jener Eigenschaften, die sie an sich selbst vermisst. Jacinda Barrett spielt damit eine Figur, auf die Bridget ihre Unsicherheit projiziert. Marks (Colin Firth) berufliche Nähe zu Rebecca wird durch diese Perspektive rasch zum vermeintlichen Beweis einer Affäre. Die Handlung fordert dazu auf, Beobachtung und eifersüchtige Deutung auseinanderzuhalten.","Miranda tritt als Bridgets (Renée Zellweger) Kollegin erst in Bridget Jones’ Baby auf.","Natasha gehört zur Konstellation des ersten Films.","Bridget (Renée Zellweger) misstraut Rebecca (Jacinda Barrett) Gillies.","Lara ist Daniels (Hugh Grant) Verbindung aus dem ersten Film.","Bridget (Renée Zellweger) macht Rebecca (Jacinda Barrett) in ihrer Vorstellung zur Rivalin.","Handlung","https://en.wikipedia.org/wiki/Bridget_Jones:_The_Edge_of_Reason|https://www.miramax.com/movie/bridget-jones-2-the-edge-of-reason/","redaktionell_geprueft"
"ROM-M-016","K-ROM-08-04","","de","Film","Rom-Com","Bridget Jones – Am Rande des Wahnsinns","Bridget Jones: The Edge of Reason","2004","Bridget Jones","mittel","Handlung","Eifersucht|Missverständnis|Reise","Rom-Coms|Bridget Jones|Hugh Grant","Die Drogen befinden sich in einem Geschenk, das in Bridgets Gepäck gelangt.","„Bridget Jones – Am Rande des Wahnsinns“ (2004): Warum wird Bridget am thailändischen Flughafen verhaftet?","Sie greift während einer Sendung einen Politiker an.","Sie hat ein wertvolles Gemälde aus dem Hotel genommen.","Sie benutzt absichtlich Marks falschen Reisepass.","In einem mitgeführten Geschenk sind Drogen versteckt.","D","Die Drogen befinden sich in einem Geschenk, das in Bridgets (Renée Zellweger) Gepäck gelangt.","Bridget (Renée Zellweger) gerät in Gefahr, weil ein von Jed (Paul Nicholls) übergebenes Geschenk in ihrem Gepäck landet. Die Verhaftung ist kein bewusster Schmuggelplan von ihr. Dadurch verschiebt der Film das Gewicht von romantischer Verlegenheit zu tatsächlicher Abhängigkeit von Hilfe. Hinter den Missverständnissen ihrer Beziehung wird nun entscheidend, wer Verantwortung übernimmt, wenn die Situation ernst wird.","Ein Angriff auf einen Politiker löst die Verhaftung nicht aus.","Ein gestohlenes Gemälde ist nicht der Grund.","Mark (Colin Firth) überlässt ihr keinen falschen Pass.","Die Drogen befinden sich in einem Geschenk, das in Bridgets (Renée Zellweger) Gepäck gelangt.","Das gefährliche Geschenk macht Bridget (Renée Zellweger) ungewollt zur Verdächtigen.","Handlung","https://en.wikipedia.org/wiki/Bridget_Jones:_The_Edge_of_Reason|https://www.miramax.com/movie/bridget-jones-2-the-edge-of-reason/","redaktionell_geprueft"
"ROM-S-015","K-ROM-08-05","","de","Film","Rom-Com","Bridget Jones – Am Rande des Wahnsinns","Bridget Jones: The Edge of Reason","2004","Bridget Jones","schwer","Handlung","Eifersucht|Missverständnis|Reise","Rom-Coms|Bridget Jones|Hugh Grant","Mark verfolgt die Spur des tatsächlichen Täters und hilft bei ihrer Freilassung.","„Bridget Jones – Am Rande des Wahnsinns“ (2004): Wer setzt sich entscheidend für Bridgets Entlastung nach der Verhaftung ein?","Ihr Fernsehchef Richard Finch","Ihr Vater Colin Jones","Mark Darcy","Daniel Cleaver","C","Mark (Colin Firth) verfolgt die Spur des tatsächlichen Täters und hilft bei ihrer Freilassung.","Bridget (Renée Zellweger) versteht Marks (Colin Firth) zurückhaltendes Auftreten zunächst als Gleichgültigkeit. Später erfährt sie, wie viel er für ihre Entlastung unternommen hat. Die Gegenüberstellung mit Daniel (Hugh Grant) unterscheidet gefällige Worte von verlässlichem Handeln. Colin Firth verkörpert dabei keine plötzlich redselige Figur: Seine Bedeutung für Bridget wird gerade durch das sichtbar, was er tut, ohne daraus eine große Selbstdarstellung zu machen.","Der Fernsehchef leistet nicht diese entscheidende Hilfe.","Ihr Vater übernimmt nicht Marks (Colin Firth) Ermittlungsarbeit.","Mark (Colin Firth) verfolgt die Spur des tatsächlichen Täters und hilft bei ihrer Freilassung.","Daniel (Hugh Grant) organisiert ihre Entlastung nicht.","Marks (Colin Firth) Einsatz ist größer, als Bridget (Renée Zellweger) zunächst erkennt.","Auflösung","https://en.wikipedia.org/wiki/Bridget_Jones:_The_Edge_of_Reason|https://www.miramax.com/movie/bridget-jones-2-the-edge-of-reason/","redaktionell_geprueft"
"ROM-S-016","K-ROM-08-06","","de","Film","Rom-Com","Bridget Jones – Am Rande des Wahnsinns","Bridget Jones: The Edge of Reason","2004","Bridget Jones","schwer","Handlung","Eifersucht|Missverständnis|Reise","Rom-Coms|Bridget Jones|Hugh Grant","Rebecca interessiert sich für Bridget, nicht für Mark.","„Bridget Jones – Am Rande des Wahnsinns“ (2004): Für wen hat Rebecca tatsächlich romantische Gefühle?","Für Bridgets Vater","Für Marks Bruder","Für Daniel","Für Bridget","D","Rebecca (Jacinda Barrett) interessiert sich für Bridget (Renée Zellweger), nicht für Mark (Colin Firth).","Bridget (Renée Zellweger) deutet Rebeccas (Jacinda Barrett) Nähe lange ausschließlich aus ihrer Angst um Mark (Colin Firth) heraus. Das Geständnis von Rebecca verändert die gesamte angenommene Dreiecksgeschichte. Jacinda Barretts Figur war nicht einfach die vermeintlich perfekte Konkurrentin. Die Wendung zeigt, wie eingeschränkt Bridgets Sicht auf andere Menschen wird, wenn sie jede Beobachtung zuerst als Urteil über den eigenen Wert versteht.","Bridgets (Renée Zellweger) Vater ist nicht ihr romantisches Interesse.","Ein Bruder Marks (Colin Firth) erklärt die Wendung nicht.","Daniel (Hugh Grant) ist nicht die Person, für die Rebecca (Jacinda Barrett) Gefühle offenbart.","Rebecca (Jacinda Barrett) interessiert sich für Bridget (Renée Zellweger), nicht für Mark (Colin Firth).","Die vermeintliche Rivalin ist in Bridget (Renée Zellweger) verliebt.","Auflösung","https://en.wikipedia.org/wiki/Bridget_Jones:_The_Edge_of_Reason|https://www.miramax.com/movie/bridget-jones-2-the-edge-of-reason/","redaktionell_geprueft"
"ROM-L-017","K-ROM-09-01","","de","Film","Rom-Com","Bridget Jones’ Baby","Bridget Jones's Baby","2016","Bridget Jones","leicht","Handlung","Elternschaft|Dreiecksbeziehung|Zweite Chancen","Rom-Coms|Bridget Jones","Bridget weiß zunächst nicht, ob Mark oder Jack der Vater ist.","„Bridget Jones’ Baby“ (2016): Welche Unsicherheit steht im Zentrum von Bridgets Schwangerschaft?","Ob Mark oder Jack der Vater ist","Ob sie die Schwangerschaft nur geträumt hat","Ob ihre Mutter das Kind adoptieren möchte","Ob sie Zwillinge oder Drillinge erwartet","A","Bridget (Renée Zellweger) weiß zunächst nicht, ob Mark (Colin Firth) oder Jack (Patrick Dempsey) der Vater ist.","Bridget (Renée Zellweger) erlebt die Schwangerschaft nicht als Abschluss einer bereits geklärten Partnerschaft. Mark (Colin Firth) und Jack (Patrick Dempsey) kommen als Väter infrage, und beide bringen unterschiedliche Vorstellungen von Nähe mit. Die romantische Konkurrenz steht deshalb neben einer praktischen Frage: Wer hört ihr zu und unterstützt sie? Renée Zellwegers Figur muss ihren eigenen Wunsch dabei zwischen den Erwartungen anderer behaupten.","Bridget (Renée Zellweger) weiß zunächst nicht, ob Mark (Colin Firth) oder Jack (Patrick Dempsey) der Vater ist.","Die Schwangerschaft ist innerhalb der Handlung real.","Eine geplante Adoption durch ihre Mutter ist nicht das Hauptproblem.","Die zentrale Ungewissheit betrifft die Vaterschaft, nicht diese Mehrlingsfrage.","Zwei mögliche Väter verändern Bridgets (Renée Zellweger) Beziehungsplanung.","Handlung","https://en.wikipedia.org/wiki/Bridget_Jones%27s_Baby|https://www.universalpicturesathome.com/movies/bridget-joness-baby","redaktionell_geprueft"
"ROM-L-018","K-ROM-09-02","","de","Film","Rom-Com","Bridget Jones’ Baby","Bridget Jones's Baby","2016","Bridget Jones","leicht","Besetzung","Elternschaft|Dreiecksbeziehung|Zweite Chancen","Rom-Coms|Bridget Jones","Patrick Dempsey verkörpert Jack Qwant.","„Bridget Jones’ Baby“ (2016): Wer spielt Jack Qwant?","George Clooney","Patrick Dempsey","Matthew McConaughey","Hugh Grant","B","Patrick Dempsey verkörpert Jack (Patrick Dempsey) Qwant.","Jack (Patrick Dempsey) tritt als neue romantische Möglichkeit in Bridgets (Renée Zellweger) Leben. Patrick Dempseys Figur wirkt offener und spontaner als der zurückhaltende Mark (Colin Firth), den Colin Firth erneut spielt. Der Film stellt damit nicht bloß zwei Namen zur Auswahl. Er lässt Bridget erleben, wie unterschiedlich Menschen Aufmerksamkeit zeigen, und welche Spannungen entstehen, sobald beide um denselben Platz in ihrer Zukunft konkurrieren.","George Clooney verkörpert Jack (Patrick Dempsey) nicht.","Patrick Dempsey verkörpert Jack (Patrick Dempsey) Qwant.","Matthew McConaughey gehört nicht zu diesem Liebesdreieck.","Hugh Grant spielt Daniel (Hugh Grant) Cleaver, nicht Jack (Patrick Dempsey).","Patrick Dempsey ist Bridgets (Renée Zellweger) neue Möglichkeit Jack (Patrick Dempsey).","keine","https://en.wikipedia.org/wiki/Bridget_Jones%27s_Baby|https://www.universalpicturesathome.com/movies/bridget-joness-baby","redaktionell_geprueft"
"ROM-M-017","K-ROM-09-03","","de","Film","Rom-Com","Bridget Jones’ Baby","Bridget Jones's Baby","2016","Bridget Jones","mittel","Schauplatz","Elternschaft|Dreiecksbeziehung|Zweite Chancen","Rom-Coms|Bridget Jones","Bridget lernt Jack auf einem Musikfestival kennen.","„Bridget Jones’ Baby“ (2016): Wo begegnet Bridget Jack erstmals?","Auf einem Musikfestival","Bei einer Gerichtsverhandlung","Bei einer Betriebsprüfung ihres Senders","In einer Geburtsvorbereitungsklasse","A","Bridget (Renée Zellweger) lernt Jack (Patrick Dempsey) auf einem Musikfestival kennen.","Miranda (Sarah Solemani) nimmt Bridget (Renée Zellweger) aus ihrer üblichen Umgebung mit zu einem Festival. Dort begegnet sie Jack (Patrick Dempsey) ohne die lange gemeinsame Geschichte, die sie mit Mark (Colin Firth) verbindet. Der Ortswechsel ermöglicht ihr zunächst Leichtigkeit. Sarah Solemani spielt dabei eine Freundin, die Bewegung in Bridgets Leben bringt, während Patrick Dempsey den neuen Mann nicht aus dem alten Londoner Bekanntenkreis kommen lässt.","Bridget (Renée Zellweger) lernt Jack (Patrick Dempsey) auf einem Musikfestival kennen.","Die Begegnung findet nicht im Gericht statt.","Eine Senderprüfung ist nicht der Anlass ihres Kennenlernens.","Die Geburtsvorbereitung folgt erst später.","Jack (Patrick Dempsey) gehört zu Bridgets (Renée Zellweger) Festival-Neuanfang.","Handlung","https://en.wikipedia.org/wiki/Bridget_Jones%27s_Baby|https://www.universalpicturesathome.com/movies/bridget-joness-baby","redaktionell_geprueft"
"ROM-M-018","K-ROM-09-04","","de","Film","Rom-Com","Bridget Jones’ Baby","Bridget Jones's Baby","2016","Bridget Jones","mittel","Figur","Elternschaft|Dreiecksbeziehung|Zweite Chancen","Rom-Coms|Bridget Jones","Emma Thompson spielt Dr. Rawlings.","„Bridget Jones’ Baby“ (2016): Wer spielt Bridgets Ärztin Dr. Rawlings?","Judi Dench","Emma Thompson","Julie Walters","Imelda Staunton","B","Emma Thompson spielt Dr. Rawlings (Emma Thompson).","Dr. Rawlings (Emma Thompson) begleitet Bridget (Renée Zellweger) mit einer trockenen Sachlichkeit, die sich von der emotionalen Konkurrenz zwischen Mark (Colin Firth) und Jack (Patrick Dempsey) abhebt. Emma Thompson macht die Ärztin zu einer ruhigen komischen Instanz. Für die Handlung ist diese Perspektive nützlich: Bridgets Schwangerschaft bleibt auch eine eigene Erfahrung der Frau, nicht nur ein Wettbewerb zweier Männer um die richtige Antwort.","Judi Dench gehört nicht zu dieser Rollenbesetzung.","Emma Thompson spielt Dr. Rawlings (Emma Thompson).","Julie Walters spielt die Ärztin nicht.","Imelda Staunton verkörpert Dr. Rawlings (Emma Thompson) nicht.","Emma Thompsons Ärztin bleibt sachlich, wenn andere konkurrieren.","Handlung","https://en.wikipedia.org/wiki/Bridget_Jones%27s_Baby|https://www.universalpicturesathome.com/movies/bridget-joness-baby","redaktionell_geprueft"
"ROM-S-017","K-ROM-09-05","","de","Film","Rom-Com","Bridget Jones’ Baby","Bridget Jones's Baby","2016","Bridget Jones","schwer","Handlung","Elternschaft|Dreiecksbeziehung|Zweite Chancen","Rom-Coms|Bridget Jones","Der Film bestätigt Mark als Vater des Kindes.","„Bridget Jones’ Baby“ (2016): Was wird am Ende über die Vaterschaft geklärt?","Mark ist der Vater.","Jack ist der Vater.","Daniel ist der Vater.","Die Vaterschaft bleibt endgültig ungeklärt.","A","Der Film bestätigt Mark (Colin Firth) als Vater des Kindes.","Bridget (Renée Zellweger) heiratet am Ende Mark (Colin Firth), und die Vaterschaft wird ihm zugeordnet. Jack (Patrick Dempsey) bleibt trotzdem nicht als ausgestoßener Verlierer zurück. Patrick Dempseys Figur kann Teil des freundschaftlichen Umfelds bleiben. Die Auflösung trennt damit zwei Dinge: Die biologische Frage erhält eine eindeutige Antwort, während der Wert einer entstandenen menschlichen Verbindung nicht vollständig daran hängt.","Der Film bestätigt Mark (Colin Firth) als Vater des Kindes.","Jack (Patrick Dempsey) bleibt verbunden, ist aber nicht der Vater.","Daniel (Hugh Grant) ist nicht der Vater dieses Kindes.","Der Film löst die Vaterschaftsfrage auf.","Mark (Colin Firth) ist der Vater; Jack (Patrick Dempsey) bleibt dem Umfeld verbunden.","Auflösung","https://en.wikipedia.org/wiki/Bridget_Jones%27s_Baby|https://www.universalpicturesathome.com/movies/bridget-joness-baby","redaktionell_geprueft"
"ROM-S-018","K-ROM-09-06","","de","Film","Rom-Com","Bridget Jones’ Baby","Bridget Jones's Baby","2016","Bridget Jones","schwer","Handlung","Elternschaft|Dreiecksbeziehung|Zweite Chancen","Rom-Coms|Bridget Jones","Eine Schlagzeile meldet, dass Daniel lebt.","„Bridget Jones’ Baby“ (2016): Welche Information liefert die Zeitung am Filmende über Daniel Cleaver?","Er ist Marks leiblicher Bruder.","Er wurde nach seinem vermeintlichen Tod lebend gefunden.","Er hat Jack sein Unternehmen verkauft.","Er hat heimlich Bridget geheiratet.","B","Eine Schlagzeile meldet, dass Daniel (Hugh Grant) lebt.","Zu Beginn steht Daniel (Hugh Grant), die von Hugh Grant geprägte Figur, unter dem Zeichen seines vermeintlichen Todes. Die letzte Zeitungsschlagzeile korrigiert diese Annahme. Das Detail gehört ausdrücklich zu diesem Film und sollte nicht mit Ereignissen späterer Fortsetzungen vermischt werden. Es zeigt außerdem, dass nicht jede Nachricht, die Figuren für endgültig halten, innerhalb der Reihe endgültig bleiben muss.","Daniel (Hugh Grant) wird nicht als Marks (Colin Firth) Bruder enthüllt.","Eine Schlagzeile meldet, dass Daniel (Hugh Grant) lebt.","Der Verkauf eines Unternehmens an Jack (Patrick Dempsey) ist nicht die Nachricht.","Eine heimliche Ehe mit Bridget (Renée Zellweger) wird nicht gemeldet.","Die letzte Schlagzeile widerruft Daniels (Hugh Grant) vermeintlichen Tod.","Auflösung","https://en.wikipedia.org/wiki/Bridget_Jones%27s_Baby|https://www.universalpicturesathome.com/movies/bridget-joness-baby","redaktionell_geprueft"
"ROM-L-019","K-ROM-10-01","","de","Film","Rom-Com","Selbst ist die Braut","The Proposal","2009","","leicht","Besetzung","Scheinehe|Beruf und Liebe|Familie","Rom-Coms|Sandra Bullock","Sandra Bullock spielt Margaret Tate.","„Selbst ist die Braut“ (2009): Wer spielt Verlagschefin Margaret Tate?","Jennifer Aniston","Julia Roberts","Sandra Bullock","Cameron Diaz","C","Sandra Bullock spielt Margaret (Sandra Bullock) Tate.","Margaret (Sandra Bullock) kontrolliert ihren Büroalltag mit strengen Erwartungen und wenig sichtbarer Nachsicht. Sandra Bullock nutzt diese Härte als Ausgangspunkt für eine Figur, die in Andrews (Ryan Reynolds) familiärer Umgebung ihre gewohnte Position verliert. Die Komik entsteht deshalb nicht nur aus dem falschen Paar. Sie entsteht auch daraus, dass berufliche Autorität außerhalb des Büros plötzlich wenig hilft.","Jennifer Aniston gehört nicht zum zentralen Paar.","Julia Roberts spielt Margaret (Sandra Bullock) nicht.","Sandra Bullock spielt Margaret (Sandra Bullock) Tate.","Cameron Diaz verkörpert Margaret (Sandra Bullock) Tate nicht.","Sandra Bullocks Margaret (Sandra Bullock) muss ohne ihre Büroautorität auskommen.","keine","https://en.wikipedia.org/wiki/The_Proposal_(2009_film)|https://www.rottentomatoes.com/m/10010458-proposal","redaktionell_geprueft"
"ROM-L-020","K-ROM-10-02","","de","Film","Rom-Com","Selbst ist die Braut","The Proposal","2009","","leicht","Handlung","Scheinehe|Beruf und Liebe|Familie","Rom-Coms|Sandra Bullock","Margaret erfindet die Verlobung wegen ihres Aufenthaltsproblems.","„Selbst ist die Braut“ (2009): Warum behauptet Margaret, sie werde ihren Assistenten Andrew heiraten?","Um einen verschollenen Adelstitel zurückzuerhalten","Um für eine Fernsehserie als Paar besetzt zu werden","Um ein Familienerbe vor ihren Geschwistern zu sichern","Um ihre drohende Ausweisung nach Kanada abzuwenden","D","Margaret (Sandra Bullock) erfindet die Verlobung wegen ihres Aufenthaltsproblems.","Margaret (Sandra Bullock) behandelt die behauptete Verlobung anfangs wie eine dringende berufliche Lösung. Andrew (Ryan Reynolds) soll helfen, damit sie ihre Stellung behalten kann. Ryan Reynolds spielt den Assistenten jedoch nicht als widerstandslosen Erfüllungsgehilfen. Er nutzt die neue Abhängigkeit, um eigene Bedingungen zu stellen. Die erfundene Beziehung verändert damit zunächst das Machtverhältnis zwischen Vorgesetzter und Mitarbeiter.","Ein Adelstitel spielt in ihrem Plan keine Rolle.","Ein gemeinsamer Fernsehauftritt ist nicht der Anlass.","Ein Erbstreit ist nicht ihr Ausgangsmotiv.","Margaret (Sandra Bullock) erfindet die Verlobung wegen ihres Aufenthaltsproblems.","Das Aufenthaltsproblem verwandelt den Assistenten in einen angeblichen Verlobten.","Handlung","https://en.wikipedia.org/wiki/The_Proposal_(2009_film)|https://www.rottentomatoes.com/m/10010458-proposal","redaktionell_geprueft"
"ROM-M-019","K-ROM-10-03","","de","Film","Rom-Com","Selbst ist die Braut","The Proposal","2009","","mittel","Schauplatz","Scheinehe|Beruf und Liebe|Familie","Rom-Coms|Sandra Bullock","Sie besuchen Andrews Familie in Alaska.","„Selbst ist die Braut“ (2009): Wohin reisen Margaret und Andrew zu seiner Familie?","Nach Vermont","Nach Texas","Nach Alaska","Nach Florida","C","Sie besuchen Andrews (Ryan Reynolds) Familie in Alaska.","Andrew (Ryan Reynolds) führt Margaret (Sandra Bullock) in eine Umgebung, in der er nicht nur ihr Assistent ist. Seine Familie besitzt eigene Erwartungen und eine Geschichte, von der seine Chefin bisher wenig weiß. Der Besuch in Alaska dreht dadurch die gewohnte Orientierung um. Margaret muss zuhören und mitmachen, statt jeden Ablauf aus der professionellen Distanz heraus bestimmen zu können.","Vermont ist nicht das Reiseziel.","Die Familie wird nicht in Texas besucht.","Sie besuchen Andrews (Ryan Reynolds) Familie in Alaska.","Florida ist nicht die Heimatregion dieses Besuchs.","In Alaska ist Andrew (Ryan Reynolds) Gastgeber statt Assistent.","Handlung","https://en.wikipedia.org/wiki/The_Proposal_(2009_film)|https://www.rottentomatoes.com/m/10010458-proposal","redaktionell_geprueft"
"ROM-M-020","K-ROM-10-04","","de","Film","Rom-Com","Selbst ist die Braut","The Proposal","2009","","mittel","Beziehung","Scheinehe|Beruf und Liebe|Familie","Rom-Coms|Sandra Bullock","Annie ist Andrews Großmutter.","„Selbst ist die Braut“ (2009): In welcher Beziehung steht die von Betty White gespielte Annie zu Andrew?","Sie ist seine Großtante mütterlicherseits.","Sie ist seine frühere Lehrerin.","Sie ist seine ehemalige Schwiegermutter.","Sie ist seine Großmutter.","D","Annie (Betty White) ist Andrews (Ryan Reynolds) Großmutter.","Annie (Betty White) nimmt Margaret (Sandra Bullock) als mögliche Angehörige auf und bringt eine emotionale Wärme in die Geschichte, die im Verlag fehlt. Betty White spielt die Großmutter zugleich als eigenwillige Person mit Vorstellungen für ihre Familie. Für Margaret wird dadurch die Täuschung schwieriger: Sie belügt nicht länger nur einen sachlichen Prüfer, sondern Menschen, die ihr ehrliche Zuneigung anbieten.","Sie ist die Großmutter, nicht eine Großtante.","Annie (Betty White) ist keine frühere Lehrerin.","Eine frühere Ehe Andrews (Ryan Reynolds) begründet diese Beziehung nicht.","Annie (Betty White) ist Andrews (Ryan Reynolds) Großmutter.","Betty Whites Annie (Betty White) ist Andrews (Ryan Reynolds) Großmutter.","Handlung","https://en.wikipedia.org/wiki/The_Proposal_(2009_film)|https://www.rottentomatoes.com/m/10010458-proposal","redaktionell_geprueft"
"ROM-S-019","K-ROM-10-05","","de","Film","Rom-Com","Selbst ist die Braut","The Proposal","2009","","schwer","Handlung","Scheinehe|Beruf und Liebe|Familie","Rom-Coms|Sandra Bullock","Andrew handelt eine Beförderung und die Berücksichtigung seines Manuskriptprojekts aus.","„Selbst ist die Braut“ (2009): Welche berufliche Gegenleistung verlangt Andrew für seine Mitwirkung?","Eine Stelle als Margarets persönlicher Fahrer","Den sofortigen Verkauf aller Autorenrechte an seine Familie","Eine Beförderung zum Lektor und die Veröffentlichung seines empfohlenen Manuskripts","Die alleinige Übernahme des gesamten Verlagshauses","C","Andrew (Ryan Reynolds) handelt eine Beförderung und die Berücksichtigung seines Manuskriptprojekts aus.","Andrew (Ryan Reynolds) hat berufliche Ziele, die Margaret (Sandra Bullock) bisher wenig beachtet. Die Scheinehe gibt ihm unerwartet Verhandlungsmacht. Seine Forderung zeigt deshalb mehr als opportunistischen Ehrgeiz: Er möchte als jemand mit Urteilskraft wahrgenommen werden. Für die spätere Annäherung ist dieser Rollenwechsel wichtig, weil eine Beziehung auf Augenhöhe kaum entstehen kann, solange einer nur Befehle ausführt.","Ein Fahrerposten wäre nicht die gewünschte berufliche Entwicklung.","Ein Rechteverkauf an seine Familie ist nicht seine Bedingung.","Andrew (Ryan Reynolds) handelt eine Beförderung und die Berücksichtigung seines Manuskriptprojekts aus.","Andrew (Ryan Reynolds) fordert nicht den ganzen Verlag als Eigentum.","Andrew (Ryan Reynolds) verlangt Anerkennung seiner Arbeit statt nur weiterer Assistentenpflichten.","Handlung","https://en.wikipedia.org/wiki/The_Proposal_(2009_film)|https://www.rottentomatoes.com/m/10010458-proposal","redaktionell_geprueft"
"ROM-S-020","K-ROM-10-06","","de","Film","Rom-Com","Selbst ist die Braut","The Proposal","2009","","schwer","Handlung","Scheinehe|Beruf und Liebe|Familie","Rom-Coms|Sandra Bullock","Margaret legt den fingierten Hintergrund der Hochzeit offen.","„Selbst ist die Braut“ (2009): Warum bricht Margaret die geplante Trauung vor der Familie ab?","Sie erfährt, dass Andrew die Abmachung an die Presse verkauft hat.","Sie entdeckt Andrews Plan, den Verlag nach der Hochzeit zu verlassen.","Sie erhält noch vor dem Ja-Wort eine neue Aufenthaltserlaubnis.","Sie will die Familie nicht länger mit einer Scheinehe täuschen.","D","Margaret (Sandra Bullock) legt den fingierten Hintergrund der Hochzeit offen.","Je näher Margaret (Sandra Bullock) Andrews (Ryan Reynolds) Familie kommt, desto schwerer lässt sich ihre ursprüngliche Strategie aufrechterhalten. Das öffentliche Geständnis kostet sie die scheinbar sichere Lösung ihres Problems. Gerade dadurch verändert sich die Bedeutung einer späteren Liebeserklärung: Andrew soll nicht mehr bloß Mittel zum Zweck sein. Sandra Bullock lässt die Figur Kontrolle aufgeben, bevor echte Gegenseitigkeit möglich wird.","Ein Verkauf ihrer Geschichte an die Presse wird nicht enthüllt.","Ein geplanter Verlagswechsel Andrews (Ryan Reynolds) ist nicht der Grund.","Eine bereits bewilligte Aufenthaltserlaubnis macht das Geständnis nicht überflüssig.","Margaret (Sandra Bullock) legt den fingierten Hintergrund der Hochzeit offen.","Margaret (Sandra Bullock) beendet die Täuschung, bevor sie eine echte Beziehung beginnen kann.","Auflösung","https://en.wikipedia.org/wiki/The_Proposal_(2009_film)|https://www.rottentomatoes.com/m/10010458-proposal","redaktionell_geprueft"
"ROM-L-021","K-ROM-11-01","","de","Film","Rom-Com","Liebe braucht keine Ferien","The Holiday","2006","","leicht","Handlung","Weihnachten|Neuanfang|Selbstachtung","Rom-Coms|Weihnachtsromanzen","Amanda und Iris vereinbaren einen Haustausch.","„Liebe braucht keine Ferien“ (2006): Was tauschen Amanda und Iris über das Internet?","Ihre Häuser für einen Urlaub","Ihre Autos für eine gemeinsame Rundreise","Ihre Arbeitsplätze für ein Jahr","Ihre Flugtickets zu derselben Hochzeit","A","Amanda (Cameron Diaz) und Iris (Kate Winslet) vereinbaren einen Haustausch.","Amanda (Cameron Diaz) und Iris (Kate Winslet) wollen Abstand von enttäuschenden Beziehungen gewinnen. Der Haustausch macht diesen Wunsch räumlich sichtbar: Die vertraute Umgebung verschwindet, die eigenen Muster reisen jedoch mit. Cameron Diaz und Kate Winslet verkörpern dabei unterschiedliche Arten, Verletzung zu verarbeiten. Erst die Begegnungen am neuen Ort bringen beide dazu, auch ihr Verhalten und ihre Erwartungen zu verändern.","Amanda (Cameron Diaz) und Iris (Kate Winslet) vereinbaren einen Haustausch.","Die beiden organisieren keinen Autotausch für eine Rundreise.","Sie übernehmen nicht gegenseitig ihre Berufe.","Ein Tickettausch zu einer Hochzeit ist nicht ihr Plan.","Neue Häuser eröffnen Amanda (Cameron Diaz) und Iris (Kate Winslet) neue Perspektiven.","Handlung","https://en.wikipedia.org/wiki/The_Holiday|https://www.sonypictures.com/movies/theholiday","redaktionell_geprueft"
"ROM-L-022","K-ROM-11-02","","de","Film","Rom-Com","Liebe braucht keine Ferien","The Holiday","2006","","leicht","Besetzung","Weihnachten|Neuanfang|Selbstachtung","Rom-Coms|Weihnachtsromanzen","Kate Winslet spielt Iris.","„Liebe braucht keine Ferien“ (2006): Wer spielt Iris Simpkins?","Cameron Diaz","Kate Winslet","Rachel McAdams","Renée Zellweger","B","Kate Winslet spielt Iris (Kate Winslet).","Iris (Kate Winslet) kann ihre Bindung an Jasper (Rufus Sewell) zunächst nicht lösen, obwohl sie unter ihr leidet. Kate Winslet zeigt das nicht nur als traurige Sehnsucht, sondern auch als Gewohnheit, die eigenen Bedürfnisse kleinzuhalten. In Kalifornien begegnet die Figur Menschen, die ihr anders zuhören. Die romantische Entwicklung hängt deshalb eng damit zusammen, wieder einen eigenen Standpunkt zu gewinnen.","Cameron Diaz spielt Amanda (Cameron Diaz), die andere Frau beim Haustausch.","Kate Winslet spielt Iris (Kate Winslet).","Rachel McAdams spielt Iris (Kate Winslet) nicht.","Renée Zellweger gehört nicht zum Hauptensemble.","Kate Winslets Iris (Kate Winslet) lernt, sich selbst ernst zu nehmen.","keine","https://en.wikipedia.org/wiki/The_Holiday|https://www.sonypictures.com/movies/theholiday","redaktionell_geprueft"
"ROM-M-021","K-ROM-11-03","","de","Film","Rom-Com","Liebe braucht keine Ferien","The Holiday","2006","","mittel","Beziehung","Weihnachten|Neuanfang|Selbstachtung","Rom-Coms|Weihnachtsromanzen","Graham ist Iris’ Bruder.","„Liebe braucht keine Ferien“ (2006): Wie ist Graham mit Iris verbunden?","Er ist ihr Bruder.","Er ist ihr Chef.","Er ist ihr ehemaliger Ehemann.","Er ist ihr Cousin.","A","Graham (Jude Law) ist Iris’ (Kate Winslet) Bruder.","Als Graham (Jude Law) im englischen Haus auftaucht, begegnet er dort unerwartet Amanda (Cameron Diaz). Die familiäre Verbindung zu Iris (Kate Winslet) erklärt seinen Zugang zu diesem privaten Ort. Jude Law spielt damit nicht einen zufälligen Ferienbekannten ohne Hintergrund. Sein Leben ist bereits in das Umfeld der abwesenden Schwester eingebunden, während Amanda erst allmählich entdeckt, was zu diesem Leben gehört.","Graham (Jude Law) ist Iris’ (Kate Winslet) Bruder.","Er ist nicht ihr Vorgesetzter.","Graham (Jude Law) ist nicht Iris’ (Kate Winslet) früherer Ehemann.","Er ist ihr Bruder, nicht ihr Cousin.","Iris’ (Kate Winslet) Bruder Graham (Jude Law) begegnet ihrer Tauschpartnerin Amanda (Cameron Diaz).","Handlung","https://en.wikipedia.org/wiki/The_Holiday|https://www.sonypictures.com/movies/theholiday","redaktionell_geprueft"
"ROM-M-022","K-ROM-11-04","","de","Film","Rom-Com","Liebe braucht keine Ferien","The Holiday","2006","","mittel","Figur","Weihnachten|Neuanfang|Selbstachtung","Rom-Coms|Weihnachtsromanzen","Miles ist Filmkomponist.","„Liebe braucht keine Ferien“ (2006): Welchen Beruf übt Miles aus?","Er leitet eine Fluggesellschaft.","Er komponiert Filmmusik.","Er restauriert alte Bücher.","Er handelt mit Immobilien.","B","Miles (Jack Black) ist Filmkomponist.","Iris (Kate Winslet) lernt Miles (Jack Black) in Amandas (Cameron Diaz) kalifornischem Umfeld kennen. Jack Black spielt seine Begeisterung für Filmmusik als Teil seiner Art, mit anderen in Kontakt zu kommen. Gemeinsames Interesse ersetzt hier die große Verführungsgeste. Für Iris entsteht dadurch eine Form von Nähe, in der sie nicht erst um Aufmerksamkeit kämpfen oder sich als besonders nützlich erweisen muss.","Er führt keine Fluggesellschaft.","Miles (Jack Black) ist Filmkomponist.","Er arbeitet nicht als Buchrestaurator.","Immobilienhandel ist nicht sein Beruf.","Miles (Jack Black) nähert sich Menschen auch über Filmmusik.","Handlung","https://en.wikipedia.org/wiki/The_Holiday|https://www.sonypictures.com/movies/theholiday","redaktionell_geprueft"
"ROM-S-021","K-ROM-11-05","","de","Film","Rom-Com","Liebe braucht keine Ferien","The Holiday","2006","","schwer","Handlung","Weihnachten|Neuanfang|Selbstachtung","Rom-Coms|Weihnachtsromanzen","Graham zieht nach dem Tod seiner Frau zwei Töchter auf.","„Liebe braucht keine Ferien“ (2006): Was entdeckt Amanda bei ihrem überraschenden Besuch in Grahams Zuhause?","Er ist Witwer und Vater zweier Töchter.","Er betreibt heimlich eine Partnervermittlung.","Er wohnt dort nur als bezahlter Haushüter.","Er lebt weiterhin mit seiner Ehefrau zusammen.","A","Graham (Jude Law) zieht nach dem Tod seiner Frau zwei Töchter auf.","Amanda (Cameron Diaz) hat Grahams (Jude Law) Privatleben zunächst falsch eingeordnet. Der Besuch zeigt einen Vater, der seine Kinder und sein Liebesleben vorsichtig voneinander trennt. Jude Laws Figur erhält damit ein anderes Gewicht als das eines unverbindlichen Flirts. Für Amanda stellt sich nun eine konkrete Frage: Ob sie Nähe auch dann zulassen kann, wenn sie Verantwortung und einen bestehenden Familienalltag einschließt.","Graham (Jude Law) zieht nach dem Tod seiner Frau zwei Töchter auf.","Eine Partnervermittlung erklärt sein Verhalten nicht.","Das Haus ist nicht bloß sein Arbeitsplatz als Haushüter.","Die Mutter der Kinder ist verstorben.","Grahams (Jude Law) Zurückhaltung gehört zu seinem Leben als verwitweter Vater.","Handlung","https://en.wikipedia.org/wiki/The_Holiday|https://www.sonypictures.com/movies/theholiday","redaktionell_geprueft"
"ROM-S-022","K-ROM-11-06","","de","Film","Rom-Com","Liebe braucht keine Ferien","The Holiday","2006","","schwer","Figur","Weihnachten|Neuanfang|Selbstachtung","Rom-Coms|Weihnachtsromanzen","Arthur Abbott hilft Iris, ihr Selbstbild zu verändern.","„Liebe braucht keine Ferien“ (2006): Wer ermutigt Iris als älterer Nachbar, zur Hauptfigur ihres eigenen Lebens zu werden?","Amandas ehemaliger Partner Ethan","Der Drehbuchautor Arthur Abbott","Ihr ehemaliger Partner Jasper Bloom","Der Manager einer Filmhandlung","B","Arthur (Eli Wallach) Abbott hilft Iris (Kate Winslet), ihr Selbstbild zu verändern.","Arthur (Eli Wallach) erkennt, wie sehr Iris (Kate Winslet) ihre Energie in eine Beziehung steckt, in der sie wenig zurückbekommt. Eli Wallachs Figur bringt die Erfahrung des Geschichtenerzählers in das Gespräch ein. Seine Filmempfehlungen sind deshalb auch eine Einladung, andere Rollenbilder auszuprobieren. Die Freundschaft wirkt in beide Richtungen: Iris unterstützt ihn wiederum dabei, eine öffentliche Ehrung anzunehmen.","Ethan übernimmt diese beratende Rolle nicht.","Arthur (Eli Wallach) Abbott hilft Iris (Kate Winslet), ihr Selbstbild zu verändern.","Jasper (Rufus Sewell) hält Iris (Kate Winslet) eher in der alten Abhängigkeit.","Der helfende Nachbar ist ein Drehbuchautor, kein Ladenmanager.","Arthur (Eli Wallach) hilft Iris (Kate Winslet), aus der Nebenrolle herauszutreten.","Handlung","https://en.wikipedia.org/wiki/The_Holiday|https://www.sonypictures.com/movies/theholiday","redaktionell_geprueft"
"ROM-L-023","K-ROM-12-01","","de","Film","Rom-Com","50 erste Dates","50 First Dates","2004","","leicht","Besetzung","Erinnerung|Alltag|Verbindlichkeit","Rom-Coms|Drew Barrymore","Drew Barrymore spielt Lucy Whitmore.","„50 erste Dates“ (2004): Wer spielt Lucy Whitmore?","Jennifer Aniston","Katherine Heigl","Drew Barrymore","Kate Hudson","C","Drew Barrymore spielt Lucy (Drew Barrymore) Whitmore.","Lucy (Drew Barrymore) begegnet Henry (Adam Sandler) im Alltag freundlich, kann die neuen Erlebnisse aber nicht dauerhaft in den nächsten Tag mitnehmen. Drew Barrymore muss deshalb zugleich eine vertraute Persönlichkeit und wiederkehrende erste Reaktionen zeigen. Für die Romanze bedeutet das, dass Nähe nicht einfach durch gemeinsam erinnerte Zeit wächst. Henry muss seine Wünsche mit Lucys besonderer Situation in Einklang bringen.","Jennifer Aniston spielt Lucy (Drew Barrymore) nicht.","Katherine Heigl gehört nicht zum Hauptpaar.","Drew Barrymore spielt Lucy (Drew Barrymore) Whitmore.","Kate Hudson verkörpert die Figur nicht.","Drew Barrymore ist Lucy (Drew Barrymore), deren neue Tage ohne Erinnerung beginnen.","keine","https://en.wikipedia.org/wiki/50_First_Dates|https://www.sonypictures.com/movies/50firstdates","redaktionell_geprueft"
"ROM-L-024","K-ROM-12-02","","de","Film","Rom-Com","50 erste Dates","50 First Dates","2004","","leicht","Handlung","Erinnerung|Alltag|Verbindlichkeit","Rom-Coms|Drew Barrymore","Lucys fiktionale Gedächtnisstörung verhindert die dauerhafte Erinnerung an neue Erlebnisse.","„50 erste Dates“ (2004): Warum muss Henry Lucy immer wieder neu kennenlernen?","Sie reist täglich unter einer anderen Identität.","Sie nimmt an einem geheimen Dating-Wettbewerb teil.","Sie verwechselt ihn absichtlich mit seinem Zwillingsbruder.","Sie verliert im Film nach dem Schlaf neue Erinnerungen.","D","Lucys (Drew Barrymore) fiktionale Gedächtnisstörung verhindert die dauerhafte Erinnerung an neue Erlebnisse.","Für Henry (Adam Sandler) ist ein gelungenes Treffen normalerweise der Anfang einer fortlaufenden Bekanntschaft. Bei Lucy (Drew Barrymore) gilt diese Erwartung nicht. Adam Sandlers Figur muss deshalb von einer einmaligen Eroberung zu wiederholter Verlässlichkeit übergehen. Die besondere Gedächtnisregel ist eine Konstruktion der Filmhandlung; aus ihr sollte keine allgemeine medizinische Beschreibung tatsächlicher Gedächtnisstörungen abgeleitet werden.","Wechselnde Identitäten sind nicht die Ursache.","Ein Dating-Wettbewerb findet nicht statt.","Es gibt keinen solchen Zwillingsplan.","Lucys (Drew Barrymore) fiktionale Gedächtnisstörung verhindert die dauerhafte Erinnerung an neue Erlebnisse.","Henry (Adam Sandler) muss Vertrauen unter den besonderen Regeln der Filmgeschichte erneuern.","Handlung","https://en.wikipedia.org/wiki/50_First_Dates|https://www.sonypictures.com/movies/50firstdates","redaktionell_geprueft"
"ROM-M-023","K-ROM-12-03","","de","Film","Rom-Com","50 erste Dates","50 First Dates","2004","","mittel","Figur","Erinnerung|Alltag|Verbindlichkeit","Rom-Coms|Drew Barrymore","Henry arbeitet als Tierarzt mit Meerestieren.","„50 erste Dates“ (2004): Welchen Beruf hat Henry?","Rettungsschwimmer","Hotelmanager","Tierarzt für Meerestiere","Kunstlehrer","C","Henry (Adam Sandler) arbeitet als Tierarzt mit Meerestieren.","Henrys (Adam Sandler) Arbeit verbindet den hawaiianischen Schauplatz mit einem fachlichen Interesse an Tieren. Lucy (Drew Barrymore) lernt also nicht nur einen Urlauber kennen, der bald verschwindet. Adam Sandler spielt einen Mann mit eigenen Plänen, der zunächst dennoch feste romantische Bindungen vermeidet. Gerade dieser Gegensatz macht seine spätere Bereitschaft zu einem dauerhaft angepassten Alltag erzählerisch wichtig.","Rettungsschwimmen ist nicht sein Beruf.","Er führt kein Hotel.","Henry (Adam Sandler) arbeitet als Tierarzt mit Meerestieren.","Kunstunterricht gehört eher zu Lucys (Drew Barrymore) Tätigkeitsbereich.","Henry (Adam Sandler) betreut Meerestiere und meidet zunächst feste Bindungen.","Handlung","https://en.wikipedia.org/wiki/50_First_Dates|https://www.sonypictures.com/movies/50firstdates","redaktionell_geprueft"
"ROM-M-024","K-ROM-12-04","","de","Film","Rom-Com","50 erste Dates","50 First Dates","2004","","mittel","Handlung","Erinnerung|Alltag|Verbindlichkeit","Rom-Coms|Drew Barrymore","Das Video erklärt Lucy am Morgen ihre Lebenssituation.","„50 erste Dates“ (2004): Wozu entwickelt Henry ein Video für Lucy?","Damit sie heimlich an einer Fernuniversität studieren kann","Damit sie sich für eine Fernsehsendung bewerben kann","Damit sie einen Täter anhand seiner Stimme erkennt","Damit sie morgens ihre Situation und neue Entwicklungen nachvollziehen kann","D","Das Video erklärt Lucy (Drew Barrymore) am Morgen ihre Lebenssituation.","Marlin (Blake Clark) und Doug (Sean Astin) versuchen zunächst, Lucy (Drew Barrymore) durch eine unveränderte Tageskulisse zu schützen. Henry (Adam Sandler) schlägt mit dem Video einen anderen Weg ein: Sie soll erfahren, was geschehen ist, statt dauerhaft in einer Nachstellung zu leben. Der Film macht daraus eine Frage des Vertrauens. Hilfreich ist nicht nur, unangenehme Gefühle zu vermeiden, sondern der Betroffenen Orientierung zu ermöglichen.","Ein Fernstudium ist nicht Gegenstand des Videos.","Eine Bewerbung für das Fernsehen ist nicht der Zweck.","Es geht nicht um die Identifizierung eines Täters.","Das Video erklärt Lucy (Drew Barrymore) am Morgen ihre Lebenssituation.","Das Morgenvideo ersetzt die tägliche Täuschung durch Orientierung.","Handlung","https://en.wikipedia.org/wiki/50_First_Dates|https://www.sonypictures.com/movies/50firstdates","redaktionell_geprueft"
"ROM-S-023","K-ROM-12-05","","de","Film","Rom-Com","50 erste Dates","50 First Dates","2004","","schwer","Handlung","Erinnerung|Alltag|Verbindlichkeit","Rom-Coms|Drew Barrymore","Lucy hat Henry wiederholt gemalt, weil er in ihren Träumen erscheint.","„50 erste Dates“ (2004): Was findet Henry in Lucys Kunstraum, obwohl sie ihn nicht bewusst wiedererkennt?","Den versteckten Unfallbericht ihres Arztes","Einen unterschriebenen Vertrag für seine Forschungsreise","Zahlreiche von ihr gemalte Bilder seines Gesichts","Eine Landkarte mit allen gemeinsamen Fahrten","C","Lucy (Drew Barrymore) hat Henry (Adam Sandler) wiederholt gemalt, weil er in ihren Träumen erscheint.","Als Henry (Adam Sandler) Lucy (Drew Barrymore) später wieder aufsucht, kann sie ihn weiterhin nicht wie eine gewöhnliche Bekanntschaft einordnen. Ihre Bilder zeigen jedoch eine andere Form seiner Präsenz. Drew Barrymore verbindet Verwunderung mit Vertrautheit. Der Film bietet hier keine vollständige Heilung, sondern ein emotionales Zeichen dafür, dass ihre Verbindung mehr Spuren hinterlassen hat, als Henry angenommen hatte.","Ein versteckter Unfallbericht löst die Szene nicht auf.","Ein Forschungsvertrag ist nicht die überraschende Entdeckung.","Lucy (Drew Barrymore) hat Henry (Adam Sandler) wiederholt gemalt, weil er in ihren Träumen erscheint.","Eine gemeinsame Reiseroutenkarte findet er dort nicht.","Lucys (Drew Barrymore) Bilder zeigen Henry (Adam Sandler), den ihre bewusste Erinnerung nicht festhält.","Auflösung","https://en.wikipedia.org/wiki/50_First_Dates|https://www.sonypictures.com/movies/50firstdates","redaktionell_geprueft"
"ROM-S-024","K-ROM-12-06","","de","Film","Rom-Com","50 erste Dates","50 First Dates","2004","","schwer","Handlung","Erinnerung|Alltag|Verbindlichkeit","Rom-Coms|Drew Barrymore","Das Ende zeigt ein gemeinsames Leben mit fortbestehender Gedächtnisstörung.","„50 erste Dates“ (2004): Wie zeigt das Ende Lucys Gedächtnissituation?","Sie erinnert sich nur noch an Henry und an niemanden sonst.","Sie ist vollständig geheilt und braucht keine Hilfsmittel mehr.","Sie erkennt, dass alle Ereignisse ein Traum waren.","Sie nutzt weiter ein Morgenvideo, nun auch über Ehe und Kind.","D","Das Ende zeigt ein gemeinsames Leben mit fortbestehender Gedächtnisstörung.","Lucy (Drew Barrymore) sieht auf dem Boot ein aktualisiertes Video und tritt anschließend in ihr Familienleben mit Henry (Adam Sandler) ein. Der glückliche Ausgang beruht also nicht auf einer plötzlich verschwundenen Schwierigkeit. Die romantische Vorstellung wird als organisierter Alltag erzählt. Gemeinsamkeit benötigt hier Hilfsmittel und wiederholte Erklärungen, nicht nur eine starke Liebeserklärung, die alle Probleme auf einmal beseitigt.","Eine ausschließliche Erinnerung an Henry (Adam Sandler) ist nicht die Endregel.","Der Film zeigt keine vollständige Heilung.","Die Handlung wird nicht als Traum aufgehoben.","Das Ende zeigt ein gemeinsames Leben mit fortbestehender Gedächtnisstörung.","Das Happy End passt den Alltag an, statt Lucy (Drew Barrymore) wundersam zu heilen.","Auflösung","https://en.wikipedia.org/wiki/50_First_Dates|https://www.sonypictures.com/movies/50firstdates","redaktionell_geprueft"
"ROM-L-025","K-ROM-13-01","","de","Film","Rom-Com","10 Dinge, die ich an Dir hasse","10 Things I Hate About You","1999","","leicht","Besetzung","Jugendliebe|Täuschung|Selbstbestimmung","Rom-Coms|Rom-Com-Klassiker","Heath Ledger spielt Patrick Verona.","„10 Dinge, die ich an Dir hasse“ (1999): Wer spielt Patrick Verona?","Heath Ledger","James Marsden","Ryan Reynolds","Joseph Gordon-Levitt","A","Heath Ledger spielt Patrick (Heath Ledger) Verona.","Patrick (Heath Ledger) erscheint zunächst als schwer zugänglicher Außenseiter. Heath Ledger gibt ihm jedoch eine Mischung aus Selbstsicherheit und vorsichtiger Aufmerksamkeit. Für Kat (Julia Stiles) ist gerade die Frage wichtig, ob dieses Interesse echt ist. Seine öffentliche Gelassenheit darf deshalb nicht darüber hinwegtäuschen, dass der Beginn ihrer Annäherung auf einer Vereinbarung beruht, die sie selbst nicht kennt.","Heath Ledger spielt Patrick (Heath Ledger) Verona.","James Marsden verkörpert Patrick (Heath Ledger) nicht.","Ryan Reynolds gehört nicht zum Hauptpaar.","Joseph Gordon-Levitt spielt Cameron (Joseph Gordon-Levitt).","Heath Ledger ist Patrick (Heath Ledger), Joseph Gordon-Levitt ist Cameron (Joseph Gordon-Levitt).","keine","https://en.wikipedia.org/wiki/10_Things_I_Hate_About_You","redaktionell_geprueft"
"ROM-L-026","K-ROM-13-02","","de","Film","Rom-Com","10 Dinge, die ich an Dir hasse","10 Things I Hate About You","1999","","leicht","Handlung","Jugendliebe|Täuschung|Selbstbestimmung","Rom-Coms|Rom-Com-Klassiker","Biancas Dating-Erlaubnis wird an Kats Verabredungen geknüpft.","„10 Dinge, die ich an Dir hasse“ (1999): Welche Regel ihres Vaters erschwert Biancas Verabredungen?","Sie darf bis zum Studienabschluss niemanden treffen.","Sie darf erst ausgehen, wenn ihre ältere Schwester Kat es ebenfalls tut.","Sie darf nur mit Schülern aus derselben Sportmannschaft ausgehen.","Sie muss jeden Verehrer zunächst von ihrer Mutter prüfen lassen.","B","Biancas (Larisa Oleynik) Dating-Erlaubnis wird an Kats (Julia Stiles) Verabredungen geknüpft.","Walter (Larry Miller) will Biancas (Larisa Oleynik) Liebesleben kontrollieren und nutzt dafür Kats (Julia Stiles) geringe Lust auf Verabredungen. Die Schwestern werden damit gegeneinander in Stellung gebracht. Larisa Oleynik und Julia Stiles spielen unterschiedliche Reaktionen auf familiäre Erwartungen. Die Regel setzt zwar den Plan der Jungen in Gang, berührt aber auch eine ernstere Frage: Wer darf über die eigenen Erfahrungen entscheiden?","Der Film formuliert diese konkrete Bedingung statt eines Verbots bis Studienende.","Biancas (Larisa Oleynik) Dating-Erlaubnis wird an Kats (Julia Stiles) Verabredungen geknüpft.","Die Sportmannschaft ist kein Kriterium dieser Regel.","Eine Prüfung durch die Mutter ist nicht die festgelegte Hürde.","Biancas (Larisa Oleynik) Freiheit wird von Kats (Julia Stiles) Dating-Leben abhängig gemacht.","Handlung","https://en.wikipedia.org/wiki/10_Things_I_Hate_About_You","redaktionell_geprueft"
"ROM-M-025","K-ROM-13-03","","de","Film","Rom-Com","10 Dinge, die ich an Dir hasse","10 Things I Hate About You","1999","","mittel","Handlung","Jugendliebe|Täuschung|Selbstbestimmung","Rom-Coms|Rom-Com-Klassiker","Patrick wird dafür bezahlt, mit Kat auszugehen.","„10 Dinge, die ich an Dir hasse“ (1999): Warum beginnt Patrick zunächst, Kat den Hof zu machen?","Joey bezahlt ihn dafür.","Er will für eine Schulzeitung über sie berichten.","Er muss eine gerichtliche Sozialauflage erfüllen.","Er glaubt, sie sei die Tochter seines Trainers.","A","Patrick (Heath Ledger) wird dafür bezahlt, mit Kat (Julia Stiles) auszugehen.","Cameron (Joseph Gordon-Levitt) möchte Bianca (Larisa Oleynik) näherkommen, und Joey (Andrew Keegan) finanziert den Plan, der ihre Dating-Sperre umgehen soll. Patrick (Heath Ledger) übernimmt darin eine bezahlte Rolle. Für Kat (Julia Stiles) bleibt dieser Hintergrund verborgen. Die spätere Liebesgeschichte muss deshalb mehr überwinden als anfängliche Abneigung: Sie muss klären, ob echte Gefühle eine Täuschung aufheben können und wie Vertrauen überhaupt wieder entstehen soll.","Patrick (Heath Ledger) wird dafür bezahlt, mit Kat (Julia Stiles) auszugehen.","Patrick (Heath Ledger) recherchiert keine Reportage über Kat (Julia Stiles).","Eine gerichtliche Auflage ist nicht der Anlass.","Eine vermeintliche Verwandtschaft mit dem Trainer spielt keine Rolle.","Patricks (Heath Ledger) Auftrag macht später echte Gefühle unglaubwürdig.","Handlung","https://en.wikipedia.org/wiki/10_Things_I_Hate_About_You","redaktionell_geprueft"
"ROM-M-026","K-ROM-13-04","","de","Film","Rom-Com","10 Dinge, die ich an Dir hasse","10 Things I Hate About You","1999","","mittel","Filmgeschichte","Jugendliebe|Täuschung|Selbstbestimmung","Rom-Coms|Rom-Com-Klassiker","Der Film überträgt Motive aus Der Widerspenstigen Zähmung.","„10 Dinge, die ich an Dir hasse“ (1999): Welche Shakespeare-Komödie bildet die wichtigste Vorlage?","Ein Sommernachtstraum","Der Widerspenstigen Zähmung","Viel Lärm um nichts","Was ihr wollt","B","Der Film überträgt Motive aus Der Widerspenstigen Zähmung.","Kat (Julia Stiles) und Bianca (Larisa Oleynik) tragen ihren Konflikt in einer amerikanischen Highschool aus, doch die Schwesterkonstellation und die arrangierte Werbung verweisen auf Shakespeare. Julia Stiles und Larisa Oleynik verkörpern dabei keine unverändert übernommenen Bühnenfiguren. Die moderne Fassung gibt den Fragen nach Selbstbestimmung, Gruppendruck und weiblicher Eigenständigkeit einen anderen gesellschaftlichen Rahmen als die frühe Komödie.","Ein Sommernachtstraum ist nicht die zentrale Vorlage.","Der Film überträgt Motive aus Der Widerspenstigen Zähmung.","Viel Lärm um nichts liefert nicht diese Schwesterkonstellation.","Was ihr wollt ist eine andere Shakespeare-Komödie.","Shakespeares Schwesterkonflikt zieht an eine amerikanische Highschool.","keine","https://en.wikipedia.org/wiki/10_Things_I_Hate_About_You","redaktionell_geprueft"
"ROM-S-025","K-ROM-13-05","","de","Film","Rom-Com","10 Dinge, die ich an Dir hasse","10 Things I Hate About You","1999","","schwer","Handlung","Jugendliebe|Täuschung|Selbstbestimmung","Rom-Coms|Rom-Com-Klassiker","Kat erklärt, dass sie mit Joey Erfahrungen gemacht hat, die sie bereut.","„10 Dinge, die ich an Dir hasse“ (1999): Was verrät Kat Bianca über ihre frühere Verbindung zu Joey?","Sie bereut ihre frühere sexuelle Beziehung zu ihm.","Sie unterstützte heimlich seine Bewerbung für eine Kunsthochschule.","Sie plante damals bereits eine gemeinsame Wohnung mit ihm.","Sie wollte mit ihm dieselbe Universität besuchen.","A","Kat (Julia Stiles) erklärt, dass sie mit Joey (Andrew Keegan) Erfahrungen gemacht hat, die sie bereut.","Kats (Julia Stiles) ablehnende Haltung erscheint Bianca (Larisa Oleynik) zunächst nur hinderlich. Das Gespräch über Joey (Andrew Keegan) zeigt einen persönlichen Hintergrund: Kat möchte eine Erfahrung nicht wiederholen und zugleich ihre Schwester davor schützen. Julia Stiles gibt ihrer Härte dadurch Verletzlichkeit. Der Film unterscheidet aber auch Schutz und Bevormundung, denn Bianca muss ihre eigene Sicht entwickeln dürfen.","Kat (Julia Stiles) erklärt, dass sie mit Joey (Andrew Keegan) Erfahrungen gemacht hat, die sie bereut.","Eine Kunsthochschulbewerbung erklärt den Konflikt nicht.","Eine gemeinsam geplante Wohnung ist nicht ihre entscheidende Offenbarung.","Ein gemeinsamer Universitätsplan ist nicht der Inhalt des Geständnisses.","Hinter Kats (Julia Stiles) Härte steht eine verletzende Erfahrung mit Joey (Andrew Keegan).","Auflösung","https://en.wikipedia.org/wiki/10_Things_I_Hate_About_You","redaktionell_geprueft"
"ROM-S-026","K-ROM-13-06","","de","Film","Rom-Com","10 Dinge, die ich an Dir hasse","10 Things I Hate About You","1999","","schwer","Handlung","Jugendliebe|Täuschung|Selbstbestimmung","Rom-Coms|Rom-Com-Klassiker","Patrick kauft Kat eine Gitarre von dem Geld.","„10 Dinge, die ich an Dir hasse“ (1999): Wofür verwendet Patrick das Geld aus seiner Vereinbarung am Ende?","Er finanziert Joeys Abschlussball.","Er kauft Kat eine Gitarre.","Er kauft Walter einen neuen Wagen.","Er bezahlt Camerons Nachhilfe.","B","Patrick (Heath Ledger) kauft Kat (Julia Stiles) eine Gitarre von dem Geld.","Kat (Julia Stiles) liest im Unterricht einen Text, der ihre Verletzung und ihre fortbestehenden Gefühle zugleich sichtbar macht. Patrick (Heath Ledger) antwortet später mit einer Gitarre, die ihren eigenen musikalischen Wunsch aufgreift. Heath Ledgers Figur versucht damit, den Ursprung des Geldes umzudeuten. Das Geschenk ersetzt keine Ehrlichkeit, begleitet aber sein Eingeständnis, dass aus dem Auftrag echte Zuneigung geworden ist.","Joeys (Andrew Keegan) Abschlussball wird damit nicht bezahlt.","Patrick (Heath Ledger) kauft Kat (Julia Stiles) eine Gitarre von dem Geld.","Ein Auto für den Vater ist nicht die Versöhnungsgeste.","Camerons (Joseph Gordon-Levitt) Nachhilfe ist nicht das Ziel.","Aus dem Geld für die Täuschung wird Kats (Julia Stiles) Gitarre.","Auflösung","https://en.wikipedia.org/wiki/10_Things_I_Hate_About_You","redaktionell_geprueft"
"ROM-L-027","K-ROM-14-01","","de","Film","Rom-Com","Wie werde ich ihn los – in 10 Tagen?","How to Lose a Guy in 10 Days","2003","","leicht","Besetzung","Wette|Beruf und Liebe|Täuschung","Rom-Coms|Matthew McConaughey","Kate Hudson und Matthew McConaughey spielen Andie und Ben.","„Wie werde ich ihn los – in 10 Tagen?“ (2003): Welches Paar spielt Andie Anderson und Ben Barry?","Reese Witherspoon und Josh Lucas","Katherine Heigl und James Marsden","Kate Hudson und Matthew McConaughey","Jennifer Lopez und Ben Affleck","C","Kate Hudson und Matthew McConaughey spielen Andie (Kate Hudson) und Ben (Matthew McConaughey).","Andie (Kate Hudson) und Ben (Matthew McConaughey) gehen mit entgegengesetzten Absichten in dieselbe Beziehung. Kate Hudson und Matthew McConaughey müssen deshalb hinter scheinbar romantischem Verhalten jeweils eine geheime berufliche Strategie erkennen lassen. Die Komik entsteht daraus, dass eine erfolgreiche Aktion für den einen wie ein Hindernis für den anderen wirkt. Ehrliche Nähe kann erst wachsen, wenn die geplanten Rollen zeitweise aussetzen.","Witherspoon und Lucas gehören zu Sweet Home Alabama.","Heigl und Marsden spielen das Hauptpaar in 27 Dresses.","Kate Hudson und Matthew McConaughey spielen Andie (Kate Hudson) und Ben (Matthew McConaughey).","Lopez und Affleck bilden nicht dieses Filmpaar.","Hudson und McConaughey spielen gegeneinander gerichtete Dating-Pläne.","keine","https://en.wikipedia.org/wiki/How_to_Lose_a_Guy_in_10_Days","redaktionell_geprueft"
"ROM-L-028","K-ROM-14-02","","de","Film","Rom-Com","Wie werde ich ihn los – in 10 Tagen?","How to Lose a Guy in 10 Days","2003","","leicht","Handlung","Wette|Beruf und Liebe|Täuschung","Rom-Coms|Matthew McConaughey","Andie will für einen Artikel demonstrieren, wie man einen Mann vergrault.","„Wie werde ich ihn los – in 10 Tagen?“ (2003): Welches Ziel verfolgt Andie zunächst für ihren Artikel?","Die Identität eines anonymen Liebesbriefschreibers enthüllen","Einen Mann in zehn Tagen zu einem Heiratsantrag bringen","Zehn Männer für denselben Blind-Date-Abend gewinnen","Einen Mann durch gezielte Beziehungsfehler in zehn Tagen vertreiben","D","Andie (Kate Hudson) will für einen Artikel demonstrieren, wie man einen Mann vergrault.","Andie (Kate Hudson) arbeitet für eine Zeitschrift, möchte aber eigentlich ernstere Themen bearbeiten. Der Dating-Artikel ist für sie zunächst ein beruflicher Auftrag. Kate Hudson lässt die Figur absichtlich übertriebene Verhaltensweisen spielen, die nicht mit ihren tatsächlichen Bedürfnissen verwechselt werden sollten. Für Ben (Matthew McConaughey) bleibt diese Trennung unsichtbar, weshalb er ihre wechselnden Signale als Eigenschaften einer Partnerin behandeln muss.","Sie verfolgt keinen anonymen Briefschreiber.","Ein Heiratsantrag wäre das Gegenteil ihres ursprünglichen Plans.","Ein Gruppen-Blind-Date organisiert sie nicht.","Andie (Kate Hudson) will für einen Artikel demonstrieren, wie man einen Mann vergrault.","Andies (Kate Hudson) Romantik ist zunächst Material für einen Trennungsartikel.","Handlung","https://en.wikipedia.org/wiki/How_to_Lose_a_Guy_in_10_Days","redaktionell_geprueft"
"ROM-M-027","K-ROM-14-03","","de","Film","Rom-Com","Wie werde ich ihn los – in 10 Tagen?","How to Lose a Guy in 10 Days","2003","","mittel","Motiv","Wette|Beruf und Liebe|Täuschung","Rom-Coms|Matthew McConaughey","Ben will mit dem Beweis seiner Überzeugungskraft die Diamantenkampagne erhalten.","„Wie werde ich ihn los – in 10 Tagen?“ (2003): Was will Ben durch seine eigene Wette erreichen?","Die Leitung eines Hochzeitsrestaurants gewinnen","Eine Hauptrolle in Andies Fernsehserie bekommen","Eine wichtige Werbekampagne für Diamanten übernehmen","Seine Kündigung bei einer Zeitung rückgängig machen","C","Ben (Matthew McConaughey) will mit dem Beweis seiner Überzeugungskraft die Diamantenkampagne erhalten.","Ben (Matthew McConaughey) möchte in seiner Agentur einen prestigeträchtigen Auftrag gewinnen. Seine Wette macht Andie (Kate Hudson) zunächst zum Mittel eines beruflichen Ziels. Matthew McConaugheys selbstsicheres Auftreten verdeckt dabei, wie abhängig sein Verhalten von dieser Vorgabe ist. Er bleibt gerade dann geduldig, wenn eine gewöhnliche Bekanntschaft vielleicht längst beendet wäre, und hält so ungewollt Andies Gegenspiel am Laufen.","Ein Restaurantposten ist nicht der Einsatz.","Eine Fernsehrolle ist nicht sein Ziel.","Ben (Matthew McConaughey) will mit dem Beweis seiner Überzeugungskraft die Diamantenkampagne erhalten.","Er arbeitet nicht an der Rücknahme einer Zeitungs-Kündigung.","Ben (Matthew McConaughey) bleibt für die erhoffte Diamantenkampagne im Spiel.","Handlung","https://en.wikipedia.org/wiki/How_to_Lose_a_Guy_in_10_Days","redaktionell_geprueft"
"ROM-M-028","K-ROM-14-04","","de","Film","Rom-Com","Wie werde ich ihn los – in 10 Tagen?","How to Lose a Guy in 10 Days","2003","","mittel","Figur","Wette|Beruf und Liebe|Täuschung","Rom-Coms|Matthew McConaughey","Michelle übernimmt die Rolle der vermeintlichen Therapeutin.","„Wie werde ich ihn los – in 10 Tagen?“ (2003): Wer gibt sich bei der angeblichen Paarberatung als Therapeutin aus?","Andies Chefin Lana","Bens Kollegin Judy","Bens Mutter Glenda","Andies Freundin Michelle","D","Michelle (Kathryn Hahn) übernimmt die Rolle der vermeintlichen Therapeutin.","Andie (Kate Hudson) setzt Michelle (Kathryn Hahn) als angebliche Fachfrau ein, um zusätzlichen Druck auf Ben (Matthew McConaughey) aufzubauen. Kathryn Hahn spielt dabei eine Freundin innerhalb einer inszenierten Beratungsrolle. Die Szene ist keine Darstellung seriöser Paartherapie, sondern Teil des Täuschungsplans. Sie verstärkt das Grundmuster des Films: Beide Hauptfiguren halten äußere Situationen für echt, obwohl jemand im Hintergrund eine Wirkung organisiert.","Lana (Bebe Neuwirth) leitet die Zeitschrift, spielt aber nicht die Therapeutin.","Judy gehört zu seiner beruflichen Konkurrenz, nicht zu dieser Inszenierung.","Bens (Matthew McConaughey) Mutter übernimmt diese Rolle nicht.","Michelle (Kathryn Hahn) übernimmt die Rolle der vermeintlichen Therapeutin.","Michelle (Kathryn Hahn) spielt Beratung, um Andies (Kate Hudson) Plan zu unterstützen.","Handlung","https://en.wikipedia.org/wiki/How_to_Lose_a_Guy_in_10_Days","redaktionell_geprueft"
"ROM-S-027","K-ROM-14-05","","de","Film","Rom-Com","Wie werde ich ihn los – in 10 Tagen?","How to Lose a Guy in 10 Days","2003","","schwer","Handlung","Wette|Beruf und Liebe|Täuschung","Rom-Coms|Matthew McConaughey","Die Zeit mit Bens Familie lässt ihre gespielte Beziehung persönlicher werden.","„Wie werde ich ihn los – in 10 Tagen?“ (2003): Warum verändert der Besuch bei Bens Familie Andies Haltung?","Sie erfährt dort bereits den vollständigen Inhalt seiner Wette.","Sie erhält dort heimlich eine neue journalistische Identität.","Sie erlebt echte Wärme und entwickelt aufrichtige Gefühle.","Sie entdeckt, dass Ben der Besitzer ihrer Zeitschrift ist.","C","Die Zeit mit Bens (Matthew McConaughey) Familie lässt ihre gespielte Beziehung persönlicher werden.","Bei Bens (Matthew McConaughey) Familie muss Andie (Kate Hudson) nicht fortwährend die störende Freundin darstellen. Kate Hudson kann der Figur dort eine entspanntere Offenheit geben. Gerade dieser Kontrast macht sichtbar, was die beiden außerhalb ihrer beruflichen Pläne miteinander haben könnten. Die späteren Enthüllungen verletzen deshalb stärker: Betroffen ist inzwischen eine tatsächlich entstandene Bindung, nicht nur das Scheitern zweier Strategien.","Die vollständige Wette wird dort noch nicht enthüllt.","Eine neue journalistische Identität erhält sie nicht.","Die Zeit mit Bens (Matthew McConaughey) Familie lässt ihre gespielte Beziehung persönlicher werden.","Ben (Matthew McConaughey) besitzt ihre Zeitschrift nicht.","Bei Bens (Matthew McConaughey) Familie wird aus der Versuchsanordnung echte Nähe.","Handlung","https://en.wikipedia.org/wiki/How_to_Lose_a_Guy_in_10_Days","redaktionell_geprueft"
"ROM-S-028","K-ROM-14-06","","de","Film","Rom-Com","Wie werde ich ihn los – in 10 Tagen?","How to Lose a Guy in 10 Days","2003","","schwer","Handlung","Wette|Beruf und Liebe|Täuschung","Rom-Coms|Matthew McConaughey","Ben erkennt in Andies Artikel, dass sie sich tatsächlich verliebt hatte.","„Wie werde ich ihn los – in 10 Tagen?“ (2003): Was bringt Ben nach dem Zerwürfnis dazu, Andie erneut aufzusuchen?","Eine neue Wette verpflichtet ihn zu einem weiteren Treffen.","Seine Firma verlangt eine gemeinsame Pressekonferenz.","Michelle behauptet, die beiden seien bereits verheiratet.","Ihr Artikel zeigt ihm, dass ihre Gefühle echt waren.","D","Ben (Matthew McConaughey) erkennt in Andies (Kate Hudson) Artikel, dass sie sich tatsächlich verliebt hatte.","Andie (Kate Hudson) hat ihr Experiment veröffentlicht, aber dabei auch dessen persönliche Folgen benannt. Ben (Matthew McConaughey) liest deshalb nicht nur eine berufliche Auswertung, sondern ein Eingeständnis. Die Schlussbewegung kehrt den ursprünglichen Plan um: Nun sucht er sie nicht mehr auf, um eine Kampagne zu gewinnen. Er muss herausfinden, ob nach den beiderseitigen Täuschungen ein ehrlicher Anfang möglich ist.","Eine weitere Wette treibt ihn nicht an.","Eine Firmen-Pressekonferenz ist nicht der Anlass.","Eine erfundene Eheschließung bringt die beiden nicht zusammen.","Ben (Matthew McConaughey) erkennt in Andies (Kate Hudson) Artikel, dass sie sich tatsächlich verliebt hatte.","Andies (Kate Hudson) ehrlicher Artikel ersetzt den ursprünglichen Dating-Plan.","Auflösung","https://en.wikipedia.org/wiki/How_to_Lose_a_Guy_in_10_Days","redaktionell_geprueft"
"ROM-L-029","K-ROM-15-01","","de","Film","Rom-Com","27 Dresses","27 Dresses","2008","","leicht","Handlung","Hochzeit|Schwestern|Selbstachtung","Rom-Coms|Hochzeitsfilme","Jane hat die Kleider von 27 Brautjungferneinsätzen aufgehoben.","„27 Dresses“ (2008): Wofür stehen die titelgebenden 27 Kleider?","Für Janes Einsätze als Brautjungfer","Für Kostüme aus Kevins Theaterstücken","Für Tess’ Kollektion als Modedesignerin","Für die Brautkleider eines geerbten Geschäfts","A","Jane (Katherine Heigl) hat die Kleider von 27 Brautjungferneinsätzen aufgehoben.","Jane (Katherine Heigl) stellt die Hochzeitswünsche anderer regelmäßig vor die eigenen Bedürfnisse. Ihre Kleidersammlung macht diese Rolle sichtbar und bewahrt zugleich eine Reihe von Erinnerungen. Katherine Heigl spielt daher nicht einfach eine Frau mit einem ungewöhnlich vollen Schrank. Die Kleider erzählen davon, wie sehr Hilfsbereitschaft zur festgelegten Identität werden kann, aus der ein eigener Wunsch erst herausgelöst werden muss.","Jane (Katherine Heigl) hat die Kleider von 27 Brautjungferneinsätzen aufgehoben.","Kevins (James Marsden) Theaterkostüme erklären den Titel nicht.","Tess (Malin Åkerman) entwirft keine titelgebende Kollektion.","Jane (Katherine Heigl) erbt hier kein Brautmodengeschäft.","Janes (Katherine Heigl) Kleider sammeln 27 fremde Hochzeitsgeschichten.","Handlung","https://en.wikipedia.org/wiki/27_Dresses|https://www.20thcenturystudios.com/movies/27-dresses","redaktionell_geprueft"
"ROM-L-030","K-ROM-15-02","","de","Film","Rom-Com","27 Dresses","27 Dresses","2008","","leicht","Besetzung","Hochzeit|Schwestern|Selbstachtung","Rom-Coms|Hochzeitsfilme","Katherine Heigl verkörpert Jane Nichols.","„27 Dresses“ (2008): Wer spielt Jane Nichols?","Rachel McAdams","Katherine Heigl","Jennifer Garner","Kate Hudson","B","Katherine Heigl verkörpert Jane (Katherine Heigl) Nichols.","Jane (Katherine Heigl) ist zuverlässig, organisiert und für andere beinahe jederzeit verfügbar. Katherine Heigl lässt dabei erkennen, dass die freundliche Oberfläche auch Frustration verdeckt. Wenn Kevin (James Marsden) ihr Verhalten hinterfragt, ist das nicht nur der Beginn eines Flirts. Die Begegnung zwingt Jane dazu, zwischen echter Großzügigkeit und dem Wunsch zu unterscheiden, durch ständige Gefälligkeit unentbehrlich zu werden.","Rachel McAdams gehört nicht zum zentralen Paar.","Katherine Heigl verkörpert Jane (Katherine Heigl) Nichols.","Jennifer Garner verkörpert Jane (Katherine Heigl) Nichols nicht.","Kate Hudson spielt Jane (Katherine Heigl) nicht.","Katherine Heigls Jane (Katherine Heigl) hilft allen und übersieht sich selbst.","keine","https://en.wikipedia.org/wiki/27_Dresses|https://www.20thcenturystudios.com/movies/27-dresses","redaktionell_geprueft"
"ROM-M-029","K-ROM-15-03","","de","Film","Rom-Com","27 Dresses","27 Dresses","2008","","mittel","Beziehung","Hochzeit|Schwestern|Selbstachtung","Rom-Coms|Hochzeitsfilme","Tess und Janes Chef George werden ein Paar.","„27 Dresses“ (2008): Warum trifft die Verlobung von Tess Jane besonders hart?","Tess verlobt sich mit Janes Chef, in den Jane verliebt ist.","Tess heiratet den Bruder ihres verstorbenen Mannes.","Tess verlobt sich mit Janes geschiedenem Ehemann.","Tess übernimmt Janes bereits gebuchten Hochzeitstermin mit demselben Bräutigam.","A","Tess (Malin Åkerman) und Janes (Katherine Heigl) Chef George (Edward Burns) werden ein Paar.","Jane (Katherine Heigl) hat ihre Gefühle für George (Edward Burns) lange nicht offen ausgesprochen. Als Tess (Malin Åkerman) sein Interesse gewinnt, geraten Schwesterliebe und eigene Enttäuschung aneinander. Malin Åkerman spielt die jüngere Schwester als Gegenpol zu Janes gewohnter Selbstzurücknahme. Der Konflikt entsteht nicht allein daraus, dass beide denselben Mann mögen, sondern auch aus der ungleichen Verteilung von Aufmerksamkeit und Unterstützung.","Tess (Malin Åkerman) und Janes (Katherine Heigl) Chef George (Edward Burns) werden ein Paar.","Eine solche Witwenkonstellation gehört nicht zur Handlung.","George (Edward Burns) ist nicht Janes (Katherine Heigl) geschiedener Ehemann.","Jane (Katherine Heigl) hatte mit George (Edward Burns) keine fertige Hochzeit geplant.","Tess (Malin Åkerman) bekommt den Mann, den Jane (Katherine Heigl) bisher nur heimlich liebt.","Handlung","https://en.wikipedia.org/wiki/27_Dresses|https://www.20thcenturystudios.com/movies/27-dresses","redaktionell_geprueft"
"ROM-M-030","K-ROM-15-04","","de","Film","Rom-Com","27 Dresses","27 Dresses","2008","","mittel","Figur","Hochzeit|Schwestern|Selbstachtung","Rom-Coms|Hochzeitsfilme","Kevin ist Journalist und verfasst Hochzeitsgeschichten.","„27 Dresses“ (2008): Welchen Beruf hat Kevin Doyle?","Er ist Georges privater Vermögensberater.","Er schreibt als Journalist über Hochzeiten.","Er arbeitet als Scheidungsanwalt.","Er verkauft maßgeschneiderte Anzüge.","B","Kevin (James Marsden) ist Journalist und verfasst Hochzeitsgeschichten.","Kevin (James Marsden) steht romantischen Hochzeitsvorstellungen skeptisch gegenüber, obwohl er darüber schreibt. James Marsden gibt ihm damit eine berufliche Rolle, die schlecht zu Janes (Katherine Heigl) Vertrauen in solche Geschichten passt. Seine Aufmerksamkeit kann zugleich echtes Interesse und Recherche sein. Für die entstehende Beziehung wird diese Doppelbedeutung entscheidend, weil Jane nicht von Anfang an weiß, welcher Text über sie entstehen soll.","Er berät George (Edward Burns) nicht in Vermögensfragen.","Kevin (James Marsden) ist Journalist und verfasst Hochzeitsgeschichten.","Er vertritt keine Scheidungsmandanten.","Ein Anzuggeschäft ist nicht sein Arbeitsfeld.","Kevin (James Marsden) schreibt Hochzeitsromantik, obwohl er ihr misstraut.","Handlung","https://en.wikipedia.org/wiki/27_Dresses|https://www.20thcenturystudios.com/movies/27-dresses","redaktionell_geprueft"
"ROM-S-029","K-ROM-15-05","","de","Film","Rom-Com","27 Dresses","27 Dresses","2008","","schwer","Handlung","Hochzeit|Schwestern|Selbstachtung","Rom-Coms|Hochzeitsfilme","Die Veröffentlichung seines Artikels verletzt Janes Vertrauen.","„27 Dresses“ (2008): Wodurch fühlt Jane sich von Kevin öffentlich verraten?","Sein Artikel über ihre Brautjungfernrolle erscheint ohne ihre Zustimmung.","Er zeigt ein gefälschtes Hochzeitsvideo ihrer Eltern.","Er verkauft die Kleider an Tess, ohne Jane zu fragen.","Er veröffentlicht ihre privaten Bankdaten.","A","Die Veröffentlichung seines Artikels verletzt Janes (Katherine Heigl) Vertrauen.","Kevin (James Marsden) hat Janes (Katherine Heigl) Leben als Stoff für eine Geschichte betrachtet, während zwischen ihnen persönliche Nähe entstanden ist. Als der Artikel erscheint, erlebt Jane diese Nähe als ausgenutzt. James Marsdens Figur kann sich nicht allein damit entschuldigen, dass Gefühle inzwischen echt geworden seien. Die Szene fragt danach, wer bestimmen darf, wie eine private Geschichte öffentlich erzählt wird.","Die Veröffentlichung seines Artikels verletzt Janes (Katherine Heigl) Vertrauen.","Ein gefälschtes Elternvideo gehört nicht zu seinem Verrat.","Ein Verkauf der Kleider löst diesen Konflikt nicht aus.","Bankdaten sind nicht der Inhalt der Veröffentlichung.","Der Artikel macht aus Janes (Katherine Heigl) Vertrauen öffentliches Material.","Auflösung","https://en.wikipedia.org/wiki/27_Dresses|https://www.20thcenturystudios.com/movies/27-dresses","redaktionell_geprueft"
"ROM-S-030","K-ROM-15-06","","de","Film","Rom-Com","27 Dresses","27 Dresses","2008","","schwer","Handlung","Hochzeit|Schwestern|Selbstachtung","Rom-Coms|Hochzeitsfilme","Die früheren Bräute stehen nun in den alten Kleidern für Jane bereit.","„27 Dresses“ (2008): Wie greift Janes eigene Hochzeit die 27 früheren Brautjungfernkleider auf?","Jane näht alle Kleider zu ihrem eigenen Brautkleid zusammen.","Die früheren Bräute tragen die Kleider als ihre Brautjungfern.","Tess lässt sämtliche Kleider vor der Feier verbrennen.","Kevin versteigert alle Kleider während der Trauung.","B","Die früheren Bräute stehen nun in den alten Kleidern für Jane (Katherine Heigl) bereit.","Jane (Katherine Heigl) bekommt am Ende eine Feier, bei der nicht wieder ausschließlich die Wünsche anderer im Zentrum stehen. Die Rückkehr der Kleider verändert ihre Bedeutung: Aus Zeichen dauernder Selbstzurücknahme werden sichtbare Beiträge der früheren Bräute. Katherine Heigls Figur muss ihre Hilfsbereitschaft dafür nicht verleugnen. Neu ist, dass auch sie Unterstützung und einen eigenen großen Moment beanspruchen kann.","Ihr eigenes Kleid entsteht nicht als Patchwork aller 27 Stücke.","Die früheren Bräute stehen nun in den alten Kleidern für Jane (Katherine Heigl) bereit.","Die Kleider werden nicht verbrannt.","Eine Versteigerung ist nicht die Schlussidee.","Die ehemaligen Bräute stehen nun für Jane (Katherine Heigl) ein.","Auflösung","https://en.wikipedia.org/wiki/27_Dresses|https://www.20thcenturystudios.com/movies/27-dresses","redaktionell_geprueft"
"ROM-L-031","K-ROM-16-01","","de","Film","Rom-Com","Während Du schliefst","While You Were Sleeping","1995","","leicht","Besetzung","Missverständnis|Familie|Weihnachten","Rom-Coms|Rom-Com-Klassiker|Weihnachtsromanzen|Sandra Bullock","Sandra Bullock verkörpert Lucy Moderatz.","„Während Du schliefst“ (1995): Wer spielt Lucy Moderatz?","Meg Ryan","Julia Roberts","Sandra Bullock","Helen Hunt","C","Sandra Bullock verkörpert Lucy (Sandra Bullock) Moderatz.","Lucy (Sandra Bullock) kennt viele Menschen nur flüchtig aus ihrem Arbeitsalltag und lebt selbst ohne enge Familie. Sandra Bullock gibt dieser Einsamkeit eine freundliche, zurückhaltende Form. So wird verständlich, warum die herzliche Aufnahme durch Peters (Peter Gallagher) Angehörige eine starke Versuchung ist. Die Geschichte handelt nicht nur von der Suche nach einem Mann, sondern auch vom Wunsch, irgendwo dazuzugehören.","Meg Ryan spielt Lucy (Sandra Bullock) nicht.","Julia Roberts gehört nicht zum Hauptensemble.","Sandra Bullock verkörpert Lucy (Sandra Bullock) Moderatz.","Helen Hunt verkörpert diese Figur nicht.","Sandra Bullocks Lucy (Sandra Bullock) sucht Liebe und Zugehörigkeit.","keine","https://en.wikipedia.org/wiki/While_You_Were_Sleeping_(film)","redaktionell_geprueft"
"ROM-L-032","K-ROM-16-02","","de","Film","Rom-Com","Während Du schliefst","While You Were Sleeping","1995","","leicht","Handlung","Missverständnis|Familie|Weihnachten","Rom-Coms|Rom-Com-Klassiker|Weihnachtsromanzen|Sandra Bullock","Die Familie glaubt, Lucy sei Peters Verlobte.","„Während Du schliefst“ (1995): Für wen hält Peters Familie Lucy nach seiner Rettung?","Für seine behandelnde Ärztin","Für seine neue Vorgesetzte","Für seine bisher unbekannte Schwester","Für seine Verlobte","D","Die Familie glaubt, Lucy (Sandra Bullock) sei Peters (Peter Gallagher) Verlobte.","Lucy (Sandra Bullock) rettet Peter (Peter Gallagher) und wird im Krankenhaus aufgrund eines Missverständnisses in eine Beziehung eingeordnet, die es nie gab. Ihre fehlende schnelle Korrektur lässt daraus eine immer größere Geschichte werden. Die freundliche Aufnahme verschärft den Konflikt: Je mehr ihr die Familie bedeutet, desto schwerer fällt eine Wahrheit, mit der sie diese neue Nähe verlieren könnte.","Lucy (Sandra Bullock) ist keine Ärztin.","Die Familie hält sie nicht für Peters (Peter Gallagher) Chefin.","Eine bislang unbekannte Schwester wird nicht angenommen.","Die Familie glaubt, Lucy (Sandra Bullock) sei Peters (Peter Gallagher) Verlobte.","Aus einem Missverständnis wird eine erfundene Verlobung.","Handlung","https://en.wikipedia.org/wiki/While_You_Were_Sleeping_(film)","redaktionell_geprueft"
"ROM-M-031","K-ROM-16-03","","de","Film","Rom-Com","Während Du schliefst","While You Were Sleeping","1995","","mittel","Beziehung","Missverständnis|Familie|Weihnachten","Rom-Coms|Rom-Com-Klassiker|Weihnachtsromanzen|Sandra Bullock","Jack ist Peters Bruder.","„Während Du schliefst“ (1995): Wie ist Jack mit Peter verwandt?","Er ist Peters Schwager.","Er ist Peters Cousin.","Er ist Peters Bruder.","Er ist Peters Sohn.","C","Jack (Bill Pullman) ist Peters (Peter Gallagher) Bruder.","Jack (Bill Pullman) begegnet Lucy (Sandra Bullock) zunächst mit Skepsis, während Peter (Peter Gallagher) im Krankenhaus liegt. Bill Pullman spielt den Bruder mit einer bodenständigeren Ausstrahlung als Peter Gallagher den zunächst aus der Ferne bewunderten Mann. Durch Gespräche und gemeinsame Zeit verschiebt sich Lucys Interesse. Aus dem idealisierten Fremden wird im Vergleich eine Projektion, aus dem tatsächlich kennengelernten Bruder eine mögliche Beziehung.","Eine Heirat begründet ihre Verbindung nicht.","Jack (Bill Pullman) und Peter (Peter Gallagher) sind Brüder, keine Cousins.","Jack (Bill Pullman) ist Peters (Peter Gallagher) Bruder.","Sie gehören derselben Generation als Brüder an.","Lucy (Sandra Bullock) verliebt sich in den Bruder des vermeintlichen Verlobten.","Handlung","https://en.wikipedia.org/wiki/While_You_Were_Sleeping_(film)","redaktionell_geprueft"
"ROM-M-032","K-ROM-16-04","","de","Film","Rom-Com","Während Du schliefst","While You Were Sleeping","1995","","mittel","Handlung","Missverständnis|Familie|Weihnachten","Rom-Coms|Rom-Com-Klassiker|Weihnachtsromanzen|Sandra Bullock","Lucy rettet Peter von den Bahngleisen.","„Während Du schliefst“ (1995): Wie rettet Lucy Peter bei ihrer ersten entscheidenden Begegnung?","Sie holt ihn aus einem brennenden Hotelzimmer.","Sie befreit ihn aus einem eingeschneiten Auto.","Sie belebt ihn nach einem Badeunfall wieder.","Sie zieht ihn aus dem Gleisbereich vor einem herannahenden Zug.","D","Lucy (Sandra Bullock) rettet Peter (Peter Gallagher) von den Bahngleisen.","Lucy (Sandra Bullock) bewundert Peter (Peter Gallagher) zunächst als regelmäßigen Fahrgast, ohne ihn wirklich zu kennen. Erst die Rettung macht aus ihrer stillen Beobachtung einen unmittelbaren Kontakt. Sandra Bullock spielt den Entschluss praktisch und spontan. Die spätere Täuschung sollte deshalb nicht rückwirkend den Ausgangspunkt verdecken: Sie hilft einem Menschen in Gefahr, bevor die erfundene Verlobung überhaupt ins Spiel kommt.","Ein Hotelbrand ist nicht die Gefahr.","Ein eingeschneites Auto ist nicht der Schauplatz.","Es gibt an dieser Stelle keinen Badeunfall.","Lucy (Sandra Bullock) rettet Peter (Peter Gallagher) von den Bahngleisen.","Die Rettung auf den Gleisen geht der Verlobungslüge voraus.","Handlung","https://en.wikipedia.org/wiki/While_You_Were_Sleeping_(film)","redaktionell_geprueft"
"ROM-S-031","K-ROM-16-05","","de","Film","Rom-Com","Während Du schliefst","While You Were Sleeping","1995","","schwer","Figur","Missverständnis|Familie|Weihnachten","Rom-Coms|Rom-Com-Klassiker|Weihnachtsromanzen|Sandra Bullock","Saul erfährt früh von dem Missverständnis und schweigt.","„Während Du schliefst“ (1995): Wer kennt Lucys Geheimnis früh und verschweigt es zunächst vor der Familie?","Peters Schwester Mary","Jack, Peters Bruder","Saul, Peters Pate","Peters Vater Ox","C","Saul (Jack Warden) erfährt früh von dem Missverständnis und schweigt.","Saul (Jack Warden) hört, dass Lucy (Sandra Bullock) in Wirklichkeit nicht mit Peter (Peter Gallagher) verlobt ist. Jack Warden spielt den älteren Vertrauten jedoch als jemanden, der die tröstliche Wirkung der vermeintlichen Beziehung auf die Familie sieht. Sein Schweigen entlastet Lucy nur vorübergehend. Es zeigt, wie eine Lüge auch durch wohlmeinende Unterstützung wachsen kann, ohne dass alle Beteiligten böse Absichten haben.","Mary übernimmt diese Mitwisserrolle nicht.","Jack (Bill Pullman) durchschaut die ganze Geschichte nicht schon in dieser frühen Rolle.","Saul (Jack Warden) erfährt früh von dem Missverständnis und schweigt.","Ox ist nicht der frühe Mitwisser.","Sauls (Jack Warden) gut gemeintes Schweigen verlängert Lucys (Sandra Bullock) Täuschung.","Handlung","https://en.wikipedia.org/wiki/While_You_Were_Sleeping_(film)","redaktionell_geprueft"
"ROM-S-032","K-ROM-16-06","","de","Film","Rom-Com","Während Du schliefst","While You Were Sleeping","1995","","schwer","Handlung","Missverständnis|Familie|Weihnachten","Rom-Coms|Rom-Com-Klassiker|Weihnachtsromanzen|Sandra Bullock","Jack kommt an Lucys Arbeitsplatz und legt den Ring in ihre Schalterablage.","„Während Du schliefst“ (1995): Wie macht Jack Lucy schließlich einen Heiratsantrag?","Er schreibt den Antrag auf die Seite eines Flugzeugs.","Er lässt Peter den Antrag bei der Trauung vorlesen.","Er übergibt ihr einen Ring während einer Fernsehshow.","Er legt einen Ring in die Ablage ihres Fahrkartenschalters.","D","Jack (Bill Pullman) kommt an Lucys (Sandra Bullock) Arbeitsplatz und legt den Ring in ihre Schalterablage.","Am Ende kehrt die Geschichte an Lucys (Sandra Bullock) alltäglichen Arbeitsplatz zurück. Jack (Bill Pullman) begegnet ihr dort mit einem echten Antrag, während Angehörige der Familie dabei sind. Bill Pullmans Geste beantwortet damit zwei Wünsche gleichzeitig: die Liebe zu ihm und die Zugehörigkeit zu den Menschen, die sie kennengelernt hat. Diesmal muss Lucy für beides keine fremde Rolle aufrechterhalten.","Ein Flugzeugschriftzug ist nicht die gewählte Geste.","Peter (Peter Gallagher) trägt keinen solchen Antrag vor.","Eine Fernsehshow bildet nicht den Rahmen.","Jack (Bill Pullman) kommt an Lucys (Sandra Bullock) Arbeitsplatz und legt den Ring in ihre Schalterablage.","Der echte Antrag erreicht Lucy (Sandra Bullock) am Fahrkartenschalter.","Auflösung","https://en.wikipedia.org/wiki/While_You_Were_Sleeping_(film)","redaktionell_geprueft"
"ROM-L-033","K-ROM-17-01","","de","Film","Rom-Com","Eine Hochzeit zum Verlieben","The Wedding Singer","1998","","leicht","Figur","Musik|Hochzeit|Treue","Rom-Coms|Rom-Com-Klassiker|Hochzeitsfilme|Drew Barrymore","Robbie tritt als Hochzeitssänger auf.","„Eine Hochzeit zum Verlieben“ (1998): Womit verdient Robbie Hart sein Geld?","Als Sänger bei Hochzeiten","Als Scheidungsanwalt","Als Modefotograf","Als Hotelkoch","A","Robbie (Adam Sandler) tritt als Hochzeitssänger auf.","Robbie (Adam Sandler) begleitet beruflich die großen Liebesversprechen anderer Menschen. Adam Sandler gibt ihm dabei eine aufrichtige romantische Erwartung, die durch sein eigenes Scheitern besonders hart getroffen wird. Sein Beruf ist deshalb nicht nur ein Anlass für Musiknummern. Er zwingt ihn, öffentliche Feierlaune herzustellen, während er privat kaum noch daran glauben kann.","Robbie (Adam Sandler) tritt als Hochzeitssänger auf.","Robbie (Adam Sandler) berät keine Scheidungsfälle.","Er fotografiert nicht als Hauptberuf Mode.","Er arbeitet nicht als Koch.","Robbie (Adam Sandler) singt für fremdes Glück, während sein eigenes zerbricht.","keine","https://en.wikipedia.org/wiki/The_Wedding_Singer","redaktionell_geprueft"
"ROM-L-034","K-ROM-17-02","","de","Film","Rom-Com","Eine Hochzeit zum Verlieben","The Wedding Singer","1998","","leicht","Besetzung","Musik|Hochzeit|Treue","Rom-Coms|Rom-Com-Klassiker|Hochzeitsfilme|Drew Barrymore","Drew Barrymore verkörpert Julia Sullivan.","„Eine Hochzeit zum Verlieben“ (1998): Wer spielt Kellnerin Julia Sullivan?","Reese Witherspoon","Drew Barrymore","Cameron Diaz","Alicia Silverstone","B","Drew Barrymore verkörpert Julia (Drew Barrymore) Sullivan.","Julia (Drew Barrymore) begegnet Robbie (Adam Sandler) in der Welt der Hochzeitsfeiern, in der beide arbeiten. Drew Barrymore spielt ihre Offenheit nicht als bloße Naivität, sondern als Suche nach einem verlässlichen gemeinsamen Leben. Ihre bestehende Verlobung macht die Annäherung kompliziert. Der Film unterscheidet dabei zwischen einer gesellschaftlich attraktiven Zukunft und einer Beziehung, in der tatsächliche Aufmerksamkeit vorhanden ist.","Reese Witherspoon verkörpert diese Figur nicht.","Drew Barrymore verkörpert Julia (Drew Barrymore) Sullivan.","Cameron Diaz gehört nicht zum Hauptpaar.","Alicia Silverstone spielt Julia (Drew Barrymore) nicht.","Drew Barrymores Julia (Drew Barrymore) sucht Verlässlichkeit statt bloßen Status.","keine","https://en.wikipedia.org/wiki/The_Wedding_Singer","redaktionell_geprueft"
"ROM-M-033","K-ROM-17-03","","de","Film","Rom-Com","Eine Hochzeit zum Verlieben","The Wedding Singer","1998","","mittel","Handlung","Musik|Hochzeit|Treue","Rom-Coms|Rom-Com-Klassiker|Hochzeitsfilme|Drew Barrymore","Robbies Verlobte Linda erscheint nicht zur Hochzeit.","„Eine Hochzeit zum Verlieben“ (1998): Was passiert an Robbies eigenem Hochzeitstag?","Linda lässt ihn vor der Trauung sitzen.","Julia unterbricht die Trauung mit einem Geständnis.","Glenn verwechselt die Eheringe.","Robbie vergisst den Termin wegen eines Konzerts.","A","Robbies (Adam Sandler) Verlobte Linda (Angela Featherstone) erscheint nicht zur Hochzeit.","Robbie (Adam Sandler) wird an genau dem Tag verlassen, den er sonst für andere musikalisch begleitet. Linda (Angela Featherstone) hatte sich eine andere Zukunft mit ihm vorgestellt. Angela Featherstones Figur legt damit einen Konflikt zwischen äußerem Erfolg und verlässlicher Zuneigung offen. Der öffentliche Zusammenbruch erklärt, warum Robbie seine gewohnte Rolle als optimistischer Unterhalter danach nicht einfach weiter ausfüllen kann.","Robbies (Adam Sandler) Verlobte Linda (Angela Featherstone) erscheint nicht zur Hochzeit.","Julia (Drew Barrymore) platzt nicht mit diesem Geständnis in seine Hochzeit.","Verwechselte Ringe verursachen das Scheitern nicht.","Robbie (Adam Sandler) ist nicht derjenige, der wegen eines Konzerts fehlt.","Der Hochzeitssänger wird selbst am Hochzeitstag verlassen.","Handlung","https://en.wikipedia.org/wiki/The_Wedding_Singer","redaktionell_geprueft"
"ROM-M-034","K-ROM-17-04","","de","Film","Rom-Com","Eine Hochzeit zum Verlieben","The Wedding Singer","1998","","mittel","Beziehung","Musik|Hochzeit|Treue","Rom-Coms|Rom-Com-Klassiker|Hochzeitsfilme|Drew Barrymore","Glenn betrachtet seine Untreue nicht als vorübergehenden Fehler.","„Eine Hochzeit zum Verlieben“ (1998): Was erfährt Robbie über Julias Verlobten Glenn?","Glenn plant heimlich, sein Vermögen zu verschenken.","Glenn betrügt Julia und will das auch nach der Hochzeit fortsetzen.","Glenn hat Robbie als Sänger aus Bewunderung entdeckt.","Glenn will seine Karriere aufgeben, um Julia zu unterstützen.","B","Glenn (Matthew Glave) betrachtet seine Untreue nicht als vorübergehenden Fehler.","Robbie (Adam Sandler) erfährt, dass Glenns (Matthew Glave) Vorstellung von Ehe nicht zu Julias (Drew Barrymore) Vertrauen passt. Matthew Glave spielt den erfolgreichen Mann als jemanden, der Status und Besitz höher gewichtet als Treue. Für Robbie ist diese Erkenntnis unbequem: Er muss seine eigenen Gefühle von einer berechtigten Sorge unterscheiden und kann nicht einfach jede Kritik am Rivalen als selbstlos darstellen.","Eine heimliche Schenkung ist nicht die Enthüllung.","Glenn (Matthew Glave) betrachtet seine Untreue nicht als vorübergehenden Fehler.","Glenn (Matthew Glave) hat Robbie (Adam Sandler) nicht aus künstlerischer Bewunderung entdeckt.","Die Karriereaufgabe zugunsten Julias (Drew Barrymore) beschreibt ihn nicht.","Glenns (Matthew Glave) Erfolg verdeckt fehlende Verbindlichkeit.","Handlung","https://en.wikipedia.org/wiki/The_Wedding_Singer","redaktionell_geprueft"
"ROM-S-033","K-ROM-17-05","","de","Film","Rom-Com","Eine Hochzeit zum Verlieben","The Wedding Singer","1998","","schwer","Handlung","Musik|Hochzeit|Treue","Rom-Coms|Rom-Com-Klassiker|Hochzeitsfilme|Drew Barrymore","Billy Idol unterstützt Robbie und tritt als er selbst auf.","„Eine Hochzeit zum Verlieben“ (1998): Welcher Musiker hilft Robbie beim Liebesgeständnis im Flugzeug?","Billy Idol","Elton John","David Bowie","George Michael","A","Billy Idol unterstützt Robbie (Adam Sandler) und tritt als er selbst auf.","Robbie (Adam Sandler) erreicht Julia (Drew Barrymore) auf einem Flug, auf dem auch Billy Idol reist. Der Musiker unterstützt die unerwartete Liebeserklärung statt den vermeintlich unbedeutenden Hochzeitssänger abzuwerten. Das spielt mit Robbies Unsicherheit über Erfolg. Adam Sandlers Figur braucht in diesem Moment keinen großen Plattenvertrag, sondern die Gelegenheit, Julia ehrlich und in seiner eigenen musikalischen Sprache anzusprechen.","Billy Idol unterstützt Robbie (Adam Sandler) und tritt als er selbst auf.","Elton John spielt diese Szene nicht.","David Bowie ist nicht der Helfer im Flugzeug.","George Michael übernimmt diesen Gastauftritt nicht.","Billy Idol hilft dem Hochzeitssänger beim entscheidenden Auftritt.","Auflösung","https://en.wikipedia.org/wiki/The_Wedding_Singer","redaktionell_geprueft"
"ROM-S-034","K-ROM-17-06","","de","Film","Rom-Com","Eine Hochzeit zum Verlieben","The Wedding Singer","1998","","schwer","Handlung","Musik|Hochzeit|Treue","Rom-Coms|Rom-Com-Klassiker|Hochzeitsfilme|Drew Barrymore","Das Lied formuliert den Wunsch nach einem gemeinsamen Älterwerden.","„Eine Hochzeit zum Verlieben“ (1998): Welche Sehnsucht drückt Robbies Lied für Julia im Flugzeug aus?","Mit ihr als Duo sofort auf Welttournee gehen","Mit ihr alt werden und den Alltag teilen","Mit ihr jede feste Bindung vermeiden","Mit ihr Glenns Unternehmen übernehmen","B","Das Lied formuliert den Wunsch nach einem gemeinsamen Älterwerden.","Robbie (Adam Sandler) singt Julia (Drew Barrymore) keine bloße Beschreibung ihrer Schönheit. Er stellt sich ein Leben mit kleinen Hilfen, Gewohnheiten und gemeinsamen Jahren vor. Dadurch antwortet die Szene auf den bisherigen Gegensatz zwischen äußerem Erfolg und Verlässlichkeit. Drew Barrymores Reaktion richtet sich auf einen Zukunftswunsch, der sie als Partnerin einschließt, nicht als Schmuckstück eines beeindruckenden Lebens.","Eine Welttournee ist nicht der Kern des Liedes.","Das Lied formuliert den Wunsch nach einem gemeinsamen Älterwerden.","Er wirbt gerade für Dauer, nicht gegen Bindung.","Eine Firmenübernahme wird nicht besungen.","Robbies (Adam Sandler) Liebeslied verspricht gemeinsamen Alltag und gemeinsame Jahre.","Auflösung","https://en.wikipedia.org/wiki/The_Wedding_Singer","redaktionell_geprueft"
"ROM-L-035","K-ROM-18-01","","de","Film","Rom-Com","Wedding Planner – Verliebt, verlobt, verplant","The Wedding Planner","2001","","leicht","Figur","Hochzeit|Beruf und Liebe|Pflichtgefühl","Rom-Coms|Hochzeitsfilme|Matthew McConaughey","Mary organisiert beruflich Hochzeiten.","„Wedding Planner – Verliebt, verlobt, verplant“ (2001): Welchen Beruf übt Mary Fiore aus?","Kinderärztin","Scheidungsanwältin","Hochzeitsplanerin","Modejournalistin","C","Mary (Jennifer Lopez) organisiert beruflich Hochzeiten.","Mary (Jennifer Lopez) behält für andere den Überblick über Gefühle, Termine und Krisen einer Hochzeit. Jennifer Lopez spielt diese Kompetenz als Teil einer streng organisierten Lebensweise. Das romantische Problem entsteht, sobald Marys eigene Gefühle in einen Auftrag hineinreichen. Fachliche Sicherheit schützt sie dann nicht davor, dass persönliche Wünsche und berufliche Verantwortung unterschiedliche Entscheidungen nahelegen.","Der Arztberuf gehört zu Steve (Matthew McConaughey), nicht zu Mary (Jennifer Lopez).","Mary (Jennifer Lopez) vertritt keine Scheidungsmandanten.","Mary (Jennifer Lopez) organisiert beruflich Hochzeiten.","Sie arbeitet nicht als Modejournalistin.","Mary (Jennifer Lopez) kann Hochzeiten planen, aber eigene Gefühle nicht durchplanen.","keine","https://en.wikipedia.org/wiki/The_Wedding_Planner|https://www.sonypictures.com/movies/theweddingplanner","redaktionell_geprueft"
"ROM-L-036","K-ROM-18-02","","de","Film","Rom-Com","Wedding Planner – Verliebt, verlobt, verplant","The Wedding Planner","2001","","leicht","Besetzung","Hochzeit|Beruf und Liebe|Pflichtgefühl","Rom-Coms|Hochzeitsfilme|Matthew McConaughey","Matthew McConaughey spielt Steve Edison.","„Wedding Planner – Verliebt, verlobt, verplant“ (2001): Wer spielt den Arzt Steve Edison?","Josh Lucas","Patrick Dempsey","Hugh Grant","Matthew McConaughey","D","Matthew McConaughey spielt Steve (Matthew McConaughey) Edison.","Steve (Matthew McConaughey) wirkt bei der ersten Begegnung mit Mary (Jennifer Lopez) als hilfsbereiter Fremder. Matthew McConaughey gibt ihm die Leichtigkeit eines romantischen Retters, bevor die Verbindung zu einem bestehenden Hochzeitsauftrag bekannt wird. Diese spätere Information verändert den Blick auf das Kennenlernen. Für Mary ist derselbe Mann nun zugleich mögliche Liebe und eine Person, deren Hochzeit sie professionell organisieren soll.","Josh Lucas gehört nicht zum Hauptpaar.","Patrick Dempsey verkörpert andere Rom-Com-Partner, nicht diesen Arzt.","Hugh Grant spielt Steve (Matthew McConaughey) nicht.","Matthew McConaughey spielt Steve (Matthew McConaughey) Edison.","McConaugheys Steve (Matthew McConaughey) ist Retter und fremder Bräutigam zugleich.","keine","https://en.wikipedia.org/wiki/The_Wedding_Planner|https://www.sonypictures.com/movies/theweddingplanner","redaktionell_geprueft"
"ROM-M-035","K-ROM-18-03","","de","Film","Rom-Com","Wedding Planner – Verliebt, verlobt, verplant","The Wedding Planner","2001","","mittel","Handlung","Hochzeit|Beruf und Liebe|Pflichtgefühl","Rom-Coms|Hochzeitsfilme|Matthew McConaughey","Mary soll die Hochzeit des Mannes planen, zu dem sie sich hingezogen fühlt.","„Wedding Planner – Verliebt, verlobt, verplant“ (2001): Welche Entdeckung bringt Mary in einen beruflichen Konflikt?","Steve soll ihren Vater vor Gericht vertreten.","Steve schreibt eine Enthüllung über ihre Hochzeiten.","Steve ist der Bräutigam ihrer Kundin Fran.","Steve ist der heimliche Besitzer ihrer Agentur.","C","Mary (Jennifer Lopez) soll die Hochzeit des Mannes planen, zu dem sie sich hingezogen fühlt.","Fran (Bridgette Wilson-Sampras) stellt Mary (Jennifer Lopez) ihren Verlobten vor, den diese bereits als Steve (Matthew McConaughey) kennengelernt hat. Bridgette Wilson-Sampras spielt damit nicht einfach eine abstrakte Rivalin, sondern eine Kundin, der Mary verpflichtet ist. Die Situation zwingt Jennifer Lopez’ Figur, ihre Gefühle an einer konkreten anderen Person zu messen. Berufsethik und romantischer Wunsch lassen sich nicht getrennt abarbeiten.","Er ist Arzt, kein Anwalt ihres Vaters.","Er recherchiert keine Enthüllungsgeschichte.","Mary (Jennifer Lopez) soll die Hochzeit des Mannes planen, zu dem sie sich hingezogen fühlt.","Steve (Matthew McConaughey) besitzt die Agentur nicht.","Mary (Jennifer Lopez) plant die Hochzeit ihres eigenen Schwarms.","Handlung","https://en.wikipedia.org/wiki/The_Wedding_Planner|https://www.sonypictures.com/movies/theweddingplanner","redaktionell_geprueft"
"ROM-M-036","K-ROM-18-04","","de","Film","Rom-Com","Wedding Planner – Verliebt, verlobt, verplant","The Wedding Planner","2001","","mittel","Handlung","Hochzeit|Beruf und Liebe|Pflichtgefühl","Rom-Coms|Hochzeitsfilme|Matthew McConaughey","Steve zieht Mary aus der Bahn eines rollenden Müllcontainers.","„Wedding Planner – Verliebt, verlobt, verplant“ (2001): Wie kommt es zur ersten Begegnung zwischen Mary und Steve?","Er ersetzt ihren Tanzlehrer beim Abschlussball.","Er behandelt ihren Hund in einer Tierklinik.","Er übernimmt ihre verpasste Flugbuchung.","Er rettet sie vor einem heranrollenden Müllcontainer.","D","Steve (Matthew McConaughey) zieht Mary (Jennifer Lopez) aus der Bahn eines rollenden Müllcontainers.","Marys (Jennifer Lopez) Schuh bleibt auf der Straße stecken, als ein schwerer Container auf sie zurollt. Steve (Matthew McConaughey) greift ein, bevor aus dem Missgeschick ein Unfall wird. Die Szene gibt der Begegnung zunächst die Form einer klassischen Rettungsromanze. Später wirkt gerade diese klare Ausgangslage irreführend, weil der vermeintlich unkomplizierte Helfer bereits in eine andere Zukunftsplanung eingebunden ist.","Ein Abschlussball ist nicht der Ort ihres Kennenlernens.","Ein Hund und eine Tierklinik sind nicht der Anlass.","Eine Flugbuchung bringt sie nicht zusammen.","Steve (Matthew McConaughey) zieht Mary (Jennifer Lopez) aus der Bahn eines rollenden Müllcontainers.","Marys (Jennifer Lopez) feststeckender Schuh führt zur rettenden Begegnung.","Handlung","https://en.wikipedia.org/wiki/The_Wedding_Planner|https://www.sonypictures.com/movies/theweddingplanner","redaktionell_geprueft"
"ROM-S-035","K-ROM-18-05","","de","Film","Rom-Com","Wedding Planner – Verliebt, verlobt, verplant","The Wedding Planner","2001","","schwer","Beziehung","Hochzeit|Beruf und Liebe|Pflichtgefühl","Rom-Coms|Hochzeitsfilme|Matthew McConaughey","Marys Vater möchte sie mit Massimo zusammenbringen.","„Wedding Planner – Verliebt, verlobt, verplant“ (2001): Welche Rolle soll Massimo nach dem Wunsch von Marys Vater übernehmen?","Er soll Frans Trauzeuge werden.","Er soll Steve als Arzt vertreten.","Er soll Mary heiraten.","Er soll Marys Agentur kaufen.","C","Marys (Jennifer Lopez) Vater möchte sie mit Massimo (Justin Chambers) zusammenbringen.","Salvatore (Alex Rocco) sieht in Massimo (Justin Chambers) einen passenden Partner für Mary (Jennifer Lopez). Justin Chambers spielt den Bekannten dabei als ernsthaften Interessenten, nicht nur als Hindernis für das Hauptpaar. Die familiäre Vorstellung von Sicherheit steht neben Marys eigener Sehnsucht. So muss sie nicht lediglich zwischen zwei Männern wählen, sondern entscheiden, ob Zustimmung aus Vernunft eine fehlende innere Überzeugung ersetzen kann.","Frans (Bridgette Wilson-Sampras) Trauzeugenfrage ist nicht seine Funktion.","Massimo (Justin Chambers) übernimmt keine Arztvertretung.","Marys (Jennifer Lopez) Vater möchte sie mit Massimo (Justin Chambers) zusammenbringen.","Ein Agenturkauf ist nicht der Plan des Vaters.","Massimo (Justin Chambers) verkörpert die vom Vater gewünschte sichere Verbindung.","Handlung","https://en.wikipedia.org/wiki/The_Wedding_Planner|https://www.sonypictures.com/movies/theweddingplanner","redaktionell_geprueft"
"ROM-S-036","K-ROM-18-06","","de","Film","Rom-Com","Wedding Planner – Verliebt, verlobt, verplant","The Wedding Planner","2001","","schwer","Handlung","Hochzeit|Beruf und Liebe|Pflichtgefühl","Rom-Coms|Hochzeitsfilme|Matthew McConaughey","Steve und Fran entscheiden gemeinsam, nicht zu heiraten.","„Wedding Planner – Verliebt, verlobt, verplant“ (2001): Wie lösen Steve und Fran ihre geplante Hochzeit am Ende?","Mary bezahlt Fran dafür, auf die Trauung zu verzichten.","Steve heiratet Fran trotz seiner Liebe zu Mary.","Fran wird bereits verheiratet entlarvt.","Sie erkennen ihre Zweifel und trennen sich einvernehmlich.","D","Steve (Matthew McConaughey) und Fran (Bridgette Wilson-Sampras) entscheiden gemeinsam, nicht zu heiraten.","Fran (Bridgette Wilson-Sampras) ist nicht bloß eine Person, die Steve (Matthew McConaughey) verlassen muss, damit Mary (Jennifer Lopez) glücklich werden kann. Auch sie kann ihre Zweifel aussprechen und die geplante Zukunft neu bewerten. Bridgette Wilson-Sampras und Matthew McConaughey spielen die Trennung als gegenseitige Einsicht. Dadurch erhält der Weg zum neuen Paar eine andere Grundlage als eine heimlich fortgesetzte Dreiecksbeziehung.","Mary (Jennifer Lopez) erkauft Frans (Bridgette Wilson-Sampras) Verzicht nicht.","Die geplante Ehe wird nicht vollzogen.","Eine bestehende geheime Ehe Frans (Bridgette Wilson-Sampras) wird nicht enthüllt.","Steve (Matthew McConaughey) und Fran (Bridgette Wilson-Sampras) entscheiden gemeinsam, nicht zu heiraten.","Fran (Bridgette Wilson-Sampras) und Steve (Matthew McConaughey) geben eine Zukunft auf, die beide nicht mehr wollen.","Auflösung","https://en.wikipedia.org/wiki/The_Wedding_Planner|https://www.sonypictures.com/movies/theweddingplanner","redaktionell_geprueft"
"ROM-L-037","K-ROM-19-01","","de","Film","Rom-Com","Hitch – Der Date Doktor","Hitch","2005","","leicht","Besetzung","Dating|Selbstvertrauen|Authentizität","Rom-Coms","Will Smith spielt Alex Hitchens, genannt Hitch.","„Hitch – Der Date Doktor“ (2005): Wer spielt den titelgebenden Date Doktor?","Will Smith","Martin Lawrence","Jamie Foxx","Eddie Murphy","A","Will Smith spielt Alex Hitchens, genannt Hitch (Will Smith).","Hitch (Will Smith) tritt mit der Sicherheit eines Mannes auf, der Begegnungen planbar machen kann. Will Smith verbindet diese professionelle Souveränität mit zunehmender Unsicherheit, sobald Sara (Eva Mendes) für ihn persönlich wichtig wird. Der Reiz der Figur liegt deshalb im Unterschied zwischen beraten und selbst betroffen sein. Gute Ratschläge schützen ihren Urheber nicht automatisch vor Missverständnissen oder Verletzbarkeit.","Will Smith spielt Alex Hitchens, genannt Hitch (Will Smith).","Martin Lawrence gehört nicht zum Hauptpaar.","Jamie Foxx spielt den Date Doktor nicht.","Eddie Murphy verkörpert Hitch (Will Smith) nicht.","Will Smiths Dating-Experte verliert privat seine Routine.","keine","https://en.wikipedia.org/wiki/Hitch_(film)|https://www.sonypictures.com/movies/hitch","redaktionell_geprueft"
"ROM-L-038","K-ROM-19-02","","de","Film","Rom-Com","Hitch – Der Date Doktor","Hitch","2005","","leicht","Figur","Dating|Selbstvertrauen|Authentizität","Rom-Coms","Hitch unterstützt Männer dabei, bei gewünschten Partnerinnen eine Chance zu bekommen.","„Hitch – Der Date Doktor“ (2005): Wobei hilft Hitch seinen Kunden?","Beim Organisieren heimlicher Treffen für bereits verheiratete Paare","Beim Anbahnen ernst gemeinter romantischer Kontakte","Beim Aufsetzen rechtssicherer Verträge vor einer Eheschließung","Beim Vermitteln wohlhabender Partner nach deren Vermögenswerten","B","Hitch (Will Smith) unterstützt Männer dabei, bei gewünschten Partnerinnen eine Chance zu bekommen.","Hitch (Will Smith) betrachtet seine Arbeit als Hilfe für Menschen, deren Unsicherheit eine Begegnung verhindert. Er verkauft dabei keine Garantie auf echte Gefühle. Will Smiths Figur muss im Verlauf dennoch prüfen, wie weit seine Methoden reichen. Die Komödie stellt den Unterschied zwischen einer hilfreichen ersten Gelegenheit und dem Versuch heraus, eine andere Person nach festen Regeln für sich zu gewinnen.","Hitch (Will Smith) betreibt keine Agentur für heimliche Eheaffären.","Hitch (Will Smith) unterstützt Männer dabei, bei gewünschten Partnerinnen eine Chance zu bekommen.","Er arbeitet nicht als Anwalt für Eheverträge.","Die Auswahl nach Vermögen ist nicht das erklärte Ziel seiner Beratung.","Hitch (Will Smith) kann Begegnungen erleichtern, aber Gefühle nicht herstellen.","Handlung","https://en.wikipedia.org/wiki/Hitch_(film)|https://www.sonypictures.com/movies/hitch","redaktionell_geprueft"
"ROM-M-037","K-ROM-19-03","","de","Film","Rom-Com","Hitch – Der Date Doktor","Hitch","2005","","mittel","Beziehung","Dating|Selbstvertrauen|Authentizität","Rom-Coms","Albert möchte Allegra Cole näherkommen.","„Hitch – Der Date Doktor“ (2005): In wen ist Hitchs schüchterner Kunde Albert verliebt?","In Allegra Cole","In Sara Melas","In Casey Sedgewick","In Hitchs frühere Partnerin","A","Albert (Kevin James) möchte Allegra (Amber Valletta) Cole näherkommen.","Albert (Kevin James) wirkt neben der gesellschaftlich bekannten Allegra (Amber Valletta) zunächst unsicher. Kevin James spielt diese Unsicherheit körperlich und zugleich mit Ernsthaftigkeit. Amber Vallettas Figur wird jedoch nicht einfach durch eine perfekte Darbietung gewonnen. Die Beziehung entwickelt sich dort, wo Alberts eigene Eigenheiten sichtbar bleiben. Der Gegensatz von äußerer Eleganz und echter Aufmerksamkeit ist deshalb zentral.","Albert (Kevin James) möchte Allegra (Amber Valletta) Cole näherkommen.","Sara (Eva Mendes) ist Hitchs (Will Smith) romantisches Gegenüber.","Casey (Julie Ann Emery) ist Saras (Eva Mendes) Freundin, nicht Alberts (Kevin James) Schwarm.","Eine frühere Partnerin Hitchs (Will Smith) ist nicht Alberts (Kevin James) Ziel.","Albert (Kevin James) liebt Allegra (Amber Valletta), nicht Hitchs (Will Smith) eigene Bekanntschaft.","Handlung","https://en.wikipedia.org/wiki/Hitch_(film)|https://www.sonypictures.com/movies/hitch","redaktionell_geprueft"
"ROM-M-038","K-ROM-19-04","","de","Film","Rom-Com","Hitch – Der Date Doktor","Hitch","2005","","mittel","Figur","Dating|Selbstvertrauen|Authentizität","Rom-Coms","Sara schreibt eine Klatschkolumne.","„Hitch – Der Date Doktor“ (2005): Was arbeitet Sara Melas?","Sie ist Familienrichterin.","Sie ist Klatschkolumnistin.","Sie ist Restaurantkritikerin.","Sie ist Immobilienmaklerin.","B","Sara (Eva Mendes) schreibt eine Klatschkolumne.","Sara (Eva Mendes) sucht beruflich nach verborgenen Zusammenhängen im Leben anderer Menschen. Eva Mendes spielt deshalb ein Gegenüber, das Hitchs (Will Smith) eigene Geheimhaltung besonders problematisch macht. Seine Tätigkeit ist für sie nicht nur eine private Information, sondern potenzieller Stoff für eine Geschichte. Die entstehende Beziehung muss mit der Frage umgehen, wann Nachforschen berechtigt ist und wann ein vorschnelles Urteil Vertrauen zerstört.","Sara (Eva Mendes) urteilt nicht als Familienrichterin.","Sara (Eva Mendes) schreibt eine Klatschkolumne.","Sie schreibt nicht primär Restaurantkritiken.","Immobilienvermittlung ist nicht ihr Beruf.","Saras (Eva Mendes) Beruf macht Hitchs (Will Smith) Geheimnis zum möglichen Artikel.","Handlung","https://en.wikipedia.org/wiki/Hitch_(film)|https://www.sonypictures.com/movies/hitch","redaktionell_geprueft"
"ROM-S-037","K-ROM-19-05","","de","Film","Rom-Com","Hitch – Der Date Doktor","Hitch","2005","","schwer","Handlung","Dating|Selbstvertrauen|Authentizität","Rom-Coms","Vance behauptet eine Zusammenarbeit, obwohl Hitch ihn abgewiesen hat.","„Hitch – Der Date Doktor“ (2005): Welches Missverständnis führt Sara zu ihrem belastenden Artikel über Hitch?","Sie glaubt einem Mann, den Hitch als Kunden abgelehnt hat.","Sie verwechselt Hitch mit Alberts verheiratetem Bruder.","Sie glaubt, Hitch habe ihre Zeitung gekauft.","Sie hält Allegra für Hitchs heimliche Ehefrau.","A","Vance (Jeffrey Donovan) behauptet eine Zusammenarbeit, obwohl Hitch (Will Smith) ihn abgewiesen hat.","Vance (Jeffrey Donovan) will lediglich einen kurzfristigen sexuellen Erfolg, weshalb Hitch (Will Smith) ihm nicht helfen möchte. Jeffrey Donovan spielt den Mann, dessen Darstellung später dennoch Saras (Eva Mendes) Urteil beeinflusst. Die Szene ist wichtig, weil sie die Ziele des Date Doktors von Vances Absichten trennt. Saras Enthüllung beruht somit nicht nur auf Recherche, sondern auch auf einer entscheidenden falschen Zuordnung.","Vance (Jeffrey Donovan) behauptet eine Zusammenarbeit, obwohl Hitch (Will Smith) ihn abgewiesen hat.","Ein verheirateter Bruder Alberts (Kevin James) ist nicht die Verwechslung.","Ein Zeitungskauf spielt keine Rolle.","Allegra (Amber Valletta) wird nicht für Hitchs (Will Smith) Ehefrau gehalten.","Saras (Eva Mendes) Artikel verbindet Hitch (Will Smith) fälschlich mit dem abgewiesenen Vance (Jeffrey Donovan).","Auflösung","https://en.wikipedia.org/wiki/Hitch_(film)|https://www.sonypictures.com/movies/hitch","redaktionell_geprueft"
"ROM-S-038","K-ROM-19-06","","de","Film","Rom-Com","Hitch – Der Date Doktor","Hitch","2005","","schwer","Handlung","Dating|Selbstvertrauen|Authentizität","Rom-Coms","Allegra schätzt Züge, die Hitch nicht als perfekte Strategie geplant hatte.","„Hitch – Der Date Doktor“ (2005): Was erfährt Hitch über Allegras Gründe, Albert zu mögen?","Nur seine angeblich adelige Herkunft hat sie überzeugt.","Gerade Alberts eigene unbeholfene Eigenheiten haben sie berührt.","Sie wollte ausschließlich Hitch eifersüchtig machen.","Sie verwechselte ihn dauerhaft mit einem Filmstar.","B","Allegra (Amber Valletta) schätzt Züge, die Hitch (Will Smith) nicht als perfekte Strategie geplant hatte.","Hitch (Will Smith) möchte Alberts (Kevin James) Beziehung retten und hört von Allegra (Amber Valletta), was ihr tatsächlich wichtig geworden ist. Damit wird seine Vorstellung von kontrollierter Wirkung relativiert. Kevin James’ scheinbar unvorteilhafte Gesten sind nicht bloß Fehler, die ein Coach ausbügeln müsste. Die Szene legt nahe, dass Selbstvertrauen helfen kann, während die eigentliche Anziehung häufig gerade aus unverwechselbarer Persönlichkeit entsteht.","Eine adelige Herkunft ist nicht der Grund ihrer Zuneigung.","Allegra (Amber Valletta) schätzt Züge, die Hitch (Will Smith) nicht als perfekte Strategie geplant hatte.","Sie benutzt Albert (Kevin James) nicht als Mittel gegen Hitch (Will Smith).","Eine Filmstarverwechslung begründet die Beziehung nicht.","Allegra (Amber Valletta) liebt Albert (Kevin James) auch wegen seiner unperfekten Eigenheiten.","Auflösung","https://en.wikipedia.org/wiki/Hitch_(film)|https://www.sonypictures.com/movies/hitch","redaktionell_geprueft"
"ROM-L-039","K-ROM-20-01","","de","Film","Rom-Com","Tatsächlich… Liebe","Love Actually","2003","","leicht","Figur","Weihnachten|Verflechtungen|Familie","Rom-Coms|Weihnachtsromanzen|Hugh Grant","David ist britischer Premierminister.","„Tatsächlich… Liebe“ (2003): Welches Amt hat der von Hugh Grant gespielte David?","Bürgermeister von London","Botschafter in den USA","Britischer Premierminister","Britischer Außenminister","C","David (Hugh Grant) ist britischer Premierminister.","David (Hugh Grant) beginnt seine Amtszeit in einer Umgebung voller offizieller Aufgaben und klarer Hierarchien. Seine Gefühle für Natalie (Martine McCutcheon) passen nicht in diesen kontrollierten Ablauf. Hugh Grant spielt damit erneut einen unsicheren Liebenden, verlegt die Unsicherheit aber ins Zentrum politischer Macht. Der private Wunsch muss hier mit öffentlichem Auftreten und der ungleichen Stellung zweier Menschen zusammengebracht werden.","David (Hugh Grant) ist nicht Londoner Bürgermeister.","Er vertritt Großbritannien nicht als Botschafter in Washington.","David (Hugh Grant) ist britischer Premierminister.","Er ist Regierungschef, nicht Außenminister.","David (Hugh Grant) führt die Regierung und verliert bei Natalie (Martine McCutcheon) seine Sicherheit.","Handlung","https://en.wikipedia.org/wiki/Love_Actually","redaktionell_geprueft"
"ROM-L-040","K-ROM-20-02","","de","Film","Rom-Com","Tatsächlich… Liebe","Love Actually","2003","","leicht","Schauplatz","Weihnachten|Verflechtungen|Familie","Rom-Coms|Weihnachtsromanzen|Hugh Grant","Die Episoden führen auf Weihnachten zu.","„Tatsächlich… Liebe“ (2003): In welcher Jahreszeit laufen die meisten Liebesgeschichten zusammen?","Rund um Ostern","Während einer Herbsthochzeitsmesse","Während der sommerlichen Schulferien","In den Wochen vor Weihnachten","D","Die Episoden führen auf Weihnachten zu.","Die nahende Weihnachtszeit gibt den verschiedenen Geschichten einen gemeinsamen Rhythmus. David (Hugh Grant) sucht Natalie (Martine McCutcheon), während andere Figuren mit unerwiderter Liebe, Verlust oder enttäuschter Verlässlichkeit umgehen. Das Fest erzeugt Erwartungen an Gemeinsamkeit und macht deshalb auch Einsamkeit deutlicher. Richard Curtis nutzt denselben Anlass für glückliche Gesten und schmerzhafte Erkenntnisse, ohne allen Beziehungen denselben Ausgang zu geben.","Ostern ist nicht das verbindende Fest.","Eine Hochzeitsmesse führt die Geschichten nicht zusammen.","Sommerferien bestimmen nicht den gemeinsamen Zeitrahmen.","Die Episoden führen auf Weihnachten zu.","Weihnachten bündelt Nähe, Hoffnung und Enttäuschung.","Handlung","https://en.wikipedia.org/wiki/Love_Actually","redaktionell_geprueft"
"ROM-M-039","K-ROM-20-03","","de","Film","Rom-Com","Tatsächlich… Liebe","Love Actually","2003","","mittel","Beziehung","Weihnachten|Verflechtungen|Familie","Rom-Coms|Weihnachtsromanzen|Hugh Grant","Karen ist Davids Schwester.","„Tatsächlich… Liebe“ (2003): Wie sind Karen und Premierminister David miteinander verwandt?","Karen ist seine Mutter.","Karen ist seine Cousine.","Sie sind Geschwister.","Sie sind frühere Ehepartner.","C","Karen (Emma Thompson) ist Davids (Hugh Grant) Schwester.","Karen (Emma Thompson) verbindet die private Familienhandlung mit Davids (Hugh Grant) politischem Umfeld. Emma Thompson und Hugh Grant spielen Geschwister, deren Beziehungen sehr unterschiedliche Entwicklungen nehmen. Diese Verbindung ist im großen Ensemble leicht zu übersehen, erklärt aber, weshalb manche Figuren nicht nur thematisch zusammengehören. Der Film baut sein Netzwerk sowohl aus Zufallsbegegnungen als auch aus bereits bestehenden familiären Bindungen auf.","Karen (Emma Thompson) gehört nicht zur Elterngeneration Davids (Hugh Grant).","Die Verbindung ist enger als eine Cousinenbeziehung.","Karen (Emma Thompson) ist Davids (Hugh Grant) Schwester.","Sie sind nicht geschieden, sondern Bruder und Schwester.","Karen (Emma Thompson) und David (Hugh Grant) verbinden zwei Episoden als Geschwister.","Handlung","https://en.wikipedia.org/wiki/Love_Actually","redaktionell_geprueft"
"ROM-M-040","K-ROM-20-04","","de","Film","Rom-Com","Tatsächlich… Liebe","Love Actually","2003","","mittel","Handlung","Weihnachten|Verflechtungen|Familie","Rom-Coms|Weihnachtsromanzen|Hugh Grant","Mark zeigt Juliet nacheinander beschriftete Karten.","„Tatsächlich… Liebe“ (2003): Wie gesteht Mark Juliet seine Gefühle an ihrer Haustür?","Mit einer öffentlichen Radioübertragung","Mit einem von ihm gesungenen Opernsolo","Mit einem fingierten Brief ihres Ehemanns","Mit beschrifteten Karten","D","Mark (Andrew Lincoln) zeigt Juliet (Keira Knightley) nacheinander beschriftete Karten.","Mark (Andrew Lincoln) liebt Juliet (Keira Knightley), obwohl sie mit seinem Freund verheiratet ist. Andrew Lincoln spielt die Offenbarung deshalb als einseitiges Geständnis mit einer klaren Grenze, nicht als bereits beschlossene neue Partnerschaft. Keira Knightleys Figur erhält eine Erklärung für seine bisherige Distanz. Die Karten ermöglichen Worte, die er im gewöhnlichen gemeinsamen Umfeld nicht offen aussprechen konnte.","Die Nachricht wird nicht öffentlich im Radio verbreitet.","Er singt kein Opernsolo.","Er fälscht dafür keinen Brief ihres Mannes.","Mark (Andrew Lincoln) zeigt Juliet (Keira Knightley) nacheinander beschriftete Karten.","Marks (Andrew Lincoln) Karten erklären seine Distanz, ohne eine neue Ehe zu begründen.","Handlung","https://en.wikipedia.org/wiki/Love_Actually","redaktionell_geprueft"
"ROM-S-039","K-ROM-20-05","","de","Film","Rom-Com","Tatsächlich… Liebe","Love Actually","2003","","schwer","Handlung","Weihnachten|Verflechtungen|Familie","Rom-Coms|Weihnachtsromanzen|Hugh Grant","Karen erkennt an der fehlenden Halskette, dass Harry sie wohl einer anderen Frau zugedacht hat.","„Tatsächlich… Liebe“ (2003): Warum verletzt Karen das Weihnachtsgeschenk ihres Mannes besonders?","Sie bekommt Flugtickets, obwohl sie noch nie verreist ist.","Sie bekommt eine Halskette, obwohl sie Schmuck grundsätzlich ablehnt.","Sie bekommt eine CD, obwohl sie zuvor eine Halskette bei ihm entdeckt hatte.","Sie bekommt ein Kochbuch mit einer Widmung ihres Bruders.","C","Karen (Emma Thompson) erkennt an der fehlenden Halskette, dass Harry (Alan Rickman) sie wohl einer anderen Frau zugedacht hat.","Karen (Emma Thompson) hat die Halskette gesehen und erwartet, sie selbst zu bekommen. Als Harry (Alan Rickman) stattdessen eine CD überreicht, bekommt das Geschenk eine zweite Bedeutung. Emma Thompson zeigt den Schmerz vor allem im stillen Rückzug der Figur. Der Film legt hier kein einfaches Missverständnis zum schnellen Auflösen vor, sondern die erschütterte Gewissheit, den eigenen Partner zu kennen.","Flugtickets lösen diese Erkenntnis nicht aus.","Die Halskette erhält sie gerade nicht.","Karen (Emma Thompson) erkennt an der fehlenden Halskette, dass Harry (Alan Rickman) sie wohl einer anderen Frau zugedacht hat.","Ein Kochbuch ist nicht der entscheidende Gegenstand.","Die CD macht Karen (Emma Thompson) klar, dass die Halskette nicht für sie war.","Auflösung","https://en.wikipedia.org/wiki/Love_Actually","redaktionell_geprueft"
"ROM-S-040","K-ROM-20-06","","de","Film","Rom-Com","Tatsächlich… Liebe","Love Actually","2003","","schwer","Handlung","Weihnachten|Verflechtungen|Familie","Rom-Coms|Weihnachtsromanzen|Hugh Grant","Billy Mack möchte den Abend mit seinem Manager Joe verbringen.","„Tatsächlich… Liebe“ (2003): Für wen entscheidet sich Billy Mack am Weihnachtsabend statt für eine glamouröse Party?","Für eine unbekannte Gewinnerin eines Preisausschreibens","Für seinen neuen Werbeagenten","Für die Moderatorin seines letzten Interviews","Für seinen langjährigen Manager Joe","D","Billy Mack (Bill Nighy) möchte den Abend mit seinem Manager Joe (Gregor Fisher) verbringen.","Billy Mack (Bill Nighy) hat mit provokanter Öffentlichkeitsarbeit einen Weihnachtserfolg erreicht. Bill Nighys Figur erkennt trotzdem, dass der wichtigere Mensch nicht auf der glamourösesten Feier wartet. Joe (Gregor Fisher) hat ihn über lange Zeit begleitet. Die Entscheidung erweitert den Liebesbegriff des Films: Loyalität und Freundschaft können ebenso tragende Bindungen sein wie die romantischen Paarbildungen der anderen Episoden.","Ein Preisausschreiben führt nicht zu diesem Besuch.","Ein neuer Werbeagent ersetzt den langjährigen Begleiter nicht.","Eine Moderatorin ist nicht seine Wahl.","Billy Mack (Bill Nighy) möchte den Abend mit seinem Manager Joe (Gregor Fisher) verbringen.","Billy Macks (Bill Nighy) wichtigste Weihnachtsverbindung ist Freundschaft.","Auflösung","https://en.wikipedia.org/wiki/Love_Actually","redaktionell_geprueft"
"ROM-L-041","K-ROM-21-01","","de","Film","Rom-Com","Mitten ins Herz – Ein Song für dich","Music and Lyrics","2007","","leicht","Besetzung","Musik|Kreativität|Selbstvertrauen","Rom-Coms|Hugh Grant|Drew Barrymore","Hugh Grant verkörpert Alex Fletcher.","„Mitten ins Herz – Ein Song für dich“ (2007): Wer spielt den ehemaligen Popstar Alex Fletcher?","Hugh Grant","Pierce Brosnan","Colin Firth","Hugh Jackman","A","Hugh Grant verkörpert Alex (Hugh Grant) Fletcher.","Alex (Hugh Grant) lebt beruflich von einer erfolgreicheren Vergangenheit. Hugh Grant spielt den ehemaligen Star mit Selbstironie, aber auch mit der Angst, künstlerisch nichts Neues mehr zustande zu bringen. Die Begegnung mit Sophie (Drew Barrymore) betrifft deshalb mehr als sein Liebesleben. Gemeinsames Schreiben wird zu einer Möglichkeit, sich nicht länger nur als Nachlassverwalter des eigenen früheren Erfolgs zu betrachten.","Hugh Grant verkörpert Alex (Hugh Grant) Fletcher.","Pierce Brosnan gehört nicht zum Hauptpaar.","Colin Firth spielt Alex (Hugh Grant) nicht.","Hugh Jackman verkörpert diesen Musiker nicht.","Hugh Grants Alex (Hugh Grant) sucht musikalisch und persönlich einen Neuanfang.","keine","https://en.wikipedia.org/wiki/Music_and_Lyrics","redaktionell_geprueft"
"ROM-L-042","K-ROM-21-02","","de","Film","Rom-Com","Mitten ins Herz – Ein Song für dich","Music and Lyrics","2007","","leicht","Handlung","Musik|Kreativität|Selbstvertrauen","Rom-Coms|Hugh Grant|Drew Barrymore","Alex und Sophie verbinden Musik und Text zu einem Lied.","„Mitten ins Herz – Ein Song für dich“ (2007): Welche gemeinsame Arbeit bringt Alex und Sophie näher zusammen?","Sie entwickeln eine Restaurantkette.","Sie schreiben einen Popsong.","Sie restaurieren ein Kino.","Sie organisieren eine politische Kampagne.","B","Alex (Hugh Grant) und Sophie (Drew Barrymore) verbinden Musik und Text zu einem Lied.","Alex (Hugh Grant) beherrscht die musikalische Seite, während Sophie (Drew Barrymore) ein Gespür für Worte mitbringt. Hugh Grant und Drew Barrymore spielen die Annäherung deshalb auch als Arbeitsprozess. Kleine Einfälle werden aufgegriffen, verworfen und gemeinsam verbessert. Der Film nutzt Kreativität als Form gegenseitiger Aufmerksamkeit: Jeder entdeckt beim anderen eine Fähigkeit, die dieser selbst zunächst nur begrenzt ernst nimmt.","Eine Restaurantgründung ist nicht das verbindende Projekt.","Alex (Hugh Grant) und Sophie (Drew Barrymore) verbinden Musik und Text zu einem Lied.","Ein Kino wird nicht gemeinsam restauriert.","Eine politische Kampagne wird nicht entwickelt.","Musik und Text werden zur gemeinsamen Sprache des Paares.","Handlung","https://en.wikipedia.org/wiki/Music_and_Lyrics","redaktionell_geprueft"
"ROM-M-041","K-ROM-21-03","","de","Film","Rom-Com","Mitten ins Herz – Ein Song für dich","Music and Lyrics","2007","","mittel","Figur","Musik|Kreativität|Selbstvertrauen","Rom-Coms|Hugh Grant|Drew Barrymore","Sophie kommt zunächst zum Pflanzengießen.","„Mitten ins Herz – Ein Song für dich“ (2007): Welche Tätigkeit führt Sophie anfangs in Alex’ Wohnung?","Sie gießt seine Pflanzen.","Sie kontrolliert seine Steuerunterlagen.","Sie stimmt regelmäßig seinen Konzertflügel.","Sie fotografiert seine Plattensammlung.","A","Sophie (Drew Barrymore) kommt zunächst zum Pflanzengießen.","Sophie (Drew Barrymore) gehört bei der ersten Begegnung nicht zu Alex’ (Hugh Grant) professionellem Musikteam. Gerade die beiläufige Situation lässt ihr Sprachgefühl überraschend sichtbar werden. Drew Barrymore spielt eine Figur, deren Fähigkeit außerhalb einer offiziellen Bewerbung erkannt wird. Für Alex ist das wichtig, weil die Lösung seines kreativen Problems nicht aus der erwarteten Expertenroutine, sondern aus aufmerksamem Zuhören entsteht.","Sophie (Drew Barrymore) kommt zunächst zum Pflanzengießen.","Eine Steuerprüfung ist nicht ihre Aufgabe.","Sie ist nicht als Klavierstimmerin engagiert.","Sie kommt nicht für einen Fotokatalog seiner Platten.","Aus der Pflanzenvertretung wird Alex’ (Hugh Grant) Schreibpartnerin.","Handlung","https://en.wikipedia.org/wiki/Music_and_Lyrics","redaktionell_geprueft"
"ROM-M-042","K-ROM-21-04","","de","Film","Rom-Com","Mitten ins Herz – Ein Song für dich","Music and Lyrics","2007","","mittel","Figur","Musik|Kreativität|Selbstvertrauen","Rom-Coms|Hugh Grant|Drew Barrymore","Cora Corman möchte einen neuen Song von Alex.","„Mitten ins Herz – Ein Song für dich“ (2007): Wer erteilt Alex den Auftrag für das Lied „Way Back Into Love“?","Alex’ früherer Bandkollege Colin","Popstar Cora Corman","Sophies Schwester Rhonda","Der Schriftsteller Sloan Cates","B","Cora (Haley Bennett) Corman möchte einen neuen Song von Alex (Hugh Grant).","Cora (Haley Bennett) bietet Alex (Hugh Grant) eine Chance, wieder ein größeres Publikum zu erreichen. Haley Bennett verkörpert dabei eine jüngere Popwelt, in der Alex nicht mehr selbstverständlich die Regeln bestimmt. Der Auftrag schafft den Zeitdruck, unter dem seine Zusammenarbeit mit Sophie (Drew Barrymore) entsteht. Zugleich bereitet er den späteren Konflikt vor, wie viel ein Künstler für eine neue Erfolgsmöglichkeit verändern lassen will.","Colin ist nicht der neue Auftraggeber.","Cora (Haley Bennett) Corman möchte einen neuen Song von Alex (Hugh Grant).","Rhonda erteilt den professionellen Songauftrag nicht.","Sloan (Campbell Scott) ist Schriftsteller, nicht der bestellende Popstar.","Cora (Haley Bennett) eröffnet Alex (Hugh Grant) die Chance auf ein musikalisches Comeback.","Handlung","https://en.wikipedia.org/wiki/Music_and_Lyrics","redaktionell_geprueft"
"ROM-S-041","K-ROM-21-05","","de","Film","Rom-Com","Mitten ins Herz – Ein Song für dich","Music and Lyrics","2007","","schwer","Handlung","Musik|Kreativität|Selbstvertrauen","Rom-Coms|Hugh Grant|Drew Barrymore","Die verletzende Verarbeitung ihrer Person durch Sloan hat ihr Selbstvertrauen beschädigt.","„Mitten ins Herz – Ein Song für dich“ (2007): Warum hat Sophie zunächst Schwierigkeiten, ihrem eigenen Schreiben zu vertrauen?","Ein früherer Liebhaber hat sie in einem Roman abwertend verarbeitet.","Sie hat nie lesen und schreiben gelernt.","Ein Gericht hat ihr jedes weitere Schreiben verboten.","Sie hat alle Texte grundsätzlich von Alex kopiert.","A","Die verletzende Verarbeitung ihrer Person durch Sloan (Campbell Scott) hat ihr Selbstvertrauen beschädigt.","Sophie (Drew Barrymore) verbindet Schreiben mit einer früheren Kränkung durch Sloan (Campbell Scott). Campbell Scotts Figur hat ihre Beziehung literarisch für sich genutzt und ihr Selbstbild dabei verletzt. Drew Barrymore zeigt deshalb nicht bloß Schüchternheit am Notizblock. Die Zusammenarbeit mit Alex (Hugh Grant) braucht Vertrauen darin, dass eigene Worte aufgenommen und weiterentwickelt werden, ohne die schreibende Person erneut kleinzumachen.","Die verletzende Verarbeitung ihrer Person durch Sloan (Campbell Scott) hat ihr Selbstvertrauen beschädigt.","Sophie (Drew Barrymore) kann schreiben; ihr Problem ist verletztes Selbstvertrauen.","Ein gerichtliches Schreibverbot besteht nicht.","Ihre Beiträge sind keine grundsätzlichen Kopien von Alex (Hugh Grant).","Sophie (Drew Barrymore) muss nach Sloans (Campbell Scott) Roman wieder an ihre eigene Stimme glauben.","Handlung","https://en.wikipedia.org/wiki/Music_and_Lyrics","redaktionell_geprueft"
"ROM-S-042","K-ROM-21-06","","de","Film","Rom-Com","Mitten ins Herz – Ein Song für dich","Music and Lyrics","2007","","schwer","Handlung","Musik|Kreativität|Selbstvertrauen","Rom-Coms|Hugh Grant|Drew Barrymore","Alex hat selbst ein Lied geschrieben, um Sophie um eine neue Chance zu bitten.","„Mitten ins Herz – Ein Song für dich“ (2007): Was überrascht Sophie bei Alex’ angekündigtem neuen Lied im Konzert?","Er überlässt Sloan den gesamten Songtext.","Er singt ein selbst geschriebenes Entschuldigungslied für sie.","Er verkündet, dass Cora alle Melodien geschrieben habe.","Er erklärt öffentlich, dass er nie mit ihr gearbeitet habe.","B","Alex (Hugh Grant) hat selbst ein Lied geschrieben, um Sophie (Drew Barrymore) um eine neue Chance zu bitten.","Sophie (Drew Barrymore) befürchtet zunächst, Alex (Hugh Grant) wolle die gemeinsame Arbeit allein für sich beanspruchen. Dann hört sie stattdessen einen neuen persönlichen Song. Hugh Grants Figur nutzt gerade die Fähigkeit, vor der er sich zuvor gedrückt hat: eigene Worte zu finden. Seine Entschuldigung wird dadurch zur Handlung, die den alten Konflikt um Anerkennung und kreative Verantwortung unmittelbar beantwortet.","Sloan (Campbell Scott) erhält nicht die Urheberschaft.","Alex (Hugh Grant) hat selbst ein Lied geschrieben, um Sophie (Drew Barrymore) um eine neue Chance zu bitten.","Cora (Haley Bennett) wird nicht als alleinige Komponistin ausgegeben.","Er leugnet die Zusammenarbeit nicht.","Alex (Hugh Grant) entschuldigt sich mit eigenen Worten und eigener Musik.","Auflösung","https://en.wikipedia.org/wiki/Music_and_Lyrics","redaktionell_geprueft"
"ROM-L-043","K-ROM-22-01","","de","Film","Rom-Com","Ein Herz und eine Krone","Roman Holiday","1953","","leicht","Besetzung","Pflicht und Liebe|Reise|Privatsphäre","Rom-Coms|Rom-Com-Klassiker","Audrey Hepburn spielt Prinzessin Ann.","„Ein Herz und eine Krone“ (1953): Wer spielt Prinzessin Ann?","Elizabeth Taylor","Deborah Kerr","Audrey Hepburn","Grace Kelly","C","Audrey Hepburn spielt Prinzessin Ann (Audrey Hepburn).","Ann (Audrey Hepburn) erlebt ihre Reise zunächst als Folge fremd geplanter Pflichten. Audrey Hepburn verbindet höfische Disziplin mit dem spürbaren Wunsch nach gewöhnlichen Erfahrungen. Ein Haarschnitt oder eine Fahrt durch die Stadt erhalten dadurch eine Bedeutung, die sie für andere Menschen kaum hätten. Die Figur entdeckt nicht nur eine mögliche Liebe, sondern für kurze Zeit auch selbstbestimmten Alltag.","Elizabeth Taylor spielt Ann (Audrey Hepburn) nicht.","Deborah Kerr gehört nicht zum zentralen Paar.","Audrey Hepburn spielt Prinzessin Ann (Audrey Hepburn).","Grace Kelly verkörpert diese Prinzessin nicht.","Audrey Hepburns Prinzessin sucht einen Tag eigener Entscheidungen.","keine","https://en.wikipedia.org/wiki/Roman_Holiday|https://catalog.afi.com/Film/50997-ROMAN-HOLIDAY?cxt=filmography","redaktionell_geprueft"
"ROM-L-044","K-ROM-22-02","","de","Film","Rom-Com","Ein Herz und eine Krone","Roman Holiday","1953","","leicht","Schauplatz","Pflicht und Liebe|Reise|Privatsphäre","Rom-Coms|Rom-Com-Klassiker","Ann erkundet Rom.","„Ein Herz und eine Krone“ (1953): In welcher Stadt erlebt Ann ihren heimlichen freien Tag?","Madrid","Wien","Paris","Rom","D","Ann (Audrey Hepburn) erkundet Rom.","Ann (Audrey Hepburn) verlässt ihr offizielles Programm und erlebt Rom gemeinsam mit Joe (Gregory Peck). Die Stadt wird dabei nicht bloß als Hintergrund einer höfischen Reise gezeigt. Straßen, Plätze und kleine Alltagsentscheidungen ermöglichen Begegnungen außerhalb ihres geschützten Rahmens. Audrey Hepburn und Gregory Peck lassen die Nähe gerade dort wachsen, wo kein Protokoll vorgibt, was als Nächstes geschehen soll.","Madrid ist nicht das Ziel ihrer Erkundungen.","Wien bildet nicht den Schauplatz des freien Tages.","Paris ist nicht die Stadt dieses Abenteuers.","Ann (Audrey Hepburn) erkundet Rom.","Rom gibt Ann (Audrey Hepburn) einen Alltag außerhalb des Protokolls.","Handlung","https://en.wikipedia.org/wiki/Roman_Holiday|https://catalog.afi.com/Film/50997-ROMAN-HOLIDAY?cxt=filmography","redaktionell_geprueft"
"ROM-M-043","K-ROM-22-03","","de","Film","Rom-Com","Ein Herz und eine Krone","Roman Holiday","1953","","mittel","Figur","Pflicht und Liebe|Reise|Privatsphäre","Rom-Coms|Rom-Com-Klassiker","Joe arbeitet als Journalist.","„Ein Herz und eine Krone“ (1953): Welchen Beruf verschweigt Joe der Prinzessin zunächst?","Er ist Diplomat.","Er ist Hotelbesitzer.","Er ist Reporter.","Er ist Privatdetektiv.","C","Joe (Gregory Peck) arbeitet als Journalist.","Joe (Gregory Peck) erkennt in Ann (Audrey Hepburn) zunächst auch die Möglichkeit einer außergewöhnlichen Geschichte. Gregory Peck spielt deshalb nicht von Anfang an den uneigennützigen Beschützer. Während er ihr einen freien Tag ermöglicht, verfügt er über Wissen, das sie nicht mit ihm teilt. Die entstehende Nähe stellt seine berufliche Absicht infrage und macht die Frage nach Vertrauen zum Kern der Romanze.","Joe (Gregory Peck) vertritt keinen Staat als Diplomat.","Er führt kein Hotel.","Joe (Gregory Peck) arbeitet als Journalist.","Er ermittelt nicht als Privatdetektiv.","Joes (Gregory Peck) verschwiegener Reporterberuf macht Vertrauen zur Bewährungsprobe.","Handlung","https://en.wikipedia.org/wiki/Roman_Holiday|https://catalog.afi.com/Film/50997-ROMAN-HOLIDAY?cxt=filmography","redaktionell_geprueft"
"ROM-M-044","K-ROM-22-04","","de","Film","Rom-Com","Ein Herz und eine Krone","Roman Holiday","1953","","mittel","Handlung","Pflicht und Liebe|Reise|Privatsphäre","Rom-Coms|Rom-Com-Klassiker","Die beiden fahren auf einer Vespa durch Rom.","„Ein Herz und eine Krone“ (1953): Mit welchem Fahrzeug sind Ann und Joe in einer berühmten Stadtszene unterwegs?","Mit einem roten Sportwagen","Mit einem Tandem","Mit einer Pferdekutsche","Mit einer Vespa","D","Die beiden fahren auf einer Vespa durch Rom.","Die Fahrt löst Ann (Audrey Hepburn) sichtbar aus der kontrollierten Fortbewegung eines offiziellen Besuchs. Audrey Hepburns Figur nimmt plötzlich selbst am unübersichtlichen Stadtverkehr teil, während Joe (Gregory Peck) mit der ungeplanten Situation zurechtkommen muss. Das gemeinsame Missgeschick ist Teil ihrer Nähe. Romantische Vertrautheit wächst hier nicht aus einem perfekten Arrangement, sondern aus geteilter Freiheit und einer Portion Kontrollverlust.","Ein roter Sportwagen gehört nicht zu der berühmten Fahrt.","Die beiden sitzen nicht auf einem Tandem.","Eine Pferdekutsche ist nicht das Fahrzeug dieser Szene.","Die beiden fahren auf einer Vespa durch Rom.","Anns (Audrey Hepburn) Vespa-Fahrt ersetzt das höfische Reiseprogramm durch Abenteuer.","Handlung","https://en.wikipedia.org/wiki/Roman_Holiday|https://catalog.afi.com/Film/50997-ROMAN-HOLIDAY?cxt=filmography","redaktionell_geprueft"
"ROM-S-043","K-ROM-22-05","","de","Film","Rom-Com","Ein Herz und eine Krone","Roman Holiday","1953","","schwer","Handlung","Pflicht und Liebe|Reise|Privatsphäre","Rom-Coms|Rom-Com-Klassiker","Joe veröffentlicht die erhoffte Enthüllung nicht.","„Ein Herz und eine Krone“ (1953): Was entscheidet Joe über seine geplante Exklusivgeschichte?","Er verkauft sie ohne Ann zu informieren an mehrere Zeitungen.","Er veröffentlicht sie unter Anns Namen.","Er verzichtet darauf, den gemeinsamen Tag auszuschlachten.","Er erpresst mit ihr eine offizielle Anstellung am Hof.","C","Joe (Gregory Peck) veröffentlicht die erhoffte Enthüllung nicht.","Joe (Gregory Peck) hat zunächst einen beruflichen Gewinn vor Augen, doch die gemeinsame Zeit mit Ann (Audrey Hepburn) verändert seine Entscheidung. Gregory Pecks Figur schützt am Ende etwas, das sich sehr gut verkaufen ließe. Der Verzicht gibt dem Vertrauen zwischen beiden eine konkrete Form. Gerade weil ihre Lebenswege nicht einfach zusammenpassen, wird dieses Handeln wichtiger als das Versprechen eines bequemen gemeinsamen Auswegs.","Er verkauft die private Geschichte nicht aus.","Eine Veröffentlichung unter Anns (Audrey Hepburn) Namen ist nicht die Lösung.","Joe (Gregory Peck) veröffentlicht die erhoffte Enthüllung nicht.","Er erpresst keinen Posten.","Joe (Gregory Peck) schützt Ann (Audrey Hepburn), indem er auf die große Geschichte verzichtet.","Auflösung","https://en.wikipedia.org/wiki/Roman_Holiday|https://catalog.afi.com/Film/50997-ROMAN-HOLIDAY?cxt=filmography","redaktionell_geprueft"
"ROM-S-044","K-ROM-22-06","","de","Film","Rom-Com","Ein Herz und eine Krone","Roman Holiday","1953","","schwer","Handlung","Pflicht und Liebe|Reise|Privatsphäre","Rom-Coms|Rom-Com-Klassiker","Irving überreicht Ann die entstandenen Fotos.","„Ein Herz und eine Krone“ (1953): Was übergibt Fotograf Irving der Prinzessin bei der abschließenden Pressebegegnung?","Einen Vertrag für ihre nächste Reportage","Eine gefälschte Ausreisegenehmigung","Eine Forderung nach Zahlung für sein Schweigen","Die Bilder ihres gemeinsamen Tages als persönliche Erinnerung","D","Irving (Eddie Albert) überreicht Ann (Audrey Hepburn) die entstandenen Fotos.","Irving (Eddie Albert) hatte den Ausflug fotografisch begleitet und damit Material für eine mögliche Sensation gesammelt. Eddie Alberts Figur übergibt die Bilder schließlich Ann (Audrey Hepburn) selbst. Aus journalistischer Beute wird eine Erinnerung, über die sie verfügen darf. Die Geste ergänzt Joes (Gregory Peck) Verzicht und erlaubt einen stillen Austausch mitten in einer Veranstaltung, deren höfliche Form kaum Raum für persönliche Worte lässt.","Ein neuer Reportagevertrag wird nicht übergeben.","Eine Ausreisegenehmigung ist nicht der Gegenstand.","Die Übergabe ist keine Erpressung.","Irving (Eddie Albert) überreicht Ann (Audrey Hepburn) die entstandenen Fotos.","Irving (Eddie Albert) macht aus möglichen Enthüllungsbildern Anns (Audrey Hepburn) Erinnerung.","Auflösung","https://en.wikipedia.org/wiki/Roman_Holiday|https://catalog.afi.com/Film/50997-ROMAN-HOLIDAY?cxt=filmography","redaktionell_geprueft"
"ROM-L-045","K-ROM-23-01","","de","Film","Rom-Com","Mondsüchtig","Moonstruck","1987","","leicht","Besetzung","Familie|Dreiecksbeziehung|Neuanfang","Rom-Coms|Rom-Com-Klassiker","Cher verkörpert Loretta Castorini.","„Mondsüchtig“ (1987): Wer spielt Loretta Castorini?","Cher","Bette Midler","Geena Davis","Susan Sarandon","A","Cher verkörpert Loretta (Cher) Castorini.","Loretta (Cher) versucht, ihr Leben nach einem Verlust mit vernünftigen Entscheidungen zu ordnen. Cher zeigt eine Frau, deren nüchterne Haltung nicht bedeutet, dass ihre Gefühle verschwunden wären. Die Begegnung mit Ronny (Nicolas Cage) bringt diese Ordnung durcheinander. Der Film behandelt Leidenschaft dadurch weder als bloßen Jugendzustand noch als etwas, das sich durch möglichst korrekte Lebensplanung zuverlässig verhindern ließe.","Cher verkörpert Loretta (Cher) Castorini.","Bette Midler gehört nicht zum Hauptpaar.","Geena Davis verkörpert diese Figur nicht.","Susan Sarandon spielt Loretta (Cher) nicht.","Cher spielt Lorettas (Cher) Konflikt zwischen Vernunft und Leidenschaft.","keine","https://en.wikipedia.org/wiki/Moonstruck|https://catalog.afi.com/Catalog/moviedetails/57753","redaktionell_geprueft"
"ROM-L-046","K-ROM-23-02","","de","Film","Rom-Com","Mondsüchtig","Moonstruck","1987","","leicht","Beziehung","Familie|Dreiecksbeziehung|Neuanfang","Rom-Coms|Rom-Com-Klassiker","Ronny ist der jüngere Bruder von Johnny.","„Mondsüchtig“ (1987): Wie ist Ronny mit Lorettas Verlobtem Johnny verwandt?","Er ist Johnnys Cousin.","Er ist Johnnys Bruder.","Er ist Johnnys Sohn.","Er ist Johnnys Onkel.","B","Ronny (Nicolas Cage) ist der jüngere Bruder von Johnny (Danny Aiello).","Loretta (Cher) soll Ronny (Nicolas Cage) zur geplanten Hochzeit mit Johnny (Danny Aiello) einladen. Die familiäre Aufgabe führt also unmittelbar in den romantischen Konflikt. Nicolas Cage spielt den jüngeren Bruder mit einer Wucht, die Lorettas nüchterner Planung entgegensteht. Ihre Anziehung betrifft deshalb nicht nur eine neue Möglichkeit, sondern gefährdet gleichzeitig eine bestehende Zusage und den ohnehin belasteten Frieden zwischen Brüdern.","Die Männer sind Brüder, keine Cousins.","Ronny (Nicolas Cage) ist der jüngere Bruder von Johnny (Danny Aiello).","Ronny (Nicolas Cage) gehört nicht zur nächsten Generation als Sohn.","Ronny (Nicolas Cage) ist nicht Johnnys (Danny Aiello) Onkel.","Loretta (Cher) verliebt sich in den Bruder ihres Verlobten.","Handlung","https://en.wikipedia.org/wiki/Moonstruck|https://catalog.afi.com/Catalog/moviedetails/57753","redaktionell_geprueft"
"ROM-M-045","K-ROM-23-03","","de","Film","Rom-Com","Mondsüchtig","Moonstruck","1987","","mittel","Figur","Familie|Dreiecksbeziehung|Neuanfang","Rom-Coms|Rom-Com-Klassiker","Ronny arbeitet in einer Bäckerei.","„Mondsüchtig“ (1987): Wo arbeitet Ronny?","In einer Bäckerei","In einer Opernwerkstatt","In einer Apotheke","In einer Autowerkstatt","A","Ronny (Nicolas Cage) arbeitet in einer Bäckerei.","Loretta (Cher) sucht Ronny (Nicolas Cage) in einer Arbeitsumgebung auf, die körperliche Anstrengung und seinen alten Unfall miteinander verbindet. Nicolas Cage gibt seiner Verletzung eine fast übergroße emotionale Form. Der Ort ist deshalb mehr als ein zufälliger Berufshintergrund. Hier wird sichtbar, wie Ronny seine Lebensgeschichte erzählt und wie stark diese Erzählung sein Verhältnis zu Johnny (Danny Aiello) bestimmt.","Ronny (Nicolas Cage) arbeitet in einer Bäckerei.","Die Oper ist für ihn ein privater Ort, nicht diese Arbeitsstätte.","Eine Apotheke ist nicht sein Arbeitsplatz.","Er ist nicht Automechaniker.","Ronnys (Nicolas Cage) Bäckerei verbindet Arbeit, Unfall und alten Groll.","Handlung","https://en.wikipedia.org/wiki/Moonstruck|https://catalog.afi.com/Catalog/moviedetails/57753","redaktionell_geprueft"
"ROM-M-046","K-ROM-23-04","","de","Film","Rom-Com","Mondsüchtig","Moonstruck","1987","","mittel","Beziehung","Familie|Dreiecksbeziehung|Neuanfang","Rom-Coms|Rom-Com-Klassiker","Rose ist Lorettas Mutter.","„Mondsüchtig“ (1987): Wer ist die von Olympia Dukakis gespielte Rose?","Lorettas Arbeitgeberin","Lorettas Mutter","Ronnys frühere Verlobte","Johnnys Schwester","B","Rose (Olympia Dukakis) ist Lorettas (Cher) Mutter.","Rose (Olympia Dukakis) beobachtet die Beziehungen in ihrer Familie mit einer Mischung aus Erfahrung und Ernüchterung. Olympia Dukakis gibt ihr eine eigene Perspektive auf Treue und Selbstachtung. Dadurch spiegelt die ältere Generation Lorettas (Cher) Geschichte, ohne sie bloß zu kommentieren. Auch Rose muss entscheiden, was sie in ihrer Ehe hinnimmt und wo sie selbst eine Grenze ziehen will.","Eine berufliche Hierarchie verbindet sie nicht mit Loretta (Cher).","Rose (Olympia Dukakis) ist Lorettas (Cher) Mutter.","Rose (Olympia Dukakis) ist nicht Ronnys (Nicolas Cage) ehemalige Verlobte.","Sie ist nicht Johnnys (Danny Aiello) Schwester.","Rose (Olympia Dukakis) ist Lorettas (Cher) Mutter und eine eigene Stimme der Selbstachtung.","Handlung","https://en.wikipedia.org/wiki/Moonstruck|https://catalog.afi.com/Catalog/moviedetails/57753","redaktionell_geprueft"
"ROM-S-045","K-ROM-23-05","","de","Film","Rom-Com","Mondsüchtig","Moonstruck","1987","","schwer","Handlung","Familie|Dreiecksbeziehung|Neuanfang","Rom-Coms|Rom-Com-Klassiker","Ronny gibt Johnny die Schuld an seinem Unfall in der Bäckerei.","„Mondsüchtig“ (1987): Wofür macht Ronny seinen Bruder seit Jahren verantwortlich?","Für den Arbeitsunfall, bei dem er eine Hand verlor","Für den Verlust seines Passes vor einer Auswanderung","Für den Brand im Haus ihrer Eltern","Für die Schließung seiner Musikschule","A","Ronny (Nicolas Cage) gibt Johnny (Danny Aiello) die Schuld an seinem Unfall in der Bäckerei.","Ronny (Nicolas Cage) erzählt Loretta (Cher) von seiner verlorenen Hand und der anschließend gescheiterten Verlobung. Er ordnet beides dem Einfluss von Johnny (Danny Aiello) zu. Die Szene zeigt nicht einfach eine objektive Unfallakte, sondern einen Menschen, der seine Kränkung in eine feste Schuldgeschichte verwandelt hat. Loretta stellt diese Erklärung infrage und trifft damit einen empfindlichen Punkt seiner Selbstwahrnehmung.","Ronny (Nicolas Cage) gibt Johnny (Danny Aiello) die Schuld an seinem Unfall in der Bäckerei.","Ein verlorener Pass ist nicht das zentrale Ereignis.","Ein Hausbrand begründet den Groll nicht.","Eine Musikschule spielt in diesem Konflikt keine Rolle.","Ronny (Nicolas Cage) verbindet seine verlorene Hand mit einem alten Vorwurf an Johnny (Danny Aiello).","Handlung","https://en.wikipedia.org/wiki/Moonstruck|https://catalog.afi.com/Catalog/moviedetails/57753","redaktionell_geprueft"
"ROM-S-046","K-ROM-23-06","","de","Film","Rom-Com","Mondsüchtig","Moonstruck","1987","","schwer","Handlung","Familie|Dreiecksbeziehung|Neuanfang","Rom-Coms|Rom-Com-Klassiker","Loretta sieht ihren Vater mit einer anderen Frau.","„Mondsüchtig“ (1987): Wen entdeckt Loretta beim Opernbesuch mit Ronny in belastender Begleitung?","Johnny mit einer heimlichen Ehefrau","Ihren Vater Cosmo mit seiner Geliebten","Ihre Mutter Rose mit Ronnys Kollegen","Johnnys Mutter, die angeblich schwer krank in Sizilien liegt","B","Loretta (Cher) sieht ihren Vater mit einer anderen Frau.","Loretta (Cher) geht mit Ronny (Nicolas Cage) in die Oper und erlebt dort nicht nur einen romantischen Abend. Die Begegnung mit Cosmo (Vincent Gardenia) macht sie zugleich zur Zeugin seiner Untreue. Vincent Gardenias Figur kann auf ihre eigene problematische Begleitung verweisen. So entsteht eine gegenseitige Verlegenheit, die zeigt, wie schnell moralische Sicherheit verschwindet, wenn mehrere Familienmitglieder etwas zu verbergen haben.","Johnny (Danny Aiello) wird dort nicht mit einer Ehefrau entdeckt.","Loretta (Cher) sieht ihren Vater mit einer anderen Frau.","Rose (Olympia Dukakis) ist nicht die Person in dieser Begegnung.","Johnnys (Danny Aiello) Mutter erscheint nicht als die überraschende Begleitung in der Oper.","In der Oper entdeckt Loretta (Cher) auch das Geheimnis ihres Vaters.","Auflösung","https://en.wikipedia.org/wiki/Moonstruck|https://catalog.afi.com/Catalog/moviedetails/57753","redaktionell_geprueft"
"ROM-L-047","K-ROM-24-01","","de","Film","Rom-Com","French Kiss","French Kiss","1995","","leicht","Besetzung","Reise|Täuschung|Neuanfang","Rom-Coms|Rom-Com-Klassiker|Meg Ryan","Meg Ryan und Kevin Kline spielen Kate und Luc.","„French Kiss“ (1995): Welches Paar spielt Kate und Luc?","Andie MacDowell und Hugh Grant","Sandra Bullock und Bill Pullman","Meg Ryan und Kevin Kline","Julia Roberts und Richard Gere","C","Meg Ryan und Kevin Kline spielen Kate (Meg Ryan) und Luc (Kevin Kline).","Kate (Meg Ryan) möchte eine verlorene Sicherheit zurückgewinnen, während Luc (Kevin Kline) zunächst sehr eigene praktische Absichten verfolgt. Meg Ryan und Kevin Kline spielen ihre gemeinsame Reise deshalb als Reibung zweier Lebenshaltungen. Die Annäherung entsteht nicht durch sofortige Harmonie. Beide müssen vielmehr erkennen, dass die feste Vorstellung vom gewünschten Leben nicht unbedingt zu den Menschen passt, die sie inzwischen geworden sind.","MacDowell und Grant spielen das Paar in Vier Hochzeiten und ein Todesfall.","Bullock und Pullman gehören zu Während Du schliefst.","Meg Ryan und Kevin Kline spielen Kate (Meg Ryan) und Luc (Kevin Kline).","Roberts und Gere sind nicht dieses Reisepaar.","Ryan und Kline spielen die Reibung zwischen Kate (Meg Ryan) und Luc (Kevin Kline).","keine","https://en.wikipedia.org/wiki/French_Kiss_(1995_film)|https://catalog.afi.com/Film/67596-FRENCH-KISS","redaktionell_geprueft"
"ROM-L-048","K-ROM-24-02","","de","Film","Rom-Com","French Kiss","French Kiss","1995","","leicht","Handlung","Reise|Täuschung|Neuanfang","Rom-Coms|Rom-Com-Klassiker|Meg Ryan","Kate fliegt nach Frankreich, nachdem Charlie sich einer anderen Frau zugewandt hat.","„French Kiss“ (1995): Warum reist Kate zunächst nach Frankreich?","Sie hat dort eine Lehrstelle angenommen.","Sie begleitet ihre Schwester zu einer Hochzeit.","Sie will ein geerbtes Schloss verkaufen.","Sie will ihren Verlobten Charlie zurückgewinnen.","D","Kate (Meg Ryan) fliegt nach Frankreich, nachdem Charlie (Timothy Hutton) sich einer anderen Frau zugewandt hat.","Kate (Meg Ryan) reagiert auf Charlies (Timothy Hutton) neue Liebe mit dem Wunsch, die alte Beziehung wiederherzustellen. Die Reise ist für Meg Ryans Figur deshalb zunächst kein freiwilliger romantischer Neuanfang. Sie hält an einem bereits entworfenen Leben fest. Erst unterwegs kann sich die Frage verändern: Nicht mehr nur, wie Charlie zurückkommt, sondern ob sie diese Beziehung selbst noch will.","Eine neue Lehrstelle ist nicht der Reisegrund.","Die Hochzeit einer Schwester ist nicht der Anlass.","Ein Schlossverkauf führt sie nicht nach Frankreich.","Kate (Meg Ryan) fliegt nach Frankreich, nachdem Charlie (Timothy Hutton) sich einer anderen Frau zugewandt hat.","Kate (Meg Ryan) reist für Charlie (Timothy Hutton) los und entdeckt andere Wünsche.","Handlung","https://en.wikipedia.org/wiki/French_Kiss_(1995_film)|https://catalog.afi.com/Film/67596-FRENCH-KISS","redaktionell_geprueft"
"ROM-M-047","K-ROM-24-03","","de","Film","Rom-Com","French Kiss","French Kiss","1995","","mittel","Figur","Reise|Täuschung|Neuanfang","Rom-Coms|Rom-Com-Klassiker|Meg Ryan","Luc möchte ein eigenes Weingut.","„French Kiss“ (1995): Welchen eigenen Traum verfolgt Luc mit seinen riskanten Geschäften?","Ein Pariser Modehaus übernehmen","Ein Opernensemble finanzieren","Ein eigenes Weingut aufbauen","Eine Fluggesellschaft gründen","C","Luc (Kevin Kline) möchte ein eigenes Weingut.","Luc (Kevin Kline) erscheint Kate (Meg Ryan) zunächst vor allem als unzuverlässiger Mitreisender. Sein Wissen über Wein eröffnet jedoch einen anderen Blick auf ihn. Kevin Kline verbindet die schlitzohrige Oberfläche mit einer konkreten Vorstellung von Arbeit und Heimat. Der Traum vom Weingut gibt seinen Handlungen einen Zusammenhang, ohne die Täuschungen zu entschuldigen, mit denen er ihm näherkommen möchte.","Er strebt kein Modehaus an.","Ein Opernensemble gehört nicht zu seinem Plan.","Luc (Kevin Kline) möchte ein eigenes Weingut.","Eine Fluggesellschaft ist nicht sein Ziel.","Hinter Lucs (Kevin Kline) Tricks steht der Wunsch nach einem Weingut.","Handlung","https://en.wikipedia.org/wiki/French_Kiss_(1995_film)|https://catalog.afi.com/Film/67596-FRENCH-KISS","redaktionell_geprueft"
"ROM-M-048","K-ROM-24-04","","de","Film","Rom-Com","French Kiss","French Kiss","1995","","mittel","Handlung","Reise|Täuschung|Neuanfang","Rom-Coms|Rom-Com-Klassiker|Meg Ryan","Luc benutzt Kate zunächst unwissentlich für seinen Schmuggel.","„French Kiss“ (1995): Warum versteckt Luc Gegenstände in Kates Tasche vor der Einreise?","Er will verhindern, dass Kate ihren eigenen Koffer wiederfindet.","Er führt eine offiziell genehmigte Sicherheitsübung durch.","Er möchte ihr ohne Anlass ein Hochzeitsgeschenk machen.","Er hält sie für eine unverdächtige Transportmöglichkeit durch den Zoll.","D","Luc (Kevin Kline) benutzt Kate (Meg Ryan) zunächst unwissentlich für seinen Schmuggel.","Luc (Kevin Kline) rechnet damit, dass Kate (Meg Ryan) weniger Aufmerksamkeit auf sich zieht als er selbst. Damit beginnt ihre Nähe auf einer deutlichen Ungleichheit des Wissens. Meg Ryan spielt das ahnungslose Gegenüber zu Kevin Klines taktischem Mitreisenden. Für die spätere Liebesgeschichte ist entscheidend, dass aus dieser bloßen Benutzung eine Beziehung werden muss, in der beide bewusst füreinander handeln.","Das Verstecken soll einen Transport ermöglichen, nicht ihre Gepäcksuche verhindern.","Es gibt keine genehmigte Sicherheitsübung.","Die versteckten Gegenstände sind kein uneigennütziges Geschenk.","Luc (Kevin Kline) benutzt Kate (Meg Ryan) zunächst unwissentlich für seinen Schmuggel.","Luc (Kevin Kline) nutzt zunächst Kates (Meg Ryan) unverdächtiges Auftreten.","Handlung","https://en.wikipedia.org/wiki/French_Kiss_(1995_film)|https://catalog.afi.com/Film/67596-FRENCH-KISS","redaktionell_geprueft"
"ROM-S-047","K-ROM-24-05","","de","Film","Rom-Com","French Kiss","French Kiss","1995","","schwer","Figur","Reise|Täuschung|Neuanfang","Rom-Coms|Rom-Com-Klassiker|Meg Ryan","Jean Reno spielt Inspector Cardon.","„French Kiss“ (1995): Wer spielt den französischen Polizisten Jean-Paul Cardon?","Vincent Cassel","Daniel Auteuil","Jean Reno","Gérard Depardieu","C","Jean Reno spielt Inspector Cardon (Jean Reno).","Cardon (Jean Reno) kennt Luc (Kevin Kline) und sein problematisches Verhalten, behandelt ihn aber nicht als völlig Fremden. Jean Reno bringt damit eine weitere Perspektive auf den scheinbar nur gewitzten Reisenden ein. Seine Beziehung zu Luc macht deutlich, dass Kate (Meg Ryan) unterwegs in bereits bestehende Geschichten gerät. Was sie anfangs sieht, ist nur ein kleiner Ausschnitt aus dessen bisherigem Leben.","Vincent Cassel gehört nicht zu dieser Rollenbesetzung.","Daniel Auteuil spielt diesen Polizisten nicht.","Jean Reno spielt Inspector Cardon (Jean Reno).","Gérard Depardieu verkörpert Cardon (Jean Reno) nicht.","Jean Renos Cardon (Jean Reno) kennt Luc (Kevin Kline) schon vor Kates (Meg Ryan) Reise.","Handlung","https://en.wikipedia.org/wiki/French_Kiss_(1995_film)|https://catalog.afi.com/Film/67596-FRENCH-KISS","redaktionell_geprueft"
"ROM-S-048","K-ROM-24-06","","de","Film","Rom-Com","French Kiss","French Kiss","1995","","schwer","Handlung","Reise|Täuschung|Neuanfang","Rom-Coms|Rom-Com-Klassiker|Meg Ryan","Kate gibt Luc eigene Ersparnisse und lässt ihn zunächst an einen Verkaufserlös glauben.","„French Kiss“ (1995): Woher stammt das Geld, das Kate Luc als Erlös für die Halskette übergibt?","Aus Charlies Rückzahlung einer alten Spielschuld","Aus einem tatsächlich abgeschlossenen Verkauf an Cartier","Aus einer staatlichen Belohnung für Luc","Aus ihren eigenen Ersparnissen","D","Kate (Meg Ryan) gibt Luc (Kevin Kline) eigene Ersparnisse und lässt ihn zunächst an einen Verkaufserlös glauben.","Kate (Meg Ryan) hat die Halskette zurückgegeben und ersetzt den vermeintlichen Verkaufserlös durch eigenes Geld. Ihre Handlung verändert das anfängliche Verhältnis zu Luc (Kevin Kline): Sie wird nicht mehr nur benutzt, sondern entscheidet selbst über eine großzügige Unterstützung. Meg Ryans Figur hilft ihm, ohne sofort eine Beziehung einzufordern. Erst die spätere Aufklärung macht ihm die Tragweite dieser Entscheidung deutlich.","Charlies (Timothy Hutton) Spielschulden liefern das Geld nicht.","Der vermeintliche Cartier-Verkauf erklärt das Geld gerade nicht.","Eine staatliche Belohnung wird nicht ausgezahlt.","Kate (Meg Ryan) gibt Luc (Kevin Kline) eigene Ersparnisse und lässt ihn zunächst an einen Verkaufserlös glauben.","Kate (Meg Ryan) finanziert Lucs (Kevin Kline) Chance aus eigenem Geld.","Auflösung","https://en.wikipedia.org/wiki/French_Kiss_(1995_film)|https://catalog.afi.com/Film/67596-FRENCH-KISS","redaktionell_geprueft"
"ROM-L-049","K-ROM-25-01","","de","Film","Rom-Com","Sweet Home Alabama – Liebe auf Umwegen","Sweet Home Alabama","2002","","leicht","Besetzung","Heimat|Zweite Chancen|Identität","Rom-Coms","Reese Witherspoon spielt Melanie.","„Sweet Home Alabama – Liebe auf Umwegen“ (2002): Wer spielt Melanie Carmichael?","Reese Witherspoon","Jennifer Garner","Kate Hudson","Katherine Heigl","A","Reese Witherspoon spielt Melanie (Reese Witherspoon).","Melanie (Reese Witherspoon) hat in New York ein erfolgreiches Bild von sich aufgebaut und ihre Herkunft dabei sorgfältig verändert. Reese Witherspoon verbindet Ehrgeiz mit einer Unruhe, die beim Besuch der Heimat sichtbar wird. Die romantische Entscheidung ist deshalb zugleich eine Frage der Identität. Sie muss herausfinden, welche Teile ihres früheren Lebens sie wirklich hinter sich lassen und welche sie nur verstecken wollte.","Reese Witherspoon spielt Melanie (Reese Witherspoon).","Jennifer Garner verkörpert Melanie (Reese Witherspoon) nicht.","Kate Hudson spielt Melanie (Reese Witherspoon) nicht.","Katherine Heigl gehört nicht zum Hauptpaar.","Reese Witherspoons Melanie (Reese Witherspoon) muss Erfolg und Herkunft zusammenbringen.","keine","https://en.wikipedia.org/wiki/Sweet_Home_Alabama_(film)","redaktionell_geprueft"
"ROM-L-050","K-ROM-25-02","","de","Film","Rom-Com","Sweet Home Alabama – Liebe auf Umwegen","Sweet Home Alabama","2002","","leicht","Handlung","Heimat|Zweite Chancen|Identität","Rom-Coms","Melanie muss ihre noch bestehende Ehe mit Jake klären.","„Sweet Home Alabama – Liebe auf Umwegen“ (2002): Warum muss Melanie vor ihrer geplanten neuen Hochzeit nach Alabama zurück?","Sie muss dort erst eine neue Staatsbürgerschaft beantragen.","Sie ist noch mit Jake verheiratet und braucht die Scheidung.","Sie hat ihren Bräutigam noch nie persönlich getroffen.","Sie soll die Trauung ihrer Eltern nachträglich bezeugen.","B","Melanie (Reese Witherspoon) muss ihre noch bestehende Ehe mit Jake (Josh Lucas) klären.","Melanie (Reese Witherspoon) betrachtet die Rückreise zunächst als formale Angelegenheit auf dem Weg in ihre neue Zukunft. Jake (Josh Lucas) macht es ihr jedoch nicht so einfach, die gemeinsame Vergangenheit abzuschließen. Josh Lucas spielt damit keinen völlig neuen Bewerber, sondern jemanden, der eine andere Version von Melanie kennt. Die alte Ehe konfrontiert sie mit Entscheidungen, deren Folgen noch nicht erledigt sind.","Ein Wechsel der Staatsbürgerschaft ist nicht notwendig.","Melanie (Reese Witherspoon) muss ihre noch bestehende Ehe mit Jake (Josh Lucas) klären.","Sie kennt ihren neuen Verlobten bereits persönlich.","Die Ehe ihrer Eltern benötigt keine nachträgliche Zeugenaussage.","Melanies (Reese Witherspoon) neue Hochzeit scheitert zunächst an der alten Ehe.","Handlung","https://en.wikipedia.org/wiki/Sweet_Home_Alabama_(film)","redaktionell_geprueft"
"ROM-M-049","K-ROM-25-03","","de","Film","Rom-Com","Sweet Home Alabama – Liebe auf Umwegen","Sweet Home Alabama","2002","","mittel","Figur","Heimat|Zweite Chancen|Identität","Rom-Coms","Melanie arbeitet erfolgreich als Modedesignerin.","„Sweet Home Alabama – Liebe auf Umwegen“ (2002): Welchen Beruf hat Melanie in New York?","Modedesignerin","Fernsehärztin","Architektin","Staatsanwältin","A","Melanie (Reese Witherspoon) arbeitet erfolgreich als Modedesignerin.","Melanie (Reese Witherspoon) gestaltet beruflich äußere Erscheinungen und hat auch ihre eigene Geschichte an ein neues Umfeld angepasst. Reese Witherspoons Figur kann deshalb sehr überzeugend auftreten, ohne innerlich bereits alles geklärt zu haben. Der berufliche Erfolg wird im Film nicht bedeutungslos. Problematisch ist vielmehr, dass sie ihn zeitweise nur bewahren zu können glaubt, indem sie ihre Herkunft abwertet.","Melanie (Reese Witherspoon) arbeitet erfolgreich als Modedesignerin.","Sie tritt nicht als Fernsehärztin auf.","Architektur ist nicht ihr Beruf.","Sie arbeitet nicht als Staatsanwältin.","Melanie (Reese Witherspoon) gestaltet Mode und zunächst auch eine geschönte Herkunft.","Handlung","https://en.wikipedia.org/wiki/Sweet_Home_Alabama_(film)","redaktionell_geprueft"
"ROM-M-050","K-ROM-25-04","","de","Film","Rom-Com","Sweet Home Alabama – Liebe auf Umwegen","Sweet Home Alabama","2002","","mittel","Beziehung","Heimat|Zweite Chancen|Identität","Rom-Coms","Kate Hennings ist New Yorks Bürgermeisterin.","„Sweet Home Alabama – Liebe auf Umwegen“ (2002): Welche öffentliche Position hat Andrews Mutter Kate?","Sie ist Senatorin für den Bundesstaat Alabama.","Sie ist Bürgermeisterin von New York.","Sie ist Gouverneurin des Bundesstaats New York.","Sie ist Bezirksstaatsanwältin in Manhattan.","B","Kate (Candice Bergen) Hennings ist New Yorks Bürgermeisterin.","Andrew (Patrick Dempsey) gehört zu einer einflussreichen Familie, deren Erwartungen über privates Glück hinausreichen. Kate (Candice Bergen) prüft Melanies (Reese Witherspoon) Eignung für die Zukunft ihres Sohnes mit politischem und gesellschaftlichem Blick. Candice Bergen spielt damit eine andere Form von Herkunftsdruck als die Menschen in Alabama. Melanie steht zwischen zwei Milieus, die jeweils eigene Vorstellungen davon haben, wer sie sein sollte.","Sie vertritt Alabama nicht im Senat.","Kate (Candice Bergen) Hennings ist New Yorks Bürgermeisterin.","Kate (Candice Bergen) leitet die Stadt, nicht den Bundesstaat New York.","Sie ist Bürgermeisterin, keine Bezirksstaatsanwältin.","Andrews (Patrick Dempsey) Mutter betrachtet die Ehe auch aus dem Rathaus heraus.","Handlung","https://en.wikipedia.org/wiki/Sweet_Home_Alabama_(film)","redaktionell_geprueft"
"ROM-S-049","K-ROM-25-05","","de","Film","Rom-Com","Sweet Home Alabama – Liebe auf Umwegen","Sweet Home Alabama","2002","","schwer","Handlung","Heimat|Zweite Chancen|Identität","Rom-Coms","Melanie selbst hat die Scheidungspapiere nicht unterschrieben.","„Sweet Home Alabama – Liebe auf Umwegen“ (2002): Wessen fehlende Unterschrift stoppt die geplante Hochzeit mit Andrew?","Melanies eigene auf den Scheidungspapieren","Jakes weiterhin fehlende auf den Scheidungspapieren","Kates fehlende auf einer Reisegenehmigung","Andrews fehlende auf einem Ehevertrag","A","Melanie (Reese Witherspoon) selbst hat die Scheidungspapiere nicht unterschrieben.","Melanie (Reese Witherspoon) glaubt zunächst, das Hindernis ihrer alten Ehe liege ausschließlich bei Jake (Josh Lucas). Kurz vor der neuen Trauung zeigt sich, dass ihr eigener Schritt noch fehlt. Die Situation macht ihre innere Unentschlossenheit äußerlich sichtbar, ohne sie als juristische Belehrung zu inszenieren. Reese Witherspoons Figur erhält einen letzten Moment, in dem eine bewusste Entscheidung den geplanten Ablauf unterbrechen kann.","Melanie (Reese Witherspoon) selbst hat die Scheidungspapiere nicht unterschrieben.","Jake (Josh Lucas) hat inzwischen unterschrieben; Melanies (Reese Witherspoon) Signatur fehlt.","Eine Reisegenehmigung von Kate (Candice Bergen) ist nicht erforderlich.","Ein Ehevertrag Andrews (Patrick Dempsey) ist nicht das entscheidende Dokument.","Die entscheidende fehlende Unterschrift ist Melanies (Reese Witherspoon) eigene.","Auflösung","https://en.wikipedia.org/wiki/Sweet_Home_Alabama_(film)","redaktionell_geprueft"
"ROM-S-050","K-ROM-25-06","","de","Film","Rom-Com","Sweet Home Alabama – Liebe auf Umwegen","Sweet Home Alabama","2002","","schwer","Handlung","Heimat|Zweite Chancen|Identität","Rom-Coms","Jake hat ein erfolgreiches Glasgeschäft aufgebaut.","„Sweet Home Alabama – Liebe auf Umwegen“ (2002): Welche überraschende berufliche Entwicklung entdeckt Melanie bei Jake?","Er leitet die New Yorker Filiale ihres Modehauses.","Er hat ein erfolgreiches Geschäft mit Glasskulpturen aufgebaut.","Er arbeitet inzwischen als persönlicher Berater Andrews.","Er verkauft ihre Entwürfe ohne ihr Wissen als eigene.","B","Jake (Josh Lucas) hat ein erfolgreiches Glasgeschäft aufgebaut.","Melanie (Reese Witherspoon) begegnet in Alabama nicht nur einem unveränderten früheren Leben. Jake (Josh Lucas) hat selbst etwas geschaffen, das sie zunächst nicht kennt. Die Glasskulpturen greifen zudem das Strandmotiv der gemeinsamen Kindheit auf. Josh Lucas’ Figur erhält damit eine Entwicklung außerhalb ihrer Wahrnehmung. Für Melanie wird wichtig, die Heimat nicht länger mit Stillstand und die Großstadt nicht automatisch mit Wachstum gleichzusetzen.","Er führt keine Filiale ihres Modehauses.","Jake (Josh Lucas) hat ein erfolgreiches Glasgeschäft aufgebaut.","Er ist nicht Andrews (Patrick Dempsey) persönlicher Berater.","Sein Erfolg beruht nicht auf gestohlenen Modeentwürfen.","Jakes (Josh Lucas) Glasgeschäft widerlegt Melanies (Reese Witherspoon) Bild vom Stillstand zu Hause.","Handlung","https://en.wikipedia.org/wiki/Sweet_Home_Alabama_(film)","redaktionell_geprueft"
"ROM-L-001-V1","K-ROM-01-01","ROM-L-001","de","Film","Rom-Com","Harry & Sally","When Harry Met Sally...","1989","","leicht","Besetzung","Freundschaft|Großstadt|Zweite Chancen","Rom-Coms|Rom-Com-Klassiker|Meg Ryan","Meg Ryan verkörpert Sally Albright.","„Harry & Sally“ (1989): Welche Figur verkörpert Meg Ryan?","Helen","Amanda","Sally Albright","Marie","C","Meg Ryan spielt Sally (Meg Ryan) Albright.","Sally (Meg Ryan) lernt Harry (Billy Crystal) auf einer gemeinsamen Fahrt nach New York kennen. Ihre sorgfältige Art und seine provokanten Behauptungen machen schon die Fahrt zum Streitgespräch. Meg Ryans Spiel verbindet dabei Entschlossenheit mit Verletzlichkeit. Gerade weil Sally auf ihren Vorstellungen besteht, ist die spätere Annäherung mehr als die Geschichte einer Frau, die einfach nachgibt.","Helen ist nicht Meg Ryans Figur.","Amanda ist nicht die von Meg Ryan gespielte Frau.","Meg Ryan spielt Sally (Meg Ryan) Albright.","Marie (Carrie Fisher) wird von Carrie Fisher gespielt.","Meg Ryan ist Sally (Meg Ryan), Billy Crystal ist Harry (Billy Crystal).","keine","https://en.wikipedia.org/wiki/When_Harry_Met_Sally...|https://www.rottentomatoes.com/m/when_harry_met_sally|https://www.imdb.com/title/tt0098635/plotsummary/","redaktionell_geprueft"
"ROM-L-002-V1","K-ROM-01-02","ROM-L-002","de","Film","Rom-Com","Harry & Sally","When Harry Met Sally...","1989","","leicht","Handlung","Freundschaft|Großstadt|Zweite Chancen","Rom-Coms|Rom-Com-Klassiker|Meg Ryan","Ihre Debatte dreht sich um Freundschaft und sexuelle Anziehung.","„Harry & Sally“ (1989): Womit widerspricht Sally Harrys Ausgangsthese über Männer und Frauen?","Mit dem Vorschlag, sich nur noch Briefe zu schreiben","Mit der Forderung, alle früheren Partner zu meiden","Mit der Behauptung, dass jede Ehe scheitern müsse","Mit der Möglichkeit einer Freundschaft ohne sexuelle Beziehung","D","Sally (Meg Ryan) hält Freundschaft zwischen Männern und Frauen für möglich.","Harry (Billy Crystal) vertritt zunächst eine starre Vorstellung von Freundschaft zwischen Männern und Frauen. Sally (Meg Ryan) widerspricht ihm, und die gemeinsame Geschichte stellt seine Behauptung immer wieder auf die Probe. Beim Zuschauen lohnt es sich deshalb, Gespräch und Verhalten zu vergleichen: Beide verändern sich, während sie noch versuchen, ihre Verbindung mit vertrauten Kategorien zu erklären.","Ein Wechsel zum Briefkontakt beantwortet diese Debatte nicht.","Kontaktverbote zu Expartnern sind nicht das Thema der Ausgangsthese.","Eine allgemeine Unmöglichkeit der Ehe ist nicht ihre Gegenposition.","Sally (Meg Ryan) hält Freundschaft zwischen Männern und Frauen für möglich.","Ihre Freundschaft prüft Harrys (Billy Crystal) Theorie über Anziehung.","Handlung","https://en.wikipedia.org/wiki/When_Harry_Met_Sally...|https://www.rottentomatoes.com/m/when_harry_met_sally|https://www.imdb.com/title/tt0098635/plotsummary/","redaktionell_geprueft"
"ROM-M-001-V1","K-ROM-01-03","ROM-M-001","de","Film","Rom-Com","Harry & Sally","When Harry Met Sally...","1989","","mittel","Beziehung","Freundschaft|Großstadt|Zweite Chancen","Rom-Coms|Rom-Com-Klassiker|Meg Ryan","Die beiden vorgesehenen Verabredungen finden stattdessen zueinander.","„Harry & Sally“ (1989): Welche Beziehung entsteht überraschend aus dem von Harry und Sally arrangierten Essen?","Eine Partnerschaft zwischen Sally und Jess","Eine Partnerschaft zwischen Harry und Marie","Eine Partnerschaft zwischen ihren beiden Freunden","Eine Versöhnung zwischen Harry und seiner früheren Frau","C","Jess (Bruno Kirby) und Marie (Carrie Fisher) finden beim gemeinsamen Essen zueinander.","Harry (Billy Crystal) und Sally (Meg Ryan) bringen ihre Freunde Jess (Bruno Kirby) und Marie (Carrie Fisher) zusammen, zunächst mit anderen romantischen Vorstellungen. Doch die Aufmerksamkeit der Gäste wandert rasch zueinander. Die Szene ist eine kleine Gegenprobe zur Beziehung der Hauptfiguren: Während dort jahrelang diskutiert wird, erkennen die beiden Freunde ihre gegenseitige Anziehung erstaunlich schnell.","Jess (Bruno Kirby) verliebt sich nicht in Sally (Meg Ryan).","Harry (Billy Crystal) bildet dabei kein Paar mit Marie (Carrie Fisher).","Jess (Bruno Kirby) und Marie (Carrie Fisher) finden beim gemeinsamen Essen zueinander.","Harrys (Billy Crystal) frühere Frau gehört nicht zu dieser neuen Paarbildung.","Die Freunde finden einander schneller als die Vermittler.","Handlung","https://en.wikipedia.org/wiki/When_Harry_Met_Sally...|https://www.rottentomatoes.com/m/when_harry_met_sally|https://www.imdb.com/title/tt0098635/plotsummary/","redaktionell_geprueft"
"ROM-M-002-V1","K-ROM-01-04","ROM-M-002","de","Film","Rom-Com","Harry & Sally","When Harry Met Sally...","1989","","mittel","Handlung","Freundschaft|Großstadt|Zweite Chancen","Rom-Coms|Rom-Com-Klassiker|Meg Ryan","Sally widerlegt Harrys vermeintliche Sicherheit mit einer gespielten Demonstration.","„Harry & Sally“ (1989): Warum bringt Sallys Darbietung im Restaurant Harrys Argument ins Wanken?","Sie beweist, dass Harry den Kellner verwechselt hat.","Sie enthüllt, dass alle Gäste bezahlte Statisten sind.","Sie zeigt, dass Harry ihre schriftlichen Bestellungen nicht versteht.","Sie zeigt, wie täuschend echt eine sexuelle Reaktion gespielt werden kann.","D","Ihre gespielte Reaktion widerlegt Harrys (Billy Crystal) Sicherheit beim Erkennen echter Orgasmen.","Harry (Billy Crystal) glaubt, eine vorgetäuschte sexuelle Reaktion sicher erkennen zu können. Sally (Meg Ryan) antwortet nicht nur mit einem Argument, sondern mit einer demonstrativen Darbietung mitten im Restaurant. Der Witz entsteht aus dem Gegensatz zwischen öffentlichem Alltagsraum und intimem Gesprächsthema. Ihre Aktion nimmt ihm für einen Moment die Rolle des überlegenen Experten über Beziehungen.","Eine Kellnerverwechslung ist nicht der Streitgegenstand.","Die Gäste sind innerhalb der Handlung keine engagierten Statisten.","Die Essensbestellung ist nicht das Argument dieser Demonstration.","Ihre gespielte Reaktion widerlegt Harrys (Billy Crystal) Sicherheit beim Erkennen echter Orgasmen.","Sally (Meg Ryan) beantwortet Harrys (Billy Crystal) Selbstgewissheit mit einer Demonstration.","Handlung","https://en.wikipedia.org/wiki/When_Harry_Met_Sally...|https://www.rottentomatoes.com/m/when_harry_met_sally|https://www.imdb.com/title/tt0098635/plotsummary/","redaktionell_geprueft"
"ROM-S-001-V1","K-ROM-01-05","ROM-S-001","de","Film","Rom-Com","Harry & Sally","When Harry Met Sally...","1989","","schwer","Handlung","Freundschaft|Großstadt|Zweite Chancen","Rom-Coms|Rom-Com-Klassiker|Meg Ryan","Harry erkennt seine Liebe und will nicht länger warten.","„Harry & Sally“ (1989): Welche Erkenntnis erklärt Harrys Liebeserklärung gerade am Silvesterabend?","Er möchte eine verlorene Wette unter Freunden erfüllen.","Er möchte sich für ein vergessenes Geburtstagsgeschenk entschuldigen.","Er möchte das gemeinsame Leben mit Sally nicht länger aufschieben.","Er möchte Sally nur von einer Reise nach Paris abhalten.","C","Harry (Billy Crystal) weiß nun, dass er dauerhaft mit Sally (Meg Ryan) zusammen sein will.","Nach dem Zerwürfnis mit Sally (Meg Ryan) sucht Harry (Billy Crystal) am Jahresende zunächst keinen gewöhnlichen Partyflirt. Seine Entscheidung führt ihn zu einer Liebeserklärung, in der gerade ihre kleinen Eigenheiten wichtig werden. Er liebt nicht eine idealisierte Fremde, sondern die Frau, die er über Jahre kennengelernt hat. Die lange Freundschaft bekommt dadurch rückblickend eine neue Bedeutung.","Die Erklärung ist keine Wettschuld.","Ein verpasstes Geschenk erklärt den Aufbruch nicht.","Harry (Billy Crystal) weiß nun, dass er dauerhaft mit Sally (Meg Ryan) zusammen sein will.","Eine Parisreise ist nicht der entscheidende Anlass.","Harry (Billy Crystal) will nicht irgendeinen Neuanfang, sondern ein Leben mit Sally (Meg Ryan).","Auflösung","https://en.wikipedia.org/wiki/When_Harry_Met_Sally...|https://www.rottentomatoes.com/m/when_harry_met_sally|https://www.imdb.com/title/tt0098635/plotsummary/","redaktionell_geprueft"
"ROM-S-002-V1","K-ROM-01-06","ROM-S-002","de","Film","Rom-Com","Harry & Sally","When Harry Met Sally...","1989","","schwer","Filmgeschichte","Freundschaft|Großstadt|Zweite Chancen","Rom-Coms|Rom-Com-Klassiker|Meg Ryan","Das Drehbuch stammt von Nora Ephron.","„Harry & Sally“ (1989): Welche Zuordnung der kreativen Aufgaben stimmt?","Drehbuch: Nancy Meyers; Regie: Richard Curtis","Drehbuch: Billy Crystal; Regie: Meg Ryan","Drehbuch: Rob Reiner; Regie: Nora Ephron","Drehbuch: Nora Ephron; Regie: Rob Reiner","D","Nora Ephron schrieb das Drehbuch, Rob Reiner führte Regie.","Die Gespräche zwischen Harry (Billy Crystal) und Sally (Meg Ryan) sind das tragende Gerüst des Films. Nora Ephrons Drehbuch lässt Nähe durch Widerspruch, Wiedersehen und alltägliche Beobachtungen entstehen. Regisseur Rob Reiner setzt diese Entwicklung mit Billy Crystal und Meg Ryan um. Für die Einordnung hilft die Trennung der Aufgaben: Ephron schrieb, Reiner führte Regie, die beiden Stars verkörpern das Paar.","Meyers und Curtis übernahmen diese Aufgaben hier nicht.","Die Hauptdarsteller sind nicht zugleich das genannte Drehbuch-Regie-Team.","Diese Zuordnung vertauscht die beiden Aufgaben.","Nora Ephron schrieb das Drehbuch, Rob Reiner führte Regie.","Ephron schrieb Harry (Billy Crystal) und Sally (Meg Ryan), Reiner inszenierte sie.","keine","https://en.wikipedia.org/wiki/When_Harry_Met_Sally...|https://www.rottentomatoes.com/m/when_harry_met_sally|https://www.imdb.com/title/tt0098635/plotsummary/","redaktionell_geprueft"
"ROM-L-005-V1","K-ROM-03-01","ROM-L-005","de","Film","Rom-Com","Notting Hill","Notting Hill","1999","","leicht","Figur","Prominenz|Privatsphäre|Soziale Unterschiede","Rom-Coms|Rom-Com-Klassiker|Julia Roberts|Hugh Grant","William betreibt eine Buchhandlung für Reiseliteratur.","„Notting Hill“ (1999): Womit verdient William seinen Lebensunterhalt, bevor Anna in sein Leben tritt?","Mit dem Verkauf von Reisebüchern","Mit der Vermittlung von Schauspielern","Mit dem Verkauf von Filmrechten","Mit dem Verleih historischer Kostüme","A","William (Hugh Grant) führt eine Reisebuchhandlung.","William (Hugh Grant) führt einen unspektakulären Laden in London, während Anna (Julia Roberts) weltweit erkannt wird. Schon der erste Besuch verbindet zwei sehr verschiedene Formen von Öffentlichkeit: Er kennt seine kleine berufliche Umgebung, sie lebt unter ständiger Beobachtung. Die Reisebücher passen als ruhiger Hintergrund zu einem Mann, dessen Leben durch diese Begegnung unerwartet aus vertrauten Bahnen gerät.","William (Hugh Grant) führt eine Reisebuchhandlung.","Er arbeitet nicht als Schauspielagent.","Er handelt nicht mit Filmrechten.","Kostümverleih ist nicht sein Beruf.","Williams (Hugh Grant) Alltag beginnt zwischen Reisebüchern.","keine","https://en.wikipedia.org/wiki/Notting_Hill_(film)|https://www.imdb.com/title/tt0125439/plotsummary/","redaktionell_geprueft"
"ROM-L-006-V1","K-ROM-03-02","ROM-L-006","de","Film","Rom-Com","Notting Hill","Notting Hill","1999","","leicht","Besetzung","Prominenz|Privatsphäre|Soziale Unterschiede","Rom-Coms|Rom-Com-Klassiker|Julia Roberts|Hugh Grant","Julia Roberts spielt Anna Scott.","„Notting Hill“ (1999): Welche Rolle spielt Julia Roberts?","Die Buchhändlerin Kathleen Kelly","Den Filmstar Anna Scott","Williams Freundin Bella","Williams Schwester Honey","B","Julia Roberts verkörpert Anna (Julia Roberts) Scott.","Anna (Julia Roberts) bringt die Welt des internationalen Filmruhms in Williams (Hugh Grant) überschaubares Londoner Leben. Julia Roberts spielt damit eine Figur, deren Status dem Publikum sofort glaubhaft erscheint. Hinter Auftritten und öffentlichen Bildern muss Anna aber auch Enttäuschung und Unsicherheit zeigen können. Genau diese Spannung macht die Begegnung mit dem zurückhaltenden Buchhändler romantisch und zugleich schwierig.","Kathleen Kelly gehört zu E-m@il für Dich und wird von Meg Ryan gespielt.","Julia Roberts verkörpert Anna (Julia Roberts) Scott.","Bella (Gina McKee) wird von Gina McKee gespielt.","Honey (Emma Chambers) ist nicht Julia Roberts’ Rolle.","Julia Roberts ist der Star im Film über einen Star.","keine","https://en.wikipedia.org/wiki/Notting_Hill_(film)|https://www.imdb.com/title/tt0125439/plotsummary/","redaktionell_geprueft"
"ROM-M-005-V1","K-ROM-03-03","ROM-M-005","de","Film","Rom-Com","Notting Hill","Notting Hill","1999","","mittel","Figur","Prominenz|Privatsphäre|Soziale Unterschiede","Rom-Coms|Rom-Com-Klassiker|Julia Roberts|Hugh Grant","Williams Mitbewohner heißt Spike.","„Notting Hill“ (1999): Welche Funktion hat der von Rhys Ifans gespielte Spike in Williams Alltag?","Er ist sein Mitbewohner.","Er ist sein Bruder.","Er ist sein Ladenvermieter.","Er ist sein Literaturagent.","A","Spike (Rhys Ifans) teilt die Wohnung mit William (Hugh Grant).","William (Hugh Grant) teilt sein Zuhause mit Spike (Rhys Ifans), dessen sorgloses Verhalten den Kontrast zu Annas (Julia Roberts) kontrollierter Öffentlichkeit verstärkt. Rhys Ifans macht aus dem Mitbewohner eine Quelle komischer Unberechenbarkeit. Für die Liebesgeschichte ist das wichtig: Privatsphäre lässt sich in diesem Haus nicht wie in einer abgeschirmten Hotelwelt organisieren, selbst wenn William sich genau das wünschen würde.","Spike (Rhys Ifans) teilt die Wohnung mit William (Hugh Grant).","Spike (Rhys Ifans) und William (Hugh Grant) sind keine Brüder.","Spike (Rhys Ifans) ist nicht der Vermieter der Buchhandlung.","Ein Literaturagentenverhältnis besteht nicht.","Spike (Rhys Ifans) macht Williams (Hugh Grant) Privatleben unberechenbar.","Handlung","https://en.wikipedia.org/wiki/Notting_Hill_(film)|https://www.imdb.com/title/tt0125439/plotsummary/","redaktionell_geprueft"
"ROM-M-006-V1","K-ROM-03-04","ROM-M-006","de","Film","Rom-Com","Notting Hill","Notting Hill","1999","","mittel","Handlung","Prominenz|Privatsphäre|Soziale Unterschiede","Rom-Coms|Rom-Com-Klassiker|Julia Roberts|Hugh Grant","Der verschüttete Orangensaft führt zum Angebot, sich bei William zu säubern.","„Notting Hill“ (1999): Warum bietet William Anna nach der Straßenbegegnung Hilfe in seiner Wohnung an?","Er hat sie versehentlich im Laden eingeschlossen.","Er hat Orangensaft über sie verschüttet.","Er hat ihre Filmkostüme aus dem Fenster geworfen.","Er hat ihr den falschen Wohnungsschlüssel verkauft.","B","William (Hugh Grant) möchte ihr nach dem Saftmissgeschick Gelegenheit zum Säubern geben.","William (Hugh Grant) hat Anna (Julia Roberts) gerade erst in seiner Buchhandlung kennengelernt, als die Begegnung auf der Straße im kleinen Missgeschick endet. Das Angebot, Kleidung und Gesicht zu säubern, schafft einen privaten Moment. Der Film nutzt damit keinen großen gesellschaftlichen Anlass, sondern alltägliche Ungeschicklichkeit, um die Distanz zwischen berühmter Schauspielerin und gewöhnlichem Buchhändler kurzfristig zu überbrücken.","Ein Einschließen im Laden ist nicht der Anlass.","William (Hugh Grant) möchte ihr nach dem Saftmissgeschick Gelegenheit zum Säubern geben.","Er wirft keine Filmkostüme aus dem Fenster.","Ein verkaufter Schlüssel spielt keine Rolle.","Orangensaft öffnet die Tür zu Williams (Hugh Grant) Privatleben.","Handlung","https://en.wikipedia.org/wiki/Notting_Hill_(film)|https://www.imdb.com/title/tt0125439/plotsummary/","redaktionell_geprueft"
"ROM-S-005-V1","K-ROM-03-05","ROM-S-005","de","Film","Rom-Com","Notting Hill","Notting Hill","1999","","schwer","Handlung","Prominenz|Privatsphäre|Soziale Unterschiede","Rom-Coms|Rom-Com-Klassiker|Julia Roberts|Hugh Grant","William nennt die Zeitschrift Horse & Hound.","„Notting Hill“ (1999): Welche improvisierte Tarnung benutzt William bei Annas Pressetermin?","Reporter eines Pferde- und Jagdmagazins","Korrespondent einer Finanzzeitung","Kritiker einer Opernzeitschrift","Fotograf eines Modehauses","A","Er gibt Horse & Hound als sein Magazin an.","William (Hugh Grant) gerät bei seinem Besuch bei Anna (Julia Roberts) in einen organisierten Pressetermin. Statt seine private Absicht offenzulegen, improvisiert er eine journalistische Identität. Das Pferde- und Jagdmagazin passt denkbar schlecht zur üblichen Filmwerbung. Hugh Grants zögerliche Fragen machen sichtbar, wie schwer es für die Figur ist, Annas berufliche Welt ohne Vorbereitung glaubwürdig zu betreten.","Er gibt Horse & Hound als sein Magazin an.","Eine Finanzzeitung nennt er nicht.","Er tritt nicht als Opernkritiker auf.","William (Hugh Grant) gibt sich nicht als Modefotograf aus.","William (Hugh Grant) wird zum Filmreporter für Horse & Hound.","Handlung","https://en.wikipedia.org/wiki/Notting_Hill_(film)|https://www.imdb.com/title/tt0125439/plotsummary/","redaktionell_geprueft"
"ROM-S-006-V1","K-ROM-03-06","ROM-S-006","de","Film","Rom-Com","Notting Hill","Notting Hill","1999","","schwer","Handlung","Prominenz|Privatsphäre|Soziale Unterschiede","Rom-Coms|Rom-Com-Klassiker|Julia Roberts|Hugh Grant","Anna schenkt ihm Chagalls La Mariée, dessen Druck er besitzt.","„Notting Hill“ (1999): Woran zeigt Annas Chagall-Geschenk, dass sie William aufmerksam zugehört hat?","Sie ersetzt ein bei ihrem Besuch beschädigtes Porträt.","Sie bringt das Original des Bildes, das er als Druck besitzt.","Sie kauft das Haus, in dem er aufgewachsen ist.","Sie finanziert eine Ausstellung seiner eigenen Gemälde.","B","Anna (Julia Roberts) schenkt ihm das Original von La Mariée, dessen Druck sie bei ihm gesehen hat.","Anna (Julia Roberts) hat bemerkt, welches Bild William (Hugh Grant) in seiner Wohnung schätzt, und bringt ihm später das Original. Das Geschenk knüpft also an einen geteilten privaten Moment an. Sein Wert liegt für die Beziehung nicht nur im Preis, sondern in ihrer Aufmerksamkeit. Trotzdem kann eine teure Gabe die Angst vor erneuter Verletzung nicht einfach auflösen.","Das Bild wird nicht als Ersatz für ein beschädigtes Porträt übergeben.","Anna (Julia Roberts) schenkt ihm das Original von La Mariée, dessen Druck sie bei ihm gesehen hat.","Ein Hauskauf ist nicht mit dem Geschenk gemeint.","William (Hugh Grant) ist nicht der Maler einer solchen Ausstellung.","Annas (Julia Roberts) Chagall-Geschenk erinnert an ihre gemeinsame Zeit.","Auflösung","https://en.wikipedia.org/wiki/Notting_Hill_(film)|https://www.imdb.com/title/tt0125439/plotsummary/","redaktionell_geprueft"
"ROM-L-013-V1","K-ROM-07-01","ROM-L-013","de","Film","Rom-Com","Bridget Jones – Schokolade zum Frühstück","Bridget Jones's Diary","2001","Bridget Jones","leicht","Besetzung","Selbstbild|Dreiecksbeziehung|Beruf und Liebe","Rom-Coms|Bridget Jones|Hugh Grant","Renée Zellweger spielt Bridget Jones.","Welche Londoner Tagebuchschreiberin verkörpert Renée Zellweger in der Liebeskomödie von 2001?","Natasha Glenville","Pamela Jones","Bridget Jones","Lara","C","Renée Zellweger spielt Bridget Jones.","Bridget Jones (Renée Zellweger) versucht, ihr Leben mit Vorsätzen und einem Tagebuch neu zu ordnen. Dabei geraten ihre eigenen Bewertungen immer wieder mit dem wirklichen Alltag aneinander. Ihr Chef Daniel Cleaver (Hugh Grant) zieht sie an, während Mark Darcy (Colin Firth) zunächst abweisend wirkt. Die Liebesgeschichte entwickelt sich aus diesen widersprüchlichen ersten Eindrücken und Bridgets Versuch, zwischen Selbstkritik, beruflichem Alltag und ihren Gefühlen zurechtzukommen.","Natasha Glenville ist nicht Renée Zellwegers Figur; gesucht ist Bridget Jones.","Pamela Jones ist Bridgets Mutter, nicht Renée Zellwegers Figur.","Renée Zellweger verkörpert Bridget Jones, die Londoner Tagebuchschreiberin.","Lara ist nicht Renée Zellwegers Figur; gesucht ist Bridget Jones.","Renée Zellweger ist Bridget Jones.","keine","https://www.miramax.com/movie/bridget-joness-diary/|https://www.miramax.com/profile/colin-firth/","redaktionell_geprueft"
"ROM-L-014-V1","K-ROM-07-02","ROM-L-014","de","Film","Rom-Com","Bridget Jones – Schokolade zum Frühstück","Bridget Jones's Diary","2001","Bridget Jones","leicht","Handlung","Selbstbild|Dreiecksbeziehung|Beruf und Liebe","Rom-Coms|Bridget Jones|Hugh Grant","Bridget beginnt, ein Tagebuch zu führen.","„Bridget Jones – Schokolade zum Frühstück“ (2001): Welcher Gegenstand bewahrt Bridgets ungefilterte Urteile, die später ein Missverständnis mit Mark auslösen?","Ein veröffentlichter Roman","Eine gemeinsame Patientenakte","Ein amtliches Führungszeugnis","Ihr Tagebuch","D","Die alten Einträge in Bridgets (Renée Zellweger) Tagebuch spiegeln ihre früheren Urteile.","Das Tagebuch gibt Bridget (Renée Zellweger) einen privaten Raum für Vorsätze, Selbstkritik und spontane Urteile. Gerade diese Ungefiltertheit unterscheidet es von ihrem Auftreten vor anderen. Wenn Mark (Colin Firth) später darin liest, trifft eine frühere Momentaufnahme auf eine längst veränderte Beziehung. Der Gegenstand erinnert daran, dass ein niedergeschriebener Eindruck nicht zwingend die endgültige Wahrheit über einen Menschen ist.","Bridget (Renée Zellweger) hat diese Notizen nicht als Roman veröffentlicht.","Eine Patientenakte liegt dem Missverständnis nicht zugrunde.","Es geht nicht um ein amtliches Zeugnis.","Die alten Einträge in Bridgets (Renée Zellweger) Tagebuch spiegeln ihre früheren Urteile.","Bridgets (Renée Zellweger) Tagebuch bewahrt Gedanken, nicht endgültige Urteile.","Handlung","https://en.wikipedia.org/wiki/Bridget_Jones%27s_Diary|https://www.miramax.com/movie/bridget-joness-diary/","redaktionell_geprueft"
"ROM-M-013-V1","K-ROM-07-03","ROM-M-013","de","Film","Rom-Com","Bridget Jones – Schokolade zum Frühstück","Bridget Jones's Diary","2001","Bridget Jones","mittel","Beziehung","Selbstbild|Dreiecksbeziehung|Beruf und Liebe","Rom-Coms|Bridget Jones|Hugh Grant","Daniel ist Bridgets Chef im Verlag.","„Bridget Jones – Schokolade zum Frühstück“ (2001): Warum überschneidet sich Bridgets Flirt mit Daniel zunächst unmittelbar mit ihrem Berufsleben?","Daniel behandelt ihre Arbeitsverletzung.","Daniel vertritt ihren Arbeitgeber vor Gericht.","Daniel ist ihr Chef im Verlag.","Daniel prüft als Steuerbeamter ihre Firma.","C","Daniel (Hugh Grant) ist als Vorgesetzter Teil von Bridgets (Renée Zellweger) täglichem Arbeitsumfeld.","Bridget (Renée Zellweger) fühlt sich zu Daniel (Hugh Grant) hingezogen, noch bevor aus dem Flirt eine Beziehung wird. Seine Rolle als Vorgesetzter verbindet berufliche Anerkennung mit persönlicher Aufmerksamkeit. Hugh Grant spielt den charmanten Mann bewusst anders als einen verlässlich zurückhaltenden Liebeshelden. Die Frage für Bridget ist deshalb nicht nur, ob jemand sie begehrt, sondern ob sie seinem Verhalten vertrauen kann.","Er arbeitet nicht als behandelnder Arzt.","Er ist nicht der Anwalt ihres Arbeitgebers.","Daniel (Hugh Grant) ist als Vorgesetzter Teil von Bridgets (Renée Zellweger) täglichem Arbeitsumfeld.","Er führt keine Steuerprüfung durch.","Daniel (Hugh Grant) ist zunächst zugleich Chef und Schwarm.","Handlung","https://en.wikipedia.org/wiki/Bridget_Jones%27s_Diary|https://www.miramax.com/movie/bridget-joness-diary/","redaktionell_geprueft"
"ROM-M-014-V1","K-ROM-07-04","ROM-M-014","de","Film","Rom-Com","Bridget Jones – Schokolade zum Frühstück","Bridget Jones's Diary","2001","Bridget Jones","mittel","Handlung","Selbstbild|Dreiecksbeziehung|Beruf und Liebe","Rom-Coms|Bridget Jones|Hugh Grant","Bridget nimmt eine Stelle beim Fernsehen an.","„Bridget Jones – Schokolade zum Frühstück“ (2001): Welcher Berufswechsel markiert Bridgets Neuanfang nach Daniel?","Vom Fernsehen in eine Bäckerei","Von einer Schule in ein Hotel","Vom Krankenhaus in eine Anwaltskanzlei","Vom Verlag zu einem Fernsehjob","D","Bridget (Renée Zellweger) verlässt den Verlag und arbeitet anschließend fürs Fernsehen.","Nach der Enttäuschung über Daniel (Hugh Grant) sucht Bridget (Renée Zellweger) auch beruflich einen neuen Anfang. Vor der Kamera werden ihre Unsicherheiten plötzlich öffentlich sichtbar. Doch die unbeholfenen Situationen bedeuten nicht, dass sie ohne Fähigkeiten bleibt. Mark (Colin Firth) hilft ihr später bei einem wichtigen Interview. Damit zeigt sich Unterstützung als konkrete Handlung und nicht nur als schmeichelhafte Bemerkung.","Die Richtung und das Ziel dieser Antwort stimmen nicht.","Schule und Hotel sind nicht ihre beiden Arbeitsfelder.","Sie wechselt weder aus einem Krankenhaus noch in eine Kanzlei.","Bridget (Renée Zellweger) verlässt den Verlag und arbeitet anschließend fürs Fernsehen.","Bridgets (Renée Zellweger) Neuanfang führt vom Verlag vor die Kamera.","Handlung","https://en.wikipedia.org/wiki/Bridget_Jones%27s_Diary|https://www.miramax.com/movie/bridget-joness-diary/","redaktionell_geprueft"
"ROM-S-013-V1","K-ROM-07-05","ROM-S-013","de","Film","Rom-Com","Bridget Jones – Schokolade zum Frühstück","Bridget Jones's Diary","2001","Bridget Jones","schwer","Handlung","Selbstbild|Dreiecksbeziehung|Beruf und Liebe","Rom-Coms|Bridget Jones|Hugh Grant","Daniel hatte die Affäre selbst und verdrehte seine Geschichte darüber.","„Bridget Jones – Schokolade zum Frühstück“ (2001): Warum ist Daniels Geschichte über Mark irreführend?","Er verschweigt lediglich, dass Mark nie an einer Universität war.","Er behauptet, Mark habe Bridget schon als Kind geheiratet.","Er schiebt Mark den Ehebruch zu, den er selbst mit Marks Frau begangen hat.","Er nennt Mark fälschlich als Vater seiner Tochter.","C","Daniel (Hugh Grant) vertauscht Täter- und Opferrolle in der Geschichte der Affäre.","Daniel (Hugh Grant) hat Bridget (Renée Zellweger) eine Version erzählt, in der Mark (Colin Firth) als Schuldiger erscheint. Die spätere Aufklärung kehrt dieses Bild um: Daniel war mit Marks Frau liiert. Für Bridget wird damit das eigene erste Urteil unsicher. Der Film verbindet die romantische Entscheidung mit der Aufgabe, Charme und Wahrhaftigkeit auseinanderzuhalten, statt den angenehmeren Erzähler automatisch für glaubwürdiger zu halten.","Die Feindschaft beruht nicht auf einer falschen Universitätsangabe.","Eine Kinderehe mit Bridget (Renée Zellweger) wird nicht behauptet.","Daniel (Hugh Grant) vertauscht Täter- und Opferrolle in der Geschichte der Affäre.","Eine Tochter und ihre Vaterschaft bilden nicht diese Lüge.","Daniel (Hugh Grant) erzählt den Verrat so, dass er selbst unschuldig wirkt.","Auflösung","https://en.wikipedia.org/wiki/Bridget_Jones%27s_Diary|https://www.miramax.com/movie/bridget-joness-diary/","redaktionell_geprueft"
"ROM-S-014-V1","K-ROM-07-06","ROM-S-014","de","Film","Rom-Com","Bridget Jones – Schokolade zum Frühstück","Bridget Jones's Diary","2001","Bridget Jones","schwer","Handlung","Selbstbild|Dreiecksbeziehung|Beruf und Liebe","Rom-Coms|Bridget Jones|Hugh Grant","Mark geht hinaus, um Bridget ein neues Tagebuch zu kaufen.","„Bridget Jones – Schokolade zum Frühstück“ (2001): Was bedeutet das neue Tagebuch, das Mark Bridget am Ende überreicht?","Die Aufforderung, ihre Freunde öffentlich bloßzustellen","Ein Beweis, dass er ihre Wohnung nie betreten hat","Ein Auftrag, Daniels Biografie zu schreiben","Die Bereitschaft zu einem gemeinsamen Neuanfang","D","Mark (Colin Firth) verbindet das Geschenk mit einem Neuanfang.","Bridget (Renée Zellweger) vermutet zunächst, ihre früheren harten Urteile hätten Mark (Colin Firth) vertrieben. Sein Einkauf gibt dem Missverständnis eine freundlichere Wendung. Colin Firth spielt die zurückhaltende Zuneigung hier über eine konkrete Geste. Ein neues Buch löscht Vergangenes nicht wirklich aus, steht aber für die Bereitschaft, die Beziehung nach ihrem gegenwärtigen Stand statt nach alten Verletzungen zu beurteilen.","Er verlangt keine öffentliche Bloßstellung.","Das Geschenk beweist nicht seine Abwesenheit, sondern folgt seinem Besuch.","Eine Biografie Daniels (Hugh Grant) ist nicht sein Anliegen.","Mark (Colin Firth) verbindet das Geschenk mit einem Neuanfang.","Marks (Colin Firth) neues Tagebuch steht für einen gemeinsamen Anfang.","Auflösung","https://en.wikipedia.org/wiki/Bridget_Jones%27s_Diary|https://www.miramax.com/movie/bridget-joness-diary/","redaktionell_geprueft"
"ROM-L-021-V1","K-ROM-11-01","ROM-L-021","de","Film","Rom-Com","Liebe braucht keine Ferien","The Holiday","2006","","leicht","Handlung","Weihnachten|Neuanfang|Selbstachtung","Rom-Coms|Weihnachtsromanzen","Amanda und Iris vereinbaren einen Haustausch.","„Liebe braucht keine Ferien“ (2006): Wie kommt Iris ausgerechnet in Amandas Haus in Kalifornien?","Durch einen vereinbarten Haustausch","Durch einen Auftrag als Immobiliengutachterin","Durch eine gemeinsame Erbschaft","Durch einen gewonnenen Filmwettbewerb","A","Iris (Kate Winslet) und Amanda (Cameron Diaz) haben ihre Häuser für den Urlaub getauscht.","Amanda (Cameron Diaz) und Iris (Kate Winslet) wollen Abstand von enttäuschenden Beziehungen gewinnen. Der Haustausch macht diesen Wunsch räumlich sichtbar: Die vertraute Umgebung verschwindet, die eigenen Muster reisen jedoch mit. Cameron Diaz und Kate Winslet verkörpern dabei unterschiedliche Arten, Verletzung zu verarbeiten. Erst die Begegnungen am neuen Ort bringen beide dazu, auch ihr Verhalten und ihre Erwartungen zu verändern.","Iris (Kate Winslet) und Amanda (Cameron Diaz) haben ihre Häuser für den Urlaub getauscht.","Iris (Kate Winslet) arbeitet dort nicht als Gutachterin.","Eine Erbschaft verbindet sie nicht.","Ein Wettbewerb bringt sie nicht dorthin.","Neue Häuser eröffnen Amanda (Cameron Diaz) und Iris (Kate Winslet) neue Perspektiven.","Handlung","https://en.wikipedia.org/wiki/The_Holiday|https://www.sonypictures.com/movies/theholiday","redaktionell_geprueft"
"ROM-L-022-V1","K-ROM-11-02","ROM-L-022","de","Film","Rom-Com","Liebe braucht keine Ferien","The Holiday","2006","","leicht","Besetzung","Weihnachten|Neuanfang|Selbstachtung","Rom-Coms|Weihnachtsromanzen","Kate Winslet spielt Iris.","„Liebe braucht keine Ferien“ (2006): Welche Frau wird von Kate Winslet gespielt?","Maggie, die Freundin des Komponisten","Iris, die aus England nach Kalifornien reist","Sophie, eine von Grahams Töchtern","Amanda, die von Kalifornien nach England reist","B","Kate Winslet spielt Iris (Kate Winslet) Simpkins.","Iris (Kate Winslet) kann ihre Bindung an Jasper (Rufus Sewell) zunächst nicht lösen, obwohl sie unter ihr leidet. Kate Winslet zeigt das nicht nur als traurige Sehnsucht, sondern auch als Gewohnheit, die eigenen Bedürfnisse kleinzuhalten. In Kalifornien begegnet die Figur Menschen, die ihr anders zuhören. Die romantische Entwicklung hängt deshalb eng damit zusammen, wieder einen eigenen Standpunkt zu gewinnen.","Maggie wird von Shannyn Sossamon verkörpert.","Kate Winslet spielt Iris (Kate Winslet) Simpkins.","Sophie ist eine Kinderrolle, nicht Winslets Figur.","Amanda (Cameron Diaz) wird von Cameron Diaz gespielt.","Kate Winslets Iris (Kate Winslet) lernt, sich selbst ernst zu nehmen.","keine","https://en.wikipedia.org/wiki/The_Holiday|https://www.sonypictures.com/movies/theholiday","redaktionell_geprueft"
"ROM-M-021-V1","K-ROM-11-03","ROM-M-021","de","Film","Rom-Com","Liebe braucht keine Ferien","The Holiday","2006","","mittel","Beziehung","Weihnachten|Neuanfang|Selbstachtung","Rom-Coms|Weihnachtsromanzen","Graham ist Iris’ Bruder.","„Liebe braucht keine Ferien“ (2006): Warum gehört Graham schon vor dem Haustausch zum vertrauten Umfeld des englischen Hauses?","Es ist das Haus seiner Schwester Iris.","Es ist sein eigener heimlicher Ferienwohnsitz.","Er arbeitet dort als Haushälter.","Amanda hat ihn schon vor der Reise eingeladen.","A","Graham (Jude Law) ist Iris’ (Kate Winslet) Bruder.","Als Graham (Jude Law) im englischen Haus auftaucht, begegnet er dort unerwartet Amanda (Cameron Diaz). Die familiäre Verbindung zu Iris (Kate Winslet) erklärt seinen Zugang zu diesem privaten Ort. Jude Law spielt damit nicht einen zufälligen Ferienbekannten ohne Hintergrund. Sein Leben ist bereits in das Umfeld der abwesenden Schwester eingebunden, während Amanda erst allmählich entdeckt, was zu diesem Leben gehört.","Graham (Jude Law) ist Iris’ (Kate Winslet) Bruder.","Das Haus wird nicht als sein heimlicher Ferienwohnsitz eingeführt.","Er ist nicht der dort angestellte Haushälter.","Amanda (Cameron Diaz) lernt ihn erst nach ihrer Ankunft kennen.","Iris’ (Kate Winslet) Bruder Graham (Jude Law) begegnet ihrer Tauschpartnerin Amanda (Cameron Diaz).","Handlung","https://en.wikipedia.org/wiki/The_Holiday|https://www.sonypictures.com/movies/theholiday","redaktionell_geprueft"
"ROM-M-022-V1","K-ROM-11-04","ROM-M-022","de","Film","Rom-Com","Liebe braucht keine Ferien","The Holiday","2006","","mittel","Figur","Weihnachten|Neuanfang|Selbstachtung","Rom-Coms|Weihnachtsromanzen","Miles ist Filmkomponist.","„Liebe braucht keine Ferien“ (2006): Welche Arbeit verbindet den von Jack Black gespielten Miles mit der Filmwelt?","Das Schneiden von Kinotrailern als Amandas Firmenchef","Das Komponieren von Filmmusik","Das Übersetzen historischer Drehbücher","Das Entwerfen von Filmplakaten","B","Miles (Jack Black) arbeitet als Filmkomponist.","Iris (Kate Winslet) lernt Miles (Jack Black) in Amandas (Cameron Diaz) kalifornischem Umfeld kennen. Jack Black spielt seine Begeisterung für Filmmusik als Teil seiner Art, mit anderen in Kontakt zu kommen. Gemeinsames Interesse ersetzt hier die große Verführungsgeste. Für Iris entsteht dadurch eine Form von Nähe, in der sie nicht erst um Aufmerksamkeit kämpfen oder sich als besonders nützlich erweisen muss.","Die Trailerproduktion gehört zu Amandas (Cameron Diaz) Arbeit, nicht zu dieser Rollenbeschreibung.","Miles (Jack Black) arbeitet als Filmkomponist.","Er übersetzt nicht beruflich alte Drehbücher.","Plakatgestaltung ist nicht sein Beruf.","Miles (Jack Black) nähert sich Menschen auch über Filmmusik.","Handlung","https://en.wikipedia.org/wiki/The_Holiday|https://www.sonypictures.com/movies/theholiday","redaktionell_geprueft"
"ROM-S-021-V1","K-ROM-11-05","ROM-S-021","de","Film","Rom-Com","Liebe braucht keine Ferien","The Holiday","2006","","schwer","Handlung","Weihnachten|Neuanfang|Selbstachtung","Rom-Coms|Weihnachtsromanzen","Graham zieht nach dem Tod seiner Frau zwei Töchter auf.","„Liebe braucht keine Ferien“ (2006): Wie muss Amanda Grahams vermeintlich verborgenes Liebesleben neu einordnen?","Seine Zurückhaltung schützt den Alltag mit seinen zwei Töchtern.","Er betreut beruflich Kinder in einem Internat.","Er lebt unter falschem Namen als berühmter Schauspieler.","Er führt mehrere geheime Ehen in verschiedenen Städten.","A","Graham (Jude Law) ist verwitwet und vorsichtig mit neuen Beziehungen im Leben seiner Töchter.","Amanda (Cameron Diaz) hat Grahams (Jude Law) Privatleben zunächst falsch eingeordnet. Der Besuch zeigt einen Vater, der seine Kinder und sein Liebesleben vorsichtig voneinander trennt. Jude Laws Figur erhält damit ein anderes Gewicht als das eines unverbindlichen Flirts. Für Amanda stellt sich nun eine konkrete Frage: Ob sie Nähe auch dann zulassen kann, wenn sie Verantwortung und einen bestehenden Familienalltag einschließt.","Graham (Jude Law) ist verwitwet und vorsichtig mit neuen Beziehungen im Leben seiner Töchter.","Die Mädchen sind seine Töchter, keine Internatsschülerinnen.","Eine verborgene Schauspielkarriere erklärt ihn nicht.","Geheime Mehrfachehen werden nicht enthüllt.","Grahams (Jude Law) Zurückhaltung gehört zu seinem Leben als verwitweter Vater.","Handlung","https://en.wikipedia.org/wiki/The_Holiday|https://www.sonypictures.com/movies/theholiday","redaktionell_geprueft"
"ROM-S-022-V1","K-ROM-11-06","ROM-S-022","de","Film","Rom-Com","Liebe braucht keine Ferien","The Holiday","2006","","schwer","Figur","Weihnachten|Neuanfang|Selbstachtung","Rom-Coms|Weihnachtsromanzen","Arthur Abbott hilft Iris, ihr Selbstbild zu verändern.","„Liebe braucht keine Ferien“ (2006): Welche Begegnung hilft Iris, ihre eigene Rolle neu zu sehen und klassische Filmheldinnen kennenzulernen?","Eine erneute Verlobung mit Jasper","Die Freundschaft mit Drehbuchautor Arthur","Ein Schauspielkurs bei Amanda","Ein Bewerbungsgespräch bei Grahams Verlag","B","Arthur (Eli Wallach) empfiehlt Iris (Kate Winslet) Filme und ermutigt sie zu mehr Eigenständigkeit.","Arthur (Eli Wallach) erkennt, wie sehr Iris (Kate Winslet) ihre Energie in eine Beziehung steckt, in der sie wenig zurückbekommt. Eli Wallachs Figur bringt die Erfahrung des Geschichtenerzählers in das Gespräch ein. Seine Filmempfehlungen sind deshalb auch eine Einladung, andere Rollenbilder auszuprobieren. Die Freundschaft wirkt in beide Richtungen: Iris unterstützt ihn wiederum dabei, eine öffentliche Ehrung anzunehmen.","Jasper (Rufus Sewell) verlobt sich nicht erneut mit Iris (Kate Winslet).","Arthur (Eli Wallach) empfiehlt Iris (Kate Winslet) Filme und ermutigt sie zu mehr Eigenständigkeit.","Amanda (Cameron Diaz) leitet keinen solchen Schauspielkurs.","Ein Bewerbungsgespräch ist nicht der entscheidende Impuls.","Arthur (Eli Wallach) hilft Iris (Kate Winslet), aus der Nebenrolle herauszutreten.","Handlung","https://en.wikipedia.org/wiki/The_Holiday|https://www.sonypictures.com/movies/theholiday","redaktionell_geprueft"
"ROM-L-043-V1","K-ROM-22-01","ROM-L-043","de","Film","Rom-Com","Ein Herz und eine Krone","Roman Holiday","1953","","leicht","Besetzung","Pflicht und Liebe|Reise|Privatsphäre","Rom-Coms|Rom-Com-Klassiker","Audrey Hepburn spielt Prinzessin Ann.","„Ein Herz und eine Krone“ (1953): Welche Rolle verkörpert Audrey Hepburn?","Lehrerin Kate","Buchhändlerin Kathleen Kelly","Prinzessin Ann","Fotograf Irving Radovich","C","Audrey Hepburn spielt Prinzessin Ann (Audrey Hepburn).","Ann (Audrey Hepburn) erlebt ihre Reise zunächst als Folge fremd geplanter Pflichten. Audrey Hepburn verbindet höfische Disziplin mit dem spürbaren Wunsch nach gewöhnlichen Erfahrungen. Ein Haarschnitt oder eine Fahrt durch die Stadt erhalten dadurch eine Bedeutung, die sie für andere Menschen kaum hätten. Die Figur entdeckt nicht nur eine mögliche Liebe, sondern für kurze Zeit auch selbstbestimmten Alltag.","Kate ist die Figur von Meg Ryan in French Kiss.","Kathleen gehört zu E-m@il für Dich.","Audrey Hepburn spielt Prinzessin Ann (Audrey Hepburn).","Irving (Eddie Albert) ist der von Eddie Albert gespielte Fotograf.","Audrey Hepburns Prinzessin sucht einen Tag eigener Entscheidungen.","keine","https://en.wikipedia.org/wiki/Roman_Holiday|https://catalog.afi.com/Film/50997-ROMAN-HOLIDAY?cxt=filmography","redaktionell_geprueft"
"ROM-L-044-V1","K-ROM-22-02","ROM-L-044","de","Film","Rom-Com","Ein Herz und eine Krone","Roman Holiday","1953","","leicht","Schauplatz","Pflicht und Liebe|Reise|Privatsphäre","Rom-Coms|Rom-Com-Klassiker","Ann erkundet Rom.","„Ein Herz und eine Krone“ (1953): Welche Stadt verbindet Ann am Ende besonders mit ihrem privaten Ausbruch?","Berlin","Amsterdam","London","Rom","D","Rom ist der Ort ihres freien Tages mit Joe (Gregory Peck).","Ann (Audrey Hepburn) verlässt ihr offizielles Programm und erlebt Rom gemeinsam mit Joe (Gregory Peck). Die Stadt wird dabei nicht bloß als Hintergrund einer höfischen Reise gezeigt. Straßen, Plätze und kleine Alltagsentscheidungen ermöglichen Begegnungen außerhalb ihres geschützten Rahmens. Audrey Hepburn und Gregory Peck lassen die Nähe gerade dort wachsen, wo kein Protokoll vorgibt, was als Nächstes geschehen soll.","Berlin spielt nicht diese Rolle.","Amsterdam ist nicht der zentrale Schauplatz.","London ist nicht die Stadt dieses Abenteuers.","Rom ist der Ort ihres freien Tages mit Joe (Gregory Peck).","Rom gibt Ann (Audrey Hepburn) einen Alltag außerhalb des Protokolls.","Handlung","https://en.wikipedia.org/wiki/Roman_Holiday|https://catalog.afi.com/Film/50997-ROMAN-HOLIDAY?cxt=filmography","redaktionell_geprueft"
"ROM-M-043-V1","K-ROM-22-03","ROM-M-043","de","Film","Rom-Com","Ein Herz und eine Krone","Roman Holiday","1953","","mittel","Figur","Pflicht und Liebe|Reise|Privatsphäre","Rom-Coms|Rom-Com-Klassiker","Joe arbeitet als Journalist.","„Ein Herz und eine Krone“ (1953): Warum ist Joes anfängliches Interesse an Ann auch beruflich motiviert?","Als Diplomat will er ein geheimes Abkommen schließen.","Als Arzt will er eine neue Behandlung dokumentieren.","Als Reporter erkennt er die Chance auf eine Exklusivgeschichte.","Als Hotelier möchte er eine Staatsreise verkaufen.","C","Joe (Gregory Peck) erkennt als Journalist den Nachrichtenwert ihres heimlichen Ausflugs.","Joe (Gregory Peck) erkennt in Ann (Audrey Hepburn) zunächst auch die Möglichkeit einer außergewöhnlichen Geschichte. Gregory Peck spielt deshalb nicht von Anfang an den uneigennützigen Beschützer. Während er ihr einen freien Tag ermöglicht, verfügt er über Wissen, das sie nicht mit ihm teilt. Die entstehende Nähe stellt seine berufliche Absicht infrage und macht die Frage nach Vertrauen zum Kern der Romanze.","Ein diplomatisches Abkommen ist nicht sein Ziel.","Er behandelt Ann (Audrey Hepburn) nicht als Arzt.","Joe (Gregory Peck) erkennt als Journalist den Nachrichtenwert ihres heimlichen Ausflugs.","Er bietet keine Reise als Hotelier an.","Joes (Gregory Peck) verschwiegener Reporterberuf macht Vertrauen zur Bewährungsprobe.","Handlung","https://en.wikipedia.org/wiki/Roman_Holiday|https://catalog.afi.com/Film/50997-ROMAN-HOLIDAY?cxt=filmography","redaktionell_geprueft"
"ROM-M-044-V1","K-ROM-22-04","ROM-M-044","de","Film","Rom-Com","Ein Herz und eine Krone","Roman Holiday","1953","","mittel","Handlung","Pflicht und Liebe|Reise|Privatsphäre","Rom-Coms|Rom-Com-Klassiker","Die beiden fahren auf einer Vespa durch Rom.","„Ein Herz und eine Krone“ (1953): Welche Szene zeigt Ann auf einer Vespa statt in ihrem offiziellen Reiseablauf?","Ihre Flucht mit Irving aus einem Flugzeug","Ihre Ankunft auf einem Kreuzfahrtschiff","Ihre Rückkehr mit dem Hofstaat nach Wien","Ihre Fahrt mit Joe durch Rom","D","Die Vespa gehört zum gemeinsamen Stadtabenteuer mit Joe (Gregory Peck).","Die Fahrt löst Ann (Audrey Hepburn) sichtbar aus der kontrollierten Fortbewegung eines offiziellen Besuchs. Audrey Hepburns Figur nimmt plötzlich selbst am unübersichtlichen Stadtverkehr teil, während Joe (Gregory Peck) mit der ungeplanten Situation zurechtkommen muss. Das gemeinsame Missgeschick ist Teil ihrer Nähe. Romantische Vertrautheit wächst hier nicht aus einem perfekten Arrangement, sondern aus geteilter Freiheit und einer Portion Kontrollverlust.","Eine Flugzeugflucht wird damit nicht gezeigt.","Eine Kreuzfahrt ist nicht die zugehörige Situation.","Die Szene führt nicht nach Wien.","Die Vespa gehört zum gemeinsamen Stadtabenteuer mit Joe (Gregory Peck).","Anns (Audrey Hepburn) Vespa-Fahrt ersetzt das höfische Reiseprogramm durch Abenteuer.","Handlung","https://en.wikipedia.org/wiki/Roman_Holiday|https://catalog.afi.com/Film/50997-ROMAN-HOLIDAY?cxt=filmography","redaktionell_geprueft"
"ROM-S-043-V1","K-ROM-22-05","ROM-S-043","de","Film","Rom-Com","Ein Herz und eine Krone","Roman Holiday","1953","","schwer","Handlung","Pflicht und Liebe|Reise|Privatsphäre","Rom-Coms|Rom-Com-Klassiker","Joe veröffentlicht die erhoffte Enthüllung nicht.","„Ein Herz und eine Krone“ (1953): Woran zeigt Joe am Ende, dass Anns Vertrauen für ihn wichtiger als der journalistische Gewinn geworden ist?","Er übergibt seine Notizen heimlich einem Konkurrenzblatt.","Er fordert eine dauerhafte Akkreditierung als Gegenleistung.","Er verzichtet auf die Veröffentlichung der privaten Geschichte.","Er erhöht den Preis seiner exklusiven Reportage.","C","Joe (Gregory Peck) macht aus dem gemeinsam Erlebten keine bezahlte Enthüllung.","Joe (Gregory Peck) hat zunächst einen beruflichen Gewinn vor Augen, doch die gemeinsame Zeit mit Ann (Audrey Hepburn) verändert seine Entscheidung. Gregory Pecks Figur schützt am Ende etwas, das sich sehr gut verkaufen ließe. Der Verzicht gibt dem Vertrauen zwischen beiden eine konkrete Form. Gerade weil ihre Lebenswege nicht einfach zusammenpassen, wird dieses Handeln wichtiger als das Versprechen eines bequemen gemeinsamen Auswegs.","Er umgeht seine Entscheidung nicht durch ein Konkurrenzblatt.","Er verlangt keine Akkreditierung als Preis seines Schweigens.","Joe (Gregory Peck) macht aus dem gemeinsam Erlebten keine bezahlte Enthüllung.","Ein höherer Preis wäre gerade kein solcher Verzicht.","Joe (Gregory Peck) schützt Ann (Audrey Hepburn), indem er auf die große Geschichte verzichtet.","Auflösung","https://en.wikipedia.org/wiki/Roman_Holiday|https://catalog.afi.com/Film/50997-ROMAN-HOLIDAY?cxt=filmography","redaktionell_geprueft"
"ROM-S-044-V1","K-ROM-22-06","ROM-S-044","de","Film","Rom-Com","Ein Herz und eine Krone","Roman Holiday","1953","","schwer","Handlung","Pflicht und Liebe|Reise|Privatsphäre","Rom-Coms|Rom-Com-Klassiker","Irving überreicht Ann die entstandenen Fotos.","„Ein Herz und eine Krone“ (1953): Wie verändert sich die Funktion von Irvings Fotos am Ende?","Aus Pressebildern werden gefälschte Ausweisdokumente.","Aus privaten Bildern wird eine öffentliche Werbekampagne.","Aus Urlaubsszenen werden Beweismittel gegen Joe.","Aus möglichem Reportagematerial wird eine Erinnerung für Ann.","D","Irving (Eddie Albert) übergibt die Bilder Ann (Audrey Hepburn) persönlich.","Irving (Eddie Albert) hatte den Ausflug fotografisch begleitet und damit Material für eine mögliche Sensation gesammelt. Eddie Alberts Figur übergibt die Bilder schließlich Ann (Audrey Hepburn) selbst. Aus journalistischer Beute wird eine Erinnerung, über die sie verfügen darf. Die Geste ergänzt Joes (Gregory Peck) Verzicht und erlaubt einen stillen Austausch mitten in einer Veranstaltung, deren höfliche Form kaum Raum für persönliche Worte lässt.","Die Fotos dienen nicht der Dokumentenfälschung.","Eine Werbekampagne entsteht daraus nicht.","Sie werden nicht zu Beweismitteln gegen Joe (Gregory Peck).","Irving (Eddie Albert) übergibt die Bilder Ann (Audrey Hepburn) persönlich.","Irving (Eddie Albert) macht aus möglichen Enthüllungsbildern Anns (Audrey Hepburn) Erinnerung.","Auflösung","https://en.wikipedia.org/wiki/Roman_Holiday|https://catalog.afi.com/Film/50997-ROMAN-HOLIDAY?cxt=filmography","redaktionell_geprueft"
