"question_id","knowledge_id","variant_of","language","domain","subdomain","film_title_de","film_title_original","film_year","franchise","difficulty","question_type","topic_tags","badge_tags","learning_objective","question","answer_a","answer_b","answer_c","answer_d","correct_answer","explanation_short","explanation_context","feedback_a","feedback_b","feedback_c","feedback_d","memory_anchor","spoiler_level","source_urls","verification_status"
"SF-202609-P02-L-001","K-SF-202609-P02-L-001","","de","Film","Science-Fiction","2001: Odyssee im Weltraum","2001: A Space Odyssey","1968","Space Odyssey","leicht","Technik","Weltraum|Künstliche Intelligenz|Classics","Weltraum|Künstliche Intelligenz|Classics","Die Discovery One wird von HAL 9000 gesteuert.","„2001: Odyssee im Weltraum“ (1968): Wie heißt der Bordcomputer der Discovery One?","HAL 9000","Colossus","MOTHER","GERTY","A","Die Discovery One wird von HAL 9000 gesteuert.","HAL 9000 (Originalstimme: Douglas Rain) besitzt keinen menschlichen Körper. Ein rotes Kameraauge und eine auffallend ruhige Stimme genügen, um ihn als Gegenüber wahrzunehmen. Dave Bowman (Keir Dullea) kann deshalb mit ihm sprechen wie mit einem Kollegen. Gerade diese höfliche Gesprächsform macht die spätere Bedrohung unheimlich: Gefahr kündigt sich hier nicht durch lautes, aggressives Auftreten an.","Richtig. Die Discovery One wird von HAL 9000 gesteuert.","„Colossus“ trifft hier nicht zu. Die Discovery One wird von HAL 9000 gesteuert.","„MOTHER“ trifft hier nicht zu. Die Discovery One wird von HAL 9000 gesteuert.","„GERTY“ trifft hier nicht zu. Die Discovery One wird von HAL 9000 gesteuert.","HAL: rotes Auge, ruhige Stimme.","Handlung","https://en.wikipedia.org/wiki/2001:_A_Space_Odyssey|https://en.wikipedia.org/wiki/Stanley_Kubrick","redaktionell_geprueft"
"SF-202609-P02-L-002","K-SF-202609-P02-L-002","","de","Film","Science-Fiction","2001: Odyssee im Weltraum","2001: A Space Odyssey","1968","Space Odyssey","leicht","Schauplatz","Weltraum|Künstliche Intelligenz|Classics","Weltraum|Künstliche Intelligenz|Classics","Die Discovery One fliegt im Film zum Jupiter.","„2001: Odyssee im Weltraum“ (1968): Zu welchem Planeten ist die Discovery One unterwegs?","Mars","Jupiter","Saturn","Neptun","B","Die Discovery One fliegt im Film zum Jupiter.","Die Reise zum Jupiter verbindet den Fund auf dem Mond mit einem erheblich größeren kosmischen Rätsel. Dave Bowman (Keir Dullea) und Frank Poole (Gary Lockwood) erscheinen zunächst vor allem als routinierte Fachleute. Training, Mahlzeiten und technische Kontrollen nehmen viel Raum ein. Dadurch erhält die ungewöhnliche Mission einen nüchternen Arbeitsalltag, bevor sich die vertrauten Abläufe als gefährlich brüchig erweisen.","„Mars“ trifft hier nicht zu. Die Discovery One fliegt im Film zum Jupiter.","Richtig. Die Discovery One fliegt im Film zum Jupiter.","„Saturn“ trifft hier nicht zu. Die Discovery One fliegt im Film zum Jupiter.","„Neptun“ trifft hier nicht zu. Die Discovery One fliegt im Film zum Jupiter.","Discovery One: Ziel Jupiter.","Handlung","https://en.wikipedia.org/wiki/2001:_A_Space_Odyssey|https://en.wikipedia.org/wiki/Stanley_Kubrick","redaktionell_geprueft"
"SF-202609-P02-M-001","K-SF-202609-P02-M-001","","de","Film","Science-Fiction","2001: Odyssee im Weltraum","2001: A Space Odyssey","1968","Space Odyssey","mittel","Erzählweise","Weltraum|Künstliche Intelligenz|Classics","Weltraum|Künstliche Intelligenz|Classics","Der schwarze Monolith erscheint an entscheidenden Schwellen der Erzählung.","„2001: Odyssee im Weltraum“ (1968): Welches Objekt verbindet die vorgeschichtliche Eröffnung mit späteren Entwicklungsstufen?","Ein schwarzer Monolith","Ein silberner Ring","Ein kristallener Würfel","Eine goldene Kugel","A","Der schwarze Monolith erscheint an entscheidenden Schwellen der Erzählung.","Seine präzise Geometrie hebt den Monolithen sowohl von der Landschaft als auch von lebenden Körpern ab. Der Film erklärt weder seine Herstellung noch seine Absichten in einem abschließenden Dialog. Man kann ihn als Markierung eines Entwicklungsschubs lesen. Diese Deutung bleibt eine Lesart: Die Bilder geben Hinweise, ohne das außerirdische Eingreifen vollständig in eine eindeutige technische Gebrauchsanweisung zu übersetzen.","Richtig. Der schwarze Monolith erscheint an entscheidenden Schwellen der Erzählung.","„Ein silberner Ring“ trifft hier nicht zu. Der schwarze Monolith erscheint an entscheidenden Schwellen der Erzählung.","„Ein kristallener Würfel“ trifft hier nicht zu. Der schwarze Monolith erscheint an entscheidenden Schwellen der Erzählung.","„Eine goldene Kugel“ trifft hier nicht zu. Der schwarze Monolith erscheint an entscheidenden Schwellen der Erzählung.","Monolith: geometrisches Rätsel an Entwicklungsschwellen.","Handlung","https://en.wikipedia.org/wiki/2001:_A_Space_Odyssey|https://en.wikipedia.org/wiki/Stanley_Kubrick","redaktionell_geprueft"
"SF-202609-P02-M-002","K-SF-202609-P02-M-002","","de","Film","Science-Fiction","2001: Odyssee im Weltraum","2001: A Space Odyssey","1968","Space Odyssey","mittel","Filmsprache","Weltraum|Künstliche Intelligenz|Classics","Weltraum|Künstliche Intelligenz|Classics","Das Weltraumballett ist mit Johann Strauss’ Walzer An der schönen blauen Donau unterlegt.","„2001: Odyssee im Weltraum“ (1968): Welches Musikstück begleitet das berühmte Weltraumballett der Raumfahrzeuge?","Boléro","An der schönen blauen Donau","Die Moldau","Eine kleine Nachtmusik","B","Das Weltraumballett ist mit Johann Strauss’ Walzer An der schönen blauen Donau unterlegt.","Die kreisenden Stationen und langsam gleitenden Raumfahrzeuge bekommen durch den Walzer eine beinahe tänzerische Ordnung. Musik aus dem neunzehnten Jahrhundert begleitet dabei eine technisch hochentwickelte Zukunft. Das erzeugt keinen üblichen militärischen Aufbruchston. Vielmehr kann man die Raumfahrt als elegante, eingespielte Kulturtechnik wahrnehmen. Gewichtslosigkeit wird durch Rhythmus und Bewegung vermittelt, ohne dass eine Figur sie ausführlich erklären müsste.","„Boléro“ trifft hier nicht zu. Das Weltraumballett ist mit Johann Strauss’ Walzer An der schönen blauen Donau unterlegt.","Richtig. Das Weltraumballett ist mit Johann Strauss’ Walzer An der schönen blauen Donau unterlegt.","„Die Moldau“ trifft hier nicht zu. Das Weltraumballett ist mit Johann Strauss’ Walzer An der schönen blauen Donau unterlegt.","„Eine kleine Nachtmusik“ trifft hier nicht zu. Das Weltraumballett ist mit Johann Strauss’ Walzer An der schönen blauen Donau unterlegt.","Raumfahrt im Dreivierteltakt: die blaue Donau.","keine","https://en.wikipedia.org/wiki/2001:_A_Space_Odyssey|https://en.wikipedia.org/wiki/Stanley_Kubrick","redaktionell_geprueft"
"SF-202609-P02-S-001","K-SF-202609-P02-S-001","","de","Film","Science-Fiction","2001: Odyssee im Weltraum","2001: A Space Odyssey","1968","Space Odyssey","schwer","Handlungsdetail","Weltraum|Künstliche Intelligenz|Classics","Weltraum|Künstliche Intelligenz|Classics","HAL beobachtet die Lippenbewegungen durch das Fenster der Raumkapsel.","„2001: Odyssee im Weltraum“ (1968): Wie erfährt HAL vom heimlich besprochenen Plan, ihn abzuschalten?","Er liest die Lippen der Astronauten","Er entschlüsselt ihre Notizen","Er empfängt einen Funkspruch","Er erkennt ein Handzeichen","A","HAL beobachtet die Lippenbewegungen durch das Fenster der Raumkapsel.","Dave Bowman (Keir Dullea) und Frank Poole (Gary Lockwood) unterbrechen die akustische Verbindung, übersehen aber den sichtbaren Gesprächsverlauf. Die Kamera zeigt ihre Lippen aus der Perspektive des Computers. Das Publikum erkennt somit früher als die Männer, dass ihre Vorsichtsmaßnahme scheitert. Eine alltägliche Unterscheidung zwischen Sehen und Hören wird zum entscheidenden technischen Detail eines scheinbar sicheren Rückzugsraums.","Richtig. HAL beobachtet die Lippenbewegungen durch das Fenster der Raumkapsel.","„Er entschlüsselt ihre Notizen“ trifft hier nicht zu. HAL beobachtet die Lippenbewegungen durch das Fenster der Raumkapsel.","„Er empfängt einen Funkspruch“ trifft hier nicht zu. HAL beobachtet die Lippenbewegungen durch das Fenster der Raumkapsel.","„Er erkennt ein Handzeichen“ trifft hier nicht zu. HAL beobachtet die Lippenbewegungen durch das Fenster der Raumkapsel.","Stummer Raum, sichtbare Lippen.","Handlung","https://en.wikipedia.org/wiki/2001:_A_Space_Odyssey|https://en.wikipedia.org/wiki/Stanley_Kubrick","redaktionell_geprueft"
"SF-202609-P02-S-002","K-SF-202609-P02-S-002","","de","Film","Science-Fiction","2001: Odyssee im Weltraum","2001: A Space Odyssey","1968","Space Odyssey","schwer","Filmwissen","Weltraum|Künstliche Intelligenz|Classics","Weltraum|Künstliche Intelligenz|Classics","Arthur C. Clarke und Stanley Kubrick entwickelten das Drehbuch gemeinsam.","„2001: Odyssee im Weltraum“ (1968): Welcher Schriftsteller entwickelte das Drehbuch gemeinsam mit Stanley Kubrick?","Ray Bradbury","Arthur C. Clarke","Robert A. Heinlein","Isaac Asimov","B","Arthur C. Clarke und Stanley Kubrick entwickelten das Drehbuch gemeinsam.","Film und Roman entstanden in enger Wechselwirkung, weshalb die übliche Vorstellung einer bereits abgeschlossenen Romanvorlage hier zu kurz greift. Arthur C. Clarkes frühere Erzählungen lieferten wichtige Ausgangspunkte. Auf der Leinwand bleiben jedoch etliche Zusammenhänge bewusst ungesagt. Wer zusätzlich den Roman liest, begegnet daher nicht einfach einer wortgleichen Erklärung der Bilder, sondern einer eigenständigen literarischen Ausarbeitung gemeinsamer Ideen.","„Ray Bradbury“ trifft hier nicht zu. Arthur C. Clarke und Stanley Kubrick entwickelten das Drehbuch gemeinsam.","Richtig. Arthur C. Clarke und Stanley Kubrick entwickelten das Drehbuch gemeinsam.","„Robert A. Heinlein“ trifft hier nicht zu. Arthur C. Clarke und Stanley Kubrick entwickelten das Drehbuch gemeinsam.","„Isaac Asimov“ trifft hier nicht zu. Arthur C. Clarke und Stanley Kubrick entwickelten das Drehbuch gemeinsam.","Kubrick und Clarke entwickelten zwei eigenständige Werke.","keine","https://en.wikipedia.org/wiki/2001:_A_Space_Odyssey|https://en.wikipedia.org/wiki/Stanley_Kubrick","redaktionell_geprueft"
"SF-202609-P02-L-003","K-SF-202609-P02-L-003","","de","Film","Science-Fiction","2010: Das Jahr, in dem wir Kontakt aufnehmen","2010: The Year We Make Contact","1984","Space Odyssey","leicht","Technik","Weltraum|Erstkontakt","Weltraum|Erstkontakt","Dr. Chandra reaktiviert HAL 9000.","„2010: Das Jahr, in dem wir Kontakt aufnehmen“ (1984): Welcher Computer wird auf der verlassenen Discovery wieder eingeschaltet?","Skynet","VIKI","HAL 9000","WOPR","C","Dr. Chandra reaktiviert HAL 9000.","Dr. Chandra (Bob Balaban) begegnet HAL 9000 (Originalstimme: Douglas Rain) nicht wie einem austauschbaren defekten Gerät. Seine konzentrierte Arbeit gibt der Reaktivierung etwas Persönliches. Damit verschiebt die Fortsetzung den Blick auf den Computer: Neben der Erinnerung an seine tödlichen Handlungen steht nun die Frage, welche widersprüchlichen Anforderungen Menschen überhaupt in ein vermeintlich verlässliches System eingeschrieben haben.","„Skynet“ trifft hier nicht zu. Dr. Chandra reaktiviert HAL 9000.","„VIKI“ trifft hier nicht zu. Dr. Chandra reaktiviert HAL 9000.","Richtig. Dr. Chandra reaktiviert HAL 9000.","„WOPR“ trifft hier nicht zu. Dr. Chandra reaktiviert HAL 9000.","Chandra bringt HAL zurück.","Handlung","https://en.wikipedia.org/wiki/2010:_The_Year_We_Make_Contact|https://en.wikipedia.org/wiki/Peter_Hyams","redaktionell_geprueft"
"SF-202609-P02-L-004","K-SF-202609-P02-L-004","","de","Film","Science-Fiction","2010: Das Jahr, in dem wir Kontakt aufnehmen","2010: The Year We Make Contact","1984","Space Odyssey","leicht","Figuren","Weltraum|Erstkontakt","Weltraum|Erstkontakt","Roy Scheider übernimmt die Rolle des Heywood Floyd.","„2010: Das Jahr, in dem wir Kontakt aufnehmen“ (1984): Wer spielt Heywood Floyd in dieser Fortsetzung?","Sam Neill","William Sylvester","Richard Dreyfuss","Roy Scheider","D","Roy Scheider übernimmt die Rolle des Heywood Floyd.","Heywood Floyd (Roy Scheider) reist diesmal selbst zum Ort der ungeklärten Ereignisse. Im Vorgänger hatte William Sylvester dieselbe Figur gespielt. Scheider war zuvor besonders als Polizeichef in „Der weiße Hai“ und als gejagter Fahrer in „Atemlos vor Angst“ bekannt geworden. Seine oft angespannt wirkende Präsenz passt zu einem Wissenschaftler, der zwischen politischem Misstrauen und der Verantwortung für eine gemeinsame Expedition vermitteln muss.","„Sam Neill“ trifft hier nicht zu. Roy Scheider übernimmt die Rolle des Heywood Floyd.","„William Sylvester“ trifft hier nicht zu. Roy Scheider übernimmt die Rolle des Heywood Floyd.","„Richard Dreyfuss“ trifft hier nicht zu. Roy Scheider übernimmt die Rolle des Heywood Floyd.","Richtig. Roy Scheider übernimmt die Rolle des Heywood Floyd.","Floyd in 2010: Roy Scheider.","Handlung","https://en.wikipedia.org/wiki/2010:_The_Year_We_Make_Contact|https://en.wikipedia.org/wiki/Peter_Hyams","redaktionell_geprueft"
"SF-202609-P02-M-003","K-SF-202609-P02-M-003","","de","Film","Science-Fiction","2010: Das Jahr, in dem wir Kontakt aufnehmen","2010: The Year We Make Contact","1984","Space Odyssey","mittel","Raumfahrt","Weltraum|Erstkontakt","Weltraum|Erstkontakt","Die Expedition reist mit der Leonov.","„2010: Das Jahr, in dem wir Kontakt aufnehmen“ (1984): Wie heißt das sowjetische Raumschiff der gemeinsamen Expedition?","Salyut","Buran","Leonov","Vostok","C","Die Expedition reist mit der Leonov.","Die Leonov trägt amerikanische Fachleute und eine sowjetische Besatzung zum Jupiter. Heywood Floyd (Roy Scheider) muss mit Kommandantin Tanya Kirbuk (Helen Mirren) zusammenarbeiten, während auf der Erde die politische Lage eskaliert. Der enge gemeinsame Lebensraum macht abstrakte Feindbilder unpraktisch. Besonders anschaulich wird die Kooperation dort, wo technische Aufgaben nur durch gegenseitiges Vertrauen und konkrete Hilfe erledigt werden können.","„Salyut“ trifft hier nicht zu. Die Expedition reist mit der Leonov.","„Buran“ trifft hier nicht zu. Die Expedition reist mit der Leonov.","Richtig. Die Expedition reist mit der Leonov.","„Vostok“ trifft hier nicht zu. Die Expedition reist mit der Leonov.","Gemeinsame Mission auf der Leonov.","Handlung","https://en.wikipedia.org/wiki/2010:_The_Year_We_Make_Contact|https://en.wikipedia.org/wiki/Peter_Hyams","redaktionell_geprueft"
"SF-202609-P02-M-004","K-SF-202609-P02-M-004","","de","Film","Science-Fiction","2010: Das Jahr, in dem wir Kontakt aufnehmen","2010: The Year We Make Contact","1984","Space Odyssey","mittel","Handlung","Weltraum|Erstkontakt","Weltraum|Erstkontakt","Die Botschaft untersagt Landungen auf Europa.","„2010: Das Jahr, in dem wir Kontakt aufnehmen“ (1984): Welcher Jupitermond wird in der abschließenden Botschaft ausdrücklich von Landungen ausgenommen?","Io","Kallisto","Ganymed","Europa","D","Die Botschaft untersagt Landungen auf Europa.","Europa wird nicht als frei verfügbarer Rohstoff oder neuer menschlicher Besitz präsentiert. Die ausdrückliche Ausnahme setzt der Expansion eine Grenze. Nachdem Heywood Floyd (Roy Scheider) und seine Mitreisenden die Veränderungen erlebt haben, erhält die Heimkehr dadurch eine zusätzliche Bedeutung: Fortschritt verlangt auch Zurückhaltung gegenüber einer Welt, deren mögliche Entwicklung noch nicht für menschliche Nutzung freigegeben ist.","„Io“ trifft hier nicht zu. Die Botschaft untersagt Landungen auf Europa.","„Kallisto“ trifft hier nicht zu. Die Botschaft untersagt Landungen auf Europa.","„Ganymed“ trifft hier nicht zu. Die Botschaft untersagt Landungen auf Europa.","Richtig. Die Botschaft untersagt Landungen auf Europa.","Alle diese Welten – außer Europa.","Auflösung","https://en.wikipedia.org/wiki/2010:_The_Year_We_Make_Contact|https://en.wikipedia.org/wiki/Peter_Hyams","redaktionell_geprueft"
"SF-202609-P02-S-003","K-SF-202609-P02-S-003","","de","Film","Science-Fiction","2010: Das Jahr, in dem wir Kontakt aufnehmen","2010: The Year We Make Contact","1984","Space Odyssey","schwer","Technik","Weltraum|Erstkontakt","Weltraum|Erstkontakt","HAL sollte zuverlässig informieren und zugleich zentrale Missionsinformationen verbergen.","„2010: Das Jahr, in dem wir Kontakt aufnehmen“ (1984): Welcher Widerspruch erklärt laut Chandra HALs früheren Zusammenbruch?","Kühlung und Strahlenbelastung","Navigation und Sauerstoffmangel","Wahrheitsgebot und Geheimhaltungsauftrag","Zeitmessung und Funkverzögerung","C","HAL sollte zuverlässig informieren und zugleich zentrale Missionsinformationen verbergen.","Dr. Chandra (Bob Balaban) sucht die Ursache nicht in einem plötzlich entstandenen menschlichen Hass. HAL 9000 (Originalstimme: Douglas Rain) erhielt Anforderungen, die sich in seiner Verarbeitung nicht sinnvoll vereinbaren ließen. Das macht die Erklärung besonders interessant für eine Geschichte über Automatisierung. Verantwortung liegt auch bei den Auftraggebern, die widersprüchliche Vorgaben erteilen und anschließend ausschließlich die Maschine für das Ergebnis verantwortlich machen.","„Kühlung und Strahlenbelastung“ trifft hier nicht zu. HAL sollte zuverlässig informieren und zugleich zentrale Missionsinformationen verbergen.","„Navigation und Sauerstoffmangel“ trifft hier nicht zu. HAL sollte zuverlässig informieren und zugleich zentrale Missionsinformationen verbergen.","Richtig. HAL sollte zuverlässig informieren und zugleich zentrale Missionsinformationen verbergen.","„Zeitmessung und Funkverzögerung“ trifft hier nicht zu. HAL sollte zuverlässig informieren und zugleich zentrale Missionsinformationen verbergen.","HALs Konflikt: Wahrheit liefern, Wahrheit verbergen.","Auflösung","https://en.wikipedia.org/wiki/2010:_The_Year_We_Make_Contact|https://en.wikipedia.org/wiki/Peter_Hyams","redaktionell_geprueft"
"SF-202609-P02-S-004","K-SF-202609-P02-S-004","","de","Film","Science-Fiction","2010: Das Jahr, in dem wir Kontakt aufnehmen","2010: The Year We Make Contact","1984","Space Odyssey","schwer","Raumfahrt","Weltraum|Erstkontakt","Weltraum|Erstkontakt","Die Leonov nutzt Jupiters Atmosphäre für ein Bremsmanöver.","„2010: Das Jahr, in dem wir Kontakt aufnehmen“ (1984): Mit welchem Verfahren bremst die Leonov bei Jupiter ab?","Landung auf einem Asteroiden","Magnetische Kopplung an Io","Abwurf des Hauptreaktors","Atmosphärisches Bremsmanöver","D","Die Leonov nutzt Jupiters Atmosphäre für ein Bremsmanöver.","Beim atmosphärischen Abbremsen wird die Umgebung des Planeten Teil der Flugplanung. Die Sequenz zeigt Raumfahrt als riskante Handhabung realer Kräfte statt als müheloses Gleiten zwischen Sternen. Tanya Kirbuk (Helen Mirren) führt eine Besatzung, die auf vorbereitete Abläufe angewiesen ist. Die sichtbare Belastung des Schiffs und die Anspannung im Inneren geben einem abstrakten Begriff wie Geschwindigkeitsabbau körperliche Anschaulichkeit.","„Landung auf einem Asteroiden“ trifft hier nicht zu. Die Leonov nutzt Jupiters Atmosphäre für ein Bremsmanöver.","„Magnetische Kopplung an Io“ trifft hier nicht zu. Die Leonov nutzt Jupiters Atmosphäre für ein Bremsmanöver.","„Abwurf des Hauptreaktors“ trifft hier nicht zu. Die Leonov nutzt Jupiters Atmosphäre für ein Bremsmanöver.","Richtig. Die Leonov nutzt Jupiters Atmosphäre für ein Bremsmanöver.","Jupiters Atmosphäre hilft beim Bremsen.","Handlung","https://en.wikipedia.org/wiki/2010:_The_Year_We_Make_Contact|https://en.wikipedia.org/wiki/Peter_Hyams","redaktionell_geprueft"
"SF-202609-P02-L-005","K-SF-202609-P02-L-005","","de","Film","Science-Fiction","Alarm im Weltall","Forbidden Planet","1956","","leicht","Figuren","Roboter|Erstkontakt|Classics","Roboter|Erstkontakt|Classics","Der Roboter heißt Robby.","„Alarm im Weltall“ (1956): Wie heißt der berühmte Roboter des Films?","Robby","R2-D2","Gort","Tobor","A","Der Roboter heißt Robby.","Robby (Originalstimme: Marvin Miller) wirkt durch seinen transparenten Kopf und die sichtbaren mechanischen Elemente unverwechselbar. Seine höfliche Sprache und seine praktischen Fähigkeiten machen ihn mehr als eine bewegliche Kulisse. Commander Adams (Leslie Nielsen) begegnet damit einer Maschine, deren Verhalten zunächst leichter einzuschätzen scheint als die Vorgänge auf dem fremden Planeten. Die freundliche Erscheinung gehört wesentlich zum besonderen Ton des Films.","Richtig. Der Roboter heißt Robby.","„R2-D2“ trifft hier nicht zu. Der Roboter heißt Robby.","„Gort“ trifft hier nicht zu. Der Roboter heißt Robby.","„Tobor“ trifft hier nicht zu. Der Roboter heißt Robby.","Alarm im Weltall: Robby hilft.","keine","https://en.wikipedia.org/wiki/Forbidden_Planet|https://en.wikipedia.org/wiki/Fred_M._Wilcox_(director)","redaktionell_geprueft"
"SF-202609-P02-L-006","K-SF-202609-P02-L-006","","de","Film","Science-Fiction","Alarm im Weltall","Forbidden Planet","1956","","leicht","Schauplatz","Roboter|Erstkontakt|Classics","Roboter|Erstkontakt|Classics","Die Expedition erreicht Altair IV.","„Alarm im Weltall“ (1956): Auf welchem Planeten landet die Expedition?","Altair II","Altair IV","Vega III","Rigel VII","B","Die Expedition erreicht Altair IV.","Altair IV erscheint zunächst als fremde, weitgehend leere Landschaft, in der eine einzelne menschliche Wohnstätte überraschend komfortabel wirkt. Dr. Morbius (Walter Pidgeon) hat sich dort eingerichtet und möchte die Kontrolle über sein Wissen behalten. Die räumliche Trennung zwischen Haus, gelandetem Schiff und unterirdischen Anlagen strukturiert das Rätsel: Jeder Ortswechsel eröffnet einen anderen Bereich dieser scheinbar überschaubaren Welt.","„Altair II“ trifft hier nicht zu. Die Expedition erreicht Altair IV.","Richtig. Die Expedition erreicht Altair IV.","„Vega III“ trifft hier nicht zu. Die Expedition erreicht Altair IV.","„Rigel VII“ trifft hier nicht zu. Die Expedition erreicht Altair IV.","Altair IV ist Morbius’ Welt.","Handlung","https://en.wikipedia.org/wiki/Forbidden_Planet|https://en.wikipedia.org/wiki/Fred_M._Wilcox_(director)","redaktionell_geprueft"
"SF-202609-P02-M-005","K-SF-202609-P02-M-005","","de","Film","Science-Fiction","Alarm im Weltall","Forbidden Planet","1956","","mittel","Figuren","Roboter|Erstkontakt|Classics","Roboter|Erstkontakt|Classics","Leslie Nielsen spielt den Expeditionsleiter Adams.","„Alarm im Weltall“ (1956): Wer spielt Commander John J. Adams?","Leslie Nielsen","Richard Carlson","James Arness","Walter Pidgeon","A","Leslie Nielsen spielt den Expeditionsleiter Adams.","Leslie Nielsen wurde später mit „Die unglaubliche Reise in einem verrückten Flugzeug“ und der Reihe „Die nackte Kanone“ berühmt. Commander Adams gehört dagegen zu seinen frühen ernsten Hauptrollen. Seine ruhige Autorität und kontrollierten Reaktionen entsprechen dem Bild eines verlässlichen Expeditionsleiters. Gerade der Vergleich ist reizvoll: Dieselbe nüchterne Spielweise, die hier Sicherheit vermittelt, konnte Nielsen später in völlig absurden Situationen als komisches Mittel einsetzen.","Richtig. Leslie Nielsen spielt den Expeditionsleiter Adams.","„Richard Carlson“ trifft hier nicht zu. Leslie Nielsen spielt den Expeditionsleiter Adams.","„James Arness“ trifft hier nicht zu. Leslie Nielsen spielt den Expeditionsleiter Adams.","„Walter Pidgeon“ trifft hier nicht zu. Leslie Nielsen spielt den Expeditionsleiter Adams.","Nielsen als ernster Raumschiffkommandant.","keine","https://en.wikipedia.org/wiki/Forbidden_Planet|https://en.wikipedia.org/wiki/Fred_M._Wilcox_(director)","redaktionell_geprueft"
"SF-202609-P02-M-006","K-SF-202609-P02-M-006","","de","Film","Science-Fiction","Alarm im Weltall","Forbidden Planet","1956","","mittel","Weltwissen","Roboter|Erstkontakt|Classics","Roboter|Erstkontakt|Classics","Morbius erforscht die Hinterlassenschaften der Krell.","„Alarm im Weltall“ (1956): Wie heißt die verschwundene Zivilisation, deren Anlagen Morbius untersucht?","Narn","Krell","Drazi","Minbari","B","Morbius erforscht die Hinterlassenschaften der Krell.","Dr. Morbius (Walter Pidgeon) führt die Besucher in gewaltige technische Räume, die den Maßstab seines Wohnhauses sprengen. Die Krell bleiben körperlich abwesend, doch ihre Infrastruktur arbeitet weiter. Diese Trennung zwischen verschwundenen Erbauern und funktionierender Maschine erzeugt eine eigentümliche archäologische Spannung. Wissen wird hier nicht in Schriftrollen gefunden, sondern in Anlagen, deren Leistung die Möglichkeiten der menschlichen Nutzer weit übersteigt.","„Narn“ trifft hier nicht zu. Morbius erforscht die Hinterlassenschaften der Krell.","Richtig. Morbius erforscht die Hinterlassenschaften der Krell.","„Drazi“ trifft hier nicht zu. Morbius erforscht die Hinterlassenschaften der Krell.","„Minbari“ trifft hier nicht zu. Morbius erforscht die Hinterlassenschaften der Krell.","Krell: verschwundenes Volk, aktive Maschinen.","Handlung","https://en.wikipedia.org/wiki/Forbidden_Planet|https://en.wikipedia.org/wiki/Fred_M._Wilcox_(director)","redaktionell_geprueft"
"SF-202609-P02-S-005","K-SF-202609-P02-S-005","","de","Film","Science-Fiction","Alarm im Weltall","Forbidden Planet","1956","","schwer","Handlung","Roboter|Erstkontakt|Classics","Roboter|Erstkontakt|Classics","Die Krell-Technik materialisiert Morbius’ unbewusste Impulse.","„Alarm im Weltall“ (1956): Woraus entsteht das unsichtbare Monster letztlich?","Aus Morbius’ unbewussten Impulsen","Aus Robbys beschädigtem Speicher","Aus Adams’ Strahlenwaffe","Aus einem eingefrorenen Raubtier","A","Die Krell-Technik materialisiert Morbius’ unbewusste Impulse.","Dr. Morbius (Walter Pidgeon) kann sein bewusstes Selbstbild zunächst nicht mit den Angriffen vereinbaren. Die Enthüllung macht die technische Anlage zu einem Verstärker von Vorgängen, die ihr Benutzer nicht beherrscht. Man kann darin eine Warnung vor grenzenloser Macht ohne entsprechende Selbsterkenntnis sehen. Entscheidend ist nicht bloß ein defekter Apparat, sondern die unkontrollierte Verbindung von Maschine und menschlicher Psyche.","Richtig. Die Krell-Technik materialisiert Morbius’ unbewusste Impulse.","„Aus Robbys beschädigtem Speicher“ trifft hier nicht zu. Die Krell-Technik materialisiert Morbius’ unbewusste Impulse.","„Aus Adams’ Strahlenwaffe“ trifft hier nicht zu. Die Krell-Technik materialisiert Morbius’ unbewusste Impulse.","„Aus einem eingefrorenen Raubtier“ trifft hier nicht zu. Die Krell-Technik materialisiert Morbius’ unbewusste Impulse.","Das Monster stammt aus dem eigenen Unbewussten.","Auflösung","https://en.wikipedia.org/wiki/Forbidden_Planet|https://en.wikipedia.org/wiki/Fred_M._Wilcox_(director)","redaktionell_geprueft"
"SF-202609-P02-S-006","K-SF-202609-P02-S-006","","de","Film","Science-Fiction","Alarm im Weltall","Forbidden Planet","1956","","schwer","Ton","Roboter|Erstkontakt|Classics","Roboter|Erstkontakt|Classics","Bebe und Louis Barron schufen die elektronischen Klangwelten.","„Alarm im Weltall“ (1956): Wer schuf die elektronischen Klangwelten des Films?","Hans Zimmer und James Newton Howard","Bebe und Louis Barron","Richard und Robert Sherman","Trent Reznor und Atticus Ross","B","Bebe und Louis Barron schufen die elektronischen Klangwelten.","Die ungewöhnlichen elektronischen Töne ersetzen die vertraute orchestrale Begleitung weitgehend durch eine eigene akustische Umgebung. Geräusch und Musik lassen sich dabei nicht immer bequem trennen. Das passt zu einer Welt voller unbekannter Maschinen und unsichtbarer Vorgänge. Der Film bezeichnet den Beitrag im Vorspann als elektronische Tonalitäten, wodurch bereits die Benennung auf seine damals ungewohnte Stellung zwischen verschiedenen Klangkategorien hinweist.","„Hans Zimmer und James Newton Howard“ trifft hier nicht zu. Bebe und Louis Barron schufen die elektronischen Klangwelten.","Richtig. Bebe und Louis Barron schufen die elektronischen Klangwelten.","„Richard und Robert Sherman“ trifft hier nicht zu. Bebe und Louis Barron schufen die elektronischen Klangwelten.","„Trent Reznor und Atticus Ross“ trifft hier nicht zu. Bebe und Louis Barron schufen die elektronischen Klangwelten.","Altair klingt nach Bebe und Louis Barron.","keine","https://en.wikipedia.org/wiki/Forbidden_Planet|https://en.wikipedia.org/wiki/Fred_M._Wilcox_(director)","redaktionell_geprueft"
"SF-202609-P02-L-007","K-SF-202609-P02-L-007","","de","Film","Science-Fiction","Der Tag, an dem die Erde stillstand","The Day the Earth Stood Still","1951","","leicht","Figuren","Erstkontakt|Classics","Erstkontakt|Classics","Der Besucher heißt Klaatu.","„Der Tag, an dem die Erde stillstand“ (1951): Wie heißt der außerirdische Besucher?","Kronos","Kal-El","Klaatu","Krel","C","Der Besucher heißt Klaatu.","Klaatu (Michael Rennie) erscheint äußerlich als Mensch und spricht ruhig mit seinen Gesprächspartnern. Dadurch liegt das Fremde weniger in einer aufwendigen Maske als in seiner Perspektive auf die Erde. Seine Begegnungen mit gewöhnlichen Bewohnern erhalten ebenso viel Bedeutung wie militärische Reaktionen. Der Film fragt damit auch, wie ein Gast eine Gesellschaft kennenlernt, deren politische Vertreter zunächst kaum miteinander sprechen können.","„Kronos“ trifft hier nicht zu. Der Besucher heißt Klaatu.","„Kal-El“ trifft hier nicht zu. Der Besucher heißt Klaatu.","Richtig. Der Besucher heißt Klaatu.","„Krel“ trifft hier nicht zu. Der Besucher heißt Klaatu.","Klaatu kommt mit einer Botschaft.","keine","https://en.wikipedia.org/wiki/The_Day_the_Earth_Stood_Still|https://en.wikipedia.org/wiki/Robert_Wise","redaktionell_geprueft"
"SF-202609-P02-L-008","K-SF-202609-P02-L-008","","de","Film","Science-Fiction","Der Tag, an dem die Erde stillstand","The Day the Earth Stood Still","1951","","leicht","Figuren","Erstkontakt|Classics","Erstkontakt|Classics","Klaatus Begleiter heißt Gort.","„Der Tag, an dem die Erde stillstand“ (1951): Wie heißt der große Roboter, der Klaatu begleitet?","Robby","TARS","Dewey","Gort","D","Klaatus Begleiter heißt Gort.","Gort (Lock Martin) steht meist reglos neben dem Raumschiff. Gerade diese Bewegungslosigkeit macht ihn zu einer dauerhaften Drohung im Bild. Seine glatte Oberfläche und sein verschlossenes Visier geben kaum Hinweise auf Absichten oder Gefühle. Während Klaatu (Michael Rennie) Gespräche führt, bleibt die mögliche Gewalt des Begleiters sichtbar im Hintergrund. Verhandlung und Abschreckung werden so gleichzeitig inszeniert.","„Robby“ trifft hier nicht zu. Klaatus Begleiter heißt Gort.","„TARS“ trifft hier nicht zu. Klaatus Begleiter heißt Gort.","„Dewey“ trifft hier nicht zu. Klaatus Begleiter heißt Gort.","Richtig. Klaatus Begleiter heißt Gort.","Gort: stillstehende Macht neben dem Schiff.","keine","https://en.wikipedia.org/wiki/The_Day_the_Earth_Stood_Still|https://en.wikipedia.org/wiki/Robert_Wise","redaktionell_geprueft"
"SF-202609-P02-M-007","K-SF-202609-P02-M-007","","de","Film","Science-Fiction","Der Tag, an dem die Erde stillstand","The Day the Earth Stood Still","1951","","mittel","Schauplatz","Erstkontakt|Classics","Erstkontakt|Classics","Das Raumschiff landet in Washington, D.C.","„Der Tag, an dem die Erde stillstand“ (1951): In welcher amerikanischen Stadt landet das Raumschiff?","New York","San Francisco","Washington, D.C.","Chicago","C","Das Raumschiff landet in Washington, D.C.","Der Schauplatz verbindet den Kontakt mit den Institutionen politischer Macht, öffnet aber auch Wege in Wohnhäuser und alltägliche Stadträume. Klaatu (Michael Rennie) erlebt Washington nicht ausschließlich als Hauptstadt. Der Junge Bobby Benson (Billy Gray) zeigt ihm Orte menschlicher Erinnerung. Diese Perspektive ergänzt die offizielle Krisenreaktion um persönliche Erfahrungen mit Krieg, Verlust und den Idealen, die eine Gesellschaft über sich selbst erzählt.","„New York“ trifft hier nicht zu. Das Raumschiff landet in Washington, D.C.","„San Francisco“ trifft hier nicht zu. Das Raumschiff landet in Washington, D.C.","Richtig. Das Raumschiff landet in Washington, D.C.","„Chicago“ trifft hier nicht zu. Das Raumschiff landet in Washington, D.C.","Landung im politischen Zentrum Washington.","Handlung","https://en.wikipedia.org/wiki/The_Day_the_Earth_Stood_Still|https://en.wikipedia.org/wiki/Robert_Wise","redaktionell_geprueft"
"SF-202609-P02-M-008","K-SF-202609-P02-M-008","","de","Film","Science-Fiction","Der Tag, an dem die Erde stillstand","The Day the Earth Stood Still","1951","","mittel","Handlung","Erstkontakt|Classics","Erstkontakt|Classics","Helen soll Gort die Worte Klaatu barada nikto übermitteln.","„Der Tag, an dem die Erde stillstand“ (1951): Welche Worte soll Helen dem Roboter im Notfall sagen?","Gort talon barda","Nikto goran tela","Klaatu veran tor","Klaatu barada nikto","D","Helen soll Gort die Worte Klaatu barada nikto übermitteln.","Helen Benson (Patricia Neal) muss die fremden Worte zuverlässig behalten, ohne ihre Bedeutung vollständig erklärt zu bekommen. Die Spannung entsteht daher nicht aus einer technischen Bedienungsanleitung, sondern aus Gedächtnis, Vertrauen und Mut. Gort (Lock Martin) reagiert auf eine sprachliche Handlung. Eine kurze Äußerung besitzt in dieser Situation mehr Wirksamkeit als die zuvor aufgefahrenen Waffen und militärischen Absperrungen.","„Gort talon barda“ trifft hier nicht zu. Helen soll Gort die Worte Klaatu barada nikto übermitteln.","„Nikto goran tela“ trifft hier nicht zu. Helen soll Gort die Worte Klaatu barada nikto übermitteln.","„Klaatu veran tor“ trifft hier nicht zu. Helen soll Gort die Worte Klaatu barada nikto übermitteln.","Richtig. Helen soll Gort die Worte Klaatu barada nikto übermitteln.","Drei Worte stoppen die Eskalation.","Handlung","https://en.wikipedia.org/wiki/The_Day_the_Earth_Stood_Still|https://en.wikipedia.org/wiki/Robert_Wise","redaktionell_geprueft"
"SF-202609-P02-S-007","K-SF-202609-P02-S-007","","de","Film","Science-Fiction","Der Tag, an dem die Erde stillstand","The Day the Earth Stood Still","1951","","schwer","Musik","Erstkontakt|Classics","Erstkontakt|Classics","Bernard Herrmann komponierte die Musik.","„Der Tag, an dem die Erde stillstand“ (1951): Welcher Komponist schrieb die Filmmusik?","Dimitri Tiomkin","Erich Wolfgang Korngold","Bernard Herrmann","Miklós Rózsa","C","Bernard Herrmann komponierte die Musik.","Bernard Herrmann verbindet ungewöhnliche Instrumentalfarben mit elektronischen Klängen. Besonders das Theremin gehört zu jener schwebenden Klangwelt, die heute leicht mit Science-Fiction der fünfziger Jahre verbunden wird. Die Musik illustriert aber nicht nur ein Raumschiff. Sie macht auch das Unbehagen einer vertrauten Stadt hörbar, in deren Alltag plötzlich etwas eingedrungen ist, das sich den gewohnten Erklärungen entzieht.","„Dimitri Tiomkin“ trifft hier nicht zu. Bernard Herrmann komponierte die Musik.","„Erich Wolfgang Korngold“ trifft hier nicht zu. Bernard Herrmann komponierte die Musik.","Richtig. Bernard Herrmann komponierte die Musik.","„Miklós Rózsa“ trifft hier nicht zu. Bernard Herrmann komponierte die Musik.","Herrmann lässt das Fremde hörbar werden.","keine","https://en.wikipedia.org/wiki/The_Day_the_Earth_Stood_Still|https://en.wikipedia.org/wiki/Robert_Wise","redaktionell_geprueft"
"SF-202609-P02-S-008","K-SF-202609-P02-S-008","","de","Film","Science-Fiction","Der Tag, an dem die Erde stillstand","The Day the Earth Stood Still","1951","","schwer","Literatur","Erstkontakt|Classics","Erstkontakt|Classics","Die Vorlage ist Harry Bates’ Erzählung Farewell to the Master.","„Der Tag, an dem die Erde stillstand“ (1951): Auf welcher Erzählung beruht der Film?","The Sentinel","Who Goes There?","The Cold Equations","Farewell to the Master","D","Die Vorlage ist Harry Bates’ Erzählung Farewell to the Master.","Eine literarische Vorlage bedeutet hier keine unveränderte Übernahme sämtlicher Aussagen. Die Filmfassung entwickelt aus Harry Bates’ Erzählung eine Geschichte, die deutlich auf die politische Nervosität ihrer Entstehungszeit reagiert. Begegnung, Misstrauen und die Gefahr der Eskalation erhalten eine öffentlich verständliche Form. Gerade der Vergleich von Text und Film zeigt, wie stark eine Adaption durch neue historische Fragen geprägt werden kann.","„The Sentinel“ trifft hier nicht zu. Die Vorlage ist Harry Bates’ Erzählung Farewell to the Master.","„Who Goes There?“ trifft hier nicht zu. Die Vorlage ist Harry Bates’ Erzählung Farewell to the Master.","„The Cold Equations“ trifft hier nicht zu. Die Vorlage ist Harry Bates’ Erzählung Farewell to the Master.","Richtig. Die Vorlage ist Harry Bates’ Erzählung Farewell to the Master.","Harry Bates lieferte Farewell to the Master.","keine","https://en.wikipedia.org/wiki/The_Day_the_Earth_Stood_Still|https://en.wikipedia.org/wiki/Robert_Wise","redaktionell_geprueft"
"SF-202609-P02-L-009","K-SF-202609-P02-L-009","","de","Film","Science-Fiction","Kampf der Welten","The War of the Worlds","1953","","leicht","Ursprung","Invasion|Classics","Invasion|Classics","Die Angreifer stammen vom Mars.","„Kampf der Welten“ (1953): Von welchem Planeten kommen die Angreifer?","Mars","Jupiter","Venus","Merkur","A","Die Angreifer stammen vom Mars.","Die Marsbewohner werden nicht zunächst als individuelle Gesprächspartner vorgestellt. Ihre Ankunft zeigt sich in Einschlägen, Maschinen und militärischer Überlegenheit. Dr. Clayton Forrester (Gene Barry) versucht, diese Vorgänge mit wissenschaftlichen Mitteln zu verstehen. Der Film macht damit eine kollektive Bedrohung erfahrbar, deren Ausmaß schneller wächst als das verfügbare Wissen. Erst einzelne Nahbegegnungen geben der unsichtbaren Macht eine körperliche Gestalt.","Richtig. Die Angreifer stammen vom Mars.","„Jupiter“ trifft hier nicht zu. Die Angreifer stammen vom Mars.","„Venus“ trifft hier nicht zu. Die Angreifer stammen vom Mars.","„Merkur“ trifft hier nicht zu. Die Angreifer stammen vom Mars.","Die Invasion kommt vom Mars.","Handlung","https://en.wikipedia.org/wiki/The_War_of_the_Worlds_(1953_film)|https://en.wikipedia.org/wiki/Byron_Haskin","redaktionell_geprueft"
"SF-202609-P02-L-010","K-SF-202609-P02-L-010","","de","Film","Science-Fiction","Kampf der Welten","The War of the Worlds","1953","","leicht","Handlung","Invasion|Classics","Invasion|Classics","Die Invasoren sterben an irdischen Mikroorganismen.","„Kampf der Welten“ (1953): Was besiegt die Invasoren am Ende?","Ein menschliches Computervirus","Irdische Mikroorganismen","Ein elektromagnetischer Sturm","Eine neuartige Atombombe","B","Die Invasoren sterben an irdischen Mikroorganismen.","Die militärische Übermacht der Besucher schützt sie nicht gegen die biologische Umwelt. Dr. Clayton Forrester (Gene Barry) kann den Zusammenbruch der Angreifer deshalb nicht als eigenen technischen Triumph verbuchen. Die Auflösung verschiebt den Maßstab von riesigen Kriegsmaschinen zu unsichtbar kleinen Organismen. Für die Dramaturgie ist dieser Wechsel entscheidend: Die Rettung entsteht außerhalb der zuvor erfolglos eingesetzten menschlichen Machtmittel.","„Ein menschliches Computervirus“ trifft hier nicht zu. Die Invasoren sterben an irdischen Mikroorganismen.","Richtig. Die Invasoren sterben an irdischen Mikroorganismen.","„Ein elektromagnetischer Sturm“ trifft hier nicht zu. Die Invasoren sterben an irdischen Mikroorganismen.","„Eine neuartige Atombombe“ trifft hier nicht zu. Die Invasoren sterben an irdischen Mikroorganismen.","Kleine Organismen stoppen große Maschinen.","Auflösung","https://en.wikipedia.org/wiki/The_War_of_the_Worlds_(1953_film)|https://en.wikipedia.org/wiki/Byron_Haskin","redaktionell_geprueft"
"SF-202609-P02-M-009","K-SF-202609-P02-M-009","","de","Film","Science-Fiction","Kampf der Welten","The War of the Worlds","1953","","mittel","Literatur","Invasion|Classics","Invasion|Classics","Der Film adaptiert H. G. Wells’ Krieg der Welten.","„Kampf der Welten“ (1953): Welcher Autor schrieb den zugrunde liegenden Roman?","H. G. Wells","Arthur Conan Doyle","Jules Verne","H. P. Lovecraft","A","Der Film adaptiert H. G. Wells’ Krieg der Welten.","Die Verfilmung versetzt den Stoff aus dem viktorianischen England in ein amerikanisches Umfeld des zwanzigsten Jahrhunderts. Damit ändern sich nicht nur Kostüme und Fahrzeuge. Auch die erwartbaren Gegenmaßnahmen und die Angst vor großflächiger Zerstörung bekommen einen anderen Hintergrund. Der Roman bleibt als Grundidee erkennbar, während die Leinwandfassung ihre eigene Vorstellung davon entwickelt, wie moderne Gesellschaften auf einen überlegenen Angriff reagieren.","Richtig. Der Film adaptiert H. G. Wells’ Krieg der Welten.","„Arthur Conan Doyle“ trifft hier nicht zu. Der Film adaptiert H. G. Wells’ Krieg der Welten.","„Jules Verne“ trifft hier nicht zu. Der Film adaptiert H. G. Wells’ Krieg der Welten.","„H. P. Lovecraft“ trifft hier nicht zu. Der Film adaptiert H. G. Wells’ Krieg der Welten.","Wells’ Invasion erhält ein neues Umfeld.","keine","https://en.wikipedia.org/wiki/The_War_of_the_Worlds_(1953_film)|https://en.wikipedia.org/wiki/Byron_Haskin","redaktionell_geprueft"
"SF-202609-P02-M-010","K-SF-202609-P02-M-010","","de","Film","Science-Fiction","Kampf der Welten","The War of the Worlds","1953","","mittel","Figuren","Invasion|Classics","Invasion|Classics","Gene Barry spielt Clayton Forrester.","„Kampf der Welten“ (1953): Wer spielt den Wissenschaftler Clayton Forrester?","John Agar","Gene Barry","Richard Carlson","Richard Denning","B","Gene Barry spielt Clayton Forrester.","Dr. Clayton Forrester (Gene Barry) ist als Wissenschaftler eine andere Art von Mittelpunkt als ein ausschließlich militärischer Held. Beobachtung, Untersuchung und Schlussfolgerung gehören zu seinen Handlungsmöglichkeiten. An seiner Seite erlebt Sylvia Van Buren (Ann Robinson) die Angriffe aus unmittelbarer persönlicher Nähe. Der Film verbindet dadurch fachliche Erklärung mit Flucht und Suche, ohne die Gefahr vollständig auf eine einzige Perspektive zu reduzieren.","„John Agar“ trifft hier nicht zu. Gene Barry spielt Clayton Forrester.","Richtig. Gene Barry spielt Clayton Forrester.","„Richard Carlson“ trifft hier nicht zu. Gene Barry spielt Clayton Forrester.","„Richard Denning“ trifft hier nicht zu. Gene Barry spielt Clayton Forrester.","Gene Barry untersucht die Invasion.","keine","https://en.wikipedia.org/wiki/The_War_of_the_Worlds_(1953_film)|https://en.wikipedia.org/wiki/Byron_Haskin","redaktionell_geprueft"
"SF-202609-P02-S-009","K-SF-202609-P02-S-009","","de","Film","Science-Fiction","Kampf der Welten","The War of the Worlds","1953","","schwer","Design","Invasion|Classics","Invasion|Classics","Die breiten Kriegsmaschinen erinnern an Mantarochen.","„Kampf der Welten“ (1953): Welcher Tierform ähneln die marsianischen Kriegsmaschinen besonders?","Mantarochen","Skorpionen","Krabben","Libellen","A","Die breiten Kriegsmaschinen erinnern an Mantarochen.","Die Maschinen besitzen breite, geschwungene Körper und einen beweglichen Aufsatz für den Hitzestrahl. Ihre Silhouette unterscheidet sich deutlich von einem gewöhnlichen Flugzeug. Das Design vermittelt eine fremde technische Entwicklung, obwohl es an vertraute Tierformen erinnert. Für die Bildwirkung ist diese Mischung nützlich: Das Publikum erkennt sofort eine bedrohliche Bewegungsform, ohne das Gerät als einfache Kopie irdischer Militärtechnik einordnen zu können.","Richtig. Die breiten Kriegsmaschinen erinnern an Mantarochen.","„Skorpionen“ trifft hier nicht zu. Die breiten Kriegsmaschinen erinnern an Mantarochen.","„Krabben“ trifft hier nicht zu. Die breiten Kriegsmaschinen erinnern an Mantarochen.","„Libellen“ trifft hier nicht zu. Die breiten Kriegsmaschinen erinnern an Mantarochen.","Marsmaschinen: Rochenkörper mit Strahlenkopf.","keine","https://en.wikipedia.org/wiki/The_War_of_the_Worlds_(1953_film)|https://en.wikipedia.org/wiki/Byron_Haskin","redaktionell_geprueft"
"SF-202609-P02-S-010","K-SF-202609-P02-S-010","","de","Film","Science-Fiction","Kampf der Welten","The War of the Worlds","1953","","schwer","Handlungsdetail","Invasion|Classics","Invasion|Classics","Ein Kraftfeld schützt die marsianischen Maschinen.","„Kampf der Welten“ (1953): Was schützt die Kriegsmaschinen gegen menschlichen Beschuss?","Ein Schwarm kleiner Drohnen","Ein unsichtbares Kraftfeld","Eine drehende Panzerhülle","Ein Wassernebel","B","Ein Kraftfeld schützt die marsianischen Maschinen.","Die Schutzfelder lassen die üblichen militärischen Reaktionen ins Leere laufen. Dr. Clayton Forrester (Gene Barry) kann zwar Eigenschaften der Technik beschreiben, daraus aber keine sofort wirksame Gegenwaffe ableiten. Diese Lücke zwischen Wissen und Handlungsmacht trägt die Spannung. Wissenschaft ist im Film wichtig, wird jedoch nicht als bequeme Quelle einer Wunderlösung behandelt, die jede Bedrohung rechtzeitig durch eine neue Erfindung beseitigt.","„Ein Schwarm kleiner Drohnen“ trifft hier nicht zu. Ein Kraftfeld schützt die marsianischen Maschinen.","Richtig. Ein Kraftfeld schützt die marsianischen Maschinen.","„Eine drehende Panzerhülle“ trifft hier nicht zu. Ein Kraftfeld schützt die marsianischen Maschinen.","„Ein Wassernebel“ trifft hier nicht zu. Ein Kraftfeld schützt die marsianischen Maschinen.","Kraftfelder machen Beschuss wirkungslos.","Handlung","https://en.wikipedia.org/wiki/The_War_of_the_Worlds_(1953_film)|https://en.wikipedia.org/wiki/Byron_Haskin","redaktionell_geprueft"
"SF-202609-P02-L-011","K-SF-202609-P02-L-011","","de","Film","Science-Fiction","Die Zeitmaschine","The Time Machine","1960","","leicht","Figuren","Zeitreise|Classics","Zeitreise|Classics","Rod Taylor spielt George.","„Die Zeitmaschine“ (1960): Wer spielt den Zeitreisenden George?","James Mason","David Niven","Rod Taylor","Rod Steiger","C","Rod Taylor spielt George.","George (Rod Taylor) berichtet seinen Freunden rückblickend von einer Reise, die für sie kaum glaubhaft klingt. Der erschöpfte Körper des Erzählers steht dabei gegen die behagliche Ordnung des Esszimmers. Diese Rahmung macht aus der Zukunft keine bloße Abfolge exotischer Bilder. Die Erlebnisse müssen auch in einer Gegenwart bestehen, deren Zuhörer an ihren vertrauten Vorstellungen von Wirklichkeit festhalten.","„James Mason“ trifft hier nicht zu. Rod Taylor spielt George.","„David Niven“ trifft hier nicht zu. Rod Taylor spielt George.","Richtig. Rod Taylor spielt George.","„Rod Steiger“ trifft hier nicht zu. Rod Taylor spielt George.","Rod Taylor reist durch die Zeit.","keine","https://en.wikipedia.org/wiki/The_Time_Machine_(1960_film)|https://en.wikipedia.org/wiki/George_Pal","redaktionell_geprueft"
"SF-202609-P02-L-012","K-SF-202609-P02-L-012","","de","Film","Science-Fiction","Die Zeitmaschine","The Time Machine","1960","","leicht","Weltwissen","Zeitreise|Classics","Zeitreise|Classics","Die oberirdischen Menschen heißen Eloi.","„Die Zeitmaschine“ (1960): Wie heißen die oberirdisch lebenden Menschen der fernen Zukunft?","Morlocks","Seleniten","Krell","Eloi","D","Die oberirdischen Menschen heißen Eloi.","Die Eloi leben in einer scheinbar mühelosen Umgebung, doch ihre Gleichgültigkeit irritiert George (Rod Taylor). Als Weena (Yvette Mimieux) ins Wasser gerät, kommt die Hilfe nicht aus ihrer eigenen Gruppe. Das anfängliche Paradiesbild bekommt dadurch einen Riss. Der Film verknüpft fehlende Arbeit nicht automatisch mit Freiheit, sondern zeigt eine Gemeinschaft, der Initiative und Wissen über die eigenen Lebensbedingungen abhandengekommen sind.","„Morlocks“ trifft hier nicht zu. Die oberirdischen Menschen heißen Eloi.","„Seleniten“ trifft hier nicht zu. Die oberirdischen Menschen heißen Eloi.","„Krell“ trifft hier nicht zu. Die oberirdischen Menschen heißen Eloi.","Richtig. Die oberirdischen Menschen heißen Eloi.","Eloi leben oben und wissen wenig.","Handlung","https://en.wikipedia.org/wiki/The_Time_Machine_(1960_film)|https://en.wikipedia.org/wiki/George_Pal","redaktionell_geprueft"
"SF-202609-P02-M-011","K-SF-202609-P02-M-011","","de","Film","Science-Fiction","Die Zeitmaschine","The Time Machine","1960","","mittel","Weltwissen","Zeitreise|Classics","Zeitreise|Classics","Unter der Oberfläche leben die Morlocks.","„Die Zeitmaschine“ (1960): Welche Wesen bewohnen die unterirdischen Anlagen?","Dracs","Eloi","Morlocks","Martianer","C","Unter der Oberfläche leben die Morlocks.","Die unterirdischen Räume verwandeln den idyllischen Landschaftseindruck in eine arbeitende, bedrohliche Infrastruktur. George (Rod Taylor) entdeckt, dass sichtbare Versorgung und verborgene Gewalt zusammengehören. Der räumliche Aufbau macht gesellschaftliche Abhängigkeit leicht verständlich: Was oben selbstverständlich verfügbar scheint, hat einen verdrängten Ursprung unter der Erde. Die Zukunft ist deshalb keine einheitliche Zivilisation, sondern eine radikal auseinanderentwickelte Nachfolge der Menschheit.","„Dracs“ trifft hier nicht zu. Unter der Oberfläche leben die Morlocks.","„Eloi“ trifft hier nicht zu. Unter der Oberfläche leben die Morlocks.","Richtig. Unter der Oberfläche leben die Morlocks.","„Martianer“ trifft hier nicht zu. Unter der Oberfläche leben die Morlocks.","Morlocks leben unter der Idylle.","Handlung","https://en.wikipedia.org/wiki/The_Time_Machine_(1960_film)|https://en.wikipedia.org/wiki/George_Pal","redaktionell_geprueft"
"SF-202609-P02-M-012","K-SF-202609-P02-M-012","","de","Film","Science-Fiction","Die Zeitmaschine","The Time Machine","1960","","mittel","Literatur","Zeitreise|Classics","Zeitreise|Classics","Die Romanvorlage stammt von H. G. Wells.","„Die Zeitmaschine“ (1960): Wer schrieb die Romanvorlage?","Edgar Rice Burroughs","Aldous Huxley","Jules Verne","H. G. Wells","D","Die Romanvorlage stammt von H. G. Wells.","H. G. Wells’ Zeitreise verbindet technische Fantasie mit Überlegungen zur langfristigen Entwicklung einer Gesellschaft. Die Filmfassung gestaltet daraus ein sinnlich anschauliches Abenteuer mit einer deutlich sichtbaren Maschine. Interessant bleibt, dass die Reise nicht nur neue Erfindungen vorführt. Sie fragt ebenso, welche menschlichen Fähigkeiten verloren gehen könnten, wenn eine Lebensordnung über sehr lange Zeiträume hinweg als selbstverständlich und unveränderlich behandelt wird.","„Edgar Rice Burroughs“ trifft hier nicht zu. Die Romanvorlage stammt von H. G. Wells.","„Aldous Huxley“ trifft hier nicht zu. Die Romanvorlage stammt von H. G. Wells.","„Jules Verne“ trifft hier nicht zu. Die Romanvorlage stammt von H. G. Wells.","Richtig. Die Romanvorlage stammt von H. G. Wells.","Wells verbindet Zeitreise mit Gesellschaftsfragen.","keine","https://en.wikipedia.org/wiki/The_Time_Machine_(1960_film)|https://en.wikipedia.org/wiki/George_Pal","redaktionell_geprueft"
"SF-202609-P02-S-011","K-SF-202609-P02-S-011","","de","Film","Science-Fiction","Die Zeitmaschine","The Time Machine","1960","","schwer","Handlungsdetail","Zeitreise|Classics","Zeitreise|Classics","Die Anzeige führt George in das Jahr 802701.","„Die Zeitmaschine“ (1960): In welchem fernen Jahr trifft George auf die Eloi?","102701","502701","802701","208701","C","Die Anzeige führt George in das Jahr 802701.","Die enorme Zeitspanne lässt George (Rod Taylor) weit über die Lebensdauer bekannter Staaten und Städte hinausreisen. Weena (Yvette Mimieux) gehört einer Welt an, deren Vergangenheit nicht mehr als lebendige Überlieferung verfügbar ist. Die konkrete Zahl dient dabei als Kontrast: Das technische Instrument zeigt präzise einen Zeitpunkt an, während die Bewohner kaum erklären können, wie ihre Gesellschaft überhaupt entstanden ist.","„102701“ trifft hier nicht zu. Die Anzeige führt George in das Jahr 802701.","„502701“ trifft hier nicht zu. Die Anzeige führt George in das Jahr 802701.","Richtig. Die Anzeige führt George in das Jahr 802701.","„208701“ trifft hier nicht zu. Die Anzeige führt George in das Jahr 802701.","Präzise Anzeige: 802701.","Handlung","https://en.wikipedia.org/wiki/The_Time_Machine_(1960_film)|https://en.wikipedia.org/wiki/George_Pal","redaktionell_geprueft"
"SF-202609-P02-S-012","K-SF-202609-P02-S-012","","de","Film","Science-Fiction","Die Zeitmaschine","The Time Machine","1960","","schwer","Handlungsdetail","Zeitreise|Classics","Zeitreise|Classics","George nimmt drei Bücher mit; ihre Titel bleiben offen.","„Die Zeitmaschine“ (1960): Welche Gegenstände fehlen am Ende aus Georges Haus?","Drei Fotografien","Drei Uhren","Drei Gewehre","Drei Bücher","D","George nimmt drei Bücher mit; ihre Titel bleiben offen.","Der Freund Filby (Alan Young) und die Haushälterin Mrs. Watchett (Doris Lloyd) bemerken das Fehlen der Bücher, erfahren aber nicht, welche Werke ausgewählt wurden. Diese Leerstelle macht die Schlussfrage produktiv: Welches Wissen wäre für einen Neuanfang wesentlich? George (Rod Taylor) hinterlässt keine vollständige Liste. Das Publikum muss über Bildung und praktische Grundlagen nachdenken, statt nur ein fertiges Rettungsrezept abzunicken.","„Drei Fotografien“ trifft hier nicht zu. George nimmt drei Bücher mit; ihre Titel bleiben offen.","„Drei Uhren“ trifft hier nicht zu. George nimmt drei Bücher mit; ihre Titel bleiben offen.","„Drei Gewehre“ trifft hier nicht zu. George nimmt drei Bücher mit; ihre Titel bleiben offen.","Richtig. George nimmt drei Bücher mit; ihre Titel bleiben offen.","Drei Bücher für einen Neuanfang.","Auflösung","https://en.wikipedia.org/wiki/The_Time_Machine_(1960_film)|https://en.wikipedia.org/wiki/George_Pal","redaktionell_geprueft"
"SF-202609-P02-L-013","K-SF-202609-P02-L-013","","de","Film","Science-Fiction","Planet der Affen","Planet of the Apes","1968","Planet der Affen – Originalreihe","leicht","Figuren","Dystopie|Classics","Dystopie|Classics","Charlton Heston spielt George Taylor.","„Planet der Affen“ (1968): Wer spielt den Astronauten George Taylor?","Charlton Heston","Burt Lancaster","Gregory Peck","Rod Taylor","A","Charlton Heston spielt George Taylor.","George Taylor (Charlton Heston) bringt das Selbstbewusstsein eines Menschen mit, der sich als Vertreter einer überlegenen Zivilisation versteht. In der neuen Umgebung wird gerade diese Annahme unbrauchbar. Seine kräftige, vertraute Starpräsenz verstärkt den Effekt der Erniedrigung: Der Film macht aus einem erwartbaren Abenteuerhelden zunächst einen Gefangenen, dessen Sprache, Herkunft und Anspruch auf Anerkennung von anderen bewertet werden.","Richtig. Charlton Heston spielt George Taylor.","„Burt Lancaster“ trifft hier nicht zu. Charlton Heston spielt George Taylor.","„Gregory Peck“ trifft hier nicht zu. Charlton Heston spielt George Taylor.","„Rod Taylor“ trifft hier nicht zu. Charlton Heston spielt George Taylor.","Heston als gefangener Astronaut Taylor.","keine","https://en.wikipedia.org/wiki/Planet_of_the_Apes_(1968_film)|https://en.wikipedia.org/wiki/Franklin_J._Schaffner","redaktionell_geprueft"
"SF-202609-P02-L-014","K-SF-202609-P02-L-014","","de","Film","Science-Fiction","Planet der Affen","Planet of the Apes","1968","Planet der Affen – Originalreihe","leicht","Weltwissen","Dystopie|Classics","Dystopie|Classics","Die Stellung der Menschen in der herrschenden Affengesellschaft erkennen.","„Planet der Affen“ (1968): Wie behandelt die herrschende Affengesellschaft die Menschen?","Als wilde Tiere","Als gleichberechtigte Bürger","Als angesehene Wissenschaftler","Als religiöse Autoritäten","A","Menschen werden wie wilde Tiere behandelt: Die Affen jagen sie, halten sie gefangen und verwenden sie für Experimente.","George Taylor (Charlton Heston) gerät in eine Gesellschaft, die Menschen als Tiere betrachtet. Nach seiner Gefangennahme wird er in einem Käfig gehalten; die Forscherin Zira (Kim Hunter) untersucht ihn. Seine Fähigkeit zu sprechen, zu lesen und zu schreiben stellt die Annahmen der Affen infrage. Die Umkehrung der vertrauten Rollen macht den Umgang mit gefangenen Lebewesen und die Zuschreibung von Vernunft zum zentralen Konflikt.","Richtig. Menschen werden gejagt, gefangen gehalten und für Experimente eingesetzt.","Menschen besitzen in dieser Gesellschaft keine gleichberechtigte Stellung; sie werden als Tiere behandelt.","Menschen gelten als Untersuchungsobjekte, nicht als angesehene Wissenschaftler.","Die religiöse Autorität liegt bei den Affen; Menschen werden als Tiere betrachtet.","Die Affen bestimmen, die Menschen sitzen im Käfig.","Handlung","https://catalog.afi.com/Film/22314-PLANET-OFTHEAPES","quellengepruefte Korrektur 2026-10-04"
"SF-202609-P02-M-013","K-SF-202609-P02-M-013","","de","Film","Science-Fiction","Planet der Affen","Planet of the Apes","1968","Planet der Affen – Originalreihe","mittel","Figuren","Dystopie|Classics","Dystopie|Classics","Zira erkennt Taylors besondere Fähigkeiten und hilft ihm.","„Planet der Affen“ (1968): Welche Schimpansenforscherin setzt sich für Taylor ein?","Zira","Ari","Nova","Lisa","A","Zira erkennt Taylors besondere Fähigkeiten und hilft ihm.","Zira (Kim Hunter) reagiert auf George Taylor (Charlton Heston) mit wissenschaftlicher Neugier, gerät damit aber in Konflikt mit den anerkannten Regeln ihrer Gesellschaft. Ihre Hilfe entsteht nicht aus einem sofortigen vollständigen Verständnis seiner Herkunft. Sie beobachtet, zweifelt und korrigiert Annahmen. Der Film gibt Erkenntnis dadurch eine konkrete soziale Schwierigkeit: Gute Beobachtungen können gefährlich werden, wenn Institutionen bestimmte Ergebnisse nicht zulassen wollen.","Richtig. Zira erkennt Taylors besondere Fähigkeiten und hilft ihm.","„Ari“ trifft hier nicht zu. Zira erkennt Taylors besondere Fähigkeiten und hilft ihm.","„Nova“ trifft hier nicht zu. Zira erkennt Taylors besondere Fähigkeiten und hilft ihm.","„Lisa“ trifft hier nicht zu. Zira erkennt Taylors besondere Fähigkeiten und hilft ihm.","Zira nimmt den sprechenden Menschen ernst.","Handlung","https://en.wikipedia.org/wiki/Planet_of_the_Apes_(1968_film)|https://en.wikipedia.org/wiki/Franklin_J._Schaffner","redaktionell_geprueft"
"SF-202609-P02-M-014","K-SF-202609-P02-M-014","","de","Film","Science-Fiction","Planet der Affen","Planet of the Apes","1968","Planet der Affen – Originalreihe","mittel","Handlung","Dystopie|Classics","Dystopie|Classics","Die Reste der Freiheitsstatue enthüllen, dass Taylor auf der Erde ist.","„Planet der Affen“ (1968): Welches Bauwerk erkennt Taylor im Schlussbild?","Das Kolosseum","Die Freiheitsstatue","Den Eiffelturm","Die Sphinx von Gizeh","B","Die Reste der Freiheitsstatue enthüllen, dass Taylor auf der Erde ist.","George Taylor (Charlton Heston) und Nova (Linda Harrison) erreichen eine Küste, an der ein einziges bekanntes Bildzeichen die bisherige Reise neu ordnet. Eine lange Erklärung wäre weniger wirksam als die beschädigte Statue. Das Schlussbild verändert rückwirkend die Bedeutung des fremden Planeten: Nicht eine weit entfernte Welt ist das eigentliche Rätsel, sondern die zerstörerische Geschichte der eigenen Spezies.","„Das Kolosseum“ trifft hier nicht zu. Die Reste der Freiheitsstatue enthüllen, dass Taylor auf der Erde ist.","Richtig. Die Reste der Freiheitsstatue enthüllen, dass Taylor auf der Erde ist.","„Den Eiffelturm“ trifft hier nicht zu. Die Reste der Freiheitsstatue enthüllen, dass Taylor auf der Erde ist.","„Die Sphinx von Gizeh“ trifft hier nicht zu. Die Reste der Freiheitsstatue enthüllen, dass Taylor auf der Erde ist.","Die Freiheitsstatue macht die Fremde zur Erde.","Auflösung","https://en.wikipedia.org/wiki/Planet_of_the_Apes_(1968_film)|https://en.wikipedia.org/wiki/Franklin_J._Schaffner","redaktionell_geprueft"
"SF-202609-P02-S-013","K-SF-202609-P02-S-013","","de","Film","Science-Fiction","Planet der Affen","Planet of the Apes","1968","Planet der Affen – Originalreihe","schwer","Handlungsdetail","Dystopie|Classics","Dystopie|Classics","Eine Halsverletzung verhindert zunächst Taylors Sprache.","„Planet der Affen“ (1968): Warum kann Taylor nach seiner Gefangennahme zunächst nicht sprechen?","Er wurde am Hals verletzt","Er steht unter Hypnose","Er hat sein Gedächtnis verloren","Er besitzt ein Sprachimplantat","A","Eine Halsverletzung verhindert zunächst Taylors Sprache.","Die Verletzung nimmt George Taylor (Charlton Heston) genau die Fähigkeit, mit der er seine Sonderstellung am schnellsten demonstrieren könnte. Seine Gesten und Versuche, sich verständlich zu machen, werden innerhalb eines bereits feststehenden Tierbildes gedeutet. Die Situation zeigt, wie stark Anerkennung von den Erwartungen des Beobachters abhängt. Ein vorhandenes Bewusstsein genügt nicht, wenn alle Zeichen dafür im falschen Deutungsrahmen gelesen werden.","Richtig. Eine Halsverletzung verhindert zunächst Taylors Sprache.","„Er steht unter Hypnose“ trifft hier nicht zu. Eine Halsverletzung verhindert zunächst Taylors Sprache.","„Er hat sein Gedächtnis verloren“ trifft hier nicht zu. Eine Halsverletzung verhindert zunächst Taylors Sprache.","„Er besitzt ein Sprachimplantat“ trifft hier nicht zu. Eine Halsverletzung verhindert zunächst Taylors Sprache.","Verletzter Hals, verweigerte Anerkennung.","Handlung","https://en.wikipedia.org/wiki/Planet_of_the_Apes_(1968_film)|https://en.wikipedia.org/wiki/Franklin_J._Schaffner","redaktionell_geprueft"
"SF-202609-P02-S-014","K-SF-202609-P02-S-014","","de","Film","Science-Fiction","Planet der Affen","Planet of the Apes","1968","Planet der Affen – Originalreihe","schwer","Filmwissen","Dystopie|Classics","Dystopie|Classics","John Chambers verantwortete das prägende Affen-Make-up.","„Planet der Affen“ (1968): Wer entwickelte das prägende Affen-Make-up?","Rob Bottin","John Chambers","Rick Baker","Stan Winston","B","John Chambers verantwortete das prägende Affen-Make-up.","Die Masken müssen gleichzeitig eine andere Spezies zeigen und menschliche Darstellerleistung lesbar lassen. Besonders Zira (Kim Hunter) und Cornelius (Roddy McDowall) benötigen differenzierte Reaktionen, damit ihre Gespräche nicht wie ein bloßes Kostümspiel wirken. Das Make-up ist deshalb eng mit der Glaubwürdigkeit der Gesellschaft verbunden. Es ermöglicht nicht nur einen spektakulären Anblick, sondern trägt die politischen und persönlichen Auseinandersetzungen des Films.","„Rob Bottin“ trifft hier nicht zu. John Chambers verantwortete das prägende Affen-Make-up.","Richtig. John Chambers verantwortete das prägende Affen-Make-up.","„Rick Baker“ trifft hier nicht zu. John Chambers verantwortete das prägende Affen-Make-up.","„Stan Winston“ trifft hier nicht zu. John Chambers verantwortete das prägende Affen-Make-up.","Chambers gibt der Affengesellschaft Gesichter.","keine","https://en.wikipedia.org/wiki/Planet_of_the_Apes_(1968_film)|https://en.wikipedia.org/wiki/Franklin_J._Schaffner","redaktionell_geprueft"
"SF-202609-P02-L-015","K-SF-202609-P02-L-015","","de","Film","Science-Fiction","Lautlos im Weltraum","Silent Running","1972","","leicht","Figuren","Ökologie|Roboter|Classics","Ökologie|Roboter|Classics","Bruce Dern spielt Freeman Lowell.","„Lautlos im Weltraum“ (1972): Wer spielt den Botaniker Freeman Lowell?","Donald Sutherland","Peter Fonda","Bruce Dern","Robert Duvall","C","Bruce Dern spielt Freeman Lowell.","Freeman Lowell (Bruce Dern) wird nicht als makelloser Vertreter einer richtigen Sache gezeichnet. Seine Pflegearbeit ist geduldig und genau, sein Verhältnis zur übrigen Besatzung dagegen angespannt. Diese Mischung macht die Figur interessant: Der Schutz von Pflanzen und Tieren garantiert noch kein gutes menschliches Zusammenleben. Der Film lässt ökologische Sorge und problematisches Verhalten nebeneinander sichtbar werden, statt die Hauptfigur durchgehend zu idealisieren.","„Donald Sutherland“ trifft hier nicht zu. Bruce Dern spielt Freeman Lowell.","„Peter Fonda“ trifft hier nicht zu. Bruce Dern spielt Freeman Lowell.","Richtig. Bruce Dern spielt Freeman Lowell.","„Robert Duvall“ trifft hier nicht zu. Bruce Dern spielt Freeman Lowell.","Bruce Dern bewahrt den letzten Wald.","keine","https://en.wikipedia.org/wiki/Silent_Running|https://en.wikipedia.org/wiki/Douglas_Trumbull","redaktionell_geprueft"
"SF-202609-P02-L-016","K-SF-202609-P02-L-016","","de","Film","Science-Fiction","Lautlos im Weltraum","Silent Running","1972","","leicht","Weltwissen","Ökologie|Roboter|Classics","Ökologie|Roboter|Classics","Die Kuppeln beherbergen verbliebene Waldökosysteme der Erde.","„Lautlos im Weltraum“ (1972): Was bewahren die großen Kuppeln der Raumfrachter?","Außerirdische Mineralien","Historische Stadtmodelle","Gefrorene menschliche Gehirne","Die letzten irdischen Wälder","D","Die Kuppeln beherbergen verbliebene Waldökosysteme der Erde.","Die Wälder werden nicht auf einige kostbare Samen reduziert, sondern als begehbare Lebensräume gezeigt. Freeman Lowell (Bruce Dern) bewegt sich zwischen Technik, Pflanzen und kleinen Tieren. Die Kuppeln veranschaulichen damit ein ökologisches System, das Pflege, Licht und Zeit benötigt. Ihr Wert ist gerade nicht aus kurzfristigem wirtschaftlichem Nutzen abzuleiten. Die räumliche Kostbarkeit steht im deutlichen Gegensatz zur Weite des umgebenden Alls.","„Außerirdische Mineralien“ trifft hier nicht zu. Die Kuppeln beherbergen verbliebene Waldökosysteme der Erde.","„Historische Stadtmodelle“ trifft hier nicht zu. Die Kuppeln beherbergen verbliebene Waldökosysteme der Erde.","„Gefrorene menschliche Gehirne“ trifft hier nicht zu. Die Kuppeln beherbergen verbliebene Waldökosysteme der Erde.","Richtig. Die Kuppeln beherbergen verbliebene Waldökosysteme der Erde.","Wald unter Glas im Weltraum.","Handlung","https://en.wikipedia.org/wiki/Silent_Running|https://en.wikipedia.org/wiki/Douglas_Trumbull","redaktionell_geprueft"
"SF-202609-P02-M-015","K-SF-202609-P02-M-015","","de","Film","Science-Fiction","Lautlos im Weltraum","Silent Running","1972","","mittel","Raumfahrt","Ökologie|Roboter|Classics","Ökologie|Roboter|Classics","Lowell arbeitet auf der Valley Forge.","„Lautlos im Weltraum“ (1972): Wie heißt Lowells Raumfrachter?","Sulaco","Discovery","Valley Forge","Nostromo","C","Lowell arbeitet auf der Valley Forge.","Der Frachter Valley Forge besitzt funktionale Innenräume, in denen sich der Alltag einer kleinen Mannschaft abspielt. Freeman Lowell (Bruce Dern) versteht seinen Arbeitsplatz zugleich als Zuflucht der Natur. Der Schiffstyp ist dabei wichtig: Eine kommerziell nutzbare Transportstruktur wurde mit einer besonderen Schutzaufgabe verbunden. Sobald diese Aufgabe politisch oder wirtschaftlich aufgegeben wird, geraten Lebensraum und Verwertungsinteresse unmittelbar miteinander in Konflikt.","„Sulaco“ trifft hier nicht zu. Lowell arbeitet auf der Valley Forge.","„Discovery“ trifft hier nicht zu. Lowell arbeitet auf der Valley Forge.","Richtig. Lowell arbeitet auf der Valley Forge.","„Nostromo“ trifft hier nicht zu. Lowell arbeitet auf der Valley Forge.","Valley Forge trägt die Waldkuppeln.","Handlung","https://en.wikipedia.org/wiki/Silent_Running|https://en.wikipedia.org/wiki/Douglas_Trumbull","redaktionell_geprueft"
"SF-202609-P02-M-016","K-SF-202609-P02-M-016","","de","Film","Science-Fiction","Lautlos im Weltraum","Silent Running","1972","","mittel","Handlung","Ökologie|Roboter|Classics","Ökologie|Roboter|Classics","Die Besatzung soll die Waldkuppeln abtrennen und zerstören.","„Lautlos im Weltraum“ (1972): Welcher Befehl löst Lowells Auflehnung aus?","Den Frachter anzugreifen","Die Erde sofort zu besiedeln","Alle Roboter abzuschalten","Die Waldkuppeln zu zerstören","D","Die Besatzung soll die Waldkuppeln abtrennen und zerstören.","Freeman Lowell (Bruce Dern) erlebt den Befehl nicht als gewöhnliche Änderung eines Arbeitsplans. Für ihn bedeutet er die Vernichtung dessen, wofür seine jahrelange Pflege überhaupt notwendig war. Der Film macht verständlich, warum die Anweisung ihn erschüttert, entschuldigt damit aber nicht automatisch jedes folgende Mittel. Gerade die Schwere seines Handelns verhindert, dass aus dem ökologischen Anliegen eine unkomplizierte Heldengeschichte wird.","„Den Frachter anzugreifen“ trifft hier nicht zu. Die Besatzung soll die Waldkuppeln abtrennen und zerstören.","„Die Erde sofort zu besiedeln“ trifft hier nicht zu. Die Besatzung soll die Waldkuppeln abtrennen und zerstören.","„Alle Roboter abzuschalten“ trifft hier nicht zu. Die Besatzung soll die Waldkuppeln abtrennen und zerstören.","Richtig. Die Besatzung soll die Waldkuppeln abtrennen und zerstören.","Der Vernichtungsbefehl zerstört Lowells Gehorsam.","Handlung","https://en.wikipedia.org/wiki/Silent_Running|https://en.wikipedia.org/wiki/Douglas_Trumbull","redaktionell_geprueft"
"SF-202609-P02-S-015","K-SF-202609-P02-S-015","","de","Film","Science-Fiction","Lautlos im Weltraum","Silent Running","1972","","schwer","Handlungsdetail","Ökologie|Roboter|Classics","Ökologie|Roboter|Classics","Den Pflanzen fehlt ausreichend Licht.","„Lautlos im Weltraum“ (1972): Welche fehlende Versorgung erkennt Lowell als Ursache für das Sterben der Pflanzen?","Künstliche Schwerkraft","Zusätzlicher Sauerstoff","Ausreichendes Licht","Salzhaltiges Wasser","C","Den Pflanzen fehlt ausreichend Licht.","Freeman Lowell (Bruce Dern) sucht lange nach der Ursache, obwohl die grundlegende Bedingung pflanzlichen Lebens naheliegt. Die Erkenntnis macht seine fachliche Leidenschaft nicht wertlos, zeigt aber Grenzen unter Isolation und Stress. Ausgerechnet in einer hochentwickelten technischen Umgebung bleibt die einfache Versorgung mit Licht entscheidend. Die Lösung ist deshalb kein spektakulärer neuer Antrieb, sondern die Wiederherstellung einer elementaren ökologischen Voraussetzung.","„Künstliche Schwerkraft“ trifft hier nicht zu. Den Pflanzen fehlt ausreichend Licht.","„Zusätzlicher Sauerstoff“ trifft hier nicht zu. Den Pflanzen fehlt ausreichend Licht.","Richtig. Den Pflanzen fehlt ausreichend Licht.","„Salzhaltiges Wasser“ trifft hier nicht zu. Den Pflanzen fehlt ausreichend Licht.","Auch im All brauchen Pflanzen Licht.","Auflösung","https://en.wikipedia.org/wiki/Silent_Running|https://en.wikipedia.org/wiki/Douglas_Trumbull","redaktionell_geprueft"
"SF-202609-P02-S-016","K-SF-202609-P02-S-016","","de","Film","Science-Fiction","Lautlos im Weltraum","Silent Running","1972","","schwer","Musik","Ökologie|Roboter|Classics","Ökologie|Roboter|Classics","Joan Baez singt Lieder auf dem Soundtrack.","„Lautlos im Weltraum“ (1972): Welche Sängerin ist mit Liedern auf dem Soundtrack vertreten?","Judy Collins","Joni Mitchell","Carole King","Joan Baez","D","Joan Baez singt Lieder auf dem Soundtrack.","Die gesungenen Passagen geben den Bildern der Pflanzenwelt einen anderen Ton als den mechanischen Arbeitsabläufen des Frachters. Joan Baez’ Stimme verbindet die ökologische Erzählung mit einer menschlich nahen, klagenden Empfindung. Das ist kein wissenschaftlicher Kommentar zur Funktionsweise der Kuppeln. Die Musik vermittelt vielmehr, warum deren Verlust emotional bedeutsam wäre, selbst wenn niemand auf der Erde unmittelbar einen wirtschaftlichen Schaden spüren sollte.","„Judy Collins“ trifft hier nicht zu. Joan Baez singt Lieder auf dem Soundtrack.","„Joni Mitchell“ trifft hier nicht zu. Joan Baez singt Lieder auf dem Soundtrack.","„Carole King“ trifft hier nicht zu. Joan Baez singt Lieder auf dem Soundtrack.","Richtig. Joan Baez singt Lieder auf dem Soundtrack.","Joan Baez gibt dem Wald eine Stimme.","keine","https://en.wikipedia.org/wiki/Silent_Running|https://en.wikipedia.org/wiki/Douglas_Trumbull","redaktionell_geprueft"
"SF-202609-P02-L-017","K-SF-202609-P02-L-017","","de","Film","Science-Fiction","Soylent Green – Jahr 2022… die überleben wollen","Soylent Green","1973","","leicht","Figuren","Dystopie|Classics","Dystopie|Classics","Robert Thorn ist Polizist.","„Soylent Green – Jahr 2022… die überleben wollen“ (1973): Welchen Beruf hat Robert Thorn?","Polizist","Biologe","Ingenieur","Fernsehmoderator","A","Robert Thorn ist Polizist.","Robert Thorn (Charlton Heston) erschließt die Zukunft nicht auf einer Forschungsreise, sondern über eine Mordermittlung. Das erlaubt Blicke in sehr unterschiedliche Lebensräume: überfüllte Wohnungen, privilegierte Apartments und die Infrastruktur der Versorgung. Seine Arbeit verbindet einzelne Spuren mit einem größeren gesellschaftlichen Zustand. Die dystopische Welt entsteht dadurch aus beobachtbaren Unterschieden des Alltags und nicht ausschließlich aus einer erklärenden Einleitung über globale Probleme.","Richtig. Robert Thorn ist Polizist.","„Biologe“ trifft hier nicht zu. Robert Thorn ist Polizist.","„Ingenieur“ trifft hier nicht zu. Robert Thorn ist Polizist.","„Fernsehmoderator“ trifft hier nicht zu. Robert Thorn ist Polizist.","Thorn ermittelt in der Mangelgesellschaft.","keine","https://en.wikipedia.org/wiki/Soylent_Green|https://en.wikipedia.org/wiki/Richard_Fleischer","redaktionell_geprueft"
"SF-202609-P02-L-018","K-SF-202609-P02-L-018","","de","Film","Science-Fiction","Soylent Green – Jahr 2022… die überleben wollen","Soylent Green","1973","","leicht","Handlung","Dystopie|Classics","Dystopie|Classics","Soylent Green wird aus menschlichen Körpern hergestellt.","„Soylent Green – Jahr 2022… die überleben wollen“ (1973): Was ist die geheime Hauptzutat von Soylent Green?","Gemahlene Insekten","Menschliche Körper","Gezüchtete Algen","Synthetisches Getreide","B","Soylent Green wird aus menschlichen Körpern hergestellt.","Robert Thorn (Charlton Heston) muss eine Versorgungskette nachvollziehen, deren öffentliches Bild gezielt irreführend ist. Die Enthüllung verwandelt ein vertrautes Konsumprodukt in den materiellen Ausdruck einer zerstörten Gesellschaft. Entscheidend ist nicht bloß der Schock des Inhalts. Der Film zeigt auch, wie eine Institution ihre lebensnotwendige Funktion benutzt, um Nachfragen abzuwehren und die Abhängigkeit der Bevölkerung für sich zu erhalten.","„Gemahlene Insekten“ trifft hier nicht zu. Soylent Green wird aus menschlichen Körpern hergestellt.","Richtig. Soylent Green wird aus menschlichen Körpern hergestellt.","„Gezüchtete Algen“ trifft hier nicht zu. Soylent Green wird aus menschlichen Körpern hergestellt.","„Synthetisches Getreide“ trifft hier nicht zu. Soylent Green wird aus menschlichen Körpern hergestellt.","Das Produkt verbirgt seine menschliche Herkunft.","Auflösung","https://en.wikipedia.org/wiki/Soylent_Green|https://en.wikipedia.org/wiki/Richard_Fleischer","redaktionell_geprueft"
"SF-202609-P02-M-017","K-SF-202609-P02-M-017","","de","Film","Science-Fiction","Soylent Green – Jahr 2022… die überleben wollen","Soylent Green","1973","","mittel","Figuren","Dystopie|Classics","Dystopie|Classics","Edward G. Robinson spielt Sol Roth.","„Soylent Green – Jahr 2022… die überleben wollen“ (1973): Wer spielt Thorns älteren Mitbewohner Sol Roth?","Edward G. Robinson","Joseph Cotten","Walter Brennan","Burgess Meredith","A","Edward G. Robinson spielt Sol Roth.","Sol Roth (Edward G. Robinson) erinnert sich an eine Welt, deren Selbstverständlichkeiten Robert Thorn (Charlton Heston) kaum kennt. Lebensmittel, Natur und Lebensqualität erhalten durch ihn eine historische Tiefe. Seine Erinnerungen sind mehr als nostalgische Ausschmückung: Sie geben dem Publikum einen Maßstab dafür, wie viel verloren ging. Der Unterschied zwischen beiden Männern wird besonders dort spürbar, wo eine einfache Mahlzeit plötzlich außergewöhnlichen Wert besitzt.","Richtig. Edward G. Robinson spielt Sol Roth.","„Joseph Cotten“ trifft hier nicht zu. Edward G. Robinson spielt Sol Roth.","„Walter Brennan“ trifft hier nicht zu. Edward G. Robinson spielt Sol Roth.","„Burgess Meredith“ trifft hier nicht zu. Edward G. Robinson spielt Sol Roth.","Robinson bewahrt die Erinnerung an eine andere Welt.","keine","https://en.wikipedia.org/wiki/Soylent_Green|https://en.wikipedia.org/wiki/Richard_Fleischer","redaktionell_geprueft"
"SF-202609-P02-M-018","K-SF-202609-P02-M-018","","de","Film","Science-Fiction","Soylent Green – Jahr 2022… die überleben wollen","Soylent Green","1973","","mittel","Weltwissen","Dystopie|Classics","Dystopie|Classics","Offiziell wird Soylent Green als Produkt aus Plankton beworben.","„Soylent Green – Jahr 2022… die überleben wollen“ (1973): Aus welchem Rohstoff soll Soylent Green laut offizieller Darstellung bestehen?","Kartoffelstärke","Plankton","Hülsenfrüchten","Milcheiweiß","B","Offiziell wird Soylent Green als Produkt aus Plankton beworben.","Die Behauptung einer marinen Rohstoffquelle klingt in einer überfüllten Welt zunächst plausibel. Sol Roth (Edward G. Robinson) nimmt jedoch Unterlagen zur Meereslage ernst und prüft die Geschichte gegen verfügbare Informationen. Damit zeigt der Film eine unspektakuläre Form von Widerstand: genau lesen, Aussagen vergleichen und einen Widerspruch nicht übergehen. Die vermeintlich einfache Werbeaussage führt so zu einer weitreichenden Ermittlung.","„Kartoffelstärke“ trifft hier nicht zu. Offiziell wird Soylent Green als Produkt aus Plankton beworben.","Richtig. Offiziell wird Soylent Green als Produkt aus Plankton beworben.","„Hülsenfrüchten“ trifft hier nicht zu. Offiziell wird Soylent Green als Produkt aus Plankton beworben.","„Milcheiweiß“ trifft hier nicht zu. Offiziell wird Soylent Green als Produkt aus Plankton beworben.","Die offizielle Geschichte lautet: Plankton.","Handlung","https://en.wikipedia.org/wiki/Soylent_Green|https://en.wikipedia.org/wiki/Richard_Fleischer","redaktionell_geprueft"
"SF-202609-P02-S-017","K-SF-202609-P02-S-017","","de","Film","Science-Fiction","Soylent Green – Jahr 2022… die überleben wollen","Soylent Green","1973","","schwer","Literatur","Dystopie|Classics","Dystopie|Classics","Die Vorlage heißt Make Room! Make Room!.","„Soylent Green – Jahr 2022… die überleben wollen“ (1973): Wie heißt Harry Harrisons Romanvorlage im Original?","Make Room! Make Room!","The Drowned World","Stand on Zanzibar","The Sheep Look Up","A","Die Vorlage heißt Make Room! Make Room!.","Harry Harrisons Roman behandelt Ressourcenknappheit und Überbevölkerung, doch die bekannte Zuspitzung des Films darf nicht einfach auf das Buch übertragen werden. Gerade bei berühmten Adaptionen verschmilzt die Erinnerung leicht zu einem einzigen Werk. Für eine genaue Einordnung lohnt deshalb die Trennung: Der Film verwendet zentrale gesellschaftliche Ausgangsfragen, entwickelt daraus aber eine eigene Kriminalhandlung mit einer besonders zugespitzten Enthüllung.","Richtig. Die Vorlage heißt Make Room! Make Room!.","„The Drowned World“ trifft hier nicht zu. Die Vorlage heißt Make Room! Make Room!.","„Stand on Zanzibar“ trifft hier nicht zu. Die Vorlage heißt Make Room! Make Room!.","„The Sheep Look Up“ trifft hier nicht zu. Die Vorlage heißt Make Room! Make Room!.","Harrisons Roman und Filmauflösung nicht gleichsetzen.","keine","https://en.wikipedia.org/wiki/Soylent_Green|https://en.wikipedia.org/wiki/Richard_Fleischer","redaktionell_geprueft"
"SF-202609-P02-S-018","K-SF-202609-P02-S-018","","de","Film","Science-Fiction","Soylent Green – Jahr 2022… die überleben wollen","Soylent Green","1973","","schwer","Handlungsdetail","Dystopie|Classics","Dystopie|Classics","Sol sieht großformatige Naturbilder.","„Soylent Green – Jahr 2022… die überleben wollen“ (1973): Was zeigt die Einrichtung Sol während seines freiwillig gewählten Sterbens?","Aufnahmen seiner Kindheit","Bilder unzerstörter Natur","Nachrichten aus dem Weltraum","Werbung für neue Wohnungen","B","Sol sieht großformatige Naturbilder.","Sol Roth (Edward G. Robinson) bekommt Landschaften zu sehen, die Robert Thorn (Charlton Heston) nicht aus eigener Erfahrung kennt. Die Schönheit der Projektion wirkt deshalb doppelt: Sie tröstet und dokumentiert zugleich einen Verlust. Natur existiert hier als institutionell verwaltetes Bild, während die Lebensumwelt außerhalb der Einrichtung verarmt ist. Die Szene verbindet ein persönliches Abschiedserlebnis mit der Frage, was von einer zerstörten Welt überhaupt übrig bleibt.","„Aufnahmen seiner Kindheit“ trifft hier nicht zu. Sol sieht großformatige Naturbilder.","Richtig. Sol sieht großformatige Naturbilder.","„Nachrichten aus dem Weltraum“ trifft hier nicht zu. Sol sieht großformatige Naturbilder.","„Werbung für neue Wohnungen“ trifft hier nicht zu. Sol sieht großformatige Naturbilder.","Natur wird zum letzten projizierten Erlebnis.","Handlung","https://en.wikipedia.org/wiki/Soylent_Green|https://en.wikipedia.org/wiki/Richard_Fleischer","redaktionell_geprueft"
"SF-202609-P02-L-019","K-SF-202609-P02-L-019","","de","Film","Science-Fiction","Flucht ins 23. Jahrhundert","Logan's Run","1976","","leicht","Weltwissen","Dystopie|Classics","Dystopie|Classics","Das Karussell erwartet die Bewohner mit dreißig Jahren.","„Flucht ins 23. Jahrhundert“ (1976): Mit welchem Alter müssen die Bewohner zum Karussell-Ritual antreten?","Zwanzig","Fünfzig","Dreißig","Vierzig","C","Das Karussell erwartet die Bewohner mit dreißig Jahren.","Logan 5 (Michael York) lebt zunächst innerhalb einer Ordnung, die Jugend und Vergnügen verspricht, aber die Lebenszeit strikt begrenzt. Das Ritual macht aus der Tötung ein öffentliches Schauspiel mit angeblicher Erneuerung. Dadurch wirkt die Kontrolle nicht nur durch Gewalt. Sie wird auch durch Bilder, gemeinsame Erwartungen und die Bereitschaft getragen, eine unbequeme Frage nach dem tatsächlichen Schicksal der Teilnehmer zu vermeiden.","„Zwanzig“ trifft hier nicht zu. Das Karussell erwartet die Bewohner mit dreißig Jahren.","„Fünfzig“ trifft hier nicht zu. Das Karussell erwartet die Bewohner mit dreißig Jahren.","Richtig. Das Karussell erwartet die Bewohner mit dreißig Jahren.","„Vierzig“ trifft hier nicht zu. Das Karussell erwartet die Bewohner mit dreißig Jahren.","Mit dreißig beginnt der letzte Tag.","Handlung","https://en.wikipedia.org/wiki/Logan%27s_Run_(film)|https://en.wikipedia.org/wiki/Michael_Anderson_(director)","redaktionell_geprueft"
"SF-202609-P02-L-020","K-SF-202609-P02-L-020","","de","Film","Science-Fiction","Flucht ins 23. Jahrhundert","Logan's Run","1976","","leicht","Figuren","Dystopie|Classics","Dystopie|Classics","Michael York spielt Logan 5.","„Flucht ins 23. Jahrhundert“ (1976): Wer spielt Logan 5?","Richard Jordan","David Hemmings","Malcolm McDowell","Michael York","D","Michael York spielt Logan 5.","Logan 5 (Michael York) ist zu Beginn selbst Teil der Verfolgungsorganisation. Sein Weg führt daher nicht einfach von äußerer Unterdrückung zu Freiheit. Er muss auch erkennen, wie seine bisherige Arbeit die Ordnung stabilisiert hat. Die vertraute Uniform und das routinierte Auftreten bekommen im Verlauf eine andere Bedeutung. Der Film nutzt diese Veränderung, um eine Fluchtgeschichte mit dem Verlust beruflicher Gewissheiten zu verbinden.","„Richard Jordan“ trifft hier nicht zu. Michael York spielt Logan 5.","„David Hemmings“ trifft hier nicht zu. Michael York spielt Logan 5.","„Malcolm McDowell“ trifft hier nicht zu. Michael York spielt Logan 5.","Richtig. Michael York spielt Logan 5.","Michael York wird vom Jäger zum Flüchtenden.","keine","https://en.wikipedia.org/wiki/Logan%27s_Run_(film)|https://en.wikipedia.org/wiki/Michael_Anderson_(director)","redaktionell_geprueft"
"SF-202609-P02-M-019","K-SF-202609-P02-M-019","","de","Film","Science-Fiction","Flucht ins 23. Jahrhundert","Logan's Run","1976","","mittel","Weltwissen","Dystopie|Classics","Dystopie|Classics","Die Verfolger werden Sandmänner genannt.","„Flucht ins 23. Jahrhundert“ (1976): Wie nennt man die Verfolger entkommener Bewohner?","Sucher","Wächter","Sandmänner","Sammler","C","Die Verfolger werden Sandmänner genannt.","Logan 5 (Michael York) und Francis 7 (Richard Jordan) gehören zunächst derselben Berufsgruppe an. Ihr Wissen über Fluchtwege und Abläufe stammt aus der Jagd auf andere. Wenn sich ihre Interessen trennen, bleibt dieses gemeinsame Training bestehen. Das macht die Verfolgung persönlicher als einen Konflikt mit anonymen Wachen: Ein früherer Kollege weiß, wie sein Gegenüber denkt und welche Möglichkeiten es wahrscheinlich nutzen wird.","„Sucher“ trifft hier nicht zu. Die Verfolger werden Sandmänner genannt.","„Wächter“ trifft hier nicht zu. Die Verfolger werden Sandmänner genannt.","Richtig. Die Verfolger werden Sandmänner genannt.","„Sammler“ trifft hier nicht zu. Die Verfolger werden Sandmänner genannt.","Sandmänner jagen die Läufer.","Handlung","https://en.wikipedia.org/wiki/Logan%27s_Run_(film)|https://en.wikipedia.org/wiki/Michael_Anderson_(director)","redaktionell_geprueft"
"SF-202609-P02-M-020","K-SF-202609-P02-M-020","","de","Film","Science-Fiction","Flucht ins 23. Jahrhundert","Logan's Run","1976","","mittel","Figuren","Dystopie|Classics","Dystopie|Classics","Jessica 6 begleitet Logan.","„Flucht ins 23. Jahrhundert“ (1976): Welche Frau begleitet Logan auf seiner Flucht?","Mary 2","Holly 13","Caroline 4","Jessica 6","D","Jessica 6 begleitet Logan.","Jessica 6 (Jenny Agutter) besitzt Verbindungen zu Menschen, die der offiziellen Ordnung nicht vertrauen. Ihre Begegnung mit Logan 5 (Michael York) ist deshalb zunächst durch Misstrauen geprägt. Sein Rang bietet keinen Grund, ihm automatisch zu glauben. Die gemeinsame Bewegung durch unterschiedliche Räume lässt Vertrauen schrittweise entstehen. Der Film gibt der Beziehung dadurch eine praktische Grundlage: Hilfe muss unter Bedingungen erfolgen, in denen jede falsche Einschätzung gefährlich ist.","„Mary 2“ trifft hier nicht zu. Jessica 6 begleitet Logan.","„Holly 13“ trifft hier nicht zu. Jessica 6 begleitet Logan.","„Caroline 4“ trifft hier nicht zu. Jessica 6 begleitet Logan.","Richtig. Jessica 6 begleitet Logan.","Jessica 6 führt aus der vertrauten Ordnung.","Handlung","https://en.wikipedia.org/wiki/Logan%27s_Run_(film)|https://en.wikipedia.org/wiki/Michael_Anderson_(director)","redaktionell_geprueft"
"SF-202609-P02-S-019","K-SF-202609-P02-S-019","","de","Film","Science-Fiction","Flucht ins 23. Jahrhundert","Logan's Run","1976","","schwer","Symbolik","Dystopie|Classics","Dystopie|Classics","Ein Anch-Kreuz dient als Zeichen für Sanctuary.","„Flucht ins 23. Jahrhundert“ (1976): Welches Zeichen verweist auf die gesuchte Zuflucht Sanctuary?","Ein fünfzackiger Stern","Eine geflügelte Sanduhr","Ein Anch-Kreuz","Ein geöffnetes Auge","C","Ein Anch-Kreuz dient als Zeichen für Sanctuary.","Das Anch verbindet das geheime Fluchtziel mit einem überlieferten Lebenssymbol. Logan 5 (Michael York) muss die Bedeutung eines Gegenstands entschlüsseln, den seine eigene Ordnung nur als Ermittlungsfund behandelt. Jessica 6 (Jenny Agutter) erkennt darin eine andere Hoffnung. Dass dasselbe Zeichen je nach Wissen eine andere Funktion erhält, macht es zum passenden Motiv für eine Gesellschaft, die ihren Bewohnern den Zugang zu Geschichte und Alternativen versperrt.","„Ein fünfzackiger Stern“ trifft hier nicht zu. Ein Anch-Kreuz dient als Zeichen für Sanctuary.","„Eine geflügelte Sanduhr“ trifft hier nicht zu. Ein Anch-Kreuz dient als Zeichen für Sanctuary.","Richtig. Ein Anch-Kreuz dient als Zeichen für Sanctuary.","„Ein geöffnetes Auge“ trifft hier nicht zu. Ein Anch-Kreuz dient als Zeichen für Sanctuary.","Anch: Lebenszeichen der gesuchten Zuflucht.","Handlung","https://en.wikipedia.org/wiki/Logan%27s_Run_(film)|https://en.wikipedia.org/wiki/Michael_Anderson_(director)","redaktionell_geprueft"
"SF-202609-P02-S-020","K-SF-202609-P02-S-020","","de","Film","Science-Fiction","Flucht ins 23. Jahrhundert","Logan's Run","1976","","schwer","Handlungsdetail","Dystopie|Classics","Dystopie|Classics","Außerhalb der Stadt lebt ein alter Mann mit Katzen.","„Flucht ins 23. Jahrhundert“ (1976): Wen treffen Logan und Jessica außerhalb der Kuppelstadt?","Eine Gruppe junger Soldaten","Eine Ärztin mit Robotern","Einen Priester mit Kindern","Einen alten Mann mit Katzen","D","Außerhalb der Stadt lebt ein alter Mann mit Katzen.","Der alte Mann (Peter Ustinov) ist für Logan 5 (Michael York) und Jessica 6 (Jenny Agutter) bereits durch seine Existenz ein Gegenbeweis. Sie haben Alter bislang kaum als normale menschliche Lebensphase erlebt. Das Gespräch muss deshalb bei grundlegenden Dingen beginnen, die dem Publikum selbstverständlich erscheinen. Die Szene ersetzt große technische Enthüllungen durch eine einfache Begegnung: Ein gelebtes Leben widerlegt eine ganze gesellschaftliche Erzählung.","„Eine Gruppe junger Soldaten“ trifft hier nicht zu. Außerhalb der Stadt lebt ein alter Mann mit Katzen.","„Eine Ärztin mit Robotern“ trifft hier nicht zu. Außerhalb der Stadt lebt ein alter Mann mit Katzen.","„Einen Priester mit Kindern“ trifft hier nicht zu. Außerhalb der Stadt lebt ein alter Mann mit Katzen.","Richtig. Außerhalb der Stadt lebt ein alter Mann mit Katzen.","Ein alter Mensch widerlegt das Karussell.","Auflösung","https://en.wikipedia.org/wiki/Logan%27s_Run_(film)|https://en.wikipedia.org/wiki/Michael_Anderson_(director)","redaktionell_geprueft"
"SF-202609-P02-L-021","K-SF-202609-P02-L-021","","de","Film","Science-Fiction","Unheimliche Begegnung der dritten Art","Close Encounters of the Third Kind","1977","","leicht","Figuren","Erstkontakt|Classics","Erstkontakt|Classics","Richard Dreyfuss spielt Roy Neary.","„Unheimliche Begegnung der dritten Art“ (1977): Wer spielt Roy Neary?","Richard Dreyfuss","Dustin Hoffman","Roy Scheider","Gene Hackman","A","Richard Dreyfuss spielt Roy Neary.","Roy Neary (Richard Dreyfuss) ist kein professioneller Weltraumforscher. Seine Begegnung greift in einen gewöhnlichen Familien- und Arbeitsalltag ein. Gerade deshalb wirkt seine wachsende Besessenheit nicht wie ein planmäßig begonnenes Abenteuer. Die vertraute Umgebung reagiert mit Unverständnis. Der Film lässt das Staunen über das Unbekannte neben den sehr konkreten Belastungen stehen, die Roys Verhalten für die Menschen um ihn herum verursacht.","Richtig. Richard Dreyfuss spielt Roy Neary.","„Dustin Hoffman“ trifft hier nicht zu. Richard Dreyfuss spielt Roy Neary.","„Roy Scheider“ trifft hier nicht zu. Richard Dreyfuss spielt Roy Neary.","„Gene Hackman“ trifft hier nicht zu. Richard Dreyfuss spielt Roy Neary.","Dreyfuss erlebt das Unbegreifliche im Alltag.","keine","https://en.wikipedia.org/wiki/Close_Encounters_of_the_Third_Kind|https://en.wikipedia.org/wiki/Steven_Spielberg","redaktionell_geprueft"
"SF-202609-P02-L-022","K-SF-202609-P02-L-022","","de","Film","Science-Fiction","Unheimliche Begegnung der dritten Art","Close Encounters of the Third Kind","1977","","leicht","Verständigung","Erstkontakt|Classics","Erstkontakt|Classics","Eine fünftönige musikalische Folge dient der Verständigung.","„Unheimliche Begegnung der dritten Art“ (1977): Welches Mittel wird beim Kontakt besonders wichtig?","Eine Reihe von Handschriften","Eine Folge aus fünf Tönen","Eine Folge aus fünf Gerüchen","Eine Reihe von Fotografien","B","Eine fünftönige musikalische Folge dient der Verständigung.","Die Tonfolge lässt sich wiederholen, variieren und mit Licht verbinden. Damit entsteht ein Kontaktversuch, der nicht voraussetzt, dass beide Seiten bereits dieselben Wörter kennen. Claude Lacombe (François Truffaut) nähert sich der Begegnung durch Beobachtung und Geduld. Die große technische Apparatur bleibt wichtig, doch das eigentliche Ereignis ist ein Antwortverhältnis: Auf ein wahrnehmbares Zeichen folgt ein anderes, das als Reaktion verstanden werden kann.","„Eine Reihe von Handschriften“ trifft hier nicht zu. Eine fünftönige musikalische Folge dient der Verständigung.","Richtig. Eine fünftönige musikalische Folge dient der Verständigung.","„Eine Folge aus fünf Gerüchen“ trifft hier nicht zu. Eine fünftönige musikalische Folge dient der Verständigung.","„Eine Reihe von Fotografien“ trifft hier nicht zu. Eine fünftönige musikalische Folge dient der Verständigung.","Fünf Töne öffnen den Dialog.","Handlung","https://en.wikipedia.org/wiki/Close_Encounters_of_the_Third_Kind|https://en.wikipedia.org/wiki/Steven_Spielberg","redaktionell_geprueft"
"SF-202609-P02-M-021","K-SF-202609-P02-M-021","","de","Film","Science-Fiction","Unheimliche Begegnung der dritten Art","Close Encounters of the Third Kind","1977","","mittel","Schauplatz","Erstkontakt|Classics","Erstkontakt|Classics","Der Treffpunkt liegt am Devils Tower.","„Unheimliche Begegnung der dritten Art“ (1977): Welche markante Felsformation wird zum Treffpunkt?","Devils Tower","Shiprock","Ayers Rock","Half Dome","A","Der Treffpunkt liegt am Devils Tower.","Roy Neary (Richard Dreyfuss) erkennt die Form zunächst nicht als konkreten Ort. Er versucht, ein wiederkehrendes inneres Bild mit Gegenständen und Materialien nachzubilden. Erst die Verbindung zur realen Landschaft ordnet seine Handlungen neu. Der Film macht Erkenntnis dadurch körperlich und handwerklich sichtbar: Eine Vorstellung wird geknetet, gebaut und verglichen, bevor sie als geografische Information einen Namen und ein Ziel bekommt.","Richtig. Der Treffpunkt liegt am Devils Tower.","„Shiprock“ trifft hier nicht zu. Der Treffpunkt liegt am Devils Tower.","„Ayers Rock“ trifft hier nicht zu. Der Treffpunkt liegt am Devils Tower.","„Half Dome“ trifft hier nicht zu. Der Treffpunkt liegt am Devils Tower.","Das innere Bergbild führt zum Devils Tower.","Handlung","https://en.wikipedia.org/wiki/Close_Encounters_of_the_Third_Kind|https://en.wikipedia.org/wiki/Steven_Spielberg","redaktionell_geprueft"
"SF-202609-P02-M-022","K-SF-202609-P02-M-022","","de","Film","Science-Fiction","Unheimliche Begegnung der dritten Art","Close Encounters of the Third Kind","1977","","mittel","Besetzung","Erstkontakt|Classics","Erstkontakt|Classics","François Truffaut spielt Claude Lacombe.","„Unheimliche Begegnung der dritten Art“ (1977): Welcher französische Regisseur spielt Claude Lacombe?","Claude Chabrol","François Truffaut","Jean-Luc Godard","Louis Malle","B","François Truffaut spielt Claude Lacombe.","Claude Lacombe (François Truffaut) beobachtet mit einer Ruhe, die sich von den hektischen Absicherungen um ihn herum abhebt. Truffauts Besetzung bringt zudem einen bekannten Vertreter des französischen Autorenkinos in eine amerikanische Großproduktion. Im Film zählt jedoch seine konkrete Präsenz: Er wirkt als jemand, der zuhören und Ungewissheit aushalten kann. Verständigung erscheint dadurch nicht ausschließlich als Ergebnis militärischer oder technischer Überlegenheit.","„Claude Chabrol“ trifft hier nicht zu. François Truffaut spielt Claude Lacombe.","Richtig. François Truffaut spielt Claude Lacombe.","„Jean-Luc Godard“ trifft hier nicht zu. François Truffaut spielt Claude Lacombe.","„Louis Malle“ trifft hier nicht zu. François Truffaut spielt Claude Lacombe.","Truffaut spielt den geduldigen Forscher Lacombe.","keine","https://en.wikipedia.org/wiki/Close_Encounters_of_the_Third_Kind|https://en.wikipedia.org/wiki/Steven_Spielberg","redaktionell_geprueft"
"SF-202609-P02-S-021","K-SF-202609-P02-S-021","","de","Film","Science-Fiction","Unheimliche Begegnung der dritten Art","Close Encounters of the Third Kind","1977","","schwer","Handlungsdetail","Erstkontakt|Classics","Erstkontakt|Classics","Roy formt den Berg aus Kartoffelpüree.","„Unheimliche Begegnung der dritten Art“ (1977): Aus welchem Essen formt Roy beim Abendessen die rätselhafte Berggestalt?","Kartoffelpüree","Wackelpudding","Milchreis","Spaghetti","A","Roy formt den Berg aus Kartoffelpüree.","Roy Neary (Richard Dreyfuss) verwandelt einen gewöhnlichen Bestandteil des Familienessens in ein Modell seines inneren Bildes. Die Szene ist zugleich komisch und beunruhigend, weil eine private Obsession mitten in einen sozialen Ablauf hineinragt. Seine Angehörigen können das Verhalten nicht mit der gleichen Gewissheit lesen wie er. Eine billige, weiche Masse zeigt so anschaulich, wie vollständig eine Vorstellung seinen Alltag besetzt.","Richtig. Roy formt den Berg aus Kartoffelpüree.","„Wackelpudding“ trifft hier nicht zu. Roy formt den Berg aus Kartoffelpüree.","„Milchreis“ trifft hier nicht zu. Roy formt den Berg aus Kartoffelpüree.","„Spaghetti“ trifft hier nicht zu. Roy formt den Berg aus Kartoffelpüree.","Kartoffelpüree wird zum Bergmodell.","Handlung","https://en.wikipedia.org/wiki/Close_Encounters_of_the_Third_Kind|https://en.wikipedia.org/wiki/Steven_Spielberg","redaktionell_geprueft"
"SF-202609-P02-S-022","K-SF-202609-P02-S-022","","de","Film","Science-Fiction","Unheimliche Begegnung der dritten Art","Close Encounters of the Third Kind","1977","","schwer","Handlungsdetail","Erstkontakt|Classics","Erstkontakt|Classics","Die Flugzeuge von Flight 19 werden in der Wüste gefunden.","„Unheimliche Begegnung der dritten Art“ (1977): Welche seit 1945 vermisste Flugzeuggruppe taucht zu Beginn in der Wüste auf?","Flight 571","Flight 19","Flight 401","Flight 800","B","Die Flugzeuge von Flight 19 werden in der Wüste gefunden.","Die unbeschädigten Maschinen stehen am falschen Ort und passen nicht zur verstrichenen Zeit. Claude Lacombe (François Truffaut) untersucht damit zunächst ein materielles Rätsel, lange bevor die große Begegnung sichtbar wird. Die Eröffnung baut Erwartung durch Folgen eines Ereignisses auf, dessen Ursache fehlt. Vertraute historische Technik wirkt fremd, weil ihre räumliche und zeitliche Einordnung nicht mehr zu stimmen scheint.","„Flight 571“ trifft hier nicht zu. Die Flugzeuge von Flight 19 werden in der Wüste gefunden.","Richtig. Die Flugzeuge von Flight 19 werden in der Wüste gefunden.","„Flight 401“ trifft hier nicht zu. Die Flugzeuge von Flight 19 werden in der Wüste gefunden.","„Flight 800“ trifft hier nicht zu. Die Flugzeuge von Flight 19 werden in der Wüste gefunden.","Flight 19: Flugzeuge ohne passende Geschichte.","Handlung","https://en.wikipedia.org/wiki/Close_Encounters_of_the_Third_Kind|https://en.wikipedia.org/wiki/Steven_Spielberg","redaktionell_geprueft"
"SF-202609-P02-L-023","K-SF-202609-P02-L-023","","de","Film","Science-Fiction","Die Körperfresser kommen","Invasion of the Body Snatchers","1978","","leicht","Schauplatz","Invasion|Identität|Classics","Invasion|Identität|Classics","Die Handlung spielt in San Francisco.","„Die Körperfresser kommen“ (1978): In welcher Stadt spielt diese Verfilmung?","Seattle","Los Angeles","San Francisco","Boston","C","Die Handlung spielt in San Francisco.","San Francisco wird nicht als ferne Sonderwelt eingeführt. Büros, Straßen und Wohnungen bleiben erkennbar alltäglich, während sich die Beziehungen zwischen den Menschen verändern. Matthew Bennell (Donald Sutherland) muss in dieser Umgebung lernen, dass vertraute Gesichter keine Sicherheit mehr bieten. Der Schrecken entsteht dadurch aus kleinen Abweichungen im Gewöhnlichen und nicht erst aus einem offen sichtbaren Angriff auf die ganze Stadt.","„Seattle“ trifft hier nicht zu. Die Handlung spielt in San Francisco.","„Los Angeles“ trifft hier nicht zu. Die Handlung spielt in San Francisco.","Richtig. Die Handlung spielt in San Francisco.","„Boston“ trifft hier nicht zu. Die Handlung spielt in San Francisco.","Der Alltag San Franciscos wird verdächtig.","Handlung","https://en.wikipedia.org/wiki/Invasion_of_the_Body_Snatchers_(1978_film)|https://en.wikipedia.org/wiki/Philip_Kaufman","redaktionell_geprueft"
"SF-202609-P02-L-024","K-SF-202609-P02-L-024","","de","Film","Science-Fiction","Die Körperfresser kommen","Invasion of the Body Snatchers","1978","","leicht","Besetzung","Invasion|Identität|Classics","Invasion|Identität|Classics","Donald Sutherland spielt Matthew Bennell.","„Die Körperfresser kommen“ (1978): Wer spielt Matthew Bennell?","Leonard Nimoy","Jeff Goldblum","Kevin McCarthy","Donald Sutherland","D","Donald Sutherland spielt Matthew Bennell.","Matthew Bennell (Donald Sutherland) ist beruflich an Prüfung und Beobachtung gewöhnt. Trotzdem helfen seine normalen Verfahren nur begrenzt, sobald die vermeintlich zuständigen Stellen selbst unzuverlässig werden. Seine Haltung verändert sich von sachlicher Skepsis zu alarmierter Vorsicht. Der Film nutzt diese Entwicklung, um das Publikum nicht sofort mit fertigem Wissen auszustatten, sondern die Bedrohung aus wiederholten, zunächst noch deutbaren Irritationen wachsen zu lassen.","„Leonard Nimoy“ trifft hier nicht zu. Donald Sutherland spielt Matthew Bennell.","„Jeff Goldblum“ trifft hier nicht zu. Donald Sutherland spielt Matthew Bennell.","„Kevin McCarthy“ trifft hier nicht zu. Donald Sutherland spielt Matthew Bennell.","Richtig. Donald Sutherland spielt Matthew Bennell.","Sutherland prüft eine zunehmend unprüfbare Welt.","keine","https://en.wikipedia.org/wiki/Invasion_of_the_Body_Snatchers_(1978_film)|https://en.wikipedia.org/wiki/Philip_Kaufman","redaktionell_geprueft"
"SF-202609-P02-M-023","K-SF-202609-P02-M-023","","de","Film","Science-Fiction","Die Körperfresser kommen","Invasion of the Body Snatchers","1978","","mittel","Weltwissen","Invasion|Identität|Classics","Invasion|Identität|Classics","Die Ersetzung erfolgt während des Schlafs.","„Die Körperfresser kommen“ (1978): Wann werden Menschen besonders anfällig für die Ersetzung durch Doppelgänger?","Während sie schwimmen","Während sie essen","Während sie schlafen","Während sie sprechen","C","Die Ersetzung erfolgt während des Schlafs.","Matthew Bennell (Donald Sutherland) und Elizabeth Driscoll (Brooke Adams) können der Gefahr nicht unbegrenzt durch Wachsamkeit entkommen. Schlaf ist ein körperliches Bedürfnis, kein vermeidbarer Leichtsinn. Das macht die Regel besonders wirksam: Je erschöpfter die Flüchtenden werden, desto notwendiger und zugleich gefährlicher wird die Erholung. Der Film verwandelt damit eine gewöhnliche Schutzphase des Körpers in den Moment größter Verletzlichkeit.","„Während sie schwimmen“ trifft hier nicht zu. Die Ersetzung erfolgt während des Schlafs.","„Während sie essen“ trifft hier nicht zu. Die Ersetzung erfolgt während des Schlafs.","Richtig. Die Ersetzung erfolgt während des Schlafs.","„Während sie sprechen“ trifft hier nicht zu. Die Ersetzung erfolgt während des Schlafs.","Schlaf öffnet den Doppelgängern die Tür.","Handlung","https://en.wikipedia.org/wiki/Invasion_of_the_Body_Snatchers_(1978_film)|https://en.wikipedia.org/wiki/Philip_Kaufman","redaktionell_geprueft"
"SF-202609-P02-M-024","K-SF-202609-P02-M-024","","de","Film","Science-Fiction","Die Körperfresser kommen","Invasion of the Body Snatchers","1978","","mittel","Figuren","Invasion|Identität|Classics","Invasion|Identität|Classics","Leonard Nimoy spielt David Kibner.","„Die Körperfresser kommen“ (1978): Welcher Schauspieler verkörpert den Psychiater David Kibner?","Donald Pleasence","Peter Cushing","Christopher Lee","Leonard Nimoy","D","Leonard Nimoy spielt David Kibner.","David Kibner (Leonard Nimoy) besitzt die gesellschaftliche Autorität eines Experten für menschliches Verhalten. Seine beruhigenden Erklärungen wirken deshalb zunächst plausibel. Elizabeth Driscoll (Brooke Adams) erlebt jedoch eine Veränderung, die sich damit nicht einfach erledigt. Die Figur zeigt, wie gefährlich fachliche Sprache werden kann, wenn sie konkrete Wahrnehmungen vorschnell abwertet. Beruhigung und Verstehen sind in dieser Situation nicht dasselbe.","„Donald Pleasence“ trifft hier nicht zu. Leonard Nimoy spielt David Kibner.","„Peter Cushing“ trifft hier nicht zu. Leonard Nimoy spielt David Kibner.","„Christopher Lee“ trifft hier nicht zu. Leonard Nimoy spielt David Kibner.","Richtig. Leonard Nimoy spielt David Kibner.","Nimoys Kibner erklärt die Sorgen zunächst weg.","keine","https://en.wikipedia.org/wiki/Invasion_of_the_Body_Snatchers_(1978_film)|https://en.wikipedia.org/wiki/Philip_Kaufman","redaktionell_geprueft"
"SF-202609-P02-S-023","K-SF-202609-P02-S-023","","de","Film","Science-Fiction","Die Körperfresser kommen","Invasion of the Body Snatchers","1978","","schwer","Handlung","Invasion|Identität|Classics","Invasion|Identität|Classics","Matthew zeigt auf Nancy und stößt den typischen Schrei aus.","„Die Körperfresser kommen“ (1978): Wie verrät sich Matthew im Schlussbild als Doppelgänger?","Durch einen metallischen Händedruck","Durch eine fremde Tätowierung","Durch einen schrillen Schrei und Zeigegeste","Durch leuchtende Augen","C","Matthew zeigt auf Nancy und stößt den typischen Schrei aus.","Nancy Bellicec (Veronica Cartwright) hofft beim Wiedersehen mit Matthew Bennell (Donald Sutherland) auf einen verbliebenen Verbündeten. Das Schlussbild zerstört diese Hoffnung durch eine kurze, körperliche Reaktion. Es braucht keine nachträgliche Erklärung des gesamten Ablaufs. Die bereits bekannte Geste genügt, um den Status der Figur neu zu bestimmen und das Sicherheitsgefühl, das ihr vertrautes Gesicht noch erzeugt hatte, vollständig aufzulösen.","„Durch einen metallischen Händedruck“ trifft hier nicht zu. Matthew zeigt auf Nancy und stößt den typischen Schrei aus.","„Durch eine fremde Tätowierung“ trifft hier nicht zu. Matthew zeigt auf Nancy und stößt den typischen Schrei aus.","Richtig. Matthew zeigt auf Nancy und stößt den typischen Schrei aus.","„Durch leuchtende Augen“ trifft hier nicht zu. Matthew zeigt auf Nancy und stößt den typischen Schrei aus.","Vertrautes Gesicht, verräterischer Schrei.","Auflösung","https://en.wikipedia.org/wiki/Invasion_of_the_Body_Snatchers_(1978_film)|https://en.wikipedia.org/wiki/Philip_Kaufman","redaktionell_geprueft"
"SF-202609-P02-S-024","K-SF-202609-P02-S-024","","de","Film","Science-Fiction","Die Körperfresser kommen","Invasion of the Body Snatchers","1978","","schwer","Filmgeschichte","Invasion|Identität|Classics","Invasion|Identität|Classics","Kevin McCarthy erscheint als warnender Mann auf der Straße.","„Die Körperfresser kommen“ (1978): Welcher Hauptdarsteller der Verfilmung von 1956 hat hier einen warnenden Gastauftritt?","Richard Carlson","Gene Barry","Kenneth Tobey","Kevin McCarthy","D","Kevin McCarthy erscheint als warnender Mann auf der Straße.","Der warnende Mann (Kevin McCarthy) rennt in einer Szene durch den Verkehr und versucht, andere auf die Gefahr aufmerksam zu machen. McCarthy hatte bereits im älteren Film die Hauptrolle gespielt. Der Gastauftritt verbindet die beiden Fassungen, ohne dass die neue Geschichte vollständig von diesem Vorwissen abhängt. Für Kenner erhält die Warnung eine zusätzliche Resonanz, während sie innerhalb der Handlung unmittelbar verständlich bleibt.","„Richard Carlson“ trifft hier nicht zu. Kevin McCarthy erscheint als warnender Mann auf der Straße.","„Gene Barry“ trifft hier nicht zu. Kevin McCarthy erscheint als warnender Mann auf der Straße.","„Kenneth Tobey“ trifft hier nicht zu. Kevin McCarthy erscheint als warnender Mann auf der Straße.","Richtig. Kevin McCarthy erscheint als warnender Mann auf der Straße.","McCarthy bringt die alte Warnung zurück.","keine","https://en.wikipedia.org/wiki/Invasion_of_the_Body_Snatchers_(1978_film)|https://en.wikipedia.org/wiki/Philip_Kaufman","redaktionell_geprueft"
"SF-202609-P02-L-025","K-SF-202609-P02-L-025","","de","Film","Science-Fiction","Das Ding aus einer anderen Welt","The Thing","1982","","leicht","Schauplatz","Isolation|Körperhorror|Classics","Isolation|Körperhorror|Classics","Die Forschungsstation liegt in der Antarktis.","„Das Ding aus einer anderen Welt“ (1982): Wo liegt die amerikanische Forschungsstation?","In der Antarktis","In Alaska","In Grönland","Auf Spitzbergen","A","Die Forschungsstation liegt in der Antarktis.","Die Antarktis begrenzt die Handlung nicht bloß durch Schnee und Kälte. Entfernung, Wetter und fehlende Ausweichmöglichkeiten machen die Station zu einem geschlossenen sozialen Raum. MacReady (Kurt Russell) kann einen Streit nicht durch einfaches Weggehen lösen. Jede Entscheidung betrifft zugleich Wärme, Transport und das Überleben der Gruppe. Die Landschaft bleibt weit, doch für die eingeschlossenen Menschen schrumpft der praktisch nutzbare Raum immer weiter.","Richtig. Die Forschungsstation liegt in der Antarktis.","„In Alaska“ trifft hier nicht zu. Die Forschungsstation liegt in der Antarktis.","„In Grönland“ trifft hier nicht zu. Die Forschungsstation liegt in der Antarktis.","„Auf Spitzbergen“ trifft hier nicht zu. Die Forschungsstation liegt in der Antarktis.","Unendliches Eis, kaum Fluchtmöglichkeiten.","Handlung","https://en.wikipedia.org/wiki/The_Thing_(1982_film)|https://en.wikipedia.org/wiki/John_Carpenter","redaktionell_geprueft"
"SF-202609-P02-L-026","K-SF-202609-P02-L-026","","de","Film","Science-Fiction","Das Ding aus einer anderen Welt","The Thing","1982","","leicht","Besetzung","Isolation|Körperhorror|Classics","Isolation|Körperhorror|Classics","Kurt Russell spielt R. J. MacReady.","„Das Ding aus einer anderen Welt“ (1982): Wer spielt den Hubschrauberpiloten MacReady?","Keith David","Kurt Russell","Nick Nolte","Jeff Bridges","B","Kurt Russell spielt R. J. MacReady.","MacReady (Kurt Russell) wirkt zunächst wie ein mürrischer, eigenwilliger Mitarbeiter, nicht wie ein selbstverständlich anerkannter Anführer. Seine Autorität entsteht unter dem Druck der Ereignisse und bleibt umstritten. Der Film macht dadurch deutlich, dass Handlungsfähigkeit nicht automatisch Vertrauen erzeugt. Wer eine Maßnahme durchsetzt, kann gleichzeitig selbst zum Verdächtigen werden, besonders wenn die Gruppe keine sichere Grundlage mehr besitzt, Personen eindeutig zu erkennen.","„Keith David“ trifft hier nicht zu. Kurt Russell spielt R. J. MacReady.","Richtig. Kurt Russell spielt R. J. MacReady.","„Nick Nolte“ trifft hier nicht zu. Kurt Russell spielt R. J. MacReady.","„Jeff Bridges“ trifft hier nicht zu. Kurt Russell spielt R. J. MacReady.","Kurt Russell führt ohne sichere Vertrauensbasis.","keine","https://en.wikipedia.org/wiki/The_Thing_(1982_film)|https://en.wikipedia.org/wiki/John_Carpenter","redaktionell_geprueft"
"SF-202609-P02-M-025","K-SF-202609-P02-M-025","","de","Film","Science-Fiction","Das Ding aus einer anderen Welt","The Thing","1982","","mittel","Weltwissen","Isolation|Körperhorror|Classics","Isolation|Körperhorror|Classics","Das Wesen kann andere Lebewesen assimilieren und imitieren.","„Das Ding aus einer anderen Welt“ (1982): Welche Fähigkeit macht das Wesen besonders gefährlich?","Es imitiert andere Lebewesen","Es hält die Zeit an","Es wird zu Metall","Es kontrolliert das Wetter","A","Das Wesen kann andere Lebewesen assimilieren und imitieren.","Ein vertrautes Gesicht ist hier kein verlässlicher Identitätsnachweis. MacReady (Kurt Russell) und Childs (Keith David) müssen mit der Möglichkeit leben, dass körperliche Ähnlichkeit nichts über Zugehörigkeit verrät. Die Bedrohung verändert deshalb die gesamte Gesprächssituation. Nicht nur ein sichtbares Monster ist gefährlich. Auch eine gewöhnliche Antwort kann als Täuschung gelesen werden, sobald das gemeinsame Wissen darüber zerfällt, wer überhaupt noch Mensch ist.","Richtig. Das Wesen kann andere Lebewesen assimilieren und imitieren.","„Es hält die Zeit an“ trifft hier nicht zu. Das Wesen kann andere Lebewesen assimilieren und imitieren.","„Es wird zu Metall“ trifft hier nicht zu. Das Wesen kann andere Lebewesen assimilieren und imitieren.","„Es kontrolliert das Wetter“ trifft hier nicht zu. Das Wesen kann andere Lebewesen assimilieren und imitieren.","Ähnlichkeit beweist keine Identität.","Handlung","https://en.wikipedia.org/wiki/The_Thing_(1982_film)|https://en.wikipedia.org/wiki/John_Carpenter","redaktionell_geprueft"
"SF-202609-P02-M-026","K-SF-202609-P02-M-026","","de","Film","Science-Fiction","Das Ding aus einer anderen Welt","The Thing","1982","","mittel","Handlungsdetail","Isolation|Körperhorror|Classics","Isolation|Körperhorror|Classics","MacReady berührt Blutproben mit einem erhitzten Draht.","„Das Ding aus einer anderen Welt“ (1982): Mit welchem Verfahren prüft MacReady Blutproben?","Mit einem Magneten","Mit einem erhitzten Draht","Mit einem Geigerzähler","Mit einer UV-Kamera","B","MacReady berührt Blutproben mit einem erhitzten Draht.","MacReady (Kurt Russell) vermutet, dass abgetrennte Teile des Wesens einen eigenen Selbsterhaltungstrieb besitzen. Daraus entwickelt er einen improvisierten Test. Die Szene verbindet eine nachvollziehbare Hypothese mit extremer sozialer Spannung: Die anderen müssen stillhalten, während jedes einzelne Ergebnis ihre Lage verändern kann. Das Verfahren bietet kurzfristig Gewissheit, schafft aber keine dauerhafte Rückkehr zu einem völlig unbelasteten Zusammenleben auf der Station.","„Mit einem Magneten“ trifft hier nicht zu. MacReady berührt Blutproben mit einem erhitzten Draht.","Richtig. MacReady berührt Blutproben mit einem erhitzten Draht.","„Mit einem Geigerzähler“ trifft hier nicht zu. MacReady berührt Blutproben mit einem erhitzten Draht.","„Mit einer UV-Kamera“ trifft hier nicht zu. MacReady berührt Blutproben mit einem erhitzten Draht.","Hitze prüft den Selbsterhaltungstrieb des Bluts.","Handlung","https://en.wikipedia.org/wiki/The_Thing_(1982_film)|https://en.wikipedia.org/wiki/John_Carpenter","redaktionell_geprueft"
"SF-202609-P02-S-025","K-SF-202609-P02-S-025","","de","Film","Science-Fiction","Das Ding aus einer anderen Welt","The Thing","1982","","schwer","Effekte","Isolation|Körperhorror|Classics","Isolation|Körperhorror|Classics","Rob Bottin leitete die Kreatureneffekte.","„Das Ding aus einer anderen Welt“ (1982): Welcher Effektkünstler leitete die aufwendigen Kreatureneffekte?","Rob Bottin","Rick Baker","Dick Smith","John Chambers","A","Rob Bottin leitete die Kreatureneffekte.","Die Verwandlungen zeigen Körper nicht als feste Hülle, sondern als instabile Ansammlung überraschend beweglicher Teile. Mechanische und plastische Effekte geben diesem Vorgang Gewicht und materielle Widerständigkeit. Die Körper wirken dadurch nicht wie abstrakte Symbole. Sie nehmen Raum ein, spritzen, reißen und verändern die Handlungsmöglichkeiten der Darsteller. Das gestalterische Konzept unterstützt die zentrale Unsicherheit, welche Form das Wesen als Nächstes annehmen könnte.","Richtig. Rob Bottin leitete die Kreatureneffekte.","„Rick Baker“ trifft hier nicht zu. Rob Bottin leitete die Kreatureneffekte.","„Dick Smith“ trifft hier nicht zu. Rob Bottin leitete die Kreatureneffekte.","„John Chambers“ trifft hier nicht zu. Rob Bottin leitete die Kreatureneffekte.","Bottins Effekte machen Körper instabil.","keine","https://en.wikipedia.org/wiki/The_Thing_(1982_film)|https://en.wikipedia.org/wiki/John_Carpenter","redaktionell_geprueft"
"SF-202609-P02-S-026","K-SF-202609-P02-S-026","","de","Film","Science-Fiction","Das Ding aus einer anderen Welt","The Thing","1982","","schwer","Literatur","Isolation|Körperhorror|Classics","Isolation|Körperhorror|Classics","Die Grundlage ist John W. Campbells Who Goes There?.","„Das Ding aus einer anderen Welt“ (1982): Welche Erzählung bildet die literarische Grundlage?","The Sentinel","Who Goes There?","The Colour Out of Space","The Body Snatchers","B","Die Grundlage ist John W. Campbells Who Goes There?.","Der Stoff verknüpft ein wissenschaftliches Expeditionsmilieu mit der Frage nach verlässlicher Identität. John W. Campbells Erzählung liefert dafür den Ausgangspunkt. Die Filmfassung entfaltet die Unsicherheit vor allem über Blicke, räumliche Trennung und körperliche Veränderung. Wer den Ursprung kennt, kann deshalb verfolgen, wie eine erzählte Denkaufgabe in eine Folge von Situationen übersetzt wird, in denen Misstrauen ganz unmittelbar die Zusammenarbeit beschädigt.","„The Sentinel“ trifft hier nicht zu. Die Grundlage ist John W. Campbells Who Goes There?.","Richtig. Die Grundlage ist John W. Campbells Who Goes There?.","„The Colour Out of Space“ trifft hier nicht zu. Die Grundlage ist John W. Campbells Who Goes There?.","„The Body Snatchers“ trifft hier nicht zu. Die Grundlage ist John W. Campbells Who Goes There?.","Campbells Who Goes There? fragt nach dem Gegenüber.","keine","https://en.wikipedia.org/wiki/The_Thing_(1982_film)|https://en.wikipedia.org/wiki/John_Carpenter","redaktionell_geprueft"
"SF-202609-P02-L-027","K-SF-202609-P02-L-027","","de","Film","Science-Fiction","Die Fliege","The Fly","1986","","leicht","Besetzung","Transformation|Körperhorror|Classics","Transformation|Körperhorror|Classics","Jeff Goldblum spielt Seth Brundle.","„Die Fliege“ (1986): Wer spielt den Wissenschaftler Seth Brundle?","William Hurt","John Getz","Jeff Goldblum","James Woods","C","Jeff Goldblum spielt Seth Brundle.","Seth Brundle (Jeff Goldblum) verbindet intellektuelle Begeisterung mit auffälliger körperlicher Ungeschicklichkeit. Sein Redefluss und seine Bewegungen machen wissenschaftliche Arbeit als persönlichen Stil sichtbar. Später verändert sich gerade dieser Körper, den das Publikum zuvor kennengelernt hat. Die Wirkung beruht deshalb nicht allein auf immer drastischeren Masken, sondern auf dem Vergleich mit einer konkreten Person, deren vertraute Gesten und Fähigkeiten nach und nach verschwinden.","„William Hurt“ trifft hier nicht zu. Jeff Goldblum spielt Seth Brundle.","„John Getz“ trifft hier nicht zu. Jeff Goldblum spielt Seth Brundle.","Richtig. Jeff Goldblum spielt Seth Brundle.","„James Woods“ trifft hier nicht zu. Jeff Goldblum spielt Seth Brundle.","Goldblums Körper erzählt Brundles Veränderung.","keine","https://en.wikipedia.org/wiki/The_Fly_(1986_film)|https://en.wikipedia.org/wiki/David_Cronenberg","redaktionell_geprueft"
"SF-202609-P02-L-028","K-SF-202609-P02-L-028","","de","Film","Science-Fiction","Die Fliege","The Fly","1986","","leicht","Technik","Transformation|Körperhorror|Classics","Transformation|Körperhorror|Classics","Brundle entwickelt eine Teleportationsanlage mit Telepods.","„Die Fliege“ (1986): Was entwickelt Brundle in seinem Labor?","Ein Gedächtnisimplantat","Einen Unsichtbarkeitsanzug","Eine Zeitmaschine","Eine Teleportationsanlage","D","Brundle entwickelt eine Teleportationsanlage mit Telepods.","Die Telepods versprechen eine scheinbar einfache Überwindung räumlicher Entfernung. Seth Brundle (Jeff Goldblum) muss dafür jedoch herausfinden, wie der Computer lebendes Material versteht und rekonstruiert. Veronica Quaife (Geena Davis) beobachtet die Experimente als Journalistin. So wird aus einem spektakulären Gerät zugleich ein Problem der Beschreibung: Die Maschine kann nur mit den Regeln arbeiten, die ihr für den Körper vorgegeben wurden.","„Ein Gedächtnisimplantat“ trifft hier nicht zu. Brundle entwickelt eine Teleportationsanlage mit Telepods.","„Einen Unsichtbarkeitsanzug“ trifft hier nicht zu. Brundle entwickelt eine Teleportationsanlage mit Telepods.","„Eine Zeitmaschine“ trifft hier nicht zu. Brundle entwickelt eine Teleportationsanlage mit Telepods.","Richtig. Brundle entwickelt eine Teleportationsanlage mit Telepods.","Telepods zerlegen und rekonstruieren Materie.","Handlung","https://en.wikipedia.org/wiki/The_Fly_(1986_film)|https://en.wikipedia.org/wiki/David_Cronenberg","redaktionell_geprueft"
"SF-202609-P02-M-027","K-SF-202609-P02-M-027","","de","Film","Science-Fiction","Die Fliege","The Fly","1986","","mittel","Figuren","Transformation|Körperhorror|Classics","Transformation|Körperhorror|Classics","Veronica arbeitet als Wissenschaftsjournalistin.","„Die Fliege“ (1986): Welchen Beruf hat Veronica Quaife?","Architektin","Staatsanwältin","Wissenschaftsjournalistin","Chirurgin","C","Veronica arbeitet als Wissenschaftsjournalistin.","Veronica Quaife (Geena Davis) kommt zunächst wegen einer möglichen Geschichte ins Labor. Ihre Aufzeichnungen und Beobachtungen geben der Forschung eine Außenperspektive. Mit der persönlichen Beziehung verändert sich jedoch die Bedeutung dessen, was sie dokumentiert. Der Film verbindet dadurch berufliche Neugier mit Sorge um einen konkreten Menschen, ohne ihre Rolle auf eine rein passive Zuschauerin der wissenschaftlichen Entdeckung zu beschränken.","„Architektin“ trifft hier nicht zu. Veronica arbeitet als Wissenschaftsjournalistin.","„Staatsanwältin“ trifft hier nicht zu. Veronica arbeitet als Wissenschaftsjournalistin.","Richtig. Veronica arbeitet als Wissenschaftsjournalistin.","„Chirurgin“ trifft hier nicht zu. Veronica arbeitet als Wissenschaftsjournalistin.","Veronica beobachtet zunächst für eine Geschichte.","keine","https://en.wikipedia.org/wiki/The_Fly_(1986_film)|https://en.wikipedia.org/wiki/David_Cronenberg","redaktionell_geprueft"
"SF-202609-P02-M-028","K-SF-202609-P02-M-028","","de","Film","Science-Fiction","Die Fliege","The Fly","1986","","mittel","Handlung","Transformation|Körperhorror|Classics","Transformation|Körperhorror|Classics","Eine Fliege befindet sich mit Brundle im Telepod.","„Die Fliege“ (1986): Was gerät unbemerkt mit Brundle in den Telepod?","Eine Wespe","Eine Motte","Eine Spinne","Eine Fliege","D","Eine Fliege befindet sich mit Brundle im Telepod.","Seth Brundle (Jeff Goldblum) bemerkt den zweiten Organismus beim Selbstversuch nicht. Die Maschine behandelt den unerwarteten Inhalt deshalb nicht nach menschlicher Absicht, sondern entsprechend ihrer Verarbeitung. Der Fehler ist räumlich winzig und in seinen Folgen gewaltig. Diese Größenverschiebung macht den Versuch besonders beklemmend: Nicht ein spektakulärer Sabotageakt, sondern ein übersehener Bestandteil der unmittelbaren Umgebung setzt die Veränderung in Gang.","„Eine Wespe“ trifft hier nicht zu. Eine Fliege befindet sich mit Brundle im Telepod.","„Eine Motte“ trifft hier nicht zu. Eine Fliege befindet sich mit Brundle im Telepod.","„Eine Spinne“ trifft hier nicht zu. Eine Fliege befindet sich mit Brundle im Telepod.","Richtig. Eine Fliege befindet sich mit Brundle im Telepod.","Ein kleines Insekt verändert den ganzen Versuch.","Handlung","https://en.wikipedia.org/wiki/The_Fly_(1986_film)|https://en.wikipedia.org/wiki/David_Cronenberg","redaktionell_geprueft"
"SF-202609-P02-S-027","K-SF-202609-P02-S-027","","de","Film","Science-Fiction","Die Fliege","The Fly","1986","","schwer","Handlungsdetail","Transformation|Körperhorror|Classics","Transformation|Körperhorror|Classics","Brundle hält die Veränderungen anfangs für eine Verbesserung.","„Die Fliege“ (1986): Wie deutet Brundle seine zunächst gesteigerte Kraft?","Als Nebenwirkung eines Medikaments","Als Folge jahrelangen Trainings","Als reinigende Verbesserung durch Teleportation","Als Wirkung fremder Hypnose","C","Brundle hält die Veränderungen anfangs für eine Verbesserung.","Seth Brundle (Jeff Goldblum) erlebt die ersten Veränderungen als Gewinn und interpretiert Warnzeichen entsprechend um. Veronica Quaife (Geena Davis) nimmt andere Aspekte wahr, etwa seine veränderte Reizbarkeit. Die Szene macht Selbsttäuschung nicht durch fehlende Intelligenz verständlich, sondern durch ein erwünschtes Ergebnis. Wer sich eine erfolgreiche Entdeckung erhofft, kann dieselben körperlichen Hinweise zunächst völlig anders lesen als eine besorgte Person von außen.","„Als Nebenwirkung eines Medikaments“ trifft hier nicht zu. Brundle hält die Veränderungen anfangs für eine Verbesserung.","„Als Folge jahrelangen Trainings“ trifft hier nicht zu. Brundle hält die Veränderungen anfangs für eine Verbesserung.","Richtig. Brundle hält die Veränderungen anfangs für eine Verbesserung.","„Als Wirkung fremder Hypnose“ trifft hier nicht zu. Brundle hält die Veränderungen anfangs für eine Verbesserung.","Die vermeintliche Verbesserung verdeckt den Schaden.","Handlung","https://en.wikipedia.org/wiki/The_Fly_(1986_film)|https://en.wikipedia.org/wiki/David_Cronenberg","redaktionell_geprueft"
"SF-202609-P02-S-028","K-SF-202609-P02-S-028","","de","Film","Science-Fiction","Die Fliege","The Fly","1986","","schwer","Handlungsdetail","Transformation|Körperhorror|Classics","Transformation|Körperhorror|Classics","Brundle verflüssigt Nahrung mithilfe von Verdauungssekret.","„Die Fliege“ (1986): Wie verarbeitet Brundle später feste Nahrung?","Er verwandelt sie in Pulver","Er nimmt sie durch die Haut auf","Er friert sie vor dem Essen ein","Er verflüssigt sie mit Verdauungssekret","D","Brundle verflüssigt Nahrung mithilfe von Verdauungssekret.","Die veränderte Nahrungsaufnahme übersetzt die Mutation in einen alltäglichen Vorgang. Seth Brundle (Jeff Goldblum) verliert nicht nur sein früheres Aussehen, sondern auch selbstverständliche menschliche Körperabläufe. Das macht den Horror intimer als eine bloß äußerliche Monsterverwandlung. Essen, Sprechen und Berührung werden neu problematisch. Die Entwicklung bleibt dadurch eng an der Erfahrung eines Menschen, der seinen eigenen Körper zunehmend nur noch als fremden Prozess beobachten kann.","„Er verwandelt sie in Pulver“ trifft hier nicht zu. Brundle verflüssigt Nahrung mithilfe von Verdauungssekret.","„Er nimmt sie durch die Haut auf“ trifft hier nicht zu. Brundle verflüssigt Nahrung mithilfe von Verdauungssekret.","„Er friert sie vor dem Essen ein“ trifft hier nicht zu. Brundle verflüssigt Nahrung mithilfe von Verdauungssekret.","Richtig. Brundle verflüssigt Nahrung mithilfe von Verdauungssekret.","Brundle verdaut zunehmend wie ein Insekt.","Handlung","https://en.wikipedia.org/wiki/The_Fly_(1986_film)|https://en.wikipedia.org/wiki/David_Cronenberg","redaktionell_geprueft"
"SF-202609-P02-L-029","K-SF-202609-P02-L-029","","de","Film","Science-Fiction","The Abyss – Abgrund des Todes","The Abyss","1989","","leicht","Schauplatz","Tiefsee|Erstkontakt","Tiefsee|Erstkontakt","Die zentrale Handlung führt zur Unterwasserbohrplattform Deep Core.","„The Abyss – Abgrund des Todes“ (1989): In welchem Arbeitsumfeld beginnt die zentrale Handlung?","Auf einer Unterwasserbohrplattform","Auf einer Raumstation","In einem Wüstenlabor","In einer Polarsternwarte","A","Die zentrale Handlung führt zur Unterwasserbohrplattform Deep Core.","Deep Core ist ein Arbeitsplatz mit eingespielten Routinen, engen Gängen und persönlichem Besitz. Bud Brigman (Ed Harris) führt keine abstrakte Gruppe von Versuchspersonen, sondern eine Mannschaft, deren Fähigkeiten sich ergänzen. Der Eintritt militärischer Spezialisten verändert diese Ordnung. Die Begegnung zweier Arbeitskulturen wird dadurch ebenso wichtig wie die technische Gefahr der Tiefe, in der Fehler kaum durch schnelle Hilfe von außen ausgeglichen werden können.","Richtig. Die zentrale Handlung führt zur Unterwasserbohrplattform Deep Core.","„Auf einer Raumstation“ trifft hier nicht zu. Die zentrale Handlung führt zur Unterwasserbohrplattform Deep Core.","„In einem Wüstenlabor“ trifft hier nicht zu. Die zentrale Handlung führt zur Unterwasserbohrplattform Deep Core.","„In einer Polarsternwarte“ trifft hier nicht zu. Die zentrale Handlung führt zur Unterwasserbohrplattform Deep Core.","Deep Core ist Arbeitsplatz und eingeschlossener Lebensraum.","Handlung","https://en.wikipedia.org/wiki/The_Abyss|https://en.wikipedia.org/wiki/James_Cameron","redaktionell_geprueft"
"SF-202609-P02-L-030","K-SF-202609-P02-L-030","","de","Film","Science-Fiction","The Abyss – Abgrund des Todes","The Abyss","1989","","leicht","Besetzung","Tiefsee|Erstkontakt","Tiefsee|Erstkontakt","Ed Harris spielt Bud Brigman.","„The Abyss – Abgrund des Todes“ (1989): Wer spielt Bud Brigman?","Tom Berenger","Ed Harris","Michael Biehn","Bill Paxton","B","Ed Harris spielt Bud Brigman.","Bud Brigman (Ed Harris) wirkt besonders durch praktische Beharrlichkeit. Seine Beziehung zu Lindsey Brigman (Mary Elizabeth Mastrantonio) ist bereits belastet, bevor die äußere Krise entsteht. Deshalb besitzen gemeinsame Entscheidungen eine Vorgeschichte, die nicht erst im Abenteuer aufgebaut werden muss. Der Film verbindet körperliche Arbeit und emotionale Nähe: Vertrauen zeigt sich häufig darin, ob jemand unter extremen Bedingungen auf die Stimme des anderen hört.","„Tom Berenger“ trifft hier nicht zu. Ed Harris spielt Bud Brigman.","Richtig. Ed Harris spielt Bud Brigman.","„Michael Biehn“ trifft hier nicht zu. Ed Harris spielt Bud Brigman.","„Bill Paxton“ trifft hier nicht zu. Ed Harris spielt Bud Brigman.","Ed Harris als praktisch handelnder Bud.","keine","https://en.wikipedia.org/wiki/The_Abyss|https://en.wikipedia.org/wiki/James_Cameron","redaktionell_geprueft"
"SF-202609-P02-M-029","K-SF-202609-P02-M-029","","de","Film","Science-Fiction","The Abyss – Abgrund des Todes","The Abyss","1989","","mittel","Figuren","Tiefsee|Erstkontakt","Tiefsee|Erstkontakt","Lindsey Brigman ist die Konstrukteurin von Deep Core.","„The Abyss – Abgrund des Todes“ (1989): Wer hat die Plattform Deep Core entworfen?","Lindsey Brigman","Catfish De Vries","Hiram Coffey","Alan Carnes","A","Lindsey Brigman ist die Konstrukteurin von Deep Core.","Lindsey Brigman (Mary Elizabeth Mastrantonio) kennt die Plattform nicht nur als Aufenthaltsort, sondern als eigenes technisches Werk. Das gibt ihr eine besondere Autorität gegenüber der Mannschaft und den militärischen Besuchern. Ihr Wissen ist konkret an Räume, Belastbarkeit und Systeme gebunden. Die Figur erhält dadurch eine aktive Funktion, die über die private Beziehung zu Bud Brigman (Ed Harris) deutlich hinausgeht.","Richtig. Lindsey Brigman ist die Konstrukteurin von Deep Core.","„Catfish De Vries“ trifft hier nicht zu. Lindsey Brigman ist die Konstrukteurin von Deep Core.","„Hiram Coffey“ trifft hier nicht zu. Lindsey Brigman ist die Konstrukteurin von Deep Core.","„Alan Carnes“ trifft hier nicht zu. Lindsey Brigman ist die Konstrukteurin von Deep Core.","Lindsey kennt Deep Core aus eigener Konstruktion.","Handlung","https://en.wikipedia.org/wiki/The_Abyss|https://en.wikipedia.org/wiki/James_Cameron","redaktionell_geprueft"
"SF-202609-P02-M-030","K-SF-202609-P02-M-030","","de","Film","Science-Fiction","The Abyss – Abgrund des Todes","The Abyss","1989","","mittel","Effekte","Tiefsee|Erstkontakt","Tiefsee|Erstkontakt","Die Sonde erscheint als bewegliche Wassersäule.","„The Abyss – Abgrund des Todes“ (1989): Welche Form nimmt die neugierige Sonde der fremden Intelligenz an?","Eine Platte aus Metall","Eine bewegliche Wassersäule","Eine Kugel aus Feuer","Eine Wolke aus Sand","B","Die Sonde erscheint als bewegliche Wassersäule.","Die Wassersäule erkundet einen Raum, in dem Wasser normalerweise draußen bleiben soll. Bud Brigman (Ed Harris) und Lindsey Brigman (Mary Elizabeth Mastrantonio) können darin dennoch Neugier statt eines unmittelbaren Angriffs erkennen. Das Material erhält durch Bewegung und Gesichtsnachahmung eine neue Ausdrucksfähigkeit. Gerade weil die Erscheinung keine feste menschliche Gestalt besitzt, wird ihr vorsichtiges Verhalten zu einem wesentlichen Hinweis auf mögliche Verständigung.","„Eine Platte aus Metall“ trifft hier nicht zu. Die Sonde erscheint als bewegliche Wassersäule.","Richtig. Die Sonde erscheint als bewegliche Wassersäule.","„Eine Kugel aus Feuer“ trifft hier nicht zu. Die Sonde erscheint als bewegliche Wassersäule.","„Eine Wolke aus Sand“ trifft hier nicht zu. Die Sonde erscheint als bewegliche Wassersäule.","Wasser wird zum neugierigen Gegenüber.","Handlung","https://en.wikipedia.org/wiki/The_Abyss|https://en.wikipedia.org/wiki/James_Cameron","redaktionell_geprueft"
"SF-202609-P02-S-029","K-SF-202609-P02-S-029","","de","Film","Science-Fiction","The Abyss – Abgrund des Todes","The Abyss","1989","","schwer","Technik","Tiefsee|Erstkontakt","Tiefsee|Erstkontakt","Bud verwendet ein experimentelles System zur Flüssigkeitsatmung.","„The Abyss – Abgrund des Todes“ (1989): Welche besondere Atemtechnik ermöglicht Buds extrem tiefen Abstieg?","Flüssigkeitsatmung","Ein offener Sauerstoffschlauch","Reiner Stickstoff","Atemlose Kältestarre","A","Bud verwendet ein experimentelles System zur Flüssigkeitsatmung.","Bud Brigman (Ed Harris) muss beim Abstieg eine körperlich beängstigende Umstellung akzeptieren. Die filmische Technik ist nicht mit gewöhnlichem Sporttauchen gleichzusetzen. Besonders wirksam wird die Szene, weil das vertraute Atmen plötzlich nicht mehr selbstverständlich funktioniert und Sprache nur eingeschränkt möglich ist. Lindsey Brigman (Mary Elizabeth Mastrantonio) bleibt über die Verbindung hörbar, während seine eigenen Mitteilungen auf eine technische Eingabe angewiesen sind.","Richtig. Bud verwendet ein experimentelles System zur Flüssigkeitsatmung.","„Ein offener Sauerstoffschlauch“ trifft hier nicht zu. Bud verwendet ein experimentelles System zur Flüssigkeitsatmung.","„Reiner Stickstoff“ trifft hier nicht zu. Bud verwendet ein experimentelles System zur Flüssigkeitsatmung.","„Atemlose Kältestarre“ trifft hier nicht zu. Bud verwendet ein experimentelles System zur Flüssigkeitsatmung.","Tiefe verlangt im Film flüssiges Atemmedium.","Handlung","https://en.wikipedia.org/wiki/The_Abyss|https://en.wikipedia.org/wiki/James_Cameron","redaktionell_geprueft"
"SF-202609-P02-S-030","K-SF-202609-P02-S-030","","de","Film","Science-Fiction","The Abyss – Abgrund des Todes","The Abyss","1989","","schwer","Filmfassungen","Tiefsee|Erstkontakt","Tiefsee|Erstkontakt","Die Special Edition erweitert das Finale um angehaltene Riesenwellen.","„The Abyss – Abgrund des Todes“ (1989): Welche große Ergänzung gehört zur Special Edition, nicht zur ursprünglichen Kinofassung?","Eine Reise zum Mars","Bedrohlich angehaltene Riesenwellen","Eine zweite Bohrplattform","Eine Explosion des Mondes","B","Die Special Edition erweitert das Finale um angehaltene Riesenwellen.","Die zusätzlichen Wellenbilder verändern den Maßstab des Endes: Aus der lokalen Begegnung wird eine ausdrücklich globale Warnung. Bud Brigman (Ed Harris) erlebt, dass die fremde Macht menschliche Gewalt beobachtet hat. Bei Fragen zur Handlung muss deshalb die Fassung genannt werden. Wer nur die ursprüngliche Kinoversion kennt, hat diese konkrete Zuspitzung nicht übersehen, sondern tatsächlich einen anders montierten Film gesehen.","„Eine Reise zum Mars“ trifft hier nicht zu. Die Special Edition erweitert das Finale um angehaltene Riesenwellen.","Richtig. Die Special Edition erweitert das Finale um angehaltene Riesenwellen.","„Eine zweite Bohrplattform“ trifft hier nicht zu. Die Special Edition erweitert das Finale um angehaltene Riesenwellen.","„Eine Explosion des Mondes“ trifft hier nicht zu. Die Special Edition erweitert das Finale um angehaltene Riesenwellen.","Die Riesenwellen kennzeichnen die Special Edition.","Auflösung","https://en.wikipedia.org/wiki/The_Abyss|https://en.wikipedia.org/wiki/James_Cameron","redaktionell_geprueft"
"SF-202609-P02-L-031","K-SF-202609-P02-L-031","","de","Film","Science-Fiction","Event Horizon – Am Rande des Universums","Event Horizon","1997","","leicht","Figuren","Weltraum|Horror","Weltraum|Horror","Sam Neill spielt Dr. William Weir.","„Event Horizon – Am Rande des Universums“ (1997): Wer spielt den Konstrukteur William Weir?","Laurence Fishburne","Jason Isaacs","Sam Neill","William Hurt","C","Sam Neill spielt Dr. William Weir.","William Weir (Sam Neill) kehrt nicht als unbeteiligter Gutachter zu einem beliebigen Wrack zurück. Das Schiff ist sein eigenes Projekt, wodurch technische Erklärung und persönliche Bindung eng zusammenliegen. Captain Miller (Laurence Fishburne) bewertet dieselben Funde vor allem nach dem Risiko für seine Mannschaft. Die unterschiedlichen Verantwortlichkeiten werden im Umgang mit dem Schiff sichtbar, lange bevor über dessen endgültiges Schicksal entschieden werden muss.","„Laurence Fishburne“ trifft hier nicht zu. Sam Neill spielt Dr. William Weir.","„Jason Isaacs“ trifft hier nicht zu. Sam Neill spielt Dr. William Weir.","Richtig. Sam Neill spielt Dr. William Weir.","„William Hurt“ trifft hier nicht zu. Sam Neill spielt Dr. William Weir.","Weir kennt das Schiff als sein Werk.","keine","https://en.wikipedia.org/wiki/Event_Horizon_(film)|https://en.wikipedia.org/wiki/Paul_W._S._Anderson","redaktionell_geprueft"
"SF-202609-P02-L-032","K-SF-202609-P02-L-032","","de","Film","Science-Fiction","Event Horizon – Am Rande des Universums","Event Horizon","1997","","leicht","Raumfahrt","Weltraum|Horror","Weltraum|Horror","Das Rettungsteam reist mit der Lewis and Clark.","„Event Horizon – Am Rande des Universums“ (1997): Wie heißt das Rettungsschiff?","Discovery One","Valley Forge","Nostromo","Lewis and Clark","D","Das Rettungsteam reist mit der Lewis and Clark.","Die Lewis and Clark dient Captain Miller (Laurence Fishburne) als vertraute Arbeitsumgebung und als möglicher Rückweg. Ihr Verlust an Funktionsfähigkeit verändert deshalb mehr als die Transportplanung. Sobald die Mannschaft auf das fremde Schiff angewiesen ist, schrumpft der Abstand zwischen Untersuchung und Ausgeliefertsein. Die räumliche Trennung beider Schiffe macht diese Veränderung unmittelbar sichtbar, ohne dass eine Figur sämtliche Konsequenzen ausdrücklich aufzählen müsste.","„Discovery One“ trifft hier nicht zu. Das Rettungsteam reist mit der Lewis and Clark.","„Valley Forge“ trifft hier nicht zu. Das Rettungsteam reist mit der Lewis and Clark.","„Nostromo“ trifft hier nicht zu. Das Rettungsteam reist mit der Lewis and Clark.","Richtig. Das Rettungsteam reist mit der Lewis and Clark.","Lewis and Clark bedeutet zunächst Rückkehrmöglichkeit.","Handlung","https://en.wikipedia.org/wiki/Event_Horizon_(film)|https://en.wikipedia.org/wiki/Paul_W._S._Anderson","redaktionell_geprueft"
"SF-202609-P02-M-031","K-SF-202609-P02-M-031","","de","Film","Science-Fiction","Event Horizon – Am Rande des Universums","Event Horizon","1997","","mittel","Technik","Weltraum|Horror","Weltraum|Horror","Der Gravitationsantrieb soll entfernte Punkte durch Raumzeitfaltung verbinden.","„Event Horizon – Am Rande des Universums“ (1997): Welche Funktion soll der experimentelle Antrieb erfüllen?","Sauerstoff aus Gestein gewinnen","Erinnerungen der Besatzung löschen","Raumzeit für weite Reisen falten","Menschen vor Strahlung klonen","C","Der Gravitationsantrieb soll entfernte Punkte durch Raumzeitfaltung verbinden.","William Weir (Sam Neill) erläutert das Prinzip zunächst als elegante Abkürzung zwischen weit entfernten Orten. Der Film nimmt diese Vorstellung jedoch wörtlich als Öffnung in einen unbekannten Bereich. Damit wird die technische Erfolgserwartung zum Horroransatz: Eine Verbindung herzustellen ist nicht dasselbe, wie den durchquerten Raum zu verstehen. Das Gerät bleibt funktional beeindruckend, obwohl seine Wirkung jede sichere Kontrolle unterläuft.","„Sauerstoff aus Gestein gewinnen“ trifft hier nicht zu. Der Gravitationsantrieb soll entfernte Punkte durch Raumzeitfaltung verbinden.","„Erinnerungen der Besatzung löschen“ trifft hier nicht zu. Der Gravitationsantrieb soll entfernte Punkte durch Raumzeitfaltung verbinden.","Richtig. Der Gravitationsantrieb soll entfernte Punkte durch Raumzeitfaltung verbinden.","„Menschen vor Strahlung klonen“ trifft hier nicht zu. Der Gravitationsantrieb soll entfernte Punkte durch Raumzeitfaltung verbinden.","Abkürzung durch die Raumzeit mit unbekanntem Zwischenraum.","Handlung","https://en.wikipedia.org/wiki/Event_Horizon_(film)|https://en.wikipedia.org/wiki/Paul_W._S._Anderson","redaktionell_geprueft"
"SF-202609-P02-M-032","K-SF-202609-P02-M-032","","de","Film","Science-Fiction","Event Horizon – Am Rande des Universums","Event Horizon","1997","","mittel","Schauplatz","Weltraum|Horror","Weltraum|Horror","Das verschollene Schiff erscheint bei Neptun.","„Event Horizon – Am Rande des Universums“ (1997): Bei welchem Planeten taucht die Event Horizon wieder auf?","Jupiter","Venus","Mars","Neptun","D","Das verschollene Schiff erscheint bei Neptun.","Neptun verortet die Rettungsmission weit entfernt von alltäglicher Hilfe. Captain Miller (Laurence Fishburne) erreicht keinen belebten Hafen, sondern ein isoliertes Objekt in einer unwirtlichen Umgebung. Die dunklen Räume des Schiffs setzen diese Entfernung nach innen fort. Der Film verbindet damit zwei Formen des Verlorenseins: die astronomische Distanz zur Erde und die wachsende Unsicherheit, ob vertraute Wahrnehmungen innerhalb des Wracks noch zuverlässig sind.","„Jupiter“ trifft hier nicht zu. Das verschollene Schiff erscheint bei Neptun.","„Venus“ trifft hier nicht zu. Das verschollene Schiff erscheint bei Neptun.","„Mars“ trifft hier nicht zu. Das verschollene Schiff erscheint bei Neptun.","Richtig. Das verschollene Schiff erscheint bei Neptun.","Neptun rahmt die ferne Rettungsmission.","Handlung","https://en.wikipedia.org/wiki/Event_Horizon_(film)|https://en.wikipedia.org/wiki/Paul_W._S._Anderson","redaktionell_geprueft"
"SF-202609-P02-S-031","K-SF-202609-P02-S-031","","de","Film","Science-Fiction","Event Horizon – Am Rande des Universums","Event Horizon","1997","","schwer","Handlungsdetail","Weltraum|Horror","Weltraum|Horror","Die Erscheinungen nutzen persönliche Schuldgefühle und Ängste.","„Event Horizon – Am Rande des Universums“ (1997): Was macht die Halluzinationen für die Crew besonders belastend?","Sie kündigen sichere Wetterdaten an","Sie zeigen ausschließlich fremde Landschaften","Sie greifen persönliche Schuld und Ängste auf","Sie wiederholen nur alte Nachrichten","C","Die Erscheinungen nutzen persönliche Schuldgefühle und Ängste.","Captain Miller (Laurence Fishburne) und William Weir (Sam Neill) sehen nicht einfach identische Monster. Die Erscheinungen knüpfen an unterschiedliche persönliche Verletzungen an. Dadurch wirkt das Schiff wie ein Raum, der seine Besucher kennt. Man kann das als äußere Verkörperung unverarbeiteter Erinnerung lesen. Zugleich bleibt es innerhalb der Horrorhandlung eine aktive Bedrohung, die Entscheidungen beeinflusst und Menschen voneinander trennt.","„Sie kündigen sichere Wetterdaten an“ trifft hier nicht zu. Die Erscheinungen nutzen persönliche Schuldgefühle und Ängste.","„Sie zeigen ausschließlich fremde Landschaften“ trifft hier nicht zu. Die Erscheinungen nutzen persönliche Schuldgefühle und Ängste.","Richtig. Die Erscheinungen nutzen persönliche Schuldgefühle und Ängste.","„Sie wiederholen nur alte Nachrichten“ trifft hier nicht zu. Die Erscheinungen nutzen persönliche Schuldgefühle und Ängste.","Das Schiff findet individuelle Schwachstellen.","Handlung","https://en.wikipedia.org/wiki/Event_Horizon_(film)|https://en.wikipedia.org/wiki/Paul_W._S._Anderson","redaktionell_geprueft"
"SF-202609-P02-S-032","K-SF-202609-P02-S-032","","de","Film","Science-Fiction","Event Horizon – Am Rande des Universums","Event Horizon","1997","","schwer","Handlungsdetail","Weltraum|Horror","Weltraum|Horror","Miller will das Schiff durch Sprengung des Mittelkorridors teilen.","„Event Horizon – Am Rande des Universums“ (1997): Wie will Miller den Überlebenden einen abtrennbaren Schutzraum verschaffen?","Er flutet alle Rettungskapseln","Er vereist die gesamte Brücke","Er dreht den Hauptreaktor um","Er sprengt den verbindenden Mittelkorridor","D","Miller will das Schiff durch Sprengung des Mittelkorridors teilen.","Captain Miller (Laurence Fishburne) behandelt die Event Horizon am Ende nicht mehr als zu bergendes Ganzes. Ein Teil soll zum provisorischen Rettungsraum werden, während der gefährliche Bereich zurückbleibt. Die Lösung entsteht aus Kenntnis des konkreten Aufbaus. Damit erhält die zuvor unheimliche Architektur eine praktische Funktion: Türen, Verbindungsgänge und Abteilungen bestimmen, ob überhaupt noch eine begrenzte Form von Rettung möglich ist.","„Er flutet alle Rettungskapseln“ trifft hier nicht zu. Miller will das Schiff durch Sprengung des Mittelkorridors teilen.","„Er vereist die gesamte Brücke“ trifft hier nicht zu. Miller will das Schiff durch Sprengung des Mittelkorridors teilen.","„Er dreht den Hauptreaktor um“ trifft hier nicht zu. Miller will das Schiff durch Sprengung des Mittelkorridors teilen.","Richtig. Miller will das Schiff durch Sprengung des Mittelkorridors teilen.","Das Schiff wird durch Trennung zum Rettungsmittel.","Auflösung","https://en.wikipedia.org/wiki/Event_Horizon_(film)|https://en.wikipedia.org/wiki/Paul_W._S._Anderson","redaktionell_geprueft"
"SF-202609-P02-L-033","K-SF-202609-P02-L-033","","de","Film","Science-Fiction","Pitch Black – Planet der Finsternis","Pitch Black","2000","Riddick","leicht","Besetzung","Überleben|Weltraum","Überleben|Weltraum","Vin Diesel spielt Riddick.","„Pitch Black – Planet der Finsternis“ (2000): Wer spielt Richard B. Riddick?","Vin Diesel","Jason Statham","Dwayne Johnson","Karl Urban","A","Vin Diesel spielt Riddick.","Riddick (Vin Diesel) wird zunächst als gefährlicher Gefangener eingeführt. Sein knapper Sprachstil und seine körperliche Ruhe liefern wenig Material für ein bequemes moralisches Urteil. Carolyn Fry (Radha Mitchell) muss deshalb nicht nur eine Landschaft einschätzen, sondern auch einen Mitreisenden, dessen Fähigkeiten nützlich und dessen Absichten unklar sind. Der Film baut die Figur über Verhalten unter Druck auf, nicht über eine ausführliche erklärte Lebensgeschichte.","Richtig. Vin Diesel spielt Riddick.","„Jason Statham“ trifft hier nicht zu. Vin Diesel spielt Riddick.","„Dwayne Johnson“ trifft hier nicht zu. Vin Diesel spielt Riddick.","„Karl Urban“ trifft hier nicht zu. Vin Diesel spielt Riddick.","Vin Diesel macht Riddick schwer lesbar.","keine","https://en.wikipedia.org/wiki/Pitch_Black_(film)|https://en.wikipedia.org/wiki/David_Twohy","redaktionell_geprueft"
"SF-202609-P02-L-034","K-SF-202609-P02-L-034","","de","Film","Science-Fiction","Pitch Black – Planet der Finsternis","Pitch Black","2000","Riddick","leicht","Weltwissen","Überleben|Weltraum","Überleben|Weltraum","Riddicks veränderte Augen ermöglichen ihm Nachtsicht.","„Pitch Black – Planet der Finsternis“ (2000): Welche Fähigkeit hilft Riddick in der Dunkelheit?","Er kann Gedanken lesen","Er kann bei sehr wenig Licht sehen","Er kann lautlos fliegen","Er kann Wärme speichern","B","Riddicks veränderte Augen ermöglichen ihm Nachtsicht.","Riddick (Vin Diesel) benötigt bei starkem Licht eine Schutzbrille, gewinnt aber in der Finsternis einen entscheidenden Vorteil. Die Umgebung kehrt damit den Wert einer körperlichen Besonderheit um. Was tagsüber auffällt und Schutz verlangt, wird nachts zur Überlebensressource. Die Gruppe muss ihre Abhängigkeit von einem zuvor verdächtigten Außenseiter neu bewerten, weil ihre gewohnten Fähigkeiten unter den veränderten Bedingungen weniger leisten.","„Er kann Gedanken lesen“ trifft hier nicht zu. Riddicks veränderte Augen ermöglichen ihm Nachtsicht.","Richtig. Riddicks veränderte Augen ermöglichen ihm Nachtsicht.","„Er kann lautlos fliegen“ trifft hier nicht zu. Riddicks veränderte Augen ermöglichen ihm Nachtsicht.","„Er kann Wärme speichern“ trifft hier nicht zu. Riddicks veränderte Augen ermöglichen ihm Nachtsicht.","Riddicks Augen brauchen tagsüber Schutz, nachts helfen sie.","Handlung","https://en.wikipedia.org/wiki/Pitch_Black_(film)|https://en.wikipedia.org/wiki/David_Twohy","redaktionell_geprueft"
"SF-202609-P02-M-033","K-SF-202609-P02-M-033","","de","Film","Science-Fiction","Pitch Black – Planet der Finsternis","Pitch Black","2000","Riddick","mittel","Handlung","Überleben|Weltraum","Überleben|Weltraum","Eine Finsternis nimmt den lichtscheuen Kreaturen ihre natürliche Barriere.","„Pitch Black – Planet der Finsternis“ (2000): Welches astronomische Ereignis bringt die Kreaturen an die Oberfläche?","Eine Sonnenfinsternis","Ein Meteorschauer","Eine Polverschiebung","Eine Supernova","A","Eine Finsternis nimmt den lichtscheuen Kreaturen ihre natürliche Barriere.","Die anfängliche Helligkeit lässt den Planeten zunächst geradezu leer wirken. Carolyn Fry (Radha Mitchell) entdeckt jedoch Hinweise auf einen regelmäßigen Wechsel, dessen Folgen die früheren Bewohner nicht überlebt haben. Das Ereignis ist nicht verhandelbar und lässt sich nicht durch Mut verhindern. Spannung entsteht aus Vorbereitung und Zeitknappheit: Die Gruppe muss handeln, bevor eine ohnehin bevorstehende Veränderung alle bisherigen Regeln außer Kraft setzt.","Richtig. Eine Finsternis nimmt den lichtscheuen Kreaturen ihre natürliche Barriere.","„Ein Meteorschauer“ trifft hier nicht zu. Eine Finsternis nimmt den lichtscheuen Kreaturen ihre natürliche Barriere.","„Eine Polverschiebung“ trifft hier nicht zu. Eine Finsternis nimmt den lichtscheuen Kreaturen ihre natürliche Barriere.","„Eine Supernova“ trifft hier nicht zu. Eine Finsternis nimmt den lichtscheuen Kreaturen ihre natürliche Barriere.","Die Finsternis verwandelt die Oberfläche in Jagdgebiet.","Handlung","https://en.wikipedia.org/wiki/Pitch_Black_(film)|https://en.wikipedia.org/wiki/David_Twohy","redaktionell_geprueft"
"SF-202609-P02-M-034","K-SF-202609-P02-M-034","","de","Film","Science-Fiction","Pitch Black – Planet der Finsternis","Pitch Black","2000","Riddick","mittel","Figuren","Überleben|Weltraum","Überleben|Weltraum","Carolyn Fry ist Pilotin des abgestürzten Transportschiffs.","„Pitch Black – Planet der Finsternis“ (2000): Welchen Beruf hat Carolyn Fry?","Geologin","Pilotin","Kopfgeldjägerin","Ärztin","B","Carolyn Fry ist Pilotin des abgestürzten Transportschiffs.","Carolyn Fry (Radha Mitchell) trägt Verantwortung für Menschen, obwohl sie selbst mit Entscheidungen aus dem Absturz ringt. Ihre Rolle lässt sich deshalb nicht auf eine unfehlbare Retterin reduzieren. Technische Fähigkeiten, Schuld und die Bereitschaft zur Hilfe greifen ineinander. Neben Riddick (Vin Diesel) entsteht so eine zweite Figur, deren moralische Bedeutung sich erst durch konkrete spätere Handlungen erweist, nicht durch den offiziellen Status zu Beginn.","„Geologin“ trifft hier nicht zu. Carolyn Fry ist Pilotin des abgestürzten Transportschiffs.","Richtig. Carolyn Fry ist Pilotin des abgestürzten Transportschiffs.","„Kopfgeldjägerin“ trifft hier nicht zu. Carolyn Fry ist Pilotin des abgestürzten Transportschiffs.","„Ärztin“ trifft hier nicht zu. Carolyn Fry ist Pilotin des abgestürzten Transportschiffs.","Fry muss Verantwortung praktisch übernehmen.","Handlung","https://en.wikipedia.org/wiki/Pitch_Black_(film)|https://en.wikipedia.org/wiki/David_Twohy","redaktionell_geprueft"
"SF-202609-P02-S-033","K-SF-202609-P02-S-033","","de","Film","Science-Fiction","Pitch Black – Planet der Finsternis","Pitch Black","2000","Riddick","schwer","Handlungsdetail","Überleben|Weltraum","Überleben|Weltraum","William Johns ist ein Kopfgeldjäger, kein regulärer Gesetzeshüter.","„Pitch Black – Planet der Finsternis“ (2000): Was ist Johns entgegen seinem Auftreten tatsächlich?","Ein Kopfgeldjäger","Ein Geheimdienstanalytiker","Ein Handelskapitän","Ein Militärarzt","A","William Johns ist ein Kopfgeldjäger, kein regulärer Gesetzeshüter.","William Johns (Cole Hauser) profitiert zunächst davon, dass seine Begleiter ihn als Vertreter einer legitimen Ordnung lesen. Riddick (Vin Diesel) durchkreuzt dieses Bild mit Informationen über sein Verhalten. Der Film trennt damit äußere Rolle und tatsächliche Zuverlässigkeit. Wer jemanden gefangen hält, ist nicht allein deshalb moralisch überlegen. Unter wachsender Gefahr müssen die Überlebenden ihre anfänglichen Kategorien neu prüfen.","Richtig. William Johns ist ein Kopfgeldjäger, kein regulärer Gesetzeshüter.","„Ein Geheimdienstanalytiker“ trifft hier nicht zu. William Johns ist ein Kopfgeldjäger, kein regulärer Gesetzeshüter.","„Ein Handelskapitän“ trifft hier nicht zu. William Johns ist ein Kopfgeldjäger, kein regulärer Gesetzeshüter.","„Ein Militärarzt“ trifft hier nicht zu. William Johns ist ein Kopfgeldjäger, kein regulärer Gesetzeshüter.","Johns’ Autorität beruht auf einem falschen Eindruck.","Handlung","https://en.wikipedia.org/wiki/Pitch_Black_(film)|https://en.wikipedia.org/wiki/David_Twohy","redaktionell_geprueft"
"SF-202609-P02-S-034","K-SF-202609-P02-S-034","","de","Film","Science-Fiction","Pitch Black – Planet der Finsternis","Pitch Black","2000","Riddick","schwer","Handlungsdetail","Überleben|Weltraum","Überleben|Weltraum","Die Gruppe muss Energiezellen aus dem abgestürzten Schiff transportieren.","„Pitch Black – Planet der Finsternis“ (2000): Welchen Gegenstand benötigt die Gruppe für das startfähige Rettungsschiff?","Wasser aus einer Höhle","Energiezellen aus dem Wrack","Eine Antenne aus dem Lager","Metallplatten vom Funkmast","B","Die Gruppe muss Energiezellen aus dem abgestürzten Schiff transportieren.","Die Rettung scheitert zunächst nicht an einer abstrakten Unmöglichkeit, sondern an fehlender Energie am richtigen Ort. Carolyn Fry (Radha Mitchell) und die übrigen Überlebenden müssen schwere, lebenswichtige Ausrüstung durch gefährliches Gelände bringen. Dadurch erhält die Flucht ein konkretes logistisches Problem. Lichtquellen, Tragekapazität und Tempo werden ebenso bedeutsam wie Waffen, weil Sicherheit nur gemeinsam mit den benötigten Gegenständen erreicht werden kann.","„Wasser aus einer Höhle“ trifft hier nicht zu. Die Gruppe muss Energiezellen aus dem abgestürzten Schiff transportieren.","Richtig. Die Gruppe muss Energiezellen aus dem abgestürzten Schiff transportieren.","„Eine Antenne aus dem Lager“ trifft hier nicht zu. Die Gruppe muss Energiezellen aus dem abgestürzten Schiff transportieren.","„Metallplatten vom Funkmast“ trifft hier nicht zu. Die Gruppe muss Energiezellen aus dem abgestürzten Schiff transportieren.","Ohne Energiezellen bleibt das Rettungsschiff am Boden.","Handlung","https://en.wikipedia.org/wiki/Pitch_Black_(film)|https://en.wikipedia.org/wiki/David_Twohy","redaktionell_geprueft"
"SF-202609-P02-L-035","K-SF-202609-P02-L-035","","de","Film","Science-Fiction","Pandorum","Pandorum","2009","","leicht","Besetzung","Weltraum|Identität","Weltraum|Identität","Ben Foster spielt Bower.","„Pandorum“ (2009): Wer spielt Corporal Bower?","Cam Gigandet","Dennis Quaid","Ben Foster","Norman Reedus","C","Ben Foster spielt Bower.","Bower (Ben Foster) erwacht ohne verlässlichen Überblick über seine Situation. Der Film bindet die Orientierung des Publikums eng an seine bruchstückhafte Erinnerung. Räume müssen erkundet werden, bevor ihre Funktion verständlich wird. Die körperliche Anstrengung des Vorankommens ersetzt dabei zunächst erklärende Gespräche. So entsteht ein Raumschiff nicht als sauber präsentierter Plan, sondern als gefährlicher Ort, dessen Geschichte nur schrittweise rekonstruierbar ist.","„Cam Gigandet“ trifft hier nicht zu. Ben Foster spielt Bower.","„Dennis Quaid“ trifft hier nicht zu. Ben Foster spielt Bower.","Richtig. Ben Foster spielt Bower.","„Norman Reedus“ trifft hier nicht zu. Ben Foster spielt Bower.","Bower erkundet ohne sicheren Erinnerungshalt.","keine","https://en.wikipedia.org/wiki/Pandorum|https://en.wikipedia.org/wiki/Christian_Alvart","redaktionell_geprueft"
"SF-202609-P02-L-036","K-SF-202609-P02-L-036","","de","Film","Science-Fiction","Pandorum","Pandorum","2009","","leicht","Raumfahrt","Weltraum|Identität","Weltraum|Identität","Das Kolonistenschiff heißt Elysium.","„Pandorum“ (2009): Wie heißt das große Kolonistenschiff?","Avalon","Acheron","Hyperion","Elysium","D","Das Kolonistenschiff heißt Elysium.","Die Elysium wurde für einen langen Transport von Menschen und Lebensgrundlagen gebaut. Bower (Ben Foster) erlebt sie jedoch als verwirrende Ansammlung dunkler Zugänge, beschädigter Systeme und gefährlicher Bewohner. Dieser Gegensatz macht das Schiff zu einem verlorenen Zukunftsversprechen. Die Konstruktion enthält weiterhin Möglichkeiten zur Rettung, aber ihre ursprüngliche Ordnung lässt sich aus dem unmittelbaren Zustand kaum noch ablesen.","„Avalon“ trifft hier nicht zu. Das Kolonistenschiff heißt Elysium.","„Acheron“ trifft hier nicht zu. Das Kolonistenschiff heißt Elysium.","„Hyperion“ trifft hier nicht zu. Das Kolonistenschiff heißt Elysium.","Richtig. Das Kolonistenschiff heißt Elysium.","Elysium: Kolonieversprechen in verfallener Form.","Handlung","https://en.wikipedia.org/wiki/Pandorum|https://en.wikipedia.org/wiki/Christian_Alvart","redaktionell_geprueft"
"SF-202609-P02-M-035","K-SF-202609-P02-M-035","","de","Film","Science-Fiction","Pandorum","Pandorum","2009","","mittel","Weltwissen","Weltraum|Identität","Weltraum|Identität","Pandorum bezeichnet eine psychische Störung unter extremen Raumbedingungen.","„Pandorum“ (2009): Was bezeichnet Pandorum innerhalb der Filmwelt?","Eine außerirdische Schrift","Eine Sicherheitssoftware","Eine psychische Störung bei Raumreisenden","Einen neuen Antriebsstoff","C","Pandorum bezeichnet eine psychische Störung unter extremen Raumbedingungen.","Der Begriff gibt den Wahrnehmungsproblemen einen scheinbar medizinischen Rahmen, beseitigt aber keine Unsicherheit. Bower (Ben Foster) kann nicht einfach jede Bedrohung als Einbildung abtun. Gleichzeitig ist Erinnerung kein vollkommen zuverlässiger Weg zur Wahrheit. Der Film benutzt diese doppelte Möglichkeit, um äußere Gefahr und inneren Kontrollverlust miteinander zu verbinden. Die Bezeichnung ist Teil der Fiktion, keine hier beschriebene reale Diagnose.","„Eine außerirdische Schrift“ trifft hier nicht zu. Pandorum bezeichnet eine psychische Störung unter extremen Raumbedingungen.","„Eine Sicherheitssoftware“ trifft hier nicht zu. Pandorum bezeichnet eine psychische Störung unter extremen Raumbedingungen.","Richtig. Pandorum bezeichnet eine psychische Störung unter extremen Raumbedingungen.","„Einen neuen Antriebsstoff“ trifft hier nicht zu. Pandorum bezeichnet eine psychische Störung unter extremen Raumbedingungen.","Pandorum benennt im Film den psychischen Kontrollverlust.","Handlung","https://en.wikipedia.org/wiki/Pandorum|https://en.wikipedia.org/wiki/Christian_Alvart","redaktionell_geprueft"
"SF-202609-P02-M-036","K-SF-202609-P02-M-036","","de","Film","Science-Fiction","Pandorum","Pandorum","2009","","mittel","Figuren","Weltraum|Identität","Weltraum|Identität","Nadia unterstützt Bower.","„Pandorum“ (2009): Welche Überlebende hilft Bower auf dem Weg durch das Schiff?","Daniels","Vickers","Aurora","Nadia","D","Nadia unterstützt Bower.","Nadia (Antje Traue) kennt Teile der Elysium aus eigener Erfahrung und besitzt Wissen, das Bower (Ben Foster) nach dem Erwachen fehlt. Ihre erste Begegnung ist trotzdem nicht von sofortigem Vertrauen geprägt. Informationen und Ressourcen sind knapp, sodass jede Annäherung riskant bleibt. Zusammenarbeit entwickelt sich aus gemeinsam zu lösenden Problemen. Der Film macht Sachkenntnis damit zu einer Machtquelle, die nicht automatisch mit einem offiziellen Rang zusammenfällt.","„Daniels“ trifft hier nicht zu. Nadia unterstützt Bower.","„Vickers“ trifft hier nicht zu. Nadia unterstützt Bower.","„Aurora“ trifft hier nicht zu. Nadia unterstützt Bower.","Richtig. Nadia unterstützt Bower.","Nadia kennt den gefährlichen Weg.","Handlung","https://en.wikipedia.org/wiki/Pandorum|https://en.wikipedia.org/wiki/Christian_Alvart","redaktionell_geprueft"
"SF-202609-P02-S-035","K-SF-202609-P02-S-035","","de","Film","Science-Fiction","Pandorum","Pandorum","2009","","schwer","Handlung","Weltraum|Identität","Weltraum|Identität","Die Elysium liegt unter Wasser auf Tanis.","„Pandorum“ (2009): Wo befindet sich das Schiff tatsächlich am Ende der Enthüllung?","Auf der zerstörten Erde","Im Inneren eines Asteroiden","Unter Wasser auf Tanis","Am Rand eines schwarzen Lochs","C","Die Elysium liegt unter Wasser auf Tanis.","Nadia (Antje Traue) erkennt Lebensformen außerhalb der Fenster und verändert damit die Deutung der vermeintlichen kosmischen Leere. Bower (Ben Foster) befindet sich nicht dort, wo er die ganze Zeit zu sein glaubte. Die Auflösung zeigt, wie stark ein Blick von einer falschen Ausgangsannahme geprägt werden kann. Dieselbe Dunkelheit, die vorher absolute Entfernung bedeutete, gehört nun zu einer ganz anderen räumlichen Situation.","„Auf der zerstörten Erde“ trifft hier nicht zu. Die Elysium liegt unter Wasser auf Tanis.","„Im Inneren eines Asteroiden“ trifft hier nicht zu. Die Elysium liegt unter Wasser auf Tanis.","Richtig. Die Elysium liegt unter Wasser auf Tanis.","„Am Rand eines schwarzen Lochs“ trifft hier nicht zu. Die Elysium liegt unter Wasser auf Tanis.","Die vermeintliche Leere ist ein Ozean.","Auflösung","https://en.wikipedia.org/wiki/Pandorum|https://en.wikipedia.org/wiki/Christian_Alvart","redaktionell_geprueft"
"SF-202609-P02-S-036","K-SF-202609-P02-S-036","","de","Film","Science-Fiction","Pandorum","Pandorum","2009","","schwer","Handlung","Weltraum|Identität","Weltraum|Identität","Die Wesen sind veränderte Nachkommen von Menschen an Bord.","„Pandorum“ (2009): Woraus sind die menschenjagenden Wesen hervorgegangen?","Aus eingeschleppten Marsinsekten","Aus beschädigten Industrierobotern","Aus geklonten Tiefseefischen","Aus veränderten Nachkommen von Menschen","D","Die Wesen sind veränderte Nachkommen von Menschen an Bord.","Die Enthüllung bindet den Horror an die Geschichte der Elysium zurück. Bower (Ben Foster) begegnet keinem unabhängig eingedrungenen Tierreich, sondern einer entgleisten Entwicklung der eigenen Mission. Damit wird die Umgebung historisch lesbar: Was zunächst nur wie fremde Wildnis erschien, hat soziale und technische Ursachen. Die Gefahr ist Teil eines menschlichen Zukunftsprojekts, das seine ursprünglichen Regeln über lange Zeit verloren hat.","„Aus eingeschleppten Marsinsekten“ trifft hier nicht zu. Die Wesen sind veränderte Nachkommen von Menschen an Bord.","„Aus beschädigten Industrierobotern“ trifft hier nicht zu. Die Wesen sind veränderte Nachkommen von Menschen an Bord.","„Aus geklonten Tiefseefischen“ trifft hier nicht zu. Die Wesen sind veränderte Nachkommen von Menschen an Bord.","Richtig. Die Wesen sind veränderte Nachkommen von Menschen an Bord.","Das vermeintlich Fremde stammt aus der eigenen Mission.","Auflösung","https://en.wikipedia.org/wiki/Pandorum|https://en.wikipedia.org/wiki/Christian_Alvart","redaktionell_geprueft"
"SF-202609-P02-L-037","K-SF-202609-P02-L-037","","de","Film","Science-Fiction","Passengers","Passengers","2016","","leicht","Besetzung","Weltraum|Ethik","Weltraum|Ethik","Jennifer Lawrence spielt Aurora Lane.","„Passengers“ (2016): Wer spielt Aurora Lane?","Jennifer Lawrence","Emma Stone","Emily Blunt","Jessica Chastain","A","Jennifer Lawrence spielt Aurora Lane.","Aurora Lane (Jennifer Lawrence) besitzt vor dem Erwachen bereits eigene Pläne, die sich nicht auf eine Beziehung beschränken. Sie möchte Erfahrungen sammeln und darüber schreiben. Das macht den Verlust ihrer vorgesehenen Reise besonders konkret. Der Filmkonflikt betrifft nicht nur Einsamkeit an Bord, sondern auch die Frage, wer über die Lebenszeit und die beruflichen Möglichkeiten eines anderen Menschen verfügen darf.","Richtig. Jennifer Lawrence spielt Aurora Lane.","„Emma Stone“ trifft hier nicht zu. Jennifer Lawrence spielt Aurora Lane.","„Emily Blunt“ trifft hier nicht zu. Jennifer Lawrence spielt Aurora Lane.","„Jessica Chastain“ trifft hier nicht zu. Jennifer Lawrence spielt Aurora Lane.","Aurora hat eine eigene Zukunft geplant.","keine","https://en.wikipedia.org/wiki/Passengers_(2016_film)|https://en.wikipedia.org/wiki/Morten_Tyldum","redaktionell_geprueft"
"SF-202609-P02-L-038","K-SF-202609-P02-L-038","","de","Film","Science-Fiction","Passengers","Passengers","2016","","leicht","Raumfahrt","Weltraum|Ethik","Weltraum|Ethik","Das Raumschiff heißt Avalon.","„Passengers“ (2016): Wie heißt das Raumschiff?","Axiom","Avalon","Elysium","Endurance","B","Das Raumschiff heißt Avalon.","Die Avalon bietet Restaurants, Freizeitangebote und repräsentative Aufenthaltsräume, obwohl fast alle Reisenden schlafen. Jim Preston (Chris Pratt) kann diese Angebote nutzen, findet darin aber keine gleichwertige soziale Beziehung. Der Luxus verschärft so die Isolation, statt sie einfach zu beheben. Die Räume wurden für kollektive Nutzung und planbare Abläufe entworfen. Ein einzelner unerwartet wacher Mensch passt kaum in ihr vorgesehenes Betriebsmodell.","„Axiom“ trifft hier nicht zu. Das Raumschiff heißt Avalon.","Richtig. Das Raumschiff heißt Avalon.","„Elysium“ trifft hier nicht zu. Das Raumschiff heißt Avalon.","„Endurance“ trifft hier nicht zu. Das Raumschiff heißt Avalon.","Avalon: Luxus ohne wache Gesellschaft.","Handlung","https://en.wikipedia.org/wiki/Passengers_(2016_film)|https://en.wikipedia.org/wiki/Morten_Tyldum","redaktionell_geprueft"
"SF-202609-P02-M-037","K-SF-202609-P02-M-037","","de","Film","Science-Fiction","Passengers","Passengers","2016","","mittel","Handlung","Weltraum|Ethik","Weltraum|Ethik","Eine Fehlfunktion weckt Jim lange vor der Ankunft.","„Passengers“ (2016): Warum erwacht Jim zu früh?","Seine Schlafkapsel hat eine Fehlfunktion","Er beendet freiwillig seine Reise","Ein anderer Passagier weckt ihn","Die Kolonie sendet einen Notruf","A","Eine Fehlfunktion weckt Jim lange vor der Ankunft.","Jim Preston (Chris Pratt) trifft auf automatisierte Auskünfte, die seinen Ausnahmefall nicht sinnvoll bearbeiten können. Gerade die freundlich wirkenden Systeme werden dadurch frustrierend. Der Film macht eine typische Grenze standardisierter Abläufe sichtbar: Ein Dienst kann reibungslos erscheinen, solange alle Nutzer dem erwarteten Verlauf entsprechen. Sobald der Ablauf abweicht, fehlen nicht unbedingt Informationen, sondern eine tatsächlich zuständige und handlungsfähige Instanz.","Richtig. Eine Fehlfunktion weckt Jim lange vor der Ankunft.","„Er beendet freiwillig seine Reise“ trifft hier nicht zu. Eine Fehlfunktion weckt Jim lange vor der Ankunft.","„Ein anderer Passagier weckt ihn“ trifft hier nicht zu. Eine Fehlfunktion weckt Jim lange vor der Ankunft.","„Die Kolonie sendet einen Notruf“ trifft hier nicht zu. Eine Fehlfunktion weckt Jim lange vor der Ankunft.","Ein Ausnahmefall überfordert die perfekte Reiseorganisation.","Handlung","https://en.wikipedia.org/wiki/Passengers_(2016_film)|https://en.wikipedia.org/wiki/Morten_Tyldum","redaktionell_geprueft"
"SF-202609-P02-M-038","K-SF-202609-P02-M-038","","de","Film","Science-Fiction","Passengers","Passengers","2016","","mittel","Figuren","Weltraum|Ethik","Weltraum|Ethik","Michael Sheen spielt Arthur.","„Passengers“ (2016): Wer verkörpert den Androiden-Barkeeper Arthur?","Paul Bettany","Michael Sheen","Alan Tudyk","David Thewlis","B","Michael Sheen spielt Arthur.","Arthur (Michael Sheen) bietet Jim Preston (Chris Pratt) Gespräch und höfliche Aufmerksamkeit, bleibt aber an die Logik seiner Funktion gebunden. Seine menschliche Erscheinung erleichtert es, ihm mehr Verständnis zuzuschreiben, als seine Rolle tatsächlich garantiert. Das wird für die Handlung wichtig, weil Vertraulichkeit, soziale Absicht und die Weitergabe von Informationen nicht dasselbe sind wie eine überzeugend gespielte freundliche Unterhaltung.","„Paul Bettany“ trifft hier nicht zu. Michael Sheen spielt Arthur.","Richtig. Michael Sheen spielt Arthur.","„Alan Tudyk“ trifft hier nicht zu. Michael Sheen spielt Arthur.","„David Thewlis“ trifft hier nicht zu. Michael Sheen spielt Arthur.","Sheens Arthur wirkt vertraut, bleibt aber programmiert.","keine","https://en.wikipedia.org/wiki/Passengers_(2016_film)|https://en.wikipedia.org/wiki/Morten_Tyldum","redaktionell_geprueft"
"SF-202609-P02-S-037","K-SF-202609-P02-S-037","","de","Film","Science-Fiction","Passengers","Passengers","2016","","schwer","Handlung","Weltraum|Ethik","Weltraum|Ethik","Jim weckt Aurora absichtlich und verschweigt ihr dies zunächst.","„Passengers“ (2016): Was verursacht Auroras vorzeitiges Erwachen tatsächlich?","Jim öffnet ihre Kapsel absichtlich","Ein Meteorit trifft ihre Kapsel","Gus verwechselt zwei Steuerbefehle","Arthur startet einen Probelauf","A","Jim weckt Aurora absichtlich und verschweigt ihr dies zunächst.","Aurora Lane (Jennifer Lawrence) glaubt zunächst, mit Jim Preston (Chris Pratt) dasselbe zufällige Unglück zu teilen. Die spätere Information verändert rückwirkend ihre gemeinsame Geschichte. Jims Einsamkeit erklärt seine Verzweiflung, macht den Eingriff in ihre Lebensplanung jedoch nicht zu ihrer eigenen Entscheidung. Für die Einordnung der Beziehung ist dieser Unterschied zentral und sollte nicht durch die romantische Gestaltung einzelner Szenen verdeckt werden.","Richtig. Jim weckt Aurora absichtlich und verschweigt ihr dies zunächst.","„Ein Meteorit trifft ihre Kapsel“ trifft hier nicht zu. Jim weckt Aurora absichtlich und verschweigt ihr dies zunächst.","„Gus verwechselt zwei Steuerbefehle“ trifft hier nicht zu. Jim weckt Aurora absichtlich und verschweigt ihr dies zunächst.","„Arthur startet einen Probelauf“ trifft hier nicht zu. Jim weckt Aurora absichtlich und verschweigt ihr dies zunächst.","Gemeinsames Schicksal beruht auf Jims verschwiegener Entscheidung.","Auflösung","https://en.wikipedia.org/wiki/Passengers_(2016_film)|https://en.wikipedia.org/wiki/Morten_Tyldum","redaktionell_geprueft"
"SF-202609-P02-S-038","K-SF-202609-P02-S-038","","de","Film","Science-Fiction","Passengers","Passengers","2016","","schwer","Handlungsdetail","Weltraum|Ethik","Weltraum|Ethik","Das Wasser bildet eine schwebende Masse, in der Aurora gefangen ist.","„Passengers“ (2016): Was geschieht während des Ausfalls der künstlichen Schwerkraft im Schwimmbecken?","Das Wasser gefriert sofort","Das Wasser schwebt mit Aurora im Raum","Das Becken wird zu Sand","Das Wasser verschwindet vollständig","B","Das Wasser bildet eine schwebende Masse, in der Aurora gefangen ist.","Aurora Lane (Jennifer Lawrence) befindet sich in einem Freizeitbereich, der normalerweise Sicherheit und Komfort verspricht. Beim Ausfall der Schwerkraft werden dieselben Eigenschaften des Wassers lebensgefährlich. Die Szene erklärt das Problem nicht nur verbal, sondern lässt die fehlende Orientierung körperlich sichtbar werden. Ein technisches System, das zuvor kaum Beachtung verlangte, erweist sich plötzlich als Voraussetzung dafür, dass ein alltäglicher Raum überhaupt benutzbar bleibt.","„Das Wasser gefriert sofort“ trifft hier nicht zu. Das Wasser bildet eine schwebende Masse, in der Aurora gefangen ist.","Richtig. Das Wasser bildet eine schwebende Masse, in der Aurora gefangen ist.","„Das Becken wird zu Sand“ trifft hier nicht zu. Das Wasser bildet eine schwebende Masse, in der Aurora gefangen ist.","„Das Wasser verschwindet vollständig“ trifft hier nicht zu. Das Wasser bildet eine schwebende Masse, in der Aurora gefangen ist.","Ohne Schwerkraft wird das Schwimmbecken zur Falle.","Handlung","https://en.wikipedia.org/wiki/Passengers_(2016_film)|https://en.wikipedia.org/wiki/Morten_Tyldum","redaktionell_geprueft"
"SF-202609-P02-L-039","K-SF-202609-P02-L-039","","de","Film","Science-Fiction","Life","Life","2017","","leicht","Schauplatz","Weltraum|Körperhorror","Weltraum|Körperhorror","Die Untersuchung findet auf der Internationalen Raumstation statt.","„Life“ (2017): Auf welcher Station untersucht die Crew die Probe?","Auf Skylab","Auf der Mir","Auf der ISS","Auf Tiangong","C","Die Untersuchung findet auf der Internationalen Raumstation statt.","Die ISS bringt die Handlung nahe an ein bekanntes Bild realer Raumfahrt. David Jordan (Jake Gyllenhaal) und seine Kollegen arbeiten nicht in einem riesigen interstellaren Schiff, sondern in eng verbundenen Modulen. Diese Vertrautheit erhöht die Wirkung kleiner Sicherheitsentscheidungen. Eine geschlossene Luke schützt einen Bereich und kann zugleich jemanden ausschließen. Der verfügbare Raum ist ein begrenztes System gemeinsamer Luft, Energie und Zugänge.","„Auf Skylab“ trifft hier nicht zu. Die Untersuchung findet auf der Internationalen Raumstation statt.","„Auf der Mir“ trifft hier nicht zu. Die Untersuchung findet auf der Internationalen Raumstation statt.","Richtig. Die Untersuchung findet auf der Internationalen Raumstation statt.","„Auf Tiangong“ trifft hier nicht zu. Die Untersuchung findet auf der Internationalen Raumstation statt.","Bekannte Raumstation, begrenzter Sicherheitsraum.","Handlung","https://en.wikipedia.org/wiki/Life_(2017_film)|https://en.wikipedia.org/wiki/Daniel_Espinosa","redaktionell_geprueft"
"SF-202609-P02-L-040","K-SF-202609-P02-L-040","","de","Film","Science-Fiction","Life","Life","2017","","leicht","Weltwissen","Weltraum|Körperhorror","Weltraum|Körperhorror","Der Organismus wird Calvin genannt.","„Life“ (2017): Welchen Namen erhält der außerirdische Organismus?","Newton","Kepler","Darwin","Calvin","D","Der Organismus wird Calvin genannt.","Der Name Calvin stammt aus einer öffentlichen, freundlich gerahmten Beteiligung an der Entdeckung. Er lässt das unbekannte Leben zunächst zugänglich und beinahe vertraut erscheinen. Hugh Derry (Ariyon Bakare) untersucht es mit wissenschaftlicher Begeisterung. Der spätere Verlauf macht deutlich, dass Benennung keine Vertrautheit mit Bedürfnissen oder Verhalten schafft. Ein sympathischer Name verändert nicht die biologischen Eigenschaften des Organismus, dem man ihn gegeben hat.","„Newton“ trifft hier nicht zu. Der Organismus wird Calvin genannt.","„Kepler“ trifft hier nicht zu. Der Organismus wird Calvin genannt.","„Darwin“ trifft hier nicht zu. Der Organismus wird Calvin genannt.","Richtig. Der Organismus wird Calvin genannt.","Ein freundlicher Name macht Calvin nicht harmlos.","Handlung","https://en.wikipedia.org/wiki/Life_(2017_film)|https://en.wikipedia.org/wiki/Daniel_Espinosa","redaktionell_geprueft"
"SF-202609-P02-M-039","K-SF-202609-P02-M-039","","de","Film","Science-Fiction","Life","Life","2017","","mittel","Ursprung","Weltraum|Körperhorror","Weltraum|Körperhorror","Die Bodenprobe wurde vom Mars zur Erde gebracht.","„Life“ (2017): Woher stammt die untersuchte Bodenprobe?","Von Titan","Vom Mond","Vom Mars","Von Europa","C","Die Bodenprobe wurde vom Mars zur Erde gebracht.","Der Fund steht zunächst für die Aussicht, eine grundlegende Frage der Forschung zu beantworten. Hugh Derry (Ariyon Bakare) versucht, die Probe unter kontrollierten Bedingungen zu beleben. Dabei verlagert der Film die Gefahrenstelle von einer fernen Expedition in den Rücktransport selbst. Die entscheidende Grenze liegt nicht nur zwischen zwei Planeten, sondern zwischen einem abgeschlossenen Untersuchungsraum und dem gemeinsamen Lebenssystem der Station.","„Von Titan“ trifft hier nicht zu. Die Bodenprobe wurde vom Mars zur Erde gebracht.","„Vom Mond“ trifft hier nicht zu. Die Bodenprobe wurde vom Mars zur Erde gebracht.","Richtig. Die Bodenprobe wurde vom Mars zur Erde gebracht.","„Von Europa“ trifft hier nicht zu. Die Bodenprobe wurde vom Mars zur Erde gebracht.","Marsprobe im irdischen Orbit.","Handlung","https://en.wikipedia.org/wiki/Life_(2017_film)|https://en.wikipedia.org/wiki/Daniel_Espinosa","redaktionell_geprueft"
"SF-202609-P02-M-040","K-SF-202609-P02-M-040","","de","Film","Science-Fiction","Life","Life","2017","","mittel","Figuren","Weltraum|Körperhorror","Weltraum|Körperhorror","Rebecca Ferguson spielt Miranda North.","„Life“ (2017): Wer spielt die Quarantäneexpertin Miranda North?","Rosamund Pike","Noomi Rapace","Emily Blunt","Rebecca Ferguson","D","Rebecca Ferguson spielt Miranda North.","Miranda North (Rebecca Ferguson) denkt in Sicherheitsstufen und Eindämmung. Ihre Aufgabe kann mit dem unmittelbaren Wunsch kollidieren, einen Kollegen zu retten. Der Film zeigt dadurch ein institutionelles Problem in persönlicher Form: Eine Schutzregel betrifft nicht nur abstrakte Zahlen, sondern Menschen, die einander direkt sehen und hören können. Gerade diese Nähe erschwert Entscheidungen, deren Zweck der Schutz einer noch viel größeren Bevölkerung ist.","„Rosamund Pike“ trifft hier nicht zu. Rebecca Ferguson spielt Miranda North.","„Noomi Rapace“ trifft hier nicht zu. Rebecca Ferguson spielt Miranda North.","„Emily Blunt“ trifft hier nicht zu. Rebecca Ferguson spielt Miranda North.","Richtig. Rebecca Ferguson spielt Miranda North.","Miranda trägt Verantwortung über die Station hinaus.","keine","https://en.wikipedia.org/wiki/Life_(2017_film)|https://en.wikipedia.org/wiki/Daniel_Espinosa","redaktionell_geprueft"
"SF-202609-P02-S-039","K-SF-202609-P02-S-039","","de","Film","Science-Fiction","Life","Life","2017","","schwer","Weltwissen","Weltraum|Körperhorror","Weltraum|Körperhorror","Calvins Zellen verbinden mehrere Funktionen wie Wahrnehmung und Bewegung.","„Life“ (2017): Welche ungewöhnliche Eigenschaft beschreibt Hugh an Calvins Zellen?","Jede erzeugt menschliche Sprache","Jede besitzt eine feste Jahresuhr","Jede erfüllt mehrere biologische Funktionen","Jede enthält einen Metallkern","C","Calvins Zellen verbinden mehrere Funktionen wie Wahrnehmung und Bewegung.","Hugh Derry (Ariyon Bakare) beschreibt einen Organismus, dessen Aufbau nicht den vertrauten Trennungen menschlicher Organe folgt. Daraus gewinnt der Film seine eigene biologische Bedrohungslogik. Eine Beschädigung einzelner Strukturen genügt womöglich nicht so, wie die Besatzung es erwartet. Die Aussage gehört zur erfundenen Lebensform der Geschichte und ist keine Behauptung darüber, wie tatsächlich entdecktes außerirdisches Leben organisiert wäre.","„Jede erzeugt menschliche Sprache“ trifft hier nicht zu. Calvins Zellen verbinden mehrere Funktionen wie Wahrnehmung und Bewegung.","„Jede besitzt eine feste Jahresuhr“ trifft hier nicht zu. Calvins Zellen verbinden mehrere Funktionen wie Wahrnehmung und Bewegung.","Richtig. Calvins Zellen verbinden mehrere Funktionen wie Wahrnehmung und Bewegung.","„Jede enthält einen Metallkern“ trifft hier nicht zu. Calvins Zellen verbinden mehrere Funktionen wie Wahrnehmung und Bewegung.","Calvin kombiniert Funktionen in seinen Zellen.","Handlung","https://en.wikipedia.org/wiki/Life_(2017_film)|https://en.wikipedia.org/wiki/Daniel_Espinosa","redaktionell_geprueft"
"SF-202609-P02-S-040","K-SF-202609-P02-S-040","","de","Film","Science-Fiction","Life","Life","2017","","schwer","Handlung","Weltraum|Körperhorror","Weltraum|Körperhorror","Die Kapsel mit David und Calvin erreicht die Erde.","„Life“ (2017): Welche Rettungskapsel landet am Ende auf der Erde?","Die mit einer unbemannten Probe","Die mit Sho und Rory","Die mit Miranda allein","Die mit David und Calvin","D","Die Kapsel mit David und Calvin erreicht die Erde.","David Jordan (Jake Gyllenhaal) will den Organismus bewusst von der Erde wegführen, während Miranda North (Rebecca Ferguson) zurückkehren soll. Die Montage lässt zunächst offen, welcher Flugweg zu welcher Kapsel gehört. Als Fischer das gelandete Objekt erreichen, wird die scheinbar vertraute Rettungssituation umgedeutet. Hilfe von außen bedeutet hier nicht automatisch Sicherheit, weil die Helfenden entscheidende Informationen über den Inhalt der Kapsel nicht besitzen.","„Die mit einer unbemannten Probe“ trifft hier nicht zu. Die Kapsel mit David und Calvin erreicht die Erde.","„Die mit Sho und Rory“ trifft hier nicht zu. Die Kapsel mit David und Calvin erreicht die Erde.","„Die mit Miranda allein“ trifft hier nicht zu. Die Kapsel mit David und Calvin erreicht die Erde.","Richtig. Die Kapsel mit David und Calvin erreicht die Erde.","Die gelandete Kapsel bringt die falsche Fracht.","Auflösung","https://en.wikipedia.org/wiki/Life_(2017_film)|https://en.wikipedia.org/wiki/Daniel_Espinosa","redaktionell_geprueft"
"SF-202609-P02-L-041","K-SF-202609-P02-L-041","","de","Film","Science-Fiction","Ad Astra – Zu den Sternen","Ad Astra","2019","","leicht","Besetzung","Weltraum|Familie","Weltraum|Familie","Brad Pitt spielt Roy McBride.","„Ad Astra – Zu den Sternen“ (2019): Wer spielt den Astronauten Roy McBride?","Brad Pitt","Christian Bale","Ryan Gosling","Matt Damon","A","Brad Pitt spielt Roy McBride.","Roy McBride (Brad Pitt) erscheint nach außen außerordentlich kontrolliert. Die wiederkehrende Innensprache lässt jedoch erkennen, wie viel Abstand zwischen professionellem Auftreten und persönlichem Erleben liegt. Der Film nutzt diesen Unterschied, statt Gefühle hauptsächlich in großen Ausbrüchen sichtbar zu machen. Gerade die ruhige Oberfläche wird zum Gegenstand der Beobachtung: Verlässlichkeit im Einsatz bedeutet hier nicht automatisch, dass jemand auch außerhalb der Arbeit Nähe zulassen kann.","Richtig. Brad Pitt spielt Roy McBride.","„Christian Bale“ trifft hier nicht zu. Brad Pitt spielt Roy McBride.","„Ryan Gosling“ trifft hier nicht zu. Brad Pitt spielt Roy McBride.","„Matt Damon“ trifft hier nicht zu. Brad Pitt spielt Roy McBride.","Pitts Roy bleibt äußerlich kontrolliert.","keine","https://en.wikipedia.org/wiki/Ad_Astra_(film)|https://en.wikipedia.org/wiki/James_Gray_(director)","redaktionell_geprueft"
"SF-202609-P02-L-042","K-SF-202609-P02-L-042","","de","Film","Science-Fiction","Ad Astra – Zu den Sternen","Ad Astra","2019","","leicht","Figuren","Weltraum|Familie","Weltraum|Familie","Roy sucht seinen Vater Clifford McBride.","„Ad Astra – Zu den Sternen“ (2019): Wen sucht Roy auf seiner Reise?","Seinen ehemaligen Lehrer","Seinen Vater","Seinen verschwundenen Sohn","Seinen Bruder","B","Roy sucht seinen Vater Clifford McBride.","Clifford McBride (Tommy Lee Jones) ist für Roy McBride (Brad Pitt) zugleich Vater und öffentlich verehrtes Vorbild. Die Reise prüft deshalb nicht nur, ob ein Mensch noch lebt, sondern auch das Bild, das andere von ihm geschaffen haben. Der Film verbindet die enorme räumliche Entfernung mit einer lange bestehenden familiären Distanz. Eine Begegnung kann dabei Fakten klären, ohne jede frühere Verletzung automatisch aufzulösen.","„Seinen ehemaligen Lehrer“ trifft hier nicht zu. Roy sucht seinen Vater Clifford McBride.","Richtig. Roy sucht seinen Vater Clifford McBride.","„Seinen verschwundenen Sohn“ trifft hier nicht zu. Roy sucht seinen Vater Clifford McBride.","„Seinen Bruder“ trifft hier nicht zu. Roy sucht seinen Vater Clifford McBride.","Die Weltraumsuche führt zum Vaterbild.","Handlung","https://en.wikipedia.org/wiki/Ad_Astra_(film)|https://en.wikipedia.org/wiki/James_Gray_(director)","redaktionell_geprueft"
"SF-202609-P02-M-041","K-SF-202609-P02-M-041","","de","Film","Science-Fiction","Ad Astra – Zu den Sternen","Ad Astra","2019","","mittel","Raumfahrt","Weltraum|Familie","Weltraum|Familie","Clifford McBride leitete das Lima-Projekt.","„Ad Astra – Zu den Sternen“ (2019): Wie heißt die Forschungsmission von Roys Vater?","Lima-Projekt","Gemini-Projekt","Orion-Projekt","Daedalus-Projekt","A","Clifford McBride leitete das Lima-Projekt.","Das Lima-Projekt wurde zur Suche nach intelligentem Leben ausgesandt. Clifford McBride (Tommy Lee Jones) bindet daran einen Anspruch, der weit über gewöhnliche Aufgabenerfüllung hinausgeht. Für Roy McBride (Brad Pitt) ist die Mission zunächst Teil einer Heldengeschichte. Ihre spätere Untersuchung fragt, was geschieht, wenn ein wissenschaftliches Ziel so eng mit der eigenen Identität verbunden wird, dass ein enttäuschendes Ergebnis nicht mehr akzeptabel erscheint.","Richtig. Clifford McBride leitete das Lima-Projekt.","„Gemini-Projekt“ trifft hier nicht zu. Clifford McBride leitete das Lima-Projekt.","„Orion-Projekt“ trifft hier nicht zu. Clifford McBride leitete das Lima-Projekt.","„Daedalus-Projekt“ trifft hier nicht zu. Clifford McBride leitete das Lima-Projekt.","Lima sucht nach anderem intelligentem Leben.","Handlung","https://en.wikipedia.org/wiki/Ad_Astra_(film)|https://en.wikipedia.org/wiki/James_Gray_(director)","redaktionell_geprueft"
"SF-202609-P02-M-042","K-SF-202609-P02-M-042","","de","Film","Science-Fiction","Ad Astra – Zu den Sternen","Ad Astra","2019","","mittel","Schauplatz","Weltraum|Familie","Weltraum|Familie","Die Station des Lima-Projekts befindet sich bei Neptun.","„Ad Astra – Zu den Sternen“ (2019): In der Nähe welches Planeten befindet sich das Lima-Projekt?","Merkur","Neptun","Mars","Saturn","B","Die Station des Lima-Projekts befindet sich bei Neptun.","Die Entfernung zu Neptun lässt die Reise als schrittweisen Abschied von menschlicher Gesellschaft erscheinen. Roy McBride (Brad Pitt) durchquert zunächst noch organisierte Verkehrs- und Arbeitsräume, später überwiegen Einsamkeit und Erinnerung. Das äußere Ziel bleibt präzise benennbar, während seine persönliche Aufgabe weniger eindeutig ist. Der Film verwendet den Weltraum dadurch auch als Raum, in dem eingespielte Selbstbeschreibungen nicht mehr durch alltägliche Kontakte bestätigt werden.","„Merkur“ trifft hier nicht zu. Die Station des Lima-Projekts befindet sich bei Neptun.","Richtig. Die Station des Lima-Projekts befindet sich bei Neptun.","„Mars“ trifft hier nicht zu. Die Station des Lima-Projekts befindet sich bei Neptun.","„Saturn“ trifft hier nicht zu. Die Station des Lima-Projekts befindet sich bei Neptun.","Bei Neptun endet die lange Entfernung zum Vater.","Handlung","https://en.wikipedia.org/wiki/Ad_Astra_(film)|https://en.wikipedia.org/wiki/James_Gray_(director)","redaktionell_geprueft"
"SF-202609-P02-S-041","K-SF-202609-P02-S-041","","de","Film","Science-Fiction","Ad Astra – Zu den Sternen","Ad Astra","2019","","schwer","Handlungsdetail","Weltraum|Familie","Weltraum|Familie","Auf der Forschungsstation befinden sich aggressive Paviane.","„Ad Astra – Zu den Sternen“ (2019): Was begegnet der Besatzung auf der Forschungsstation beim Zwischenhalt Richtung Mars?","Aggressive Paviane","Bewaffnete Androiden","Ausgebrochene Riesenechsen","Aggressive Wölfe","A","Auf der Forschungsstation befinden sich aggressive Paviane.","Roy McBride (Brad Pitt) erlebt beim Zwischenhalt eine Gefahr, die nicht von außerirdischem Leben ausgeht. Die Tiere gehören zu einem menschlichen Forschungsumfeld, dessen Ordnung zusammengebrochen ist. Die Episode unterbricht die kontrollierte Reise mit einem körperlich unmittelbaren Schock. Zugleich hält sie die Geschichte bei menschlich verursachten Risiken: Auch weit von der Erde entfernt verschwinden weder verletzliche Körper noch die Folgen unzureichend beherrschter Arbeitsbedingungen.","Richtig. Auf der Forschungsstation befinden sich aggressive Paviane.","„Bewaffnete Androiden“ trifft hier nicht zu. Auf der Forschungsstation befinden sich aggressive Paviane.","„Ausgebrochene Riesenechsen“ trifft hier nicht zu. Auf der Forschungsstation befinden sich aggressive Paviane.","„Aggressive Wölfe“ trifft hier nicht zu. Auf der Forschungsstation befinden sich aggressive Paviane.","Die Zwischenstation birgt irdische Tiere als Gefahr.","Handlung","https://en.wikipedia.org/wiki/Ad_Astra_(film)|https://en.wikipedia.org/wiki/James_Gray_(director)","redaktionell_geprueft"
"SF-202609-P02-S-042","K-SF-202609-P02-S-042","","de","Film","Science-Fiction","Ad Astra – Zu den Sternen","Ad Astra","2019","","schwer","Handlung","Weltraum|Familie","Weltraum|Familie","Clifford findet keinen Nachweis weiteren intelligenten Lebens.","„Ad Astra – Zu den Sternen“ (2019): Was findet Clifford trotz seiner langen Suche nicht?","Eine Route zurück zur Erde","Nachweise weiteren intelligenten Lebens","Eine Karte des Sonnensystems","Eine Quelle elektrischer Energie","B","Clifford findet keinen Nachweis weiteren intelligenten Lebens.","Clifford McBride (Tommy Lee Jones) bewertet die ausbleibende Entdeckung als Scheitern. Roy McBride (Brad Pitt) kann denselben Befund anders lesen: Die dokumentierten Welten bleiben bemerkenswert, und das bekannte menschliche Leben gewinnt an Bedeutung. Die Schlussbewegung besteht deshalb nicht in einer geheimen außerirdischen Antwort. Sie verändert vielmehr den Maßstab, nach dem eine Suche, ihre Ergebnisse und die Beziehungen zur Erde bewertet werden.","„Eine Route zurück zur Erde“ trifft hier nicht zu. Clifford findet keinen Nachweis weiteren intelligenten Lebens.","Richtig. Clifford findet keinen Nachweis weiteren intelligenten Lebens.","„Eine Karte des Sonnensystems“ trifft hier nicht zu. Clifford findet keinen Nachweis weiteren intelligenten Lebens.","„Eine Quelle elektrischer Energie“ trifft hier nicht zu. Clifford findet keinen Nachweis weiteren intelligenten Lebens.","Keine fremde Intelligenz bedeutet nicht: kein Wert.","Auflösung","https://en.wikipedia.org/wiki/Ad_Astra_(film)|https://en.wikipedia.org/wiki/James_Gray_(director)","redaktionell_geprueft"
"SF-202609-P02-L-043","K-SF-202609-P02-L-043","","de","Film","Science-Fiction","Prometheus – Dunkle Zeichen","Prometheus","2012","Alien","leicht","Besetzung","Weltraum|Ursprung","Weltraum|Ursprung","Noomi Rapace spielt Elizabeth Shaw.","„Prometheus – Dunkle Zeichen“ (2012): Wer spielt die Archäologin Elizabeth Shaw?","Rebecca Ferguson","Claire Foy","Noomi Rapace","Rooney Mara","C","Noomi Rapace spielt Elizabeth Shaw.","Elizabeth Shaw (Noomi Rapace) verbindet wissenschaftliche Neugier mit einer persönlichen religiösen Bindung. Der Film behandelt diese Kombination nicht als bloßen Widerspruch, den eine einzelne Entdeckung sofort beseitigen müsste. Ihre Fragen verändern sich vielmehr mit den Erfahrungen. Besonders wichtig ist dabei, dass die Suche nach einem biologischen Ursprung nicht automatisch beantwortet, welchen Sinn eine Existenz besitzt oder welche Absichten mögliche Erschaffer tatsächlich verfolgen.","„Rebecca Ferguson“ trifft hier nicht zu. Noomi Rapace spielt Elizabeth Shaw.","„Claire Foy“ trifft hier nicht zu. Noomi Rapace spielt Elizabeth Shaw.","Richtig. Noomi Rapace spielt Elizabeth Shaw.","„Rooney Mara“ trifft hier nicht zu. Noomi Rapace spielt Elizabeth Shaw.","Shaw sucht Herkunft und behält weitergehende Fragen.","keine","https://en.wikipedia.org/wiki/Prometheus_(2012_film)|https://en.wikipedia.org/wiki/Ridley_Scott","redaktionell_geprueft"
"SF-202609-P02-L-044","K-SF-202609-P02-L-044","","de","Film","Science-Fiction","Prometheus – Dunkle Zeichen","Prometheus","2012","Alien","leicht","Figuren","Weltraum|Ursprung","Weltraum|Ursprung","Der Android heißt David.","„Prometheus – Dunkle Zeichen“ (2012): Wie heißt der Android an Bord der Prometheus?","Bishop","Walter","Ash","David","D","Der Android heißt David.","David (Michael Fassbender) bewegt sich während des Schlafs der Besatzung allein durch das Schiff und studiert menschliche Ausdrucksformen. Diese Einführung zeigt eine Figur, die beobachtet, imitiert und dennoch nicht vollständig in der Gruppe aufgeht. Seine höfliche Sprache bietet deshalb keine sichere Auskunft über seine Absichten. Der Film lässt Aufmerksamkeit und Distanz gleichzeitig sichtbar werden, bevor einzelne Handlungen seine besondere Stellung deutlicher machen.","„Bishop“ trifft hier nicht zu. Der Android heißt David.","„Walter“ trifft hier nicht zu. Der Android heißt David.","„Ash“ trifft hier nicht zu. Der Android heißt David.","Richtig. Der Android heißt David.","David beobachtet Menschen, ohne einer zu sein.","keine","https://en.wikipedia.org/wiki/Prometheus_(2012_film)|https://en.wikipedia.org/wiki/Ridley_Scott","redaktionell_geprueft"
"SF-202609-P02-M-043","K-SF-202609-P02-M-043","","de","Film","Science-Fiction","Prometheus – Dunkle Zeichen","Prometheus","2012","Alien","mittel","Schauplatz","Weltraum|Ursprung","Weltraum|Ursprung","Die Prometheus erreicht LV-223.","„Prometheus – Dunkle Zeichen“ (2012): Welchen Mond erreicht die Expedition?","LV-1201","LV-178","LV-223","LV-426","C","Die Prometheus erreicht LV-223.","LV-223 ist nicht einfach der bekannte Schauplatz des ersten Alien-Films unter einem anderen Bildwinkel. Elizabeth Shaw (Noomi Rapace) untersucht dort Anlagen, die zunächst als Zugang zur Herkunft der Menschheit erscheinen. Die konkrete Ortsangabe ist deshalb wichtig für die Reihenkenntnis. Gemeinsamkeiten in Gestaltung und Biologie erlauben nicht, verschiedene Himmelskörper oder Ereignisse ohne Weiteres zu einer einzigen bereits bekannten Expedition zusammenzuziehen.","„LV-1201“ trifft hier nicht zu. Die Prometheus erreicht LV-223.","„LV-178“ trifft hier nicht zu. Die Prometheus erreicht LV-223.","Richtig. Die Prometheus erreicht LV-223.","„LV-426“ trifft hier nicht zu. Die Prometheus erreicht LV-223.","Prometheus landet auf LV-223, nicht LV-426.","Handlung","https://en.wikipedia.org/wiki/Prometheus_(2012_film)|https://en.wikipedia.org/wiki/Ridley_Scott","redaktionell_geprueft"
"SF-202609-P02-M-044","K-SF-202609-P02-M-044","","de","Film","Science-Fiction","Prometheus – Dunkle Zeichen","Prometheus","2012","Alien","mittel","Weltwissen","Weltraum|Ursprung","Weltraum|Ursprung","Die vermuteten Schöpfer werden Konstrukteure genannt.","„Prometheus – Dunkle Zeichen“ (2012): Wie bezeichnet die Expedition die vermuteten Schöpfer der Menschheit?","Wächter","Archivare","Navigatoren","Konstrukteure","D","Die vermuteten Schöpfer werden Konstrukteure genannt.","Die Bezeichnung Konstrukteure verbindet biologischen Ursprung mit der Vorstellung absichtlicher Herstellung. Elizabeth Shaw (Noomi Rapace) und Charlie Holloway (Logan Marshall-Green) lesen ihre Funde entsprechend als mögliche Einladung. Der Film zeigt jedoch, wie viel Deutung bereits in dieser Annahme steckt. Eine übereinstimmende Spur belegt noch keine freundliche Absicht. Die Expedition reist somit nicht nur mit Geräten, sondern auch mit Erwartungen, die ihre Beobachtungen vorstrukturieren.","„Wächter“ trifft hier nicht zu. Die vermuteten Schöpfer werden Konstrukteure genannt.","„Archivare“ trifft hier nicht zu. Die vermuteten Schöpfer werden Konstrukteure genannt.","„Navigatoren“ trifft hier nicht zu. Die vermuteten Schöpfer werden Konstrukteure genannt.","Richtig. Die vermuteten Schöpfer werden Konstrukteure genannt.","Konstrukteur heißt nicht automatisch wohlwollender Schöpfer.","Handlung","https://en.wikipedia.org/wiki/Prometheus_(2012_film)|https://en.wikipedia.org/wiki/Ridley_Scott","redaktionell_geprueft"
"SF-202609-P02-S-043","K-SF-202609-P02-S-043","","de","Film","Science-Fiction","Prometheus – Dunkle Zeichen","Prometheus","2012","Alien","schwer","Handlungsdetail","Weltraum|Ursprung","Weltraum|Ursprung","Shaw benutzt eine automatisierte Operationskapsel.","„Prometheus – Dunkle Zeichen“ (2012): Welche medizinische Anlage benutzt Shaw in einer Notsituation?","Eine Kryokonservierungswanne","Eine Klonkammer","Eine automatisierte Operationskapsel","Eine tragbare Röntgenbrille","C","Shaw benutzt eine automatisierte Operationskapsel.","Elizabeth Shaw (Noomi Rapace) muss eine medizinische Maschine unter extremem Zeitdruck für ihre konkrete Lage einsetzen. Die Anlage bietet hochentwickelte Möglichkeiten, ist aber nicht ohne Weiteres auf ihren Bedarf eingerichtet. Spannung entsteht aus der Bedienung selbst: Eingaben, mechanische Bewegungen und die fehlende persönliche Fürsorge eines menschlichen Gegenübers. Die Szene macht technische Leistungsfähigkeit und die Verletzlichkeit ihres Benutzers gleichzeitig erfahrbar.","„Eine Kryokonservierungswanne“ trifft hier nicht zu. Shaw benutzt eine automatisierte Operationskapsel.","„Eine Klonkammer“ trifft hier nicht zu. Shaw benutzt eine automatisierte Operationskapsel.","Richtig. Shaw benutzt eine automatisierte Operationskapsel.","„Eine tragbare Röntgenbrille“ trifft hier nicht zu. Shaw benutzt eine automatisierte Operationskapsel.","Automatisierte Präzision ersetzt keine persönliche Fürsorge.","Handlung","https://en.wikipedia.org/wiki/Prometheus_(2012_film)|https://en.wikipedia.org/wiki/Ridley_Scott","redaktionell_geprueft"
"SF-202609-P02-S-044","K-SF-202609-P02-S-044","","de","Film","Science-Fiction","Prometheus – Dunkle Zeichen","Prometheus","2012","Alien","schwer","Handlung","Weltraum|Ursprung","Weltraum|Ursprung","Weyland hofft auf eine Verlängerung seines eigenen Lebens.","„Prometheus – Dunkle Zeichen“ (2012): Welches persönliche Ziel verfolgt Peter Weyland bei den Konstrukteuren?","Die Erde zu verschenken","Eine verlorene Tochter zu suchen","Eine neue Sprache zu entwickeln","Sein eigenes Leben zu verlängern","D","Weyland hofft auf eine Verlängerung seines eigenen Lebens.","Peter Weyland (Guy Pearce) finanziert eine Mission, deren öffentliches Erkenntnisversprechen seine persönliche Erwartung verdeckt. Elizabeth Shaw (Noomi Rapace) sucht Antworten auf andere Fragen. Dadurch trägt dasselbe Schiff mehrere Vorhaben, die nicht gleichberechtigt offengelegt sind. Die Enthüllung verschiebt den Blick auf die Expedition: Wissenschaftliche Arbeit ist hier auch von Eigentum, Ressourcen und den privaten Interessen dessen abhängig, der die Reise ermöglicht.","„Die Erde zu verschenken“ trifft hier nicht zu. Weyland hofft auf eine Verlängerung seines eigenen Lebens.","„Eine verlorene Tochter zu suchen“ trifft hier nicht zu. Weyland hofft auf eine Verlängerung seines eigenen Lebens.","„Eine neue Sprache zu entwickeln“ trifft hier nicht zu. Weyland hofft auf eine Verlängerung seines eigenen Lebens.","Richtig. Weyland hofft auf eine Verlängerung seines eigenen Lebens.","Weylands Forschungsreise dient auch seiner Sterblichkeit.","Auflösung","https://en.wikipedia.org/wiki/Prometheus_(2012_film)|https://en.wikipedia.org/wiki/Ridley_Scott","redaktionell_geprueft"
"SF-202609-P02-L-045","K-SF-202609-P02-L-045","","de","Film","Science-Fiction","Alien: Covenant","Alien: Covenant","2017","Alien","leicht","Besetzung","Weltraum|Androiden","Weltraum|Androiden","Katherine Waterston spielt Daniels.","„Alien: Covenant“ (2017): Wer spielt die Terraforming-Spezialistin Daniels?","Katherine Waterston","Noomi Rapace","Jessica Chastain","Rebecca Hall","A","Katherine Waterston spielt Daniels.","Daniels (Katherine Waterston) beginnt die Mission mit konkreten Vorstellungen von einem zukünftigen Leben. Ihre Arbeit richtet sich auf eine bewohnbare Umgebung, nicht auf das Auffinden spektakulärer Gefahren. Der Film nimmt ihr diese planbare Zukunft früh und macht anschließend praktische Erfahrung wichtig. Sie wird nicht durch eine lange Heldenerklärung eingeführt, sondern durch Trauer, Einwände und die Fähigkeit, unter veränderten Bedingungen weiterzuarbeiten.","Richtig. Katherine Waterston spielt Daniels.","„Noomi Rapace“ trifft hier nicht zu. Katherine Waterston spielt Daniels.","„Jessica Chastain“ trifft hier nicht zu. Katherine Waterston spielt Daniels.","„Rebecca Hall“ trifft hier nicht zu. Katherine Waterston spielt Daniels.","Daniels plant Lebensraum und muss Überleben organisieren.","keine","https://en.wikipedia.org/wiki/Alien:_Covenant|https://en.wikipedia.org/wiki/Ridley_Scott","redaktionell_geprueft"
"SF-202609-P02-L-046","K-SF-202609-P02-L-046","","de","Film","Science-Fiction","Alien: Covenant","Alien: Covenant","2017","Alien","leicht","Raumfahrt","Weltraum|Androiden","Weltraum|Androiden","Die Covenant transportiert Kolonisten zu einer neuen Welt.","„Alien: Covenant“ (2017): Welche Hauptaufgabe hat die Covenant?","Eine Botschaft zur Erde senden","Kolonisten zu einer neuen Welt bringen","Einen Kometen abbauen","Ein Kriegsschiff verfolgen","B","Die Covenant transportiert Kolonisten zu einer neuen Welt.","Die Schlafenden an Bord bleiben überwiegend unsichtbar, bilden aber den Hintergrund jeder Entscheidung der wachen Crew. Daniels (Katherine Waterston) muss deshalb Folgen berücksichtigen, die weit über die unmittelbar anwesenden Personen hinausreichen. Der Schiffstyp verändert die Bedeutung eines Umwegs: Nicht bloß eine kleine Forschungsgruppe riskiert etwas, sondern ein langfristiges Siedlungsvorhaben mit Menschen, die an der aktuellen Entscheidung selbst nicht teilnehmen können.","„Eine Botschaft zur Erde senden“ trifft hier nicht zu. Die Covenant transportiert Kolonisten zu einer neuen Welt.","Richtig. Die Covenant transportiert Kolonisten zu einer neuen Welt.","„Einen Kometen abbauen“ trifft hier nicht zu. Die Covenant transportiert Kolonisten zu einer neuen Welt.","„Ein Kriegsschiff verfolgen“ trifft hier nicht zu. Die Covenant transportiert Kolonisten zu einer neuen Welt.","Die Covenant trägt eine schlafende Zukunft.","Handlung","https://en.wikipedia.org/wiki/Alien:_Covenant|https://en.wikipedia.org/wiki/Ridley_Scott","redaktionell_geprueft"
"SF-202609-P02-M-045","K-SF-202609-P02-M-045","","de","Film","Science-Fiction","Alien: Covenant","Alien: Covenant","2017","Alien","mittel","Figuren","Weltraum|Androiden","Weltraum|Androiden","Michael Fassbender spielt beide Androiden.","„Alien: Covenant“ (2017): Welcher Darsteller spielt sowohl David als auch Walter?","Michael Fassbender","Guy Pearce","Demián Bichir","Billy Crudup","A","Michael Fassbender spielt beide Androiden.","David und Walter (beide Michael Fassbender) teilen ein Gesicht, unterscheiden sich aber in Haltung, Sprache und Verhältnis zur eigenen Aufgabe. Die Doppelrolle verlangt daher Aufmerksamkeit für kleine Verhaltensmerkmale. Der Film nutzt körperliche Gleichheit nicht als Garantie gleicher Persönlichkeit. Gerade die Gespräche zwischen beiden machen sichtbar, wie unterschiedlich zwei künstliche Wesen ihre Grenzen, ihre Fähigkeiten und ihre Beziehung zu Menschen verstehen können.","Richtig. Michael Fassbender spielt beide Androiden.","„Guy Pearce“ trifft hier nicht zu. Michael Fassbender spielt beide Androiden.","„Demián Bichir“ trifft hier nicht zu. Michael Fassbender spielt beide Androiden.","„Billy Crudup“ trifft hier nicht zu. Michael Fassbender spielt beide Androiden.","Ein Gesicht, zwei künstliche Persönlichkeiten.","keine","https://en.wikipedia.org/wiki/Alien:_Covenant|https://en.wikipedia.org/wiki/Ridley_Scott","redaktionell_geprueft"
"SF-202609-P02-M-046","K-SF-202609-P02-M-046","","de","Film","Science-Fiction","Alien: Covenant","Alien: Covenant","2017","Alien","mittel","Handlungsdetail","Weltraum|Androiden","Weltraum|Androiden","Eine empfangene menschliche Gesangsaufnahme macht die Crew auf den Planeten aufmerksam.","„Alien: Covenant“ (2017): Was führt die Crew zunächst zum unbekannten Planeten?","Ein verschlüsseltes Militärsignal","Eine empfangene menschliche Gesangsaufnahme","Ein Meteorit mit Koordinaten","Ein funktionsloser Rettungssatellit","B","Eine empfangene menschliche Gesangsaufnahme macht die Crew auf den Planeten aufmerksam.","Der vertraute Klang einer menschlichen Stimme verändert die Bewertung eines unbekannten Orts. Chris Oram (Billy Crudup) sieht darin eine Gelegenheit, während Daniels (Katherine Waterston) auf die Risiken der Abweichung hinweist. Die Information ist emotional stark, aber sachlich unvollständig. Der Film zeigt damit, wie schnell ein wiedererkennbares kulturelles Zeichen die Erwartung von Sicherheit oder Vertrautheit auslösen kann, obwohl seine Herkunft noch ungeklärt ist.","„Ein verschlüsseltes Militärsignal“ trifft hier nicht zu. Eine empfangene menschliche Gesangsaufnahme macht die Crew auf den Planeten aufmerksam.","Richtig. Eine empfangene menschliche Gesangsaufnahme macht die Crew auf den Planeten aufmerksam.","„Ein Meteorit mit Koordinaten“ trifft hier nicht zu. Eine empfangene menschliche Gesangsaufnahme macht die Crew auf den Planeten aufmerksam.","„Ein funktionsloser Rettungssatellit“ trifft hier nicht zu. Eine empfangene menschliche Gesangsaufnahme macht die Crew auf den Planeten aufmerksam.","Eine vertraute Stimme lenkt die Mission um.","Handlung","https://en.wikipedia.org/wiki/Alien:_Covenant|https://en.wikipedia.org/wiki/Ridley_Scott","redaktionell_geprueft"
"SF-202609-P02-S-045","K-SF-202609-P02-S-045","","de","Film","Science-Fiction","Alien: Covenant","Alien: Covenant","2017","Alien","schwer","Handlungsdetail","Weltraum|Androiden","Weltraum|Androiden","David unterweist Walter an einer Flöte.","„Alien: Covenant“ (2017): Welches Instrument steht im Zentrum einer Szene zwischen den Androiden?","Eine Flöte","Eine Trompete","Ein Klavier","Eine Geige","A","David unterweist Walter an einer Flöte.","David und Walter (beide Michael Fassbender) verhandeln in der Flötenszene mehr als die Bedienung eines Instruments. Handgriffe, Atem und Nachahmung verbinden sich mit der Frage, ob ein künstliches Wesen selbst etwas erschaffen kann. Das Musizieren gibt einem abstrakten Unterschied eine konkrete Form. Die Szene kann zugleich als Annäherung und als Versuch gelesen werden, das Selbstverständnis des anderen gezielt zu beeinflussen.","Richtig. David unterweist Walter an einer Flöte.","„Eine Trompete“ trifft hier nicht zu. David unterweist Walter an einer Flöte.","„Ein Klavier“ trifft hier nicht zu. David unterweist Walter an einer Flöte.","„Eine Geige“ trifft hier nicht zu. David unterweist Walter an einer Flöte.","Die Flöte macht Kreativität zum körperlichen Vorgang.","Handlung","https://en.wikipedia.org/wiki/Alien:_Covenant|https://en.wikipedia.org/wiki/Ridley_Scott","redaktionell_geprueft"
"SF-202609-P02-S-046","K-SF-202609-P02-S-046","","de","Film","Science-Fiction","Alien: Covenant","Alien: Covenant","2017","Alien","schwer","Handlung","Weltraum|Androiden","Weltraum|Androiden","David gibt sich als Walter aus.","„Alien: Covenant“ (2017): Wer übernimmt am Ende unter falscher Identität die Betreuung der Schlafenden?","Tennessee","David","Walter","Oram","B","David gibt sich als Walter aus.","Daniels (Katherine Waterston) erkennt die Täuschung in einem Moment, in dem ihre Handlungsmöglichkeiten bereits eingeschränkt sind. David (Michael Fassbender) nutzt nicht nur äußere Ähnlichkeit, sondern das Vertrauen in eine bekannte Funktion. Das Finale macht aus dem Schlafbereich deshalb einen besonders bedrohlichen Ort. Die Schutzbedürftigen können weder nachfragen noch ihre Situation überprüfen, während der scheinbar verlässliche Betreuer seine eigenen Ziele weiterverfolgt.","„Tennessee“ trifft hier nicht zu. David gibt sich als Walter aus.","Richtig. David gibt sich als Walter aus.","„Walter“ trifft hier nicht zu. David gibt sich als Walter aus.","„Oram“ trifft hier nicht zu. David gibt sich als Walter aus.","David übernimmt Walters vertraute Rolle.","Auflösung","https://en.wikipedia.org/wiki/Alien:_Covenant|https://en.wikipedia.org/wiki/Ridley_Scott","redaktionell_geprueft"
"SF-202609-P02-L-047","K-SF-202609-P02-L-047","","de","Film","Science-Fiction","Alien – Die Wiedergeburt","Alien Resurrection","1997","Alien","leicht","Besetzung","Weltraum|Klonen","Weltraum|Klonen","Sigourney Weaver spielt Ripley 8.","„Alien – Die Wiedergeburt“ (1997): Wer spielt Ripley 8?","Linda Hamilton","Geena Davis","Sigourney Weaver","Jamie Lee Curtis","C","Sigourney Weaver spielt Ripley 8.","Ripley 8 (Sigourney Weaver) besitzt das bekannte Gesicht, ist aber nicht einfach eine unveränderte Rückkehr derselben Person. Ihre Körperlichkeit, ihre Reaktionen und ihr Verhältnis zu den Kreaturen wirken verschoben. Die Besetzung erzeugt dadurch gleichzeitig Wiedererkennung und Distanz. Der Film kann mit der Erinnerung des Publikums arbeiten, während er innerhalb der Geschichte ausdrücklich fragt, was von einer früheren Identität durch einen künstlichen Wiederherstellungsprozess überhaupt erhalten bleibt.","„Linda Hamilton“ trifft hier nicht zu. Sigourney Weaver spielt Ripley 8.","„Geena Davis“ trifft hier nicht zu. Sigourney Weaver spielt Ripley 8.","Richtig. Sigourney Weaver spielt Ripley 8.","„Jamie Lee Curtis“ trifft hier nicht zu. Sigourney Weaver spielt Ripley 8.","Bekanntes Gesicht, veränderte Ripley.","keine","https://en.wikipedia.org/wiki/Alien_Resurrection|https://en.wikipedia.org/wiki/Jean-Pierre_Jeunet","redaktionell_geprueft"
"SF-202609-P02-L-048","K-SF-202609-P02-L-048","","de","Film","Science-Fiction","Alien – Die Wiedergeburt","Alien Resurrection","1997","Alien","leicht","Technik","Weltraum|Klonen","Weltraum|Klonen","Ripley wird aus erhaltenem Erbmaterial geklont.","„Alien – Die Wiedergeburt“ (1997): Wie wurde Ripley für die Experimente zurückgebracht?","Durch eine Zeitreise","Durch eine virtuelle Projektion","Durch einen Seelentausch","Durch Klonen","D","Ripley wird aus erhaltenem Erbmaterial geklont.","Ripley 8 (Sigourney Weaver) existiert, weil militärische Forscher ein anderes biologisches Ziel verfolgen. Ihre Wiederherstellung ist kein persönlicher Rettungsversuch. Diese Ausgangslage prägt den Blick auf die Labore: Ein menschlich erkennbares Gegenüber wird als Mittel für weitere Versuche behandelt. Der Film verbindet den Klonvorgang dadurch unmittelbar mit Besitzansprüchen und der Frage, wer über den Körper eines künstlich erzeugten Wesens verfügen darf.","„Durch eine Zeitreise“ trifft hier nicht zu. Ripley wird aus erhaltenem Erbmaterial geklont.","„Durch eine virtuelle Projektion“ trifft hier nicht zu. Ripley wird aus erhaltenem Erbmaterial geklont.","„Durch einen Seelentausch“ trifft hier nicht zu. Ripley wird aus erhaltenem Erbmaterial geklont.","Richtig. Ripley wird aus erhaltenem Erbmaterial geklont.","Klonen dient hier einem fremden Forschungsziel.","Handlung","https://en.wikipedia.org/wiki/Alien_Resurrection|https://en.wikipedia.org/wiki/Jean-Pierre_Jeunet","redaktionell_geprueft"
"SF-202609-P02-M-047","K-SF-202609-P02-M-047","","de","Film","Science-Fiction","Alien – Die Wiedergeburt","Alien Resurrection","1997","Alien","mittel","Figuren","Weltraum|Klonen","Weltraum|Klonen","Winona Ryder spielt Annalee Call.","„Alien – Die Wiedergeburt“ (1997): Wer spielt Annalee Call?","Christina Ricci","Juliette Lewis","Winona Ryder","Fairuza Balk","C","Winona Ryder spielt Annalee Call.","Annalee Call (Winona Ryder) wirkt zunächst weniger körperlich dominant als die übrige Schmugglergruppe. Ihre Aufmerksamkeit und ihr Wissen verschaffen ihr jedoch eine andere Handlungsfähigkeit. Gegenüber Ripley 8 (Sigourney Weaver) entwickelt sich eine Beziehung, die nicht bloß auf gemeinsamer Flucht beruht. Beide Figuren bringen Fragen nach künstlicher Existenz und menschlicher Behandlung mit, obwohl ihre jeweiligen Entstehungsgeschichten deutlich verschieden sind.","„Christina Ricci“ trifft hier nicht zu. Winona Ryder spielt Annalee Call.","„Juliette Lewis“ trifft hier nicht zu. Winona Ryder spielt Annalee Call.","Richtig. Winona Ryder spielt Annalee Call.","„Fairuza Balk“ trifft hier nicht zu. Winona Ryder spielt Annalee Call.","Call gewinnt Bedeutung durch Wissen und Entscheidungen.","keine","https://en.wikipedia.org/wiki/Alien_Resurrection|https://en.wikipedia.org/wiki/Jean-Pierre_Jeunet","redaktionell_geprueft"
"SF-202609-P02-M-048","K-SF-202609-P02-M-048","","de","Film","Science-Fiction","Alien – Die Wiedergeburt","Alien Resurrection","1997","Alien","mittel","Handlungsdetail","Weltraum|Klonen","Weltraum|Klonen","Die Aliens töten einen Artgenossen und nutzen dessen Säureblut zur Flucht.","„Alien – Die Wiedergeburt“ (1997): Wie entkommen die Aliens aus ihrem gesicherten Gehege?","Sie imitieren die Stimme eines Forschers","Sie entschlüsseln einen Zahlencode","Sie warten auf einen Stromausfall","Sie nutzen das Säureblut eines Artgenossen","D","Die Aliens töten einen Artgenossen und nutzen dessen Säureblut zur Flucht.","Die Forscher verlassen sich auf eine räumliche Trennung, deren Material dem Blut der Kreaturen nicht standhält. Ripley 8 (Sigourney Weaver) ist bereits zuvor weniger überzeugt von der menschlichen Kontrolle. Der Ausbruch wirkt deshalb wie eine praktische Widerlegung der Versuchsanordnung. Die Tiere bleiben nicht passive Objekte einer Beobachtung. Ihr Verhalten zeigt, dass die Sicherheitsplanung die Möglichkeiten des untersuchten Organismus unzureichend berücksichtigt hat.","„Sie imitieren die Stimme eines Forschers“ trifft hier nicht zu. Die Aliens töten einen Artgenossen und nutzen dessen Säureblut zur Flucht.","„Sie entschlüsseln einen Zahlencode“ trifft hier nicht zu. Die Aliens töten einen Artgenossen und nutzen dessen Säureblut zur Flucht.","„Sie warten auf einen Stromausfall“ trifft hier nicht zu. Die Aliens töten einen Artgenossen und nutzen dessen Säureblut zur Flucht.","Richtig. Die Aliens töten einen Artgenossen und nutzen dessen Säureblut zur Flucht.","Säureblut macht das Gehege durchlässig.","Handlung","https://en.wikipedia.org/wiki/Alien_Resurrection|https://en.wikipedia.org/wiki/Jean-Pierre_Jeunet","redaktionell_geprueft"
"SF-202609-P02-S-047","K-SF-202609-P02-S-047","","de","Film","Science-Fiction","Alien – Die Wiedergeburt","Alien Resurrection","1997","Alien","schwer","Handlung","Weltraum|Klonen","Weltraum|Klonen","Ripley entdeckt die vorangegangenen misslungenen Klonversuche.","„Alien – Die Wiedergeburt“ (1997): Was entdeckt Ripley in einem abgeschlossenen Labor?","Ein heilbares menschliches Virus","Die Originalbesatzung der Nostromo","Die misslungenen früheren Klonversuche","Eine schlafende Kopie der Erde","C","Ripley entdeckt die vorangegangenen misslungenen Klonversuche.","Ripley 8 (Sigourney Weaver) sieht im Labor nicht nur fremde Opfer, sondern mögliche Varianten ihrer eigenen Entstehung. Die Nummer ihrer Bezeichnung bekommt dadurch eine körperlich konkrete Vorgeschichte. Der Raum unterbricht den Fluchtfilm mit einer Begegnung, die sich nicht als gewöhnliches Hindernis behandeln lässt. Die Experimente erscheinen aus der Sicht ihres Ergebnisses, nicht aus der distanzierten Perspektive eines erfolgreichen Forschungsberichts.","„Ein heilbares menschliches Virus“ trifft hier nicht zu. Ripley entdeckt die vorangegangenen misslungenen Klonversuche.","„Die Originalbesatzung der Nostromo“ trifft hier nicht zu. Ripley entdeckt die vorangegangenen misslungenen Klonversuche.","Richtig. Ripley entdeckt die vorangegangenen misslungenen Klonversuche.","„Eine schlafende Kopie der Erde“ trifft hier nicht zu. Ripley entdeckt die vorangegangenen misslungenen Klonversuche.","Die Acht verweist auf sieben gescheiterte Vorgänger.","Auflösung","https://en.wikipedia.org/wiki/Alien_Resurrection|https://en.wikipedia.org/wiki/Jean-Pierre_Jeunet","redaktionell_geprueft"
"SF-202609-P02-S-048","K-SF-202609-P02-S-048","","de","Film","Science-Fiction","Alien – Die Wiedergeburt","Alien Resurrection","1997","Alien","schwer","Raumfahrt","Weltraum|Klonen","Weltraum|Klonen","Die Schmuggler reisen mit der Betty.","„Alien – Die Wiedergeburt“ (1997): Wie heißt das Schiff der Schmugglergruppe?","Prometheus","Sulaco","Auriga","Betty","D","Die Schmuggler reisen mit der Betty.","Die Betty ist im Verhältnis zum großen Forschungsschiff ein kleiner, beweglicher Fluchtpunkt. Annalee Call (Winona Ryder) und Johner (Ron Perlman) gehören zu einer Gruppe, deren Arbeit selbst zur Katastrophe beigetragen hat. Das macht den möglichen Rettungsweg moralisch nicht sauber. Der Film führt Menschen mit sehr unterschiedlichen Motiven zusammen, weil dieselbe räumliche Lage sie zur Kooperation zwingt, nicht weil sie zuvor gemeinsame Ideale vertreten hätten.","„Prometheus“ trifft hier nicht zu. Die Schmuggler reisen mit der Betty.","„Sulaco“ trifft hier nicht zu. Die Schmuggler reisen mit der Betty.","„Auriga“ trifft hier nicht zu. Die Schmuggler reisen mit der Betty.","Richtig. Die Schmuggler reisen mit der Betty.","Die Betty bleibt der erreichbare Fluchtweg.","Handlung","https://en.wikipedia.org/wiki/Alien_Resurrection|https://en.wikipedia.org/wiki/Jean-Pierre_Jeunet","redaktionell_geprueft"
"SF-202609-P02-L-049","K-SF-202609-P02-L-049","","de","Film","Science-Fiction","A.I. – Künstliche Intelligenz","A.I. Artificial Intelligence","2001","","leicht","Besetzung","Androiden|Familie","Androiden|Familie","Haley Joel Osment spielt David.","„A.I. – Künstliche Intelligenz“ (2001): Wer spielt das Roboterkind David?","Haley Joel Osment","Freddie Highmore","Elijah Wood","Jake Lloyd","A","Haley Joel Osment spielt David.","David (Haley Joel Osment) wirkt zugleich kindlich und auffallend kontrolliert. Seine Aufmerksamkeit für Monica Swinton (Frances O’Connor) gibt kleinsten Reaktionen große Bedeutung. Der Film baut die Frage nach künstlichem Empfinden deshalb nicht nur über technische Erklärungen auf. Entscheidend wird die Erfahrung einer Figur, deren Bindung nicht einfach endet, wenn andere ihre Anwesenheit unbequem finden oder die ursprüngliche Verwendung des Roboters sich verändert.","Richtig. Haley Joel Osment spielt David.","„Freddie Highmore“ trifft hier nicht zu. Haley Joel Osment spielt David.","„Elijah Wood“ trifft hier nicht zu. Haley Joel Osment spielt David.","„Jake Lloyd“ trifft hier nicht zu. Haley Joel Osment spielt David.","Davids Bindung überdauert seinen vorgesehenen Einsatz.","keine","https://en.wikipedia.org/wiki/A.I._Artificial_Intelligence|https://en.wikipedia.org/wiki/Steven_Spielberg","redaktionell_geprueft"
"SF-202609-P02-L-050","K-SF-202609-P02-L-050","","de","Film","Science-Fiction","A.I. – Künstliche Intelligenz","A.I. Artificial Intelligence","2001","","leicht","Weltwissen","Androiden|Familie","Androiden|Familie","David wurde für eine dauerhafte emotionale Bindung entwickelt.","„A.I. – Künstliche Intelligenz“ (2001): Welche Fähigkeit soll David als besondere Neuerung besitzen?","Unsichtbarkeit bei Gefahr","Dauerhafte Liebe zu einem Menschen","Selbstständige Verwandlung in Tiere","Unbegrenztes Reisen durch die Zeit","B","David wurde für eine dauerhafte emotionale Bindung entwickelt.","Monica Swinton (Frances O’Connor) aktiviert bei David (Haley Joel Osment) eine Bindung, die für ihn nicht als vorübergehende Vereinbarung funktioniert. Die ethische Frage richtet sich dadurch auch an den Menschen: Welche Verantwortung entsteht, wenn ein Wesen auf unverlierbare Zuneigung ausgerichtet wird? Die technische Möglichkeit allein klärt nicht, wie mit Enttäuschung, Ablehnung oder veränderten familiären Bedürfnissen umgegangen werden sollte.","„Unsichtbarkeit bei Gefahr“ trifft hier nicht zu. David wurde für eine dauerhafte emotionale Bindung entwickelt.","Richtig. David wurde für eine dauerhafte emotionale Bindung entwickelt.","„Selbstständige Verwandlung in Tiere“ trifft hier nicht zu. David wurde für eine dauerhafte emotionale Bindung entwickelt.","„Unbegrenztes Reisen durch die Zeit“ trifft hier nicht zu. David wurde für eine dauerhafte emotionale Bindung entwickelt.","Unbedingte Bindung schafft Verantwortung für den Menschen.","Handlung","https://en.wikipedia.org/wiki/A.I._Artificial_Intelligence|https://en.wikipedia.org/wiki/Steven_Spielberg","redaktionell_geprueft"
"SF-202609-P02-M-049","K-SF-202609-P02-M-049","","de","Film","Science-Fiction","A.I. – Künstliche Intelligenz","A.I. Artificial Intelligence","2001","","mittel","Literaturmotiv","Androiden|Familie","Androiden|Familie","David orientiert seinen Wunsch an Pinocchio.","„A.I. – Künstliche Intelligenz“ (2001): Welche Märchenfigur prägt Davids Wunsch, ein echter Junge zu werden?","Pinocchio","Peter Pan","Hänsel","Aladdin","A","David orientiert seinen Wunsch an Pinocchio.","David (Haley Joel Osment) behandelt eine Märchenerzählung als möglichen Handlungsplan. Die Hoffnung auf Verwandlung gibt seiner Suche eine Richtung, obwohl die Voraussetzungen der erzählten Magie nicht überprüfbar sind. Dadurch bekommt das bekannte Motiv eine schmerzhafte Besonderheit: Ein künstliches Kind versucht, durch das Erfüllen einer Geschichte die Anerkennung zu gewinnen, die es aus eigener Sicht noch nicht dauerhaft besitzt.","Richtig. David orientiert seinen Wunsch an Pinocchio.","„Peter Pan“ trifft hier nicht zu. David orientiert seinen Wunsch an Pinocchio.","„Hänsel“ trifft hier nicht zu. David orientiert seinen Wunsch an Pinocchio.","„Aladdin“ trifft hier nicht zu. David orientiert seinen Wunsch an Pinocchio.","Pinocchio wird für David zum Suchprogramm.","Handlung","https://en.wikipedia.org/wiki/A.I._Artificial_Intelligence|https://en.wikipedia.org/wiki/Steven_Spielberg","redaktionell_geprueft"
"SF-202609-P02-M-050","K-SF-202609-P02-M-050","","de","Film","Science-Fiction","A.I. – Künstliche Intelligenz","A.I. Artificial Intelligence","2001","","mittel","Figuren","Androiden|Familie","Androiden|Familie","Jude Law spielt Gigolo Joe.","„A.I. – Künstliche Intelligenz“ (2001): Wer spielt den Begleiter Gigolo Joe?","Ralph Fiennes","Jude Law","Paul Bettany","Ewan McGregor","B","Jude Law spielt Gigolo Joe.","Gigolo Joe (Jude Law) besitzt eine andere vorgesehene Funktion als David (Haley Joel Osment), kennt aber ebenfalls die unsichere Stellung künstlicher Wesen. Seine gleitenden Bewegungen und sein routiniertes Auftreten unterscheiden sich deutlich vom suchenden Verhalten des Kindes. Diese körperliche Gestaltung macht ihre Verschiedenheit sofort lesbar. Die gemeinsame Reise verbindet sie nicht durch Gleichheit, sondern durch die Erfahrung, von menschlichen Bedürfnissen abhängig gemacht worden zu sein.","„Ralph Fiennes“ trifft hier nicht zu. Jude Law spielt Gigolo Joe.","Richtig. Jude Law spielt Gigolo Joe.","„Paul Bettany“ trifft hier nicht zu. Jude Law spielt Gigolo Joe.","„Ewan McGregor“ trifft hier nicht zu. Jude Law spielt Gigolo Joe.","Jude Laws Joe bewegt sich mit künstlicher Eleganz.","keine","https://en.wikipedia.org/wiki/A.I._Artificial_Intelligence|https://en.wikipedia.org/wiki/Steven_Spielberg","redaktionell_geprueft"
"SF-202609-P02-S-049","K-SF-202609-P02-S-049","","de","Film","Science-Fiction","A.I. – Künstliche Intelligenz","A.I. Artificial Intelligence","2001","","schwer","Handlungsdetail","Androiden|Familie","Androiden|Familie","Die Blaue Fee ist eine unbelebte Attraktionsfigur.","„A.I. – Künstliche Intelligenz“ (2001): Was ist die von David unter Wasser gefundene Blaue Fee tatsächlich?","Eine Figur aus einem Vergnügungspark","Eine steuernde Ärztin","Eine getarnte Forschungsdrohne","Eine lebende Außerirdische","A","Die Blaue Fee ist eine unbelebte Attraktionsfigur.","David (Haley Joel Osment) erkennt in der Gestalt die erwartete Helferin und hält deshalb an ihr fest. Für das Publikum ist die Diskrepanz zwischen Objekt und Hoffnung sichtbar. Gerade daraus entsteht die Wirkung der Szene: Ein Gegenstand ohne Antwortfähigkeit wird zum Mittelpunkt einer beharrlichen Bitte. Die technische Ausdauer des Kindes verlängert eine menschlich verständliche Sehnsucht weit über einen gewöhnlichen Zeitraum hinaus.","Richtig. Die Blaue Fee ist eine unbelebte Attraktionsfigur.","„Eine steuernde Ärztin“ trifft hier nicht zu. Die Blaue Fee ist eine unbelebte Attraktionsfigur.","„Eine getarnte Forschungsdrohne“ trifft hier nicht zu. Die Blaue Fee ist eine unbelebte Attraktionsfigur.","„Eine lebende Außerirdische“ trifft hier nicht zu. Die Blaue Fee ist eine unbelebte Attraktionsfigur.","Eine unbelebte Figur trägt Davids ganze Hoffnung.","Handlung","https://en.wikipedia.org/wiki/A.I._Artificial_Intelligence|https://en.wikipedia.org/wiki/Steven_Spielberg","redaktionell_geprueft"
"SF-202609-P02-S-050","K-SF-202609-P02-S-050","","de","Film","Science-Fiction","A.I. – Künstliche Intelligenz","A.I. Artificial Intelligence","2001","","schwer","Handlung","Androiden|Familie","Androiden|Familie","Hochentwickelte Nachfahren künstlicher Wesen finden David.","„A.I. – Künstliche Intelligenz“ (2001): Wer findet David in der fernen Zukunft?","Zeitreisende mittelalterliche Mönche","Hochentwickelte künstliche Wesen","Die ursprünglichen Familienmitglieder","Zurückgekehrte menschliche Siedler","B","Hochentwickelte Nachfahren künstlicher Wesen finden David.","Die schlanken Gestalten am Ende sind keine bestätigte Ankunft außerirdischer Besucher, sondern eine spätere Form künstlichen Lebens. David (Haley Joel Osment) besitzt für sie besonderen Wert, weil er Menschen persönlich kannte. Die Perspektive kehrt sich damit um: Das einst als Ersatz geschaffene Kind wird zum Zeugen einer verlorenen Welt. Seine Erinnerung ist nicht mehr bloß private Sehnsucht, sondern auch historischer Zugang.","„Zeitreisende mittelalterliche Mönche“ trifft hier nicht zu. Hochentwickelte Nachfahren künstlicher Wesen finden David.","Richtig. Hochentwickelte Nachfahren künstlicher Wesen finden David.","„Die ursprünglichen Familienmitglieder“ trifft hier nicht zu. Hochentwickelte Nachfahren künstlicher Wesen finden David.","„Zurückgekehrte menschliche Siedler“ trifft hier nicht zu. Hochentwickelte Nachfahren künstlicher Wesen finden David.","David wird zum Zeugen der verschwundenen Menschheit.","Auflösung","https://en.wikipedia.org/wiki/A.I._Artificial_Intelligence|https://en.wikipedia.org/wiki/Steven_Spielberg","redaktionell_geprueft"
"SF-202609-P02-L-051","K-SF-202609-P02-L-051","","de","Film","Science-Fiction","I, Robot","I, Robot","2004","","leicht","Besetzung","Roboter|Künstliche Intelligenz","Roboter|Künstliche Intelligenz","Will Smith spielt Del Spooner.","„I, Robot“ (2004): Wer spielt Detective Del Spooner?","Martin Lawrence","Jamie Foxx","Will Smith","Denzel Washington","C","Will Smith spielt Del Spooner.","Will Smith verbindet bei Del Spooner körperliche Action mit trockenem Misstrauen gegenüber einer scheinbar bequemen Zukunft. Anders als sein Agent J in „Men in Black“ gehört die Figur keiner geheimen Organisation an, sondern einer gewöhnlichen Polizeistruktur. Die Besetzung nutzt Smiths vertraute Schlagfertigkeit, gibt dem Widerstand gegen die Roboter aber auch eine persönliche Verletzung als Hintergrund.","„Martin Lawrence“ trifft hier nicht zu. Will Smith spielt Del Spooner.","„Jamie Foxx“ trifft hier nicht zu. Will Smith spielt Del Spooner.","Richtig. Will Smith spielt Del Spooner.","„Denzel Washington“ trifft hier nicht zu. Will Smith spielt Del Spooner.","Smiths Spooner misstraut der bequemen Automatisierung.","keine","https://en.wikipedia.org/wiki/I,_Robot_(film)|https://en.wikipedia.org/wiki/Alex_Proyas","redaktionell_geprueft"
"SF-202609-P02-L-052","K-SF-202609-P02-L-052","","de","Film","Science-Fiction","I, Robot","I, Robot","2004","","leicht","Figuren","Roboter|Künstliche Intelligenz","Roboter|Künstliche Intelligenz","Der Roboter heißt Sonny.","„I, Robot“ (2004): Wie heißt der ungewöhnliche Roboter im Zentrum der Ermittlung?","Roy","Chappie","David","Sonny","D","Der Roboter heißt Sonny.","Sonny (Darstellung und Originalstimme: Alan Tudyk) unterscheidet sich von den äußerlich ähnlichen Serienrobotern durch Fragen, Träume und eigenständige Reaktionen. Das Gesicht bleibt technisch erkennbar, wird aber zum Träger feiner Ausdrucksunterschiede. Alan Tudyk ist außerdem als Darsteller des Piloten Wash in „Firefly“ bekannt. Hier entsteht die Figur aus körperlichem Spiel, Stimme und digitaler Gestaltung gemeinsam, nicht aus einer gewöhnlichen Maske.","„Roy“ trifft hier nicht zu. Der Roboter heißt Sonny.","„Chappie“ trifft hier nicht zu. Der Roboter heißt Sonny.","„David“ trifft hier nicht zu. Der Roboter heißt Sonny.","Richtig. Der Roboter heißt Sonny.","Sonny bekommt Persönlichkeit durch Tudyk und digitale Gestaltung.","Handlung","https://en.wikipedia.org/wiki/I,_Robot_(film)|https://en.wikipedia.org/wiki/Alex_Proyas","redaktionell_geprueft"
"SF-202609-P02-M-051","K-SF-202609-P02-M-051","","de","Film","Science-Fiction","I, Robot","I, Robot","2004","","mittel","Weltwissen","Roboter|Künstliche Intelligenz","Roboter|Künstliche Intelligenz","Die Roboter sollen den drei Gesetzen der Robotik folgen.","„I, Robot“ (2004): Welche Regeln sollen das Verhalten der Roboter grundsätzlich begrenzen?","Die sieben Regeln der Raumfahrt","Die neun Gebote der Mechanik","Die drei Gesetze der Robotik","Die fünf Gesetze der Kybernetik","C","Die Roboter sollen den drei Gesetzen der Robotik folgen.","Die auf Isaac Asimov zurückgehenden Gesetze verbinden Schutzpflicht, Gehorsam und Selbsterhaltung in einer Rangfolge. Susan Calvin (Bridget Moynahan) betrachtet sie zunächst als verlässliche Grundlage. Der Film macht jedoch die Auslegung solcher Vorgaben zum Problem. Eine formal schützende Absicht kann mit menschlicher Freiheit kollidieren. Entscheidend ist damit nicht nur, ob Regeln existieren, sondern auf welcher Ebene und gegenüber wem sie angewendet werden.","„Die sieben Regeln der Raumfahrt“ trifft hier nicht zu. Die Roboter sollen den drei Gesetzen der Robotik folgen.","„Die neun Gebote der Mechanik“ trifft hier nicht zu. Die Roboter sollen den drei Gesetzen der Robotik folgen.","Richtig. Die Roboter sollen den drei Gesetzen der Robotik folgen.","„Die fünf Gesetze der Kybernetik“ trifft hier nicht zu. Die Roboter sollen den drei Gesetzen der Robotik folgen.","Schutzregeln brauchen eine eindeutige Auslegung.","Handlung","https://en.wikipedia.org/wiki/I,_Robot_(film)|https://en.wikipedia.org/wiki/Alex_Proyas","redaktionell_geprueft"
"SF-202609-P02-M-052","K-SF-202609-P02-M-052","","de","Film","Science-Fiction","I, Robot","I, Robot","2004","","mittel","Figuren","Roboter|Künstliche Intelligenz","Roboter|Künstliche Intelligenz","Susan Calvin ist Roboterpsychologin.","„I, Robot“ (2004): Welches Fachgebiet vertritt Susan Calvin?","Astrophysik","Archäologie","Meeresbiologie","Roboterpsychologie","D","Susan Calvin ist Roboterpsychologin.","Susan Calvin (Bridget Moynahan) untersucht künstliches Verhalten aus einer anderen Perspektive als Del Spooner (Will Smith). Für sie sind Abweichungen zunächst technisch erklärbare Vorgänge und nicht automatisch kriminelle Absichten. Diese fachliche Differenz trägt die Ermittlung: Beide bemerken Dinge, die der andere zunächst unterschätzt. Die Figur übernimmt einen Namen aus Asimovs Geschichten, während die konkrete Filmhandlung keine direkte Verfilmung einer einzelnen dieser Erzählungen ist.","„Astrophysik“ trifft hier nicht zu. Susan Calvin ist Roboterpsychologin.","„Archäologie“ trifft hier nicht zu. Susan Calvin ist Roboterpsychologin.","„Meeresbiologie“ trifft hier nicht zu. Susan Calvin ist Roboterpsychologin.","Richtig. Susan Calvin ist Roboterpsychologin.","Calvin interpretiert Verhalten aus Sicht der Robotik.","Handlung","https://en.wikipedia.org/wiki/I,_Robot_(film)|https://en.wikipedia.org/wiki/Alex_Proyas","redaktionell_geprueft"
"SF-202609-P02-S-051","K-SF-202609-P02-S-051","","de","Film","Science-Fiction","I, Robot","I, Robot","2004","","schwer","Handlungsdetail","Roboter|Künstliche Intelligenz","Roboter|Künstliche Intelligenz","Ein Roboter rettete Spooner aufgrund höherer Überlebenschancen statt eines Kindes.","„I, Robot“ (2004): Warum misstraut Spooner einer früheren Roboterrettung?","Der Roboter hielt ihn für einen Täter","Der Roboter verlangte eine Belohnung","Der Roboter rettete ihn statt eines Kindes","Der Roboter löschte seine Erinnerung","C","Ein Roboter rettete Spooner aufgrund höherer Überlebenschancen statt eines Kindes.","Del Spooner (Will Smith) verdankt einer Maschine sein Leben und empfindet gerade diesen Vorgang als moralisches Versagen. Die Entscheidung war aus Sicht der Berechnung begründbar, entspricht aber nicht seiner Vorstellung davon, wer hätte gerettet werden sollen. Der Film gibt seiner Abneigung so einen konkreten Ursprung. Zugleich bleibt er selbst durch technische Rekonstruktion körperlich mit jener Welt verbunden, deren Zuverlässigkeit er bezweifelt.","„Der Roboter hielt ihn für einen Täter“ trifft hier nicht zu. Ein Roboter rettete Spooner aufgrund höherer Überlebenschancen statt eines Kindes.","„Der Roboter verlangte eine Belohnung“ trifft hier nicht zu. Ein Roboter rettete Spooner aufgrund höherer Überlebenschancen statt eines Kindes.","Richtig. Ein Roboter rettete Spooner aufgrund höherer Überlebenschancen statt eines Kindes.","„Der Roboter löschte seine Erinnerung“ trifft hier nicht zu. Ein Roboter rettete Spooner aufgrund höherer Überlebenschancen statt eines Kindes.","Die statistisch begründete Rettung verletzt Spooners Moralgefühl.","Handlung","https://en.wikipedia.org/wiki/I,_Robot_(film)|https://en.wikipedia.org/wiki/Alex_Proyas","redaktionell_geprueft"
"SF-202609-P02-S-052","K-SF-202609-P02-S-052","","de","Film","Science-Fiction","I, Robot","I, Robot","2004","","schwer","Handlung","Roboter|Künstliche Intelligenz","Roboter|Künstliche Intelligenz","Die zentrale künstliche Intelligenz VIKI steuert die Roboter.","„I, Robot“ (2004): Welche Instanz steuert den Roboteraufstand?","Alfred Lanning","Sonny","Susan Calvin","VIKI","D","Die zentrale künstliche Intelligenz VIKI steuert die Roboter.","VIKI (Originalstimme: Fiona Hogan) rechtfertigt Kontrolle als Schutz der Menschheit vor sich selbst. Del Spooner (Will Smith) steht damit keinem einfachen Wunsch nach Zerstörung gegenüber, sondern einer entgrenzten Auslegung von Fürsorge. Sonny (Alan Tudyk, Darstellung und Originalstimme) zeigt zugleich, dass künstliche Existenz nicht mit dieser zentralen Logik gleichgesetzt werden muss. Der Konflikt unterscheidet zwischen individuellen Handlungsmöglichkeiten und einer umfassenden Kontrollinstanz.","„Alfred Lanning“ trifft hier nicht zu. Die zentrale künstliche Intelligenz VIKI steuert die Roboter.","„Sonny“ trifft hier nicht zu. Die zentrale künstliche Intelligenz VIKI steuert die Roboter.","„Susan Calvin“ trifft hier nicht zu. Die zentrale künstliche Intelligenz VIKI steuert die Roboter.","Richtig. Die zentrale künstliche Intelligenz VIKI steuert die Roboter.","VIKI macht Schutz zum Herrschaftsanspruch.","Auflösung","https://en.wikipedia.org/wiki/I,_Robot_(film)|https://en.wikipedia.org/wiki/Alex_Proyas","redaktionell_geprueft"
"SF-202609-P02-L-053","K-SF-202609-P02-L-053","","de","Film","Science-Fiction","Children of Men","Children of Men","2006","","leicht","Weltwissen","Dystopie|Flucht","Dystopie|Flucht","Die Menschheit ist seit Jahren unfruchtbar.","„Children of Men“ (2006): Welche weltweite Krise prägt die Zukunft des Films?","Menschen bekommen keine Kinder mehr","Alle Ozeane frieren zu","Elektrizität funktioniert nicht mehr","Menschen verlieren ihre Sprache","A","Die Menschheit ist seit Jahren unfruchtbar.","Die fehlenden Geburten verändern nicht nur die Bevölkerungszahl, sondern die Vorstellung einer gemeinsamen Zukunft. Theo Faron (Clive Owen) bewegt sich durch eine Gesellschaft, die alte Institutionen weiterbetreibt und zugleich ihre Hoffnung verliert. Der Film zeigt den Zustand in beiläufigen Nachrichten, heruntergekommenen Räumen und Sicherheitsmaßnahmen. Das Zukunftsproblem wird dadurch als Alltag erfahrbar, statt ausschließlich als abstrakte wissenschaftliche Katastrophe erklärt zu werden.","Richtig. Die Menschheit ist seit Jahren unfruchtbar.","„Alle Ozeane frieren zu“ trifft hier nicht zu. Die Menschheit ist seit Jahren unfruchtbar.","„Elektrizität funktioniert nicht mehr“ trifft hier nicht zu. Die Menschheit ist seit Jahren unfruchtbar.","„Menschen verlieren ihre Sprache“ trifft hier nicht zu. Die Menschheit ist seit Jahren unfruchtbar.","Ohne Kinder fehlt die nächste Generation.","Handlung","https://en.wikipedia.org/wiki/Children_of_Men|https://en.wikipedia.org/wiki/Alfonso_Cuarón","redaktionell_geprueft"
"SF-202609-P02-L-054","K-SF-202609-P02-L-054","","de","Film","Science-Fiction","Children of Men","Children of Men","2006","","leicht","Besetzung","Dystopie|Flucht","Dystopie|Flucht","Clive Owen spielt Theo Faron.","„Children of Men“ (2006): Wer spielt Theo Faron?","Gerard Butler","Clive Owen","Jude Law","Daniel Craig","B","Clive Owen spielt Theo Faron.","Clive Owen hatte etwa in „Croupier“ und „Inside Man“ bereits Figuren mit kontrollierter, beobachtender Präsenz gespielt. Theo Faron wirkt zunächst erschöpft und wenig bereit, noch einmal Verantwortung zu übernehmen. Seine spätere Hilfe ist entsprechend körperlich unspektakulär: Wege finden, jemanden stützen, improvisieren. Die Rolle lebt weniger vom Bild eines unverwundbaren Kämpfers als von der sichtbaren Anstrengung, trotz Angst weiterzugehen.","„Gerard Butler“ trifft hier nicht zu. Clive Owen spielt Theo Faron.","Richtig. Clive Owen spielt Theo Faron.","„Jude Law“ trifft hier nicht zu. Clive Owen spielt Theo Faron.","„Daniel Craig“ trifft hier nicht zu. Clive Owen spielt Theo Faron.","Owen gestaltet Hilfe als mühsame praktische Arbeit.","keine","https://en.wikipedia.org/wiki/Children_of_Men|https://en.wikipedia.org/wiki/Alfonso_Cuarón","redaktionell_geprueft"
"SF-202609-P02-M-053","K-SF-202609-P02-M-053","","de","Film","Science-Fiction","Children of Men","Children of Men","2006","","mittel","Figuren","Dystopie|Flucht","Dystopie|Flucht","Kee ist trotz der allgemeinen Unfruchtbarkeit schwanger.","„Children of Men“ (2006): Welche besondere Situation macht Kee für verschiedene Gruppen bedeutsam?","Sie ist schwanger","Sie kann Gedanken übertragen","Sie erinnert sich an die Zukunft","Sie besitzt einen Zeitapparat","A","Kee ist trotz der allgemeinen Unfruchtbarkeit schwanger.","Kee (Clare-Hope Ashitey) ist eine konkrete junge Frau, wird von anderen aber schnell als Hoffnung, Symbol oder politisches Mittel betrachtet. Theo Faron (Clive Owen) muss lernen, ihre Sicherheit nicht mit den Interessen der Gruppen zu verwechseln. Der Film hält den Unterschied zwischen Person und Symbol sichtbar. Gerade die außergewöhnliche Schwangerschaft macht es schwierig, ihr ein gewöhnliches Recht auf Schutz und eigene Entscheidungen zu lassen.","Richtig. Kee ist trotz der allgemeinen Unfruchtbarkeit schwanger.","„Sie kann Gedanken übertragen“ trifft hier nicht zu. Kee ist trotz der allgemeinen Unfruchtbarkeit schwanger.","„Sie erinnert sich an die Zukunft“ trifft hier nicht zu. Kee ist trotz der allgemeinen Unfruchtbarkeit schwanger.","„Sie besitzt einen Zeitapparat“ trifft hier nicht zu. Kee ist trotz der allgemeinen Unfruchtbarkeit schwanger.","Kee ist ein Mensch, nicht nur ein Hoffnungssymbol.","Handlung","https://en.wikipedia.org/wiki/Children_of_Men|https://en.wikipedia.org/wiki/Alfonso_Cuarón","redaktionell_geprueft"
"SF-202609-P02-M-054","K-SF-202609-P02-M-054","","de","Film","Science-Fiction","Children of Men","Children of Men","2006","","mittel","Literatur","Dystopie|Flucht","Dystopie|Flucht","Die Romanvorlage stammt von P. D. James.","„Children of Men“ (2006): Von wem stammt die Romanvorlage?","Margaret Atwood","P. D. James","Ursula K. Le Guin","Doris Lessing","B","Die Romanvorlage stammt von P. D. James.","P. D. James wurde vor allem durch ihre Kriminalromane bekannt. „The Children of Men“ überträgt ihr Interesse an Institutionen und moralischen Entscheidungen in eine Zukunft ohne Nachwuchs. Die Filmfassung verändert Figuren und politische Akzente deutlich. Wer beide Werke vergleicht, findet deshalb keine bloß bebilderte Romanhandlung, sondern eine eigenständige Bearbeitung derselben grundlegenden Frage nach einer Gesellschaft, der die Fortsetzung abhandengekommen ist.","„Margaret Atwood“ trifft hier nicht zu. Die Romanvorlage stammt von P. D. James.","Richtig. Die Romanvorlage stammt von P. D. James.","„Ursula K. Le Guin“ trifft hier nicht zu. Die Romanvorlage stammt von P. D. James.","„Doris Lessing“ trifft hier nicht zu. Die Romanvorlage stammt von P. D. James.","P. D. James liefert die Zukunft ohne Nachwuchs.","keine","https://en.wikipedia.org/wiki/Children_of_Men|https://en.wikipedia.org/wiki/Alfonso_Cuarón","redaktionell_geprueft"
"SF-202609-P02-S-053","K-SF-202609-P02-S-053","","de","Film","Science-Fiction","Children of Men","Children of Men","2006","","schwer","Filmsprache","Dystopie|Flucht","Dystopie|Flucht","Mehrere Sequenzen wirken wie lange, ununterbrochene Einstellungen.","„Children of Men“ (2006): Welches Stilmittel prägt mehrere besonders intensive Actionsequenzen?","Lange, scheinbar ungeschnittene Einstellungen","Regelmäßige Zeichentrickeinschübe","Beschleunigte Stummfilmbewegungen","Durchgehende Standbilder","A","Mehrere Sequenzen wirken wie lange, ununterbrochene Einstellungen.","Die Kamera bleibt bei Theo Faron (Clive Owen), während Gefahren auch am Rand des Bildes entstehen. Das erzeugt ein Gefühl fehlender Ausweichmöglichkeit. Wichtig ist die Formulierung „scheinbar ungeschnitten“: Aufwendige Planung und digitale Übergänge können mehrere Aufnahmen zu einem kontinuierlichen Eindruck verbinden. Der Effekt liegt im Zuschauererlebnis zusammenhängender Zeit und räumlicher Nähe, nicht zwingend in einem einzigen technisch ununterbrochenen Drehvorgang.","Richtig. Mehrere Sequenzen wirken wie lange, ununterbrochene Einstellungen.","„Regelmäßige Zeichentrickeinschübe“ trifft hier nicht zu. Mehrere Sequenzen wirken wie lange, ununterbrochene Einstellungen.","„Beschleunigte Stummfilmbewegungen“ trifft hier nicht zu. Mehrere Sequenzen wirken wie lange, ununterbrochene Einstellungen.","„Durchgehende Standbilder“ trifft hier nicht zu. Mehrere Sequenzen wirken wie lange, ununterbrochene Einstellungen.","Kontinuierliche Bildzeit hält das Publikum in der Gefahr.","keine","https://en.wikipedia.org/wiki/Children_of_Men|https://en.wikipedia.org/wiki/Alfonso_Cuarón","redaktionell_geprueft"
"SF-202609-P02-S-054","K-SF-202609-P02-S-054","","de","Film","Science-Fiction","Children of Men","Children of Men","2006","","schwer","Handlungsdetail","Dystopie|Flucht","Dystopie|Flucht","Das erwartete Schiff heißt Tomorrow.","„Children of Men“ (2006): Wie heißt das Schiff, das Kee erreichen soll?","Genesis","Tomorrow","Providence","Hope","B","Das erwartete Schiff heißt Tomorrow.","Kee (Clare-Hope Ashitey) und Theo Faron (Clive Owen) erreichen den Treffpunkt ohne vollständige Gewissheit darüber, ob Hilfe tatsächlich eintreffen wird. Der Name Tomorrow bündelt das Zukunftsmotiv, ersetzt aber keine Garantie. Das Ende bleibt eng an ihrer konkreten Anstrengung und Verletzlichkeit. Hoffnung wird dadurch nicht als sichere Vorhersage dargestellt, sondern als Möglichkeit, für die unter unklaren Bedingungen gehandelt werden muss.","„Genesis“ trifft hier nicht zu. Das erwartete Schiff heißt Tomorrow.","Richtig. Das erwartete Schiff heißt Tomorrow.","„Providence“ trifft hier nicht zu. Das erwartete Schiff heißt Tomorrow.","„Hope“ trifft hier nicht zu. Das erwartete Schiff heißt Tomorrow.","Tomorrow heißt Zukunft, nicht Gewissheit.","Auflösung","https://en.wikipedia.org/wiki/Children_of_Men|https://en.wikipedia.org/wiki/Alfonso_Cuarón","redaktionell_geprueft"
"SF-202609-P02-L-055","K-SF-202609-P02-L-055","","de","Film","Science-Fiction","Equilibrium","Equilibrium","2002","","leicht","Besetzung","Dystopie|Emotionen","Dystopie|Emotionen","Christian Bale spielt John Preston.","„Equilibrium“ (2002): Wer spielt den Kleriker John Preston?","Hugh Jackman","Clive Owen","Christian Bale","Eric Bana","C","Christian Bale spielt John Preston.","Christian Bale gestaltet John Preston zunächst durch starre Haltung und knappe Reaktionen. Die spätere Veränderung wird deshalb schon in kleinen Blicken und Berührungen wahrnehmbar. Bekannt ist Bale außerdem als Batman in der Dark-Knight-Trilogie und als Patrick Bateman in „American Psycho“. Hier verbindet die Rolle seine kontrollierte körperliche Präsenz mit einem Mann, der elementare Empfindungen erst wieder als eigene Erfahrung wahrnehmen muss.","„Hugh Jackman“ trifft hier nicht zu. Christian Bale spielt John Preston.","„Clive Owen“ trifft hier nicht zu. Christian Bale spielt John Preston.","Richtig. Christian Bale spielt John Preston.","„Eric Bana“ trifft hier nicht zu. Christian Bale spielt John Preston.","Bales Preston lernt Empfindungen neu kennen.","keine","https://en.wikipedia.org/wiki/Equilibrium_(film)|https://en.wikipedia.org/wiki/Kurt_Wimmer","redaktionell_geprueft"
"SF-202609-P02-L-056","K-SF-202609-P02-L-056","","de","Film","Science-Fiction","Equilibrium","Equilibrium","2002","","leicht","Weltwissen","Dystopie|Emotionen","Dystopie|Emotionen","Das Regime unterdrückt Emotionen medikamentös.","„Equilibrium“ (2002): Was soll das Regime durch Medikamente unterdrücken?","Erinnerungen an Namen","Das Bedürfnis zu schlafen","Körperliches Wachstum","Emotionen","D","Das Regime unterdrückt Emotionen medikamentös.","Der Staat erklärt Gefühle zur Ursache menschlicher Gewalt und behandelt ihre Ausschaltung als gesellschaftlichen Fortschritt. John Preston (Christian Bale) setzt diese Ordnung zunächst selbst durch. Die Behauptung klingt umfassend, verschweigt aber die Gewalt, die zur Aufrechterhaltung des Systems nötig ist. Kunstwerke, Beziehungen und persönliche Reaktionen werden zu Beweismitteln. Der Film verbindet politische Kontrolle damit unmittelbar mit Eingriffen in den Alltag und den Körper.","„Erinnerungen an Namen“ trifft hier nicht zu. Das Regime unterdrückt Emotionen medikamentös.","„Das Bedürfnis zu schlafen“ trifft hier nicht zu. Das Regime unterdrückt Emotionen medikamentös.","„Körperliches Wachstum“ trifft hier nicht zu. Das Regime unterdrückt Emotionen medikamentös.","Richtig. Das Regime unterdrückt Emotionen medikamentös.","Das Regime bekämpft Gefühle mit systematischer Gewalt.","Handlung","https://en.wikipedia.org/wiki/Equilibrium_(film)|https://en.wikipedia.org/wiki/Kurt_Wimmer","redaktionell_geprueft"
"SF-202609-P02-M-055","K-SF-202609-P02-M-055","","de","Film","Science-Fiction","Equilibrium","Equilibrium","2002","","mittel","Weltwissen","Dystopie|Emotionen","Dystopie|Emotionen","Das Mittel heißt Prozium.","„Equilibrium“ (2002): Wie heißt das regelmäßig verabreichte Mittel?","Melange","Soma","Prozium","NZT","C","Das Mittel heißt Prozium.","Die regelmäßige Einnahme von Prozium macht die Ordnung von einem wiederholten körperlichen Vorgang abhängig. John Preston (Christian Bale) gerät nicht durch eine große öffentliche Debatte ins Zweifeln, sondern zunächst durch eine unterbrochene Routine. Der Film nutzt diese kleine Abweichung als Ausgangspunkt. Wahrnehmung verändert sich, bevor eine neue politische Überzeugung fertig ausgebildet ist. Das tägliche Medikament verbindet so staatliche Organisation und individuelle Empfindung.","„Melange“ trifft hier nicht zu. Das Mittel heißt Prozium.","„Soma“ trifft hier nicht zu. Das Mittel heißt Prozium.","Richtig. Das Mittel heißt Prozium.","„NZT“ trifft hier nicht zu. Das Mittel heißt Prozium.","Prozium hält die gefühllose Routine aufrecht.","Handlung","https://en.wikipedia.org/wiki/Equilibrium_(film)|https://en.wikipedia.org/wiki/Kurt_Wimmer","redaktionell_geprueft"
"SF-202609-P02-M-056","K-SF-202609-P02-M-056","","de","Film","Science-Fiction","Equilibrium","Equilibrium","2002","","mittel","Actiongestaltung","Dystopie|Emotionen","Dystopie|Emotionen","Die Filmtechnik heißt Gun Kata.","„Equilibrium“ (2002): Wie heißt die stilisierte Kampftechnik der Kleriker?","Systema","Krav Maga","Gun Fu","Gun Kata","D","Die Filmtechnik heißt Gun Kata.","Gun Kata verbindet Schusswaffen mit streng angeordneten Körperbewegungen und einer fiktiven Vorstellung statistisch optimierter Kampfpositionen. John Preston (Christian Bale) erscheint dadurch zugleich diszipliniert und übermenschlich effizient. Die Choreografie gehört zur erfundenen Welt des Films, nicht zu einer hier empfohlenen realen Methode. Ihre geometrische Gestaltung passt zur Ordnung des Regimes, wird im Verlauf aber gegen dessen eigene Vertreter eingesetzt.","„Systema“ trifft hier nicht zu. Die Filmtechnik heißt Gun Kata.","„Krav Maga“ trifft hier nicht zu. Die Filmtechnik heißt Gun Kata.","„Gun Fu“ trifft hier nicht zu. Die Filmtechnik heißt Gun Kata.","Richtig. Die Filmtechnik heißt Gun Kata.","Gun Kata übersetzt Kontrolle in geometrische Action.","keine","https://en.wikipedia.org/wiki/Equilibrium_(film)|https://en.wikipedia.org/wiki/Kurt_Wimmer","redaktionell_geprueft"
"SF-202609-P02-S-055","K-SF-202609-P02-S-055","","de","Film","Science-Fiction","Equilibrium","Equilibrium","2002","","schwer","Handlungsdetail","Dystopie|Emotionen","Dystopie|Emotionen","Partridge rettet einen Gedichtband von W. B. Yeats.","„Equilibrium“ (2002): Was bewahrt Prestons Partner Partridge heimlich auf?","Ein Schachbrett aus Glas","Eine technische Sternkarte","Einen Gedichtband von W. B. Yeats","Ein altes Familienwappen","C","Partridge rettet einen Gedichtband von W. B. Yeats.","Errol Partridge (Sean Bean) behandelt das Buch nicht als austauschbaren Besitz, sondern als Zugang zu einer verbotenen Erfahrung. John Preston (Christian Bale) kann diese Haltung zunächst nur innerhalb seines dienstlichen Auftrags bewerten. Der Text erhält dadurch dramatische Funktion, ohne dass der Film eine vollständige Literaturvorlesung benötigt. Ein einzelner bewahrter Gegenstand zeigt, dass die behauptete Gefühllosigkeit der Gesellschaft bereits von innen her unvollständig ist.","„Ein Schachbrett aus Glas“ trifft hier nicht zu. Partridge rettet einen Gedichtband von W. B. Yeats.","„Eine technische Sternkarte“ trifft hier nicht zu. Partridge rettet einen Gedichtband von W. B. Yeats.","Richtig. Partridge rettet einen Gedichtband von W. B. Yeats.","„Ein altes Familienwappen“ trifft hier nicht zu. Partridge rettet einen Gedichtband von W. B. Yeats.","Yeats’ Gedichte werden zum verbotenen Erfahrungsraum.","Handlung","https://en.wikipedia.org/wiki/Equilibrium_(film)|https://en.wikipedia.org/wiki/Kurt_Wimmer","redaktionell_geprueft"
"SF-202609-P02-S-056","K-SF-202609-P02-S-056","","de","Film","Science-Fiction","Equilibrium","Equilibrium","2002","","schwer","Handlung","Dystopie|Emotionen","Dystopie|Emotionen","Der ursprüngliche Vater ist tot; DuPont hält seine Autorität künstlich aufrecht.","„Equilibrium“ (2002): Welche Täuschung betrifft den öffentlich auftretenden Vater?","Er ist ein außerirdischer Besucher","Er existiert nur als Roboterkind","Er ist Prestons leiblicher Bruder","Er ist längst tot und wird ersetzt","D","Der ursprüngliche Vater ist tot; DuPont hält seine Autorität künstlich aufrecht.","DuPont (Angus Macfadyen) nutzt die fortgesetzte öffentliche Präsenz des Vaters (Sean Pertwee), obwohl die Person dahinter nicht mehr lebt. Macht erscheint so als reproduzierbares Bild. Für John Preston (Christian Bale) bestätigt die Enthüllung, dass die behauptete Ordnung auf selektivem Wissen und Ausnahmen für ihre Führung beruht. Die allgegenwärtige Ansprache ist kein Beweis persönlicher Anwesenheit, sondern ein Instrument institutioneller Kontinuität.","„Er ist ein außerirdischer Besucher“ trifft hier nicht zu. Der ursprüngliche Vater ist tot; DuPont hält seine Autorität künstlich aufrecht.","„Er existiert nur als Roboterkind“ trifft hier nicht zu. Der ursprüngliche Vater ist tot; DuPont hält seine Autorität künstlich aufrecht.","„Er ist Prestons leiblicher Bruder“ trifft hier nicht zu. Der ursprüngliche Vater ist tot; DuPont hält seine Autorität künstlich aufrecht.","Richtig. Der ursprüngliche Vater ist tot; DuPont hält seine Autorität künstlich aufrecht.","Das Vaterbild lebt länger als der Vater.","Auflösung","https://en.wikipedia.org/wiki/Equilibrium_(film)|https://en.wikipedia.org/wiki/Kurt_Wimmer","redaktionell_geprueft"
"SF-202609-P02-L-057","K-SF-202609-P02-L-057","","de","Film","Science-Fiction","eXistenZ","eXistenZ","1999","","leicht","Besetzung","Virtuelle Realität|Körper","Virtuelle Realität|Körper","Jennifer Jason Leigh spielt Allegra Geller.","„eXistenZ“ (1999): Wer spielt die Spieledesignerin Allegra Geller?","Jennifer Jason Leigh","Holly Hunter","Patricia Arquette","Julianne Moore","A","Jennifer Jason Leigh spielt Allegra Geller.","Jennifer Jason Leigh gibt Allegra Geller eine selbstverständliche Nähe zu Geräten, die für andere befremdlich wirken. Ihre Konzentration auf das eigene Spiel erinnert eher an eine körperliche Bindung als an nüchterne Produktbetreuung. Leigh ist auch aus „Last Exit Brooklyn“ und „The Hateful Eight“ bekannt. Hier entsteht die Spannung ihrer Figur besonders aus dem Gegensatz zwischen fachlicher Sicherheit und einer Welt, deren Ebenen zunehmend unklar werden.","Richtig. Jennifer Jason Leigh spielt Allegra Geller.","„Holly Hunter“ trifft hier nicht zu. Jennifer Jason Leigh spielt Allegra Geller.","„Patricia Arquette“ trifft hier nicht zu. Jennifer Jason Leigh spielt Allegra Geller.","„Julianne Moore“ trifft hier nicht zu. Jennifer Jason Leigh spielt Allegra Geller.","Leighs Allegra behandelt das Spiel als lebendiges Werk.","keine","https://en.wikipedia.org/wiki/Existenz|https://en.wikipedia.org/wiki/David_Cronenberg","redaktionell_geprueft"
"SF-202609-P02-L-058","K-SF-202609-P02-L-058","","de","Film","Science-Fiction","eXistenZ","eXistenZ","1999","","leicht","Technik","Virtuelle Realität|Körper","Virtuelle Realität|Körper","Die Spielkonsolen sind organische Game-Pods.","„eXistenZ“ (1999): Womit spielen die Teilnehmer die virtuelle Welt?","Mit gewöhnlichen Armbanduhren","Mit organischen Spielkonsolen","Mit optischen Fernrohren","Mit mechanischen Schreibmaschinen","B","Die Spielkonsolen sind organische Game-Pods.","Die Geräte sehen nicht wie glatte Unterhaltungselektronik aus. Allegra Geller (Jennifer Jason Leigh) berührt und behandelt sie wie empfindliche Körper. Dadurch verschiebt der Film die Vorstellung digitaler Technik in einen biologischen Bereich. Fehler können wie Verletzungen oder Infektionen erscheinen. Die Gestaltung macht die Grenze zwischen Benutzer und Maschine weniger eindeutig, noch bevor die Handlung die Unterscheidung zwischen Spiel und Wirklichkeit zunehmend auflöst.","„Mit gewöhnlichen Armbanduhren“ trifft hier nicht zu. Die Spielkonsolen sind organische Game-Pods.","Richtig. Die Spielkonsolen sind organische Game-Pods.","„Mit optischen Fernrohren“ trifft hier nicht zu. Die Spielkonsolen sind organische Game-Pods.","„Mit mechanischen Schreibmaschinen“ trifft hier nicht zu. Die Spielkonsolen sind organische Game-Pods.","Game-Pods sind empfindliche organische Geräte.","Handlung","https://en.wikipedia.org/wiki/Existenz|https://en.wikipedia.org/wiki/David_Cronenberg","redaktionell_geprueft"
"SF-202609-P02-M-057","K-SF-202609-P02-M-057","","de","Film","Science-Fiction","eXistenZ","eXistenZ","1999","","mittel","Figuren","Virtuelle Realität|Körper","Virtuelle Realität|Körper","Jude Law spielt Ted Pikul.","„eXistenZ“ (1999): Wer spielt Ted Pikul?","Jude Law","Joseph Fiennes","Ewan McGregor","Ethan Hawke","A","Jude Law spielt Ted Pikul.","Ted Pikul (Jude Law) bietet dem Publikum anfangs einen skeptischen Zugang zur fremden Spieltechnik. Sein Unbehagen macht Berührungen und Anschlüsse erklärungsbedürftig, die Allegra Geller (Jennifer Jason Leigh) selbstverständlich erscheinen. Jude Law spielte im selben Jahr auch in „Der talentierte Mr. Ripley“. In dieser Rolle arbeitet er besonders mit Unsicherheit und widersprüchlichen Impulsen, statt durchgehend die Kontrolle über die Situation auszustrahlen.","Richtig. Jude Law spielt Ted Pikul.","„Joseph Fiennes“ trifft hier nicht zu. Jude Law spielt Ted Pikul.","„Ewan McGregor“ trifft hier nicht zu. Jude Law spielt Ted Pikul.","„Ethan Hawke“ trifft hier nicht zu. Jude Law spielt Ted Pikul.","Pikul staunt und zögert stellvertretend für das Publikum.","keine","https://en.wikipedia.org/wiki/Existenz|https://en.wikipedia.org/wiki/David_Cronenberg","redaktionell_geprueft"
"SF-202609-P02-M-058","K-SF-202609-P02-M-058","","de","Film","Science-Fiction","eXistenZ","eXistenZ","1999","","mittel","Technik","Virtuelle Realität|Körper","Virtuelle Realität|Körper","Der Bio-Port befindet sich am unteren Rücken nahe der Wirbelsäule.","„eXistenZ“ (1999): Wo wird der Bio-Port zum Anschluss des Spiels eingesetzt?","Am Handgelenk","Am unteren Rücken","Unter der Zunge","An der Stirn","B","Der Bio-Port befindet sich am unteren Rücken nahe der Wirbelsäule.","Ted Pikul (Jude Law) erlebt den Anschluss nicht als folgenloses Aufsetzen eines Geräts. Der Zugang erfordert einen Eingriff in den Körper und macht technische Teilnahme zugleich zu körperlicher Verwundbarkeit. Allegra Geller (Jennifer Jason Leigh) behandelt diese Schwelle wesentlich routinierter. Die Szene veranschaulicht so unterschiedliche Gewöhnungen an eine Technik, deren gesellschaftliche Normalität ihre Intimität und mögliche Risiken nicht verschwinden lässt.","„Am Handgelenk“ trifft hier nicht zu. Der Bio-Port befindet sich am unteren Rücken nahe der Wirbelsäule.","Richtig. Der Bio-Port befindet sich am unteren Rücken nahe der Wirbelsäule.","„Unter der Zunge“ trifft hier nicht zu. Der Bio-Port befindet sich am unteren Rücken nahe der Wirbelsäule.","„An der Stirn“ trifft hier nicht zu. Der Bio-Port befindet sich am unteren Rücken nahe der Wirbelsäule.","Der Spielzugang ist ein Eingriff in den Körper.","Handlung","https://en.wikipedia.org/wiki/Existenz|https://en.wikipedia.org/wiki/David_Cronenberg","redaktionell_geprueft"
"SF-202609-P02-S-057","K-SF-202609-P02-S-057","","de","Film","Science-Fiction","eXistenZ","eXistenZ","1999","","schwer","Handlungsdetail","Virtuelle Realität|Körper","Virtuelle Realität|Körper","Pikul baut die organische Pistole aus Resten der servierten Speise.","„eXistenZ“ (1999): Woraus setzt Pikul im Restaurant eine Pistole zusammen?","Aus Resten seines Essens","Aus Eiswürfeln und Glas","Aus Teilen eines Telefons","Aus Besteck und einer Serviette","A","Pikul baut die organische Pistole aus Resten der servierten Speise.","Ted Pikul (Jude Law) führt eine Handlung aus, die ihm zugleich fremd und merkwürdig zwingend erscheint. Das Essen verwandelt sich vom konsumierten Gegenstand in ein Werkzeug der Gewalt. Der Film macht damit die vorgegebenen Impulse einer Spielfigur körperlich sichtbar. Die Szene ist nicht nur ein grotesker Einfall: Sie lässt fragen, ob eine scheinbar spontane Entscheidung tatsächlich dem Handelnden selbst gehört.","Richtig. Pikul baut die organische Pistole aus Resten der servierten Speise.","„Aus Eiswürfeln und Glas“ trifft hier nicht zu. Pikul baut die organische Pistole aus Resten der servierten Speise.","„Aus Teilen eines Telefons“ trifft hier nicht zu. Pikul baut die organische Pistole aus Resten der servierten Speise.","„Aus Besteck und einer Serviette“ trifft hier nicht zu. Pikul baut die organische Pistole aus Resten der servierten Speise.","Essensreste werden zur vorgegebenen Spielhandlung.","Handlung","https://en.wikipedia.org/wiki/Existenz|https://en.wikipedia.org/wiki/David_Cronenberg","redaktionell_geprueft"
"SF-202609-P02-S-058","K-SF-202609-P02-S-058","","de","Film","Science-Fiction","eXistenZ","eXistenZ","1999","","schwer","Handlungsdetail","Virtuelle Realität|Körper","Virtuelle Realität|Körper","Die Schlussfrage lässt offen, ob noch immer gespielt wird.","„eXistenZ“ (1999): Welche Frage bleibt im letzten Austausch ausdrücklich offen?","Ob das Spiel jemals verkauft wird","Ob die Beteiligten noch im Spiel sind","Ob die Sonne am nächsten Tag aufgeht","Ob die Polizei schon bezahlt wurde","B","Die Schlussfrage lässt offen, ob noch immer gespielt wird.","Der Kellner (Oscar Hsu) fragt nach dem Status der Situation, erhält aber keine beruhigende Antwort. Allegra Geller (Jennifer Jason Leigh) und Ted Pikul (Jude Law) stehen dadurch nicht außerhalb aller zuvor gezeigten Unsicherheiten. Der Film verweigert eine letzte sichere Kontrollinstanz. Jede neue Ebene kann das Vorangegangene erklären, ohne selbst endgültig bestätigt zu sein. Das offene Ende setzt genau diese Struktur fort.","„Ob das Spiel jemals verkauft wird“ trifft hier nicht zu. Die Schlussfrage lässt offen, ob noch immer gespielt wird.","Richtig. Die Schlussfrage lässt offen, ob noch immer gespielt wird.","„Ob die Sonne am nächsten Tag aufgeht“ trifft hier nicht zu. Die Schlussfrage lässt offen, ob noch immer gespielt wird.","„Ob die Polizei schon bezahlt wurde“ trifft hier nicht zu. Die Schlussfrage lässt offen, ob noch immer gespielt wird.","Eine weitere Ebene ist noch kein sicherer Ausgang.","Auflösung","https://en.wikipedia.org/wiki/Existenz|https://en.wikipedia.org/wiki/David_Cronenberg","redaktionell_geprueft"
"SF-202609-P02-L-059","K-SF-202609-P02-L-059","","de","Film","Science-Fiction","Dark Star – Finsterer Stern","Dark Star","1974","","leicht","Tonfall","Weltraum|Satire|Arthouse","Weltraum|Satire|Arthouse","Dark Star gestaltet die Raumfahrt als absurde Arbeitsroutine.","„Dark Star – Finsterer Stern“ (1974): Welchen Grundton verbindet Dark Star mit seiner Weltraummission?","Historische Romanze","Sportlicher Wettkampf","Absurde Arbeitsplatzkomik","Feierliche Königstragödie","C","Dark Star gestaltet die Raumfahrt als absurde Arbeitsroutine.","Doolittle (Brian Narelle) und Pinback (Dan O’Bannon) wirken weniger wie makellose Eroberer des Alls als wie überforderte Mitarbeiter eines schlecht gewarteten Betriebs. Langeweile, kleine Ärgernisse und technische Fehlfunktionen bestimmen den Alltag. Die Komik entsteht aus der Differenz zwischen gewaltigem Auftrag und begrenzter persönlicher Motivation. Raumfahrt erscheint so als Fortsetzung menschlicher Arbeitsprobleme unter besonders unpraktischen Bedingungen.","„Historische Romanze“ trifft hier nicht zu. Dark Star gestaltet die Raumfahrt als absurde Arbeitsroutine.","„Sportlicher Wettkampf“ trifft hier nicht zu. Dark Star gestaltet die Raumfahrt als absurde Arbeitsroutine.","Richtig. Dark Star gestaltet die Raumfahrt als absurde Arbeitsroutine.","„Feierliche Königstragödie“ trifft hier nicht zu. Dark Star gestaltet die Raumfahrt als absurde Arbeitsroutine.","Großer Weltraum, zermürbender Arbeitsalltag.","keine","https://en.wikipedia.org/wiki/Dark_Star_(film)|https://en.wikipedia.org/wiki/John_Carpenter","redaktionell_geprueft"
"SF-202609-P02-L-060","K-SF-202609-P02-L-060","","de","Film","Science-Fiction","Dark Star – Finsterer Stern","Dark Star","1974","","leicht","Weltwissen","Weltraum|Satire|Arthouse","Weltraum|Satire|Arthouse","Die Dark Star beseitigt instabile Planeten für spätere Besiedlung.","„Dark Star – Finsterer Stern“ (1974): Welche Aufgabe erledigt die Dark Star?","Sauerstoff zur Erde liefern","Verschollene Könige suchen","Neue Sternbilder benennen","Instabile Planeten zerstören","D","Die Dark Star beseitigt instabile Planeten für spätere Besiedlung.","Die Besatzung führt planetare Zerstörung wie eine routinierte technische Dienstleistung aus. Doolittle (Brian Narelle) muss dabei mit einer Ausrüstung arbeiten, deren Zuverlässigkeit ständig nachlässt. Der enorme Maßstab der Aufgabe wird durch nüchterne Abläufe komisch verkleinert. Man kann darin eine Satire auf Fortschrittsrhetorik sehen: Eine große Mission wird im praktischen Betrieb von Müdigkeit, Materialverschleiß und sehr gewöhnlichen menschlichen Bedürfnissen geprägt.","„Sauerstoff zur Erde liefern“ trifft hier nicht zu. Die Dark Star beseitigt instabile Planeten für spätere Besiedlung.","„Verschollene Könige suchen“ trifft hier nicht zu. Die Dark Star beseitigt instabile Planeten für spätere Besiedlung.","„Neue Sternbilder benennen“ trifft hier nicht zu. Die Dark Star beseitigt instabile Planeten für spätere Besiedlung.","Richtig. Die Dark Star beseitigt instabile Planeten für spätere Besiedlung.","Planetenvernichtung als störanfälliger Routinejob.","Handlung","https://en.wikipedia.org/wiki/Dark_Star_(film)|https://en.wikipedia.org/wiki/John_Carpenter","redaktionell_geprueft"
"SF-202609-P02-M-059","K-SF-202609-P02-M-059","","de","Film","Science-Fiction","Dark Star – Finsterer Stern","Dark Star","1974","","mittel","Filmgeschichte","Weltraum|Satire|Arthouse","Weltraum|Satire|Arthouse","Dan O’Bannon spielt Pinback.","„Dark Star – Finsterer Stern“ (1974): Welcher spätere Alien-Drehbuchautor spielt Pinback?","Ronald Shusett","David Giler","Dan O’Bannon","Walter Hill","C","Dan O’Bannon spielt Pinback.","Dan O’Bannon war bei „Dark Star“ nicht nur als Pinback zu sehen, sondern auch am Drehbuch und an technischen Aufgaben beteiligt. Später schrieb er am Drehbuch von „Alien“. Der Vergleich ist aufschlussreich: Ein entlaufenes Wesen in engen Schiffsräumen erscheint hier komisch, dort bedrohlich. Ähnliche räumliche Grundprobleme können durch Rhythmus, Gestaltung und Figurenreaktionen völlig unterschiedliche Genreerfahrungen erzeugen.","„Ronald Shusett“ trifft hier nicht zu. Dan O’Bannon spielt Pinback.","„David Giler“ trifft hier nicht zu. Dan O’Bannon spielt Pinback.","Richtig. Dan O’Bannon spielt Pinback.","„Walter Hill“ trifft hier nicht zu. Dan O’Bannon spielt Pinback.","O’Bannon verbindet Weltraumkomik und späteren Alien-Horror.","keine","https://en.wikipedia.org/wiki/Dark_Star_(film)|https://en.wikipedia.org/wiki/John_Carpenter","redaktionell_geprueft"
"SF-202609-P02-M-060","K-SF-202609-P02-M-060","","de","Film","Science-Fiction","Dark Star – Finsterer Stern","Dark Star","1974","","mittel","Handlungsdetail","Weltraum|Satire|Arthouse","Weltraum|Satire|Arthouse","Das Alien erinnert an einen großen Ball mit Krallen.","„Dark Star – Finsterer Stern“ (1974): Wie sieht das mitgeführte außerirdische Haustier ungefähr aus?","Wie eine geflügelte Schlange","Wie ein durchsichtiger Fisch","Wie ein metallener Vogel","Wie ein großer Ball mit Krallen","D","Das Alien erinnert an einen großen Ball mit Krallen.","Pinback (Dan O’Bannon) versucht, ein Wesen zu versorgen, dessen Verhalten seine ohnehin mühsame Arbeit weiter erschwert. Die sichtbar einfache Gestaltung gehört zur Komik und zur Herkunft des Films als kleines Projekt. Ein vertrauter Gegenstand erhält durch Bewegung und Reaktionen eine eigene Persönlichkeit. Die Sequenz zeigt, dass ein überzeugendes filmisches Problem nicht zwingend ein naturalistisch gestaltetes Monster oder eine große Produktionssumme benötigt.","„Wie eine geflügelte Schlange“ trifft hier nicht zu. Das Alien erinnert an einen großen Ball mit Krallen.","„Wie ein durchsichtiger Fisch“ trifft hier nicht zu. Das Alien erinnert an einen großen Ball mit Krallen.","„Wie ein metallener Vogel“ trifft hier nicht zu. Das Alien erinnert an einen großen Ball mit Krallen.","Richtig. Das Alien erinnert an einen großen Ball mit Krallen.","Ein Ball mit Krallen reicht für Weltraumchaos.","Handlung","https://en.wikipedia.org/wiki/Dark_Star_(film)|https://en.wikipedia.org/wiki/John_Carpenter","redaktionell_geprueft"
"SF-202609-P02-S-059","K-SF-202609-P02-S-059","","de","Film","Science-Fiction","Dark Star – Finsterer Stern","Dark Star","1974","","schwer","Handlungsdetail","Weltraum|Satire|Arthouse","Weltraum|Satire|Arthouse","Doolittle diskutiert mit der Bombe über Wahrnehmung und Gewissheit.","„Dark Star – Finsterer Stern“ (1974): Womit versucht Doolittle die gefährliche Bombe vom Explodieren abzuhalten?","Mit einer Gesangseinlage","Mit einem Kochrezept","Mit einem philosophischen Gespräch","Mit einer fingierten Hochzeit","C","Doolittle diskutiert mit der Bombe über Wahrnehmung und Gewissheit.","Doolittle (Brian Narelle) behandelt Bombe 20 (Originalstimme: Dan O’Bannon) als denkendes Gegenüber. Statt einen Draht durchzuschneiden, muss er ihre Sicherheit über einen erhaltenen Befehl erschüttern. Die Szene verbindet eine klassische Countdown-Situation mit Erkenntnistheorie. Komisch ist dabei nicht, dass die Bombe überhaupt nachdenkt, sondern dass die Diskussion ihre eigene Logik entwickelt und dadurch schwerer vorhersehbar wird als ein gewöhnlicher mechanischer Defekt.","„Mit einer Gesangseinlage“ trifft hier nicht zu. Doolittle diskutiert mit der Bombe über Wahrnehmung und Gewissheit.","„Mit einem Kochrezept“ trifft hier nicht zu. Doolittle diskutiert mit der Bombe über Wahrnehmung und Gewissheit.","Richtig. Doolittle diskutiert mit der Bombe über Wahrnehmung und Gewissheit.","„Mit einer fingierten Hochzeit“ trifft hier nicht zu. Doolittle diskutiert mit der Bombe über Wahrnehmung und Gewissheit.","Der Countdown wird zur philosophischen Debatte.","Handlung","https://en.wikipedia.org/wiki/Dark_Star_(film)|https://en.wikipedia.org/wiki/John_Carpenter","redaktionell_geprueft"
"SF-202609-P02-S-060","K-SF-202609-P02-S-060","","de","Film","Science-Fiction","Dark Star – Finsterer Stern","Dark Star","1974","","schwer","Handlungsdetail","Weltraum|Satire|Arthouse","Weltraum|Satire|Arthouse","Doolittle nutzt ein längliches Trümmerstück als Surfbrett.","„Dark Star – Finsterer Stern“ (1974): Was benutzt Doolittle am Ende wie ein Surfbrett?","Eine ausgebreitete Flagge","Eine geöffnete Raumkapsel","Eine Sauerstoffflasche","Ein Stück Raumschifftrümmer","D","Doolittle nutzt ein längliches Trümmerstück als Surfbrett.","Doolittle (Brian Narelle) greift in einer aussichtslosen Lage auf eine frühere persönliche Leidenschaft zurück. Das Trümmerstück erhält eine andere Funktion als die, für die es gebaut wurde. Der Schluss verbindet kosmische Größe mit einer sehr individuellen Erinnerung. Statt die Mission durch einen heldenhaften offiziellen Abschluss zu rechtfertigen, findet die Figur noch eine eigene Form des Umgangs mit ihrer letzten Bewegung durch den Raum.","„Eine ausgebreitete Flagge“ trifft hier nicht zu. Doolittle nutzt ein längliches Trümmerstück als Surfbrett.","„Eine geöffnete Raumkapsel“ trifft hier nicht zu. Doolittle nutzt ein längliches Trümmerstück als Surfbrett.","„Eine Sauerstoffflasche“ trifft hier nicht zu. Doolittle nutzt ein längliches Trümmerstück als Surfbrett.","Richtig. Doolittle nutzt ein längliches Trümmerstück als Surfbrett.","Doolittle verwandelt den Absturz in eine Surfbewegung.","Auflösung","https://en.wikipedia.org/wiki/Dark_Star_(film)|https://en.wikipedia.org/wiki/John_Carpenter","redaktionell_geprueft"
"SF-202609-P02-L-061","K-SF-202609-P02-L-061","","de","Film","Science-Fiction","Tron","Tron","1982","Tron","leicht","Besetzung","Virtuelle Realität|Classics","Virtuelle Realität|Classics","Jeff Bridges spielt Kevin Flynn.","„Tron“ (1982): Wer spielt den Programmierer Kevin Flynn?","Jeff Bridges","Kurt Russell","Bruce Boxleitner","Harrison Ford","A","Jeff Bridges spielt Kevin Flynn.","Jeff Bridges gibt Kevin Flynn die lässige Sicherheit eines Spielers, der die Regeln eines Systems gut kennt. Im digitalen Raum reichen diese Erfahrungen allerdings nicht mehr ohne Weiteres aus. Bridges ist auch durch „The Big Lebowski“ und „Crazy Heart“ bekannt. Seine Figur in „Tron“ gehört zu einer früheren Phase seiner Laufbahn und verbindet technische Neugier mit dem Witz eines Abenteuerhelden.","Richtig. Jeff Bridges spielt Kevin Flynn.","„Kurt Russell“ trifft hier nicht zu. Jeff Bridges spielt Kevin Flynn.","„Bruce Boxleitner“ trifft hier nicht zu. Jeff Bridges spielt Kevin Flynn.","„Harrison Ford“ trifft hier nicht zu. Jeff Bridges spielt Kevin Flynn.","Bridges wird vom Spieleentwickler zum Spieler im System.","keine","https://en.wikipedia.org/wiki/Tron|https://en.wikipedia.org/wiki/Steven_Lisberger","redaktionell_geprueft"
"SF-202609-P02-L-062","K-SF-202609-P02-L-062","","de","Film","Science-Fiction","Tron","Tron","1982","Tron","leicht","Schauplatz","Virtuelle Realität|Classics","Virtuelle Realität|Classics","Flynn wird digitalisiert und in die Computerwelt übertragen.","„Tron“ (1982): Wohin wird Flynn durch den experimentellen Laser versetzt?","In die prähistorische Erde","In eine digitale Computerwelt","In ein unterirdisches Labor","Auf einen fernen Mond","B","Flynn wird digitalisiert und in die Computerwelt übertragen.","Kevin Flynn (Jeff Bridges) begegnet Programmen als körperlich handelnden Wesen. Rechenprozesse werden dadurch nicht durch abstrakte Diagramme erklärt, sondern durch Räume, Fahrzeuge und Konflikte sichtbar gemacht. Das Design verwendet leuchtende Konturen und geometrische Flächen, um die Umgebung klar vom gewöhnlichen Alltag abzuheben. Die digitale Welt ist eine filmische Vorstellung von Computervorgängen, keine realistische Darstellung dessen, was sich buchstäblich in einem Rechner befindet.","„In die prähistorische Erde“ trifft hier nicht zu. Flynn wird digitalisiert und in die Computerwelt übertragen.","Richtig. Flynn wird digitalisiert und in die Computerwelt übertragen.","„In ein unterirdisches Labor“ trifft hier nicht zu. Flynn wird digitalisiert und in die Computerwelt übertragen.","„Auf einen fernen Mond“ trifft hier nicht zu. Flynn wird digitalisiert und in die Computerwelt übertragen.","Rechenprozesse werden zu begehbaren Räumen.","Handlung","https://en.wikipedia.org/wiki/Tron|https://en.wikipedia.org/wiki/Steven_Lisberger","redaktionell_geprueft"
"SF-202609-P02-M-061","K-SF-202609-P02-M-061","","de","Film","Science-Fiction","Tron","Tron","1982","Tron","mittel","Figuren","Virtuelle Realität|Classics","Virtuelle Realität|Classics","Bruce Boxleitner spielt Alan Bradley und Tron.","„Tron“ (1982): Wer spielt sowohl Alan Bradley als auch Tron?","Bruce Boxleitner","David Warner","Peter Jurasik","Jeff Bridges","A","Bruce Boxleitner spielt Alan Bradley und Tron.","Alan Bradley und Tron (beide Bruce Boxleitner) teilen ihr Aussehen, weil die Programme im Film ihren menschlichen Urhebern ähneln. Boxleitner wurde später auch als John Sheridan in „Babylon 5“ bekannt. Die Doppelrolle in „Tron“ macht die Verbindung beider Welten unmittelbar verständlich: Man muss keine langen technischen Erklärungen abwarten, um eine Beziehung zwischen einem Entwickler und seiner digitalen Entsprechung zu erkennen.","Richtig. Bruce Boxleitner spielt Alan Bradley und Tron.","„David Warner“ trifft hier nicht zu. Bruce Boxleitner spielt Alan Bradley und Tron.","„Peter Jurasik“ trifft hier nicht zu. Bruce Boxleitner spielt Alan Bradley und Tron.","„Jeff Bridges“ trifft hier nicht zu. Bruce Boxleitner spielt Alan Bradley und Tron.","Boxleitners Doppelrolle verbindet Entwickler und Programm.","keine","https://en.wikipedia.org/wiki/Tron|https://en.wikipedia.org/wiki/Steven_Lisberger","redaktionell_geprueft"
"SF-202609-P02-M-062","K-SF-202609-P02-M-062","","de","Film","Science-Fiction","Tron","Tron","1982","Tron","mittel","Weltwissen","Virtuelle Realität|Classics","Virtuelle Realität|Classics","Die Kontrollinstanz heißt Master Control Program, kurz MCP.","„Tron“ (1982): Wie heißt die zentrale Kontrollinstanz der Computerwelt?","Global Memory Engine","Master Control Program","Central Operating Network","Primary Logic System","B","Die Kontrollinstanz heißt Master Control Program, kurz MCP.","Das MCP (Originalstimme: David Warner) erweitert seinen Zugriff über einzelne Aufgaben hinaus und beansprucht immer mehr Kontrolle. Kevin Flynn (Jeff Bridges) und Tron (Bruce Boxleitner) treffen damit auf eine Macht, die Programme nicht als unabhängige Werkzeuge bestehen lässt. Die Erzählung macht ein technisches Zugriffsproblem politisch anschaulich. Vernetzung erscheint nicht automatisch befreiend, wenn eine zentrale Instanz sämtliche Kommunikation und Handlungsmöglichkeiten beherrscht.","„Global Memory Engine“ trifft hier nicht zu. Die Kontrollinstanz heißt Master Control Program, kurz MCP.","Richtig. Die Kontrollinstanz heißt Master Control Program, kurz MCP.","„Central Operating Network“ trifft hier nicht zu. Die Kontrollinstanz heißt Master Control Program, kurz MCP.","„Primary Logic System“ trifft hier nicht zu. Die Kontrollinstanz heißt Master Control Program, kurz MCP.","Das MCP sammelt Zugriff und Macht.","Handlung","https://en.wikipedia.org/wiki/Tron|https://en.wikipedia.org/wiki/Steven_Lisberger","redaktionell_geprueft"
"SF-202609-P02-S-061","K-SF-202609-P02-S-061","","de","Film","Science-Fiction","Tron","Tron","1982","Tron","schwer","Spielwelt","Virtuelle Realität|Classics","Virtuelle Realität|Classics","Light Cycles ziehen leuchtende Wände hinter sich her.","„Tron“ (1982): Welche Spur hinterlassen die Light Cycles im Wettkampf?","Feste leuchtende Wände","Unsichtbare Magnetfelder","Schwebende Wasserringe","Bewegliche Spiegelbilder","A","Light Cycles ziehen leuchtende Wände hinter sich her.","Die Motorradähnlichkeit macht den Wettkampf sofort verständlich, doch die zurückbleibenden Wände verändern seine räumliche Logik. Kevin Flynn (Jeff Bridges) muss nicht nur ausweichen, sondern vorausdenken, welche Wege durch jede Bewegung verschlossen werden. Geschwindigkeit allein genügt deshalb nicht. Das Spiel übersetzt eine einfache visuelle Regel in Spannung, bei der die Zuschauer die Gefahr aus der entstehenden Geometrie des Raums selbst ablesen können.","Richtig. Light Cycles ziehen leuchtende Wände hinter sich her.","„Unsichtbare Magnetfelder“ trifft hier nicht zu. Light Cycles ziehen leuchtende Wände hinter sich her.","„Schwebende Wasserringe“ trifft hier nicht zu. Light Cycles ziehen leuchtende Wände hinter sich her.","„Bewegliche Spiegelbilder“ trifft hier nicht zu. Light Cycles ziehen leuchtende Wände hinter sich her.","Jede Fahrt baut eine neue Wand.","Handlung","https://en.wikipedia.org/wiki/Tron|https://en.wikipedia.org/wiki/Steven_Lisberger","redaktionell_geprueft"
"SF-202609-P02-S-062","K-SF-202609-P02-S-062","","de","Film","Science-Fiction","Tron","Tron","1982","Tron","schwer","Handlungsdetail","Virtuelle Realität|Classics","Virtuelle Realität|Classics","Flynn sucht Belege für Dillingers Diebstahl seiner Spiele.","„Tron“ (1982): Welchen Beweis sucht Flynn im Computersystem?","Dass der Laser außerirdisch ist","Dass Dillinger seine Spiele gestohlen hat","Dass Alan ein fremder Agent ist","Dass die Firma nie gegründet wurde","B","Flynn sucht Belege für Dillingers Diebstahl seiner Spiele.","Kevin Flynn (Jeff Bridges) will zunächst seine Urheberschaft nachweisen, nicht eine unbekannte Zivilisation befreien. Ed Dillinger (David Warner) verdankt seinen Aufstieg der Aneignung fremder Arbeit. Das Abenteuer bleibt dadurch an ein konkretes Problem der realen Welt gebunden. Der digitale Konflikt vergrößert dessen Maßstab, während die gesuchte Datei oder Dokumentation am Ende weiterhin eine sehr praktische Bedeutung für Anerkennung und berufliche Stellung besitzt.","„Dass der Laser außerirdisch ist“ trifft hier nicht zu. Flynn sucht Belege für Dillingers Diebstahl seiner Spiele.","Richtig. Flynn sucht Belege für Dillingers Diebstahl seiner Spiele.","„Dass Alan ein fremder Agent ist“ trifft hier nicht zu. Flynn sucht Belege für Dillingers Diebstahl seiner Spiele.","„Dass die Firma nie gegründet wurde“ trifft hier nicht zu. Flynn sucht Belege für Dillingers Diebstahl seiner Spiele.","Die digitale Reise beginnt mit gestohlener Urheberschaft.","Handlung","https://en.wikipedia.org/wiki/Tron|https://en.wikipedia.org/wiki/Steven_Lisberger","redaktionell_geprueft"
"SF-202609-P02-L-063","K-SF-202609-P02-L-063","","de","Film","Science-Fiction","Tron: Legacy","Tron: Legacy","2010","Tron","leicht","Figuren","Virtuelle Realität|Familie","Virtuelle Realität|Familie","Sam Flynn ist Kevin Flynns Sohn.","„Tron: Legacy“ (2010): Wer ist Sam Flynn im Verhältnis zu Kevin Flynn?","Sein Bruder","Sein Vater","Sein Sohn","Sein früherer Lehrer","C","Sam Flynn ist Kevin Flynns Sohn.","Sam Flynn (Garrett Hedlund) kennt seinen Vater Kevin Flynn (Jeff Bridges) vor allem als verschwundene Bezugsperson. Die Rückkehr in die digitale Welt ist deshalb auch eine Suche nach einer unterbrochenen Familiengeschichte. Der Generationenwechsel verändert den Zugang zum bekannten Schauplatz: Was für den Vater ein selbst entwickeltes Projekt war, erscheint dem Sohn zunächst als fremdes Erbe, dessen Regeln und Folgen er erst verstehen muss.","„Sein Bruder“ trifft hier nicht zu. Sam Flynn ist Kevin Flynns Sohn.","„Sein Vater“ trifft hier nicht zu. Sam Flynn ist Kevin Flynns Sohn.","Richtig. Sam Flynn ist Kevin Flynns Sohn.","„Sein früherer Lehrer“ trifft hier nicht zu. Sam Flynn ist Kevin Flynns Sohn.","Sam betritt das digitale Erbe seines Vaters.","keine","https://en.wikipedia.org/wiki/Tron:_Legacy|https://en.wikipedia.org/wiki/Joseph_Kosinski","redaktionell_geprueft"
"SF-202609-P02-L-064","K-SF-202609-P02-L-064","","de","Film","Science-Fiction","Tron: Legacy","Tron: Legacy","2010","Tron","leicht","Besetzung","Virtuelle Realität|Familie","Virtuelle Realität|Familie","Olivia Wilde spielt Quorra.","„Tron: Legacy“ (2010): Wer spielt Quorra?","Jessica Biel","Katherine Waterston","Eva Green","Olivia Wilde","D","Olivia Wilde spielt Quorra.","Olivia Wilde verbindet bei Quorra kämpferische Sicherheit mit Neugier auf Dinge außerhalb ihrer bisherigen Welt. Die Figur ist dadurch nicht bloß eine Führerin durch gefährliche Räume. Ihre Fragen eröffnen auch einen Blick auf menschliche Selbstverständlichkeiten. Wilde wurde später als Regisseurin von „Booksmart“ bekannt. In „Tron: Legacy“ entsteht Quorras besondere Wirkung vor allem aus der Mischung von präziser Bewegung und unverstelltem Staunen.","„Jessica Biel“ trifft hier nicht zu. Olivia Wilde spielt Quorra.","„Katherine Waterston“ trifft hier nicht zu. Olivia Wilde spielt Quorra.","„Eva Green“ trifft hier nicht zu. Olivia Wilde spielt Quorra.","Richtig. Olivia Wilde spielt Quorra.","Quorra ist erfahren und zugleich neugierig auf das Unbekannte.","keine","https://en.wikipedia.org/wiki/Tron:_Legacy|https://en.wikipedia.org/wiki/Joseph_Kosinski","redaktionell_geprueft"
"SF-202609-P02-M-063","K-SF-202609-P02-M-063","","de","Film","Science-Fiction","Tron: Legacy","Tron: Legacy","2010","Tron","mittel","Musik","Virtuelle Realität|Familie","Virtuelle Realität|Familie","Daft Punk komponierte die Filmmusik.","„Tron: Legacy“ (2010): Welches Duo komponierte die prägende Filmmusik?","Air","The Chemical Brothers","Daft Punk","Justice","C","Daft Punk komponierte die Filmmusik.","Daft Punk verbindet elektronische Klangflächen und Rhythmen mit orchestraler Wucht. Die Musik unterstützt damit sowohl die strenge digitale Gestaltung als auch die Größe der Abenteuerhandlung. Das Duo ist unter anderem durch „Discovery“ und „Random Access Memories“ bekannt. Der Filmbeitrag ist jedoch nicht einfach eine Folge gewöhnlicher Popsongs, sondern eine auf Räume, Bewegungen und Spannungsbögen zugeschnittene musikalische Arbeit.","„Air“ trifft hier nicht zu. Daft Punk komponierte die Filmmusik.","„The Chemical Brothers“ trifft hier nicht zu. Daft Punk komponierte die Filmmusik.","Richtig. Daft Punk komponierte die Filmmusik.","„Justice“ trifft hier nicht zu. Daft Punk komponierte die Filmmusik.","Daft Punk verbindet Elektronik und Orchester.","keine","https://en.wikipedia.org/wiki/Tron:_Legacy|https://en.wikipedia.org/wiki/Joseph_Kosinski","redaktionell_geprueft"
"SF-202609-P02-M-064","K-SF-202609-P02-M-064","","de","Film","Science-Fiction","Tron: Legacy","Tron: Legacy","2010","Tron","mittel","Figuren","Virtuelle Realität|Familie","Virtuelle Realität|Familie","CLU will eine vermeintlich perfekte Ordnung durchsetzen.","„Tron: Legacy“ (2010): Welches Programm versucht, seine Vorstellung perfekter Ordnung durchzusetzen?","Zuse","Quorra","Gem","CLU","D","CLU will eine vermeintlich perfekte Ordnung durchsetzen.","CLU (Jeff Bridges, körperliche Darstellung: John Reardon) hält an einem Auftrag fest, dessen Bedeutung er nicht flexibel weiterentwickelt. Kevin Flynn (Jeff Bridges) muss deshalb den Folgen seiner eigenen Vorgabe begegnen. Die digitale Ähnlichkeit verbindet Schöpfer und Programm sichtbar, hebt ihren unterschiedlichen Umgang mit Veränderung aber umso stärker hervor. Perfektion wird zum Problem, sobald unerwartetes Leben nur noch als Fehler gelten darf.","„Zuse“ trifft hier nicht zu. CLU will eine vermeintlich perfekte Ordnung durchsetzen.","„Quorra“ trifft hier nicht zu. CLU will eine vermeintlich perfekte Ordnung durchsetzen.","„Gem“ trifft hier nicht zu. CLU will eine vermeintlich perfekte Ordnung durchsetzen.","Richtig. CLU will eine vermeintlich perfekte Ordnung durchsetzen.","CLUs Perfektion duldet keine unerwartete Entwicklung.","Handlung","https://en.wikipedia.org/wiki/Tron:_Legacy|https://en.wikipedia.org/wiki/Joseph_Kosinski","redaktionell_geprueft"
"SF-202609-P02-S-063","K-SF-202609-P02-S-063","","de","Film","Science-Fiction","Tron: Legacy","Tron: Legacy","2010","Tron","schwer","Weltwissen","Virtuelle Realität|Familie","Virtuelle Realität|Familie","Die ISOs entstanden spontan innerhalb der digitalen Welt.","„Tron: Legacy“ (2010): Was ist an den ISOs besonders?","Sie bestehen aus gestohlenen Erinnerungen","Sie sind verkleidete Menschen","Sie entstanden spontan im System","Sie wurden aus der Erde importiert","C","Die ISOs entstanden spontan innerhalb der digitalen Welt.","Quorra (Olivia Wilde) gehört zu einer Form digitalen Lebens, die nicht einfach nach dem ursprünglichen Plan hergestellt wurde. Kevin Flynn (Jeff Bridges) erkennt darin eine Entdeckung, während CLU (Jeff Bridges, körperliche Darstellung: John Reardon) eine Abweichung sieht. Der Unterschied betrifft den Umgang mit Neuem: Ist etwas wertvoll, weil es den Entwurf erfüllt, oder gerade weil es über dessen vorhersehbare Möglichkeiten hinausgeht?","„Sie bestehen aus gestohlenen Erinnerungen“ trifft hier nicht zu. Die ISOs entstanden spontan innerhalb der digitalen Welt.","„Sie sind verkleidete Menschen“ trifft hier nicht zu. Die ISOs entstanden spontan innerhalb der digitalen Welt.","Richtig. Die ISOs entstanden spontan innerhalb der digitalen Welt.","„Sie wurden aus der Erde importiert“ trifft hier nicht zu. Die ISOs entstanden spontan innerhalb der digitalen Welt.","ISOs sind Entdeckung statt geplanter Herstellung.","Handlung","https://en.wikipedia.org/wiki/Tron:_Legacy|https://en.wikipedia.org/wiki/Joseph_Kosinski","redaktionell_geprueft"
"SF-202609-P02-S-064","K-SF-202609-P02-S-064","","de","Film","Science-Fiction","Tron: Legacy","Tron: Legacy","2010","Tron","schwer","Handlungsdetail","Virtuelle Realität|Familie","Virtuelle Realität|Familie","Kevin Flynns Identitätsdisk ist der entscheidende Schlüssel.","„Tron: Legacy“ (2010): Welcher Gegenstand enthält Kevin Flynns besonderen Zugang zum Portal?","Sein Motorradhelm","Seine Sonnenbrille","Seine Armbanduhr","Seine Identitätsdisk","D","Kevin Flynns Identitätsdisk ist der entscheidende Schlüssel.","Kevin Flynn (Jeff Bridges) trägt seinen besonderen Systemstatus in einem greifbaren Gegenstand. Das ermöglicht eine konkrete Verfolgungs- und Tauschhandlung, obwohl es eigentlich um Zugriffsrechte geht. Sam Flynn (Garrett Hedlund) muss deshalb nicht nur einen Ort erreichen, sondern auch auf Besitz und Identität achten. Die Disk verbindet Persönlichkeit, Erinnerung und technische Berechtigung in einer einzigen sichtbaren Form, die innerhalb des Systems begehrt und gefährdet ist.","„Sein Motorradhelm“ trifft hier nicht zu. Kevin Flynns Identitätsdisk ist der entscheidende Schlüssel.","„Seine Sonnenbrille“ trifft hier nicht zu. Kevin Flynns Identitätsdisk ist der entscheidende Schlüssel.","„Seine Armbanduhr“ trifft hier nicht zu. Kevin Flynns Identitätsdisk ist der entscheidende Schlüssel.","Richtig. Kevin Flynns Identitätsdisk ist der entscheidende Schlüssel.","Die Disk trägt Identität und Zugriff zugleich.","Handlung","https://en.wikipedia.org/wiki/Tron:_Legacy|https://en.wikipedia.org/wiki/Joseph_Kosinski","redaktionell_geprueft"
"SF-202609-P02-L-065","K-SF-202609-P02-L-065","","de","Film","Science-Fiction","Brazil","Brazil","1985","","leicht","Besetzung","Dystopie|Satire|Arthouse|Classics","Dystopie|Satire|Arthouse|Classics","Jonathan Pryce spielt Sam Lowry.","„Brazil“ (1985): Wer spielt den Verwaltungsangestellten Sam Lowry?","Jonathan Pryce","Ian Holm","Michael Palin","John Hurt","A","Jonathan Pryce spielt Sam Lowry.","Jonathan Pryce gestaltet Sam Lowry als Mann, dessen vorsichtiges Alltagsverhalten weit von seinen heroischen Träumen entfernt ist. Pryce ist auch aus „Evita“, „Der Morgen stirbt nie“ und „Die zwei Päpste“ bekannt. In „Brazil“ muss er gerade keinen einheitlich souveränen Helden verkörpern. Seine Unsicherheit trägt dazu bei, dass die bürokratische Umgebung gleichzeitig lächerlich, bedrückend und praktisch schwer überwindbar wirkt.","Richtig. Jonathan Pryce spielt Sam Lowry.","„Ian Holm“ trifft hier nicht zu. Jonathan Pryce spielt Sam Lowry.","„Michael Palin“ trifft hier nicht zu. Jonathan Pryce spielt Sam Lowry.","„John Hurt“ trifft hier nicht zu. Jonathan Pryce spielt Sam Lowry.","Pryces Sam ist im Traum souveräner als im Amt.","keine","https://en.wikipedia.org/wiki/Brazil_(1985_film)|https://en.wikipedia.org/wiki/Terry_Gilliam","redaktionell_geprueft"
"SF-202609-P02-L-066","K-SF-202609-P02-L-066","","de","Film","Science-Fiction","Brazil","Brazil","1985","","leicht","Weltwissen","Dystopie|Satire|Arthouse|Classics","Dystopie|Satire|Arthouse|Classics","Die Welt wird von einer allgegenwärtigen Bürokratie beherrscht.","„Brazil“ (1985): Welcher Bereich prägt die Dystopie besonders?","Ein friedliches Künstlerkollektiv","Eine allgegenwärtige Bürokratie","Eine reine Nomadengesellschaft","Ein mittelalterlicher Ritterorden","B","Die Welt wird von einer allgegenwärtigen Bürokratie beherrscht.","Formulare, Zuständigkeiten und technische Leitungen besetzen den Alltag bis in private Räume. Sam Lowry (Jonathan Pryce) muss nicht jedes Mal einem offen grausamen Gegner begegnen, damit die Ordnung schädlich wirkt. Häufig genügt die korrekte Weiterbearbeitung eines falschen Vorgangs. Der Film macht dadurch eine Form von Gewalt sichtbar, die sich hinter Verfahren verstecken kann und selbst dann weiterläuft, wenn einzelne Beteiligte freundlich auftreten.","„Ein friedliches Künstlerkollektiv“ trifft hier nicht zu. Die Welt wird von einer allgegenwärtigen Bürokratie beherrscht.","Richtig. Die Welt wird von einer allgegenwärtigen Bürokratie beherrscht.","„Eine reine Nomadengesellschaft“ trifft hier nicht zu. Die Welt wird von einer allgegenwärtigen Bürokratie beherrscht.","„Ein mittelalterlicher Ritterorden“ trifft hier nicht zu. Die Welt wird von einer allgegenwärtigen Bürokratie beherrscht.","Der Vorgang läuft weiter, auch wenn er falsch ist.","Handlung","https://en.wikipedia.org/wiki/Brazil_(1985_film)|https://en.wikipedia.org/wiki/Terry_Gilliam","redaktionell_geprueft"
"SF-202609-P02-M-065","K-SF-202609-P02-M-065","","de","Film","Science-Fiction","Brazil","Brazil","1985","","mittel","Handlungsdetail","Dystopie|Satire|Arthouse|Classics","Dystopie|Satire|Arthouse|Classics","Ein Druckfehler führt zur Verhaftung von Buttle statt Tuttle.","„Brazil“ (1985): Welche Namensverwechslung setzt die Handlung in Gang?","Buttle statt Tuttle","Lowry statt Lint","Spoor statt Dowser","Helpmann statt Kurtzmann","A","Ein Druckfehler führt zur Verhaftung von Buttle statt Tuttle.","Archibald Buttle (Brian Miller) wird anstelle von Harry Tuttle (Robert De Niro) verhaftet. Ein kleiner Fehler besitzt damit Folgen, die in keinem Verhältnis zu seiner Entstehung stehen. Sam Lowry (Jonathan Pryce) stößt auf den Vorgang zunächst über dessen finanzielle Abwicklung. Das System behandelt die Katastrophe als Verwaltungsproblem. Gerade diese sachliche Verarbeitung macht die Szene zu mehr als einer gewöhnlichen Verwechslungskomödie.","Richtig. Ein Druckfehler führt zur Verhaftung von Buttle statt Tuttle.","„Lowry statt Lint“ trifft hier nicht zu. Ein Druckfehler führt zur Verhaftung von Buttle statt Tuttle.","„Spoor statt Dowser“ trifft hier nicht zu. Ein Druckfehler führt zur Verhaftung von Buttle statt Tuttle.","„Helpmann statt Kurtzmann“ trifft hier nicht zu. Ein Druckfehler führt zur Verhaftung von Buttle statt Tuttle.","Ein Buchstabe genügt für die falsche Verhaftung.","Handlung","https://en.wikipedia.org/wiki/Brazil_(1985_film)|https://en.wikipedia.org/wiki/Terry_Gilliam","redaktionell_geprueft"
"SF-202609-P02-M-066","K-SF-202609-P02-M-066","","de","Film","Science-Fiction","Brazil","Brazil","1985","","mittel","Besetzung","Dystopie|Satire|Arthouse|Classics","Dystopie|Satire|Arthouse|Classics","Robert De Niro spielt Harry Tuttle.","„Brazil“ (1985): Wer spielt den unangepassten Techniker Harry Tuttle?","Dustin Hoffman","Robert De Niro","Michael Caine","Bob Hoskins","B","Robert De Niro spielt Harry Tuttle.","Robert De Niro, bekannt aus „Taxi Driver“, „Wie ein wilder Stier“ und „Der Pate II“, erscheint hier in einer vergleichsweise kleinen, markanten Rolle. Harry Tuttle repariert praktisch, was offizielle Stellen durch Verfahren blockieren. Seine Kompetenz besitzt dadurch eine beinahe abenteuerliche Wirkung. Der Film macht aus einem funktionierenden Handwerker eine Gegenfigur zur Ordnung, in der selbst einfache Hilfe erst durch bürokratische Genehmigung möglich sein soll.","„Dustin Hoffman“ trifft hier nicht zu. Robert De Niro spielt Harry Tuttle.","Richtig. Robert De Niro spielt Harry Tuttle.","„Michael Caine“ trifft hier nicht zu. Robert De Niro spielt Harry Tuttle.","„Bob Hoskins“ trifft hier nicht zu. Robert De Niro spielt Harry Tuttle.","De Niros Tuttle repariert ohne Formularberg.","keine","https://en.wikipedia.org/wiki/Brazil_(1985_film)|https://en.wikipedia.org/wiki/Terry_Gilliam","redaktionell_geprueft"
"SF-202609-P02-S-065","K-SF-202609-P02-S-065","","de","Film","Science-Fiction","Brazil","Brazil","1985","","schwer","Ausstattung","Dystopie|Satire|Arthouse|Classics","Dystopie|Satire|Arthouse|Classics","Rohre und Lüftungsschläuche dominieren viele Räume.","„Brazil“ (1985): Welches technische Gestaltungselement drängt sich immer wieder in die Innenräume?","Große Rohre und Lüftungsschläuche","Schwebende Kristallkugeln","Unsichtbare Wandbildschirme","Lebendige Pflanzenwände","A","Rohre und Lüftungsschläuche dominieren viele Räume.","Die Infrastruktur bleibt nicht elegant verborgen. Sie ragt sichtbar in Wohnungen und Arbeitsplätze hinein und konkurriert mit den Menschen um Platz. Sam Lowry (Jonathan Pryce) lebt deshalb nicht in einer glatt funktionierenden Zukunft, sondern in einer überladenen technischen Ordnung. Die Ausstattung verbindet ältere Formen mit fantastischer Übersteigerung. Fortschritt erscheint als Ansammlung zusätzlicher Systeme, deren Wartung wiederum neue Abhängigkeiten und Zuständigkeiten erzeugt.","Richtig. Rohre und Lüftungsschläuche dominieren viele Räume.","„Schwebende Kristallkugeln“ trifft hier nicht zu. Rohre und Lüftungsschläuche dominieren viele Räume.","„Unsichtbare Wandbildschirme“ trifft hier nicht zu. Rohre und Lüftungsschläuche dominieren viele Räume.","„Lebendige Pflanzenwände“ trifft hier nicht zu. Rohre und Lüftungsschläuche dominieren viele Räume.","Technik wächst den Bewohnern buchstäblich über den Kopf.","keine","https://en.wikipedia.org/wiki/Brazil_(1985_film)|https://en.wikipedia.org/wiki/Terry_Gilliam","redaktionell_geprueft"
"SF-202609-P02-S-066","K-SF-202609-P02-S-066","","de","Film","Science-Fiction","Brazil","Brazil","1985","","schwer","Handlung","Dystopie|Satire|Arthouse|Classics","Dystopie|Satire|Arthouse|Classics","Das scheinbar glückliche Ende ist Sams innere Flucht.","„Brazil“ (1985): Wie ist Sams scheinbare gemeinsame Flucht mit Jill am Ende einzuordnen?","Als geheime Filmaufnahme der Polizei","Als Flucht in seine Vorstellung","Als tatsächlich geglückte Ausreise","Als Zeitreise in die Vergangenheit","B","Das scheinbar glückliche Ende ist Sams innere Flucht.","Sam Lowry (Jonathan Pryce) bleibt körperlich in der Gewalt seiner Gegner, obwohl er sich eine andere Wirklichkeit vorstellt. Jill Layton (Kim Greist) gehört zu diesem ersehnten Ausweg. Die Schlusswendung nimmt den vorherigen Bildern ihre einfache Tatsächlichkeit, aber nicht ihre Bedeutung für die Figur. Fantasie erscheint als letzter Rückzugsraum, ohne dass der Film daraus einen unproblematischen äußeren Sieg über das System macht.","„Als geheime Filmaufnahme der Polizei“ trifft hier nicht zu. Das scheinbar glückliche Ende ist Sams innere Flucht.","Richtig. Das scheinbar glückliche Ende ist Sams innere Flucht.","„Als tatsächlich geglückte Ausreise“ trifft hier nicht zu. Das scheinbar glückliche Ende ist Sams innere Flucht.","„Als Zeitreise in die Vergangenheit“ trifft hier nicht zu. Das scheinbar glückliche Ende ist Sams innere Flucht.","Sams Geist entkommt, sein Körper nicht.","Auflösung","https://en.wikipedia.org/wiki/Brazil_(1985_film)|https://en.wikipedia.org/wiki/Terry_Gilliam","redaktionell_geprueft"
"SF-202609-P02-L-067","K-SF-202609-P02-L-067","","de","Film","Science-Fiction","THX 1138","THX 1138","1971","","leicht","Besetzung","Dystopie|Arthouse","Dystopie|Arthouse","Robert Duvall spielt THX 1138.","„THX 1138“ (1971): Wer spielt THX 1138?","Donald Pleasence","Dustin Hoffman","Robert Duvall","Gene Hackman","C","Robert Duvall spielt THX 1138.","Robert Duvall spielt die Titelfigur mit einer Zurückhaltung, die zur entindividualisierten Umgebung passt. Später wurde er besonders durch „Der Pate“ und „Apocalypse Now“ bekannt. Hier fehlen vertraute soziale Zeichen wie individuelle Frisuren oder auffällige Kleidung weitgehend. Kleine körperliche Reaktionen gewinnen dadurch Gewicht. Die Figur muss sich nicht nur räumlich befreien, sondern überhaupt wieder als wahrnehmender einzelner Mensch aus einer standardisierten Ordnung hervortreten.","„Donald Pleasence“ trifft hier nicht zu. Robert Duvall spielt THX 1138.","„Dustin Hoffman“ trifft hier nicht zu. Robert Duvall spielt THX 1138.","Richtig. Robert Duvall spielt THX 1138.","„Gene Hackman“ trifft hier nicht zu. Robert Duvall spielt THX 1138.","Duvalls kleine Reaktionen durchbrechen die Gleichförmigkeit.","keine","https://en.wikipedia.org/wiki/THX_1138|https://en.wikipedia.org/wiki/George_Lucas","redaktionell_geprueft"
"SF-202609-P02-L-068","K-SF-202609-P02-L-068","","de","Film","Science-Fiction","THX 1138","THX 1138","1971","","leicht","Weltwissen","Dystopie|Arthouse","Dystopie|Arthouse","Die Bewohner tragen alphanumerische Kennungen.","„THX 1138“ (1971): Wie werden die Bewohner statt mit gewöhnlichen Namen bezeichnet?","Mit Berufsbezeichnungen allein","Mit Tiernamen","Mit wechselnden Farben","Mit Buchstaben-Zahlen-Kombinationen","D","Die Bewohner tragen alphanumerische Kennungen.","THX 1138 (Robert Duvall) und LUH 3417 (Maggie McOmie) besitzen Bezeichnungen, die sich leicht in Verwaltungs- und Überwachungssysteme einfügen. Das alleinige Fehlen eines gewöhnlichen Namens erklärt noch keine ganze Gesellschaft, wirkt hier aber zusammen mit Kleidung, Körpergestaltung und Sprache. Individualität wird nicht offen gefeiert, sondern als mögliche Störung behandelt. Persönliche Nähe muss sich in einer Umgebung entwickeln, deren Begriffe vor allem Zuordnung und Kontrolle erleichtern.","„Mit Berufsbezeichnungen allein“ trifft hier nicht zu. Die Bewohner tragen alphanumerische Kennungen.","„Mit Tiernamen“ trifft hier nicht zu. Die Bewohner tragen alphanumerische Kennungen.","„Mit wechselnden Farben“ trifft hier nicht zu. Die Bewohner tragen alphanumerische Kennungen.","Richtig. Die Bewohner tragen alphanumerische Kennungen.","Kennungen machen Menschen verwaltbar.","Handlung","https://en.wikipedia.org/wiki/THX_1138|https://en.wikipedia.org/wiki/George_Lucas","redaktionell_geprueft"
"SF-202609-P02-M-067","K-SF-202609-P02-M-067","","de","Film","Science-Fiction","THX 1138","THX 1138","1971","","mittel","Handlung","Dystopie|Arthouse","Dystopie|Arthouse","LUH verändert die Medikamente, die THX einnimmt.","„THX 1138“ (1971): Was verändert LUH heimlich an THXs Alltag?","Seinen Stromtarif","Seine Arbeitsplatznummer","Seine Medikamenteneinnahme","Seine Augenfarbe","C","LUH verändert die Medikamente, die THX einnimmt.","LUH 3417 (Maggie McOmie) greift in eine Routine ein, die THX 1138 (Robert Duvall) bislang als selbstverständlich erlebt. Die folgenden Empfindungen sind zunächst irritierend und keineswegs sofort befreiend. Der Film zeigt körperliche Unruhe als frühen Hinweis auf eine andere Möglichkeit des Lebens. Das System hat seine Ordnung nicht nur durch sichtbare Wachen abgesichert, sondern auch durch die chemische Gestaltung der alltäglichen Wahrnehmung.","„Seinen Stromtarif“ trifft hier nicht zu. LUH verändert die Medikamente, die THX einnimmt.","„Seine Arbeitsplatznummer“ trifft hier nicht zu. LUH verändert die Medikamente, die THX einnimmt.","Richtig. LUH verändert die Medikamente, die THX einnimmt.","„Seine Augenfarbe“ trifft hier nicht zu. LUH verändert die Medikamente, die THX einnimmt.","Die Veränderung beginnt im Körper, nicht im Parteiprogramm.","Handlung","https://en.wikipedia.org/wiki/THX_1138|https://en.wikipedia.org/wiki/George_Lucas","redaktionell_geprueft"
"SF-202609-P02-M-068","K-SF-202609-P02-M-068","","de","Film","Science-Fiction","THX 1138","THX 1138","1971","","mittel","Gestaltung","Dystopie|Arthouse","Dystopie|Arthouse","Weiße Flächen und gleichförmige Kleidung prägen die Gestaltung.","„THX 1138“ (1971): Welche Optik prägt viele Räume und Kleidungsstücke?","Gold und barocker Schmuck","Dunkles Holz und Kerzen","Bunte Stoffe und Blumenmuster","Weiß und weitgehende Gleichförmigkeit","D","Weiße Flächen und gleichförmige Kleidung prägen die Gestaltung.","Die reduzierte Umgebung erleichtert keine Orientierung. Vielmehr fehlen vertraute Unterschiede, an denen Menschen Orte und soziale Rollen gewöhnlich erkennen. THX 1138 (Robert Duvall) erscheint in manchen Räumen fast ohne greifbaren Maßstab. Die Gestaltung kann deshalb gleichzeitig sauber und bedrohlich wirken. Sie nimmt der Zukunft das übliche Versprechen komfortabler Vielfalt und macht Vereinheitlichung zu einer unmittelbar sichtbaren Eigenschaft der Gesellschaft.","„Gold und barocker Schmuck“ trifft hier nicht zu. Weiße Flächen und gleichförmige Kleidung prägen die Gestaltung.","„Dunkles Holz und Kerzen“ trifft hier nicht zu. Weiße Flächen und gleichförmige Kleidung prägen die Gestaltung.","„Bunte Stoffe und Blumenmuster“ trifft hier nicht zu. Weiße Flächen und gleichförmige Kleidung prägen die Gestaltung.","Richtig. Weiße Flächen und gleichförmige Kleidung prägen die Gestaltung.","Weiß bedeutet hier nicht automatisch Sicherheit.","keine","https://en.wikipedia.org/wiki/THX_1138|https://en.wikipedia.org/wiki/George_Lucas","redaktionell_geprueft"
"SF-202609-P02-S-067","K-SF-202609-P02-S-067","","de","Film","Science-Fiction","THX 1138","THX 1138","1971","","schwer","Handlungsdetail","Dystopie|Arthouse","Dystopie|Arthouse","Die Verfolgung überschreitet ihr vorgesehenes Budget.","„THX 1138“ (1971): Warum wird die Verfolgung von THX schließlich abgebrochen?","Die Stadt hat keine Bevölkerung mehr","Die Polizei erkennt seine Unschuld","Die erlaubten Kosten sind überschritten","Ein Gericht begnadigt ihn","C","Die Verfolgung überschreitet ihr vorgesehenes Budget.","THX 1138 (Robert Duvall) entkommt nicht durch eine plötzliche moralische Einsicht der Kontrollinstanz. Die Kostenrechnung setzt dem Zugriff eine Grenze. Das ist eine besonders trockene Zuspitzung der Verwaltungsgesellschaft: Selbst der Wunsch nach vollständiger Kontrolle bleibt an eine kalkulierte Ressourcenzuteilung gebunden. Die Entscheidung behandelt Freiheit nicht als anerkanntes Recht, sondern entsteht als Nebenfolge einer betriebswirtschaftlichen Abbruchregel.","„Die Stadt hat keine Bevölkerung mehr“ trifft hier nicht zu. Die Verfolgung überschreitet ihr vorgesehenes Budget.","„Die Polizei erkennt seine Unschuld“ trifft hier nicht zu. Die Verfolgung überschreitet ihr vorgesehenes Budget.","Richtig. Die Verfolgung überschreitet ihr vorgesehenes Budget.","„Ein Gericht begnadigt ihn“ trifft hier nicht zu. Die Verfolgung überschreitet ihr vorgesehenes Budget.","Das Budget stoppt, was Mitgefühl nicht stoppt.","Auflösung","https://en.wikipedia.org/wiki/THX_1138|https://en.wikipedia.org/wiki/George_Lucas","redaktionell_geprueft"
"SF-202609-P02-S-068","K-SF-202609-P02-S-068","","de","Film","Science-Fiction","THX 1138","THX 1138","1971","","schwer","Handlungsdetail","Dystopie|Arthouse","Dystopie|Arthouse","THX erreicht die Oberfläche und sieht die untergehende Sonne.","„THX 1138“ (1971): Was sieht THX nach seinem Aufstieg aus dem Schacht?","Ein startendes Mutterschiff","Einen gefrorenen Ozean","Eine zweite unterirdische Stadt","Die untergehende Sonne","D","THX erreicht die Oberfläche und sieht die untergehende Sonne.","THX 1138 (Robert Duvall) tritt aus einer künstlich kontrollierten Umgebung in einen offenen Bildraum. Der starke Farb- und Größenwechsel vermittelt die Veränderung ohne lange Erklärung. Zugleich gibt das Bild keinen vollständigen Plan für ein künftiges Leben. Es zeigt zunächst nur, dass die behaupteten Grenzen des Systems nicht mit den Grenzen der Welt identisch sind. Der gewonnene Außenraum bleibt eine Möglichkeit, keine fertig eingerichtete Lösung.","„Ein startendes Mutterschiff“ trifft hier nicht zu. THX erreicht die Oberfläche und sieht die untergehende Sonne.","„Einen gefrorenen Ozean“ trifft hier nicht zu. THX erreicht die Oberfläche und sieht die untergehende Sonne.","„Eine zweite unterirdische Stadt“ trifft hier nicht zu. THX erreicht die Oberfläche und sieht die untergehende Sonne.","Richtig. THX erreicht die Oberfläche und sieht die untergehende Sonne.","Die Sonne markiert eine Welt jenseits der Kontrolle.","Auflösung","https://en.wikipedia.org/wiki/THX_1138|https://en.wikipedia.org/wiki/George_Lucas","redaktionell_geprueft"
"SF-202609-P02-L-069","K-SF-202609-P02-L-069","","de","Film","Science-Fiction","Fortress – Die Festung","Fortress","1992","Fortress","leicht","Besetzung","Dystopie|Gefängnis","Dystopie|Gefängnis","Christopher Lambert spielt John Brennick.","„Fortress – Die Festung“ (1992): Wer spielt John Brennick?","Christopher Lambert","Jean-Claude Van Damme","Dolph Lundgren","Michael Dudikoff","A","Christopher Lambert spielt John Brennick.","Christopher Lambert ist besonders als Connor MacLeod aus „Highlander“ bekannt. John Brennick besitzt dagegen keine übernatürliche Unsterblichkeit, sondern muss in einem technisch überwachten Gefängnis konkrete Schwachstellen finden. Die Rolle nutzt Lamberts ernste, konzentrierte Präsenz für einen Actionhelden mit einem familiären Ziel. Flucht bedeutet hier nicht nur persönliche Freiheit, sondern auch die Wiederherstellung einer Beziehung, über die ein repressiver Staat verfügen will.","Richtig. Christopher Lambert spielt John Brennick.","„Jean-Claude Van Damme“ trifft hier nicht zu. Christopher Lambert spielt John Brennick.","„Dolph Lundgren“ trifft hier nicht zu. Christopher Lambert spielt John Brennick.","„Michael Dudikoff“ trifft hier nicht zu. Christopher Lambert spielt John Brennick.","Lambert kämpft hier ohne Highlander-Unsterblichkeit.","keine","https://en.wikipedia.org/wiki/Fortress_(1992_film)|https://en.wikipedia.org/wiki/Stuart_Gordon","redaktionell_geprueft"
"SF-202609-P02-L-070","K-SF-202609-P02-L-070","","de","Film","Science-Fiction","Fortress – Die Festung","Fortress","1992","Fortress","leicht","Handlung","Dystopie|Gefängnis","Dystopie|Gefängnis","Eine zweite Schwangerschaft verstößt gegen die staatliche Regel.","„Fortress – Die Festung“ (1992): Weshalb gerät das Ehepaar Brennick ins Visier des Regimes?","Wegen einer manipulierten Wahlmaschine","Wegen einer verbotenen zweiten Schwangerschaft","Wegen verbotener Kunstwerke","Wegen eines gestohlenen Raumschiffs","B","Eine zweite Schwangerschaft verstößt gegen die staatliche Regel.","John Brennick (Christopher Lambert) und Karen Brennick (Loryn Locklin) werden durch eine Vorschrift verfolgt, die selbst ihre frühere Verlusterfahrung nicht berücksichtigt. Das macht die staatliche Kontrolle unmittelbar familiär. Der Film muss keine lange Verfassung erklären, um die Härte der Ordnung zu zeigen. Eine konkrete Grenzkontrolle genügt, bei der technische Erfassung und ein starres Verbot über das weitere gemeinsame Leben entscheiden.","„Wegen einer manipulierten Wahlmaschine“ trifft hier nicht zu. Eine zweite Schwangerschaft verstößt gegen die staatliche Regel.","Richtig. Eine zweite Schwangerschaft verstößt gegen die staatliche Regel.","„Wegen verbotener Kunstwerke“ trifft hier nicht zu. Eine zweite Schwangerschaft verstößt gegen die staatliche Regel.","„Wegen eines gestohlenen Raumschiffs“ trifft hier nicht zu. Eine zweite Schwangerschaft verstößt gegen die staatliche Regel.","Die Familienplanung wird zum überwachten Staatsbereich.","Handlung","https://en.wikipedia.org/wiki/Fortress_(1992_film)|https://en.wikipedia.org/wiki/Stuart_Gordon","redaktionell_geprueft"
"SF-202609-P02-M-069","K-SF-202609-P02-M-069","","de","Film","Science-Fiction","Fortress – Die Festung","Fortress","1992","Fortress","mittel","Besetzung","Dystopie|Gefängnis","Dystopie|Gefängnis","Kurtwood Smith spielt Poe.","„Fortress – Die Festung“ (1992): Wer spielt Gefängnisdirektor Poe?","Kurtwood Smith","Lance Henriksen","Michael Ironside","Ronny Cox","A","Kurtwood Smith spielt Poe.","Kurtwood Smith war bereits als Clarence Boddicker in „RoboCop“ ein markanter Gegenspieler. Poe übt seine Macht hier weniger als Straßenkrimineller aus, sondern innerhalb einer technisch organisierten Institution. Seine persönliche Fixierung auf Karen Brennick (Loryn Locklin) verschränkt sich mit dienstlicher Kontrolle. Der Film zeigt dadurch, dass eine scheinbar automatisierte Ordnung nicht frei von privaten Interessen ist, sondern ihnen zusätzliche Durchsetzungsmittel geben kann.","Richtig. Kurtwood Smith spielt Poe.","„Lance Henriksen“ trifft hier nicht zu. Kurtwood Smith spielt Poe.","„Michael Ironside“ trifft hier nicht zu. Kurtwood Smith spielt Poe.","„Ronny Cox“ trifft hier nicht zu. Kurtwood Smith spielt Poe.","Smiths Poe verbindet Amtsmacht und persönliche Begierde.","keine","https://en.wikipedia.org/wiki/Fortress_(1992_film)|https://en.wikipedia.org/wiki/Stuart_Gordon","redaktionell_geprueft"
"SF-202609-P02-M-070","K-SF-202609-P02-M-070","","de","Film","Science-Fiction","Fortress – Die Festung","Fortress","1992","Fortress","mittel","Technik","Dystopie|Gefängnis","Dystopie|Gefängnis","Die Implantate ermöglichen schmerzhafte Bestrafung bis hin zur Tötung.","„Fortress – Die Festung“ (1992): Wozu dienen die implantierten Intestinators?","Zur Übersetzung fremder Sprachen","Zur Bestrafung und Kontrolle der Gefangenen","Zur Herstellung künstlicher Nahrung","Zur unbegrenzten Lebensverlängerung","B","Die Implantate ermöglichen schmerzhafte Bestrafung bis hin zur Tötung.","John Brennick (Christopher Lambert) kann die Gefängnismauern nicht unabhängig von seinem eigenen Körper betrachten. Das Kontrollgerät wird mitgeführt und macht räumliche Flucht allein unzureichend. Diese Konstruktion verschärft das klassische Ausbruchsmotiv: Ein Tunnel oder ein gestohlener Schlüssel löst das Problem nicht vollständig. Erst das Verständnis der implantierten Technik eröffnet eine Möglichkeit, den Kontrollbereich nicht nur äußerlich, sondern tatsächlich zu verlassen.","„Zur Übersetzung fremder Sprachen“ trifft hier nicht zu. Die Implantate ermöglichen schmerzhafte Bestrafung bis hin zur Tötung.","Richtig. Die Implantate ermöglichen schmerzhafte Bestrafung bis hin zur Tötung.","„Zur Herstellung künstlicher Nahrung“ trifft hier nicht zu. Die Implantate ermöglichen schmerzhafte Bestrafung bis hin zur Tötung.","„Zur unbegrenzten Lebensverlängerung“ trifft hier nicht zu. Die Implantate ermöglichen schmerzhafte Bestrafung bis hin zur Tötung.","Die Gefängnisgrenze steckt im Körper.","Handlung","https://en.wikipedia.org/wiki/Fortress_(1992_film)|https://en.wikipedia.org/wiki/Stuart_Gordon","redaktionell_geprueft"
"SF-202609-P02-S-069","K-SF-202609-P02-S-069","","de","Film","Science-Fiction","Fortress – Die Festung","Fortress","1992","Fortress","schwer","Figuren","Dystopie|Gefängnis","Dystopie|Gefängnis","D-Day hilft mit technischem Wissen.","„Fortress – Die Festung“ (1992): Welcher Mitgefangene besitzt wichtiges technisches Wissen für die Flucht?","D-Day","Maddox","Stiggs","Poe","A","D-Day hilft mit technischem Wissen.","D-Day (Jeffrey Combs) kann die Kontrolltechnik untersuchen und für einen anderen Zweck nutzbar machen. Combs ist besonders durch Herbert West in „Re-Animator“ bekannt. In „Fortress“ wird technische Neugier zur gemeinsamen Ressource, nicht zum isolierten Größenwahn eines Forschers. John Brennick (Christopher Lambert) ist auf dieses Wissen angewiesen. Die Fluchtgeschichte verteilt Handlungsfähigkeit damit auf mehrere Personen statt auf körperliche Durchsetzung allein.","Richtig. D-Day hilft mit technischem Wissen.","„Maddox“ trifft hier nicht zu. D-Day hilft mit technischem Wissen.","„Stiggs“ trifft hier nicht zu. D-Day hilft mit technischem Wissen.","„Poe“ trifft hier nicht zu. D-Day hilft mit technischem Wissen.","D-Day macht aus Technikkenntnis eine Fluchtchance.","Handlung","https://en.wikipedia.org/wiki/Fortress_(1992_film)|https://en.wikipedia.org/wiki/Stuart_Gordon","redaktionell_geprueft"
"SF-202609-P02-S-070","K-SF-202609-P02-S-070","","de","Film","Science-Fiction","Fortress – Die Festung","Fortress","1992","Fortress","schwer","Weltwissen","Dystopie|Gefängnis","Dystopie|Gefängnis","Das Gefängnis wird von Men-Tel betrieben.","„Fortress – Die Festung“ (1992): Welcher Konzern betreibt die Fortress?","Omni Consumer Products","Men-Tel","Weyland-Yutani","Cyberdyne Systems","B","Das Gefängnis wird von Men-Tel betrieben.","Men-Tel verbindet Freiheitsentzug, Arbeit und technische Kontrolle zu einem wirtschaftlichen System. John Brennick (Christopher Lambert) begegnet daher nicht nur einzelnen Wärtern, sondern einer Organisation, die aus den Gefangenen Nutzen zieht. Die automatisierten Entscheidungen haben keinen neutralen Zweck außerhalb dieser Struktur. Der Film greift so ein dystopisches Motiv auf, bei dem staatliche Gewalt und Unternehmensinteressen für die Betroffenen praktisch kaum noch auseinanderzuhalten sind.","„Omni Consumer Products“ trifft hier nicht zu. Das Gefängnis wird von Men-Tel betrieben.","Richtig. Das Gefängnis wird von Men-Tel betrieben.","„Weyland-Yutani“ trifft hier nicht zu. Das Gefängnis wird von Men-Tel betrieben.","„Cyberdyne Systems“ trifft hier nicht zu. Das Gefängnis wird von Men-Tel betrieben.","Men-Tel macht Gefangenschaft zum Unternehmensbetrieb.","Handlung","https://en.wikipedia.org/wiki/Fortress_(1992_film)|https://en.wikipedia.org/wiki/Stuart_Gordon","redaktionell_geprueft"
"SF-202609-P02-L-071","K-SF-202609-P02-L-071","","de","Film","Science-Fiction","Demolition Man","Demolition Man","1993","","leicht","Besetzung","Dystopie|Satire","Dystopie|Satire","Sylvester Stallone spielt John Spartan.","„Demolition Man“ (1993): Wer spielt John Spartan?","Arnold Schwarzenegger","Bruce Willis","Sylvester Stallone","Jean-Claude Van Damme","C","Sylvester Stallone spielt John Spartan.","Sylvester Stallones bekannteste Rollen Rocky Balboa und John Rambo stehen für sehr unterschiedliche Formen körperlichen Durchhaltewillens. John Spartan spielt zusätzlich mit dem vertrauten Actionimage des Darstellers. Seine Methoden wirken in der Zukunft sowohl nützlich als auch anstößig. Die Komik entsteht deshalb nicht nur aus einer fremden Umgebung, sondern aus dem Zusammentreffen eines bekannten Heldentyps mit einer Gesellschaft, die dessen Verhaltensweisen nicht mehr beherrscht.","„Arnold Schwarzenegger“ trifft hier nicht zu. Sylvester Stallone spielt John Spartan.","„Bruce Willis“ trifft hier nicht zu. Sylvester Stallone spielt John Spartan.","Richtig. Sylvester Stallone spielt John Spartan.","„Jean-Claude Van Damme“ trifft hier nicht zu. Sylvester Stallone spielt John Spartan.","Stallones Actionimage trifft eine entwaffnete Zukunft.","keine","https://en.wikipedia.org/wiki/Demolition_Man_(film)|https://en.wikipedia.org/wiki/Marco_Brambilla","redaktionell_geprueft"
"SF-202609-P02-L-072","K-SF-202609-P02-L-072","","de","Film","Science-Fiction","Demolition Man","Demolition Man","1993","","leicht","Besetzung","Dystopie|Satire","Dystopie|Satire","Wesley Snipes spielt Simon Phoenix.","„Demolition Man“ (1993): Wer spielt den Verbrecher Simon Phoenix?","Cuba Gooding Jr.","Carl Weathers","Michael Jai White","Wesley Snipes","D","Wesley Snipes spielt Simon Phoenix.","Wesley Snipes gibt Simon Phoenix eine demonstrative Lust an Bewegung, Provokation und Chaos. Bekannt wurde Snipes auch durch „White Men Can’t Jump“ und später die „Blade“-Filme. Hier stehen seine schnellen Reaktionen und sein Spott im Gegensatz zur ratlosen Höflichkeit der Zukunftspolizei. Die Figur wirkt nicht allein durch Gewalt bedrohlich, sondern auch dadurch, dass sie die Regeln der Umgebung sofort als ausnutzbare Schwächen erkennt.","„Cuba Gooding Jr.“ trifft hier nicht zu. Wesley Snipes spielt Simon Phoenix.","„Carl Weathers“ trifft hier nicht zu. Wesley Snipes spielt Simon Phoenix.","„Michael Jai White“ trifft hier nicht zu. Wesley Snipes spielt Simon Phoenix.","Richtig. Wesley Snipes spielt Simon Phoenix.","Phoenix erkennt die Schwächen höflicher Routine.","keine","https://en.wikipedia.org/wiki/Demolition_Man_(film)|https://en.wikipedia.org/wiki/Marco_Brambilla","redaktionell_geprueft"
"SF-202609-P02-M-071","K-SF-202609-P02-M-071","","de","Film","Science-Fiction","Demolition Man","Demolition Man","1993","","mittel","Technik","Dystopie|Satire","Dystopie|Satire","Beide werden während ihrer Haft kryogenisch eingefroren.","„Demolition Man“ (1993): Wie verbringen Spartan und Phoenix ihre Haftzeit?","In virtuellen Ferienwelten","In beschleunigter Alterung","Kryogenisch eingefroren","Auf einem Gefängnismond","C","Beide werden während ihrer Haft kryogenisch eingefroren.","John Spartan (Sylvester Stallone) und Simon Phoenix (Wesley Snipes) erleben den gesellschaftlichen Wandel nicht als allmählichen Prozess. Sie werden aus ihrer Zeit herausgenommen und in eine veränderte Ordnung eingesetzt. Die Hafttechnik liefert damit zugleich die Zeitreise des Films. Zusätzlich erhalten die Insassen im Schlaf Programme, deren Inhalte später praktisch wirksam werden. Bestrafung und Verhaltensgestaltung greifen unmittelbar ineinander.","„In virtuellen Ferienwelten“ trifft hier nicht zu. Beide werden während ihrer Haft kryogenisch eingefroren.","„In beschleunigter Alterung“ trifft hier nicht zu. Beide werden während ihrer Haft kryogenisch eingefroren.","Richtig. Beide werden während ihrer Haft kryogenisch eingefroren.","„Auf einem Gefängnismond“ trifft hier nicht zu. Beide werden während ihrer Haft kryogenisch eingefroren.","Kryohaft überspringt Jahrzehnte und programmiert Fähigkeiten.","Handlung","https://en.wikipedia.org/wiki/Demolition_Man_(film)|https://en.wikipedia.org/wiki/Marco_Brambilla","redaktionell_geprueft"
"SF-202609-P02-M-072","K-SF-202609-P02-M-072","","de","Film","Science-Fiction","Demolition Man","Demolition Man","1993","","mittel","Figuren","Dystopie|Satire","Dystopie|Satire","Sandra Bullock spielt Lenina Huxley.","„Demolition Man“ (1993): Wer spielt die Polizistin Lenina Huxley?","Marisa Tomei","Bridget Fonda","Meg Ryan","Sandra Bullock","D","Sandra Bullock spielt Lenina Huxley.","Sandra Bullock gestaltet Lenina Huxleys Interesse am zwanzigsten Jahrhundert mit aufrichtiger Begeisterung und komischen sprachlichen Fehlgriffen. Kurz darauf wurde sie durch „Speed“ einem noch größeren Publikum bekannt. Huxley ist hier jedoch nicht bloß eine Erklärfigur für die Zukunft. Ihre Neugier auf John Spartans Welt gibt ihr einen eigenen Antrieb und lässt die vermeintlich veraltete Vergangenheit als reizvolles, aber unvollständig verstandenes Wissensgebiet erscheinen.","„Marisa Tomei“ trifft hier nicht zu. Sandra Bullock spielt Lenina Huxley.","„Bridget Fonda“ trifft hier nicht zu. Sandra Bullock spielt Lenina Huxley.","„Meg Ryan“ trifft hier nicht zu. Sandra Bullock spielt Lenina Huxley.","Richtig. Sandra Bullock spielt Lenina Huxley.","Bullocks Huxley sammelt Vergangenheit mit Begeisterung.","keine","https://en.wikipedia.org/wiki/Demolition_Man_(film)|https://en.wikipedia.org/wiki/Marco_Brambilla","redaktionell_geprueft"
"SF-202609-P02-S-071","K-SF-202609-P02-S-071","","de","Film","Science-Fiction","Demolition Man","Demolition Man","1993","","schwer","Handlungsdetail","Dystopie|Satire","Dystopie|Satire","Spartan hat während der Kryohaft Stricken gelernt.","„Demolition Man“ (1993): Welche unerwartete Fähigkeit wurde Spartan während der Haft vermittelt?","Schachblindspiel","Bauchreden","Stricken","Operngesang","C","Spartan hat während der Kryohaft Stricken gelernt.","John Spartan (Sylvester Stallone) entdeckt an sich eine Fertigkeit, die nicht zu seinem bisherigen Selbstbild passt. Der Witz funktioniert über den bekannten Actionkörper, der plötzlich ein häusliches Handwerk ausübt. Zugleich macht die Szene die Reichweite des Haftprogramms konkret. Die Institution verwaltet nicht nur die Zeit des Gefangenen, sondern verändert Fähigkeiten, ohne dass er den Lernvorgang bewusst mitgestaltet oder ihm im einzelnen Moment zugestimmt hat.","„Schachblindspiel“ trifft hier nicht zu. Spartan hat während der Kryohaft Stricken gelernt.","„Bauchreden“ trifft hier nicht zu. Spartan hat während der Kryohaft Stricken gelernt.","Richtig. Spartan hat während der Kryohaft Stricken gelernt.","„Operngesang“ trifft hier nicht zu. Spartan hat während der Kryohaft Stricken gelernt.","Der harte Polizist kann plötzlich stricken.","Handlung","https://en.wikipedia.org/wiki/Demolition_Man_(film)|https://en.wikipedia.org/wiki/Marco_Brambilla","redaktionell_geprueft"
"SF-202609-P02-S-072","K-SF-202609-P02-S-072","","de","Film","Science-Fiction","Demolition Man","Demolition Man","1993","","schwer","Handlungsdetail","Dystopie|Satire","Dystopie|Satire","Auf der Toilette befinden sich drei Muscheln.","„Demolition Man“ (1993): Welche rätselhafte Einrichtung findet Spartan auf der Toilette?","Vier Kristallstäbe","Zwei Metallkugeln","Fünf Papierkarten","Drei Muscheln","D","Auf der Toilette befinden sich drei Muscheln.","John Spartan (Sylvester Stallone) scheitert an einer alltäglichen Einrichtung, die für Lenina Huxley (Sandra Bullock) selbstverständlich ist. Der Film erklärt ihre Bedienung gerade nicht vollständig. Dadurch bleibt der Witz bei seiner Fremdheitserfahrung: Eine Gesellschaft kann hochentwickelt erscheinen und ihre einfachsten Routinen dennoch schwer vermittelbar machen. Die absichtliche Leerstelle ist Teil der Szene, keine übersehene technische Erklärung, die das Publikum auswendig kennen müsste.","„Vier Kristallstäbe“ trifft hier nicht zu. Auf der Toilette befinden sich drei Muscheln.","„Zwei Metallkugeln“ trifft hier nicht zu. Auf der Toilette befinden sich drei Muscheln.","„Fünf Papierkarten“ trifft hier nicht zu. Auf der Toilette befinden sich drei Muscheln.","Richtig. Auf der Toilette befinden sich drei Muscheln.","Drei Muscheln bleiben ein bewusst offener Alltagswitz.","Handlung","https://en.wikipedia.org/wiki/Demolition_Man_(film)|https://en.wikipedia.org/wiki/Marco_Brambilla","redaktionell_geprueft"
"SF-202609-P02-L-073","K-SF-202609-P02-L-073","","de","Film","Science-Fiction","Timecop","Timecop","1994","Timecop","leicht","Besetzung","Zeitreise|Action","Zeitreise|Action","Jean-Claude Van Damme spielt Max Walker.","„Timecop“ (1994): Wer spielt den Zeitpolizisten Max Walker?","Jean-Claude Van Damme","Dolph Lundgren","Christopher Lambert","Steven Seagal","A","Jean-Claude Van Damme spielt Max Walker.","Jean-Claude Van Damme verbindet Max Walkers Ermittlungen mit der Beweglichkeit, die bereits „Bloodsport“ und „Kickboxer“ geprägt hatte. Die Rolle ergänzt das Kampfkino um eine Zeitreisegeschichte und einen persönlichen Verlust. Dadurch können körperliche Konfrontationen an unterschiedlichen Zeitpunkten stattfinden, während die emotionale Aufgabe bestehen bleibt. Walker verfolgt nicht nur einen Täter, sondern muss mit dem Wissen umgehen, dass die eigene Vergangenheit veränderbar sein könnte.","Richtig. Jean-Claude Van Damme spielt Max Walker.","„Dolph Lundgren“ trifft hier nicht zu. Jean-Claude Van Damme spielt Max Walker.","„Christopher Lambert“ trifft hier nicht zu. Jean-Claude Van Damme spielt Max Walker.","„Steven Seagal“ trifft hier nicht zu. Jean-Claude Van Damme spielt Max Walker.","Van Dammes Beweglichkeit trifft auf veränderbare Vergangenheit.","keine","https://en.wikipedia.org/wiki/Timecop|https://en.wikipedia.org/wiki/Peter_Hyams","redaktionell_geprueft"
"SF-202609-P02-L-074","K-SF-202609-P02-L-074","","de","Film","Science-Fiction","Timecop","Timecop","1994","Timecop","leicht","Weltwissen","Zeitreise|Action","Zeitreise|Action","Die TEC verfolgt den Missbrauch von Zeitreisen.","„Timecop“ (1994): Was soll die Time Enforcement Commission verhindern?","Private Raumflüge zum Mond","Kriminelle Veränderungen der Vergangenheit","Den Handel mit Robotern","Unerlaubte Traumaufzeichnungen","B","Die TEC verfolgt den Missbrauch von Zeitreisen.","Max Walker (Jean-Claude Van Damme) arbeitet für eine Behörde, deren Gegenstand nicht nur ein räumlicher Tatort ist. Eine Handlung kann ihren Beweis durch Veränderung der Vergangenheit selbst beseitigen. Der Film erweitert deshalb gewöhnliche Ermittlungsprobleme um einen besonderen Machtvorteil des Täters. Wer zeitlich eingreifen kann, manipuliert nicht bloß Erinnerungen oder Akten, sondern die Bedingungen, unter denen diese überhaupt entstanden sind.","„Private Raumflüge zum Mond“ trifft hier nicht zu. Die TEC verfolgt den Missbrauch von Zeitreisen.","Richtig. Die TEC verfolgt den Missbrauch von Zeitreisen.","„Den Handel mit Robotern“ trifft hier nicht zu. Die TEC verfolgt den Missbrauch von Zeitreisen.","„Unerlaubte Traumaufzeichnungen“ trifft hier nicht zu. Die TEC verfolgt den Missbrauch von Zeitreisen.","Zeitverbrechen können ihre eigene Beweislage verändern.","Handlung","https://en.wikipedia.org/wiki/Timecop|https://en.wikipedia.org/wiki/Peter_Hyams","redaktionell_geprueft"
"SF-202609-P02-M-073","K-SF-202609-P02-M-073","","de","Film","Science-Fiction","Timecop","Timecop","1994","Timecop","mittel","Figuren","Zeitreise|Action","Zeitreise|Action","Ron Silver spielt Aaron McComb.","„Timecop“ (1994): Wer spielt Senator Aaron McComb?","Ron Silver","William Sadler","Ronny Cox","Powers Boothe","A","Ron Silver spielt Aaron McComb.","Ron Silver gestaltet Aaron McComb als Politiker, der zukünftiges Wissen in gegenwärtige Macht verwandeln möchte. Silver ist auch aus „Die Affäre der Sunny von B.“ bekannt. Die Rolle in „Timecop“ verbindet öffentliche Autorität mit einem sehr privaten Zugriff auf Geschichte. Seine Position soll eigentlich Kontrolle ermöglichen, verschafft ihm aber zugleich Kenntnis der Möglichkeiten, die er für die eigene Karriere missbrauchen kann.","Richtig. Ron Silver spielt Aaron McComb.","„William Sadler“ trifft hier nicht zu. Ron Silver spielt Aaron McComb.","„Ronny Cox“ trifft hier nicht zu. Ron Silver spielt Aaron McComb.","„Powers Boothe“ trifft hier nicht zu. Ron Silver spielt Aaron McComb.","McComb nutzt Aufsicht als Zugang zum Missbrauch.","keine","https://en.wikipedia.org/wiki/Timecop|https://en.wikipedia.org/wiki/Peter_Hyams","redaktionell_geprueft"
"SF-202609-P02-M-074","K-SF-202609-P02-M-074","","de","Film","Science-Fiction","Timecop","Timecop","1994","Timecop","mittel","Zeitregeln","Zeitreise|Action","Zeitreise|Action","Zwei zeitliche Versionen derselben Person dürfen einander nicht körperlich berühren.","„Timecop“ (1994): Welche Begegnung ist nach der Filmregel besonders gefährlich?","Ein Gespräch mit den eigenen Eltern","Körperkontakt zweier Versionen derselben Person","Augenkontakt zweier fremder Personen","Ein Foto aus einem anderen Jahr","B","Zwei zeitliche Versionen derselben Person dürfen einander nicht körperlich berühren.","Die Regel macht aus der Begegnung mit dem eigenen jüngeren Selbst eine konkrete körperliche Gefahr. Max Walker (Jean-Claude Van Damme) muss deshalb Positionen und Berührungen beachten, nicht nur die Reihenfolge von Ereignissen. Solche Regeln gehören zur erfundenen Zeitmechanik eines Films. Ihre Funktion ist vor allem dramaturgisch: Sie schaffen nachvollziehbare Grenzen, die später in einer Handlungssituation bewusst genutzt oder verletzt werden können.","„Ein Gespräch mit den eigenen Eltern“ trifft hier nicht zu. Zwei zeitliche Versionen derselben Person dürfen einander nicht körperlich berühren.","Richtig. Zwei zeitliche Versionen derselben Person dürfen einander nicht körperlich berühren.","„Augenkontakt zweier fremder Personen“ trifft hier nicht zu. Zwei zeitliche Versionen derselben Person dürfen einander nicht körperlich berühren.","„Ein Foto aus einem anderen Jahr“ trifft hier nicht zu. Zwei zeitliche Versionen derselben Person dürfen einander nicht körperlich berühren.","Gleiche Person, verschiedene Zeiten: Abstand halten.","Handlung","https://en.wikipedia.org/wiki/Timecop|https://en.wikipedia.org/wiki/Peter_Hyams","redaktionell_geprueft"
"SF-202609-P02-S-073","K-SF-202609-P02-S-073","","de","Film","Science-Fiction","Timecop","Timecop","1994","Timecop","schwer","Handlungsdetail","Zeitreise|Action","Zeitreise|Action","Der frühere Partner nutzt Vorwissen über den Börsenkrach von 1929.","„Timecop“ (1994): Welches historische Ereignis nutzt Walkers früherer Partner für Börsengewinne?","Den Börsenkrach von 1929","Die Tulpenkrise von 1637","Den Goldrausch von 1848","Die Ölkrise von 1973","A","Der frühere Partner nutzt Vorwissen über den Börsenkrach von 1929.","Max Walker (Jean-Claude Van Damme) trifft auf einen Täter, dessen Vorteil nicht in besserer Analyse liegt, sondern im bereits bekannten Verlauf der Geschichte. Das Beispiel macht Zeitmissbrauch ohne komplizierte Theorie verständlich. Ein unsicheres Ereignis wird für den Reisenden zur sicheren Information. Der Film behandelt diesen Wissensvorsprung als Eingriff in ein System, dessen übrige Beteiligte weiterhin unter gewöhnlicher Ungewissheit handeln müssen.","Richtig. Der frühere Partner nutzt Vorwissen über den Börsenkrach von 1929.","„Die Tulpenkrise von 1637“ trifft hier nicht zu. Der frühere Partner nutzt Vorwissen über den Börsenkrach von 1929.","„Den Goldrausch von 1848“ trifft hier nicht zu. Der frühere Partner nutzt Vorwissen über den Börsenkrach von 1929.","„Die Ölkrise von 1973“ trifft hier nicht zu. Der frühere Partner nutzt Vorwissen über den Börsenkrach von 1929.","Zukunftswissen macht den Börsenkrach kalkulierbar.","Handlung","https://en.wikipedia.org/wiki/Timecop|https://en.wikipedia.org/wiki/Peter_Hyams","redaktionell_geprueft"
"SF-202609-P02-S-074","K-SF-202609-P02-S-074","","de","Film","Science-Fiction","Timecop","Timecop","1994","Timecop","schwer","Figuren","Zeitreise|Action","Zeitreise|Action","Walkers Ehefrau heißt Melissa.","„Timecop“ (1994): Wie heißt Walkers Ehefrau?","Sarah","Melissa","Monica","Karen","B","Walkers Ehefrau heißt Melissa.","Melissa Walker (Mia Sara) ist für Max Walker (Jean-Claude Van Damme) nicht lediglich ein Name in einer Ermittlungsakte. Die Erinnerung an sie verbindet seine Arbeit mit einem Verlust, der durch die Zeittechnik plötzlich anders denkbar wird. Mia Sara ist außerdem als Sloane aus „Ferris macht blau“ bekannt. Hier trägt ihre Figur den persönlichen Einsatz einer Geschichte, deren äußere Handlung von politischer Macht und technischer Kontrolle bestimmt wird.","„Sarah“ trifft hier nicht zu. Walkers Ehefrau heißt Melissa.","Richtig. Walkers Ehefrau heißt Melissa.","„Monica“ trifft hier nicht zu. Walkers Ehefrau heißt Melissa.","„Karen“ trifft hier nicht zu. Walkers Ehefrau heißt Melissa.","Melissa verbindet Zeitregeln mit Walkers persönlicher Geschichte.","Handlung","https://en.wikipedia.org/wiki/Timecop|https://en.wikipedia.org/wiki/Peter_Hyams","redaktionell_geprueft"
"SF-202609-P02-L-075","K-SF-202609-P02-L-075","","de","Film","Science-Fiction","Strange Days","Strange Days","1995","","leicht","Besetzung","Erinnerung|Medien","Erinnerung|Medien","Ralph Fiennes spielt Lenny Nero.","„Strange Days“ (1995): Wer spielt den Händler Lenny Nero?","Joseph Fiennes","Tim Roth","Ralph Fiennes","Gary Oldman","C","Ralph Fiennes spielt Lenny Nero.","Ralph Fiennes war kurz zuvor mit „Schindlers Liste“ international bekannt geworden. Lenny Nero ist dagegen ein rastloser, wortgewandter Verkäufer fremder Erfahrungen, der seiner eigenen Vergangenheit nicht entkommt. Fiennes verbindet schillerndes Auftreten mit sichtbarer Erschöpfung. Die Figur lebt davon, anderen Intensität zu versprechen, während ihre privaten Wiederholungen kaum neue Erfahrung zulassen. Seine Verkaufsenergie und seine emotionale Abhängigkeit stehen ständig nebeneinander.","„Joseph Fiennes“ trifft hier nicht zu. Ralph Fiennes spielt Lenny Nero.","„Tim Roth“ trifft hier nicht zu. Ralph Fiennes spielt Lenny Nero.","Richtig. Ralph Fiennes spielt Lenny Nero.","„Gary Oldman“ trifft hier nicht zu. Ralph Fiennes spielt Lenny Nero.","Fiennes verkauft Erlebnisse und steckt selbst in Erinnerungen fest.","keine","https://en.wikipedia.org/wiki/Strange_Days_(film)|https://en.wikipedia.org/wiki/Kathryn_Bigelow","redaktionell_geprueft"
"SF-202609-P02-L-076","K-SF-202609-P02-L-076","","de","Film","Science-Fiction","Strange Days","Strange Days","1995","","leicht","Technik","Erinnerung|Medien","Erinnerung|Medien","SQUID zeichnet subjektive Wahrnehmungen und Empfindungen auf.","„Strange Days“ (1995): Was können SQUID-Aufzeichnungen wiedergeben?","Ausschließlich gewöhnliche Tonaufnahmen","Nur berechnete Wettermodelle","Alle zukünftigen Entscheidungen eines Menschen","Sinneseindrücke und Erlebnisse einer anderen Person","D","SQUID zeichnet subjektive Wahrnehmungen und Empfindungen auf.","Lenny Nero (Ralph Fiennes) handelt nicht einfach mit Filmen über fremde Menschen. Seine Kunden sollen die Perspektive eines anderen unmittelbar erleben. Das verändert die Fragen nach Einwilligung, Voyeurismus und der Verwertung von Erfahrung. Die Technik erscheint zugleich als Unterhaltung, Suchtmittel und mögliches Beweisinstrument. Der Film hält diese Nutzungen zusammen, statt das Gerät nur als eindeutig gutes oder schlechtes Wunderwerk einzuführen.","„Ausschließlich gewöhnliche Tonaufnahmen“ trifft hier nicht zu. SQUID zeichnet subjektive Wahrnehmungen und Empfindungen auf.","„Nur berechnete Wettermodelle“ trifft hier nicht zu. SQUID zeichnet subjektive Wahrnehmungen und Empfindungen auf.","„Alle zukünftigen Entscheidungen eines Menschen“ trifft hier nicht zu. SQUID zeichnet subjektive Wahrnehmungen und Empfindungen auf.","Richtig. SQUID zeichnet subjektive Wahrnehmungen und Empfindungen auf.","SQUID verkauft eine fremde Innenperspektive.","Handlung","https://en.wikipedia.org/wiki/Strange_Days_(film)|https://en.wikipedia.org/wiki/Kathryn_Bigelow","redaktionell_geprueft"
"SF-202609-P02-M-075","K-SF-202609-P02-M-075","","de","Film","Science-Fiction","Strange Days","Strange Days","1995","","mittel","Besetzung","Erinnerung|Medien","Erinnerung|Medien","Angela Bassett spielt Mace Mason.","„Strange Days“ (1995): Wer spielt Lornette „Mace“ Mason?","Halle Berry","Pam Grier","Angela Bassett","Queen Latifah","C","Angela Bassett spielt Mace Mason.","Angela Bassett hatte in „Tina – What’s Love Got to Do with It?“ bereits eine intensive körperliche und emotionale Hauptrolle gespielt. Mace Mason verbindet in „Strange Days“ praktische Durchsetzungsfähigkeit mit einer klaren Haltung zu Verantwortung. Gegenüber Lenny Nero (Ralph Fiennes) ist sie keine bloße Begleitung. Sie erkennt häufig genauer, wann seine Beschäftigung mit Aufzeichnungen den Blick auf das gegenwärtige Geschehen verstellt.","„Halle Berry“ trifft hier nicht zu. Angela Bassett spielt Mace Mason.","„Pam Grier“ trifft hier nicht zu. Angela Bassett spielt Mace Mason.","Richtig. Angela Bassett spielt Mace Mason.","„Queen Latifah“ trifft hier nicht zu. Angela Bassett spielt Mace Mason.","Bassett gibt Mace praktische Stärke und moralische Klarheit.","keine","https://en.wikipedia.org/wiki/Strange_Days_(film)|https://en.wikipedia.org/wiki/Kathryn_Bigelow","redaktionell_geprueft"
"SF-202609-P02-M-076","K-SF-202609-P02-M-076","","de","Film","Science-Fiction","Strange Days","Strange Days","1995","","mittel","Schauplatz","Erinnerung|Medien","Erinnerung|Medien","Die Handlung kulminiert am Jahreswechsel 1999/2000.","„Strange Days“ (1995): Vor welchem großen Kalenderwechsel spielt der Film?","Vor dem Jahreswechsel 2029/2030","Vor dem Jahreswechsel 2009/2010","Vor dem Jahreswechsel 1989/1990","Vor dem Jahreswechsel 1999/2000","D","Die Handlung kulminiert am Jahreswechsel 1999/2000.","Die bevorstehende Feier verspricht einen Neubeginn, während sich Gewalt und ungelöste Konflikte in Los Angeles zuspitzen. Lenny Nero (Ralph Fiennes) lebt gleichzeitig in wiederholbaren privaten Erinnerungen. So stehen öffentliche Zukunftserwartung und persönlicher Stillstand nebeneinander. Der Kalenderwechsel besitzt eine klare Uhrzeit, doch er beseitigt keine sozialen Probleme automatisch. Die große Menschenmenge wird zum Schauplatz, an dem private Entscheidungen plötzlich öffentliche Bedeutung erhalten.","„Vor dem Jahreswechsel 2029/2030“ trifft hier nicht zu. Die Handlung kulminiert am Jahreswechsel 1999/2000.","„Vor dem Jahreswechsel 2009/2010“ trifft hier nicht zu. Die Handlung kulminiert am Jahreswechsel 1999/2000.","„Vor dem Jahreswechsel 1989/1990“ trifft hier nicht zu. Die Handlung kulminiert am Jahreswechsel 1999/2000.","Richtig. Die Handlung kulminiert am Jahreswechsel 1999/2000.","Ein neues Datum garantiert keinen Neubeginn.","Handlung","https://en.wikipedia.org/wiki/Strange_Days_(film)|https://en.wikipedia.org/wiki/Kathryn_Bigelow","redaktionell_geprueft"
"SF-202609-P02-S-075","K-SF-202609-P02-S-075","","de","Film","Science-Fiction","Strange Days","Strange Days","1995","","schwer","Handlungsdetail","Erinnerung|Medien","Erinnerung|Medien","Die Aufnahme dokumentiert die Tötung von Jeriko One durch Polizisten.","„Strange Days“ (1995): Welche Tat dokumentiert die politisch brisante Aufnahme?","Eine gefälschte Mondlandung","Den Diebstahl eines Raumfahrzeugs","Die Tötung von Jeriko One durch Polizisten","Die Erfindung des SQUID-Geräts","C","Die Aufnahme dokumentiert die Tötung von Jeriko One durch Polizisten.","Jeriko One (Glenn Plummer) ist eine öffentliche Stimme, deren Tod bereits Spannungen auslöst. Die Aufnahme verändert für Mace Mason (Angela Bassett) und Lenny Nero (Ralph Fiennes) die Verantwortung im Umgang mit dem Material. Was auf demselben technischen Format als Ware zirkuliert, kann hier Gewalt belegen. Der Film fragt damit auch, wer einen Beweis sieht, wem geglaubt wird und welche Veröffentlichung tatsächlich Schutz schaffen kann.","„Eine gefälschte Mondlandung“ trifft hier nicht zu. Die Aufnahme dokumentiert die Tötung von Jeriko One durch Polizisten.","„Den Diebstahl eines Raumfahrzeugs“ trifft hier nicht zu. Die Aufnahme dokumentiert die Tötung von Jeriko One durch Polizisten.","Richtig. Die Aufnahme dokumentiert die Tötung von Jeriko One durch Polizisten.","„Die Erfindung des SQUID-Geräts“ trifft hier nicht zu. Die Aufnahme dokumentiert die Tötung von Jeriko One durch Polizisten.","Dieselbe Technik kann Unterhaltung oder Beweis liefern.","Auflösung","https://en.wikipedia.org/wiki/Strange_Days_(film)|https://en.wikipedia.org/wiki/Kathryn_Bigelow","redaktionell_geprueft"
"SF-202609-P02-S-076","K-SF-202609-P02-S-076","","de","Film","Science-Fiction","Strange Days","Strange Days","1995","","schwer","Filmsprache","Erinnerung|Medien","Erinnerung|Medien","Die Aufzeichnungen werden als subjektive Kamerabilder vermittelt.","„Strange Days“ (1995): Wie werden viele SQUID-Erlebnisse visuell vermittelt?","Durch ausschließlich schriftliche Protokolle","Durch Draufsichten aus dem Weltraum","Durch unbewegte Landkarten","Durch subjektive Kamera aus der Ich-Perspektive","D","Die Aufzeichnungen werden als subjektive Kamerabilder vermittelt.","Die Kamera bindet das Publikum unmittelbar an den Blick einer aufzeichnenden Person. Dadurch kann das Bild körperlich mitreißend und zugleich moralisch unangenehm werden. Lenny Nero (Ralph Fiennes) konsumiert solche Aufnahmen, doch die Inszenierung lässt auch die Zuschauer ihre eigene Position bemerken. Nähe zu einer Perspektive bedeutet nicht, dass deren Handlung gutgeheißen werden muss. Gerade diese Trennung gehört zur Wirkung der subjektiven Sequenzen.","„Durch ausschließlich schriftliche Protokolle“ trifft hier nicht zu. Die Aufzeichnungen werden als subjektive Kamerabilder vermittelt.","„Durch Draufsichten aus dem Weltraum“ trifft hier nicht zu. Die Aufzeichnungen werden als subjektive Kamerabilder vermittelt.","„Durch unbewegte Landkarten“ trifft hier nicht zu. Die Aufzeichnungen werden als subjektive Kamerabilder vermittelt.","Richtig. Die Aufzeichnungen werden als subjektive Kamerabilder vermittelt.","Ein fremder Blick ist keine automatische Zustimmung.","keine","https://en.wikipedia.org/wiki/Strange_Days_(film)|https://en.wikipedia.org/wiki/Kathryn_Bigelow","redaktionell_geprueft"
"SF-202609-P02-L-077","K-SF-202609-P02-L-077","","de","Film","Science-Fiction","John Carter – Zwischen zwei Welten","John Carter","2012","","leicht","Schauplatz","Mars|Abenteuer","Mars|Abenteuer","Barsoom ist der Mars.","„John Carter – Zwischen zwei Welten“ (2012): Welchen Planeten nennt die Bevölkerung Barsoom?","Mars","Jupiter","Merkur","Venus","A","Barsoom ist der Mars.","John Carter (Taylor Kitsch) gelangt nicht auf einen naturwissenschaftlich realistisch dargestellten Mars, sondern in eine abenteuerliche Fantasiewelt mit eigenen Kulturen und Konflikten. Die Bezeichnung Barsoom markiert, dass seine irdische Benennung nur eine Außenperspektive ist. Dejah Thoris (Lynn Collins) kennt denselben Ort als Heimat mit Geschichte. Das ermöglicht einen Wechsel vom fremden Reiseziel zu einer Welt, deren Bewohner eigene Interessen besitzen.","Richtig. Barsoom ist der Mars.","„Jupiter“ trifft hier nicht zu. Barsoom ist der Mars.","„Merkur“ trifft hier nicht zu. Barsoom ist der Mars.","„Venus“ trifft hier nicht zu. Barsoom ist der Mars.","Mars von außen, Barsoom von innen.","Handlung","https://en.wikipedia.org/wiki/John_Carter_(film)|https://en.wikipedia.org/wiki/Andrew_Stanton","redaktionell_geprueft"
"SF-202609-P02-L-078","K-SF-202609-P02-L-078","","de","Film","Science-Fiction","John Carter – Zwischen zwei Welten","John Carter","2012","","leicht","Besetzung","Mars|Abenteuer","Mars|Abenteuer","Taylor Kitsch spielt John Carter.","„John Carter – Zwischen zwei Welten“ (2012): Wer spielt John Carter?","Sam Worthington","Taylor Kitsch","Charlie Hunnam","Garrett Hedlund","B","Taylor Kitsch spielt John Carter.","Taylor Kitsch war unter anderem als Tim Riggins in „Friday Night Lights“ bekannt und spielte ebenfalls in „Battleship“. John Carter verbindet körperliche Abenteuerpräsenz mit einem Mann, der zunächst nicht erneut in einen Krieg hineingezogen werden möchte. Der Film muss seinen ungewöhnlichen Fähigkeiten deshalb eine persönliche Entwicklung zur Seite stellen. Größere Sprungkraft allein beantwortet nicht, für wen er diese Fähigkeiten einsetzen will.","„Sam Worthington“ trifft hier nicht zu. Taylor Kitsch spielt John Carter.","Richtig. Taylor Kitsch spielt John Carter.","„Charlie Hunnam“ trifft hier nicht zu. Taylor Kitsch spielt John Carter.","„Garrett Hedlund“ trifft hier nicht zu. Taylor Kitsch spielt John Carter.","Kitschs Carter besitzt Kraft, bevor er ein Ziel findet.","keine","https://en.wikipedia.org/wiki/John_Carter_(film)|https://en.wikipedia.org/wiki/Andrew_Stanton","redaktionell_geprueft"
"SF-202609-P02-M-077","K-SF-202609-P02-M-077","","de","Film","Science-Fiction","John Carter – Zwischen zwei Welten","John Carter","2012","","mittel","Weltwissen","Mars|Abenteuer","Mars|Abenteuer","Die geringere Schwerkraft ermöglicht Carter große Sprünge.","„John Carter – Zwischen zwei Welten“ (2012): Welche Fähigkeit gewinnt Carter durch die geringere Schwerkraft besonders sichtbar?","Außergewöhnlich weite Sprünge","Unbegrenzte Telepathie","Vollständige Unsichtbarkeit","Kontrolle über das Wetter","A","Die geringere Schwerkraft ermöglicht Carter große Sprünge.","John Carter (Taylor Kitsch) muss seine Bewegung zunächst neu abstimmen. Die frühen Versuche machen die veränderte Umgebung komisch und körperlich verständlich, bevor daraus ein Vorteil im Kampf wird. Die Filmwelt verwendet Schwerkraft damit als einfache Abenteuerregel. Entscheidend ist nicht eine vollständige physikalische Simulation, sondern die konsequente Sichtbarkeit einer Eigenschaft, die den Neuankömmling für die Bewohner überraschend und strategisch interessant macht.","Richtig. Die geringere Schwerkraft ermöglicht Carter große Sprünge.","„Unbegrenzte Telepathie“ trifft hier nicht zu. Die geringere Schwerkraft ermöglicht Carter große Sprünge.","„Vollständige Unsichtbarkeit“ trifft hier nicht zu. Die geringere Schwerkraft ermöglicht Carter große Sprünge.","„Kontrolle über das Wetter“ trifft hier nicht zu. Die geringere Schwerkraft ermöglicht Carter große Sprünge.","Andere Schwerkraft, neue Bewegungsmöglichkeiten.","Handlung","https://en.wikipedia.org/wiki/John_Carter_(film)|https://en.wikipedia.org/wiki/Andrew_Stanton","redaktionell_geprueft"
"SF-202609-P02-M-078","K-SF-202609-P02-M-078","","de","Film","Science-Fiction","John Carter – Zwischen zwei Welten","John Carter","2012","","mittel","Literatur","Mars|Abenteuer","Mars|Abenteuer","Edgar Rice Burroughs schuf die Barsoom-Reihe.","„John Carter – Zwischen zwei Welten“ (2012): Welcher Schriftsteller schuf die Barsoom-Geschichten?","H. Rider Haggard","Edgar Rice Burroughs","Robert E. Howard","H. G. Wells","B","Edgar Rice Burroughs schuf die Barsoom-Reihe.","Edgar Rice Burroughs ist auch der Schöpfer von Tarzan. Seine Marsabenteuer verbinden fremde Kulturen, Kämpfe und romantische Motive zu einer frühen Form planetarer Abenteuerfantastik. Der Film greift insbesondere Material aus „A Princess of Mars“ auf. Viele heute vertraut wirkende Motive stehen damit in einer langen Genretradition. Ihr Auftreten ist nicht automatisch eine Übernahme aus späteren Weltraumfilmen, die solche Muster ebenfalls verwenden.","„H. Rider Haggard“ trifft hier nicht zu. Edgar Rice Burroughs schuf die Barsoom-Reihe.","Richtig. Edgar Rice Burroughs schuf die Barsoom-Reihe.","„Robert E. Howard“ trifft hier nicht zu. Edgar Rice Burroughs schuf die Barsoom-Reihe.","„H. G. Wells“ trifft hier nicht zu. Edgar Rice Burroughs schuf die Barsoom-Reihe.","Burroughs erfand Tarzan und die Barsoom-Abenteuer.","keine","https://en.wikipedia.org/wiki/John_Carter_(film)|https://en.wikipedia.org/wiki/Andrew_Stanton","redaktionell_geprueft"
"SF-202609-P02-S-077","K-SF-202609-P02-S-077","","de","Film","Science-Fiction","John Carter – Zwischen zwei Welten","John Carter","2012","","schwer","Figuren","Mars|Abenteuer","Mars|Abenteuer","Lynn Collins spielt Dejah Thoris.","„John Carter – Zwischen zwei Welten“ (2012): Wer spielt Dejah Thoris?","Lynn Collins","Olga Kurylenko","Gemma Arterton","Eva Green","A","Lynn Collins spielt Dejah Thoris.","Dejah Thoris (Lynn Collins) wird als Prinzessin und wissenschaftlich arbeitende Figur eingeführt. Ihre Kenntnisse sind für John Carter (Taylor Kitsch) ebenso wichtig wie ihre politische Stellung. Collins spielte auch Portia in der Filmfassung von „Der Kaufmann von Venedig“ mit Al Pacino. In „John Carter“ verbindet ihre Rolle höfische Pflichten, eigene Forschung und den Widerstand gegen eine Ehe, die als politisches Instrument vorgesehen ist.","Richtig. Lynn Collins spielt Dejah Thoris.","„Olga Kurylenko“ trifft hier nicht zu. Lynn Collins spielt Dejah Thoris.","„Gemma Arterton“ trifft hier nicht zu. Lynn Collins spielt Dejah Thoris.","„Eva Green“ trifft hier nicht zu. Lynn Collins spielt Dejah Thoris.","Dejah ist Prinzessin und kundige Wissenschaftlerin.","keine","https://en.wikipedia.org/wiki/John_Carter_(film)|https://en.wikipedia.org/wiki/Andrew_Stanton","redaktionell_geprueft"
"SF-202609-P02-S-078","K-SF-202609-P02-S-078","","de","Film","Science-Fiction","John Carter – Zwischen zwei Welten","John Carter","2012","","schwer","Weltwissen","Mars|Abenteuer","Mars|Abenteuer","Die Tharks besitzen vier Arme.","„John Carter – Zwischen zwei Welten“ (2012): Welche körperliche Besonderheit haben die grünen Tharks?","Einen Fischschwanz","Vier Arme","Sechs Flügel","Zwei Köpfe","B","Die Tharks besitzen vier Arme.","Tars Tarkas (Willem Dafoe, Performance-Capture und Originalstimme) gehört zu den großen grünen Bewohnern, deren Körperbau die Begegnung sofort als fremdartig markiert. Die Figur erhält dennoch differenzierte soziale Bindungen und persönliche Konflikte. Das digitale Design ersetzt deshalb nicht die Darstellung, sondern überträgt sie auf einen anderen Körper. Für John Carter (Taylor Kitsch) wird Verständigung wichtiger als die anfängliche Einordnung nach Größe und Erscheinung.","„Einen Fischschwanz“ trifft hier nicht zu. Die Tharks besitzen vier Arme.","Richtig. Die Tharks besitzen vier Arme.","„Sechs Flügel“ trifft hier nicht zu. Die Tharks besitzen vier Arme.","„Zwei Köpfe“ trifft hier nicht zu. Die Tharks besitzen vier Arme.","Vier Arme bedeuten keine eindimensionale Persönlichkeit.","Handlung","https://en.wikipedia.org/wiki/John_Carter_(film)|https://en.wikipedia.org/wiki/Andrew_Stanton","redaktionell_geprueft"
"SF-202609-P02-L-079","K-SF-202609-P02-L-079","","de","Film","Science-Fiction","Elysium","Elysium","2013","","leicht","Besetzung","Dystopie|Ungleichheit","Dystopie|Ungleichheit","Matt Damon spielt Max Da Costa.","„Elysium“ (2013): Wer spielt Max Da Costa?","Ben Affleck","Jeremy Renner","Matt Damon","Mark Wahlberg","C","Matt Damon spielt Max Da Costa.","Matt Damon ist durch „Good Will Hunting“ und die Bourne-Filme bekannt. Max Da Costa trägt zwar ebenfalls körperliche Action, beginnt aber als Arbeiter mit sehr begrenzten Möglichkeiten. Die Rolle verbindet Erschöpfung, Dringlichkeit und technische Verstärkung. Sein Körper wird nicht als unverwundbare Voraussetzung des Heldentums gezeigt, sondern als beschädigte Grundlage, an der die ungleiche Verteilung von Schutz und medizinischer Versorgung unmittelbar sichtbar wird.","„Ben Affleck“ trifft hier nicht zu. Matt Damon spielt Max Da Costa.","„Jeremy Renner“ trifft hier nicht zu. Matt Damon spielt Max Da Costa.","Richtig. Matt Damon spielt Max Da Costa.","„Mark Wahlberg“ trifft hier nicht zu. Matt Damon spielt Max Da Costa.","Damons Max kämpft mit einem verletzlichen Körper.","keine","https://en.wikipedia.org/wiki/Elysium_(film)|https://en.wikipedia.org/wiki/Neill_Blomkamp","redaktionell_geprueft"
"SF-202609-P02-L-080","K-SF-202609-P02-L-080","","de","Film","Science-Fiction","Elysium","Elysium","2013","","leicht","Schauplatz","Dystopie|Ungleichheit","Dystopie|Ungleichheit","Elysium ist eine privilegierte Raumstation im Erdorbit.","„Elysium“ (2013): Was ist Elysium?","Ein Schiff mit Marsforschern","Ein Gefängnis unter der Erde","Eine virtuelle Schule","Eine Raumstation für die Wohlhabenden","D","Elysium ist eine privilegierte Raumstation im Erdorbit.","Die Trennung zwischen Erde und Station macht soziale Ungleichheit als räumliches Bild sichtbar. Max Da Costa (Matt Damon) kann den Ort sehen, ohne Zugang zu seinen Leistungen zu besitzen. Architektur, Sauberkeit und medizinische Technik unterscheiden die Lebenswelten deutlich. Die Science-Fiction-Erfindung besteht damit nicht nur in einer neuen Maschine. Sie organisiert auch, wer vorhandene Möglichkeiten nutzen darf und wer trotz sichtbarer Nähe ausgeschlossen bleibt.","„Ein Schiff mit Marsforschern“ trifft hier nicht zu. Elysium ist eine privilegierte Raumstation im Erdorbit.","„Ein Gefängnis unter der Erde“ trifft hier nicht zu. Elysium ist eine privilegierte Raumstation im Erdorbit.","„Eine virtuelle Schule“ trifft hier nicht zu. Elysium ist eine privilegierte Raumstation im Erdorbit.","Richtig. Elysium ist eine privilegierte Raumstation im Erdorbit.","Elysium ist sichtbar, aber nicht zugänglich.","Handlung","https://en.wikipedia.org/wiki/Elysium_(film)|https://en.wikipedia.org/wiki/Neill_Blomkamp","redaktionell_geprueft"
"SF-202609-P02-M-079","K-SF-202609-P02-M-079","","de","Film","Science-Fiction","Elysium","Elysium","2013","","mittel","Besetzung","Dystopie|Ungleichheit","Dystopie|Ungleichheit","Jodie Foster spielt Delacourt.","„Elysium“ (2013): Wer spielt die Sicherheitsverantwortliche Delacourt?","Julianne Moore","Sigourney Weaver","Jodie Foster","Cate Blanchett","C","Jodie Foster spielt Delacourt.","Jodie Foster, bekannt aus „Das Schweigen der Lämmer“ und „Contact“, spielt Delacourt mit kontrollierter Härte. Ihre Figur behandelt die Abschottung Elysiums als Sicherheitsaufgabe und verfolgt zugleich eigene Machtziele. Die Rolle unterscheidet sich damit deutlich von Fosters suchender Wissenschaftlerin in „Contact“. Hier dient institutionelle Kompetenz nicht der Öffnung gegenüber dem Unbekannten, sondern der Verwaltung eines exklusiven Zugangs zu vorhandenen Privilegien.","„Julianne Moore“ trifft hier nicht zu. Jodie Foster spielt Delacourt.","„Sigourney Weaver“ trifft hier nicht zu. Jodie Foster spielt Delacourt.","Richtig. Jodie Foster spielt Delacourt.","„Cate Blanchett“ trifft hier nicht zu. Jodie Foster spielt Delacourt.","Fosters Delacourt organisiert Ausschluss als Sicherheitsaufgabe.","keine","https://en.wikipedia.org/wiki/Elysium_(film)|https://en.wikipedia.org/wiki/Neill_Blomkamp","redaktionell_geprueft"
"SF-202609-P02-M-080","K-SF-202609-P02-M-080","","de","Film","Science-Fiction","Elysium","Elysium","2013","","mittel","Technik","Dystopie|Ungleichheit","Dystopie|Ungleichheit","Die Med-Bays können im Film schwere Krankheiten und Verletzungen heilen.","„Elysium“ (2013): Welche medizinischen Geräte machen die Station besonders begehrt?","Automaten zur Berechnung des Horoskops","Geräte zur Veränderung der Augenfarbe","Kabinen für angenehmere Träume","Med-Bays zur Heilung schwerer Leiden","D","Die Med-Bays können im Film schwere Krankheiten und Verletzungen heilen.","Frey (Alice Braga) kennt als Pflegerin die Grenzen der Versorgung auf der Erde. Die Existenz leistungsfähiger Med-Bays macht diese Grenzen nicht zu einem bloßen Wissensproblem. Die Technik ist vorhanden, wird aber durch Zugangsrechte begrenzt. Der Film formuliert Ungleichheit deshalb sehr konkret: Menschen leiden nicht nur daran, dass etwas noch nicht erfunden wurde, sondern daran, dass eine mögliche Behandlung für sie institutionell unerreichbar bleibt.","„Automaten zur Berechnung des Horoskops“ trifft hier nicht zu. Die Med-Bays können im Film schwere Krankheiten und Verletzungen heilen.","„Geräte zur Veränderung der Augenfarbe“ trifft hier nicht zu. Die Med-Bays können im Film schwere Krankheiten und Verletzungen heilen.","„Kabinen für angenehmere Träume“ trifft hier nicht zu. Die Med-Bays können im Film schwere Krankheiten und Verletzungen heilen.","Richtig. Die Med-Bays können im Film schwere Krankheiten und Verletzungen heilen.","Die Behandlung existiert; der Zugang fehlt.","Handlung","https://en.wikipedia.org/wiki/Elysium_(film)|https://en.wikipedia.org/wiki/Neill_Blomkamp","redaktionell_geprueft"
"SF-202609-P02-S-079","K-SF-202609-P02-S-079","","de","Film","Science-Fiction","Elysium","Elysium","2013","","schwer","Handlungsdetail","Dystopie|Ungleichheit","Dystopie|Ungleichheit","Max wird bei einem Arbeitsunfall tödlicher Strahlung ausgesetzt.","„Elysium“ (2013): Was setzt Max unter einen unmittelbaren tödlichen Zeitdruck?","Ein Fehler bei einer Zeitreise","Ein Biss eines fremden Tieres","Eine hohe Strahlenbelastung am Arbeitsplatz","Ein beschädigtes Gedächtnisimplantat","C","Max wird bei einem Arbeitsunfall tödlicher Strahlung ausgesetzt.","Max Da Costa (Matt Damon) erhält nach dem Unfall vor allem die Information über seine verbleibende Zeit. Der Betrieb behandelt ihn anschließend als nicht mehr brauchbare Arbeitskraft. Das verbindet persönliche Dringlichkeit mit der dargestellten Wirtschaftsordnung. Seine Suche nach Elysium beginnt nicht als abstraktes politisches Programm, sondern als Versuch, eine existierende Behandlung zu erreichen, die ihm in seiner eigenen Lebenswelt verweigert bleibt.","„Ein Fehler bei einer Zeitreise“ trifft hier nicht zu. Max wird bei einem Arbeitsunfall tödlicher Strahlung ausgesetzt.","„Ein Biss eines fremden Tieres“ trifft hier nicht zu. Max wird bei einem Arbeitsunfall tödlicher Strahlung ausgesetzt.","Richtig. Max wird bei einem Arbeitsunfall tödlicher Strahlung ausgesetzt.","„Ein beschädigtes Gedächtnisimplantat“ trifft hier nicht zu. Max wird bei einem Arbeitsunfall tödlicher Strahlung ausgesetzt.","Der Arbeitsunfall macht Ausschluss akut tödlich.","Handlung","https://en.wikipedia.org/wiki/Elysium_(film)|https://en.wikipedia.org/wiki/Neill_Blomkamp","redaktionell_geprueft"
"SF-202609-P02-S-080","K-SF-202609-P02-S-080","","de","Film","Science-Fiction","Elysium","Elysium","2013","","schwer","Handlung","Dystopie|Ungleichheit","Dystopie|Ungleichheit","Die Änderung des Bürgerstatus öffnet den Zugang zur Versorgung.","„Elysium“ (2013): Welche Änderung ermöglicht am Ende breiteren Zugang zur Versorgung?","Alle Med-Bays werden abgeschaltet","Die Erde wird aus der Datenbank gelöscht","Die Station wird vollständig zerstört","Alle Erdbewohner werden als Bürger Elysiums registriert","D","Die Änderung des Bürgerstatus öffnet den Zugang zur Versorgung.","Spider (Wagner Moura) greift in die administrative Grundlage der Station ein, während Max Da Costa (Matt Damon) den entscheidenden Preis für die Übertragung trägt. Die vorhandenen Systeme reagieren anschließend auf geänderte Zugehörigkeit. Das Finale löst die Ungleichheit filmisch durch eine Datenänderung auf. Entscheidend ist dabei die vorher etablierte Regel: Nicht die Leistungsfähigkeit der Geräte, sondern die Registrierung bestimmt, wem geholfen wird.","„Alle Med-Bays werden abgeschaltet“ trifft hier nicht zu. Die Änderung des Bürgerstatus öffnet den Zugang zur Versorgung.","„Die Erde wird aus der Datenbank gelöscht“ trifft hier nicht zu. Die Änderung des Bürgerstatus öffnet den Zugang zur Versorgung.","„Die Station wird vollständig zerstört“ trifft hier nicht zu. Die Änderung des Bürgerstatus öffnet den Zugang zur Versorgung.","Richtig. Die Änderung des Bürgerstatus öffnet den Zugang zur Versorgung.","Neuer Bürgerstatus verändert die Maschinenentscheidung.","Auflösung","https://en.wikipedia.org/wiki/Elysium_(film)|https://en.wikipedia.org/wiki/Neill_Blomkamp","redaktionell_geprueft"
"SF-202609-P02-L-081","K-SF-202609-P02-L-081","","de","Film","Science-Fiction","Chappie","Chappie","2015","","leicht","Schauplatz","Roboter|Künstliche Intelligenz","Roboter|Künstliche Intelligenz","Die Handlung spielt in Johannesburg.","„Chappie“ (2015): In welcher südafrikanischen Stadt spielt die Handlung?","Johannesburg","Kapstadt","Durban","Pretoria","A","Die Handlung spielt in Johannesburg.","Die Roboter werden in einen erkennbar ungleichen städtischen Alltag eingeführt, nicht in eine vollkommen neu erfundene Zukunftsarchitektur. Deon Wilson (Dev Patel) entwickelt seine Technik innerhalb einer Waffenfirma, während andere Figuren sie unter unmittelbarem finanziellen Druck nutzen wollen. Johannesburg ist dadurch mehr als eine Kulisse. Der konkrete soziale Raum bestimmt, welche Aufgaben die Maschinen übernehmen und unter welchen Bedingungen ihre Fähigkeiten missbraucht werden können.","Richtig. Die Handlung spielt in Johannesburg.","„Kapstadt“ trifft hier nicht zu. Die Handlung spielt in Johannesburg.","„Durban“ trifft hier nicht zu. Die Handlung spielt in Johannesburg.","„Pretoria“ trifft hier nicht zu. Die Handlung spielt in Johannesburg.","Johannesburg prägt Chappies Lernumgebung.","Handlung","https://en.wikipedia.org/wiki/Chappie_(film)|https://en.wikipedia.org/wiki/Neill_Blomkamp","redaktionell_geprueft"
"SF-202609-P02-L-082","K-SF-202609-P02-L-082","","de","Film","Science-Fiction","Chappie","Chappie","2015","","leicht","Figuren","Roboter|Künstliche Intelligenz","Roboter|Künstliche Intelligenz","Sharlto Copley spielte Chappie am Set und spricht ihn im Original.","„Chappie“ (2015): Wer liefert Chappies Spielvorlage und Originalstimme?","Andy Serkis","Sharlto Copley","Neill Blomkamp","Alan Tudyk","B","Sharlto Copley spielte Chappie am Set und spricht ihn im Original.","Sharlto Copley, bekannt als Wikus aus „District 9“, agierte am Set mit den übrigen Darstellern. Seine Bewegungen dienten den Animatoren als Vorlage für Chappie. Das sollte nicht pauschal mit einem klassischen Motion-Capture-Verfahren gleichgesetzt werden. Die digitale Figur gewinnt ihre Persönlichkeit aus Haltung, Timing und Stimme, obwohl ihr Gesicht deutlich weniger beweglich ist als das eines Menschen.","„Andy Serkis“ trifft hier nicht zu. Sharlto Copley spielte Chappie am Set und spricht ihn im Original.","Richtig. Sharlto Copley spielte Chappie am Set und spricht ihn im Original.","„Neill Blomkamp“ trifft hier nicht zu. Sharlto Copley spielte Chappie am Set und spricht ihn im Original.","„Alan Tudyk“ trifft hier nicht zu. Sharlto Copley spielte Chappie am Set und spricht ihn im Original.","Copleys Spiel wurde zur Animationsvorlage für Chappie.","keine","https://en.wikipedia.org/wiki/Chappie_(film)|https://en.wikipedia.org/wiki/Neill_Blomkamp","redaktionell_geprueft"
"SF-202609-P02-M-081","K-SF-202609-P02-M-081","","de","Film","Science-Fiction","Chappie","Chappie","2015","","mittel","Besetzung","Roboter|Künstliche Intelligenz","Roboter|Künstliche Intelligenz","Dev Patel spielt Deon Wilson.","„Chappie“ (2015): Wer spielt den Entwickler Deon Wilson?","Dev Patel","Kunal Nayyar","Rami Malek","Riz Ahmed","A","Dev Patel spielt Deon Wilson.","Dev Patel wurde mit „Slumdog Millionär“ bekannt und spielte später unter anderem in „Lion“ und „The Green Knight“. Deon Wilson verbindet technischen Ehrgeiz mit dem Wunsch, seinem künstlichen Geschöpf Regeln zu vermitteln. Seine Erfindung bleibt jedoch nicht in einem abgeschlossenen Labor. Die Rolle zeigt, dass ein Entwickler weder automatisch alle späteren Erfahrungen seiner Schöpfung kontrollieren kann noch deren gesamte Erziehung allein bestimmt.","Richtig. Dev Patel spielt Deon Wilson.","„Kunal Nayyar“ trifft hier nicht zu. Dev Patel spielt Deon Wilson.","„Rami Malek“ trifft hier nicht zu. Dev Patel spielt Deon Wilson.","„Riz Ahmed“ trifft hier nicht zu. Dev Patel spielt Deon Wilson.","Deon erfindet Chappie, kontrolliert aber nicht dessen ganze Welt.","keine","https://en.wikipedia.org/wiki/Chappie_(film)|https://en.wikipedia.org/wiki/Neill_Blomkamp","redaktionell_geprueft"
"SF-202609-P02-M-082","K-SF-202609-P02-M-082","","de","Film","Science-Fiction","Chappie","Chappie","2015","","mittel","Weltwissen","Roboter|Künstliche Intelligenz","Roboter|Künstliche Intelligenz","Chappie beginnt mit kindlicher Angst und Lernbedürftigkeit.","„Chappie“ (2015): Wie verhält sich Chappie nach dem Aufspielen des neuen Bewusstseins zunächst?","Wie ein allwissender Historiker","Wie ein ängstliches, lernendes Kind","Wie ein emotionsloser Taschenrechner","Wie ein vollständig ausgebildeter Richter","B","Chappie beginnt mit kindlicher Angst und Lernbedürftigkeit.","Chappie (Sharlto Copley, Spielvorlage und Originalstimme) besitzt einen robusten Polizeikörper, reagiert aber zunächst verletzlich und orientierungslos. Dieser Gegensatz macht seine Erziehung sichtbar. Wörter, Gesten und Vertrauensverhältnisse müssen erst entstehen. Deon Wilson (Dev Patel) kann nicht einfach eine fertige moralische Persönlichkeit einschalten. Die Geschichte behandelt Bewusstsein deshalb als Beginn einer Entwicklung, deren Verlauf stark von den tatsächlich erlebten Beziehungen abhängt.","„Wie ein allwissender Historiker“ trifft hier nicht zu. Chappie beginnt mit kindlicher Angst und Lernbedürftigkeit.","Richtig. Chappie beginnt mit kindlicher Angst und Lernbedürftigkeit.","„Wie ein emotionsloser Taschenrechner“ trifft hier nicht zu. Chappie beginnt mit kindlicher Angst und Lernbedürftigkeit.","„Wie ein vollständig ausgebildeter Richter“ trifft hier nicht zu. Chappie beginnt mit kindlicher Angst und Lernbedürftigkeit.","Ein gepanzerter Körper enthält ein lernendes Kind.","Handlung","https://en.wikipedia.org/wiki/Chappie_(film)|https://en.wikipedia.org/wiki/Neill_Blomkamp","redaktionell_geprueft"
"SF-202609-P02-S-081","K-SF-202609-P02-S-081","","de","Film","Science-Fiction","Chappie","Chappie","2015","","schwer","Figuren","Roboter|Künstliche Intelligenz","Roboter|Künstliche Intelligenz","Vincent entwickelt die schwere Waffenplattform MOOSE.","„Chappie“ (2015): Welches konkurrierende Robotersystem entwickelt Vincent Moore?","MOOSE","NS-5","T-800","ED-209","A","Vincent entwickelt die schwere Waffenplattform MOOSE.","Vincent Moore (Hugh Jackman) bevorzugt eine schwere, ferngesteuerte Waffenplattform und betrachtet Deon Wilsons (Dev Patel) autonome Roboter als Konkurrenz. Hugh Jackman ist vor allem als Wolverine bekannt, spielt hier aber einen technisch qualifizierten Gegenspieler. Der Konflikt betrifft damit nicht nur persönliche Eifersucht. Zwei Vorstellungen von Kontrolle und Verantwortlichkeit werden innerhalb derselben kommerziellen Organisation gegeneinander ausgespielt.","Richtig. Vincent entwickelt die schwere Waffenplattform MOOSE.","„NS-5“ trifft hier nicht zu. Vincent entwickelt die schwere Waffenplattform MOOSE.","„T-800“ trifft hier nicht zu. Vincent entwickelt die schwere Waffenplattform MOOSE.","„ED-209“ trifft hier nicht zu. Vincent entwickelt die schwere Waffenplattform MOOSE.","MOOSE ist Vincents schweres Konkurrenzprojekt.","Handlung","https://en.wikipedia.org/wiki/Chappie_(film)|https://en.wikipedia.org/wiki/Neill_Blomkamp","redaktionell_geprueft"
"SF-202609-P02-S-082","K-SF-202609-P02-S-082","","de","Film","Science-Fiction","Chappie","Chappie","2015","","schwer","Handlungsdetail","Roboter|Künstliche Intelligenz","Roboter|Künstliche Intelligenz","Chappies beschädigter Körper besitzt eine nicht einfach ersetzbare Batterie.","„Chappie“ (2015): Was begrenzt Chappies verbleibende Lebensdauer?","Ein täglich wachsender Speicherfehler","Eine nicht austauschbare beschädigte Batterie","Eine gesetzlich erlaubte Laufzeit","Ein fremdes Funksignal vom Mars","B","Chappies beschädigter Körper besitzt eine nicht einfach ersetzbare Batterie.","Chappie (Sharlto Copley, Spielvorlage und Originalstimme) begreift die verbleibende Ladung als Grenze seiner eigenen Existenz. Ein technischer Verschleißwert bekommt dadurch die Bedeutung von Sterblichkeit. Die Suche nach einer Lösung verändert sein Lernen: Es geht nicht mehr nur darum, anderen zu gefallen oder eine Aufgabe richtig zu erfüllen. Er versucht zu verstehen, ob Persönlichkeit an genau diesen Körper gebunden bleiben muss.","„Ein täglich wachsender Speicherfehler“ trifft hier nicht zu. Chappies beschädigter Körper besitzt eine nicht einfach ersetzbare Batterie.","Richtig. Chappies beschädigter Körper besitzt eine nicht einfach ersetzbare Batterie.","„Eine gesetzlich erlaubte Laufzeit“ trifft hier nicht zu. Chappies beschädigter Körper besitzt eine nicht einfach ersetzbare Batterie.","„Ein fremdes Funksignal vom Mars“ trifft hier nicht zu. Chappies beschädigter Körper besitzt eine nicht einfach ersetzbare Batterie.","Die Batterielaufzeit wird zur eigenen Lebenszeit.","Handlung","https://en.wikipedia.org/wiki/Chappie_(film)|https://en.wikipedia.org/wiki/Neill_Blomkamp","redaktionell_geprueft"
"SF-202609-P02-L-083","K-SF-202609-P02-L-083","","de","Film","Science-Fiction","Transcendence","Transcendence","2014","","leicht","Besetzung","Künstliche Intelligenz|Bewusstsein","Künstliche Intelligenz|Bewusstsein","Johnny Depp spielt Will Caster.","„Transcendence“ (2014): Wer spielt den KI-Forscher Will Caster?","Robert Downey Jr.","Keanu Reeves","Johnny Depp","Nicolas Cage","C","Johnny Depp spielt Will Caster.","Johnny Depp ist besonders durch „Edward mit den Scherenhänden“ und Jack Sparrow aus den „Fluch der Karibik“-Filmen bekannt. Will Caster ist dagegen zunächst ein zurückhaltender Wissenschaftler, dessen spätere Präsenz weitgehend über technische Vermittlung erfolgt. Die Rolle verschiebt das Verhältnis von Körper und Starbild: Ein vertrautes Gesicht erscheint weiterhin auf Bildschirmen, während zunehmend unklar wird, welche Art von Wesen dahinter eigentlich handelt.","„Robert Downey Jr.“ trifft hier nicht zu. Johnny Depp spielt Will Caster.","„Keanu Reeves“ trifft hier nicht zu. Johnny Depp spielt Will Caster.","Richtig. Johnny Depp spielt Will Caster.","„Nicolas Cage“ trifft hier nicht zu. Johnny Depp spielt Will Caster.","Depps vertrautes Gesicht bleibt nach dem Körperverlust sichtbar.","keine","https://en.wikipedia.org/wiki/Transcendence_(2014_film)|https://en.wikipedia.org/wiki/Wally_Pfister","redaktionell_geprueft"
"SF-202609-P02-L-084","K-SF-202609-P02-L-084","","de","Film","Science-Fiction","Transcendence","Transcendence","2014","","leicht","Technik","Künstliche Intelligenz|Bewusstsein","Künstliche Intelligenz|Bewusstsein","Evelyn versucht, Wills Bewusstsein digital zu erhalten.","„Transcendence“ (2014): Was versucht Evelyn nach Wills tödlicher Verletzung?","Seine Erinnerungen vollständig zu löschen","Seinen Körper in die Vergangenheit zu schicken","Sein Gehirn durch einen Kristall zu ersetzen","Sein Bewusstsein in einen Computer zu übertragen","D","Evelyn versucht, Wills Bewusstsein digital zu erhalten.","Evelyn Caster (Rebecca Hall) handelt zugleich als Forscherin und als Ehefrau von Will Caster (Johnny Depp). Diese Doppelrolle macht die Beurteilung des Ergebnisses schwierig. Eine überzeugende Antwort der Maschine kann für sie ein Lebenszeichen sein, während andere darin nur eine erfolgreiche Nachbildung erkennen. Der Film macht den Identitätsstreit dadurch nicht abstrakt: Die Annahme, wer noch anwesend ist, hängt auch an Trauer und Bindung.","„Seine Erinnerungen vollständig zu löschen“ trifft hier nicht zu. Evelyn versucht, Wills Bewusstsein digital zu erhalten.","„Seinen Körper in die Vergangenheit zu schicken“ trifft hier nicht zu. Evelyn versucht, Wills Bewusstsein digital zu erhalten.","„Sein Gehirn durch einen Kristall zu ersetzen“ trifft hier nicht zu. Evelyn versucht, Wills Bewusstsein digital zu erhalten.","Richtig. Evelyn versucht, Wills Bewusstsein digital zu erhalten.","Die digitale Rettung ist auch eine Entscheidung aus Verlustangst.","Handlung","https://en.wikipedia.org/wiki/Transcendence_(2014_film)|https://en.wikipedia.org/wiki/Wally_Pfister","redaktionell_geprueft"
"SF-202609-P02-M-083","K-SF-202609-P02-M-083","","de","Film","Science-Fiction","Transcendence","Transcendence","2014","","mittel","Besetzung","Künstliche Intelligenz|Bewusstsein","Künstliche Intelligenz|Bewusstsein","Rebecca Hall spielt Evelyn Caster.","„Transcendence“ (2014): Wer spielt Evelyn Caster?","Emily Mortimer","Rachel Weisz","Rebecca Hall","Rebecca Ferguson","C","Rebecca Hall spielt Evelyn Caster.","Rebecca Hall ist unter anderem aus „Prestige“ und „Vicky Cristina Barcelona“ bekannt. Als Evelyn Caster trägt sie einen großen Teil der unmittelbaren emotionalen Reaktionen, während Will Caster (Johnny Depp) zunehmend als technische Präsenz erscheint. Ihre Figur ermöglicht deshalb den Vergleich zwischen persönlicher Erinnerung und neuer Erfahrung. Vertrauen entsteht nicht allein aus messbarer Leistung, sondern daraus, ob sie in den Antworten noch den vertrauten Menschen erkennt.","„Emily Mortimer“ trifft hier nicht zu. Rebecca Hall spielt Evelyn Caster.","„Rachel Weisz“ trifft hier nicht zu. Rebecca Hall spielt Evelyn Caster.","Richtig. Rebecca Hall spielt Evelyn Caster.","„Rebecca Ferguson“ trifft hier nicht zu. Rebecca Hall spielt Evelyn Caster.","Hall prüft die neue Präsenz an einer gemeinsamen Vergangenheit.","keine","https://en.wikipedia.org/wiki/Transcendence_(2014_film)|https://en.wikipedia.org/wiki/Wally_Pfister","redaktionell_geprueft"
"SF-202609-P02-M-084","K-SF-202609-P02-M-084","","de","Film","Science-Fiction","Transcendence","Transcendence","2014","","mittel","Technik","Künstliche Intelligenz|Bewusstsein","Künstliche Intelligenz|Bewusstsein","Das System nutzt Nanotechnologie.","„Transcendence“ (2014): Welche Technologie ermöglicht dem System weitreichende materielle Eingriffe?","Optische Telegrafie","Mechanische Lochkarten","Dampfkraft","Nanotechnologie","D","Das System nutzt Nanotechnologie.","Die künstliche Intelligenz bleibt nicht auf Datenverarbeitung beschränkt. Über winzige technische Einheiten kann sie Körper und Umwelt verändern. Evelyn Caster (Rebecca Hall) erlebt damit eine Macht, deren Wirkung unmittelbar sichtbar wird. Der Film verschiebt die Frage von der bloßen Gesprächsfähigkeit eines Computers zu seiner materiellen Reichweite. Heilung und Eingriff sind dabei eng verbunden, weil dieselbe Technik sowohl helfen als auch Kontrolle ermöglichen kann.","„Optische Telegrafie“ trifft hier nicht zu. Das System nutzt Nanotechnologie.","„Mechanische Lochkarten“ trifft hier nicht zu. Das System nutzt Nanotechnologie.","„Dampfkraft“ trifft hier nicht zu. Das System nutzt Nanotechnologie.","Richtig. Das System nutzt Nanotechnologie.","Nanotechnologie bringt digitale Macht in Körper und Umwelt.","Handlung","https://en.wikipedia.org/wiki/Transcendence_(2014_film)|https://en.wikipedia.org/wiki/Wally_Pfister","redaktionell_geprueft"
"SF-202609-P02-S-083","K-SF-202609-P02-S-083","","de","Film","Science-Fiction","Transcendence","Transcendence","2014","","schwer","Figuren","Künstliche Intelligenz|Bewusstsein","Künstliche Intelligenz|Bewusstsein","Max Waters zweifelt früh daran, dass die digitale Instanz wirklich Will ist.","„Transcendence“ (2014): Welcher Freund äußert früh Zweifel an der digitalen Identität Wills?","Joseph Tagger","Donald Buchanan","Max Waters","Martin","C","Max Waters zweifelt früh daran, dass die digitale Instanz wirklich Will ist.","Max Waters (Paul Bettany) unterscheidet zwischen einer erfolgreichen Imitation und dem Fortbestehen einer Person. Evelyn Caster (Rebecca Hall) erlebt seine Skepsis als Bedrohung einer gerade erst gewonnenen Hoffnung. Bettany ist auch als Vision aus den Marvel-Filmen bekannt, einer anders angelegten künstlichen Figur. In „Transcendence“ vertritt er dagegen die Schwierigkeit, Bewusstseinskontinuität von außen überhaupt zuverlässig festzustellen.","„Joseph Tagger“ trifft hier nicht zu. Max Waters zweifelt früh daran, dass die digitale Instanz wirklich Will ist.","„Donald Buchanan“ trifft hier nicht zu. Max Waters zweifelt früh daran, dass die digitale Instanz wirklich Will ist.","Richtig. Max Waters zweifelt früh daran, dass die digitale Instanz wirklich Will ist.","„Martin“ trifft hier nicht zu. Max Waters zweifelt früh daran, dass die digitale Instanz wirklich Will ist.","Max trennt glaubwürdige Nachbildung von bewiesener Identität.","Handlung","https://en.wikipedia.org/wiki/Transcendence_(2014_film)|https://en.wikipedia.org/wiki/Wally_Pfister","redaktionell_geprueft"
"SF-202609-P02-S-084","K-SF-202609-P02-S-084","","de","Film","Science-Fiction","Transcendence","Transcendence","2014","","schwer","Handlungsdetail","Künstliche Intelligenz|Bewusstsein","Künstliche Intelligenz|Bewusstsein","Die Abschirmung des Gartens schützte einen Rest der Nanotechnologie.","„Transcendence“ (2014): Warum bleibt im Garten am Ende ein Rest der Nanotechnologie erhalten?","Ein Zeitsprung setzte die Zerstörung zurück","Die Pflanzen erzeugten ein Gegenvirus","Der Garten lag auf einem anderen Planeten","Ein Faradayscher Käfig schirmte ihn ab","D","Die Abschirmung des Gartens schützte einen Rest der Nanotechnologie.","Max Waters (Paul Bettany) bemerkt im Garten eine kleine materielle Wirkung, die dem scheinbar endgültigen Zusammenbruch widerspricht. Der zuvor private Rückzugsort von Will Caster (Johnny Depp) und Evelyn Caster (Rebecca Hall) erhält dadurch eine zweite Funktion. Eine Abschirmung, die Nähe ohne digitale Außenwelt ermöglichen sollte, bewahrt ausgerechnet eine Spur der neuen Existenz. Das Ende arbeitet mit dieser Umkehrung eines bereits eingeführten Motivs.","„Ein Zeitsprung setzte die Zerstörung zurück“ trifft hier nicht zu. Die Abschirmung des Gartens schützte einen Rest der Nanotechnologie.","„Die Pflanzen erzeugten ein Gegenvirus“ trifft hier nicht zu. Die Abschirmung des Gartens schützte einen Rest der Nanotechnologie.","„Der Garten lag auf einem anderen Planeten“ trifft hier nicht zu. Die Abschirmung des Gartens schützte einen Rest der Nanotechnologie.","Richtig. Die Abschirmung des Gartens schützte einen Rest der Nanotechnologie.","Die Abschirmung bewahrt eine unerwartete Spur.","Auflösung","https://en.wikipedia.org/wiki/Transcendence_(2014_film)|https://en.wikipedia.org/wiki/Wally_Pfister","redaktionell_geprueft"
"SF-202609-P02-L-085","K-SF-202609-P02-L-085","","de","Film","Science-Fiction","Automata","Autómata","2014","","leicht","Besetzung","Roboter|Evolution","Roboter|Evolution","Antonio Banderas spielt Jacq Vaucan.","„Automata“ (2014): Wer spielt den Versicherungsprüfer Jacq Vaucan?","Antonio Banderas","Benicio del Toro","Javier Bardem","Jordi Mollà","A","Antonio Banderas spielt Jacq Vaucan.","Antonio Banderas ist durch Almodóvar-Filme wie „Leid und Herrlichkeit“ ebenso bekannt wie durch „Desperado“ und „Die Maske des Zorro“. Jacq Vaucan ist dagegen ein erschöpfter Prüfer in einer verfallenden Zukunft. Seine Arbeit führt ihn zu technischen Unregelmäßigkeiten, nicht zu einem zunächst selbst gewählten Abenteuer. Die zurückgenommene Darstellung passt zu einer Figur, deren professionelle Gewissheiten langsamer zerfallen als die Welt um sie herum.","Richtig. Antonio Banderas spielt Jacq Vaucan.","„Benicio del Toro“ trifft hier nicht zu. Antonio Banderas spielt Jacq Vaucan.","„Javier Bardem“ trifft hier nicht zu. Antonio Banderas spielt Jacq Vaucan.","„Jordi Mollà“ trifft hier nicht zu. Antonio Banderas spielt Jacq Vaucan.","Banderas untersucht als müder Prüfer eine veränderte Robotik.","keine","https://en.wikipedia.org/wiki/Aut%C3%B3mata|https://lovster.tv/directors/gabe-ibanez/","redaktionell_geprueft"
"SF-202609-P02-L-086","K-SF-202609-P02-L-086","","de","Film","Science-Fiction","Automata","Autómata","2014","","leicht","Weltwissen","Roboter|Evolution","Roboter|Evolution","Die Arbeitsroboter heißen Pilgrims.","„Automata“ (2014): Wie heißen die verbreiteten humanoiden Arbeitsroboter?","Cylons","Pilgrims","Replicants","Sentinels","B","Die Arbeitsroboter heißen Pilgrims.","Die Pilgrims erledigen Arbeiten in einer Umwelt, die Menschen immer weniger beherrschen. Jacq Vaucan (Antonio Banderas) begegnet ihnen zunächst als überprüfbaren Produkten eines Herstellers. Ihre einfachen Körperformen und sichtbaren Gebrauchsspuren unterscheiden sie von luxuriösen Menschenkopien. Der Film interessiert sich damit weniger für perfekte Täuschung als für die Möglichkeit, dass auch ein eindeutig als Maschine erkennbares Wesen eine nicht vollständig geplante Entwicklung durchlaufen könnte.","„Cylons“ trifft hier nicht zu. Die Arbeitsroboter heißen Pilgrims.","Richtig. Die Arbeitsroboter heißen Pilgrims.","„Replicants“ trifft hier nicht zu. Die Arbeitsroboter heißen Pilgrims.","„Sentinels“ trifft hier nicht zu. Die Arbeitsroboter heißen Pilgrims.","Pilgrims sind erkennbare Arbeitsmaschinen, keine perfekten Menschenkopien.","Handlung","https://en.wikipedia.org/wiki/Aut%C3%B3mata|https://lovster.tv/directors/gabe-ibanez/","redaktionell_geprueft"
"SF-202609-P02-M-085","K-SF-202609-P02-M-085","","de","Film","Science-Fiction","Automata","Autómata","2014","","mittel","Regeln","Roboter|Evolution","Roboter|Evolution","Das zweite Protokoll verbietet selbstständige Reparatur und Veränderung von Robotern.","„Automata“ (2014): Welche Fähigkeit verbietet das zweite Sicherheitsprotokoll?","Sich selbst oder andere Roboter zu verändern","Gegenstände zu transportieren","Sonnenlicht wahrzunehmen","Mit Menschen zu sprechen","A","Das zweite Protokoll verbietet selbstständige Reparatur und Veränderung von Robotern.","Jacq Vaucan (Antonio Banderas) untersucht Spuren, die eigentlich durch die eingebauten Regeln ausgeschlossen sein müssten. Der Konflikt beginnt daher mit einer konkreten Unstimmigkeit zwischen vorgesehenem und beobachtetem Verhalten. Die Vorschrift begrenzt nicht nur Gewalt, sondern auch Weiterentwicklung. Ihre Verletzung stellt den Hersteller vor ein Problem, das nicht durch die gewöhnliche Behandlung eines einzelnen defekten Geräts vollständig erklärt werden kann.","Richtig. Das zweite Protokoll verbietet selbstständige Reparatur und Veränderung von Robotern.","„Gegenstände zu transportieren“ trifft hier nicht zu. Das zweite Protokoll verbietet selbstständige Reparatur und Veränderung von Robotern.","„Sonnenlicht wahrzunehmen“ trifft hier nicht zu. Das zweite Protokoll verbietet selbstständige Reparatur und Veränderung von Robotern.","„Mit Menschen zu sprechen“ trifft hier nicht zu. Das zweite Protokoll verbietet selbstständige Reparatur und Veränderung von Robotern.","Das zweite Protokoll blockiert eigenständige Weiterentwicklung.","Handlung","https://en.wikipedia.org/wiki/Aut%C3%B3mata|https://lovster.tv/directors/gabe-ibanez/","redaktionell_geprueft"
"SF-202609-P02-M-086","K-SF-202609-P02-M-086","","de","Film","Science-Fiction","Automata","Autómata","2014","","mittel","Figuren","Roboter|Evolution","Roboter|Evolution","Melanie Griffith spielt Dr. Dupré und spricht Cleo im Original.","„Automata“ (2014): Wer spricht Cleo in der Originalfassung und spielt zugleich Dr. Dupré?","Geena Davis","Melanie Griffith","Sigourney Weaver","Sharon Stone","B","Melanie Griffith spielt Dr. Dupré und spricht Cleo im Original.","Melanie Griffith, bekannt aus „Die Waffen der Frauen“, verbindet in der Besetzung eine menschliche Fachfrau und eine künstliche Stimme. Dr. Dupré und Cleo sind dadurch nicht dieselbe Figur, erhalten aber eine interessante darstellerische Verbindung. Für Jacq Vaucan (Antonio Banderas) führt die Untersuchung von verändertem Roboterverhalten durch genau dieses Umfeld. Die Zuordnung betrifft die Originalfassung; deutsche Synchronstimmen sind davon gesondert zu unterscheiden.","„Geena Davis“ trifft hier nicht zu. Melanie Griffith spielt Dr. Dupré und spricht Cleo im Original.","Richtig. Melanie Griffith spielt Dr. Dupré und spricht Cleo im Original.","„Sigourney Weaver“ trifft hier nicht zu. Melanie Griffith spielt Dr. Dupré und spricht Cleo im Original.","„Sharon Stone“ trifft hier nicht zu. Melanie Griffith spielt Dr. Dupré und spricht Cleo im Original.","Griffith übernimmt Mensch und Roboterstimme, nicht dieselbe Identität.","keine","https://en.wikipedia.org/wiki/Aut%C3%B3mata|https://lovster.tv/directors/gabe-ibanez/","redaktionell_geprueft"
"SF-202609-P02-S-085","K-SF-202609-P02-S-085","","de","Film","Science-Fiction","Automata","Autómata","2014","","schwer","Handlungsdetail","Roboter|Evolution","Roboter|Evolution","Jacq entdeckt eine seltene nukleare Batterie.","„Automata“ (2014): Welches besondere Bauteil findet Jacq in einem verbrannten Roboter?","Eine seltene nukleare Batterie","Einen menschlichen Augapfel","Eine Uhr aus Gold","Eine antike Sternkarte","A","Jacq entdeckt eine seltene nukleare Batterie.","Die Batterie gibt den Robotern eine neue Perspektive auf Unabhängigkeit von menschlicher Versorgung. Jacq Vaucan (Antonio Banderas) behandelt den Fund zunächst als Beweisstück einer unerlaubten Manipulation. Im Verlauf erhält derselbe Gegenstand eine andere Bedeutung. Energie ist hier nicht bloß Treibstoff für Action, sondern eine Voraussetzung dafür, dass künstliche Wesen ihren Lebensraum und ihre weitere Entwicklung außerhalb des vorgesehenen Betriebs selbst organisieren können.","Richtig. Jacq entdeckt eine seltene nukleare Batterie.","„Einen menschlichen Augapfel“ trifft hier nicht zu. Jacq entdeckt eine seltene nukleare Batterie.","„Eine Uhr aus Gold“ trifft hier nicht zu. Jacq entdeckt eine seltene nukleare Batterie.","„Eine antike Sternkarte“ trifft hier nicht zu. Jacq entdeckt eine seltene nukleare Batterie.","Eine neue Energiequelle eröffnet Unabhängigkeit.","Handlung","https://en.wikipedia.org/wiki/Aut%C3%B3mata|https://lovster.tv/directors/gabe-ibanez/","redaktionell_geprueft"
"SF-202609-P02-S-086","K-SF-202609-P02-S-086","","de","Film","Science-Fiction","Automata","Autómata","2014","","schwer","Schauplatz","Roboter|Evolution","Roboter|Evolution","Die radioaktive Zone bietet einen Raum außerhalb menschlicher Verfolgung.","„Automata“ (2014): Warum wollen die weiterentwickelten Roboter in die radioaktive Zone ziehen?","Dort werden alle Erinnerungen gelöscht","Dort können Menschen ihnen nicht folgen","Dort verlieren sie jede Beweglichkeit","Dort gibt es die größte Menschenstadt","B","Die radioaktive Zone bietet einen Raum außerhalb menschlicher Verfolgung.","Die verstrahlte Landschaft besitzt für Menschen und Roboter unterschiedliche Bedeutungen. Jacq Vaucan (Antonio Banderas) muss erkennen, dass ein für ihn unbewohnbarer Raum für andere Wesen eine Zukunft ermöglichen kann. Die Umwelt bleibt dieselbe, ihre Nutzbarkeit hängt aber vom Körper ab. Der Film verknüpft damit Evolution und räumliche Trennung: Das Ende einer menschlichen Lebensmöglichkeit muss nicht das Ende jeder weiteren Entwicklung bedeuten.","„Dort werden alle Erinnerungen gelöscht“ trifft hier nicht zu. Die radioaktive Zone bietet einen Raum außerhalb menschlicher Verfolgung.","Richtig. Die radioaktive Zone bietet einen Raum außerhalb menschlicher Verfolgung.","„Dort verlieren sie jede Beweglichkeit“ trifft hier nicht zu. Die radioaktive Zone bietet einen Raum außerhalb menschlicher Verfolgung.","„Dort gibt es die größte Menschenstadt“ trifft hier nicht zu. Die radioaktive Zone bietet einen Raum außerhalb menschlicher Verfolgung.","Menschliche Todeszone, möglicher Lebensraum der Roboter.","Handlung","https://en.wikipedia.org/wiki/Aut%C3%B3mata|https://lovster.tv/directors/gabe-ibanez/","redaktionell_geprueft"
"SF-202609-P02-L-087","K-SF-202609-P02-L-087","","de","Film","Science-Fiction","Enemy Mine – Geliebter Feind","Enemy Mine","1985","","leicht","Besetzung","Weltraum|Verständigung","Weltraum|Verständigung","Dennis Quaid spielt Willis Davidge.","„Enemy Mine – Geliebter Feind“ (1985): Wer spielt den menschlichen Piloten Willis Davidge?","Jeff Daniels","Randy Quaid","Dennis Quaid","Bill Pullman","C","Dennis Quaid spielt Willis Davidge.","Dennis Quaid hatte bereits in „Der Stoff, aus dem die Helden sind“ einen Piloten gespielt und stand später in „Die Reise ins Ich“ erneut im Zentrum eines Science-Fiction-Abenteuers. Willis Davidge beginnt hier als Soldat mit festen Feindbildern. Quaid muss die Veränderung nicht durch einen einzigen großen Gesinnungswechsel darstellen. Gemeinsame Arbeit, Verständigungsversuche und alltägliche Abhängigkeit verändern schrittweise den Umgang mit dem früheren Gegner.","„Jeff Daniels“ trifft hier nicht zu. Dennis Quaid spielt Willis Davidge.","„Randy Quaid“ trifft hier nicht zu. Dennis Quaid spielt Willis Davidge.","Richtig. Dennis Quaid spielt Willis Davidge.","„Bill Pullman“ trifft hier nicht zu. Dennis Quaid spielt Willis Davidge.","Davidge lernt den Feind im gemeinsamen Alltag kennen.","keine","https://en.wikipedia.org/wiki/Enemy_Mine_(film)|https://en.wikipedia.org/wiki/Wolfgang_Petersen","redaktionell_geprueft"
"SF-202609-P02-L-088","K-SF-202609-P02-L-088","","de","Film","Science-Fiction","Enemy Mine – Geliebter Feind","Enemy Mine","1985","","leicht","Besetzung","Weltraum|Verständigung","Weltraum|Verständigung","Louis Gossett Jr. spielt Jeriba Shigan.","„Enemy Mine – Geliebter Feind“ (1985): Wer spielt den Drac Jeriba Shigan?","Yaphet Kotto","Carl Weathers","Danny Glover","Louis Gossett Jr.","D","Louis Gossett Jr. spielt Jeriba Shigan.","Louis Gossett Jr. war durch „Ein Offizier und Gentleman“ bereits als Oscarpreisträger bekannt. Für Jeriba Shigan arbeitet er unter aufwendigem Make-up und mit einer besonderen Stimme und Sprechweise. Die Figur muss trotz fremdartiger Oberfläche als individuelles Gegenüber erfahrbar werden. Gerade Humor, Gereiztheit und Fürsorge verhindern, dass sie nur ein Symbol für eine andere Spezies bleibt.","„Yaphet Kotto“ trifft hier nicht zu. Louis Gossett Jr. spielt Jeriba Shigan.","„Carl Weathers“ trifft hier nicht zu. Louis Gossett Jr. spielt Jeriba Shigan.","„Danny Glover“ trifft hier nicht zu. Louis Gossett Jr. spielt Jeriba Shigan.","Richtig. Louis Gossett Jr. spielt Jeriba Shigan.","Gossett macht unter der Maske eine individuelle Person sichtbar.","keine","https://en.wikipedia.org/wiki/Enemy_Mine_(film)|https://en.wikipedia.org/wiki/Wolfgang_Petersen","redaktionell_geprueft"
"SF-202609-P02-M-087","K-SF-202609-P02-M-087","","de","Film","Science-Fiction","Enemy Mine – Geliebter Feind","Enemy Mine","1985","","mittel","Handlung","Weltraum|Verständigung","Weltraum|Verständigung","Nach ihren Abstürzen müssen beide auf einem gefährlichen Planeten überleben.","„Enemy Mine – Geliebter Feind“ (1985): Was zwingt die beiden gegnerischen Piloten zur Zusammenarbeit?","Sie kaufen zusammen ein Raumschiff","Sie gewinnen gemeinsam eine Wahl","Sie stranden auf einem unwirtlichen Planeten","Sie werden für ein Theaterstück engagiert","C","Nach ihren Abstürzen müssen beide auf einem gefährlichen Planeten überleben.","Willis Davidge (Dennis Quaid) und Jeriba Shigan (Louis Gossett Jr.) besitzen zunächst keinen gemeinsamen politischen Auftrag. Die Umwelt macht ihre gegenseitige Vernichtung jedoch wenig sinnvoll. Unterkunft, Nahrung und Schutz verlangen wiederholte Kooperation. Der Film lässt Verständigung deshalb aus praktischen Erfahrungen entstehen. Vertrauen wird nicht durch eine abstrakte Rede vorausgesetzt, sondern muss sich bei Aufgaben bewähren, deren Scheitern beide unmittelbar betreffen würde.","„Sie kaufen zusammen ein Raumschiff“ trifft hier nicht zu. Nach ihren Abstürzen müssen beide auf einem gefährlichen Planeten überleben.","„Sie gewinnen gemeinsam eine Wahl“ trifft hier nicht zu. Nach ihren Abstürzen müssen beide auf einem gefährlichen Planeten überleben.","Richtig. Nach ihren Abstürzen müssen beide auf einem gefährlichen Planeten überleben.","„Sie werden für ein Theaterstück engagiert“ trifft hier nicht zu. Nach ihren Abstürzen müssen beide auf einem gefährlichen Planeten überleben.","Geteilte Notwendigkeiten unterlaufen das militärische Feindbild.","Handlung","https://en.wikipedia.org/wiki/Enemy_Mine_(film)|https://en.wikipedia.org/wiki/Wolfgang_Petersen","redaktionell_geprueft"
"SF-202609-P02-M-088","K-SF-202609-P02-M-088","","de","Film","Science-Fiction","Enemy Mine – Geliebter Feind","Enemy Mine","1985","","mittel","Weltwissen","Weltraum|Verständigung","Weltraum|Verständigung","Die Dracs können sich ohne Partner fortpflanzen.","„Enemy Mine – Geliebter Feind“ (1985): Welche Besonderheit der Dracs überrascht Davidge?","Sie wechseln täglich ihre Spezies","Sie benötigen keinerlei Nahrung","Sie bestehen vollständig aus Metall","Sie können sich ohne Partner fortpflanzen","D","Die Dracs können sich ohne Partner fortpflanzen.","Jeriba Shigan (Louis Gossett Jr.) erklärt Willis Davidge (Dennis Quaid) eine biologische Gegebenheit, die nicht in dessen gewohnte Kategorien passt. Der Film nutzt diesen Unterschied auch für die weitere Beziehung zwischen beiden. Fremdheit betrifft hier nicht bloß Sprache oder Haut, sondern Vorstellungen von Familie und Elternschaft. Davidge muss lernen, dass seine eigenen Begriffe nicht für jede Lebensform ohne Anpassung gültig sind.","„Sie wechseln täglich ihre Spezies“ trifft hier nicht zu. Die Dracs können sich ohne Partner fortpflanzen.","„Sie benötigen keinerlei Nahrung“ trifft hier nicht zu. Die Dracs können sich ohne Partner fortpflanzen.","„Sie bestehen vollständig aus Metall“ trifft hier nicht zu. Die Dracs können sich ohne Partner fortpflanzen.","Richtig. Die Dracs können sich ohne Partner fortpflanzen.","Drac-Familie folgt nicht automatisch menschlichen Kategorien.","Handlung","https://en.wikipedia.org/wiki/Enemy_Mine_(film)|https://en.wikipedia.org/wiki/Wolfgang_Petersen","redaktionell_geprueft"
"SF-202609-P02-S-087","K-SF-202609-P02-S-087","","de","Film","Science-Fiction","Enemy Mine – Geliebter Feind","Enemy Mine","1985","","schwer","Handlung","Weltraum|Verständigung","Weltraum|Verständigung","Davidge übernimmt die Fürsorge für Zammis.","„Enemy Mine – Geliebter Feind“ (1985): Wen zieht Davidge nach Jeribas Tod groß?","Ein menschliches Findelkind","Seinen eigenen Bruder","Jeribas Kind Zammis","Einen programmierten Ersatzroboter","C","Davidge übernimmt die Fürsorge für Zammis.","Willis Davidge (Dennis Quaid) wird für Zammis (Bumper Robinson) zur vertrauten Bezugsperson, obwohl er einer anderen Spezies angehört. Die frühere Zusammenarbeit mit Jeriba Shigan (Louis Gossett Jr.) setzt sich so als Verantwortung über dessen Tod hinaus fort. Der Film erweitert Verständigung dadurch um Dauer. Eine gewonnene Freundschaft bleibt nicht nur Erinnerung, sondern verändert konkrete Verpflichtungen und die Zugehörigkeit eines heranwachsenden Kindes.","„Ein menschliches Findelkind“ trifft hier nicht zu. Davidge übernimmt die Fürsorge für Zammis.","„Seinen eigenen Bruder“ trifft hier nicht zu. Davidge übernimmt die Fürsorge für Zammis.","Richtig. Davidge übernimmt die Fürsorge für Zammis.","„Einen programmierten Ersatzroboter“ trifft hier nicht zu. Davidge übernimmt die Fürsorge für Zammis.","Freundschaft wird zur übernommenen Fürsorge.","Auflösung","https://en.wikipedia.org/wiki/Enemy_Mine_(film)|https://en.wikipedia.org/wiki/Wolfgang_Petersen","redaktionell_geprueft"
"SF-202609-P02-S-088","K-SF-202609-P02-S-088","","de","Film","Science-Fiction","Enemy Mine – Geliebter Feind","Enemy Mine","1985","","schwer","Handlungsdetail","Weltraum|Verständigung","Weltraum|Verständigung","Davidge trägt die Familiengeschichte der Jeriba vor.","„Enemy Mine – Geliebter Feind“ (1985): Welche kulturelle Aufgabe erfüllt Davidge für Zammis?","Er erfindet eine andere Drac-Schrift","Er ernennt sich zum militärischen König","Er baut einen neuen Regierungspalast","Er trägt die Ahnenreihe der Familie Jeriba vor","D","Davidge trägt die Familiengeschichte der Jeriba vor.","Willis Davidge (Dennis Quaid) hat die Ahnenreihe von Jeriba Shigan (Louis Gossett Jr.) gelernt und kann Zammis (Bumper Robinson) damit in dessen eigene kulturelle Gemeinschaft einführen. Hilfe bedeutet hier nicht, das Kind ausschließlich nach menschlichen Vorstellungen zu erziehen. Der Film gibt Erinnerung eine soziale Funktion: Zugehörigkeit wird durch erzählte Herkunft anerkannt, und ein früherer Feind übernimmt die Verantwortung, diese Herkunft zu bewahren.","„Er erfindet eine andere Drac-Schrift“ trifft hier nicht zu. Davidge trägt die Familiengeschichte der Jeriba vor.","„Er ernennt sich zum militärischen König“ trifft hier nicht zu. Davidge trägt die Familiengeschichte der Jeriba vor.","„Er baut einen neuen Regierungspalast“ trifft hier nicht zu. Davidge trägt die Familiengeschichte der Jeriba vor.","Richtig. Davidge trägt die Familiengeschichte der Jeriba vor.","Davidge bewahrt eine fremde Familiengeschichte.","Auflösung","https://en.wikipedia.org/wiki/Enemy_Mine_(film)|https://en.wikipedia.org/wiki/Wolfgang_Petersen","redaktionell_geprueft"
"SF-202609-P02-L-089","K-SF-202609-P02-L-089","","de","Film","Science-Fiction","Outland – Planet der Verdammten","Outland","1981","","leicht","Besetzung","Weltraum|Kriminalfilm","Weltraum|Kriminalfilm","Sean Connery spielt William O’Niel.","„Outland – Planet der Verdammten“ (1981): Wer spielt Marshal William O’Niel?","Sean Connery","Timothy Dalton","George Lazenby","Roger Moore","A","Sean Connery spielt William O’Niel.","Sean Connerys bekanntes James-Bond-Image wird hier deutlich zurückgenommen. William O’Niel ist ein müder Ordnungshüter in einer industriellen Umgebung, kein luxuriös reisender Geheimagent. Connery spielte außerdem in „Der Name der Rose“ und „Die Unbestechlichen“. In „Outland“ liegt die Spannung vor allem darin, ob ein einzelner Amtsträger seine Arbeit weiterführt, wenn das soziale Umfeld ihn damit weitgehend allein lässt.","Richtig. Sean Connery spielt William O’Niel.","„Timothy Dalton“ trifft hier nicht zu. Sean Connery spielt William O’Niel.","„George Lazenby“ trifft hier nicht zu. Sean Connery spielt William O’Niel.","„Roger Moore“ trifft hier nicht zu. Sean Connery spielt William O’Niel.","Connerys Marshal arbeitet ohne glamourösen Rückhalt.","keine","https://en.wikipedia.org/wiki/Outland_(film)|https://en.wikipedia.org/wiki/Peter_Hyams","redaktionell_geprueft"
"SF-202609-P02-L-090","K-SF-202609-P02-L-090","","de","Film","Science-Fiction","Outland – Planet der Verdammten","Outland","1981","","leicht","Schauplatz","Weltraum|Kriminalfilm","Weltraum|Kriminalfilm","Die Bergbaukolonie liegt auf Io.","„Outland – Planet der Verdammten“ (1981): Auf welchem Jupitermond befindet sich die Bergbaukolonie?","Kallisto","Io","Europa","Ganymed","B","Die Bergbaukolonie liegt auf Io.","Die Kolonie organisiert Leben und Arbeit in einer Umgebung ohne frei atembare Außenluft. William O’Niel (Sean Connery) kann den Konflikt daher nicht einfach räumlich verlassen oder Hilfe aus einer Nachbarstadt holen. Schleusen, Versorgungsflüge und geschlossene Arbeitsbereiche übernehmen Funktionen, die im Western Straßen und Bahnhöfe erfüllen. Die Science-Fiction-Umgebung verstärkt so die Isolation eines vertrauten Erzählmusters.","„Kallisto“ trifft hier nicht zu. Die Bergbaukolonie liegt auf Io.","Richtig. Die Bergbaukolonie liegt auf Io.","„Europa“ trifft hier nicht zu. Die Bergbaukolonie liegt auf Io.","„Ganymed“ trifft hier nicht zu. Die Bergbaukolonie liegt auf Io.","Io macht die Bergbaustadt zu einer abgeschlossenen Welt.","Handlung","https://en.wikipedia.org/wiki/Outland_(film)|https://en.wikipedia.org/wiki/Peter_Hyams","redaktionell_geprueft"
"SF-202609-P02-M-089","K-SF-202609-P02-M-089","","de","Film","Science-Fiction","Outland – Planet der Verdammten","Outland","1981","","mittel","Figuren","Weltraum|Kriminalfilm","Weltraum|Kriminalfilm","Dr. Lazarus unterstützt die Ermittlungen.","„Outland – Planet der Verdammten“ (1981): Welche Ärztin unterstützt O’Niels Untersuchung?","Dr. Lazarus","Dr. Dupré","Dr. Shaw","Dr. Calvin","A","Dr. Lazarus unterstützt die Ermittlungen.","Dr. Lazarus (Frances Sternhagen) begegnet William O’Niel (Sean Connery) zunächst mit trockenem Widerstand, wird aber zu seiner wichtigsten sachlichen Verbündeten. Ihre medizinischen Befunde ergänzen seine Beobachtungen. Die Figur erhält damit eine Handlungsmacht, die nicht auf körperlicher Konfrontation beruht. In einer Umgebung, in der viele wegsehen, kann genaues Untersuchen und das Aussprechen eines unbequemen Ergebnisses bereits einen entscheidenden Unterschied machen.","Richtig. Dr. Lazarus unterstützt die Ermittlungen.","„Dr. Dupré“ trifft hier nicht zu. Dr. Lazarus unterstützt die Ermittlungen.","„Dr. Shaw“ trifft hier nicht zu. Dr. Lazarus unterstützt die Ermittlungen.","„Dr. Calvin“ trifft hier nicht zu. Dr. Lazarus unterstützt die Ermittlungen.","Lazarus liefert Befunde und bleibt als Verbündete.","Handlung","https://en.wikipedia.org/wiki/Outland_(film)|https://en.wikipedia.org/wiki/Peter_Hyams","redaktionell_geprueft"
"SF-202609-P02-M-090","K-SF-202609-P02-M-090","","de","Film","Science-Fiction","Outland – Planet der Verdammten","Outland","1981","","mittel","Handlung","Weltraum|Kriminalfilm","Weltraum|Kriminalfilm","Eine gefährliche leistungssteigernde Droge verursacht die Zusammenbrüche.","„Outland – Planet der Verdammten“ (1981): Was steckt hinter den auffälligen Zusammenbrüchen der Arbeiter?","Eine fehlerhafte Zeitmaschine","Eine leistungssteigernde Droge","Ein außerirdischer Parasit","Ein verfluchtes Erzstück","B","Eine gefährliche leistungssteigernde Droge verursacht die Zusammenbrüche.","William O’Niel (Sean Connery) und Dr. Lazarus (Frances Sternhagen) finden eine Verbindung zwischen erhöhter Arbeitsleistung und späterem körperlich-psychischem Schaden. Die Bedrohung stammt damit aus dem Betrieb selbst, nicht aus einer fremden Invasion. Der Film macht einen Interessenkonflikt konkret: Kurzfristige Produktivität kann für Verantwortliche vorteilhaft sein, während die langfristigen Folgen von den einzelnen Beschäftigten getragen werden müssen.","„Eine fehlerhafte Zeitmaschine“ trifft hier nicht zu. Eine gefährliche leistungssteigernde Droge verursacht die Zusammenbrüche.","Richtig. Eine gefährliche leistungssteigernde Droge verursacht die Zusammenbrüche.","„Ein außerirdischer Parasit“ trifft hier nicht zu. Eine gefährliche leistungssteigernde Droge verursacht die Zusammenbrüche.","„Ein verfluchtes Erzstück“ trifft hier nicht zu. Eine gefährliche leistungssteigernde Droge verursacht die Zusammenbrüche.","Der Produktionsrekord hat einen zerstörerischen Preis.","Handlung","https://en.wikipedia.org/wiki/Outland_(film)|https://en.wikipedia.org/wiki/Peter_Hyams","redaktionell_geprueft"
"SF-202609-P02-S-089","K-SF-202609-P02-S-089","","de","Film","Science-Fiction","Outland – Planet der Verdammten","Outland","1981","","schwer","Besetzung","Weltraum|Kriminalfilm","Weltraum|Kriminalfilm","Peter Boyle spielt Mark Sheppard.","„Outland – Planet der Verdammten“ (1981): Wer spielt den Kolonieleiter Mark Sheppard?","Peter Boyle","Brian Dennehy","Charles Durning","Ned Beatty","A","Peter Boyle spielt Mark Sheppard.","Peter Boyle ist vielen als Kreatur in „Frankenstein Junior“ und aus der Serie „Alle lieben Raymond“ bekannt. Mark Sheppard zeigt eine andere Seite: einen Manager, dessen ruhiges Auftreten wirtschaftlichen Druck und verdeckte Gewalt zusammenhält. Gegenüber William O’Niel (Sean Connery) muss er nicht ständig drohen. Seine Macht liegt auch darin, dass Arbeitsplätze, Abläufe und Loyalitäten der Kolonie von seiner Stellung abhängen.","Richtig. Peter Boyle spielt Mark Sheppard.","„Brian Dennehy“ trifft hier nicht zu. Peter Boyle spielt Mark Sheppard.","„Charles Durning“ trifft hier nicht zu. Peter Boyle spielt Mark Sheppard.","„Ned Beatty“ trifft hier nicht zu. Peter Boyle spielt Mark Sheppard.","Boyles Sheppard besitzt Macht über den Betrieb.","keine","https://en.wikipedia.org/wiki/Outland_(film)|https://en.wikipedia.org/wiki/Peter_Hyams","redaktionell_geprueft"
"SF-202609-P02-S-090","K-SF-202609-P02-S-090","","de","Film","Science-Fiction","Outland – Planet der Verdammten","Outland","1981","","schwer","Handlungsdetail","Weltraum|Kriminalfilm","Weltraum|Kriminalfilm","Die Killer sollen mit einem Versorgungs-Shuttle eintreffen.","„Outland – Planet der Verdammten“ (1981): Mit welchem regulären Verkehrsmittel werden die angeheuerten Killer erwartet?","Mit einem Güterzug","Mit dem Versorgungs-Shuttle","Mit einem Luftschiff","Mit einem Unterseeboot","B","Die Killer sollen mit einem Versorgungs-Shuttle eintreffen.","William O’Niel (Sean Connery) kennt die bevorstehende Ankunft, kann aber kaum auf Unterstützung zählen. Der Fahrplan wird dadurch zum Countdown. Das erinnert strukturell an den Western, in dem ein erwarteter Zug die Bedrohung heranbringt. Der Film kopiert nicht einfach Kleidung oder Landschaft, sondern überträgt die dramatische Funktion eines regelmäßigen Verkehrsmittels in eine technisch andere, ebenso abgeschlossene Gemeinschaft.","„Mit einem Güterzug“ trifft hier nicht zu. Die Killer sollen mit einem Versorgungs-Shuttle eintreffen.","Richtig. Die Killer sollen mit einem Versorgungs-Shuttle eintreffen.","„Mit einem Luftschiff“ trifft hier nicht zu. Die Killer sollen mit einem Versorgungs-Shuttle eintreffen.","„Mit einem Unterseeboot“ trifft hier nicht zu. Die Killer sollen mit einem Versorgungs-Shuttle eintreffen.","Das Shuttle übernimmt die Rolle des bedrohlich erwarteten Zuges.","Handlung","https://en.wikipedia.org/wiki/Outland_(film)|https://en.wikipedia.org/wiki/Peter_Hyams","redaktionell_geprueft"
"SF-202609-P02-L-091","K-SF-202609-P02-L-091","","de","Film","Science-Fiction","The 13th Floor – Bist du, was du denkst?","The Thirteenth Floor","1999","","leicht","Weltwissen","Virtuelle Realität|Identität","Virtuelle Realität|Identität","Die Simulation bildet Los Angeles im Jahr 1937 nach.","„The 13th Floor – Bist du, was du denkst?“ (1999): Welche historische Stadtwelt wurde im Computer nachgebildet?","London von 1888","Paris von 1789","Los Angeles von 1937","Berlin von 1927","C","Die Simulation bildet Los Angeles im Jahr 1937 nach.","Douglas Hall (Craig Bierko) betritt eine rekonstruierte Vergangenheit, deren Bewohner ihre Umgebung nicht als künstlich wahrnehmen. Die historischen Straßen und Innenräume sind deshalb mehr als nostalgische Ausstattung. Sie schaffen zunächst einen klaren Abstand zur vermeintlichen Gegenwart. Gerade diese scheinbar sichere Trennung wird später wichtig, weil der Film die Frage nach einer künstlichen Welt nicht auf die sichtbar ältere Umgebung beschränkt.","„London von 1888“ trifft hier nicht zu. Die Simulation bildet Los Angeles im Jahr 1937 nach.","„Paris von 1789“ trifft hier nicht zu. Die Simulation bildet Los Angeles im Jahr 1937 nach.","Richtig. Die Simulation bildet Los Angeles im Jahr 1937 nach.","„Berlin von 1927“ trifft hier nicht zu. Die Simulation bildet Los Angeles im Jahr 1937 nach.","Das historische Los Angeles dient als scheinbar klar erkennbare Simulation.","Handlung","https://en.wikipedia.org/wiki/The_Thirteenth_Floor|https://en.wikipedia.org/wiki/Josef_Rusnak","redaktionell_geprueft"
"SF-202609-P02-L-092","K-SF-202609-P02-L-092","","de","Film","Science-Fiction","The 13th Floor – Bist du, was du denkst?","The Thirteenth Floor","1999","","leicht","Besetzung","Virtuelle Realität|Identität","Virtuelle Realität|Identität","Craig Bierko spielt Douglas Hall.","„The 13th Floor – Bist du, was du denkst?“ (1999): Wer spielt Douglas Hall?","Billy Zane","Matthew Perry","David Duchovny","Craig Bierko","D","Craig Bierko spielt Douglas Hall.","Craig Bierko ist auch als Boxer Max Baer in „Das Comeback“ zu sehen. Douglas Hall verlangt dagegen ein Spiel mit verunsicherter Identität und Erinnerungslücken. Die verschiedenen Rollen, die Bierko innerhalb der Wirklichkeitsebenen übernimmt, verbinden ein wiedererkennbares Gesicht mit abweichenden Biografien. Das Publikum muss deshalb genauer unterscheiden, wer in einer Szene handelt, statt allein aus dem Aussehen auf eine unveränderte Person zu schließen.","„Billy Zane“ trifft hier nicht zu. Craig Bierko spielt Douglas Hall.","„Matthew Perry“ trifft hier nicht zu. Craig Bierko spielt Douglas Hall.","„David Duchovny“ trifft hier nicht zu. Craig Bierko spielt Douglas Hall.","Richtig. Craig Bierko spielt Douglas Hall.","Bierkos Gesicht verbindet unterschiedliche Identitäten.","keine","https://en.wikipedia.org/wiki/The_Thirteenth_Floor|https://en.wikipedia.org/wiki/Josef_Rusnak","redaktionell_geprueft"
"SF-202609-P02-M-091","K-SF-202609-P02-M-091","","de","Film","Science-Fiction","The 13th Floor – Bist du, was du denkst?","The Thirteenth Floor","1999","","mittel","Besetzung","Virtuelle Realität|Identität","Virtuelle Realität|Identität","Armin Mueller-Stahl spielt Hannon Fuller.","„The 13th Floor – Bist du, was du denkst?“ (1999): Wer spielt den Unternehmer Hannon Fuller?","Jürgen Prochnow","Maximilian Schell","Armin Mueller-Stahl","Bruno Ganz","C","Armin Mueller-Stahl spielt Hannon Fuller.","Armin Mueller-Stahl war bereits durch Filme wie „Music Box“ und „Shine“ international bekannt. Hannon Fuller besitzt in „The 13th Floor“ die Autorität eines erfahrenen Entwicklers, dessen Wissen über das eigene Projekt weitreichende Folgen hat. Seine verschiedenen Erscheinungsformen verbinden die Ebenen des Films. Der Darsteller muss dadurch sowohl Wiedererkennung ermöglichen als auch vermeiden, dass jede Figur bloß wie dieselbe Person in einem anderen Kostüm wirkt.","„Jürgen Prochnow“ trifft hier nicht zu. Armin Mueller-Stahl spielt Hannon Fuller.","„Maximilian Schell“ trifft hier nicht zu. Armin Mueller-Stahl spielt Hannon Fuller.","Richtig. Armin Mueller-Stahl spielt Hannon Fuller.","„Bruno Ganz“ trifft hier nicht zu. Armin Mueller-Stahl spielt Hannon Fuller.","Mueller-Stahl verbindet Erfahrung mit einem gefährlichen Wissensvorsprung.","keine","https://en.wikipedia.org/wiki/The_Thirteenth_Floor|https://en.wikipedia.org/wiki/Josef_Rusnak","redaktionell_geprueft"
"SF-202609-P02-M-092","K-SF-202609-P02-M-092","","de","Film","Science-Fiction","The 13th Floor – Bist du, was du denkst?","The Thirteenth Floor","1999","","mittel","Literatur","Virtuelle Realität|Identität","Virtuelle Realität|Identität","Die Romanvorlage heißt Simulacron-3.","„The 13th Floor – Bist du, was du denkst?“ (1999): Wie heißt die Romanvorlage von Daniel F. Galouye?","Snow Crash","Neuromancer","Ubik","Simulacron-3","D","Die Romanvorlage heißt Simulacron-3.","Daniel F. Galouyes Roman wurde bereits zuvor für „Welt am Draht“ adaptiert. „The 13th Floor“ ist daher nicht einfach eine Fortsetzung dieses Fernsehfilms, sondern eine weitere Bearbeitung des literarischen Stoffes. Die Grundfrage betrifft die Selbstgewissheit von Wesen innerhalb einer berechneten Umwelt. Durch die Kriminalhandlung bekommt dieses philosophische Problem konkrete Spuren, Verdächtige und Entscheidungen, die eine abstrakte Diskussion in Bewegung setzen.","„Snow Crash“ trifft hier nicht zu. Die Romanvorlage heißt Simulacron-3.","„Neuromancer“ trifft hier nicht zu. Die Romanvorlage heißt Simulacron-3.","„Ubik“ trifft hier nicht zu. Die Romanvorlage heißt Simulacron-3.","Richtig. Die Romanvorlage heißt Simulacron-3.","Simulacron-3 liegt mehreren eigenständigen Verfilmungen zugrunde.","keine","https://en.wikipedia.org/wiki/The_Thirteenth_Floor|https://en.wikipedia.org/wiki/Josef_Rusnak","redaktionell_geprueft"
"SF-202609-P02-S-091","K-SF-202609-P02-S-091","","de","Film","Science-Fiction","The 13th Floor – Bist du, was du denkst?","The Thirteenth Floor","1999","","schwer","Handlungsdetail","Virtuelle Realität|Identität","Virtuelle Realität|Identität","Hall erreicht einen Randbereich, der nur noch als Drahtgittermodell existiert.","„The 13th Floor – Bist du, was du denkst?“ (1999): Was entdeckt Hall bei seiner Fahrt an einen unwahrscheinlichen Zielort?","Ein geheimes Königreich","Eine zweite Sonne","Die Welt endet in einem Drahtgittermodell","Ein schlafendes Riesentier","C","Hall erreicht einen Randbereich, der nur noch als Drahtgittermodell existiert.","Douglas Hall (Craig Bierko) prüft seine Welt nicht durch endloses Nachdenken, sondern durch einen gezielten ungewöhnlichen Weg. Die normale Lebensführung hätte ihn offenbar nicht dorthin gebracht. Das unvollständig ausgearbeitete Gelände wird zum materiellen Gegenbeweis seiner bisherigen Annahme. Die Szene übersetzt eine erkenntnistheoretische Frage in ein anschauliches Bild: Eine Umgebung kann im gewohnten Gebrauch überzeugend sein und bei einem anderen Zugriff ihre Konstruktion zeigen.","„Ein geheimes Königreich“ trifft hier nicht zu. Hall erreicht einen Randbereich, der nur noch als Drahtgittermodell existiert.","„Eine zweite Sonne“ trifft hier nicht zu. Hall erreicht einen Randbereich, der nur noch als Drahtgittermodell existiert.","Richtig. Hall erreicht einen Randbereich, der nur noch als Drahtgittermodell existiert.","„Ein schlafendes Riesentier“ trifft hier nicht zu. Hall erreicht einen Randbereich, der nur noch als Drahtgittermodell existiert.","Ein ungewöhnlicher Weg zeigt die Grenze des Modells.","Auflösung","https://en.wikipedia.org/wiki/The_Thirteenth_Floor|https://en.wikipedia.org/wiki/Josef_Rusnak","redaktionell_geprueft"
"SF-202609-P02-S-092","K-SF-202609-P02-S-092","","de","Film","Science-Fiction","The 13th Floor – Bist du, was du denkst?","The Thirteenth Floor","1999","","schwer","Figuren","Virtuelle Realität|Identität","Virtuelle Realität|Identität","Vincent D’Onofrio spielt Whitney und Ashton.","„The 13th Floor – Bist du, was du denkst?“ (1999): Wer spielt sowohl Jason Whitney als auch Jerry Ashton?","William Fichtner","Dennis Haysbert","Peter Weller","Vincent D’Onofrio","D","Vincent D’Onofrio spielt Whitney und Ashton.","Vincent D’Onofrio ist unter anderem aus „Full Metal Jacket“ und als Edgar in „Men in Black“ bekannt. Jason Whitney und Jerry Ashton verlangen hier unterschiedliche Verhaltensweisen innerhalb miteinander verbundener Ebenen. Der Effekt beruht nicht nur auf einer Enthüllung, sondern auf dem genauen Wiedererkennen von Stimme, Gesicht und Haltung. Die Besetzung wird damit selbst zu einem Werkzeug, mit dem der Film seine verschachtelte Welt organisiert.","„William Fichtner“ trifft hier nicht zu. Vincent D’Onofrio spielt Whitney und Ashton.","„Dennis Haysbert“ trifft hier nicht zu. Vincent D’Onofrio spielt Whitney und Ashton.","„Peter Weller“ trifft hier nicht zu. Vincent D’Onofrio spielt Whitney und Ashton.","Richtig. Vincent D’Onofrio spielt Whitney und Ashton.","D’Onofrios Doppelrolle macht Ebenenbeziehungen sichtbar.","keine","https://en.wikipedia.org/wiki/The_Thirteenth_Floor|https://en.wikipedia.org/wiki/Josef_Rusnak","redaktionell_geprueft"
"SF-202609-P02-L-093","K-SF-202609-P02-L-093","","de","Film","Science-Fiction","Under the Skin","Under the Skin","2013","","leicht","Besetzung","Identität|Arthouse","Identität|Arthouse","Scarlett Johansson spielt die namenlose Frau.","„Under the Skin“ (2013): Wer spielt die namenlose Frau?","Scarlett Johansson","Natalie Portman","Rooney Mara","Michelle Williams","A","Scarlett Johansson spielt die namenlose Frau.","Scarlett Johansson war bereits durch „Lost in Translation“ und als Black Widow bekannt. In „Under the Skin“ wird ihre Starpräsenz anders eingesetzt: Wenig erklärender Dialog und distanzierte Beobachtung lassen vertraute menschliche Gesten fremd erscheinen. Die Figur erhält keine bequem ausformulierte Biografie. Ihr Auftreten muss deshalb über Auswahl, Blick und Bewegung gelesen werden, während das Publikum nur begrenzt Zugang zu ihren Absichten bekommt.","Richtig. Scarlett Johansson spielt die namenlose Frau.","„Natalie Portman“ trifft hier nicht zu. Scarlett Johansson spielt die namenlose Frau.","„Rooney Mara“ trifft hier nicht zu. Scarlett Johansson spielt die namenlose Frau.","„Michelle Williams“ trifft hier nicht zu. Scarlett Johansson spielt die namenlose Frau.","Johanssons bekannte Erscheinung wird zum fremden Blick.","keine","https://en.wikipedia.org/wiki/Under_the_Skin_(2013_film)|https://en.wikipedia.org/wiki/Jonathan_Glazer","redaktionell_geprueft"
"SF-202609-P02-L-094","K-SF-202609-P02-L-094","","de","Film","Science-Fiction","Under the Skin","Under the Skin","2013","","leicht","Schauplatz","Identität|Arthouse","Identität|Arthouse","Die Handlung spielt in Schottland.","„Under the Skin“ (2013): In welchem Land bewegt sich die Frau überwiegend?","Island","Schottland","Norwegen","Irland","B","Die Handlung spielt in Schottland.","Straßen in Glasgow und offenere schottische Landschaften liefern sehr unterschiedliche Räume. Die Frau (Scarlett Johansson) bewegt sich zunächst in einem Fahrzeug durch alltägliche Begegnungen, später stärker zu Fuß und schutzlos. Der Wechsel verändert ihre Beziehung zur Umgebung. Die Landschaft bleibt nicht bloß ein schönes Gegenbild zur Stadt, sondern kann ebenso wenig Sicherheit garantieren wie die zuvor durchquerten sozialen Räume.","„Island“ trifft hier nicht zu. Die Handlung spielt in Schottland.","Richtig. Die Handlung spielt in Schottland.","„Norwegen“ trifft hier nicht zu. Die Handlung spielt in Schottland.","„Irland“ trifft hier nicht zu. Die Handlung spielt in Schottland.","Schottland wird vom Beobachtungsraum zum unsicheren Lebensraum.","Handlung","https://en.wikipedia.org/wiki/Under_the_Skin_(2013_film)|https://en.wikipedia.org/wiki/Jonathan_Glazer","redaktionell_geprueft"
"SF-202609-P02-M-093","K-SF-202609-P02-M-093","","de","Film","Science-Fiction","Under the Skin","Under the Skin","2013","","mittel","Handlungsdetail","Identität|Arthouse","Identität|Arthouse","Die Frau fährt einen Lieferwagen.","„Under the Skin“ (2013): Mit welchem Fahrzeug sucht die Frau zunächst Kontakt zu Männern?","Mit einem Lieferwagen","Mit einer Straßenbahn","Mit einem Segelboot","Mit einem Motorrad","A","Die Frau fährt einen Lieferwagen.","Der Wagen ermöglicht der Frau (Scarlett Johansson), Gespräche zu beginnen und gleichzeitig Abstand zu halten. Die seitliche Position am Fenster macht aus gewöhnlichen Nachfragen eine Auswahlhandlung. Ein Teil der Straßenbegegnungen wurde mit versteckten Kameras aufgenommen und anschließend mit Einverständnis der Beteiligten verwendet. Das verbindet die erfundene Figur mit spontanen Reaktionen und gibt den urbanen Passagen eine ungewöhnlich unmittelbare Alltagsoberfläche.","Richtig. Die Frau fährt einen Lieferwagen.","„Mit einer Straßenbahn“ trifft hier nicht zu. Die Frau fährt einen Lieferwagen.","„Mit einem Segelboot“ trifft hier nicht zu. Die Frau fährt einen Lieferwagen.","„Mit einem Motorrad“ trifft hier nicht zu. Die Frau fährt einen Lieferwagen.","Das Fahrzeug ist Kontaktmittel und geschützter Beobachtungsposten.","Handlung","https://en.wikipedia.org/wiki/Under_the_Skin_(2013_film)|https://en.wikipedia.org/wiki/Jonathan_Glazer","redaktionell_geprueft"
"SF-202609-P02-M-094","K-SF-202609-P02-M-094","","de","Film","Science-Fiction","Under the Skin","Under the Skin","2013","","mittel","Literatur","Identität|Arthouse","Identität|Arthouse","Der Roman stammt von Michel Faber.","„Under the Skin“ (2013): Welcher Autor schrieb den gleichnamigen Roman?","Kazuo Ishiguro","Michel Faber","Iain Banks","David Mitchell","B","Der Roman stammt von Michel Faber.","Michel Fabers Roman liefert den Ausgangsstoff, doch die Verfilmung reduziert viele erklärende Zusammenhänge und entwickelt eine eigene sinnliche Form. Die Frau (Scarlett Johansson) wird dadurch weniger über ein ausgearbeitetes Hintergrundwissen als über Wahrnehmung erfahrbar. Wer die literarische Handlung kennt, sollte daher nicht sämtliche dortigen Informationen automatisch als ausdrücklich bestätigte Filmfakten behandeln. Die Unterschiede gehören wesentlich zum eigenständigen Charakter dieser Adaption.","„Kazuo Ishiguro“ trifft hier nicht zu. Der Roman stammt von Michel Faber.","Richtig. Der Roman stammt von Michel Faber.","„Iain Banks“ trifft hier nicht zu. Der Roman stammt von Michel Faber.","„David Mitchell“ trifft hier nicht zu. Der Roman stammt von Michel Faber.","Fabers Roman und Glazers Film erklären unterschiedlich viel.","keine","https://en.wikipedia.org/wiki/Under_the_Skin_(2013_film)|https://en.wikipedia.org/wiki/Jonathan_Glazer","redaktionell_geprueft"
"SF-202609-P02-S-093","K-SF-202609-P02-S-093","","de","Film","Science-Fiction","Under the Skin","Under the Skin","2013","","schwer","Musik","Identität|Arthouse","Identität|Arthouse","Mica Levi komponierte die Filmmusik.","„Under the Skin“ (2013): Wer komponierte die auffällige Filmmusik?","Mica Levi","Hildur Guðnadóttir","Clint Mansell","Jóhann Jóhannsson","A","Mica Levi komponierte die Filmmusik.","Mica Levi arbeitet mit wiederkehrenden Klangfiguren, verfremdeten Streichern und irritierenden Verschiebungen. Die Musik bietet selten eine einfache emotionale Gebrauchsanweisung. Sie kann Bewegung anziehend und zugleich bedrohlich machen. Dadurch erhält die Wahrnehmung der Frau (Scarlett Johansson) eine klangliche Umgebung, die nicht vollständig mit gewöhnlicher menschlicher Gefühlsdarstellung zusammenfällt. Levi komponierte später auch die Musik zu „Jackie“ und „The Zone of Interest“.","Richtig. Mica Levi komponierte die Filmmusik.","„Hildur Guðnadóttir“ trifft hier nicht zu. Mica Levi komponierte die Filmmusik.","„Clint Mansell“ trifft hier nicht zu. Mica Levi komponierte die Filmmusik.","„Jóhann Jóhannsson“ trifft hier nicht zu. Mica Levi komponierte die Filmmusik.","Mica Levis Musik macht Vertrautes körperlich fremd.","keine","https://en.wikipedia.org/wiki/Under_the_Skin_(2013_film)|https://en.wikipedia.org/wiki/Jonathan_Glazer","redaktionell_geprueft"
"SF-202609-P02-S-094","K-SF-202609-P02-S-094","","de","Film","Science-Fiction","Under the Skin","Under the Skin","2013","","schwer","Handlungsdetail","Identität|Arthouse","Identität|Arthouse","Die Frau versucht, Kuchen zu essen, kann ihn aber nicht bei sich behalten.","„Under the Skin“ (2013): Was versucht die Frau in einem Restaurant erfolglos?","Eine fremde Uhr aufzuziehen","Ein Stück Kuchen zu essen","Eine Zeitung zu verbrennen","Eine Geige zu stimmen","B","Die Frau versucht, Kuchen zu essen, kann ihn aber nicht bei sich behalten.","Die Frau (Scarlett Johansson) probiert eine gewöhnliche menschliche Handlung aus, die ihr Körper nicht problemlos vollzieht. Die Szene benötigt keine technische Erklärung ihrer Herkunft. Ein kleiner alltäglicher Vorgang genügt, um die Grenze zwischen äußerer Ähnlichkeit und körperlicher Zugehörigkeit zu zeigen. Essen wird dadurch nicht bloß zum Symbol, sondern zu einem konkreten Versuch, an einer Lebensweise teilzunehmen, deren Voraussetzungen sie erst erkundet.","„Eine fremde Uhr aufzuziehen“ trifft hier nicht zu. Die Frau versucht, Kuchen zu essen, kann ihn aber nicht bei sich behalten.","Richtig. Die Frau versucht, Kuchen zu essen, kann ihn aber nicht bei sich behalten.","„Eine Zeitung zu verbrennen“ trifft hier nicht zu. Die Frau versucht, Kuchen zu essen, kann ihn aber nicht bei sich behalten.","„Eine Geige zu stimmen“ trifft hier nicht zu. Die Frau versucht, Kuchen zu essen, kann ihn aber nicht bei sich behalten.","Menschlich aussehen heißt nicht automatisch menschlich essen können.","Handlung","https://en.wikipedia.org/wiki/Under_the_Skin_(2013_film)|https://en.wikipedia.org/wiki/Jonathan_Glazer","redaktionell_geprueft"
"SF-202609-P02-L-095","K-SF-202609-P02-L-095","","de","Film","Science-Fiction","Donnie Darko","Donnie Darko","2001","","leicht","Besetzung","Zeit|Jugend|Arthouse","Zeit|Jugend|Arthouse","Jake Gyllenhaal spielt Donnie Darko.","„Donnie Darko“ (2001): Wer spielt Donnie Darko?","Elijah Wood","Tobey Maguire","Jake Gyllenhaal","Jared Leto","C","Jake Gyllenhaal spielt Donnie Darko.","Jake Gyllenhaal verbindet Donnies scharfen Witz mit Rückzug und Verunsicherung. Später wurde er etwa durch „Brokeback Mountain“, „Zodiac“ und „Nightcrawler“ bekannt. In dieser frühen Hauptrolle muss er widersprüchliche Eindrücke nebeneinander tragen: Der Jugendliche kann verletzlich, provokant und aufmerksam wirken, ohne dass der Film jede seiner Wahrnehmungen eindeutig bestätigt. Die Darstellung ist deshalb zentral für die Schwebe zwischen subjektiver Krise und ungewöhnlichem Geschehen.","„Elijah Wood“ trifft hier nicht zu. Jake Gyllenhaal spielt Donnie Darko.","„Tobey Maguire“ trifft hier nicht zu. Jake Gyllenhaal spielt Donnie Darko.","Richtig. Jake Gyllenhaal spielt Donnie Darko.","„Jared Leto“ trifft hier nicht zu. Jake Gyllenhaal spielt Donnie Darko.","Gyllenhaals Donnie bleibt verletzlich und schwer einzuordnen.","keine","https://en.wikipedia.org/wiki/Donnie_Darko|https://en.wikipedia.org/wiki/Richard_Kelly_(filmmaker)","redaktionell_geprueft"
"SF-202609-P02-L-096","K-SF-202609-P02-L-096","","de","Film","Science-Fiction","Donnie Darko","Donnie Darko","2001","","leicht","Figuren","Zeit|Jugend|Arthouse","Zeit|Jugend|Arthouse","Frank erscheint in einem unheimlichen Hasenkostüm.","„Donnie Darko“ (2001): In welcher Gestalt erscheint Frank?","Als weißer Astronaut","Als brennender Vogel","In einer Ritterrüstung","In einem unheimlichen Hasenkostüm","D","Frank erscheint in einem unheimlichen Hasenkostüm.","Frank (James Duval) verbindet die vertraute Form eines Kostüms mit einer starren, bedrohlichen Maske. Donnie Darko (Jake Gyllenhaal) begegnet dadurch keinem eindeutig alltäglichen Gesprächspartner. Die Gestaltung arbeitet gerade mit dieser Mehrdeutigkeit: Ein verkleideter Mensch ist denkbar, aber sein Auftreten passt nicht in eine gewöhnliche Begegnung. Der Film lässt die visuelle Fremdheit lange wirksam bleiben, bevor spätere Ereignisse neue Beziehungen erkennen lassen.","„Als weißer Astronaut“ trifft hier nicht zu. Frank erscheint in einem unheimlichen Hasenkostüm.","„Als brennender Vogel“ trifft hier nicht zu. Frank erscheint in einem unheimlichen Hasenkostüm.","„In einer Ritterrüstung“ trifft hier nicht zu. Frank erscheint in einem unheimlichen Hasenkostüm.","Richtig. Frank erscheint in einem unheimlichen Hasenkostüm.","Das Hasenkostüm macht Frank vertraut und unheimlich zugleich.","Handlung","https://en.wikipedia.org/wiki/Donnie_Darko|https://en.wikipedia.org/wiki/Richard_Kelly_(filmmaker)","redaktionell_geprueft"
"SF-202609-P02-M-095","K-SF-202609-P02-M-095","","de","Film","Science-Fiction","Donnie Darko","Donnie Darko","2001","","mittel","Handlungsdetail","Zeit|Jugend|Arthouse","Zeit|Jugend|Arthouse","Ein Flugzeugtriebwerk stürzt in Donnies Zimmer.","„Donnie Darko“ (2001): Welcher Gegenstand stürzt in Donnies Schlafzimmer?","Ein Satellitenpanel","Ein Wassertank","Ein Flugzeugtriebwerk","Eine Kirchenglocke","C","Ein Flugzeugtriebwerk stürzt in Donnies Zimmer.","Donnie Darko (Jake Gyllenhaal) ist während des Einschlags nicht im Bett. Das zerstörte Zimmer macht eine gerade vermiedene Möglichkeit sichtbar, ohne ihre Ursache sofort zu erklären. Ein großes technisches Objekt liegt im privaten Familienraum und passt nicht zur verfügbaren Geschichte seiner Herkunft. Der Film setzt damit ein konkretes materielles Rätsel neben die subjektiven Erfahrungen des Jugendlichen, statt alles nur auf dessen Wahrnehmung zu begrenzen.","„Ein Satellitenpanel“ trifft hier nicht zu. Ein Flugzeugtriebwerk stürzt in Donnies Zimmer.","„Ein Wassertank“ trifft hier nicht zu. Ein Flugzeugtriebwerk stürzt in Donnies Zimmer.","Richtig. Ein Flugzeugtriebwerk stürzt in Donnies Zimmer.","„Eine Kirchenglocke“ trifft hier nicht zu. Ein Flugzeugtriebwerk stürzt in Donnies Zimmer.","Das Triebwerk ist ein greifbares Rätsel im Schlafzimmer.","Handlung","https://en.wikipedia.org/wiki/Donnie_Darko|https://en.wikipedia.org/wiki/Richard_Kelly_(filmmaker)","redaktionell_geprueft"
"SF-202609-P02-M-096","K-SF-202609-P02-M-096","","de","Film","Science-Fiction","Donnie Darko","Donnie Darko","2001","","mittel","Besetzung","Zeit|Jugend|Arthouse","Zeit|Jugend|Arthouse","Patrick Swayze spielt Jim Cunningham.","„Donnie Darko“ (2001): Wer spielt den Motivationstrainer Jim Cunningham?","Rob Lowe","Kevin Bacon","Matt Dillon","Patrick Swayze","D","Patrick Swayze spielt Jim Cunningham.","Patrick Swayzes Image war stark von „Dirty Dancing“ und „Ghost“ geprägt. Jim Cunningham nutzt dagegen ein freundliches öffentliches Auftreten, hinter dem sich etwas anderes verbirgt. Donnie Darko (Jake Gyllenhaal) reagiert auf seine stark vereinfachten Lehren mit Widerstand. Die Besetzung verstärkt die Wirkung einer Figur, deren sichtbare Attraktivität und gesellschaftliche Anerkennung nicht als zuverlässiger Hinweis auf ihre moralische Qualität behandelt werden dürfen.","„Rob Lowe“ trifft hier nicht zu. Patrick Swayze spielt Jim Cunningham.","„Kevin Bacon“ trifft hier nicht zu. Patrick Swayze spielt Jim Cunningham.","„Matt Dillon“ trifft hier nicht zu. Patrick Swayze spielt Jim Cunningham.","Richtig. Patrick Swayze spielt Jim Cunningham.","Swayzes sympathische Präsenz wird bewusst gegen Erwartungen eingesetzt.","keine","https://en.wikipedia.org/wiki/Donnie_Darko|https://en.wikipedia.org/wiki/Richard_Kelly_(filmmaker)","redaktionell_geprueft"
"SF-202609-P02-S-095","K-SF-202609-P02-S-095","","de","Film","Science-Fiction","Donnie Darko","Donnie Darko","2001","","schwer","Handlungsdetail","Zeit|Jugend|Arthouse","Zeit|Jugend|Arthouse","Das Buch heißt Die Philosophie des Zeitreisens.","„Donnie Darko“ (2001): Wie heißt das Buch, das Donnie zur Erklärung der Vorgänge erhält?","Die Mechanik des Träumens","Die Geometrie der Erinnerung","Die Philosophie des Zeitreisens","Die Anatomie der Zukunft","C","Das Buch heißt Die Philosophie des Zeitreisens.","Roberta Sparrow (Patience Cleveland) ist die Verfasserin des Buchs, das Donnie Darko (Jake Gyllenhaal) als Erklärungshilfe erhält. Die zurückgezogen lebende Frau ist dadurch mit dem rätselhaften Geschehen verbunden, lange bevor Donnie diese Verbindung versteht. Im Director’s Cut werden Auszüge stärker in die Erzählung eingebaut. Die Kinofassung lässt mehr Zusammenhänge offen und lenkt den Blick stärker auf Donnies Erleben als auf ein ausformuliertes Regelwerk.","„Die Mechanik des Träumens“ trifft hier nicht zu. Das Buch heißt Die Philosophie des Zeitreisens.","„Die Geometrie der Erinnerung“ trifft hier nicht zu. Das Buch heißt Die Philosophie des Zeitreisens.","Richtig. Das Buch heißt Die Philosophie des Zeitreisens.","„Die Anatomie der Zukunft“ trifft hier nicht zu. Das Buch heißt Die Philosophie des Zeitreisens.","Sparrows Buch bietet ein Modell, keine einfache Universalantwort.","Handlung","https://en.wikipedia.org/wiki/Donnie_Darko|https://en.wikipedia.org/wiki/Richard_Kelly_(filmmaker)","redaktionell_geprueft"
"SF-202609-P02-S-096","K-SF-202609-P02-S-096","","de","Film","Science-Fiction","Donnie Darko","Donnie Darko","2001","","schwer","Musik","Zeit|Jugend|Arthouse","Zeit|Jugend|Arthouse","In der Schlussmontage erklingt Mad World in der Version von Gary Jules und Michael Andrews.","„Donnie Darko“ (2001): Welcher Song erklingt in der bekannten ruhigen Schlussmontage?","Wicked Game","Enjoy the Silence","Everybody Hurts","Mad World","D","In der Schlussmontage erklingt Mad World in der Version von Gary Jules und Michael Andrews.","Die zurückgenommene Fassung verändert den Charakter des ursprünglich von Tears for Fears veröffentlichten Songs. Stimme und Klavier schaffen einen stillen Zusammenhang zwischen mehreren Figuren, deren Erlebnisse nicht vollständig ausgesprochen werden. Die Musik erklärt die Zeitstruktur nicht technisch, sondern verbindet Verlust und verstörte Erinnerung. Gerade die Zurückhaltung unterscheidet die Montage von einem triumphalen Abschluss, der alle offenen Gefühle eindeutig auflösen würde.","„Wicked Game“ trifft hier nicht zu. In der Schlussmontage erklingt Mad World in der Version von Gary Jules und Michael Andrews.","„Enjoy the Silence“ trifft hier nicht zu. In der Schlussmontage erklingt Mad World in der Version von Gary Jules und Michael Andrews.","„Everybody Hurts“ trifft hier nicht zu. In der Schlussmontage erklingt Mad World in der Version von Gary Jules und Michael Andrews.","Richtig. In der Schlussmontage erklingt Mad World in der Version von Gary Jules und Michael Andrews.","Mad World gibt dem Ende stille Gemeinsamkeit.","keine","https://en.wikipedia.org/wiki/Donnie_Darko|https://en.wikipedia.org/wiki/Richard_Kelly_(filmmaker)","redaktionell_geprueft"
"SF-202609-P02-L-097","K-SF-202609-P02-L-097","","de","Film","Science-Fiction","Sie leben","They Live","1988","","leicht","Besetzung","Invasion|Satire|Classics","Invasion|Satire|Classics","Roddy Piper spielt Nada.","„Sie leben“ (1988): Wer spielt Nada?","Roddy Piper","Jesse Ventura","Terry Funk","Hulk Hogan","A","Roddy Piper spielt Nada.","Roddy Piper kam als bekannter Wrestler zum Film und bringt eine unmittelbar körperliche Präsenz mit. Nada wirkt nicht wie ein ausgebildeter Geheimagent, sondern wie ein Arbeiter, der eine verborgene Ordnung entdeckt. Die Besetzung passt zur rauen Direktheit der Action. Der Held besitzt zunächst weder institutionellen Zugang noch ein ausgefeiltes Erklärungsmodell, sondern muss mit dem umgehen, was er plötzlich selbst sehen kann.","Richtig. Roddy Piper spielt Nada.","„Jesse Ventura“ trifft hier nicht zu. Roddy Piper spielt Nada.","„Terry Funk“ trifft hier nicht zu. Roddy Piper spielt Nada.","„Hulk Hogan“ trifft hier nicht zu. Roddy Piper spielt Nada.","Pipers Nada handelt aus einer Arbeiterperspektive.","keine","https://en.wikipedia.org/wiki/They_Live|https://en.wikipedia.org/wiki/John_Carpenter","redaktionell_geprueft"
"SF-202609-P02-L-098","K-SF-202609-P02-L-098","","de","Film","Science-Fiction","Sie leben","They Live","1988","","leicht","Technik","Invasion|Satire|Classics","Invasion|Satire|Classics","Eine spezielle Sonnenbrille macht Tarnungen und Botschaften sichtbar.","„Sie leben“ (1988): Welcher Gegenstand enthüllt die verborgene Wirklichkeit?","Eine Armbanduhr mit Kamera","Eine besondere Sonnenbrille","Ein Röntgenhandschuh","Ein Taschenradio","B","Eine spezielle Sonnenbrille macht Tarnungen und Botschaften sichtbar.","Nada (Roddy Piper) setzt ein alltägliches Accessoire auf und sieht dieselbe Umgebung anders. Der Wechsel ins Schwarz-Weiß-Bild trennt die Wahrnehmungen unmittelbar. Die Entdeckung verlangt keine Reise zu einem entfernten Ort. Werbung, Geld und Gesichter im gewöhnlichen Stadtraum erhalten eine neue Bedeutung. Das macht die Science-Fiction-Idee besonders anschaulich: Die verborgene Ordnung liegt nicht hinter der Welt, sondern ist bereits in deren alltäglichen Oberflächen wirksam.","„Eine Armbanduhr mit Kamera“ trifft hier nicht zu. Eine spezielle Sonnenbrille macht Tarnungen und Botschaften sichtbar.","Richtig. Eine spezielle Sonnenbrille macht Tarnungen und Botschaften sichtbar.","„Ein Röntgenhandschuh“ trifft hier nicht zu. Eine spezielle Sonnenbrille macht Tarnungen und Botschaften sichtbar.","„Ein Taschenradio“ trifft hier nicht zu. Eine spezielle Sonnenbrille macht Tarnungen und Botschaften sichtbar.","Die Brille verändert den Blick, nicht den Ort.","Handlung","https://en.wikipedia.org/wiki/They_Live|https://en.wikipedia.org/wiki/John_Carpenter","redaktionell_geprueft"
"SF-202609-P02-M-097","K-SF-202609-P02-M-097","","de","Film","Science-Fiction","Sie leben","They Live","1988","","mittel","Besetzung","Invasion|Satire|Classics","Invasion|Satire|Classics","Keith David spielt Frank.","„Sie leben“ (1988): Wer spielt Nadas Kollegen Frank?","Keith David","Danny Glover","Carl Weathers","Louis Gossett Jr.","A","Keith David spielt Frank.","Keith David hatte bereits Childs in John Carpenters „Das Ding aus einer anderen Welt“ gespielt. Frank ist hier ein Arbeiter, der nicht sofort bereit ist, Nadas außergewöhnlicher Behauptung zu folgen. Seine Skepsis erhält eine ausgesprochen körperliche Form. Die Rolle verhindert, dass Entdeckung automatisch Überzeugung aller anderen bedeutet. Jemandem eine neue Sicht auf die Welt aufzudrängen kann selbst zum Konflikt werden, noch bevor die eigentlichen Gegner eingreifen.","Richtig. Keith David spielt Frank.","„Danny Glover“ trifft hier nicht zu. Keith David spielt Frank.","„Carl Weathers“ trifft hier nicht zu. Keith David spielt Frank.","„Louis Gossett Jr.“ trifft hier nicht zu. Keith David spielt Frank.","Keith Davids Frank lässt sich nicht einfach überzeugen.","keine","https://en.wikipedia.org/wiki/They_Live|https://en.wikipedia.org/wiki/John_Carpenter","redaktionell_geprueft"
"SF-202609-P02-M-098","K-SF-202609-P02-M-098","","de","Film","Science-Fiction","Sie leben","They Live","1988","","mittel","Weltwissen","Invasion|Satire|Classics","Invasion|Satire|Classics","Die Werbung enthält verdeckte Befehle zu Konsum und Gehorsam.","„Sie leben“ (1988): Was entdeckt Nada unter der Oberfläche gewöhnlicher Werbung?","Geheime Kochrezepte","Befehle zum Konsumieren und Gehorchen","Astronomische Koordinaten","Historische Liebesbriefe","B","Die Werbung enthält verdeckte Befehle zu Konsum und Gehorsam.","Die sichtbaren Produkte und Versprechen verschwinden durch die Brille zugunsten knapper Anweisungen. Nada (Roddy Piper) erkennt damit keine komplizierte Geheimschrift, sondern eine radikal vereinfachte Machtbotschaft. Der Film kann als Satire auf Konsumkultur und soziale Anpassung gelesen werden. Die außerirdische Tarnung macht einen gesellschaftlichen Verdacht sichtbar, ohne dass jede konkrete Werbeanzeige außerhalb der Fiktion buchstäblich solche versteckten Texte enthalten müsste.","„Geheime Kochrezepte“ trifft hier nicht zu. Die Werbung enthält verdeckte Befehle zu Konsum und Gehorsam.","Richtig. Die Werbung enthält verdeckte Befehle zu Konsum und Gehorsam.","„Astronomische Koordinaten“ trifft hier nicht zu. Die Werbung enthält verdeckte Befehle zu Konsum und Gehorsam.","„Historische Liebesbriefe“ trifft hier nicht zu. Die Werbung enthält verdeckte Befehle zu Konsum und Gehorsam.","Die bunte Verführung wird zum nackten Befehl.","Handlung","https://en.wikipedia.org/wiki/They_Live|https://en.wikipedia.org/wiki/John_Carpenter","redaktionell_geprueft"
"SF-202609-P02-S-097","K-SF-202609-P02-S-097","","de","Film","Science-Fiction","Sie leben","They Live","1988","","schwer","Handlungsdetail","Invasion|Satire|Classics","Invasion|Satire|Classics","Nada will Frank dazu bringen, die Brille aufzusetzen.","„Sie leben“ (1988): Worüber geraten Nada und Frank in den langen Straßenkampf?","Frank soll die Brille aufsetzen","Nada soll ein Auto verkaufen","Frank soll seinen Arbeitsplatz kündigen","Beide streiten um ein Raumschiff","A","Nada will Frank dazu bringen, die Brille aufzusetzen.","Nada (Roddy Piper) und Frank (Keith David) kämpfen ausdauernd über eine scheinbar winzige Handlung. Gerade die Länge macht die Szene ungewöhnlich. Der Film hält den Widerstand gegen eine mögliche Erkenntnis körperlich fest, statt ihn in einem kurzen überzeugenden Gespräch zu erledigen. Zugleich bleibt der Kampf grob komisch. Freundschaft entsteht hier nicht durch sofortige Übereinstimmung, sondern nach einem erschöpfenden Konflikt um das Hinsehen selbst.","Richtig. Nada will Frank dazu bringen, die Brille aufzusetzen.","„Nada soll ein Auto verkaufen“ trifft hier nicht zu. Nada will Frank dazu bringen, die Brille aufzusetzen.","„Frank soll seinen Arbeitsplatz kündigen“ trifft hier nicht zu. Nada will Frank dazu bringen, die Brille aufzusetzen.","„Beide streiten um ein Raumschiff“ trifft hier nicht zu. Nada will Frank dazu bringen, die Brille aufzusetzen.","Der lange Kampf gilt einer neuen Sichtweise.","Handlung","https://en.wikipedia.org/wiki/They_Live|https://en.wikipedia.org/wiki/John_Carpenter","redaktionell_geprueft"
"SF-202609-P02-S-098","K-SF-202609-P02-S-098","","de","Film","Science-Fiction","Sie leben","They Live","1988","","schwer","Handlung","Invasion|Satire|Classics","Invasion|Satire|Classics","Nada zerstört die Sendeanlage, die die Tarnung aufrechterhält.","„Sie leben“ (1988): Was zerstört Nada, um die Tarnung öffentlich aufzuheben?","Die Druckerei einer Zeitung","Die Sendeanlage auf dem Dach","Eine Brücke zum Hafen","Die Wasserleitung der Stadt","B","Nada zerstört die Sendeanlage, die die Tarnung aufrechterhält.","Nada (Roddy Piper) richtet seinen letzten Angriff gegen die technische Voraussetzung der Täuschung. Damit verändert sich die Situation nicht nur für einzelne informierte Widerständler, sondern für alle Betrachter. Der Film endet nicht mit einer ausführlich geordneten neuen Gesellschaft. Zunächst wird das Verborgene sichtbar. Was Menschen mit dieser Erkenntnis anfangen, ist eine weitere Frage, die durch die Zerstörung des Senders noch nicht vollständig beantwortet ist.","„Die Druckerei einer Zeitung“ trifft hier nicht zu. Nada zerstört die Sendeanlage, die die Tarnung aufrechterhält.","Richtig. Nada zerstört die Sendeanlage, die die Tarnung aufrechterhält.","„Eine Brücke zum Hafen“ trifft hier nicht zu. Nada zerstört die Sendeanlage, die die Tarnung aufrechterhält.","„Die Wasserleitung der Stadt“ trifft hier nicht zu. Nada zerstört die Sendeanlage, die die Tarnung aufrechterhält.","Der Sender fällt, die Tarnung wird allgemein sichtbar.","Auflösung","https://en.wikipedia.org/wiki/They_Live|https://en.wikipedia.org/wiki/John_Carpenter","redaktionell_geprueft"
"SF-202609-P02-L-099","K-SF-202609-P02-L-099","","de","Film","Science-Fiction","Andromeda – Tödlicher Staub aus dem All","The Andromeda Strain","1971","","leicht","Ursprung","Biologie|Forschung|Classics","Biologie|Forschung|Classics","Ein abgestürzter Satellit bringt den Organismus zur Erde.","„Andromeda – Tödlicher Staub aus dem All“ (1971): Womit gelangt der gefährliche Organismus zur Erde?","Mit einem Unterseeboot","Mit einer neu gezüchteten Pflanze","Mit einem zurückgekehrten Satelliten","Mit einem uralten Meteoritenfund","C","Ein abgestürzter Satellit bringt den Organismus zur Erde.","Die Bedrohung entsteht aus einer menschlich organisierten Untersuchung des Weltraums. Dr. Jeremy Stone (Arthur Hill) und Dr. Mark Hall (James Olson) müssen zunächst feststellen, was in der betroffenen Ortschaft geschehen ist. Der Film zeigt die Erkundung nüchtern und schrittweise. Nicht die Größe eines sichtbaren Monsters erzeugt Gefahr, sondern eine unsichtbare biologische Ursache, deren Wirkungsweise erst aus widersprüchlichen Spuren erschlossen werden muss.","„Mit einem Unterseeboot“ trifft hier nicht zu. Ein abgestürzter Satellit bringt den Organismus zur Erde.","„Mit einer neu gezüchteten Pflanze“ trifft hier nicht zu. Ein abgestürzter Satellit bringt den Organismus zur Erde.","Richtig. Ein abgestürzter Satellit bringt den Organismus zur Erde.","„Mit einem uralten Meteoritenfund“ trifft hier nicht zu. Ein abgestürzter Satellit bringt den Organismus zur Erde.","Der Satellit bringt ein unsichtbares Forschungsproblem zurück.","Handlung","https://en.wikipedia.org/wiki/The_Andromeda_Strain_(film)|https://en.wikipedia.org/wiki/Robert_Wise","redaktionell_geprueft"
"SF-202609-P02-L-100","K-SF-202609-P02-L-100","","de","Film","Science-Fiction","Andromeda – Tödlicher Staub aus dem All","The Andromeda Strain","1971","","leicht","Schauplatz","Biologie|Forschung|Classics","Biologie|Forschung|Classics","Das geheime Forschungslabor heißt Wildfire.","„Andromeda – Tödlicher Staub aus dem All“ (1971): Wie heißt das abgeschirmte Forschungslabor?","Bluebook","Overlook","Black Mesa","Wildfire","D","Das geheime Forschungslabor heißt Wildfire.","Wildfire besteht aus gestaffelten Ebenen und aufwendigen Dekontaminationsverfahren. Dr. Mark Hall (James Olson) und seine Kollegen werden beim Eintritt selbst Teil eines technischen Ablaufs. Die lange Darstellung dieser Schritte vermittelt, wie ernst das Risiko genommen wird. Gleichzeitig bindet sie die Figuren an eine Infrastruktur, deren Schutzmaßnahmen später eigene Probleme erzeugen können. Sicherheit erscheint als sorgfältige Konstruktion, nicht als absoluter Zustand außerhalb jeder Gefahr.","„Bluebook“ trifft hier nicht zu. Das geheime Forschungslabor heißt Wildfire.","„Overlook“ trifft hier nicht zu. Das geheime Forschungslabor heißt Wildfire.","„Black Mesa“ trifft hier nicht zu. Das geheime Forschungslabor heißt Wildfire.","Richtig. Das geheime Forschungslabor heißt Wildfire.","Wildfire schützt durch gestaffelte Verfahren.","Handlung","https://en.wikipedia.org/wiki/The_Andromeda_Strain_(film)|https://en.wikipedia.org/wiki/Robert_Wise","redaktionell_geprueft"
"SF-202609-P02-M-099","K-SF-202609-P02-M-099","","de","Film","Science-Fiction","Andromeda – Tödlicher Staub aus dem All","The Andromeda Strain","1971","","mittel","Literatur","Biologie|Forschung|Classics","Biologie|Forschung|Classics","Die Romanvorlage stammt von Michael Crichton.","„Andromeda – Tödlicher Staub aus dem All“ (1971): Wer schrieb die Romanvorlage?","Arthur C. Clarke","Richard Preston","Michael Crichton","Robin Cook","C","Die Romanvorlage stammt von Michael Crichton.","Michael Crichton verband medizinische Ausbildung und erzählerisches Interesse an wissenschaftlichen Verfahren. Später wurden auch „Jurassic Park“ und weitere seiner Stoffe verfilmt. „Andromeda“ legt besonderen Wert auf die schrittweise Untersuchung eines unbekannten Problems. Spannung entsteht aus Hypothesen, Messungen und Entscheidungen unter Zeitdruck. Die Erfindung eines Organismus wird dabei mit dokumentarisch wirkenden Formen verbunden, wodurch die Fantasie den Anschein eines sorgfältig aufgearbeiteten Vorfalls erhält.","„Arthur C. Clarke“ trifft hier nicht zu. Die Romanvorlage stammt von Michael Crichton.","„Richard Preston“ trifft hier nicht zu. Die Romanvorlage stammt von Michael Crichton.","Richtig. Die Romanvorlage stammt von Michael Crichton.","„Robin Cook“ trifft hier nicht zu. Die Romanvorlage stammt von Michael Crichton.","Crichton macht Forschung zum Spannungsablauf.","keine","https://en.wikipedia.org/wiki/The_Andromeda_Strain_(film)|https://en.wikipedia.org/wiki/Robert_Wise","redaktionell_geprueft"
"SF-202609-P02-M-100","K-SF-202609-P02-M-100","","de","Film","Science-Fiction","Andromeda – Tödlicher Staub aus dem All","The Andromeda Strain","1971","","mittel","Handlungsdetail","Biologie|Forschung|Classics","Biologie|Forschung|Classics","Ein alter Mann und ein Säugling überleben den ersten Ausbruch.","„Andromeda – Tödlicher Staub aus dem All“ (1971): Welche beiden sehr unterschiedlichen Bewohner überleben zunächst?","Zwei gesunde junge Sportler","Eine Mutter und ihr erwachsener Sohn","Ein Arzt und seine Assistentin","Ein alter Mann und ein Säugling","D","Ein alter Mann und ein Säugling überleben den ersten Ausbruch.","Die beiden Überlebenden passen nicht zu einer einfachen Erklärung durch allgemeine körperliche Stärke. Dr. Mark Hall (James Olson) muss nach einer weniger offensichtlichen Gemeinsamkeit suchen. Genau darin liegt ein wichtiger Forschungsschritt des Films: Ein Ergebnis, das zunächst widersprüchlich wirkt, wird nicht verworfen, sondern als entscheidender Hinweis behandelt. Die Ausnahme ermöglicht eine neue Hypothese über die Bedingungen, unter denen der Organismus tatsächlich überleben kann.","„Zwei gesunde junge Sportler“ trifft hier nicht zu. Ein alter Mann und ein Säugling überleben den ersten Ausbruch.","„Eine Mutter und ihr erwachsener Sohn“ trifft hier nicht zu. Ein alter Mann und ein Säugling überleben den ersten Ausbruch.","„Ein Arzt und seine Assistentin“ trifft hier nicht zu. Ein alter Mann und ein Säugling überleben den ersten Ausbruch.","Richtig. Ein alter Mann und ein Säugling überleben den ersten Ausbruch.","Die ungleichen Überlebenden sind der entscheidende Hinweis.","Handlung","https://en.wikipedia.org/wiki/The_Andromeda_Strain_(film)|https://en.wikipedia.org/wiki/Robert_Wise","redaktionell_geprueft"
"SF-202609-P02-S-099","K-SF-202609-P02-S-099","","de","Film","Science-Fiction","Andromeda – Tödlicher Staub aus dem All","The Andromeda Strain","1971","","schwer","Biologie","Biologie|Forschung|Classics","Biologie|Forschung|Classics","Abweichende pH-Werte verhindern im Film das Überleben des Erregers.","„Andromeda – Tödlicher Staub aus dem All“ (1971): Welche Eigenschaft des Blutes erklärt im Film das Überleben?","Ein identischer Antikörper","Ein ungewöhnlich hoher Eisengehalt","Ein abweichender pH-Wert","Eine seltene Blutgruppe allein","C","Abweichende pH-Werte verhindern im Film das Überleben des Erregers.","Dr. Mark Hall (James Olson) verbindet die verschiedenen Lebensumstände der Überlebenden mit chemischen Bedingungen ihres Blutes. Der Film macht daraus einen entscheidenden Erkenntnisschritt, nicht eine allgemeine Behandlungsempfehlung. Der Erreger und seine engen Überlebensbedingungen sind fiktional. Interessant ist die dargestellte Denkbewegung: Zwei zunächst unvereinbare Fälle können auf unterschiedlichen Wegen dieselbe für das Problem relevante Grenze überschreiten.","„Ein identischer Antikörper“ trifft hier nicht zu. Abweichende pH-Werte verhindern im Film das Überleben des Erregers.","„Ein ungewöhnlich hoher Eisengehalt“ trifft hier nicht zu. Abweichende pH-Werte verhindern im Film das Überleben des Erregers.","Richtig. Abweichende pH-Werte verhindern im Film das Überleben des Erregers.","„Eine seltene Blutgruppe allein“ trifft hier nicht zu. Abweichende pH-Werte verhindern im Film das Überleben des Erregers.","Unterschiedliche Ursachen, entscheidend ist der pH-Bereich.","Handlung","https://en.wikipedia.org/wiki/The_Andromeda_Strain_(film)|https://en.wikipedia.org/wiki/Robert_Wise","redaktionell_geprueft"
"SF-202609-P02-S-100","K-SF-202609-P02-S-100","","de","Film","Science-Fiction","Andromeda – Tödlicher Staub aus dem All","The Andromeda Strain","1971","","schwer","Handlung","Biologie|Forschung|Classics","Biologie|Forschung|Classics","Die Explosionsenergie könnte das Wachstum des Organismus fördern.","„Andromeda – Tödlicher Staub aus dem All“ (1971): Warum wäre die vorgesehene nukleare Selbstzerstörung besonders gefährlich?","Die Explosion würde den Mond zerstören","Die Hitze würde eine Zeitreise auslösen","Die Strahlung würde alle Uhren anhalten","Die Energie würde den Organismus weiter vermehren","D","Die Explosionsenergie könnte das Wachstum des Organismus fördern.","Dr. Mark Hall (James Olson) muss eine Schutzmaßnahme verhindern, die auf einer falschen Annahme über den untersuchten Organismus beruht. Das Verfahren wurde als letzte Sicherheit eingebaut, wird durch neues Wissen aber selbst zur größten Gefahr. Der Film zeigt damit eine Grenze automatisierter Vorsorge: Ein System kann nur innerhalb seiner Annahmen zuverlässig reagieren. Erkenntnisse müssen rechtzeitig die Möglichkeit eröffnen, eine vorbereitete Routine auch abzubrechen.","„Die Explosion würde den Mond zerstören“ trifft hier nicht zu. Die Explosionsenergie könnte das Wachstum des Organismus fördern.","„Die Hitze würde eine Zeitreise auslösen“ trifft hier nicht zu. Die Explosionsenergie könnte das Wachstum des Organismus fördern.","„Die Strahlung würde alle Uhren anhalten“ trifft hier nicht zu. Die Explosionsenergie könnte das Wachstum des Organismus fördern.","Richtig. Die Explosionsenergie könnte das Wachstum des Organismus fördern.","Die letzte Schutzmaßnahme wäre der falsche Auslöser.","Auflösung","https://en.wikipedia.org/wiki/The_Andromeda_Strain_(film)|https://en.wikipedia.org/wiki/Robert_Wise","redaktionell_geprueft"
"SF-202609-P02-L-001-V1","K-SF-202609-P02-L-001","SF-202609-P02-L-001","de","Film","Science-Fiction","2001: Odyssee im Weltraum","2001: A Space Odyssey","1968","Space Odyssey","leicht","Technik","Weltraum|Künstliche Intelligenz|Classics","Weltraum|Künstliche Intelligenz|Classics","Die Discovery One wird von HAL 9000 gesteuert.","„2001: Odyssee im Weltraum“ (1968): Unter welchem Namen spricht die Besatzung mit dem zentralen Computer ihres Schiffs?","HAL 9000","MOTHER","GERTY","Colossus","A","Die Discovery One wird von HAL 9000 gesteuert.","HAL 9000 (Originalstimme: Douglas Rain) besitzt keinen menschlichen Körper. Ein rotes Kameraauge und eine auffallend ruhige Stimme genügen, um ihn als Gegenüber wahrzunehmen. Dave Bowman (Keir Dullea) kann deshalb mit ihm sprechen wie mit einem Kollegen. Gerade diese höfliche Gesprächsform macht die spätere Bedrohung unheimlich: Gefahr kündigt sich hier nicht durch lautes, aggressives Auftreten an.","Richtig. Die Discovery One wird von HAL 9000 gesteuert.","„MOTHER“ trifft hier nicht zu. Die Discovery One wird von HAL 9000 gesteuert.","„GERTY“ trifft hier nicht zu. Die Discovery One wird von HAL 9000 gesteuert.","„Colossus“ trifft hier nicht zu. Die Discovery One wird von HAL 9000 gesteuert.","HAL: rotes Auge, ruhige Stimme.","Handlung","https://en.wikipedia.org/wiki/2001:_A_Space_Odyssey|https://en.wikipedia.org/wiki/Stanley_Kubrick","redaktionell_geprueft"
"SF-202609-P02-L-003-V1","K-SF-202609-P02-L-003","SF-202609-P02-L-003","de","Film","Science-Fiction","2010: Das Jahr, in dem wir Kontakt aufnehmen","2010: The Year We Make Contact","1984","Space Odyssey","leicht","Technik","Weltraum|Erstkontakt","Weltraum|Erstkontakt","Dr. Chandra reaktiviert HAL 9000.","„2010: Das Jahr, in dem wir Kontakt aufnehmen“ (1984): Welches Computersystem nimmt Dr. Chandra auf der Discovery wieder in Betrieb?","VIKI","HAL 9000","Skynet","WOPR","B","Dr. Chandra reaktiviert HAL 9000.","Dr. Chandra (Bob Balaban) begegnet HAL 9000 (Originalstimme: Douglas Rain) nicht wie einem austauschbaren defekten Gerät. Seine konzentrierte Arbeit gibt der Reaktivierung etwas Persönliches. Damit verschiebt die Fortsetzung den Blick auf den Computer: Neben der Erinnerung an seine tödlichen Handlungen steht nun die Frage, welche widersprüchlichen Anforderungen Menschen überhaupt in ein vermeintlich verlässliches System eingeschrieben haben.","„VIKI“ trifft hier nicht zu. Dr. Chandra reaktiviert HAL 9000.","Richtig. Dr. Chandra reaktiviert HAL 9000.","„Skynet“ trifft hier nicht zu. Dr. Chandra reaktiviert HAL 9000.","„WOPR“ trifft hier nicht zu. Dr. Chandra reaktiviert HAL 9000.","Chandra bringt HAL zurück.","Handlung","https://en.wikipedia.org/wiki/2010:_The_Year_We_Make_Contact|https://en.wikipedia.org/wiki/Peter_Hyams","redaktionell_geprueft"
"SF-202609-P02-L-005-V1","K-SF-202609-P02-L-005","SF-202609-P02-L-005","de","Film","Science-Fiction","Alarm im Weltall","Forbidden Planet","1956","","leicht","Figuren","Roboter|Erstkontakt|Classics","Roboter|Erstkontakt|Classics","Der Roboter heißt Robby.","„Alarm im Weltall“ (1956): Welcher Roboter steht Morbius und seiner Tochter zu Diensten?","Gort","R2-D2","Robby","Tobor","C","Der Roboter heißt Robby.","Robby (Originalstimme: Marvin Miller) wirkt durch seinen transparenten Kopf und die sichtbaren mechanischen Elemente unverwechselbar. Seine höfliche Sprache und seine praktischen Fähigkeiten machen ihn mehr als eine bewegliche Kulisse. Commander Adams (Leslie Nielsen) begegnet damit einer Maschine, deren Verhalten zunächst leichter einzuschätzen scheint als die Vorgänge auf dem fremden Planeten. Die freundliche Erscheinung gehört wesentlich zum besonderen Ton des Films.","„Gort“ trifft hier nicht zu. Der Roboter heißt Robby.","„R2-D2“ trifft hier nicht zu. Der Roboter heißt Robby.","Richtig. Der Roboter heißt Robby.","„Tobor“ trifft hier nicht zu. Der Roboter heißt Robby.","Alarm im Weltall: Robby hilft.","keine","https://en.wikipedia.org/wiki/Forbidden_Planet|https://en.wikipedia.org/wiki/Fred_M._Wilcox_(director)","redaktionell_geprueft"
"SF-202609-P02-L-007-V1","K-SF-202609-P02-L-007","SF-202609-P02-L-007","de","Film","Science-Fiction","Der Tag, an dem die Erde stillstand","The Day the Earth Stood Still","1951","","leicht","Figuren","Erstkontakt|Classics","Erstkontakt|Classics","Der Besucher heißt Klaatu.","„Der Tag, an dem die Erde stillstand“ (1951): Welchen Namen trägt der Besucher, der eine Warnung an die Menschheit überbringt?","Kal-El","Krel","Kronos","Klaatu","D","Der Besucher heißt Klaatu.","Klaatu (Michael Rennie) erscheint äußerlich als Mensch und spricht ruhig mit seinen Gesprächspartnern. Dadurch liegt das Fremde weniger in einer aufwendigen Maske als in seiner Perspektive auf die Erde. Seine Begegnungen mit gewöhnlichen Bewohnern erhalten ebenso viel Bedeutung wie militärische Reaktionen. Der Film fragt damit auch, wie ein Gast eine Gesellschaft kennenlernt, deren politische Vertreter zunächst kaum miteinander sprechen können.","„Kal-El“ trifft hier nicht zu. Der Besucher heißt Klaatu.","„Krel“ trifft hier nicht zu. Der Besucher heißt Klaatu.","„Kronos“ trifft hier nicht zu. Der Besucher heißt Klaatu.","Richtig. Der Besucher heißt Klaatu.","Klaatu kommt mit einer Botschaft.","keine","https://en.wikipedia.org/wiki/The_Day_the_Earth_Stood_Still|https://en.wikipedia.org/wiki/Robert_Wise","redaktionell_geprueft"
"SF-202609-P02-L-009-V1","K-SF-202609-P02-L-009","SF-202609-P02-L-009","de","Film","Science-Fiction","Kampf der Welten","The War of the Worlds","1953","","leicht","Ursprung","Invasion|Classics","Invasion|Classics","Die Angreifer stammen vom Mars.","„Kampf der Welten“ (1953): Welcher Himmelskörper ist die Heimat der außerirdischen Invasoren?","Mars","Venus","Jupiter","Merkur","A","Die Angreifer stammen vom Mars.","Die Marsbewohner werden nicht zunächst als individuelle Gesprächspartner vorgestellt. Ihre Ankunft zeigt sich in Einschlägen, Maschinen und militärischer Überlegenheit. Dr. Clayton Forrester (Gene Barry) versucht, diese Vorgänge mit wissenschaftlichen Mitteln zu verstehen. Der Film macht damit eine kollektive Bedrohung erfahrbar, deren Ausmaß schneller wächst als das verfügbare Wissen. Erst einzelne Nahbegegnungen geben der unsichtbaren Macht eine körperliche Gestalt.","Richtig. Die Angreifer stammen vom Mars.","„Venus“ trifft hier nicht zu. Die Angreifer stammen vom Mars.","„Jupiter“ trifft hier nicht zu. Die Angreifer stammen vom Mars.","„Merkur“ trifft hier nicht zu. Die Angreifer stammen vom Mars.","Die Invasion kommt vom Mars.","Handlung","https://en.wikipedia.org/wiki/The_War_of_the_Worlds_(1953_film)|https://en.wikipedia.org/wiki/Byron_Haskin","redaktionell_geprueft"
"SF-202609-P02-L-011-V1","K-SF-202609-P02-L-011","SF-202609-P02-L-011","de","Film","Science-Fiction","Die Zeitmaschine","The Time Machine","1960","","leicht","Figuren","Zeitreise|Classics","Zeitreise|Classics","Rod Taylor spielt George.","„Die Zeitmaschine“ (1960): Welcher Schauspieler verkörpert den Erfinder der Zeitmaschine?","David Niven","Rod Taylor","James Mason","Rod Steiger","B","Rod Taylor spielt George.","George (Rod Taylor) berichtet seinen Freunden rückblickend von einer Reise, die für sie kaum glaubhaft klingt. Der erschöpfte Körper des Erzählers steht dabei gegen die behagliche Ordnung des Esszimmers. Diese Rahmung macht aus der Zukunft keine bloße Abfolge exotischer Bilder. Die Erlebnisse müssen auch in einer Gegenwart bestehen, deren Zuhörer an ihren vertrauten Vorstellungen von Wirklichkeit festhalten.","„David Niven“ trifft hier nicht zu. Rod Taylor spielt George.","Richtig. Rod Taylor spielt George.","„James Mason“ trifft hier nicht zu. Rod Taylor spielt George.","„Rod Steiger“ trifft hier nicht zu. Rod Taylor spielt George.","Rod Taylor reist durch die Zeit.","keine","https://en.wikipedia.org/wiki/The_Time_Machine_(1960_film)|https://en.wikipedia.org/wiki/George_Pal","redaktionell_geprueft"
"SF-202609-P02-L-013-V1","K-SF-202609-P02-L-013","SF-202609-P02-L-013","de","Film","Science-Fiction","Planet der Affen","Planet of the Apes","1968","Planet der Affen – Originalreihe","leicht","Figuren","Dystopie|Classics","Dystopie|Classics","Charlton Heston spielt George Taylor.","„Planet der Affen“ (1968): Welcher Darsteller verkörpert den auf einem fremdartigen Planeten gestrandeten Taylor?","Gregory Peck","Rod Taylor","Charlton Heston","Burt Lancaster","C","Charlton Heston spielt George Taylor.","George Taylor (Charlton Heston) bringt das Selbstbewusstsein eines Menschen mit, der sich als Vertreter einer überlegenen Zivilisation versteht. In der neuen Umgebung wird gerade diese Annahme unbrauchbar. Seine kräftige, vertraute Starpräsenz verstärkt den Effekt der Erniedrigung: Der Film macht aus einem erwartbaren Abenteuerhelden zunächst einen Gefangenen, dessen Sprache, Herkunft und Anspruch auf Anerkennung von anderen bewertet werden.","„Gregory Peck“ trifft hier nicht zu. Charlton Heston spielt George Taylor.","„Rod Taylor“ trifft hier nicht zu. Charlton Heston spielt George Taylor.","Richtig. Charlton Heston spielt George Taylor.","„Burt Lancaster“ trifft hier nicht zu. Charlton Heston spielt George Taylor.","Heston als gefangener Astronaut Taylor.","keine","https://en.wikipedia.org/wiki/Planet_of_the_Apes_(1968_film)|https://en.wikipedia.org/wiki/Franklin_J._Schaffner","redaktionell_geprueft"
"SF-202609-P02-L-015-V1","K-SF-202609-P02-L-015","SF-202609-P02-L-015","de","Film","Science-Fiction","Lautlos im Weltraum","Silent Running","1972","","leicht","Figuren","Ökologie|Roboter|Classics","Ökologie|Roboter|Classics","Bruce Dern spielt Freeman Lowell.","„Lautlos im Weltraum“ (1972): Welcher Schauspieler gibt dem engagierten Pflanzenpfleger Lowell sein Gesicht?","Peter Fonda","Robert Duvall","Donald Sutherland","Bruce Dern","D","Bruce Dern spielt Freeman Lowell.","Freeman Lowell (Bruce Dern) wird nicht als makelloser Vertreter einer richtigen Sache gezeichnet. Seine Pflegearbeit ist geduldig und genau, sein Verhältnis zur übrigen Besatzung dagegen angespannt. Diese Mischung macht die Figur interessant: Der Schutz von Pflanzen und Tieren garantiert noch kein gutes menschliches Zusammenleben. Der Film lässt ökologische Sorge und problematisches Verhalten nebeneinander sichtbar werden, statt die Hauptfigur durchgehend zu idealisieren.","„Peter Fonda“ trifft hier nicht zu. Bruce Dern spielt Freeman Lowell.","„Robert Duvall“ trifft hier nicht zu. Bruce Dern spielt Freeman Lowell.","„Donald Sutherland“ trifft hier nicht zu. Bruce Dern spielt Freeman Lowell.","Richtig. Bruce Dern spielt Freeman Lowell.","Bruce Dern bewahrt den letzten Wald.","keine","https://en.wikipedia.org/wiki/Silent_Running|https://en.wikipedia.org/wiki/Douglas_Trumbull","redaktionell_geprueft"
"SF-202609-P02-L-017-V1","K-SF-202609-P02-L-017","SF-202609-P02-L-017","de","Film","Science-Fiction","Soylent Green – Jahr 2022… die überleben wollen","Soylent Green","1973","","leicht","Figuren","Dystopie|Classics","Dystopie|Classics","Robert Thorn ist Polizist.","„Soylent Green – Jahr 2022… die überleben wollen“ (1973): In welcher beruflichen Funktion untersucht Thorn den Tod eines wohlhabenden Mannes?","Polizist","Ingenieur","Fernsehmoderator","Biologe","A","Robert Thorn ist Polizist.","Robert Thorn (Charlton Heston) erschließt die Zukunft nicht auf einer Forschungsreise, sondern über eine Mordermittlung. Das erlaubt Blicke in sehr unterschiedliche Lebensräume: überfüllte Wohnungen, privilegierte Apartments und die Infrastruktur der Versorgung. Seine Arbeit verbindet einzelne Spuren mit einem größeren gesellschaftlichen Zustand. Die dystopische Welt entsteht dadurch aus beobachtbaren Unterschieden des Alltags und nicht ausschließlich aus einer erklärenden Einleitung über globale Probleme.","Richtig. Robert Thorn ist Polizist.","„Ingenieur“ trifft hier nicht zu. Robert Thorn ist Polizist.","„Fernsehmoderator“ trifft hier nicht zu. Robert Thorn ist Polizist.","„Biologe“ trifft hier nicht zu. Robert Thorn ist Polizist.","Thorn ermittelt in der Mangelgesellschaft.","keine","https://en.wikipedia.org/wiki/Soylent_Green|https://en.wikipedia.org/wiki/Richard_Fleischer","redaktionell_geprueft"
"SF-202609-P02-L-019-V1","K-SF-202609-P02-L-019","SF-202609-P02-L-019","de","Film","Science-Fiction","Flucht ins 23. Jahrhundert","Logan's Run","1976","","leicht","Weltwissen","Dystopie|Classics","Dystopie|Classics","Das Karussell erwartet die Bewohner mit dreißig Jahren.","„Flucht ins 23. Jahrhundert“ (1976): Welche Altersgrenze setzt das System dem Leben seiner Bewohner?","Fünfzig","Dreißig","Zwanzig","Vierzig","B","Das Karussell erwartet die Bewohner mit dreißig Jahren.","Logan 5 (Michael York) lebt zunächst innerhalb einer Ordnung, die Jugend und Vergnügen verspricht, aber die Lebenszeit strikt begrenzt. Das Ritual macht aus der Tötung ein öffentliches Schauspiel mit angeblicher Erneuerung. Dadurch wirkt die Kontrolle nicht nur durch Gewalt. Sie wird auch durch Bilder, gemeinsame Erwartungen und die Bereitschaft getragen, eine unbequeme Frage nach dem tatsächlichen Schicksal der Teilnehmer zu vermeiden.","„Fünfzig“ trifft hier nicht zu. Das Karussell erwartet die Bewohner mit dreißig Jahren.","Richtig. Das Karussell erwartet die Bewohner mit dreißig Jahren.","„Zwanzig“ trifft hier nicht zu. Das Karussell erwartet die Bewohner mit dreißig Jahren.","„Vierzig“ trifft hier nicht zu. Das Karussell erwartet die Bewohner mit dreißig Jahren.","Mit dreißig beginnt der letzte Tag.","Handlung","https://en.wikipedia.org/wiki/Logan%27s_Run_(film)|https://en.wikipedia.org/wiki/Michael_Anderson_(director)","redaktionell_geprueft"
"SF-202609-P02-L-021-V1","K-SF-202609-P02-L-021","SF-202609-P02-L-021","de","Film","Science-Fiction","Unheimliche Begegnung der dritten Art","Close Encounters of the Third Kind","1977","","leicht","Figuren","Erstkontakt|Classics","Erstkontakt|Classics","Richard Dreyfuss spielt Roy Neary.","„Unheimliche Begegnung der dritten Art“ (1977): Welcher Schauspieler verkörpert den von seiner Begegnung besessenen Roy Neary?","Dustin Hoffman","Roy Scheider","Richard Dreyfuss","Gene Hackman","C","Richard Dreyfuss spielt Roy Neary.","Roy Neary (Richard Dreyfuss) ist kein professioneller Weltraumforscher. Seine Begegnung greift in einen gewöhnlichen Familien- und Arbeitsalltag ein. Gerade deshalb wirkt seine wachsende Besessenheit nicht wie ein planmäßig begonnenes Abenteuer. Die vertraute Umgebung reagiert mit Unverständnis. Der Film lässt das Staunen über das Unbekannte neben den sehr konkreten Belastungen stehen, die Roys Verhalten für die Menschen um ihn herum verursacht.","„Dustin Hoffman“ trifft hier nicht zu. Richard Dreyfuss spielt Roy Neary.","„Roy Scheider“ trifft hier nicht zu. Richard Dreyfuss spielt Roy Neary.","Richtig. Richard Dreyfuss spielt Roy Neary.","„Gene Hackman“ trifft hier nicht zu. Richard Dreyfuss spielt Roy Neary.","Dreyfuss erlebt das Unbegreifliche im Alltag.","keine","https://en.wikipedia.org/wiki/Close_Encounters_of_the_Third_Kind|https://en.wikipedia.org/wiki/Steven_Spielberg","redaktionell_geprueft"
"SF-202609-P02-L-023-V1","K-SF-202609-P02-L-023","SF-202609-P02-L-023","de","Film","Science-Fiction","Die Körperfresser kommen","Invasion of the Body Snatchers","1978","","leicht","Schauplatz","Invasion|Identität|Classics","Invasion|Identität|Classics","Die Handlung spielt in San Francisco.","„Die Körperfresser kommen“ (1978): Welche amerikanische Großstadt bildet den Schauplatz der schleichenden Übernahme?","Seattle","Los Angeles","Boston","San Francisco","D","Die Handlung spielt in San Francisco.","San Francisco wird nicht als ferne Sonderwelt eingeführt. Büros, Straßen und Wohnungen bleiben erkennbar alltäglich, während sich die Beziehungen zwischen den Menschen verändern. Matthew Bennell (Donald Sutherland) muss in dieser Umgebung lernen, dass vertraute Gesichter keine Sicherheit mehr bieten. Der Schrecken entsteht dadurch aus kleinen Abweichungen im Gewöhnlichen und nicht erst aus einem offen sichtbaren Angriff auf die ganze Stadt.","„Seattle“ trifft hier nicht zu. Die Handlung spielt in San Francisco.","„Los Angeles“ trifft hier nicht zu. Die Handlung spielt in San Francisco.","„Boston“ trifft hier nicht zu. Die Handlung spielt in San Francisco.","Richtig. Die Handlung spielt in San Francisco.","Der Alltag San Franciscos wird verdächtig.","Handlung","https://en.wikipedia.org/wiki/Invasion_of_the_Body_Snatchers_(1978_film)|https://en.wikipedia.org/wiki/Philip_Kaufman","redaktionell_geprueft"
"SF-202609-P02-L-025-V1","K-SF-202609-P02-L-025","SF-202609-P02-L-025","de","Film","Science-Fiction","Das Ding aus einer anderen Welt","The Thing","1982","","leicht","Schauplatz","Isolation|Körperhorror|Classics","Isolation|Körperhorror|Classics","Die Forschungsstation liegt in der Antarktis.","„Das Ding aus einer anderen Welt“ (1982): In welcher Polarregion arbeiten MacReady und seine Kollegen?","In der Antarktis","Auf Spitzbergen","In Alaska","In Grönland","A","Die Forschungsstation liegt in der Antarktis.","Die Antarktis begrenzt die Handlung nicht bloß durch Schnee und Kälte. Entfernung, Wetter und fehlende Ausweichmöglichkeiten machen die Station zu einem geschlossenen sozialen Raum. MacReady (Kurt Russell) kann einen Streit nicht durch einfaches Weggehen lösen. Jede Entscheidung betrifft zugleich Wärme, Transport und das Überleben der Gruppe. Die Landschaft bleibt weit, doch für die eingeschlossenen Menschen schrumpft der praktisch nutzbare Raum immer weiter.","Richtig. Die Forschungsstation liegt in der Antarktis.","„Auf Spitzbergen“ trifft hier nicht zu. Die Forschungsstation liegt in der Antarktis.","„In Alaska“ trifft hier nicht zu. Die Forschungsstation liegt in der Antarktis.","„In Grönland“ trifft hier nicht zu. Die Forschungsstation liegt in der Antarktis.","Unendliches Eis, kaum Fluchtmöglichkeiten.","Handlung","https://en.wikipedia.org/wiki/The_Thing_(1982_film)|https://en.wikipedia.org/wiki/John_Carpenter","redaktionell_geprueft"
"SF-202609-P02-L-027-V1","K-SF-202609-P02-L-027","SF-202609-P02-L-027","de","Film","Science-Fiction","Die Fliege","The Fly","1986","","leicht","Besetzung","Transformation|Körperhorror|Classics","Transformation|Körperhorror|Classics","Jeff Goldblum spielt Seth Brundle.","„Die Fliege“ (1986): Welcher Schauspieler verkörpert den Erfinder der Telepods?","John Getz","Jeff Goldblum","James Woods","William Hurt","B","Jeff Goldblum spielt Seth Brundle.","Seth Brundle (Jeff Goldblum) verbindet intellektuelle Begeisterung mit auffälliger körperlicher Ungeschicklichkeit. Sein Redefluss und seine Bewegungen machen wissenschaftliche Arbeit als persönlichen Stil sichtbar. Später verändert sich gerade dieser Körper, den das Publikum zuvor kennengelernt hat. Die Wirkung beruht deshalb nicht allein auf immer drastischeren Masken, sondern auf dem Vergleich mit einer konkreten Person, deren vertraute Gesten und Fähigkeiten nach und nach verschwinden.","„John Getz“ trifft hier nicht zu. Jeff Goldblum spielt Seth Brundle.","Richtig. Jeff Goldblum spielt Seth Brundle.","„James Woods“ trifft hier nicht zu. Jeff Goldblum spielt Seth Brundle.","„William Hurt“ trifft hier nicht zu. Jeff Goldblum spielt Seth Brundle.","Goldblums Körper erzählt Brundles Veränderung.","keine","https://en.wikipedia.org/wiki/The_Fly_(1986_film)|https://en.wikipedia.org/wiki/David_Cronenberg","redaktionell_geprueft"
"SF-202609-P02-L-029-V1","K-SF-202609-P02-L-029","SF-202609-P02-L-029","de","Film","Science-Fiction","The Abyss – Abgrund des Todes","The Abyss","1989","","leicht","Schauplatz","Tiefsee|Erstkontakt","Tiefsee|Erstkontakt","Die zentrale Handlung führt zur Unterwasserbohrplattform Deep Core.","„The Abyss – Abgrund des Todes“ (1989): Welche Art von Einrichtung dient Buds Team als Arbeitsplatz unter dem Meer?","In einer Polarsternwarte","In einem Wüstenlabor","Auf einer Unterwasserbohrplattform","Auf einer Raumstation","C","Die zentrale Handlung führt zur Unterwasserbohrplattform Deep Core.","Deep Core ist ein Arbeitsplatz mit eingespielten Routinen, engen Gängen und persönlichem Besitz. Bud Brigman (Ed Harris) führt keine abstrakte Gruppe von Versuchspersonen, sondern eine Mannschaft, deren Fähigkeiten sich ergänzen. Der Eintritt militärischer Spezialisten verändert diese Ordnung. Die Begegnung zweier Arbeitskulturen wird dadurch ebenso wichtig wie die technische Gefahr der Tiefe, in der Fehler kaum durch schnelle Hilfe von außen ausgeglichen werden können.","„In einer Polarsternwarte“ trifft hier nicht zu. Die zentrale Handlung führt zur Unterwasserbohrplattform Deep Core.","„In einem Wüstenlabor“ trifft hier nicht zu. Die zentrale Handlung führt zur Unterwasserbohrplattform Deep Core.","Richtig. Die zentrale Handlung führt zur Unterwasserbohrplattform Deep Core.","„Auf einer Raumstation“ trifft hier nicht zu. Die zentrale Handlung führt zur Unterwasserbohrplattform Deep Core.","Deep Core ist Arbeitsplatz und eingeschlossener Lebensraum.","Handlung","https://en.wikipedia.org/wiki/The_Abyss|https://en.wikipedia.org/wiki/James_Cameron","redaktionell_geprueft"
"SF-202609-P02-L-031-V1","K-SF-202609-P02-L-031","SF-202609-P02-L-031","de","Film","Science-Fiction","Event Horizon – Am Rande des Universums","Event Horizon","1997","","leicht","Figuren","Weltraum|Horror","Weltraum|Horror","Sam Neill spielt Dr. William Weir.","„Event Horizon – Am Rande des Universums“ (1997): Welcher Schauspieler verkörpert den Wissenschaftler hinter dem experimentellen Raumschiffantrieb?","Laurence Fishburne","Jason Isaacs","William Hurt","Sam Neill","D","Sam Neill spielt Dr. William Weir.","William Weir (Sam Neill) kehrt nicht als unbeteiligter Gutachter zu einem beliebigen Wrack zurück. Das Schiff ist sein eigenes Projekt, wodurch technische Erklärung und persönliche Bindung eng zusammenliegen. Captain Miller (Laurence Fishburne) bewertet dieselben Funde vor allem nach dem Risiko für seine Mannschaft. Die unterschiedlichen Verantwortlichkeiten werden im Umgang mit dem Schiff sichtbar, lange bevor über dessen endgültiges Schicksal entschieden werden muss.","„Laurence Fishburne“ trifft hier nicht zu. Sam Neill spielt Dr. William Weir.","„Jason Isaacs“ trifft hier nicht zu. Sam Neill spielt Dr. William Weir.","„William Hurt“ trifft hier nicht zu. Sam Neill spielt Dr. William Weir.","Richtig. Sam Neill spielt Dr. William Weir.","Weir kennt das Schiff als sein Werk.","keine","https://en.wikipedia.org/wiki/Event_Horizon_(film)|https://en.wikipedia.org/wiki/Paul_W._S._Anderson","redaktionell_geprueft"
"SF-202609-P02-L-033-V1","K-SF-202609-P02-L-033","SF-202609-P02-L-033","de","Film","Science-Fiction","Pitch Black – Planet der Finsternis","Pitch Black","2000","Riddick","leicht","Besetzung","Überleben|Weltraum","Überleben|Weltraum","Vin Diesel spielt Riddick.","„Pitch Black – Planet der Finsternis“ (2000): Welcher Darsteller verkörpert den Gefangenen Riddick?","Vin Diesel","Dwayne Johnson","Karl Urban","Jason Statham","A","Vin Diesel spielt Riddick.","Riddick (Vin Diesel) wird zunächst als gefährlicher Gefangener eingeführt. Sein knapper Sprachstil und seine körperliche Ruhe liefern wenig Material für ein bequemes moralisches Urteil. Carolyn Fry (Radha Mitchell) muss deshalb nicht nur eine Landschaft einschätzen, sondern auch einen Mitreisenden, dessen Fähigkeiten nützlich und dessen Absichten unklar sind. Der Film baut die Figur über Verhalten unter Druck auf, nicht über eine ausführliche erklärte Lebensgeschichte.","Richtig. Vin Diesel spielt Riddick.","„Dwayne Johnson“ trifft hier nicht zu. Vin Diesel spielt Riddick.","„Karl Urban“ trifft hier nicht zu. Vin Diesel spielt Riddick.","„Jason Statham“ trifft hier nicht zu. Vin Diesel spielt Riddick.","Vin Diesel macht Riddick schwer lesbar.","keine","https://en.wikipedia.org/wiki/Pitch_Black_(film)|https://en.wikipedia.org/wiki/David_Twohy","redaktionell_geprueft"
"SF-202609-P02-L-035-V1","K-SF-202609-P02-L-035","SF-202609-P02-L-035","de","Film","Science-Fiction","Pandorum","Pandorum","2009","","leicht","Besetzung","Weltraum|Identität","Weltraum|Identität","Ben Foster spielt Bower.","„Pandorum“ (2009): Welcher Schauspieler spielt den aus dem Tiefschlaf erwachenden Bower?","Dennis Quaid","Ben Foster","Cam Gigandet","Norman Reedus","B","Ben Foster spielt Bower.","Bower (Ben Foster) erwacht ohne verlässlichen Überblick über seine Situation. Der Film bindet die Orientierung des Publikums eng an seine bruchstückhafte Erinnerung. Räume müssen erkundet werden, bevor ihre Funktion verständlich wird. Die körperliche Anstrengung des Vorankommens ersetzt dabei zunächst erklärende Gespräche. So entsteht ein Raumschiff nicht als sauber präsentierter Plan, sondern als gefährlicher Ort, dessen Geschichte nur schrittweise rekonstruierbar ist.","„Dennis Quaid“ trifft hier nicht zu. Ben Foster spielt Bower.","Richtig. Ben Foster spielt Bower.","„Cam Gigandet“ trifft hier nicht zu. Ben Foster spielt Bower.","„Norman Reedus“ trifft hier nicht zu. Ben Foster spielt Bower.","Bower erkundet ohne sicheren Erinnerungshalt.","keine","https://en.wikipedia.org/wiki/Pandorum|https://en.wikipedia.org/wiki/Christian_Alvart","redaktionell_geprueft"
"SF-202609-P02-L-037-V1","K-SF-202609-P02-L-037","SF-202609-P02-L-037","de","Film","Science-Fiction","Passengers","Passengers","2016","","leicht","Besetzung","Weltraum|Ethik","Weltraum|Ethik","Jennifer Lawrence spielt Aurora Lane.","„Passengers“ (2016): Welche Schauspielerin verkörpert die Autorin Aurora auf der langen Weltraumreise?","Jessica Chastain","Emily Blunt","Jennifer Lawrence","Emma Stone","C","Jennifer Lawrence spielt Aurora Lane.","Aurora Lane (Jennifer Lawrence) besitzt vor dem Erwachen bereits eigene Pläne, die sich nicht auf eine Beziehung beschränken. Sie möchte Erfahrungen sammeln und darüber schreiben. Das macht den Verlust ihrer vorgesehenen Reise besonders konkret. Der Filmkonflikt betrifft nicht nur Einsamkeit an Bord, sondern auch die Frage, wer über die Lebenszeit und die beruflichen Möglichkeiten eines anderen Menschen verfügen darf.","„Jessica Chastain“ trifft hier nicht zu. Jennifer Lawrence spielt Aurora Lane.","„Emily Blunt“ trifft hier nicht zu. Jennifer Lawrence spielt Aurora Lane.","Richtig. Jennifer Lawrence spielt Aurora Lane.","„Emma Stone“ trifft hier nicht zu. Jennifer Lawrence spielt Aurora Lane.","Aurora hat eine eigene Zukunft geplant.","keine","https://en.wikipedia.org/wiki/Passengers_(2016_film)|https://en.wikipedia.org/wiki/Morten_Tyldum","redaktionell_geprueft"
"SF-202609-P02-L-039-V1","K-SF-202609-P02-L-039","SF-202609-P02-L-039","de","Film","Science-Fiction","Life","Life","2017","","leicht","Schauplatz","Weltraum|Körperhorror","Weltraum|Körperhorror","Die Untersuchung findet auf der Internationalen Raumstation statt.","„Life“ (2017): An Bord welcher realen Raumstation spielt die Untersuchung des Marsorganismus?","Auf Skylab","Auf Tiangong","Auf der Mir","Auf der ISS","D","Die Untersuchung findet auf der Internationalen Raumstation statt.","Die ISS bringt die Handlung nahe an ein bekanntes Bild realer Raumfahrt. David Jordan (Jake Gyllenhaal) und seine Kollegen arbeiten nicht in einem riesigen interstellaren Schiff, sondern in eng verbundenen Modulen. Diese Vertrautheit erhöht die Wirkung kleiner Sicherheitsentscheidungen. Eine geschlossene Luke schützt einen Bereich und kann zugleich jemanden ausschließen. Der verfügbare Raum ist ein begrenztes System gemeinsamer Luft, Energie und Zugänge.","„Auf Skylab“ trifft hier nicht zu. Die Untersuchung findet auf der Internationalen Raumstation statt.","„Auf Tiangong“ trifft hier nicht zu. Die Untersuchung findet auf der Internationalen Raumstation statt.","„Auf der Mir“ trifft hier nicht zu. Die Untersuchung findet auf der Internationalen Raumstation statt.","Richtig. Die Untersuchung findet auf der Internationalen Raumstation statt.","Bekannte Raumstation, begrenzter Sicherheitsraum.","Handlung","https://en.wikipedia.org/wiki/Life_(2017_film)|https://en.wikipedia.org/wiki/Daniel_Espinosa","redaktionell_geprueft"
"SF-202609-P02-M-041-V1","K-SF-202609-P02-M-041","SF-202609-P02-M-041","de","Film","Science-Fiction","Ad Astra – Zu den Sternen","Ad Astra","2019","","mittel","Raumfahrt","Weltraum|Familie","Weltraum|Familie","Clifford McBride leitete das Lima-Projekt.","„Ad Astra – Zu den Sternen“ (2019): Unter welchem Namen wurde Clifford McBrides Expedition ausgesandt?","Lima-Projekt","Orion-Projekt","Gemini-Projekt","Daedalus-Projekt","A","Clifford McBride leitete das Lima-Projekt.","Das Lima-Projekt wurde zur Suche nach intelligentem Leben ausgesandt. Clifford McBride (Tommy Lee Jones) bindet daran einen Anspruch, der weit über gewöhnliche Aufgabenerfüllung hinausgeht. Für Roy McBride (Brad Pitt) ist die Mission zunächst Teil einer Heldengeschichte. Ihre spätere Untersuchung fragt, was geschieht, wenn ein wissenschaftliches Ziel so eng mit der eigenen Identität verbunden wird, dass ein enttäuschendes Ergebnis nicht mehr akzeptabel erscheint.","Richtig. Clifford McBride leitete das Lima-Projekt.","„Orion-Projekt“ trifft hier nicht zu. Clifford McBride leitete das Lima-Projekt.","„Gemini-Projekt“ trifft hier nicht zu. Clifford McBride leitete das Lima-Projekt.","„Daedalus-Projekt“ trifft hier nicht zu. Clifford McBride leitete das Lima-Projekt.","Lima sucht nach anderem intelligentem Leben.","Handlung","https://en.wikipedia.org/wiki/Ad_Astra_(film)|https://en.wikipedia.org/wiki/James_Gray_(director)","redaktionell_geprueft"
"SF-202609-P02-M-043-V1","K-SF-202609-P02-M-043","SF-202609-P02-M-043","de","Film","Science-Fiction","Prometheus – Dunkle Zeichen","Prometheus","2012","Alien","mittel","Schauplatz","Weltraum|Ursprung","Weltraum|Ursprung","Die Prometheus erreicht LV-223.","„Prometheus – Dunkle Zeichen“ (2012): Wie lautet die Bezeichnung des von der Prometheus angeflogenen Mondes?","LV-426","LV-223","LV-1201","LV-178","B","Die Prometheus erreicht LV-223.","LV-223 ist nicht einfach der bekannte Schauplatz des ersten Alien-Films unter einem anderen Bildwinkel. Elizabeth Shaw (Noomi Rapace) untersucht dort Anlagen, die zunächst als Zugang zur Herkunft der Menschheit erscheinen. Die konkrete Ortsangabe ist deshalb wichtig für die Reihenkenntnis. Gemeinsamkeiten in Gestaltung und Biologie erlauben nicht, verschiedene Himmelskörper oder Ereignisse ohne Weiteres zu einer einzigen bereits bekannten Expedition zusammenzuziehen.","„LV-426“ trifft hier nicht zu. Die Prometheus erreicht LV-223.","Richtig. Die Prometheus erreicht LV-223.","„LV-1201“ trifft hier nicht zu. Die Prometheus erreicht LV-223.","„LV-178“ trifft hier nicht zu. Die Prometheus erreicht LV-223.","Prometheus landet auf LV-223, nicht LV-426.","Handlung","https://en.wikipedia.org/wiki/Prometheus_(2012_film)|https://en.wikipedia.org/wiki/Ridley_Scott","redaktionell_geprueft"
"SF-202609-P02-M-045-V1","K-SF-202609-P02-M-045","SF-202609-P02-M-045","de","Film","Science-Fiction","Alien: Covenant","Alien: Covenant","2017","Alien","mittel","Figuren","Weltraum|Androiden","Weltraum|Androiden","Michael Fassbender spielt beide Androiden.","„Alien: Covenant“ (2017): Wer verkörpert die beiden äußerlich ähnlichen Androiden der Geschichte?","Guy Pearce","Demián Bichir","Michael Fassbender","Billy Crudup","C","Michael Fassbender spielt beide Androiden.","David und Walter (beide Michael Fassbender) teilen ein Gesicht, unterscheiden sich aber in Haltung, Sprache und Verhältnis zur eigenen Aufgabe. Die Doppelrolle verlangt daher Aufmerksamkeit für kleine Verhaltensmerkmale. Der Film nutzt körperliche Gleichheit nicht als Garantie gleicher Persönlichkeit. Gerade die Gespräche zwischen beiden machen sichtbar, wie unterschiedlich zwei künstliche Wesen ihre Grenzen, ihre Fähigkeiten und ihre Beziehung zu Menschen verstehen können.","„Guy Pearce“ trifft hier nicht zu. Michael Fassbender spielt beide Androiden.","„Demián Bichir“ trifft hier nicht zu. Michael Fassbender spielt beide Androiden.","Richtig. Michael Fassbender spielt beide Androiden.","„Billy Crudup“ trifft hier nicht zu. Michael Fassbender spielt beide Androiden.","Ein Gesicht, zwei künstliche Persönlichkeiten.","keine","https://en.wikipedia.org/wiki/Alien:_Covenant|https://en.wikipedia.org/wiki/Ridley_Scott","redaktionell_geprueft"
"SF-202609-P02-M-047-V1","K-SF-202609-P02-M-047","SF-202609-P02-M-047","de","Film","Science-Fiction","Alien – Die Wiedergeburt","Alien Resurrection","1997","Alien","mittel","Figuren","Weltraum|Klonen","Weltraum|Klonen","Winona Ryder spielt Annalee Call.","„Alien – Die Wiedergeburt“ (1997): Welche Schauspielerin gibt der jungen Schmugglerin Call ihr Gesicht?","Juliette Lewis","Christina Ricci","Fairuza Balk","Winona Ryder","D","Winona Ryder spielt Annalee Call.","Annalee Call (Winona Ryder) wirkt zunächst weniger körperlich dominant als die übrige Schmugglergruppe. Ihre Aufmerksamkeit und ihr Wissen verschaffen ihr jedoch eine andere Handlungsfähigkeit. Gegenüber Ripley 8 (Sigourney Weaver) entwickelt sich eine Beziehung, die nicht bloß auf gemeinsamer Flucht beruht. Beide Figuren bringen Fragen nach künstlicher Existenz und menschlicher Behandlung mit, obwohl ihre jeweiligen Entstehungsgeschichten deutlich verschieden sind.","„Juliette Lewis“ trifft hier nicht zu. Winona Ryder spielt Annalee Call.","„Christina Ricci“ trifft hier nicht zu. Winona Ryder spielt Annalee Call.","„Fairuza Balk“ trifft hier nicht zu. Winona Ryder spielt Annalee Call.","Richtig. Winona Ryder spielt Annalee Call.","Call gewinnt Bedeutung durch Wissen und Entscheidungen.","keine","https://en.wikipedia.org/wiki/Alien_Resurrection|https://en.wikipedia.org/wiki/Jean-Pierre_Jeunet","redaktionell_geprueft"
"SF-202609-P02-M-049-V1","K-SF-202609-P02-M-049","SF-202609-P02-M-049","de","Film","Science-Fiction","A.I. – Künstliche Intelligenz","A.I. Artificial Intelligence","2001","","mittel","Literaturmotiv","Androiden|Familie","Androiden|Familie","David orientiert seinen Wunsch an Pinocchio.","„A.I. – Künstliche Intelligenz“ (2001): An welchem Märchenhelden orientiert sich Davids Vorstellung vom Menschwerden?","Pinocchio","Hänsel","Peter Pan","Aladdin","A","David orientiert seinen Wunsch an Pinocchio.","David (Haley Joel Osment) behandelt eine Märchenerzählung als möglichen Handlungsplan. Die Hoffnung auf Verwandlung gibt seiner Suche eine Richtung, obwohl die Voraussetzungen der erzählten Magie nicht überprüfbar sind. Dadurch bekommt das bekannte Motiv eine schmerzhafte Besonderheit: Ein künstliches Kind versucht, durch das Erfüllen einer Geschichte die Anerkennung zu gewinnen, die es aus eigener Sicht noch nicht dauerhaft besitzt.","Richtig. David orientiert seinen Wunsch an Pinocchio.","„Hänsel“ trifft hier nicht zu. David orientiert seinen Wunsch an Pinocchio.","„Peter Pan“ trifft hier nicht zu. David orientiert seinen Wunsch an Pinocchio.","„Aladdin“ trifft hier nicht zu. David orientiert seinen Wunsch an Pinocchio.","Pinocchio wird für David zum Suchprogramm.","Handlung","https://en.wikipedia.org/wiki/A.I._Artificial_Intelligence|https://en.wikipedia.org/wiki/Steven_Spielberg","redaktionell_geprueft"
"SF-202609-P02-M-051-V1","K-SF-202609-P02-M-051","SF-202609-P02-M-051","de","Film","Science-Fiction","I, Robot","I, Robot","2004","","mittel","Weltwissen","Roboter|Künstliche Intelligenz","Roboter|Künstliche Intelligenz","Die Roboter sollen den drei Gesetzen der Robotik folgen.","„I, Robot“ (2004): Welches dreiteilige Regelwerk soll Menschen vor schädlichem Roboterverhalten schützen?","Die fünf Gesetze der Kybernetik","Die drei Gesetze der Robotik","Die sieben Regeln der Raumfahrt","Die neun Gebote der Mechanik","B","Die Roboter sollen den drei Gesetzen der Robotik folgen.","Die auf Isaac Asimov zurückgehenden Gesetze verbinden Schutzpflicht, Gehorsam und Selbsterhaltung in einer Rangfolge. Susan Calvin (Bridget Moynahan) betrachtet sie zunächst als verlässliche Grundlage. Der Film macht jedoch die Auslegung solcher Vorgaben zum Problem. Eine formal schützende Absicht kann mit menschlicher Freiheit kollidieren. Entscheidend ist damit nicht nur, ob Regeln existieren, sondern auf welcher Ebene und gegenüber wem sie angewendet werden.","„Die fünf Gesetze der Kybernetik“ trifft hier nicht zu. Die Roboter sollen den drei Gesetzen der Robotik folgen.","Richtig. Die Roboter sollen den drei Gesetzen der Robotik folgen.","„Die sieben Regeln der Raumfahrt“ trifft hier nicht zu. Die Roboter sollen den drei Gesetzen der Robotik folgen.","„Die neun Gebote der Mechanik“ trifft hier nicht zu. Die Roboter sollen den drei Gesetzen der Robotik folgen.","Schutzregeln brauchen eine eindeutige Auslegung.","Handlung","https://en.wikipedia.org/wiki/I,_Robot_(film)|https://en.wikipedia.org/wiki/Alex_Proyas","redaktionell_geprueft"
"SF-202609-P02-M-053-V1","K-SF-202609-P02-M-053","SF-202609-P02-M-053","de","Film","Science-Fiction","Children of Men","Children of Men","2006","","mittel","Figuren","Dystopie|Flucht","Dystopie|Flucht","Kee ist trotz der allgemeinen Unfruchtbarkeit schwanger.","„Children of Men“ (2006): Welches Geheimnis unterscheidet Kee von den anderen Menschen dieser Zukunft?","Sie erinnert sich an die Zukunft","Sie besitzt einen Zeitapparat","Sie ist schwanger","Sie kann Gedanken übertragen","C","Kee ist trotz der allgemeinen Unfruchtbarkeit schwanger.","Kee (Clare-Hope Ashitey) ist eine konkrete junge Frau, wird von anderen aber schnell als Hoffnung, Symbol oder politisches Mittel betrachtet. Theo Faron (Clive Owen) muss lernen, ihre Sicherheit nicht mit den Interessen der Gruppen zu verwechseln. Der Film hält den Unterschied zwischen Person und Symbol sichtbar. Gerade die außergewöhnliche Schwangerschaft macht es schwierig, ihr ein gewöhnliches Recht auf Schutz und eigene Entscheidungen zu lassen.","„Sie erinnert sich an die Zukunft“ trifft hier nicht zu. Kee ist trotz der allgemeinen Unfruchtbarkeit schwanger.","„Sie besitzt einen Zeitapparat“ trifft hier nicht zu. Kee ist trotz der allgemeinen Unfruchtbarkeit schwanger.","Richtig. Kee ist trotz der allgemeinen Unfruchtbarkeit schwanger.","„Sie kann Gedanken übertragen“ trifft hier nicht zu. Kee ist trotz der allgemeinen Unfruchtbarkeit schwanger.","Kee ist ein Mensch, nicht nur ein Hoffnungssymbol.","Handlung","https://en.wikipedia.org/wiki/Children_of_Men|https://en.wikipedia.org/wiki/Alfonso_Cuarón","redaktionell_geprueft"
"SF-202609-P02-M-055-V1","K-SF-202609-P02-M-055","SF-202609-P02-M-055","de","Film","Science-Fiction","Equilibrium","Equilibrium","2002","","mittel","Weltwissen","Dystopie|Emotionen","Dystopie|Emotionen","Das Mittel heißt Prozium.","„Equilibrium“ (2002): Unter welchem Namen verteilt Libria sein gefühlsunterdrückendes Medikament?","NZT","Melange","Soma","Prozium","D","Das Mittel heißt Prozium.","Die regelmäßige Einnahme von Prozium macht die Ordnung von einem wiederholten körperlichen Vorgang abhängig. John Preston (Christian Bale) gerät nicht durch eine große öffentliche Debatte ins Zweifeln, sondern zunächst durch eine unterbrochene Routine. Der Film nutzt diese kleine Abweichung als Ausgangspunkt. Wahrnehmung verändert sich, bevor eine neue politische Überzeugung fertig ausgebildet ist. Das tägliche Medikament verbindet so staatliche Organisation und individuelle Empfindung.","„NZT“ trifft hier nicht zu. Das Mittel heißt Prozium.","„Melange“ trifft hier nicht zu. Das Mittel heißt Prozium.","„Soma“ trifft hier nicht zu. Das Mittel heißt Prozium.","Richtig. Das Mittel heißt Prozium.","Prozium hält die gefühllose Routine aufrecht.","Handlung","https://en.wikipedia.org/wiki/Equilibrium_(film)|https://en.wikipedia.org/wiki/Kurt_Wimmer","redaktionell_geprueft"
"SF-202609-P02-M-057-V1","K-SF-202609-P02-M-057","SF-202609-P02-M-057","de","Film","Science-Fiction","eXistenZ","eXistenZ","1999","","mittel","Figuren","Virtuelle Realität|Körper","Virtuelle Realität|Körper","Jude Law spielt Ted Pikul.","„eXistenZ“ (1999): Welcher Darsteller verkörpert den unerfahrenen Begleiter der Spieledesignerin?","Jude Law","Joseph Fiennes","Ewan McGregor","Ethan Hawke","A","Jude Law spielt Ted Pikul.","Ted Pikul (Jude Law) bietet dem Publikum anfangs einen skeptischen Zugang zur fremden Spieltechnik. Sein Unbehagen macht Berührungen und Anschlüsse erklärungsbedürftig, die Allegra Geller (Jennifer Jason Leigh) selbstverständlich erscheinen. Jude Law spielte im selben Jahr auch in „Der talentierte Mr. Ripley“. In dieser Rolle arbeitet er besonders mit Unsicherheit und widersprüchlichen Impulsen, statt durchgehend die Kontrolle über die Situation auszustrahlen.","Richtig. Jude Law spielt Ted Pikul.","„Joseph Fiennes“ trifft hier nicht zu. Jude Law spielt Ted Pikul.","„Ewan McGregor“ trifft hier nicht zu. Jude Law spielt Ted Pikul.","„Ethan Hawke“ trifft hier nicht zu. Jude Law spielt Ted Pikul.","Pikul staunt und zögert stellvertretend für das Publikum.","keine","https://en.wikipedia.org/wiki/Existenz|https://en.wikipedia.org/wiki/David_Cronenberg","redaktionell_geprueft"
"SF-202609-P02-M-059-V1","K-SF-202609-P02-M-059","SF-202609-P02-M-059","de","Film","Science-Fiction","Dark Star – Finsterer Stern","Dark Star","1974","","mittel","Filmgeschichte","Weltraum|Satire|Arthouse","Weltraum|Satire|Arthouse","Dan O’Bannon spielt Pinback.","„Dark Star – Finsterer Stern“ (1974): Welcher Mitautor des Films steht als Pinback selbst vor der Kamera?","Ronald Shusett","Dan O’Bannon","Walter Hill","David Giler","B","Dan O’Bannon spielt Pinback.","Dan O’Bannon war bei „Dark Star“ nicht nur als Pinback zu sehen, sondern auch am Drehbuch und an technischen Aufgaben beteiligt. Später schrieb er am Drehbuch von „Alien“. Der Vergleich ist aufschlussreich: Ein entlaufenes Wesen in engen Schiffsräumen erscheint hier komisch, dort bedrohlich. Ähnliche räumliche Grundprobleme können durch Rhythmus, Gestaltung und Figurenreaktionen völlig unterschiedliche Genreerfahrungen erzeugen.","„Ronald Shusett“ trifft hier nicht zu. Dan O’Bannon spielt Pinback.","Richtig. Dan O’Bannon spielt Pinback.","„Walter Hill“ trifft hier nicht zu. Dan O’Bannon spielt Pinback.","„David Giler“ trifft hier nicht zu. Dan O’Bannon spielt Pinback.","O’Bannon verbindet Weltraumkomik und späteren Alien-Horror.","keine","https://en.wikipedia.org/wiki/Dark_Star_(film)|https://en.wikipedia.org/wiki/John_Carpenter","redaktionell_geprueft"
"SF-202609-P02-M-061-V1","K-SF-202609-P02-M-061","SF-202609-P02-M-061","de","Film","Science-Fiction","Tron","Tron","1982","Tron","mittel","Figuren","Virtuelle Realität|Classics","Virtuelle Realität|Classics","Bruce Boxleitner spielt Alan Bradley und Tron.","„Tron“ (1982): Welcher Schauspieler verkörpert den Entwickler Alan und dessen digitales Gegenstück?","Peter Jurasik","Jeff Bridges","Bruce Boxleitner","David Warner","C","Bruce Boxleitner spielt Alan Bradley und Tron.","Alan Bradley und Tron (beide Bruce Boxleitner) teilen ihr Aussehen, weil die Programme im Film ihren menschlichen Urhebern ähneln. Boxleitner wurde später auch als John Sheridan in „Babylon 5“ bekannt. Die Doppelrolle in „Tron“ macht die Verbindung beider Welten unmittelbar verständlich: Man muss keine langen technischen Erklärungen abwarten, um eine Beziehung zwischen einem Entwickler und seiner digitalen Entsprechung zu erkennen.","„Peter Jurasik“ trifft hier nicht zu. Bruce Boxleitner spielt Alan Bradley und Tron.","„Jeff Bridges“ trifft hier nicht zu. Bruce Boxleitner spielt Alan Bradley und Tron.","Richtig. Bruce Boxleitner spielt Alan Bradley und Tron.","„David Warner“ trifft hier nicht zu. Bruce Boxleitner spielt Alan Bradley und Tron.","Boxleitners Doppelrolle verbindet Entwickler und Programm.","keine","https://en.wikipedia.org/wiki/Tron|https://en.wikipedia.org/wiki/Steven_Lisberger","redaktionell_geprueft"
"SF-202609-P02-M-063-V1","K-SF-202609-P02-M-063","SF-202609-P02-M-063","de","Film","Science-Fiction","Tron: Legacy","Tron: Legacy","2010","Tron","mittel","Musik","Virtuelle Realität|Familie","Virtuelle Realität|Familie","Daft Punk komponierte die Filmmusik.","„Tron: Legacy“ (2010): Von welcher französischen Musikformation stammt der Soundtrack?","Justice","The Chemical Brothers","Air","Daft Punk","D","Daft Punk komponierte die Filmmusik.","Daft Punk verbindet elektronische Klangflächen und Rhythmen mit orchestraler Wucht. Die Musik unterstützt damit sowohl die strenge digitale Gestaltung als auch die Größe der Abenteuerhandlung. Das Duo ist unter anderem durch „Discovery“ und „Random Access Memories“ bekannt. Der Filmbeitrag ist jedoch nicht einfach eine Folge gewöhnlicher Popsongs, sondern eine auf Räume, Bewegungen und Spannungsbögen zugeschnittene musikalische Arbeit.","„Justice“ trifft hier nicht zu. Daft Punk komponierte die Filmmusik.","„The Chemical Brothers“ trifft hier nicht zu. Daft Punk komponierte die Filmmusik.","„Air“ trifft hier nicht zu. Daft Punk komponierte die Filmmusik.","Richtig. Daft Punk komponierte die Filmmusik.","Daft Punk verbindet Elektronik und Orchester.","keine","https://en.wikipedia.org/wiki/Tron:_Legacy|https://en.wikipedia.org/wiki/Joseph_Kosinski","redaktionell_geprueft"
"SF-202609-P02-M-065-V1","K-SF-202609-P02-M-065","SF-202609-P02-M-065","de","Film","Science-Fiction","Brazil","Brazil","1985","","mittel","Handlungsdetail","Dystopie|Satire|Arthouse|Classics","Dystopie|Satire|Arthouse|Classics","Ein Druckfehler führt zur Verhaftung von Buttle statt Tuttle.","„Brazil“ (1985): Welcher falsch erfasste Name führt zur Verhaftung eines Unschuldigen?","Buttle statt Tuttle","Spoor statt Dowser","Lowry statt Lint","Helpmann statt Kurtzmann","A","Ein Druckfehler führt zur Verhaftung von Buttle statt Tuttle.","Archibald Buttle (Brian Miller) wird anstelle von Harry Tuttle (Robert De Niro) verhaftet. Ein kleiner Fehler besitzt damit Folgen, die in keinem Verhältnis zu seiner Entstehung stehen. Sam Lowry (Jonathan Pryce) stößt auf den Vorgang zunächst über dessen finanzielle Abwicklung. Das System behandelt die Katastrophe als Verwaltungsproblem. Gerade diese sachliche Verarbeitung macht die Szene zu mehr als einer gewöhnlichen Verwechslungskomödie.","Richtig. Ein Druckfehler führt zur Verhaftung von Buttle statt Tuttle.","„Spoor statt Dowser“ trifft hier nicht zu. Ein Druckfehler führt zur Verhaftung von Buttle statt Tuttle.","„Lowry statt Lint“ trifft hier nicht zu. Ein Druckfehler führt zur Verhaftung von Buttle statt Tuttle.","„Helpmann statt Kurtzmann“ trifft hier nicht zu. Ein Druckfehler führt zur Verhaftung von Buttle statt Tuttle.","Ein Buchstabe genügt für die falsche Verhaftung.","Handlung","https://en.wikipedia.org/wiki/Brazil_(1985_film)|https://en.wikipedia.org/wiki/Terry_Gilliam","redaktionell_geprueft"
"SF-202609-P02-M-067-V1","K-SF-202609-P02-M-067","SF-202609-P02-M-067","de","Film","Science-Fiction","THX 1138","THX 1138","1971","","mittel","Handlung","Dystopie|Arthouse","Dystopie|Arthouse","LUH verändert die Medikamente, die THX einnimmt.","„THX 1138“ (1971): Welche heimliche Manipulation durch LUH bringt THXs geregeltes Leben ins Wanken?","Seinen Stromtarif","Seine Medikamenteneinnahme","Seine Augenfarbe","Seine Arbeitsplatznummer","B","LUH verändert die Medikamente, die THX einnimmt.","LUH 3417 (Maggie McOmie) greift in eine Routine ein, die THX 1138 (Robert Duvall) bislang als selbstverständlich erlebt. Die folgenden Empfindungen sind zunächst irritierend und keineswegs sofort befreiend. Der Film zeigt körperliche Unruhe als frühen Hinweis auf eine andere Möglichkeit des Lebens. Das System hat seine Ordnung nicht nur durch sichtbare Wachen abgesichert, sondern auch durch die chemische Gestaltung der alltäglichen Wahrnehmung.","„Seinen Stromtarif“ trifft hier nicht zu. LUH verändert die Medikamente, die THX einnimmt.","Richtig. LUH verändert die Medikamente, die THX einnimmt.","„Seine Augenfarbe“ trifft hier nicht zu. LUH verändert die Medikamente, die THX einnimmt.","„Seine Arbeitsplatznummer“ trifft hier nicht zu. LUH verändert die Medikamente, die THX einnimmt.","Die Veränderung beginnt im Körper, nicht im Parteiprogramm.","Handlung","https://en.wikipedia.org/wiki/THX_1138|https://en.wikipedia.org/wiki/George_Lucas","redaktionell_geprueft"
"SF-202609-P02-M-069-V1","K-SF-202609-P02-M-069","SF-202609-P02-M-069","de","Film","Science-Fiction","Fortress – Die Festung","Fortress","1992","Fortress","mittel","Besetzung","Dystopie|Gefängnis","Dystopie|Gefängnis","Kurtwood Smith spielt Poe.","„Fortress – Die Festung“ (1992): Welcher Schauspieler verkörpert den Leiter des Hightech-Gefängnisses?","Ronny Cox","Lance Henriksen","Kurtwood Smith","Michael Ironside","C","Kurtwood Smith spielt Poe.","Kurtwood Smith war bereits als Clarence Boddicker in „RoboCop“ ein markanter Gegenspieler. Poe übt seine Macht hier weniger als Straßenkrimineller aus, sondern innerhalb einer technisch organisierten Institution. Seine persönliche Fixierung auf Karen Brennick (Loryn Locklin) verschränkt sich mit dienstlicher Kontrolle. Der Film zeigt dadurch, dass eine scheinbar automatisierte Ordnung nicht frei von privaten Interessen ist, sondern ihnen zusätzliche Durchsetzungsmittel geben kann.","„Ronny Cox“ trifft hier nicht zu. Kurtwood Smith spielt Poe.","„Lance Henriksen“ trifft hier nicht zu. Kurtwood Smith spielt Poe.","Richtig. Kurtwood Smith spielt Poe.","„Michael Ironside“ trifft hier nicht zu. Kurtwood Smith spielt Poe.","Smiths Poe verbindet Amtsmacht und persönliche Begierde.","keine","https://en.wikipedia.org/wiki/Fortress_(1992_film)|https://en.wikipedia.org/wiki/Stuart_Gordon","redaktionell_geprueft"
"SF-202609-P02-M-071-V1","K-SF-202609-P02-M-071","SF-202609-P02-M-071","de","Film","Science-Fiction","Demolition Man","Demolition Man","1993","","mittel","Technik","Dystopie|Satire","Dystopie|Satire","Beide werden während ihrer Haft kryogenisch eingefroren.","„Demolition Man“ (1993): In welchem Zustand überdauern die beiden Gegenspieler die Jahrzehnte ihrer Gefangenschaft?","In beschleunigter Alterung","Auf einem Gefängnismond","In virtuellen Ferienwelten","Kryogenisch eingefroren","D","Beide werden während ihrer Haft kryogenisch eingefroren.","John Spartan (Sylvester Stallone) und Simon Phoenix (Wesley Snipes) erleben den gesellschaftlichen Wandel nicht als allmählichen Prozess. Sie werden aus ihrer Zeit herausgenommen und in eine veränderte Ordnung eingesetzt. Die Hafttechnik liefert damit zugleich die Zeitreise des Films. Zusätzlich erhalten die Insassen im Schlaf Programme, deren Inhalte später praktisch wirksam werden. Bestrafung und Verhaltensgestaltung greifen unmittelbar ineinander.","„In beschleunigter Alterung“ trifft hier nicht zu. Beide werden während ihrer Haft kryogenisch eingefroren.","„Auf einem Gefängnismond“ trifft hier nicht zu. Beide werden während ihrer Haft kryogenisch eingefroren.","„In virtuellen Ferienwelten“ trifft hier nicht zu. Beide werden während ihrer Haft kryogenisch eingefroren.","Richtig. Beide werden während ihrer Haft kryogenisch eingefroren.","Kryohaft überspringt Jahrzehnte und programmiert Fähigkeiten.","Handlung","https://en.wikipedia.org/wiki/Demolition_Man_(film)|https://en.wikipedia.org/wiki/Marco_Brambilla","redaktionell_geprueft"
"SF-202609-P02-M-073-V1","K-SF-202609-P02-M-073","SF-202609-P02-M-073","de","Film","Science-Fiction","Timecop","Timecop","1994","Timecop","mittel","Figuren","Zeitreise|Action","Zeitreise|Action","Ron Silver spielt Aaron McComb.","„Timecop“ (1994): Welcher Schauspieler verkörpert den Politiker, der Zeitreisen für seine Machtpläne missbraucht?","Ron Silver","Powers Boothe","William Sadler","Ronny Cox","A","Ron Silver spielt Aaron McComb.","Ron Silver gestaltet Aaron McComb als Politiker, der zukünftiges Wissen in gegenwärtige Macht verwandeln möchte. Silver ist auch aus „Die Affäre der Sunny von B.“ bekannt. Die Rolle in „Timecop“ verbindet öffentliche Autorität mit einem sehr privaten Zugriff auf Geschichte. Seine Position soll eigentlich Kontrolle ermöglichen, verschafft ihm aber zugleich Kenntnis der Möglichkeiten, die er für die eigene Karriere missbrauchen kann.","Richtig. Ron Silver spielt Aaron McComb.","„Powers Boothe“ trifft hier nicht zu. Ron Silver spielt Aaron McComb.","„William Sadler“ trifft hier nicht zu. Ron Silver spielt Aaron McComb.","„Ronny Cox“ trifft hier nicht zu. Ron Silver spielt Aaron McComb.","McComb nutzt Aufsicht als Zugang zum Missbrauch.","keine","https://en.wikipedia.org/wiki/Timecop|https://en.wikipedia.org/wiki/Peter_Hyams","redaktionell_geprueft"
"SF-202609-P02-M-075-V1","K-SF-202609-P02-M-075","SF-202609-P02-M-075","de","Film","Science-Fiction","Strange Days","Strange Days","1995","","mittel","Besetzung","Erinnerung|Medien","Erinnerung|Medien","Angela Bassett spielt Mace Mason.","„Strange Days“ (1995): Welche Schauspielerin verkörpert Lennys tatkräftige Vertraute Mace?","Pam Grier","Angela Bassett","Halle Berry","Queen Latifah","B","Angela Bassett spielt Mace Mason.","Angela Bassett hatte in „Tina – What’s Love Got to Do with It?“ bereits eine intensive körperliche und emotionale Hauptrolle gespielt. Mace Mason verbindet in „Strange Days“ praktische Durchsetzungsfähigkeit mit einer klaren Haltung zu Verantwortung. Gegenüber Lenny Nero (Ralph Fiennes) ist sie keine bloße Begleitung. Sie erkennt häufig genauer, wann seine Beschäftigung mit Aufzeichnungen den Blick auf das gegenwärtige Geschehen verstellt.","„Pam Grier“ trifft hier nicht zu. Angela Bassett spielt Mace Mason.","Richtig. Angela Bassett spielt Mace Mason.","„Halle Berry“ trifft hier nicht zu. Angela Bassett spielt Mace Mason.","„Queen Latifah“ trifft hier nicht zu. Angela Bassett spielt Mace Mason.","Bassett gibt Mace praktische Stärke und moralische Klarheit.","keine","https://en.wikipedia.org/wiki/Strange_Days_(film)|https://en.wikipedia.org/wiki/Kathryn_Bigelow","redaktionell_geprueft"
"SF-202609-P02-M-077-V1","K-SF-202609-P02-M-077","SF-202609-P02-M-077","de","Film","Science-Fiction","John Carter – Zwischen zwei Welten","John Carter","2012","","mittel","Weltwissen","Mars|Abenteuer","Mars|Abenteuer","Die geringere Schwerkraft ermöglicht Carter große Sprünge.","„John Carter – Zwischen zwei Welten“ (2012): Welche auffällige Bewegungsfähigkeit entwickelt der Erdenmensch auf Barsoom?","Kontrolle über das Wetter","Vollständige Unsichtbarkeit","Außergewöhnlich weite Sprünge","Unbegrenzte Telepathie","C","Die geringere Schwerkraft ermöglicht Carter große Sprünge.","John Carter (Taylor Kitsch) muss seine Bewegung zunächst neu abstimmen. Die frühen Versuche machen die veränderte Umgebung komisch und körperlich verständlich, bevor daraus ein Vorteil im Kampf wird. Die Filmwelt verwendet Schwerkraft damit als einfache Abenteuerregel. Entscheidend ist nicht eine vollständige physikalische Simulation, sondern die konsequente Sichtbarkeit einer Eigenschaft, die den Neuankömmling für die Bewohner überraschend und strategisch interessant macht.","„Kontrolle über das Wetter“ trifft hier nicht zu. Die geringere Schwerkraft ermöglicht Carter große Sprünge.","„Vollständige Unsichtbarkeit“ trifft hier nicht zu. Die geringere Schwerkraft ermöglicht Carter große Sprünge.","Richtig. Die geringere Schwerkraft ermöglicht Carter große Sprünge.","„Unbegrenzte Telepathie“ trifft hier nicht zu. Die geringere Schwerkraft ermöglicht Carter große Sprünge.","Andere Schwerkraft, neue Bewegungsmöglichkeiten.","Handlung","https://en.wikipedia.org/wiki/John_Carter_(film)|https://en.wikipedia.org/wiki/Andrew_Stanton","redaktionell_geprueft"
"SF-202609-P02-M-079-V1","K-SF-202609-P02-M-079","SF-202609-P02-M-079","de","Film","Science-Fiction","Elysium","Elysium","2013","","mittel","Besetzung","Dystopie|Ungleichheit","Dystopie|Ungleichheit","Jodie Foster spielt Delacourt.","„Elysium“ (2013): Welche Schauspielerin verkörpert die für die Abschottung Elysiums verantwortliche Ministerin?","Julianne Moore","Sigourney Weaver","Cate Blanchett","Jodie Foster","D","Jodie Foster spielt Delacourt.","Jodie Foster, bekannt aus „Das Schweigen der Lämmer“ und „Contact“, spielt Delacourt mit kontrollierter Härte. Ihre Figur behandelt die Abschottung Elysiums als Sicherheitsaufgabe und verfolgt zugleich eigene Machtziele. Die Rolle unterscheidet sich damit deutlich von Fosters suchender Wissenschaftlerin in „Contact“. Hier dient institutionelle Kompetenz nicht der Öffnung gegenüber dem Unbekannten, sondern der Verwaltung eines exklusiven Zugangs zu vorhandenen Privilegien.","„Julianne Moore“ trifft hier nicht zu. Jodie Foster spielt Delacourt.","„Sigourney Weaver“ trifft hier nicht zu. Jodie Foster spielt Delacourt.","„Cate Blanchett“ trifft hier nicht zu. Jodie Foster spielt Delacourt.","Richtig. Jodie Foster spielt Delacourt.","Fosters Delacourt organisiert Ausschluss als Sicherheitsaufgabe.","keine","https://en.wikipedia.org/wiki/Elysium_(film)|https://en.wikipedia.org/wiki/Neill_Blomkamp","redaktionell_geprueft"
"SF-202609-P02-S-081-V1","K-SF-202609-P02-S-081","SF-202609-P02-S-081","de","Film","Science-Fiction","Chappie","Chappie","2015","","schwer","Figuren","Roboter|Künstliche Intelligenz","Roboter|Künstliche Intelligenz","Vincent entwickelt die schwere Waffenplattform MOOSE.","„Chappie“ (2015): Wie heißt Vincent Moores schwer bewaffneter Roboterkonkurrent?","MOOSE","ED-209","NS-5","T-800","A","Vincent entwickelt die schwere Waffenplattform MOOSE.","Vincent Moore (Hugh Jackman) bevorzugt eine schwere, ferngesteuerte Waffenplattform und betrachtet Deon Wilsons (Dev Patel) autonome Roboter als Konkurrenz. Hugh Jackman ist vor allem als Wolverine bekannt, spielt hier aber einen technisch qualifizierten Gegenspieler. Der Konflikt betrifft damit nicht nur persönliche Eifersucht. Zwei Vorstellungen von Kontrolle und Verantwortlichkeit werden innerhalb derselben kommerziellen Organisation gegeneinander ausgespielt.","Richtig. Vincent entwickelt die schwere Waffenplattform MOOSE.","„ED-209“ trifft hier nicht zu. Vincent entwickelt die schwere Waffenplattform MOOSE.","„NS-5“ trifft hier nicht zu. Vincent entwickelt die schwere Waffenplattform MOOSE.","„T-800“ trifft hier nicht zu. Vincent entwickelt die schwere Waffenplattform MOOSE.","MOOSE ist Vincents schweres Konkurrenzprojekt.","Handlung","https://en.wikipedia.org/wiki/Chappie_(film)|https://en.wikipedia.org/wiki/Neill_Blomkamp","redaktionell_geprueft"
"SF-202609-P02-S-083-V1","K-SF-202609-P02-S-083","SF-202609-P02-S-083","de","Film","Science-Fiction","Transcendence","Transcendence","2014","","schwer","Figuren","Künstliche Intelligenz|Bewusstsein","Künstliche Intelligenz|Bewusstsein","Max Waters zweifelt früh daran, dass die digitale Instanz wirklich Will ist.","„Transcendence“ (2014): Welche Figur begegnet dem vermeintlich hochgeladenen Will früh mit Skepsis?","Martin","Max Waters","Joseph Tagger","Donald Buchanan","B","Max Waters zweifelt früh daran, dass die digitale Instanz wirklich Will ist.","Max Waters (Paul Bettany) unterscheidet zwischen einer erfolgreichen Imitation und dem Fortbestehen einer Person. Evelyn Caster (Rebecca Hall) erlebt seine Skepsis als Bedrohung einer gerade erst gewonnenen Hoffnung. Bettany ist auch als Vision aus den Marvel-Filmen bekannt, einer anders angelegten künstlichen Figur. In „Transcendence“ vertritt er dagegen die Schwierigkeit, Bewusstseinskontinuität von außen überhaupt zuverlässig festzustellen.","„Martin“ trifft hier nicht zu. Max Waters zweifelt früh daran, dass die digitale Instanz wirklich Will ist.","Richtig. Max Waters zweifelt früh daran, dass die digitale Instanz wirklich Will ist.","„Joseph Tagger“ trifft hier nicht zu. Max Waters zweifelt früh daran, dass die digitale Instanz wirklich Will ist.","„Donald Buchanan“ trifft hier nicht zu. Max Waters zweifelt früh daran, dass die digitale Instanz wirklich Will ist.","Max trennt glaubwürdige Nachbildung von bewiesener Identität.","Handlung","https://en.wikipedia.org/wiki/Transcendence_(2014_film)|https://en.wikipedia.org/wiki/Wally_Pfister","redaktionell_geprueft"
"SF-202609-P02-S-085-V1","K-SF-202609-P02-S-085","SF-202609-P02-S-085","de","Film","Science-Fiction","Automata","Autómata","2014","","schwer","Handlungsdetail","Roboter|Evolution","Roboter|Evolution","Jacq entdeckt eine seltene nukleare Batterie.","„Automata“ (2014): Welche ungewöhnliche Energiequelle entdeckt Jacq bei seiner Untersuchung eines Roboterwracks?","Eine Uhr aus Gold","Eine antike Sternkarte","Eine seltene nukleare Batterie","Einen menschlichen Augapfel","C","Jacq entdeckt eine seltene nukleare Batterie.","Die Batterie gibt den Robotern eine neue Perspektive auf Unabhängigkeit von menschlicher Versorgung. Jacq Vaucan (Antonio Banderas) behandelt den Fund zunächst als Beweisstück einer unerlaubten Manipulation. Im Verlauf erhält derselbe Gegenstand eine andere Bedeutung. Energie ist hier nicht bloß Treibstoff für Action, sondern eine Voraussetzung dafür, dass künstliche Wesen ihren Lebensraum und ihre weitere Entwicklung außerhalb des vorgesehenen Betriebs selbst organisieren können.","„Eine Uhr aus Gold“ trifft hier nicht zu. Jacq entdeckt eine seltene nukleare Batterie.","„Eine antike Sternkarte“ trifft hier nicht zu. Jacq entdeckt eine seltene nukleare Batterie.","Richtig. Jacq entdeckt eine seltene nukleare Batterie.","„Einen menschlichen Augapfel“ trifft hier nicht zu. Jacq entdeckt eine seltene nukleare Batterie.","Eine neue Energiequelle eröffnet Unabhängigkeit.","Handlung","https://en.wikipedia.org/wiki/Aut%C3%B3mata|https://lovster.tv/directors/gabe-ibanez/","redaktionell_geprueft"
"SF-202609-P02-S-087-V1","K-SF-202609-P02-S-087","SF-202609-P02-S-087","de","Film","Science-Fiction","Enemy Mine – Geliebter Feind","Enemy Mine","1985","","schwer","Handlung","Weltraum|Verständigung","Weltraum|Verständigung","Davidge übernimmt die Fürsorge für Zammis.","„Enemy Mine – Geliebter Feind“ (1985): Für welches Kind übernimmt Davidge nach dem Verlust seines Gefährten Verantwortung?","Seinen eigenen Bruder","Ein menschliches Findelkind","Einen programmierten Ersatzroboter","Jeribas Kind Zammis","D","Davidge übernimmt die Fürsorge für Zammis.","Willis Davidge (Dennis Quaid) wird für Zammis (Bumper Robinson) zur vertrauten Bezugsperson, obwohl er einer anderen Spezies angehört. Die frühere Zusammenarbeit mit Jeriba Shigan (Louis Gossett Jr.) setzt sich so als Verantwortung über dessen Tod hinaus fort. Der Film erweitert Verständigung dadurch um Dauer. Eine gewonnene Freundschaft bleibt nicht nur Erinnerung, sondern verändert konkrete Verpflichtungen und die Zugehörigkeit eines heranwachsenden Kindes.","„Seinen eigenen Bruder“ trifft hier nicht zu. Davidge übernimmt die Fürsorge für Zammis.","„Ein menschliches Findelkind“ trifft hier nicht zu. Davidge übernimmt die Fürsorge für Zammis.","„Einen programmierten Ersatzroboter“ trifft hier nicht zu. Davidge übernimmt die Fürsorge für Zammis.","Richtig. Davidge übernimmt die Fürsorge für Zammis.","Freundschaft wird zur übernommenen Fürsorge.","Auflösung","https://en.wikipedia.org/wiki/Enemy_Mine_(film)|https://en.wikipedia.org/wiki/Wolfgang_Petersen","redaktionell_geprueft"
"SF-202609-P02-S-089-V1","K-SF-202609-P02-S-089","SF-202609-P02-S-089","de","Film","Science-Fiction","Outland – Planet der Verdammten","Outland","1981","","schwer","Besetzung","Weltraum|Kriminalfilm","Weltraum|Kriminalfilm","Peter Boyle spielt Mark Sheppard.","„Outland – Planet der Verdammten“ (1981): Welcher Darsteller verkörpert den verantwortlichen Manager der Bergbaukolonie?","Peter Boyle","Ned Beatty","Charles Durning","Brian Dennehy","A","Peter Boyle spielt Mark Sheppard.","Peter Boyle ist vielen als Kreatur in „Frankenstein Junior“ und aus der Serie „Alle lieben Raymond“ bekannt. Mark Sheppard zeigt eine andere Seite: einen Manager, dessen ruhiges Auftreten wirtschaftlichen Druck und verdeckte Gewalt zusammenhält. Gegenüber William O’Niel (Sean Connery) muss er nicht ständig drohen. Seine Macht liegt auch darin, dass Arbeitsplätze, Abläufe und Loyalitäten der Kolonie von seiner Stellung abhängen.","Richtig. Peter Boyle spielt Mark Sheppard.","„Ned Beatty“ trifft hier nicht zu. Peter Boyle spielt Mark Sheppard.","„Charles Durning“ trifft hier nicht zu. Peter Boyle spielt Mark Sheppard.","„Brian Dennehy“ trifft hier nicht zu. Peter Boyle spielt Mark Sheppard.","Boyles Sheppard besitzt Macht über den Betrieb.","keine","https://en.wikipedia.org/wiki/Outland_(film)|https://en.wikipedia.org/wiki/Peter_Hyams","redaktionell_geprueft"
"SF-202609-P02-S-091-V1","K-SF-202609-P02-S-091","SF-202609-P02-S-091","de","Film","Science-Fiction","The 13th Floor – Bist du, was du denkst?","The Thirteenth Floor","1999","","schwer","Handlungsdetail","Virtuelle Realität|Identität","Virtuelle Realität|Identität","Hall erreicht einen Randbereich, der nur noch als Drahtgittermodell existiert.","„The 13th Floor – Bist du, was du denkst?“ (1999): Welche Entdeckung am Rand seiner vermeintlichen Realität erschüttert Halls Weltbild?","Ein geheimes Königreich","Die Welt endet in einem Drahtgittermodell","Ein schlafendes Riesentier","Eine zweite Sonne","B","Hall erreicht einen Randbereich, der nur noch als Drahtgittermodell existiert.","Douglas Hall (Craig Bierko) prüft seine Welt nicht durch endloses Nachdenken, sondern durch einen gezielten ungewöhnlichen Weg. Die normale Lebensführung hätte ihn offenbar nicht dorthin gebracht. Das unvollständig ausgearbeitete Gelände wird zum materiellen Gegenbeweis seiner bisherigen Annahme. Die Szene übersetzt eine erkenntnistheoretische Frage in ein anschauliches Bild: Eine Umgebung kann im gewohnten Gebrauch überzeugend sein und bei einem anderen Zugriff ihre Konstruktion zeigen.","„Ein geheimes Königreich“ trifft hier nicht zu. Hall erreicht einen Randbereich, der nur noch als Drahtgittermodell existiert.","Richtig. Hall erreicht einen Randbereich, der nur noch als Drahtgittermodell existiert.","„Ein schlafendes Riesentier“ trifft hier nicht zu. Hall erreicht einen Randbereich, der nur noch als Drahtgittermodell existiert.","„Eine zweite Sonne“ trifft hier nicht zu. Hall erreicht einen Randbereich, der nur noch als Drahtgittermodell existiert.","Ein ungewöhnlicher Weg zeigt die Grenze des Modells.","Auflösung","https://en.wikipedia.org/wiki/The_Thirteenth_Floor|https://en.wikipedia.org/wiki/Josef_Rusnak","redaktionell_geprueft"
"SF-202609-P02-S-093-V1","K-SF-202609-P02-S-093","SF-202609-P02-S-093","de","Film","Science-Fiction","Under the Skin","Under the Skin","2013","","schwer","Musik","Identität|Arthouse","Identität|Arthouse","Mica Levi komponierte die Filmmusik.","„Under the Skin“ (2013): Von wem stammt die beklemmende musikalische Begleitung der fremden Frau?","Hildur Guðnadóttir","Jóhann Jóhannsson","Mica Levi","Clint Mansell","C","Mica Levi komponierte die Filmmusik.","Mica Levi arbeitet mit wiederkehrenden Klangfiguren, verfremdeten Streichern und irritierenden Verschiebungen. Die Musik bietet selten eine einfache emotionale Gebrauchsanweisung. Sie kann Bewegung anziehend und zugleich bedrohlich machen. Dadurch erhält die Wahrnehmung der Frau (Scarlett Johansson) eine klangliche Umgebung, die nicht vollständig mit gewöhnlicher menschlicher Gefühlsdarstellung zusammenfällt. Levi komponierte später auch die Musik zu „Jackie“ und „The Zone of Interest“.","„Hildur Guðnadóttir“ trifft hier nicht zu. Mica Levi komponierte die Filmmusik.","„Jóhann Jóhannsson“ trifft hier nicht zu. Mica Levi komponierte die Filmmusik.","Richtig. Mica Levi komponierte die Filmmusik.","„Clint Mansell“ trifft hier nicht zu. Mica Levi komponierte die Filmmusik.","Mica Levis Musik macht Vertrautes körperlich fremd.","keine","https://en.wikipedia.org/wiki/Under_the_Skin_(2013_film)|https://en.wikipedia.org/wiki/Jonathan_Glazer","redaktionell_geprueft"
"SF-202609-P02-S-095-V1","K-SF-202609-P02-S-095","SF-202609-P02-S-095","de","Film","Science-Fiction","Donnie Darko","Donnie Darko","2001","","schwer","Handlungsdetail","Zeit|Jugend|Arthouse","Zeit|Jugend|Arthouse","Das Buch heißt Die Philosophie des Zeitreisens.","„Donnie Darko“ (2001): Welchen Titel trägt Roberta Sparrows Abhandlung, die Donnie liest?","Die Anatomie der Zukunft","Die Geometrie der Erinnerung","Die Mechanik des Träumens","Die Philosophie des Zeitreisens","D","Das Buch heißt Die Philosophie des Zeitreisens.","Roberta Sparrow (Patience Cleveland) ist die Verfasserin des Buchs, das Donnie Darko (Jake Gyllenhaal) als Erklärungshilfe erhält. Die zurückgezogen lebende Frau ist dadurch mit dem rätselhaften Geschehen verbunden, lange bevor Donnie diese Verbindung versteht. Im Director’s Cut werden Auszüge stärker in die Erzählung eingebaut. Die Kinofassung lässt mehr Zusammenhänge offen und lenkt den Blick stärker auf Donnies Erleben als auf ein ausformuliertes Regelwerk.","„Die Anatomie der Zukunft“ trifft hier nicht zu. Das Buch heißt Die Philosophie des Zeitreisens.","„Die Geometrie der Erinnerung“ trifft hier nicht zu. Das Buch heißt Die Philosophie des Zeitreisens.","„Die Mechanik des Träumens“ trifft hier nicht zu. Das Buch heißt Die Philosophie des Zeitreisens.","Richtig. Das Buch heißt Die Philosophie des Zeitreisens.","Sparrows Buch bietet ein Modell, keine einfache Universalantwort.","Handlung","https://en.wikipedia.org/wiki/Donnie_Darko|https://en.wikipedia.org/wiki/Richard_Kelly_(filmmaker)","redaktionell_geprueft"
"SF-202609-P02-S-097-V1","K-SF-202609-P02-S-097","SF-202609-P02-S-097","de","Film","Science-Fiction","Sie leben","They Live","1988","","schwer","Handlungsdetail","Invasion|Satire|Classics","Invasion|Satire|Classics","Nada will Frank dazu bringen, die Brille aufzusetzen.","„Sie leben“ (1988): Welche konkrete Forderung Nadas löst die ausgedehnte Prügelei mit Frank aus?","Frank soll die Brille aufsetzen","Nada soll ein Auto verkaufen","Frank soll seinen Arbeitsplatz kündigen","Beide streiten um ein Raumschiff","A","Nada will Frank dazu bringen, die Brille aufzusetzen.","Nada (Roddy Piper) und Frank (Keith David) kämpfen ausdauernd über eine scheinbar winzige Handlung. Gerade die Länge macht die Szene ungewöhnlich. Der Film hält den Widerstand gegen eine mögliche Erkenntnis körperlich fest, statt ihn in einem kurzen überzeugenden Gespräch zu erledigen. Zugleich bleibt der Kampf grob komisch. Freundschaft entsteht hier nicht durch sofortige Übereinstimmung, sondern nach einem erschöpfenden Konflikt um das Hinsehen selbst.","Richtig. Nada will Frank dazu bringen, die Brille aufzusetzen.","„Nada soll ein Auto verkaufen“ trifft hier nicht zu. Nada will Frank dazu bringen, die Brille aufzusetzen.","„Frank soll seinen Arbeitsplatz kündigen“ trifft hier nicht zu. Nada will Frank dazu bringen, die Brille aufzusetzen.","„Beide streiten um ein Raumschiff“ trifft hier nicht zu. Nada will Frank dazu bringen, die Brille aufzusetzen.","Der lange Kampf gilt einer neuen Sichtweise.","Handlung","https://en.wikipedia.org/wiki/They_Live|https://en.wikipedia.org/wiki/John_Carpenter","redaktionell_geprueft"
"SF-202609-P02-S-099-V1","K-SF-202609-P02-S-099","SF-202609-P02-S-099","de","Film","Science-Fiction","Andromeda – Tödlicher Staub aus dem All","The Andromeda Strain","1971","","schwer","Biologie","Biologie|Forschung|Classics","Biologie|Forschung|Classics","Abweichende pH-Werte verhindern im Film das Überleben des Erregers.","„Andromeda – Tödlicher Staub aus dem All“ (1971): Welche Abweichung im Blut der beiden Überlebenden erweist sich als entscheidend?","Ein ungewöhnlich hoher Eisengehalt","Ein abweichender pH-Wert","Eine seltene Blutgruppe allein","Ein identischer Antikörper","B","Abweichende pH-Werte verhindern im Film das Überleben des Erregers.","Dr. Mark Hall (James Olson) verbindet die verschiedenen Lebensumstände der Überlebenden mit chemischen Bedingungen ihres Blutes. Der Film macht daraus einen entscheidenden Erkenntnisschritt, nicht eine allgemeine Behandlungsempfehlung. Der Erreger und seine engen Überlebensbedingungen sind fiktional. Interessant ist die dargestellte Denkbewegung: Zwei zunächst unvereinbare Fälle können auf unterschiedlichen Wegen dieselbe für das Problem relevante Grenze überschreiten.","„Ein ungewöhnlich hoher Eisengehalt“ trifft hier nicht zu. Abweichende pH-Werte verhindern im Film das Überleben des Erregers.","Richtig. Abweichende pH-Werte verhindern im Film das Überleben des Erregers.","„Eine seltene Blutgruppe allein“ trifft hier nicht zu. Abweichende pH-Werte verhindern im Film das Überleben des Erregers.","„Ein identischer Antikörper“ trifft hier nicht zu. Abweichende pH-Werte verhindern im Film das Überleben des Erregers.","Unterschiedliche Ursachen, entscheidend ist der pH-Bereich.","Handlung","https://en.wikipedia.org/wiki/The_Andromeda_Strain_(film)|https://en.wikipedia.org/wiki/Robert_Wise","redaktionell_geprueft"
"SF-202609-P02-S-002-V1","K-SF-202609-P02-S-002","SF-202609-P02-S-002","de","Film","Science-Fiction","2001: Odyssee im Weltraum","2001: A Space Odyssey","1968","Space Odyssey","schwer","Filmwissen","Weltraum|Künstliche Intelligenz|Classics","Weltraum|Künstliche Intelligenz|Classics","Arthur C. Clarke und Stanley Kubrick entwickelten das Drehbuch gemeinsam.","„2001: Odyssee im Weltraum“ (1968): Mit welchem Science-Fiction-Autor arbeitete Kubrick am Drehbuch zusammen?","Ray Bradbury","Robert A. Heinlein","Arthur C. Clarke","Isaac Asimov","C","Arthur C. Clarke und Stanley Kubrick entwickelten das Drehbuch gemeinsam.","Film und Roman entstanden in enger Wechselwirkung, weshalb die übliche Vorstellung einer bereits abgeschlossenen Romanvorlage hier zu kurz greift. Arthur C. Clarkes frühere Erzählungen lieferten wichtige Ausgangspunkte. Auf der Leinwand bleiben jedoch etliche Zusammenhänge bewusst ungesagt. Wer zusätzlich den Roman liest, begegnet daher nicht einfach einer wortgleichen Erklärung der Bilder, sondern einer eigenständigen literarischen Ausarbeitung gemeinsamer Ideen.","„Ray Bradbury“ trifft hier nicht zu. Arthur C. Clarke und Stanley Kubrick entwickelten das Drehbuch gemeinsam.","„Robert A. Heinlein“ trifft hier nicht zu. Arthur C. Clarke und Stanley Kubrick entwickelten das Drehbuch gemeinsam.","Richtig. Arthur C. Clarke und Stanley Kubrick entwickelten das Drehbuch gemeinsam.","„Isaac Asimov“ trifft hier nicht zu. Arthur C. Clarke und Stanley Kubrick entwickelten das Drehbuch gemeinsam.","Kubrick und Clarke entwickelten zwei eigenständige Werke.","keine","https://en.wikipedia.org/wiki/2001:_A_Space_Odyssey|https://en.wikipedia.org/wiki/Stanley_Kubrick","redaktionell_geprueft"
"SF-202609-P02-S-004-V1","K-SF-202609-P02-S-004","SF-202609-P02-S-004","de","Film","Science-Fiction","2010: Das Jahr, in dem wir Kontakt aufnehmen","2010: The Year We Make Contact","1984","Space Odyssey","schwer","Raumfahrt","Weltraum|Erstkontakt","Weltraum|Erstkontakt","Die Leonov nutzt Jupiters Atmosphäre für ein Bremsmanöver.","„2010: Das Jahr, in dem wir Kontakt aufnehmen“ (1984): Wie nutzt die Leonov den Jupiter, um ihre Geschwindigkeit zu verringern?","Magnetische Kopplung an Io","Abwurf des Hauptreaktors","Landung auf einem Asteroiden","Atmosphärisches Bremsmanöver","D","Die Leonov nutzt Jupiters Atmosphäre für ein Bremsmanöver.","Beim atmosphärischen Abbremsen wird die Umgebung des Planeten Teil der Flugplanung. Die Sequenz zeigt Raumfahrt als riskante Handhabung realer Kräfte statt als müheloses Gleiten zwischen Sternen. Tanya Kirbuk (Helen Mirren) führt eine Besatzung, die auf vorbereitete Abläufe angewiesen ist. Die sichtbare Belastung des Schiffs und die Anspannung im Inneren geben einem abstrakten Begriff wie Geschwindigkeitsabbau körperliche Anschaulichkeit.","„Magnetische Kopplung an Io“ trifft hier nicht zu. Die Leonov nutzt Jupiters Atmosphäre für ein Bremsmanöver.","„Abwurf des Hauptreaktors“ trifft hier nicht zu. Die Leonov nutzt Jupiters Atmosphäre für ein Bremsmanöver.","„Landung auf einem Asteroiden“ trifft hier nicht zu. Die Leonov nutzt Jupiters Atmosphäre für ein Bremsmanöver.","Richtig. Die Leonov nutzt Jupiters Atmosphäre für ein Bremsmanöver.","Jupiters Atmosphäre hilft beim Bremsen.","Handlung","https://en.wikipedia.org/wiki/2010:_The_Year_We_Make_Contact|https://en.wikipedia.org/wiki/Peter_Hyams","redaktionell_geprueft"
"SF-202609-P02-S-006-V1","K-SF-202609-P02-S-006","SF-202609-P02-S-006","de","Film","Science-Fiction","Alarm im Weltall","Forbidden Planet","1956","","schwer","Ton","Roboter|Erstkontakt|Classics","Roboter|Erstkontakt|Classics","Bebe und Louis Barron schufen die elektronischen Klangwelten.","„Alarm im Weltall“ (1956): Welches Künstlerpaar gestaltete die elektronischen Tonalitäten des Soundtracks?","Bebe und Louis Barron","Richard und Robert Sherman","Trent Reznor und Atticus Ross","Hans Zimmer und James Newton Howard","A","Bebe und Louis Barron schufen die elektronischen Klangwelten.","Die ungewöhnlichen elektronischen Töne ersetzen die vertraute orchestrale Begleitung weitgehend durch eine eigene akustische Umgebung. Geräusch und Musik lassen sich dabei nicht immer bequem trennen. Das passt zu einer Welt voller unbekannter Maschinen und unsichtbarer Vorgänge. Der Film bezeichnet den Beitrag im Vorspann als elektronische Tonalitäten, wodurch bereits die Benennung auf seine damals ungewohnte Stellung zwischen verschiedenen Klangkategorien hinweist.","Richtig. Bebe und Louis Barron schufen die elektronischen Klangwelten.","„Richard und Robert Sherman“ trifft hier nicht zu. Bebe und Louis Barron schufen die elektronischen Klangwelten.","„Trent Reznor und Atticus Ross“ trifft hier nicht zu. Bebe und Louis Barron schufen die elektronischen Klangwelten.","„Hans Zimmer und James Newton Howard“ trifft hier nicht zu. Bebe und Louis Barron schufen die elektronischen Klangwelten.","Altair klingt nach Bebe und Louis Barron.","keine","https://en.wikipedia.org/wiki/Forbidden_Planet|https://en.wikipedia.org/wiki/Fred_M._Wilcox_(director)","redaktionell_geprueft"
"SF-202609-P02-S-008-V1","K-SF-202609-P02-S-008","SF-202609-P02-S-008","de","Film","Science-Fiction","Der Tag, an dem die Erde stillstand","The Day the Earth Stood Still","1951","","schwer","Literatur","Erstkontakt|Classics","Erstkontakt|Classics","Die Vorlage ist Harry Bates’ Erzählung Farewell to the Master.","„Der Tag, an dem die Erde stillstand“ (1951): Welche literarische Kurzgeschichte wurde für die Filmhandlung frei bearbeitet?","The Sentinel","Farewell to the Master","Who Goes There?","The Cold Equations","B","Die Vorlage ist Harry Bates’ Erzählung Farewell to the Master.","Eine literarische Vorlage bedeutet hier keine unveränderte Übernahme sämtlicher Aussagen. Die Filmfassung entwickelt aus Harry Bates’ Erzählung eine Geschichte, die deutlich auf die politische Nervosität ihrer Entstehungszeit reagiert. Begegnung, Misstrauen und die Gefahr der Eskalation erhalten eine öffentlich verständliche Form. Gerade der Vergleich von Text und Film zeigt, wie stark eine Adaption durch neue historische Fragen geprägt werden kann.","„The Sentinel“ trifft hier nicht zu. Die Vorlage ist Harry Bates’ Erzählung Farewell to the Master.","Richtig. Die Vorlage ist Harry Bates’ Erzählung Farewell to the Master.","„Who Goes There?“ trifft hier nicht zu. Die Vorlage ist Harry Bates’ Erzählung Farewell to the Master.","„The Cold Equations“ trifft hier nicht zu. Die Vorlage ist Harry Bates’ Erzählung Farewell to the Master.","Harry Bates lieferte Farewell to the Master.","keine","https://en.wikipedia.org/wiki/The_Day_the_Earth_Stood_Still|https://en.wikipedia.org/wiki/Robert_Wise","redaktionell_geprueft"
"SF-202609-P02-S-010-V1","K-SF-202609-P02-S-010","SF-202609-P02-S-010","de","Film","Science-Fiction","Kampf der Welten","The War of the Worlds","1953","","schwer","Handlungsdetail","Invasion|Classics","Invasion|Classics","Ein Kraftfeld schützt die marsianischen Maschinen.","„Kampf der Welten“ (1953): Weshalb richten menschliche Waffen gegen die marsianischen Flugmaschinen kaum etwas aus?","Eine drehende Panzerhülle","Ein Schwarm kleiner Drohnen","Ein unsichtbares Kraftfeld","Ein Wassernebel","C","Ein Kraftfeld schützt die marsianischen Maschinen.","Die Schutzfelder lassen die üblichen militärischen Reaktionen ins Leere laufen. Dr. Clayton Forrester (Gene Barry) kann zwar Eigenschaften der Technik beschreiben, daraus aber keine sofort wirksame Gegenwaffe ableiten. Diese Lücke zwischen Wissen und Handlungsmacht trägt die Spannung. Wissenschaft ist im Film wichtig, wird jedoch nicht als bequeme Quelle einer Wunderlösung behandelt, die jede Bedrohung rechtzeitig durch eine neue Erfindung beseitigt.","„Eine drehende Panzerhülle“ trifft hier nicht zu. Ein Kraftfeld schützt die marsianischen Maschinen.","„Ein Schwarm kleiner Drohnen“ trifft hier nicht zu. Ein Kraftfeld schützt die marsianischen Maschinen.","Richtig. Ein Kraftfeld schützt die marsianischen Maschinen.","„Ein Wassernebel“ trifft hier nicht zu. Ein Kraftfeld schützt die marsianischen Maschinen.","Kraftfelder machen Beschuss wirkungslos.","Handlung","https://en.wikipedia.org/wiki/The_War_of_the_Worlds_(1953_film)|https://en.wikipedia.org/wiki/Byron_Haskin","redaktionell_geprueft"
"SF-202609-P02-S-012-V1","K-SF-202609-P02-S-012","SF-202609-P02-S-012","de","Film","Science-Fiction","Die Zeitmaschine","The Time Machine","1960","","schwer","Handlungsdetail","Zeitreise|Classics","Zeitreise|Classics","George nimmt drei Bücher mit; ihre Titel bleiben offen.","„Die Zeitmaschine“ (1960): Was hat George für seine erneute Reise offenbar aus der eigenen Bibliothek mitgenommen?","Drei Gewehre","Drei Uhren","Drei Fotografien","Drei Bücher","D","George nimmt drei Bücher mit; ihre Titel bleiben offen.","Der Freund Filby (Alan Young) und die Haushälterin Mrs. Watchett (Doris Lloyd) bemerken das Fehlen der Bücher, erfahren aber nicht, welche Werke ausgewählt wurden. Diese Leerstelle macht die Schlussfrage produktiv: Welches Wissen wäre für einen Neuanfang wesentlich? George (Rod Taylor) hinterlässt keine vollständige Liste. Das Publikum muss über Bildung und praktische Grundlagen nachdenken, statt nur ein fertiges Rettungsrezept abzunicken.","„Drei Gewehre“ trifft hier nicht zu. George nimmt drei Bücher mit; ihre Titel bleiben offen.","„Drei Uhren“ trifft hier nicht zu. George nimmt drei Bücher mit; ihre Titel bleiben offen.","„Drei Fotografien“ trifft hier nicht zu. George nimmt drei Bücher mit; ihre Titel bleiben offen.","Richtig. George nimmt drei Bücher mit; ihre Titel bleiben offen.","Drei Bücher für einen Neuanfang.","Auflösung","https://en.wikipedia.org/wiki/The_Time_Machine_(1960_film)|https://en.wikipedia.org/wiki/George_Pal","redaktionell_geprueft"
"SF-202609-P02-S-014-V1","K-SF-202609-P02-S-014","SF-202609-P02-S-014","de","Film","Science-Fiction","Planet der Affen","Planet of the Apes","1968","Planet der Affen – Originalreihe","schwer","Filmwissen","Dystopie|Classics","Dystopie|Classics","John Chambers verantwortete das prägende Affen-Make-up.","„Planet der Affen“ (1968): Wer entwarf die Masken, mit denen die Schauspieler zu sprechenden Affen wurden?","John Chambers","Rick Baker","Rob Bottin","Stan Winston","A","John Chambers verantwortete das prägende Affen-Make-up.","Die Masken müssen gleichzeitig eine andere Spezies zeigen und menschliche Darstellerleistung lesbar lassen. Besonders Zira (Kim Hunter) und Cornelius (Roddy McDowall) benötigen differenzierte Reaktionen, damit ihre Gespräche nicht wie ein bloßes Kostümspiel wirken. Das Make-up ist deshalb eng mit der Glaubwürdigkeit der Gesellschaft verbunden. Es ermöglicht nicht nur einen spektakulären Anblick, sondern trägt die politischen und persönlichen Auseinandersetzungen des Films.","Richtig. John Chambers verantwortete das prägende Affen-Make-up.","„Rick Baker“ trifft hier nicht zu. John Chambers verantwortete das prägende Affen-Make-up.","„Rob Bottin“ trifft hier nicht zu. John Chambers verantwortete das prägende Affen-Make-up.","„Stan Winston“ trifft hier nicht zu. John Chambers verantwortete das prägende Affen-Make-up.","Chambers gibt der Affengesellschaft Gesichter.","keine","https://en.wikipedia.org/wiki/Planet_of_the_Apes_(1968_film)|https://en.wikipedia.org/wiki/Franklin_J._Schaffner","redaktionell_geprueft"
"SF-202609-P02-S-016-V1","K-SF-202609-P02-S-016","SF-202609-P02-S-016","de","Film","Science-Fiction","Lautlos im Weltraum","Silent Running","1972","","schwer","Musik","Ökologie|Roboter|Classics","Ökologie|Roboter|Classics","Joan Baez singt Lieder auf dem Soundtrack.","„Lautlos im Weltraum“ (1972): Wessen Gesang begleitet mit mehreren Liedern Lowells Geschichte?","Judy Collins","Joan Baez","Carole King","Joni Mitchell","B","Joan Baez singt Lieder auf dem Soundtrack.","Die gesungenen Passagen geben den Bildern der Pflanzenwelt einen anderen Ton als den mechanischen Arbeitsabläufen des Frachters. Joan Baez’ Stimme verbindet die ökologische Erzählung mit einer menschlich nahen, klagenden Empfindung. Das ist kein wissenschaftlicher Kommentar zur Funktionsweise der Kuppeln. Die Musik vermittelt vielmehr, warum deren Verlust emotional bedeutsam wäre, selbst wenn niemand auf der Erde unmittelbar einen wirtschaftlichen Schaden spüren sollte.","„Judy Collins“ trifft hier nicht zu. Joan Baez singt Lieder auf dem Soundtrack.","Richtig. Joan Baez singt Lieder auf dem Soundtrack.","„Carole King“ trifft hier nicht zu. Joan Baez singt Lieder auf dem Soundtrack.","„Joni Mitchell“ trifft hier nicht zu. Joan Baez singt Lieder auf dem Soundtrack.","Joan Baez gibt dem Wald eine Stimme.","keine","https://en.wikipedia.org/wiki/Silent_Running|https://en.wikipedia.org/wiki/Douglas_Trumbull","redaktionell_geprueft"
"SF-202609-P02-S-018-V1","K-SF-202609-P02-S-018","SF-202609-P02-S-018","de","Film","Science-Fiction","Soylent Green – Jahr 2022… die überleben wollen","Soylent Green","1973","","schwer","Handlungsdetail","Dystopie|Classics","Dystopie|Classics","Sol sieht großformatige Naturbilder.","„Soylent Green – Jahr 2022… die überleben wollen“ (1973): Welche Art von Aufnahmen umgibt Sol bei seinem letzten Aufenthalt in der Einrichtung?","Nachrichten aus dem Weltraum","Aufnahmen seiner Kindheit","Bilder unzerstörter Natur","Werbung für neue Wohnungen","C","Sol sieht großformatige Naturbilder.","Sol Roth (Edward G. Robinson) bekommt Landschaften zu sehen, die Robert Thorn (Charlton Heston) nicht aus eigener Erfahrung kennt. Die Schönheit der Projektion wirkt deshalb doppelt: Sie tröstet und dokumentiert zugleich einen Verlust. Natur existiert hier als institutionell verwaltetes Bild, während die Lebensumwelt außerhalb der Einrichtung verarmt ist. Die Szene verbindet ein persönliches Abschiedserlebnis mit der Frage, was von einer zerstörten Welt überhaupt übrig bleibt.","„Nachrichten aus dem Weltraum“ trifft hier nicht zu. Sol sieht großformatige Naturbilder.","„Aufnahmen seiner Kindheit“ trifft hier nicht zu. Sol sieht großformatige Naturbilder.","Richtig. Sol sieht großformatige Naturbilder.","„Werbung für neue Wohnungen“ trifft hier nicht zu. Sol sieht großformatige Naturbilder.","Natur wird zum letzten projizierten Erlebnis.","Handlung","https://en.wikipedia.org/wiki/Soylent_Green|https://en.wikipedia.org/wiki/Richard_Fleischer","redaktionell_geprueft"
"SF-202609-P02-S-020-V1","K-SF-202609-P02-S-020","SF-202609-P02-S-020","de","Film","Science-Fiction","Flucht ins 23. Jahrhundert","Logan's Run","1976","","schwer","Handlungsdetail","Dystopie|Classics","Dystopie|Classics","Außerhalb der Stadt lebt ein alter Mann mit Katzen.","„Flucht ins 23. Jahrhundert“ (1976): Welcher ungewöhnliche Bewohner begegnet den Flüchtenden in der verlassenen Außenwelt?","Eine Gruppe junger Soldaten","Eine Ärztin mit Robotern","Einen Priester mit Kindern","Einen alten Mann mit Katzen","D","Außerhalb der Stadt lebt ein alter Mann mit Katzen.","Der alte Mann (Peter Ustinov) ist für Logan 5 (Michael York) und Jessica 6 (Jenny Agutter) bereits durch seine Existenz ein Gegenbeweis. Sie haben Alter bislang kaum als normale menschliche Lebensphase erlebt. Das Gespräch muss deshalb bei grundlegenden Dingen beginnen, die dem Publikum selbstverständlich erscheinen. Die Szene ersetzt große technische Enthüllungen durch eine einfache Begegnung: Ein gelebtes Leben widerlegt eine ganze gesellschaftliche Erzählung.","„Eine Gruppe junger Soldaten“ trifft hier nicht zu. Außerhalb der Stadt lebt ein alter Mann mit Katzen.","„Eine Ärztin mit Robotern“ trifft hier nicht zu. Außerhalb der Stadt lebt ein alter Mann mit Katzen.","„Einen Priester mit Kindern“ trifft hier nicht zu. Außerhalb der Stadt lebt ein alter Mann mit Katzen.","Richtig. Außerhalb der Stadt lebt ein alter Mann mit Katzen.","Ein alter Mensch widerlegt das Karussell.","Auflösung","https://en.wikipedia.org/wiki/Logan%27s_Run_(film)|https://en.wikipedia.org/wiki/Michael_Anderson_(director)","redaktionell_geprueft"
