"question_id","knowledge_id","variant_of","language","domain","subdomain","film_title_de","film_title_original","film_year","franchise","difficulty","question_type","topic_tags","badge_tags","learning_objective","question","answer_a","answer_b","answer_c","answer_d","correct_answer","explanation_short","explanation_context","feedback_a","feedback_b","feedback_c","feedback_d","memory_anchor","spoiler_level","source_urls","verification_status"
"WES-L-001","K-WES-01-01","","de","Film","Western","Für eine Handvoll Dollar","Per un pugno di dollari","1964","","leicht","Handlung","Italowestern|Machtkampf|Täuschung","Western|Italowestern|Dollar-Trilogie|Clint Eastwood","Joe nutzt die Feindschaft zwischen Rojos und Baxters.","„Für eine Handvoll Dollar“ (1964): Welche beiden Familien spielt der fremde Revolvermann gegeneinander aus?","Die Rojos und die Baxters","Die Daltons und die James-Brüder","Die McBains und die Mortons","Die Clantons und die Earps","A","Joe (Clint Eastwood) nutzt die Feindschaft zwischen Rojos und Baxters.","Joe (Clint Eastwood) behandelt den Streit zunächst wie ein Geschäft. Wer Informationen an beide Lager verkauft, kann mehr verdienen als ein gewöhnlicher Wachmann. Seine Überlegenheit entsteht deshalb auch durch Beobachtung und Täuschung. Die Stadt erscheint als Markt für Gewalt, in dem selbst der Sheriff keine verlässliche neutrale Instanz bildet.","Joe (Clint Eastwood) nutzt die Feindschaft zwischen Rojos und Baxters.","Diese Namen bezeichnen nicht die verfeindeten Familien in San Miguel.","Die McBains stehen in einem anderen Leone-Western im Mittelpunkt.","Earps und Clantons gehören zum Konflikt um Tombstone.","San Miguel: zwei Familien, ein doppeltes Spiel.","Handlung","https://en.wikipedia.org/wiki/A_Fistful_of_Dollars|https://www.rottentomatoes.com/m/fistful_of_dollars","redaktionell_geprueft"
"WES-L-002","K-WES-01-02","","de","Film","Western","Für eine Handvoll Dollar","Per un pugno di dollari","1964","","leicht","Besetzung","Italowestern|Machtkampf|Täuschung","Western|Italowestern|Dollar-Trilogie|Clint Eastwood","Marisol wird von Marianne Koch gespielt.","„Für eine Handvoll Dollar“ (1964): Wer spielt Marisol, der der Fremde zur Flucht verhilft?","Loredana Nusciak","Marianne Koch","Claudia Cardinale","Gina Lollobrigida","B","Marisol (Marianne Koch) wird von Marianne Koch gespielt.","Marisol (Marianne Koch) gibt Joes (Clint Eastwood) Handeln eine persönliche Dimension. An ihrem Schicksal zeigt sich, was die Machtspiele für Menschen bedeuten, die weder Geld noch Waffen besitzen. Die Hilfe für sie passt nicht vollständig zu seinem Auftreten als Geschäftemacher. Gerade dieser Widerspruch macht den schweigsamen Fremden als Figur interessanter.","Loredana Nusciak spielt María in „Django“.","Marisol (Marianne Koch) wird von Marianne Koch gespielt.","Claudia Cardinale spielt Jill in „Spiel mir das Lied vom Tod“.","Gina Lollobrigida spielt Marisol (Marianne Koch) nicht.","Marisol (Marianne Koch): Marianne Koch zwischen den Fronten.","Handlung","https://en.wikipedia.org/wiki/A_Fistful_of_Dollars|https://www.rottentomatoes.com/m/fistful_of_dollars","redaktionell_geprueft"
"WES-M-001","K-WES-01-03","","de","Film","Western","Für eine Handvoll Dollar","Per un pugno di dollari","1964","","mittel","Motivation","Italowestern|Machtkampf|Täuschung","Western|Italowestern|Dollar-Trilogie|Clint Eastwood","Joe ermöglicht Marisol die Flucht aus Ramóns Gewalt.","„Für eine Handvoll Dollar“ (1964): Weshalb hilft der Fremde Marisol und ihrer Familie heimlich?","Er will sie aus Ramóns Gewalt befreien","Er will sie als Zeugen verkaufen","Er will mit ihnen eine Bank überfallen","Er will Ramón einen Spion einschleusen","A","Joe (Clint Eastwood) ermöglicht Marisol (Marianne Koch) die Flucht aus Ramóns (Gian Maria Volonté) Gewalt.","Joe (Clint Eastwood) riskiert mit dieser Hilfe seine gewinnbringende Stellung zwischen den Lagern. Marisol (Marianne Koch) ist hier keine bloße Belohnung für den Helden, sondern eine Frau, deren Familienleben durch Besitzansprüche zerstört wurde. Die Szene lässt erkennen, dass hinter dem nüchternen Auftreten eine Grenze dessen liegt, was er bereit ist hinzunehmen.","Joe (Clint Eastwood) ermöglicht Marisol (Marianne Koch) die Flucht aus Ramóns (Gian Maria Volonté) Gewalt.","Er lässt die Familie entkommen und verkauft sie nicht weiter.","Eine gemeinsame Bankraubplanung gibt es nicht.","Die Flucht soll Ramóns (Gian Maria Volonté) Zugriff beenden, nicht ihm Personal zuführen.","Die Befreiung macht aus Kalkül ein persönliches Risiko.","Handlung","https://en.wikipedia.org/wiki/A_Fistful_of_Dollars|https://www.rottentomatoes.com/m/fistful_of_dollars","redaktionell_geprueft"
"WES-M-002","K-WES-01-04","","de","Film","Western","Für eine Handvoll Dollar","Per un pugno di dollari","1964","","mittel","Ort","Italowestern|Machtkampf|Täuschung","Western|Italowestern|Dollar-Trilogie|Clint Eastwood","Der Machtkampf spielt in San Miguel.","„Für eine Handvoll Dollar“ (1964): Wie heißt die Grenzstadt, in der sich der Machtkampf abspielt?","Shinbone","San Miguel","El Paso","Agua Verde","B","Der Machtkampf spielt in San Miguel.","San Miguel wird durch Joes (Clint Eastwood) Ankunft zu einem überschaubaren Experiment über Macht. Die räumliche Nähe der Gegner macht jede Bewegung sichtbar und jedes Gerücht gefährlich. Der Ort bietet kaum eine Flucht in Normalität: Handel, Amtsgewalt und bewaffnete Familieninteressen sind so eng miteinander verknüpft, dass ein Außenstehender ihre Regeln ausnutzen kann.","Shinbone ist der Schauplatz von „Der Mann, der Liberty Valance erschoss“.","Der Machtkampf spielt in San Miguel.","El Paso ist das Bankraubziel im nächsten Dollar-Film.","Agua Verde gehört zu „The Wild Bunch“.","San Miguel ist die Bühne des ersten Dollar-Spiels.","Handlung","https://en.wikipedia.org/wiki/A_Fistful_of_Dollars|https://www.rottentomatoes.com/m/fistful_of_dollars","redaktionell_geprueft"
"WES-S-001","K-WES-01-05","","de","Film","Western","Für eine Handvoll Dollar","Per un pugno di dollari","1964","","schwer","Handlung","Italowestern|Machtkampf|Täuschung","Western|Italowestern|Dollar-Trilogie|Clint Eastwood","Joe verbirgt eine Metallplatte unter dem Poncho.","„Für eine Handvoll Dollar“ (1964): Womit schützt sich der Fremde beim abschließenden Duell vor Ramóns Schüssen?","Mit einer Metallplatte unter dem Poncho","Mit einer zweiten Lederweste","Mit dem Deckel eines Geldkoffers","Mit einem untergeschnallten Sattel","A","Joe (Clint Eastwood) verbirgt eine Metallplatte unter dem Poncho.","Ramón (Gian Maria Volonté) vertraut darauf, dass seine gewohnte Schießtechnik jeden Gegner besiegt. Joe (Clint Eastwood) verwandelt genau diese Sicherheit in eine Schwachstelle. Der scheinbar unverwundbare Auftritt ist ein vorbereiteter Trick, kein übernatürliches Wunder. Das Duell wird dadurch auch ein Wettkampf zwischen festem Ritual und der Fähigkeit, die Erwartungen des Gegners zu verändern.","Joe (Clint Eastwood) verbirgt eine Metallplatte unter dem Poncho.","Eine Lederweste würde den hier verwendeten Trick nicht erklären.","Ein Geldkofferdeckel ist nicht sein Schutz.","Ein Sattel wird im Duell nicht als Schutz verwendet.","Unter dem Poncho steckt Vorbereitung.","Auflösung","https://en.wikipedia.org/wiki/A_Fistful_of_Dollars|https://www.rottentomatoes.com/m/fistful_of_dollars","redaktionell_geprueft"
"WES-S-002","K-WES-01-06","","de","Film","Western","Für eine Handvoll Dollar","Per un pugno di dollari","1964","","schwer","Handlung","Italowestern|Machtkampf|Täuschung","Western|Italowestern|Dollar-Trilogie|Clint Eastwood","Joe täuscht mit den Leichen lebende Zeugen vor.","„Für eine Handvoll Dollar“ (1964): Wozu stellt der Fremde zwei tote Soldaten auf dem Friedhof auf?","Um den Sheriff zu bestatten","Um überlebende Zeugen vorzutäuschen","Um einen Gefangenenaustausch zu erzwingen","Um einen Leichentransport abzufangen","B","Joe (Clint Eastwood) täuscht mit den Leichen lebende Zeugen vor.","Joe (Clint Eastwood) braucht für seinen Plan keine überzeugende Rede vor einem Gericht. Es genügt, dass beide Familien glauben, die vermeintlichen Zeugen könnten ihnen schaden oder nützen. Die Szene macht Information selbst zur Waffe. Der Zuschauer kennt den Trick und beobachtet dadurch besonders deutlich, wie Angst und Eigeninteresse das Verhalten der Gegner steuern.","Die Männer sollen als Zeugen erscheinen, nicht als Sheriff beerdigt werden.","Joe (Clint Eastwood) täuscht mit den Leichen lebende Zeugen vor.","Ein Austausch lebender Gefangener ist ein anderer Vorgang.","Er lockt die rivalisierenden Familien an, keinen Transport.","Zwei Tote lösen einen Kampf um Zeugenaussagen aus.","Handlung","https://en.wikipedia.org/wiki/A_Fistful_of_Dollars|https://www.rottentomatoes.com/m/fistful_of_dollars","redaktionell_geprueft"
"WES-L-003","K-WES-02-01","","de","Film","Western","Für ein paar Dollar mehr","Per qualche dollaro in più","1965","","leicht","Figur","Italowestern|Kopfgeld|Rache","Western|Italowestern|Dollar-Trilogie|Clint Eastwood|Lee Van Cleef|Klaus Kinski","Monco und Mortimer verdienen als Kopfgeldjäger Geld.","„Für ein paar Dollar mehr“ (1965): Welchen Beruf üben Monco und Colonel Mortimer aus?","Eisenbahningenieure","Viehzüchter","Kopfgeldjäger","Armeeärzte","C","Monco (Clint Eastwood) und Mortimer (Lee Van Cleef) verdienen als Kopfgeldjäger Geld.","Monco (Clint Eastwood) und Mortimer (Lee Van Cleef) wirken zunächst wie Konkurrenten auf demselben Markt. Ihre Fähigkeiten ähneln sich, ihre Lebensläufe und Erwartungen jedoch nicht. Aus dieser Spannung entsteht eine Partnerschaft, in der Vertrauen erst ausgehandelt werden muss. Der Film kann so zwei Spielarten des professionellen Revolvermanns nebeneinanderstellen, ohne sie zu identischen Figuren zu machen.","Die Eisenbahn ist Verkehrsmittel, nicht ihr gemeinsamer Beruf.","Sie treiben keine eigene Rinderherde.","Monco (Clint Eastwood) und Mortimer (Lee Van Cleef) verdienen als Kopfgeldjäger Geld.","Medizinische Arbeit gehört nicht zu ihrer Aufgabe.","Zwei Kopfgeldjäger teilen ein Ziel.","Handlung","https://en.wikipedia.org/wiki/For_a_Few_Dollars_More|https://www.rottentomatoes.com/m/for_a_few_dollars_more|https://de.wikipedia.org/wiki/F%C3%BCr_ein_paar_Dollar_mehr","redaktionell_geprueft"
"WES-L-004","K-WES-02-02","","de","Film","Western","Für ein paar Dollar mehr","Per qualche dollaro in più","1965","","leicht","Besetzung","Italowestern|Kopfgeld|Rache","Western|Italowestern|Dollar-Trilogie|Clint Eastwood|Lee Van Cleef|Klaus Kinski","Lee Van Cleef spielt Mortimer.","„Für ein paar Dollar mehr“ (1965): Wer spielt Colonel Douglas Mortimer?","Robert Mitchum","Henry Fonda","Charles Bronson","Lee Van Cleef","D","Lee Van Cleef spielt Mortimer (Lee Van Cleef).","Mortimer (Lee Van Cleef) bringt Ruhe und kontrollierte Beobachtung in die Begegnungen mit Monco (Clint Eastwood). Seine beherrschte Haltung lässt Erfahrung erkennen, ohne dass jede frühere Tat erklärt werden müsste. Die Besetzung macht die Partnerschaft zu einem Treffen zweier eigenständiger Westernfiguren. Der ältere Mann ist weder bloßer Lehrmeister noch austauschbarer Helfer des jüngeren.","Robert Mitchum spielt den Sheriff in „El Dorado“.","Henry Fonda ist hier nicht Mortimer (Lee Van Cleef).","Charles Bronson spielt später Leones Mundharmonika.","Lee Van Cleef spielt Mortimer (Lee Van Cleef).","Mortimer (Lee Van Cleef): Lee Van Cleefs ruhiger Blick.","Handlung","https://en.wikipedia.org/wiki/For_a_Few_Dollars_More|https://www.rottentomatoes.com/m/for_a_few_dollars_more|https://de.wikipedia.org/wiki/F%C3%BCr_ein_paar_Dollar_mehr","redaktionell_geprueft"
"WES-M-003","K-WES-02-03","","de","Film","Western","Für ein paar Dollar mehr","Per qualche dollaro in più","1965","","mittel","Handlung","Italowestern|Kopfgeld|Rache","Western|Italowestern|Dollar-Trilogie|Clint Eastwood|Lee Van Cleef|Klaus Kinski","El Indio plant den Überfall auf die Bank von El Paso.","„Für ein paar Dollar mehr“ (1965): Welche Bank will El Indios Bande ausrauben?","Die Bank von Santa Fe","Die Bank von San Miguel","Die Bank von El Paso","Die Bank von Tombstone","C","El Indio (Gian Maria Volonté) plant den Überfall auf die Bank von El Paso.","Für El Indio (Gian Maria Volonté) steht die Bank für konzentrierten Reichtum und einen entsprechend riskanten Zugriff. Monco (Clint Eastwood) und Mortimer (Lee Van Cleef) müssen sich auf die Logik der Bande einlassen, um ihr Ziel zu erreichen. Der Raub verbindet damit zwei Pläne: Die Verbrecher wollen Beute, während die Verfolger ihre Nähe zu den Tätern taktisch nutzen.","Santa Fe ist nicht die gesuchte Stadt.","San Miguel ist der Ort des Vorgängerfilms.","El Indio (Gian Maria Volonté) plant den Überfall auf die Bank von El Paso.","Tombstone ist nicht das Ziel dieses Überfalls.","El Paso ist El Indios (Gian Maria Volonté) großes Ziel.","Handlung","https://en.wikipedia.org/wiki/For_a_Few_Dollars_More|https://www.rottentomatoes.com/m/for_a_few_dollars_more|https://de.wikipedia.org/wiki/F%C3%BCr_ein_paar_Dollar_mehr","redaktionell_geprueft"
"WES-M-004","K-WES-02-04","","de","Film","Western","Für ein paar Dollar mehr","Per qualche dollaro in più","1965","","mittel","Handlung","Italowestern|Kopfgeld|Rache","Western|Italowestern|Dollar-Trilogie|Clint Eastwood|Lee Van Cleef|Klaus Kinski","Monco gewinnt Zugang zur Bande.","„Für ein paar Dollar mehr“ (1965): Welcher der beiden Kopfgeldjäger schleust sich in El Indios Bande ein?","Keiner der beiden","Mortimer","Beide gemeinsam als Brüder","Monco","D","Monco (Clint Eastwood) gewinnt Zugang zur Bande.","Monco (Clint Eastwood) muss als glaubwürdiger Verbündeter auftreten, obwohl er auf die Bande ein Kopfgeld verdienen will. Mortimer (Lee Van Cleef) bleibt Teil des gemeinsamen Plans, doch räumliche Trennung macht Absprachen unsicher. Die Unterwanderung erzeugt Spannung aus der Frage, welche Handlung noch zur Tarnung gehört und wann ein Mitspieler das doppelte Spiel erkennen könnte.","Die Unterwanderung ist ein wesentlicher Bestandteil ihres Plans.","Mortimer (Lee Van Cleef) übernimmt nicht Moncos (Clint Eastwood) Rolle als eingeschleustes Bandenmitglied.","Sie treten nicht gemeinsam als Brüder auf.","Monco (Clint Eastwood) gewinnt Zugang zur Bande.","Monco (Clint Eastwood) geht hinein, Mortimer (Lee Van Cleef) hält Verbindung.","Handlung","https://en.wikipedia.org/wiki/For_a_Few_Dollars_More|https://www.rottentomatoes.com/m/for_a_few_dollars_more|https://de.wikipedia.org/wiki/F%C3%BCr_ein_paar_Dollar_mehr","redaktionell_geprueft"
"WES-S-003","K-WES-02-05","","de","Film","Western","Für ein paar Dollar mehr","Per qualche dollaro in più","1965","","schwer","Beziehung","Italowestern|Kopfgeld|Rache","Western|Italowestern|Dollar-Trilogie|Clint Eastwood|Lee Van Cleef|Klaus Kinski","Die abgebildete Frau war Mortimers Schwester.","„Für ein paar Dollar mehr“ (1965): In welchem Verhältnis steht Mortimer zur Frau auf dem Foto in der Spieluhr?","Sie war seine Ehefrau","Sie war seine Mutter","Sie war seine Schwester","Sie war seine Tochter","C","Die abgebildete Frau war Mortimers (Lee Van Cleef) Schwester.","Das Bild verschiebt den Blick auf Mortimer (Lee Van Cleef). Sein Verhalten lässt sich nun nicht mehr allein durch Geld erklären. El Indios (Gian Maria Volonté) Vergangenheit ist mit einem persönlichen Verlust verbunden, den der Verfolger lange verbirgt. Die späte Enthüllung verleiht früheren Blicken und Pausen rückwirkend Bedeutung und verändert den Charakter des letzten Duells.","Sie ist in der hier zugrunde gelegten Fassung nicht seine Ehefrau.","Das Foto zeigt nicht seine Mutter.","Die abgebildete Frau war Mortimers (Lee Van Cleef) Schwester.","Die Frau ist seine Schwester, nicht seine Tochter.","Mortimers (Lee Van Cleef) Uhr trägt eine Familiengeschichte.","Auflösung","https://en.wikipedia.org/wiki/For_a_Few_Dollars_More|https://www.rottentomatoes.com/m/for_a_few_dollars_more|https://de.wikipedia.org/wiki/F%C3%BCr_ein_paar_Dollar_mehr","redaktionell_geprueft"
"WES-S-004","K-WES-02-06","","de","Film","Western","Für ein paar Dollar mehr","Per qualche dollaro in più","1965","","schwer","Objekt","Italowestern|Kopfgeld|Rache","Western|Italowestern|Dollar-Trilogie|Clint Eastwood|Lee Van Cleef|Klaus Kinski","Monco bewaffnet Mortimer und setzt mit der zweiten Spieluhr ein neues Signal.","„Für ein paar Dollar mehr“ (1965): Wie stellt Monco vor dem letzten Duell faire Ausgangsbedingungen für Mortimer her?","Er bindet beiden Schützen die Hände","Er entfernt heimlich El Indios Patronen","Er blendet El Indio mit einem Spiegel","Er gibt ihm eine Waffe und lässt seine Uhr spielen","D","Monco (Clint Eastwood) bewaffnet Mortimer (Lee Van Cleef) und setzt mit der zweiten Spieluhr ein neues Signal.","El Indio (Gian Maria Volonté) benutzt die Melodie, um den Ablauf einer Konfrontation zu kontrollieren. Monco (Clint Eastwood) entzieht ihm diese Kontrolle, indem er das Ritual übernimmt. Mortimer (Lee Van Cleef) erhält damit eine tatsächliche Chance. Die Musik verbindet die Erinnerung an das Opfer mit einer konkreten Zeitspanne, in der alle Beteiligten auf den entscheidenden Moment warten.","Die Schützen kämpfen mit freien Händen.","Das Entladen einer Gegnerwaffe gehört zu einem anderen Dollar-Film.","Ein Spiegel entscheidet diese Szene nicht.","Monco (Clint Eastwood) bewaffnet Mortimer (Lee Van Cleef) und setzt mit der zweiten Spieluhr ein neues Signal.","Zweite Uhr, neue Chance für Mortimer (Lee Van Cleef).","Auflösung","https://en.wikipedia.org/wiki/For_a_Few_Dollars_More|https://www.rottentomatoes.com/m/for_a_few_dollars_more|https://de.wikipedia.org/wiki/F%C3%BCr_ein_paar_Dollar_mehr","redaktionell_geprueft"
"WES-L-005","K-WES-03-01","","de","Film","Western","Zwei glorreiche Halunken","Il buono, il brutto, il cattivo","1966","","leicht","Handlung","Italowestern|Goldsuche|Bürgerkrieg","Western|Italowestern|Dollar-Trilogie|Clint Eastwood|Lee Van Cleef","Blondie, Tuco und Sentenza suchen vergrabenes Gold.","„Zwei glorreiche Halunken“ (1966): Wonach suchen die drei zentralen Revolvermänner?","Vergrabenem Gold","Einer verschollenen Rinderherde","Einem entführten Gouverneur","Einer Landkarte mit Ölquellen","A","Blondie (Clint Eastwood), Tuco (Eli Wallach) und Sentenza (Lee Van Cleef) suchen vergrabenes Gold.","Blondie (Clint Eastwood), Tuco (Eli Wallach) und Sentenza (Lee Van Cleef) begegnen einander nicht als festes Team. Ihr gemeinsames Ziel stiftet nur vorläufige Bündnisse. Weil Besitz und Wissen ungleich verteilt sind, kann jeder zugleich Partner und Bedrohung sein. Die Suche wirkt dadurch wie eine fortgesetzte Verhandlung darüber, wie lange man einen anderen noch braucht.","Blondie (Clint Eastwood), Tuco (Eli Wallach) und Sentenza (Lee Van Cleef) suchen vergrabenes Gold.","Eine Rinderherde bildet nicht das gemeinsame Ziel.","Sie unternehmen keine Rettungsmission für einen Gouverneur.","Ölfelder treiben die Handlung nicht an.","Drei Rivalen, ein Goldversteck.","Handlung","https://en.wikipedia.org/wiki/The_Good,_the_Bad_and_the_Ugly|https://www.rottentomatoes.com/m/the_good_the_bad_and_the_ugly","redaktionell_geprueft"
"WES-L-006","K-WES-03-02","","de","Film","Western","Zwei glorreiche Halunken","Il buono, il brutto, il cattivo","1966","","leicht","Besetzung","Italowestern|Goldsuche|Bürgerkrieg","Western|Italowestern|Dollar-Trilogie|Clint Eastwood|Lee Van Cleef","Eli Wallach spielt Tuco.","„Zwei glorreiche Halunken“ (1966): Wer spielt Tuco?","Charles Bronson","Eli Wallach","Lee Van Cleef","Gian Maria Volonté","B","Eli Wallach spielt Tuco (Eli Wallach).","Tuco (Eli Wallach) macht die gefährliche Partnerschaft mit Blondie (Clint Eastwood) besonders beweglich. Er redet, droht, improvisiert und zeigt seine Kränkungen weit offener als sein schweigsamer Gegenüber. Das erzeugt Komik, ohne seine Gefährlichkeit aufzuheben. Als Figur ist er deshalb mehr als ein Begleiter: Seine wechselnden Reaktionen treiben die Auseinandersetzung immer wieder neu an.","Charles Bronson gehört nicht zum zentralen Trio.","Eli Wallach spielt Tuco (Eli Wallach).","Lee Van Cleef spielt Sentenza (Lee Van Cleef).","Gian Maria Volonté spielt in den ersten beiden Dollar-Filmen andere Gegner.","Tuco (Eli Wallach): Eli Wallachs unruhige Energie.","Handlung","https://en.wikipedia.org/wiki/The_Good,_the_Bad_and_the_Ugly|https://www.rottentomatoes.com/m/the_good_the_bad_and_the_ugly","redaktionell_geprueft"
"WES-M-005","K-WES-03-03","","de","Film","Western","Zwei glorreiche Halunken","Il buono, il brutto, il cattivo","1966","","mittel","Handlung","Italowestern|Goldsuche|Bürgerkrieg","Western|Italowestern|Dollar-Trilogie|Clint Eastwood|Lee Van Cleef","Blondie liefert Tuco aus und schießt anschließend den Strick durch.","„Zwei glorreiche Halunken“ (1966): Wie verdienen Blondie und Tuco anfangs gemeinsam Geld?","Kopfgeld kassieren und Tuco vor dem Hängen retten","Gold schürfen und den Fund gemeinsam verkaufen","Waffen an beide Armeen verkaufen","Gefälschte Landtitel an Siedler verkaufen","A","Blondie (Clint Eastwood) liefert Tuco (Eli Wallach) aus und schießt anschließend den Strick durch.","Blondie (Clint Eastwood) und Tuco (Eli Wallach) machen aus Verfolgung ein wiederholbares Geschäft. Die öffentliche Hinrichtung, eigentlich der Endpunkt staatlicher Strafe, wird zur Bühne ihres Betrugs. Ihr Vertrauen bleibt dabei sehr konkret: Ein einziger Fehlschuss könnte alles beenden. Deshalb steckt hinter der komischen Routine bereits die Gefahr, die ihre spätere Zusammenarbeit prägt.","Blondie (Clint Eastwood) liefert Tuco (Eli Wallach) aus und schießt anschließend den Strick durch.","Goldsuche wird später wichtig; der anfängliche Trick nutzt Kopfgeld.","Sie verdienen an diesem Punkt nicht am Waffenhandel.","Landurkunden sind nicht Teil ihres Geschäfts.","Erst kassieren, dann den Strick durchschießen.","Handlung","https://en.wikipedia.org/wiki/The_Good,_the_Bad_and_the_Ugly|https://www.rottentomatoes.com/m/the_good_the_bad_and_the_ugly","redaktionell_geprueft"
"WES-M-006","K-WES-03-04","","de","Film","Western","Zwei glorreiche Halunken","Il buono, il brutto, il cattivo","1966","","mittel","Hintergrund","Italowestern|Goldsuche|Bürgerkrieg","Western|Italowestern|Dollar-Trilogie|Clint Eastwood|Lee Van Cleef","Die Goldsuche spielt während des Amerikanischen Bürgerkriegs.","„Zwei glorreiche Halunken“ (1966): Welcher Krieg bildet den historischen Hintergrund der Goldsuche?","Der Mexikanisch-Amerikanische Krieg","Der Amerikanische Bürgerkrieg","Der Amerikanische Unabhängigkeitskrieg","Der Spanisch-Amerikanische Krieg","B","Die Goldsuche spielt während des Amerikanischen Bürgerkriegs.","Blondie (Clint Eastwood) und Tuco (Eli Wallach) verfolgen ein privates Ziel in einer Landschaft, die von einem viel größeren Konflikt geprägt wird. Uniformen schaffen dabei keine sichere moralische Ordnung. Die Kriegsszenen erweitern den Blick über die Rivalität der Männer hinaus und lassen ihren Streit um Beute neben dem massenhaften Sterben zugleich klein und besonders eigensinnig erscheinen.","Der Krieg gegen Mexiko ist nicht der dargestellte Konflikt.","Die Goldsuche spielt während des Amerikanischen Bürgerkriegs.","Der Unabhängigkeitskrieg liegt deutlich früher.","Der Spanisch-Amerikanische Krieg liegt später.","Private Gier zwischen den Fronten des Bürgerkriegs.","Handlung","https://en.wikipedia.org/wiki/The_Good,_the_Bad_and_the_Ugly|https://www.rottentomatoes.com/m/the_good_the_bad_and_the_ugly","redaktionell_geprueft"
"WES-S-005","K-WES-03-05","","de","Film","Western","Zwei glorreiche Halunken","Il buono, il brutto, il cattivo","1966","","schwer","Wissen","Italowestern|Goldsuche|Bürgerkrieg","Western|Italowestern|Dollar-Trilogie|Clint Eastwood|Lee Van Cleef","Tuco kennt den Friedhof; Blondie kennt das gesuchte Grab.","„Zwei glorreiche Halunken“ (1966): Wie ist das Wissen um das Goldversteck zunächst zwischen Tuco und Blondie verteilt?","Tuco kennt den Friedhof, Blondie das Grab","Tuco kennt den Schlüssel, Blondie den Tresor","Tuco kennt die Summe, Blondie den Besitzer","Tuco kennt das Grab, Blondie den Friedhof","A","Tuco (Eli Wallach) kennt den Friedhof; Blondie (Clint Eastwood) kennt das gesuchte Grab.","Tuco (Eli Wallach) kann den Schatz ohne Blondie (Clint Eastwood) nicht gezielt finden, und umgekehrt fehlt dem anderen ein Teil der Ortsinformation. Diese Aufteilung bindet Gegner aneinander, ohne ihre Abneigung zu beseitigen. Wissen ersetzt hier ein verlässliches Versprechen: Solange jeder etwas Unersetzliches besitzt, hat der andere einen praktischen Grund, ihn am Leben zu halten.","Tuco (Eli Wallach) kennt den Friedhof; Blondie (Clint Eastwood) kennt das gesuchte Grab.","Es geht um ein Grab, nicht um einen Tresor.","Geldsumme und Eigentümer bilden nicht das entscheidende Wissenspaar.","Die beiden Informationen sind genau andersherum verteilt.","Friedhof plus Grab erzwingen Zusammenarbeit.","Handlung","https://en.wikipedia.org/wiki/The_Good,_the_Bad_and_the_Ugly|https://www.rottentomatoes.com/m/the_good_the_bad_and_the_ugly","redaktionell_geprueft"
"WES-S-006","K-WES-03-06","","de","Film","Western","Zwei glorreiche Halunken","Il buono, il brutto, il cattivo","1966","","schwer","Handlung","Italowestern|Goldsuche|Bürgerkrieg","Western|Italowestern|Dollar-Trilogie|Clint Eastwood|Lee Van Cleef","Blondie hat Tuco zuvor die Patronen aus der Waffe genommen.","„Zwei glorreiche Halunken“ (1966): Warum kann Tuco beim finalen Dreierduell nicht schießen?","Seine Waffe ist im Fluss verrostet","Blondie hat seine Waffe entladen","Tuco hat seine Munition verkauft","Sentenza hat den Lauf versiegelt","B","Blondie (Clint Eastwood) hat Tuco (Eli Wallach) zuvor die Patronen aus der Waffe genommen.","Das Bild zeigt drei scheinbar gleichberechtigte Schützen, doch Blondie (Clint Eastwood) hat die Lage bereits verändert. Tuco (Eli Wallach) erfährt die fehlende Symmetrie erst im entscheidenden Augenblick. So wird das Duell neben einem Geschwindigkeitswettbewerb zu einer Frage vorbereiteter Macht. Der Ausgang hängt auch davon ab, wer mehr weiß als die anderen Beteiligten.","Ein Wasserschaden ist nicht die Ursache.","Blondie (Clint Eastwood) hat Tuco (Eli Wallach) zuvor die Patronen aus der Waffe genommen.","Tuco (Eli Wallach) verkauft seine Patronen nicht.","Sentenza (Lee Van Cleef) hat den Lauf nicht manipuliert.","Drei Männer stehen bereit, nur zwei Waffen sind geladen.","Auflösung","https://en.wikipedia.org/wiki/The_Good,_the_Bad_and_the_Ugly|https://www.rottentomatoes.com/m/the_good_the_bad_and_the_ugly","redaktionell_geprueft"
"WES-L-007","K-WES-04-01","","de","Film","Western","Spiel mir das Lied vom Tod","C'era una volta il West","1968","","leicht","Besetzung","Italowestern|Eisenbahn|Rache","Western|Italowestern|Henry Fonda","Henry Fonda spielt Frank.","„Spiel mir das Lied vom Tod“ (1968): Wer spielt den Killer Frank?","John Wayne","Lee Marvin","Henry Fonda","Robert Mitchum","C","Henry Fonda spielt Frank (Henry Fonda).","Frank (Henry Fonda) erscheint als Mann, dessen ruhiges Auftreten die Gewalt nicht abschwächt. Gerade der Gegensatz zwischen kontrollierter Miene und rücksichtsloser Tat macht ihn bedrohlich. Wer Henry Fonda mit aufrechten Figuren verbindet, erlebt hier eine bewusste Irritation seiner Erwartung. Die Besetzung verstärkt so den unsicheren moralischen Boden, auf dem sich die Geschichte bewegt.","John Wayne spielt Frank (Henry Fonda) nicht.","Lee Marvin verkörpert Liberty Valance in einem anderen Western.","Henry Fonda spielt Frank (Henry Fonda).","Robert Mitchum ist nicht Teil dieser zentralen Besetzung.","Franks (Henry Fonda) ruhiges Gesicht gehört Henry Fonda.","Handlung","https://en.wikipedia.org/wiki/Once_Upon_a_Time_in_the_West|https://www.paramountpictures.com/movies/once-upon-a-time-in-the-west","redaktionell_geprueft"
"WES-L-008","K-WES-04-02","","de","Film","Western","Spiel mir das Lied vom Tod","C'era una volta il West","1968","","leicht","Figur","Italowestern|Eisenbahn|Rache","Western|Italowestern|Henry Fonda","Jill wird als Witwe Eigentümerin von Sweetwater.","„Spiel mir das Lied vom Tod“ (1968): Welche Figur erbt nach dem Mord an ihrer Familie Sweetwater?","Morton","Cheyenne","Der Mann mit der Mundharmonika","Jill McBain","D","Jill (Claudia Cardinale) wird als Witwe Eigentümerin von Sweetwater.","Jill (Claudia Cardinale) wird in einen Konflikt gezogen, dessen wirtschaftliche Regeln andere längst kennen. Als Erbin ist sie jedoch mehr als eine Zuschauerin zwischen bewaffneten Männern. Ihr Besitz verbindet persönliche Trauer mit der Zukunft des Ortes. Dadurch bekommt der Eisenbahnbau ein menschliches Zentrum: Fortschritt bedeutet hier zugleich eine Frage des Überlebens und der Selbstbestimmung.","Morton (Gabriele Ferzetti) will von der Bahnverbindung profitieren, erbt Sweetwater aber nicht.","Cheyenne (Jason Robards) besitzt das Grundstück nicht als Erbe.","Mundharmonika (Charles Bronson) unterstützt Jill (Claudia Cardinale), ist aber nicht der Erbe.","Jill (Claudia Cardinale) wird als Witwe Eigentümerin von Sweetwater.","Sweetwater gehört Jill (Claudia Cardinale).","Handlung","https://en.wikipedia.org/wiki/Once_Upon_a_Time_in_the_West|https://www.paramountpictures.com/movies/once-upon-a-time-in-the-west","redaktionell_geprueft"
"WES-M-007","K-WES-04-03","","de","Film","Western","Spiel mir das Lied vom Tod","C'era una volta il West","1968","","mittel","Motivation","Italowestern|Eisenbahn|Rache","Western|Italowestern|Henry Fonda","Sweetwater besitzt die für die Bahn wichtige Wasserquelle.","„Spiel mir das Lied vom Tod“ (1968): Was macht Sweetwater für den Eisenbahnbau besonders wertvoll?","Seine bestehende Eisenbrücke","Sein Kohlelager","Seine Wasserquelle","Sein großes Silberbergwerk","C","Sweetwater besitzt die für die Bahn wichtige Wasserquelle.","Bei Jill (Claudia Cardinale) laufen Besitzrecht und technische Entwicklung zusammen. Wasser ist hier kein idyllischer Hintergrund, sondern eine Voraussetzung dafür, dass eine Bahnstrecke funktionieren kann. Wer darüber verfügt, kontrolliert einen Engpass. Der Film übersetzt den abstrakten Gedanken wirtschaftlicher Macht damit in einen einfachen, sichtbaren Ort, um den sich Gewalt und Verträge drehen.","Eine bereits vorhandene Brücke ist nicht das entscheidende Gut.","Es geht um Wasser, nicht um Kohlevorräte.","Sweetwater besitzt die für die Bahn wichtige Wasserquelle.","Silber ist nicht der Grund für den strategischen Wert.","Sweetwater: Wasser bestimmt die Strecke.","Handlung","https://en.wikipedia.org/wiki/Once_Upon_a_Time_in_the_West|https://www.paramountpictures.com/movies/once-upon-a-time-in-the-west","redaktionell_geprueft"
"WES-M-008","K-WES-04-04","","de","Film","Western","Spiel mir das Lied vom Tod","C'era una volta il West","1968","","mittel","Handlung","Italowestern|Eisenbahn|Rache","Western|Italowestern|Henry Fonda","Frank lässt den Verdacht auf Cheyenne fallen.","„Spiel mir das Lied vom Tod“ (1968): Wen soll Franks Bande durch falsche Spuren für das Familienmassaker verantwortlich machen?","Den Sheriff","Morton","Den Bahnhofsvorsteher","Cheyenne","D","Frank (Henry Fonda) lässt den Verdacht auf Cheyenne (Jason Robards) fallen.","Cheyenne (Jason Robards) ist ein Gesetzloser und damit ein leicht glaubhafter Verdächtiger. Frank (Henry Fonda) kann diese vorhandene Vorstellung ausnutzen, ohne die Tat offen zu erklären. Der Unterschied zwischen Ruf und tatsächlichem Handeln wird dadurch zentral. Für die Zuschauer entsteht eine Aufgabe: Die gesellschaftlichen Etiketten der Figuren sagen weniger aus als ihre konkreten Entscheidungen.","Die Tat soll keiner Amtsperson angelastet werden.","Morton (Gabriele Ferzetti) ist Franks (Henry Fonda) Auftraggeber und nicht das Ziel der falschen Spur.","Der Bahnhofsvorsteher wird nicht zum Hauptverdächtigen gemacht.","Frank (Henry Fonda) lässt den Verdacht auf Cheyenne (Jason Robards) fallen.","Falsche Mäntel lenken den Verdacht auf Cheyenne (Jason Robards).","Handlung","https://en.wikipedia.org/wiki/Once_Upon_a_Time_in_the_West|https://www.paramountpictures.com/movies/once-upon-a-time-in-the-west","redaktionell_geprueft"
"WES-S-007","K-WES-04-05","","de","Film","Western","Spiel mir das Lied vom Tod","C'era una volta il West","1968","","schwer","Motivation","Italowestern|Eisenbahn|Rache","Western|Italowestern|Henry Fonda","Mundharmonika musste als Junge seinen zum Hängen bestimmten Bruder stützen.","„Spiel mir das Lied vom Tod“ (1968): Welches Erlebnis erklärt Mundharmonikas Jagd auf Frank?","Frank ließ seinen Vater im Gefängnis verhungern","Frank verriet ihn nach einem Banküberfall","Frank ließ seinen Bruder über seinen Schultern hängen","Frank stahl seiner Familie ein Goldbergwerk","C","Mundharmonika (Charles Bronson) musste als Junge seinen zum Hängen bestimmten Bruder stützen.","Mundharmonikas (Charles Bronson) Schweigen erhält durch die Erinnerung eine neue Bedeutung. Was vorher wie geheimnisvolle Pose wirken konnte, ist mit einer grausamen Erfahrung verbunden. Frank (Henry Fonda) hat diese Vergangenheit nicht in derselben Weise bewahrt. Die späte Enthüllung macht das Wiedererkennen deshalb zu einem Teil der Vergeltung und gibt dem Instrument eine persönliche, schmerzhafte Funktion.","Eine Gefängnishaft des Vaters erklärt die Rache nicht.","Die beiden waren keine Partner bei einem Bankraub.","Mundharmonika (Charles Bronson) musste als Junge seinen zum Hängen bestimmten Bruder stützen.","Ein gestohlenes Bergwerk ist nicht der Anlass.","Das Instrument erinnert an den Bruder.","Auflösung","https://en.wikipedia.org/wiki/Once_Upon_a_Time_in_the_West|https://www.paramountpictures.com/movies/once-upon-a-time-in-the-west","redaktionell_geprueft"
"WES-S-008","K-WES-04-06","","de","Film","Western","Spiel mir das Lied vom Tod","C'era una volta il West","1968","","schwer","Handlung","Italowestern|Eisenbahn|Rache","Western|Italowestern|Henry Fonda","Jill versorgt die Arbeiter mit Wasser.","„Spiel mir das Lied vom Tod“ (1968): Was tut Jill im Schlussbild für die Eisenbahnarbeiter?","Sie führt sie zur Goldmine","Sie liest ihnen einen Kaufvertrag vor","Sie verkauft ihnen Waffen","Sie bringt ihnen Wasser","D","Jill (Claudia Cardinale) versorgt die Arbeiter mit Wasser.","Während die bewaffneten Männer ihre persönlichen Konflikte austragen, ist Jill (Claudia Cardinale) mit einer Zukunft verbunden, die über ein einzelnes Duell hinausreicht. Ihre praktische Geste gibt dem großen Bauvorhaben einen alltäglichen Maßstab. Die Geschichte endet dadurch nicht nur mit Abschied und Tod, sondern auch mit Arbeit und einer Gemeinschaft, die erst entstehen wird.","Die Arbeiter bauen die Bahn, nicht eine Goldmine.","Ein vorgelesener Vertrag ist nicht das Schlussbild.","Waffenversorgung bestimmt diese Schlussgeste nicht.","Jill (Claudia Cardinale) versorgt die Arbeiter mit Wasser.","Am Ende reicht Jill (Claudia Cardinale) Wasser in die Zukunft.","Auflösung","https://en.wikipedia.org/wiki/Once_Upon_a_Time_in_the_West|https://www.paramountpictures.com/movies/once-upon-a-time-in-the-west","redaktionell_geprueft"
"WES-L-009","K-WES-05-01","","de","Film","Western","Todesmelodie","Giù la testa","1971","","leicht","Figur","Italowestern|Revolution|Freundschaft","Western|Italowestern","John ist ein erfahrener Sprengstoffexperte.","„Todesmelodie“ (1971): Auf welchem Gebiet ist John Mallory besonders erfahren?","Sprengstoff und Explosionen","Pferdezucht und Dressur","Landvermessung und Kartenbau","Medizin und Chirurgie","A","John (James Coburn) ist ein erfahrener Sprengstoffexperte.","John (James Coburn) bringt eine Fähigkeit mit, die Juan (Rod Steiger) für seine eigenen Pläne sofort nützlich findet. Dynamit kann in ihrer Welt Türen öffnen, aber auch politische Verhältnisse erschüttern. Diese doppelte Verwendbarkeit verbindet die ungleichen Männer. Ihre Zusammenarbeit beginnt deshalb mit einem praktischen Interesse und entwickelt erst allmählich eine persönlichere Bedeutung.","John (James Coburn) ist ein erfahrener Sprengstoffexperte.","Sein entscheidendes Spezialwissen betrifft keinen Zuchtbetrieb.","Vermessung ist nicht seine zentrale Fähigkeit.","Der Arzt der Revolutionäre ist Villega (Romolo Valli).","John (James Coburn) denkt in Sprengladungen.","Handlung","https://en.wikipedia.org/wiki/Duck,_You_Sucker!|https://www.rottentomatoes.com/m/duck_you_sucker","redaktionell_geprueft"
"WES-L-010","K-WES-05-02","","de","Film","Western","Todesmelodie","Giù la testa","1971","","leicht","Ort","Italowestern|Revolution|Freundschaft","Western|Italowestern","Juan gerät in die Mexikanische Revolution.","„Todesmelodie“ (1971): In welchem Land gerät Juan in die Revolution?","Brasilien","Mexiko","Argentinien","Bolivien","B","Juan (Rod Steiger) gerät in die Mexikanische Revolution.","Juan (Rod Steiger) betrachtet die politischen Kämpfe zunächst aus der Sicht eines Mannes, der für sich und seine Familie sorgen will. John (James Coburn) bringt andere Erfahrungen mit, aber keine einfache Lösung. Das mexikanische Umfeld lässt ihre privaten Pläne mit organisierter Gewalt kollidieren. Revolution erscheint dadurch als konkrete Zumutung für Menschen, nicht bloß als großes Schlagwort.","Brasilien ist nicht der Schauplatz.","Juan (Rod Steiger) gerät in die Mexikanische Revolution.","Argentinien ist nicht das Handlungsland.","Bolivien ist das Fluchtziel in „Butch Cassidy und Sundance Kid“.","Mexiko zieht Juan (Rod Steiger) in die Geschichte hinein.","Handlung","https://en.wikipedia.org/wiki/Duck,_You_Sucker!|https://www.rottentomatoes.com/m/duck_you_sucker","redaktionell_geprueft"
"WES-M-009","K-WES-05-03","","de","Film","Western","Todesmelodie","Giù la testa","1971","","mittel","Handlung","Italowestern|Revolution|Freundschaft","Western|Italowestern","Juan findet politische Gefangene statt der erhofften Beute.","„Todesmelodie“ (1971): Was entdeckt Juan in der vermeintlich reichen Bank von Mesa Verde?","Politische Gefangene","Einen geräumten Goldtresor","Eine heimliche Waffenfabrik","Gefälschte Banknoten","A","Juan (Rod Steiger) findet politische Gefangene statt der erhofften Beute.","Juan (Rod Steiger) erwartet einen persönlichen Gewinn und wird durch seine Tat unerwartet öffentlich vereinnahmt. Zwischen Absicht und Wirkung klafft eine große Lücke. Der Bankangriff zeigt damit, wie jemand zum Helden erklärt werden kann, ohne diese Rolle gesucht zu haben. Die Komik der Enttäuschung steht unmittelbar neben dem ernsten Schicksal der Gefangenen.","Juan (Rod Steiger) findet politische Gefangene statt der erhofften Beute.","Entscheidend ist die Entdeckung eingesperrter Menschen.","Die Bank dient als Gefängnis, nicht als Fabrik.","Eine Falschgeldwerkstatt wird dort nicht entdeckt.","Der Bankräuber befreit Gefangene.","Handlung","https://en.wikipedia.org/wiki/Duck,_You_Sucker!|https://www.rottentomatoes.com/m/duck_you_sucker","redaktionell_geprueft"
"WES-M-010","K-WES-05-04","","de","Film","Western","Todesmelodie","Giù la testa","1971","","mittel","Objekt","Italowestern|Revolution|Freundschaft","Western|Italowestern","John ist auf einem Motorrad unterwegs.","„Todesmelodie“ (1971): Mit welchem für den Western ungewöhnlichen Fahrzeug begegnet John dem Banditen Juan?","Mit einem Motorboot","Mit einem Motorrad","Mit einer Straßenbahn","Mit einem Panzerwagen","B","John (James Coburn) ist auf einem Motorrad unterwegs.","Johns (James Coburn) Motorrad setzt schon bei seiner Ankunft einen anderen Akzent als ein gewöhnliches Reitpferd. Für Juan (Rod Steiger) kommt mit dem Fremden auch technisches Wissen in Reichweite. Der Film lässt verschiedene Vorstellungen von Abenteuer aufeinandertreffen: einen vertrauten Banditenalltag und eine moderne Welt, deren Maschinen Bewegung beschleunigen und die Wirkung von Gewalt verändern.","Er trifft Juan (Rod Steiger) nicht vom Motorboot aus.","John (James Coburn) ist auf einem Motorrad unterwegs.","Eine Straßenbahn bringt ihn nicht zu Juan (Rod Steiger).","Ein Panzerwagen ist nicht sein Fahrzeug bei dieser Begegnung.","John (James Coburn) kommt motorisiert in Juans (Rod Steiger) Welt.","Handlung","https://en.wikipedia.org/wiki/Duck,_You_Sucker!|https://www.rottentomatoes.com/m/duck_you_sucker","redaktionell_geprueft"
"WES-S-009","K-WES-05-05","","de","Film","Western","Todesmelodie","Giù la testa","1971","","schwer","Motivation","Italowestern|Revolution|Freundschaft","Western|Italowestern","Villegas Verrat erinnert John an eine Erfahrung in Irland.","„Todesmelodie“ (1971): Warum ist Johns Reaktion auf Villegas Verrat so persönlich geprägt?","Er erinnert sich an den Verrat eines Freundes in Irland","Villega ist sein verschollener Bruder","Villega hat früher seine Mine gekauft","Villega verriet einst seine Familie","A","Villegas (Romolo Valli) Verrat erinnert John (James Coburn) an eine Erfahrung in Irland.","John (James Coburn) sieht in Villega (Romolo Valli) nicht nur einen aktuellen Verräter, sondern auch eine Wiederholung einer alten Wunde. Dadurch bekommt die Frage nach Schuld mehr Tiefe. Ein unter Druck gebrochener Mensch lässt sich nicht allein mit einem Etikett erklären. Die Erinnerung erschwert ein schnelles Urteil und verbindet politische Gewalt mit dem Verlust persönlichen Vertrauens.","Villegas (Romolo Valli) Verrat erinnert John (James Coburn) an eine Erfahrung in Irland.","Die Männer sind nicht als Brüder verbunden.","Ein Minenkauf begründet diese Reaktion nicht.","Eine familiäre Vorgeschichte mit Villega (Romolo Valli) erklärt diese Erinnerung nicht.","Verrat in Mexiko weckt Johns (James Coburn) irische Erinnerung.","Auflösung","https://en.wikipedia.org/wiki/Duck,_You_Sucker!|https://www.rottentomatoes.com/m/duck_you_sucker","redaktionell_geprueft"
"WES-S-010","K-WES-05-06","","de","Film","Western","Todesmelodie","Giù la testa","1971","","schwer","Handlung","Italowestern|Revolution|Freundschaft","Western|Italowestern","Villega bleibt auf der Sprengstofflokomotive und stirbt.","„Todesmelodie“ (1971): Was geschieht mit Villega bei der Sprengung des Militärzuges?","Er übernimmt das Kommando im feindlichen Zug","Er bleibt auf der mit Dynamit beladenen Lokomotive","Er flieht mit dem Gold nach Amerika","Er erschießt Juan auf dem Bahnsteig","B","Villega (Romolo Valli) bleibt auf der Sprengstofflokomotive und stirbt.","John (James Coburn) bietet Villega (Romolo Valli) noch die Möglichkeit abzuspringen. Dass dieser bleibt, lässt seine letzte Entscheidung als Versuch verstehen, Verantwortung zu übernehmen. Das hebt den Verrat nicht ungeschehen auf, verhindert aber eine eindimensionale Figur. Die Szene fragt, ob eine spätere Tat Schuld beantworten kann, ohne dafür eine einfache moralische Rechnung aufzumachen.","Er erobert den gegnerischen Zug nicht als neuer Kommandeur.","Villega (Romolo Valli) bleibt auf der Sprengstofflokomotive und stirbt.","Sein Ende ist keine Flucht mit Beute.","Juan (Rod Steiger) wird von ihm nicht auf dem Bahnsteig erschossen.","Villegas (Romolo Valli) letzte Entscheidung fällt auf der Lokomotive.","Auflösung","https://en.wikipedia.org/wiki/Duck,_You_Sucker!|https://www.rottentomatoes.com/m/duck_you_sucker","redaktionell_geprueft"
"WES-L-011","K-WES-06-01","","de","Film","Western","Django","Django","1966","","leicht","Besetzung","Italowestern|Rache|Kopfgeld","Western|Italowestern","Franco Nero spielt Django.","„Django“ (1966): Wer spielt den titelgebenden Revolvermann?","Terence Hill","Giuliano Gemma","Franco Nero","Clint Eastwood","C","Franco Nero spielt Django (Franco Nero).","Django (Franco Nero) wirkt schon durch seinen Auftritt wie ein Mann, der eine schwere Vergangenheit mit sich trägt. Franco Neros konzentriertes Spiel lässt viel unausgesprochen. Der Held bietet deshalb keine beruhigende Ordnung an, sondern bewegt sich selbst in einer gewalttätigen Welt. Seine Attraktivität als Figur entsteht gerade aus dieser Verbindung von Verletzbarkeit und Bedrohlichkeit.","Terence Hill spielt Nobody, nicht diesen Django (Franco Nero).","Giuliano Gemma ist nicht der Hauptdarsteller dieses Films.","Franco Nero spielt Django (Franco Nero).","Clint Eastwood spielt in Leones Dollar-Filmen andere Fremde.","Der ursprüngliche Django (Franco Nero) trägt Franco Neros Gesicht.","Handlung","https://en.wikipedia.org/wiki/Django_(1966_film)|https://www.rottentomatoes.com/m/django","redaktionell_geprueft"
"WES-L-012","K-WES-06-02","","de","Film","Western","Django","Django","1966","","leicht","Objekt","Italowestern|Rache|Kopfgeld","Western|Italowestern","Django zieht einen Sarg hinter sich her.","„Django“ (1966): Was zieht Django zu Beginn hinter sich her?","Einen Schlitten","Eine Kanone","Einen Geldtresor","Einen Sarg","D","Django (Franco Nero) zieht einen Sarg hinter sich her.","Der Sarg verleiht Djangos (Franco Nero) Ankunft sofort eine ungewöhnliche Bildsprache. Ein Gegenstand des Todes wird zum Gepäck eines lebenden Mannes. Bevor sein Zweck bekannt ist, wirft er Fragen nach Verlust, Gefahr und Absicht auf. Der Film stellt seine Hauptfigur damit über eine sichtbare Handlung vor, statt ihre Vergangenheit ausführlich erklären zu lassen.","Ein Schlitten ist nicht sein auffälliges Gepäckstück.","Er zieht keine offen sichtbare Kanone.","Ein Tresor begleitet seinen ersten Auftritt nicht.","Django (Franco Nero) zieht einen Sarg hinter sich her.","Django (Franco Nero) kommt mit einem Sarg.","Handlung","https://en.wikipedia.org/wiki/Django_(1966_film)|https://www.rottentomatoes.com/m/django","redaktionell_geprueft"
"WES-M-011","K-WES-06-03","","de","Film","Western","Django","Django","1966","","mittel","Handlung","Italowestern|Rache|Kopfgeld","Western|Italowestern","Django transportiert ein Maschinengewehr im Sarg.","„Django“ (1966): Welche Waffe verbirgt Django in seinem Sarg?","Ein Bündel Dynamit","Ein Paar Duellpistolen","Ein Maschinengewehr","Eine Armbrust","C","Django (Franco Nero) transportiert ein Maschinengewehr im Sarg.","Der Inhalt kehrt die Erwartung an Djangos (Franco Nero) Gepäck um: Der Sarg nimmt nicht nur Tote auf, sondern ermöglicht selbst massenhaftes Töten. Damit verschiebt die Szene den üblichen Maßstab des Westernkampfs. Persönliche Treffsicherheit verliert gegenüber technischer Feuerkraft an Bedeutung, während der einzelne Fremde plötzlich wie eine ganze bewaffnete Einheit wirkt.","Dynamit ist nicht die Waffe, die er aus dem Sarg einsetzt.","Duellpistolen erklären den anschließenden Massenbeschuss nicht.","Django (Franco Nero) transportiert ein Maschinengewehr im Sarg.","Eine Armbrust befindet sich nicht im Sarg.","Der Sarg verbirgt Feuerkraft.","Handlung","https://en.wikipedia.org/wiki/Django_(1966_film)|https://www.rottentomatoes.com/m/django","redaktionell_geprueft"
"WES-M-012","K-WES-06-04","","de","Film","Western","Django","Django","1966","","mittel","Figur","Italowestern|Rache|Kopfgeld","Western|Italowestern","Django nimmt María unter seinen Schutz.","„Django“ (1966): Wen schützt Django nach einer Misshandlung durch bewaffnete Männer?","Pauline","Marisol","Jill","María","D","Django (Franco Nero) nimmt María (Loredana Nusciak) unter seinen Schutz.","María (Loredana Nusciak) erlebt die rivalisierenden Gewaltgruppen unmittelbar am eigenen Körper. Djangos (Franco Nero) Eingreifen bietet zunächst Schutz, schafft aber noch keinen sicheren Ort. Ihre Beziehung zeigt, wie schwierig ein Neuanfang in dieser Umgebung bleibt. Zuneigung und Hilfe müssen sich gegen Besitzansprüche, Misstrauen und die Anziehungskraft möglicher Beute behaupten.","Pauline gehört zu „Leichen pflastern seinen Weg“.","Marisol wird in „Für eine Handvoll Dollar“ befreit.","Jill ist die Erbin in „Spiel mir das Lied vom Tod“.","Django (Franco Nero) nimmt María (Loredana Nusciak) unter seinen Schutz.","María (Loredana Nusciak) findet Schutz bei Django (Franco Nero).","Handlung","https://en.wikipedia.org/wiki/Django_(1966_film)|https://www.rottentomatoes.com/m/django","redaktionell_geprueft"
"WES-S-011","K-WES-06-05","","de","Film","Western","Django","Django","1966","","schwer","Handlung","Italowestern|Rache|Kopfgeld","Western|Italowestern","Djangos Gold versinkt mit dem Sarg im Treibsand.","„Django“ (1966): Was geschieht mit dem im Sarg versteckten Gold bei der Flucht?","Es wird von Jackson versteigert","Es wird in einer Mine eingemauert","Es versinkt im Treibsand","Es wird der Dorfkirche geschenkt","C","Djangos (Franco Nero) Gold versinkt mit dem Sarg im Treibsand.","Django (Franco Nero) hält an der Beute fest, obwohl María (Loredana Nusciak) eine Zukunft ohne sie erhofft. Der Verlust macht aus dem Versprechen von Unabhängigkeit eine gefährliche Last. Das Bild des sinkenden Sarges lässt sich als Umkehr seines ersten Auftritts lesen: Was ihm zunächst Überlegenheit verschafft hat, zieht ihn nun selbst beinahe in den Tod.","Jackson (Eduardo Fajardo) organisiert keine Versteigerung dieser Beute.","Das Gold wird nicht planmäßig versteckt.","Djangos (Franco Nero) Gold versinkt mit dem Sarg im Treibsand.","Eine freiwillige Spende findet nicht statt.","Der Sarg sinkt mit dem Traum vom Gold.","Auflösung","https://en.wikipedia.org/wiki/Django_(1966_film)|https://www.rottentomatoes.com/m/django","redaktionell_geprueft"
"WES-S-012","K-WES-06-06","","de","Film","Western","Django","Django","1966","","schwer","Handlung","Italowestern|Rache|Kopfgeld","Western|Italowestern","Django nutzt das Grabkreuz als Hilfe für seinen Revolver.","„Django“ (1966): Wie kann Django trotz verletzter Hände im letzten Kampf schießen?","Er schießt mit einem am Sattel befestigten Gewehr","Er lässt María sämtliche Schüsse abgeben","Er benutzt einen versteckten Fußabzug","Er stützt und bedient die Waffe an einem Grabkreuz","D","Django (Franco Nero) nutzt das Grabkreuz als Hilfe für seinen Revolver.","Djangos (Franco Nero) verwundete Hände nehmen ihm die gewohnte körperliche Sicherheit. Der Schlusskampf hängt deshalb davon ab, ob er seine Umgebung nutzen kann. Das Grabkreuz verbindet Erinnerung an Verlust mit einer praktischen Stütze. Seine Gegenwehr ist keine mühelose Wiederherstellung des Helden, sondern eine sichtbar schmerzhafte Anstrengung gegen die Erwartung seiner Gegner.","Er kämpft am Grab, nicht mit einem Sattelgewehr.","María (Loredana Nusciak) übernimmt das Duell nicht für ihn.","Ein technischer Fußabzug kommt nicht zum Einsatz.","Django (Franco Nero) nutzt das Grabkreuz als Hilfe für seinen Revolver.","Das Kreuz stützt Djangos (Franco Nero) letzte Gegenwehr.","Auflösung","https://en.wikipedia.org/wiki/Django_(1966_film)|https://www.rottentomatoes.com/m/django","redaktionell_geprueft"
"WES-L-013","K-WES-07-01","","de","Film","Western","Mein Name ist Nobody","Il mio nome è Nessuno","1973","","leicht","Besetzung","Italowestern|Westernkomödie|Legenden","Western|Italowestern|Henry Fonda","Terence Hill spielt Nobody.","„Mein Name ist Nobody“ (1973): Wer spielt Nobody?","Terence Hill","Bud Spencer","Giuliano Gemma","Franco Nero","A","Terence Hill spielt Nobody (Terence Hill).","Nobody (Terence Hill) begegnet der gefährlichen Westernwelt mit einer auffälligen Leichtigkeit. Terence Hills Beweglichkeit und sein spöttisches Auftreten lassen Gewalt oft wie ein Spiel erscheinen. Dahinter steht jedoch ein ernstes Interesse an Beauregards (Henry Fonda) Ruhm. Die Figur ist zugleich Bewunderer und Störenfried, der seinem Idol den gewünschten stillen Rückzug immer wieder erschwert.","Terence Hill spielt Nobody (Terence Hill).","Bud Spencer spielt Nobody (Terence Hill) nicht.","Giuliano Gemma spielt nicht diese Titelfigur.","Franco Nero ist der Django des Films von 1966.","Nobody (Terence Hill): Terence Hill mit einem Plan für sein Idol.","Handlung","https://en.wikipedia.org/wiki/My_Name_Is_Nobody|https://www.rottentomatoes.com/m/my_name_is_nobody","redaktionell_geprueft"
"WES-L-014","K-WES-07-02","","de","Film","Western","Mein Name ist Nobody","Il mio nome è Nessuno","1973","","leicht","Motivation","Italowestern|Westernkomödie|Legenden","Western|Italowestern|Henry Fonda","Beauregard möchte seinen Lebensabend in Europa verbringen.","„Mein Name ist Nobody“ (1973): Was möchte Jack Beauregard zu Beginn seiner letzten Reise?","Ein Sheriffamt in Texas übernehmen","Sich nach Europa zurückziehen","Eine neue Banditenbande gründen","In Mexiko eine Ranch aufbauen","B","Beauregard (Henry Fonda) möchte seinen Lebensabend in Europa verbringen.","Beauregard (Henry Fonda) behandelt sein Weiterleben als wichtiger als einen weiteren spektakulären Sieg. Nobody (Terence Hill) denkt dagegen in Geschichten, die andere später erzählen sollen. Der Konflikt betrifft deshalb zwei Vorstellungen eines gelungenen Endes: persönliche Ruhe und öffentliche Unsterblichkeit. Henry Fondas zurückhaltendes Spiel gibt dem Wunsch nach Rückzug Gewicht, auch wenn die Komödie ihn ständig unterläuft.","Ein neues Sheriffamt ist nicht sein Ziel.","Beauregard (Henry Fonda) möchte seinen Lebensabend in Europa verbringen.","Er will das gefährliche Leben beenden, keine neue Bande führen.","Sein geplanter Rückzug führt nach Europa, nicht zu einer Ranch in Mexiko.","Beauregard (Henry Fonda) möchte hinaus aus der Legende.","Handlung","https://en.wikipedia.org/wiki/My_Name_Is_Nobody|https://www.rottentomatoes.com/m/my_name_is_nobody","redaktionell_geprueft"
"WES-M-013","K-WES-07-03","","de","Film","Western","Mein Name ist Nobody","Il mio nome è Nessuno","1973","","mittel","Handlung","Italowestern|Westernkomödie|Legenden","Western|Italowestern|Henry Fonda","Nobody will Beauregard zum Kampf gegen die Wilde Horde bewegen.","„Mein Name ist Nobody“ (1973): Gegen wen soll Beauregard nach Nobodys Wunsch allein antreten?","Gegen die Wilde Horde","Gegen die gesamte Stadtpolizei","Gegen eine Gruppe von Eisenbahnarbeitern","Gegen ein Kavallerieregiment","A","Nobody (Terence Hill) will Beauregard (Henry Fonda) zum Kampf gegen die Wilde Horde bewegen.","Nobody (Terence Hill) möchte einen letzten Auftritt organisieren, der groß genug für eine Legende ist. Beauregard (Henry Fonda) misst dieselbe Situation am Risiko für sein Leben. Die übersteigerte Zahl der Gegner macht diesen Unterschied sichtbar. Der Film kann die heroische Westernpose damit gleichzeitig feiern und hinterfragen, weil ihr Glanz aus einer beinahe absurden Zumutung entsteht.","Nobody (Terence Hill) will Beauregard (Henry Fonda) zum Kampf gegen die Wilde Horde bewegen.","Die Stadtpolizei bildet nicht dieses große Aufgebot.","Eisenbahner sind nicht das Ziel des legendären Kampfes.","Ein Kavallerieregiment ist nicht die gesuchte Gegnergruppe.","Nobody (Terence Hill) braucht eine ganze Horde für den letzten Auftritt.","Handlung","https://en.wikipedia.org/wiki/My_Name_Is_Nobody|https://www.rottentomatoes.com/m/my_name_is_nobody","redaktionell_geprueft"
"WES-M-014","K-WES-07-04","","de","Film","Western","Mein Name ist Nobody","Il mio nome è Nessuno","1973","","mittel","Filmgeschichte","Italowestern|Westernkomödie|Legenden","Western|Italowestern|Henry Fonda","Tonino Valerii ist der genannte Regisseur.","„Mein Name ist Nobody“ (1973): Wer ist der offiziell genannte Regisseur des Films?","Sergio Corbucci","Tonino Valerii","Enzo G. Castellari","Sergio Sollima","B","Tonino Valerii ist der genannte Regisseur.","Nobody (Terence Hill) und Beauregard (Henry Fonda) verbinden Slapstick mit einem Abschied von älteren Heldenbildern. Bei der Einordnung hilft die Unterscheidung zwischen Regie und weiterer kreativer Beteiligung: Sergio Leone war maßgeblich beteiligt, doch die Regienennung lautet Tonino Valerii. Der Film steht damit in Leones Umfeld, ohne schlicht ein weiterer von ihm signierter Dollar-Western zu sein.","Sergio Corbucci inszenierte unter anderem „Django“.","Tonino Valerii ist der genannte Regisseur.","Enzo G. Castellari führte hier nicht die offiziell ausgewiesene Regie.","Sergio Sollima ist nicht der genannte Regisseur.","Valerii führte Regie, Leone prägte das Projekt mit.","Handlung","https://en.wikipedia.org/wiki/My_Name_Is_Nobody|https://www.rottentomatoes.com/m/my_name_is_nobody","redaktionell_geprueft"
"WES-S-013","K-WES-07-05","","de","Film","Western","Mein Name ist Nobody","Il mio nome è Nessuno","1973","","schwer","Handlung","Italowestern|Westernkomödie|Legenden","Western|Italowestern|Henry Fonda","Beauregard trifft die mit Dynamit gefüllten Satteltaschen.","„Mein Name ist Nobody“ (1973): Was macht Beauregards Schüsse gegen die heranreitende Horde besonders wirksam?","Dynamit in den Satteltaschen der Angreifer","Ein absichtlich zerstörter Brückendamm","Eine zuvor vergiftete Wasserstelle","Ein verstecktes Regiment hinter ihm","A","Beauregard (Henry Fonda) trifft die mit Dynamit gefüllten Satteltaschen.","Beauregard (Henry Fonda) gewinnt nicht durch eine endlose Reihe gewöhnlicher Treffer. Er erkennt eine Eigenschaft der Ausrüstung seiner Gegner und nutzt sie gegen die Übermacht. Dadurch verbindet der Film das unglaubliche Bild des Einzelkämpfers mit einem konkreten Trick. Nobodys (Terence Hill) gewünschte Legende beruht also auch auf Beobachtung und auf einer Schwachstelle der Horde.","Beauregard (Henry Fonda) trifft die mit Dynamit gefüllten Satteltaschen.","Es ist kein Dammbruch, der die Angreifer stoppt.","Die Wasserstelle entscheidet diesen Kampf nicht.","Ein verborgenes Regiment übernimmt seine Schüsse nicht.","Dynamit macht wenige Treffer gewaltig.","Auflösung","https://en.wikipedia.org/wiki/My_Name_Is_Nobody|https://www.rottentomatoes.com/m/my_name_is_nobody","redaktionell_geprueft"
"WES-S-014","K-WES-07-06","","de","Film","Western","Mein Name ist Nobody","Il mio nome è Nessuno","1973","","schwer","Handlung","Italowestern|Westernkomödie|Legenden","Western|Italowestern|Henry Fonda","Das Scheinduell ermöglicht Beauregards unbemerkten Rückzug.","„Mein Name ist Nobody“ (1973): Welchen Zweck erfüllt das inszenierte Schlussduell zwischen Nobody und Beauregard?","Nobody erhält dadurch ein Sheriffamt","Beauregard kann als angeblich Toter verschwinden","Die beiden teilen damit eine Erbschaft","Beauregard erhält die Leitung der Horde","B","Das Scheinduell ermöglicht Beauregards (Henry Fonda) unbemerkten Rückzug.","Nobody (Terence Hill) und Beauregard (Henry Fonda) trennen am Ende das öffentliche Bild vom privaten Leben. Die Zuschauer des Duells glauben eine eindeutige Geschichte zu sehen, während die beiden Männer deren Bedeutung selbst gestalten. So kann der ältere Held aus dem Zwang zu immer neuen Kämpfen entkommen. Die Legende bleibt bestehen, obwohl ihr Besitzer weiterlebt.","Ein Sheriffamt wird damit nicht vergeben.","Das Scheinduell ermöglicht Beauregards (Henry Fonda) unbemerkten Rückzug.","Eine Erbschaft ist nicht Gegenstand der Vereinbarung.","Er will die Horde nicht übernehmen, sondern unbehelligt verschwinden.","Öffentlich fällt Beauregard (Henry Fonda), privat reist er weiter.","Auflösung","https://en.wikipedia.org/wiki/My_Name_Is_Nobody|https://www.rottentomatoes.com/m/my_name_is_nobody","redaktionell_geprueft"
"WES-L-015","K-WES-08-01","","de","Film","Western","Erbarmungslos","Unforgiven","1992","","leicht","Besetzung","Spätwestern|Kopfgeld|Gewaltfolgen","Western|Spätwestern|Clint Eastwood","Gene Hackman spielt Little Bill.","„Erbarmungslos“ (1992): Wer spielt Sheriff Little Bill Daggett?","Richard Harris","Clint Eastwood","Gene Hackman","Morgan Freeman","C","Gene Hackman spielt Little Bill (Gene Hackman).","Little Bill (Gene Hackman) versteht sich als Garant von Ordnung, doch seine Methoden machen ihn selbst zur Quelle von Angst. Gene Hackmans Darstellung verbindet gesellige Selbstsicherheit mit plötzlicher Brutalität. Dadurch lässt sich die Figur nicht allein über ihren Amtsstern einordnen. Der Film fordert dazu auf, staatliche Autorität an ihrem Handeln und ihren Opfern zu messen.","Richard Harris spielt English Bob (Richard Harris).","Clint Eastwood spielt Munny (Clint Eastwood) und führte Regie.","Gene Hackman spielt Little Bill (Gene Hackman).","Morgan Freeman spielt Ned (Morgan Freeman).","Little Bills (Gene Hackman) Stern gehört Gene Hackman.","Handlung","https://en.wikipedia.org/wiki/Unforgiven|https://www.rottentomatoes.com/m/1041911-unforgiven","redaktionell_geprueft"
"WES-L-016","K-WES-08-02","","de","Film","Western","Erbarmungslos","Unforgiven","1992","","leicht","Motivation","Spätwestern|Kopfgeld|Gewaltfolgen","Western|Spätwestern|Clint Eastwood","Munny braucht das Kopfgeld, um seine Familie zu versorgen.","„Erbarmungslos“ (1992): Warum nimmt William Munny den Auftrag zur Jagd auf zwei Cowboys an?","Er sucht einen verschwundenen Armeeschatz","Er will Bürgermeister von Big Whiskey werden","Er muss einen Bankkredit des Sheriffs eintreiben","Er braucht Geld für seine Kinder und die Farm","D","Munny (Clint Eastwood) braucht das Kopfgeld, um seine Familie zu versorgen.","Munny (Clint Eastwood) ist zu Beginn kein souveräner Revolverheld, der nur auf ein neues Abenteuer wartet. Sein Alltag verlangt Fähigkeiten, mit denen er Schwierigkeiten hat. Das Geld bietet einen Ausweg, bindet ihn aber wieder an die Gewalt seiner Vergangenheit. Der Auftrag stellt deshalb eine moralische Belastung dar, bevor überhaupt der erste Verfolger aufbricht.","Ein militärischer Schatz ist nicht sein Ziel.","Ein Bürgermeisteramt strebt er nicht an.","Er arbeitet nicht als Geldeintreiber für den Sheriff.","Munny (Clint Eastwood) braucht das Kopfgeld, um seine Familie zu versorgen.","Familiennot bringt Munny (Clint Eastwood) zurück zur Waffe.","Handlung","https://en.wikipedia.org/wiki/Unforgiven|https://www.rottentomatoes.com/m/1041911-unforgiven","redaktionell_geprueft"
"WES-M-015","K-WES-08-03","","de","Film","Western","Erbarmungslos","Unforgiven","1992","","mittel","Motivation","Spätwestern|Kopfgeld|Gewaltfolgen","Western|Spätwestern|Clint Eastwood","Die Frauen reagieren mit dem Kopfgeld auf Delilahs Verstümmelung.","„Erbarmungslos“ (1992): Wer setzt das Kopfgeld auf die Cowboys aus?","Die Eisenbahngesellschaft","Die Kavallerie","Die Frauen des Bordells","Der Bürgermeister","C","Die Frauen reagieren mit dem Kopfgeld auf Delilahs (Anna Thomson) Verstümmelung.","Delilahs (Anna Thomson) Verletzung wird von der örtlichen Ordnung vor allem als wirtschaftlicher Schaden behandelt. Die Frauen bestehen dagegen darauf, dass das Leid eines Menschen nicht mit Ersatz für einen Besitzer erledigt ist. Ihr Auftrag schafft allerdings neue Gewalt. Der Film trennt damit verständliche Empörung von der Frage, welche Folgen die gewählte Antwort haben wird.","Ein Bahnunternehmen finanziert die Jagd nicht.","Die Armee ist nicht Auftraggeberin.","Die Frauen reagieren mit dem Kopfgeld auf Delilahs (Anna Thomson) Verstümmelung.","Der Bürgermeister erteilt diesen Auftrag nicht.","Die Frauen fordern eine Antwort auf Delilahs (Anna Thomson) Leid.","Handlung","https://en.wikipedia.org/wiki/Unforgiven|https://www.rottentomatoes.com/m/1041911-unforgiven","redaktionell_geprueft"
"WES-M-016","K-WES-08-04","","de","Film","Western","Erbarmungslos","Unforgiven","1992","","mittel","Figur","Spätwestern|Kopfgeld|Gewaltfolgen","Western|Spätwestern|Clint Eastwood","Beauchamp ist ein Autor von Revolverheldengeschichten.","„Erbarmungslos“ (1992): Welche Tätigkeit übt W. W. Beauchamp aus?","Er baut die Eisenbahnstrecke","Er leitet eine Bank","Er untersucht Krankheiten bei Pferden","Er schreibt über Revolvermänner","D","Beauchamp (Saul Rubinek) ist ein Autor von Revolverheldengeschichten.","Beauchamp (Saul Rubinek) sucht nach einer erzählbaren Version von Gewalt. Wer besonders überzeugend auftritt, kann seine Vorstellung vom Helden verändern. Dadurch wird er zu einer Figur für die Entstehung von Mythen: Geschichten benötigen klare Rollen, während die beobachteten Menschen widersprüchlich handeln. Sein Interesse zeigt, wie leicht Brutalität im Nachhinein eine bewundernde Form erhalten kann.","Er arbeitet nicht am Eisenbahnbau.","Eine Bank leitet er nicht.","Tiermedizin ist nicht sein Beruf.","Beauchamp (Saul Rubinek) ist ein Autor von Revolverheldengeschichten.","Beauchamp (Saul Rubinek) macht aus Schüssen Geschichten.","Handlung","https://en.wikipedia.org/wiki/Unforgiven|https://www.rottentomatoes.com/m/1041911-unforgiven","redaktionell_geprueft"
"WES-S-015","K-WES-08-05","","de","Film","Western","Erbarmungslos","Unforgiven","1992","","schwer","Figur","Spätwestern|Kopfgeld|Gewaltfolgen","Western|Spätwestern|Clint Eastwood","Der Schofield Kid gesteht, dass seine früheren Tötungsgeschichten erfunden waren.","„Erbarmungslos“ (1992): Was gesteht der Schofield Kid nach seinem tödlichen Schuss?","Er hat das Kopfgeld selbst gestohlen","Er ist Little Bills heimlicher Sohn","Er hatte zuvor noch nie einen Menschen getötet","Er kennt Munny seit seiner Kindheit","C","Der Schofield Kid (Jaimz Woolvett) gesteht, dass seine früheren Tötungsgeschichten erfunden waren.","Der Schofield Kid (Jaimz Woolvett) hatte Erfahrung wie einen Ausweis von Männlichkeit vor sich hergetragen. Nach der wirklichen Tat trägt diese Pose nicht mehr. Seine Reaktion trennt die Vorstellung vom Töten von dessen emotionaler Wirklichkeit. Gerade neben Munnys (Clint Eastwood) Vergangenheit zeigt sich, dass ein schneller Schuss keine einfache Bestätigung von Stärke oder Reife liefern muss.","Er bekennt keinen Diebstahl des Kopfgelds.","Eine Verwandtschaft mit dem Sheriff wird nicht enthüllt.","Der Schofield Kid (Jaimz Woolvett) gesteht, dass seine früheren Tötungsgeschichten erfunden waren.","Eine gemeinsame Kindheit ist nicht der Inhalt seines Geständnisses.","Nach dem ersten Töten zerbricht die Prahlerei.","Auflösung","https://en.wikipedia.org/wiki/Unforgiven|https://www.rottentomatoes.com/m/1041911-unforgiven","redaktionell_geprueft"
"WES-S-016","K-WES-08-06","","de","Film","Western","Erbarmungslos","Unforgiven","1992","","schwer","Motivation","Spätwestern|Kopfgeld|Gewaltfolgen","Western|Spätwestern|Clint Eastwood","Neds Tod und die öffentliche Schändung treiben Munny zurück.","„Erbarmungslos“ (1992): Welche Nachricht löst Munnys Rückkehr zum Saloon aus?","Beauchamp hat sein Buch fertiggeschrieben","Seine Farm ist überraschend verkauft worden","Die Cowboys haben die Stadt bereits verlassen","Ned wurde zu Tode gefoltert und öffentlich ausgestellt","D","Neds (Morgan Freeman) Tod und die öffentliche Schändung treiben Munny (Clint Eastwood) zurück.","Ned (Morgan Freeman) hatte sich vom Töten abgewandt und wird dennoch zum Opfer der Verfolgung. Für Munny (Clint Eastwood) fällt damit die Distanz zu seinem früheren Leben zusammen. Der Schluss wirkt nicht wie ein sauberer Sieg des Guten: Die Rache beantwortet ein Unrecht mit einer Rückkehr jener Gewalt, von der er sich selbst getrennt glaubte.","Ein fertiges Buch wäre nicht das Motiv dieses Angriffs.","Ein Farmverkauf löst die Konfrontation nicht aus.","Die Abreise der Cowboys ist nicht der Auslöser.","Neds (Morgan Freeman) Tod und die öffentliche Schändung treiben Munny (Clint Eastwood) zurück.","Neds (Morgan Freeman) Tod holt Munnys (Clint Eastwood) Vergangenheit zurück.","Auflösung","https://en.wikipedia.org/wiki/Unforgiven|https://www.rottentomatoes.com/m/1041911-unforgiven","redaktionell_geprueft"
"WES-L-017","K-WES-09-01","","de","Film","Western","Der Texaner","The Outlaw Josey Wales","1976","","leicht","Handlung","Bürgerkrieg|Flucht|Gemeinschaft","Western|Bürgerkrieg|Clint Eastwood","Die Ermordung seiner Familie zerstört Josey Wales' früheres Leben.","„Der Texaner“ (1976): Welches Ereignis treibt Josey Wales in den bewaffneten Kampf?","Die Ermordung seiner Frau und seines Kindes","Der Raub seiner Goldmine","Die Entlassung aus dem Sheriffamt","Der Verlust eines Pokerturniers","A","Die Ermordung seiner Familie zerstört Josey Wales (Clint Eastwood)' früheres Leben.","Josey Wales (Clint Eastwood) wird zuerst als jemand gezeigt, dem ein gewöhnliches Leben genommen wird. Seine spätere Härte hat damit einen konkreten Ausgangspunkt, aber keine automatische moralische Rechtfertigung. Der Film kann zugleich sein Leid ernst nehmen und zeigen, wie schwer es ist, nach Gewalt wieder Beziehungen einzugehen, die nicht von Vergeltung bestimmt werden.","Die Ermordung seiner Familie zerstört Josey Wales (Clint Eastwood)' früheres Leben.","Er besitzt zu Beginn keine geraubte Goldmine.","Er verliert kein Sheriffamt.","Ein Kartenspiel verursacht seinen Aufbruch nicht.","Familienverlust steht vor dem Revolvermann.","Handlung","https://en.wikipedia.org/wiki/The_Outlaw_Josey_Wales|https://www.rottentomatoes.com/m/outlaw_josey_wales","redaktionell_geprueft"
"WES-L-018","K-WES-09-02","","de","Film","Western","Der Texaner","The Outlaw Josey Wales","1976","","leicht","Besetzung","Bürgerkrieg|Flucht|Gemeinschaft","Western|Bürgerkrieg|Clint Eastwood","Chief Dan George spielt Lone Watie.","„Der Texaner“ (1976): Wer spielt den Cherokee Lone Watie?","Wes Studi","Chief Dan George","Graham Greene","Will Sampson","B","Chief Dan George spielt Lone Watie (Chief Dan George).","Lone Watie (Chief Dan George) begegnet Josey Wales (Clint Eastwood) nicht nur als hilfreicher Begleiter. Seine Erfahrung mit Vertreibung und gebrochenen Versprechen erweitert die Perspektive auf die Grenzgesellschaft. Humor kann dabei eine Form des Widerstands gegen Demütigung sein. Die Beziehung der beiden entsteht aus geteilten Verletzungen, obwohl Herkunft und Lebensweg keineswegs gleich sind.","Wes Studi verkörpert Lone Watie (Chief Dan George) nicht.","Chief Dan George spielt Lone Watie (Chief Dan George).","Graham Greene gehört nicht zur Besetzung dieser Rolle.","Will Sampson spielt Ten Bears (Will Sampson).","Lone Watie (Chief Dan George): Chief Dan George.","Handlung","https://en.wikipedia.org/wiki/The_Outlaw_Josey_Wales|https://www.rottentomatoes.com/m/outlaw_josey_wales","redaktionell_geprueft"
"WES-M-017","K-WES-09-03","","de","Film","Western","Der Texaner","The Outlaw Josey Wales","1976","","mittel","Handlung","Bürgerkrieg|Flucht|Gemeinschaft","Western|Bürgerkrieg|Clint Eastwood","Die Kapitulation endet in einem Massaker.","„Der Texaner“ (1976): Was passiert mit den Männern, die sich nach dem Krieg ergeben?","Sie werden trotz zugesagter Schonung massakriert","Sie werden für die neue Staatspolizei angeworben","Sie erhalten sofort eigene Farmen","Sie werden gemeinsam nach Kanada gebracht","A","Die Kapitulation endet in einem Massaker.","Josey Wales (Clint Eastwood) erlebt, dass eine formale Zusage noch keinen Schutz garantiert. Das erklärt sein Misstrauen gegenüber der neuen Ordnung, ohne jede spätere Tat zu entschuldigen. Die Szene macht den Übergang vom Krieg zum Frieden brüchig: Ein Konflikt endet auf dem Papier früher als in den Handlungen und Erinnerungen der beteiligten Menschen.","Die Kapitulation endet in einem Massaker.","Eine Anstellung bei der Polizei erfolgt nicht.","Die Männer erhalten keine Farmen.","Ein geregelter Transport nach Kanada findet nicht statt.","Versprochener Frieden endet im Verrat.","Handlung","https://en.wikipedia.org/wiki/The_Outlaw_Josey_Wales|https://www.rottentomatoes.com/m/outlaw_josey_wales","redaktionell_geprueft"
"WES-M-018","K-WES-09-04","","de","Film","Western","Der Texaner","The Outlaw Josey Wales","1976","","mittel","Beziehung","Bürgerkrieg|Flucht|Gemeinschaft","Western|Bürgerkrieg|Clint Eastwood","Um Josey Wales bildet sich eine neue Wahlgemeinschaft.","„Der Texaner“ (1976): Was entsteht um Josey Wales während seiner Flucht?","Eine neue reguläre Armeeeinheit","Eine Gemeinschaft verschiedener Vertriebener","Eine staatliche Vermessungskommission","Eine Bande ausschließlich ehemaliger Offiziere","B","Um Josey Wales (Clint Eastwood) bildet sich eine neue Wahlgemeinschaft.","Josey Wales (Clint Eastwood) möchte sich vor Bindungen schützen, übernimmt jedoch immer wieder Verantwortung für andere. Lone Watie (Chief Dan George) und Laura Lee (Sondra Locke) machen sichtbar, dass gemeinsame Zukunft nicht nur aus gleicher Herkunft entstehen muss. Die Flucht erhält dadurch eine zweite Richtung: Neben dem Entkommen vor Verfolgern steht die langsame Rückkehr in ein Leben mit anderen Menschen.","Die Gruppe wird keine reguläre Armee.","Um Josey Wales (Clint Eastwood) bildet sich eine neue Wahlgemeinschaft.","Eine staatliche Kommission ist sie nicht.","Ihre Mitglieder sind nicht ausschließlich Offiziere.","Aus Fluchtgefährten wird eine Wahlfamilie.","Handlung","https://en.wikipedia.org/wiki/The_Outlaw_Josey_Wales|https://www.rottentomatoes.com/m/outlaw_josey_wales","redaktionell_geprueft"
"WES-S-017","K-WES-09-05","","de","Film","Western","Der Texaner","The Outlaw Josey Wales","1976","","schwer","Handlung","Bürgerkrieg|Flucht|Gemeinschaft","Western|Bürgerkrieg|Clint Eastwood","Josey Wales sucht Ten Bears auf und vereinbart Frieden.","„Der Texaner“ (1976): Wie verhindert Josey Wales einen Kampf mit Ten Bears?","Er handelt persönlich einen Frieden aus","Er bezahlt ihn mit gestohlenem Armeegold","Er ruft eine Kavallerieeinheit herbei","Er entführt dessen Familie","A","Josey Wales (Clint Eastwood) sucht Ten Bears (Will Sampson) auf und vereinbart Frieden.","Josey Wales (Clint Eastwood) muss hier nicht schneller schießen, sondern glaubwürdig sprechen. Ten Bears (Will Sampson) kann einschätzen, ob sein Gegenüber bereit ist, die Folgen eigener Worte zu tragen. Die Begegnung stellt gegenseitige Anerkennung als Alternative zur Drohung vor. Gerade für einen durch Rache geprägten Mann ist diese Bereitschaft zum Aushandeln ein bedeutsamer Schritt.","Josey Wales (Clint Eastwood) sucht Ten Bears (Will Sampson) auf und vereinbart Frieden.","Ein Kauf mit Armeegold ist nicht die Lösung.","Militärische Verstärkung ersetzt das Gespräch nicht.","Eine Geiselnahme stiftet diesen Frieden nicht.","Mit Ten Bears (Will Sampson) zählt das Wort.","Handlung","https://en.wikipedia.org/wiki/The_Outlaw_Josey_Wales|https://www.rottentomatoes.com/m/outlaw_josey_wales","redaktionell_geprueft"
"WES-S-018","K-WES-09-06","","de","Film","Western","Der Texaner","The Outlaw Josey Wales","1976","","schwer","Handlung","Bürgerkrieg|Flucht|Gemeinschaft","Western|Bürgerkrieg|Clint Eastwood","Fletcher lässt Josey Wales durch gespieltes Nichterkennen entkommen.","„Der Texaner“ (1976): Wie verhält sich Fletcher, als er Josey Wales am Ende wiedertrifft?","Er schießt sofort auf ihn","Er gibt vor, ihn nicht zu erkennen","Er fordert ihn zum öffentlichen Duell","Er übergibt ihn gefesselt den Rangers","B","Fletcher (John Vernon) lässt Josey Wales (Clint Eastwood) durch gespieltes Nichterkennen entkommen.","Fletcher (John Vernon) kann an der amtlichen Suche festhalten oder seinem Gegenüber einen Ausweg lassen. Sein Verhalten eröffnet einen Schluss, in dem nicht jede offene Rechnung durch einen weiteren Schuss beglichen wird. Josey Wales (Clint Eastwood) erhält die Chance, eine neue Identität praktisch zu leben. Der Frieden beginnt hier mit dem Verzicht auf eine letzte Verfolgung.","Er eröffnet kein Feuer.","Fletcher (John Vernon) lässt Josey Wales (Clint Eastwood) durch gespieltes Nichterkennen entkommen.","Ein öffentliches Duell fordert er nicht.","Er liefert den erkannten Mann nicht aus.","Fletcher (John Vernon) erkennt ihn und lässt ihn gehen.","Auflösung","https://en.wikipedia.org/wiki/The_Outlaw_Josey_Wales|https://www.rottentomatoes.com/m/outlaw_josey_wales","redaktionell_geprueft"
"WES-L-019","K-WES-10-01","","de","Film","Western","Pale Rider – Der namenlose Reiter","Pale Rider","1985","","leicht","Figur","Goldsuche|Landkonflikt|Mysteriöser Fremder","Western|Goldsuche|Clint Eastwood","Der Fremde wird als Prediger bezeichnet.","„Pale Rider – Der namenlose Reiter“ (1985): Unter welchem Namen wird der geheimnisvolle Fremde bekannt?","Der Major","Der Richter","Der Prediger","Der Doktor","C","Der Fremde wird als Prediger (Clint Eastwood) bezeichnet.","Der Prediger (Clint Eastwood) verbindet das Erscheinungsbild eines geistlichen Helfers mit der Fähigkeit zu entschlossener Gewalt. Die Figuren müssen deshalb aus seinen Taten erschließen, wer er sein könnte. Der Name erklärt ihn nicht vollständig. Gerade diese Lücke gibt seinem Auftreten eine Bedeutung, die über die gewöhnliche Ankunft eines angeheuerten Revolvermanns hinausgeht.","Als Major wird er nicht bekannt.","Ein Richteramt übernimmt er nicht.","Der Fremde wird als Prediger (Clint Eastwood) bezeichnet.","Er tritt nicht als Arzt auf.","Geistlicher Kragen, bewaffneter Helfer: der Prediger (Clint Eastwood).","Handlung","https://en.wikipedia.org/wiki/Pale_Rider|https://www.rottentomatoes.com/m/pale_rider","redaktionell_geprueft"
"WES-L-020","K-WES-10-02","","de","Film","Western","Pale Rider – Der namenlose Reiter","Pale Rider","1985","","leicht","Handlung","Goldsuche|Landkonflikt|Mysteriöser Fremder","Western|Goldsuche|Clint Eastwood","Der Prediger unterstützt die bedrohten Goldsucher.","„Pale Rider – Der namenlose Reiter“ (1985): Wem hilft der Prediger gegen Coy LaHood?","Den Direktoren einer Bank","Einem Regiment Kavalleristen","Einer Gruppe Viehdiebe","Unabhängigen Goldsuchern","D","Der Prediger (Clint Eastwood) unterstützt die bedrohten Goldsucher.","Hull (Michael Moriarty) und die anderen Goldsucher verfügen über Arbeit und Zusammenhalt, aber wenig Macht gegenüber LaHood (Richard Dysart). Der Prediger (Clint Eastwood) verändert zunächst dieses Kräfteverhältnis. Die Auseinandersetzung betrifft deshalb nicht nur persönliche Feindschaft, sondern die Möglichkeit kleiner unabhängiger Existenzen, gegenüber einem großen Unternehmen bestehen zu bleiben. Schutz bedeutet hier, weiterhin selbst über den eigenen Lebensunterhalt entscheiden zu können.","Bankdirektoren sind nicht die bedrohte Gemeinschaft.","Es geht nicht um die Rettung eines Regiments.","Eine organisierte Viehdiebbande ist nicht seine Schutzgruppe.","Der Prediger (Clint Eastwood) unterstützt die bedrohten Goldsucher.","Der Prediger (Clint Eastwood) steht bei den kleinen Goldsuchern.","Handlung","https://en.wikipedia.org/wiki/Pale_Rider|https://www.rottentomatoes.com/m/pale_rider","redaktionell_geprueft"
"WES-M-019","K-WES-10-03","","de","Film","Western","Pale Rider – Der namenlose Reiter","Pale Rider","1985","","mittel","Figur","Goldsuche|Landkonflikt|Mysteriöser Fremder","Western|Goldsuche|Clint Eastwood","Hull lädt den Prediger in sein Haus ein.","„Pale Rider – Der namenlose Reiter“ (1985): Wer nimmt den Fremden nach dessen Hilfe bei sich auf?","Ein Bankdirektor","Marshal Stockburn","Hull Barret","Coy LaHood","C","Hull (Michael Moriarty) lädt den Prediger (Clint Eastwood) in sein Haus ein.","Hull (Michael Moriarty) beantwortet konkrete Hilfe mit Gastfreundschaft. Dadurch betritt der Prediger (Clint Eastwood) nicht nur einen wirtschaftlichen Konflikt, sondern den privaten Alltag einer Familie. Diese Nähe gibt dem späteren Widerstand ein emotionales Gewicht. Für den Zuschauer werden die bedrohten Ansprüche auf Land als Leben von Menschen erfahrbar, deren Beziehungen und Hoffnungen über den Goldfund hinausreichen.","Ein Bankdirektor übernimmt diese Rolle nicht.","Stockburn (John Russell) ist später sein bewaffneter Gegner.","Hull (Michael Moriarty) lädt den Prediger (Clint Eastwood) in sein Haus ein.","LaHood (Richard Dysart) versucht, den Fremden für seine Zwecke zu beeinflussen.","Hull (Michael Moriarty) öffnet dem Helfer seine Tür.","Handlung","https://en.wikipedia.org/wiki/Pale_Rider|https://www.rottentomatoes.com/m/pale_rider","redaktionell_geprueft"
"WES-M-020","K-WES-10-04","","de","Film","Western","Pale Rider – Der namenlose Reiter","Pale Rider","1985","","mittel","Handlung","Goldsuche|Landkonflikt|Mysteriöser Fremder","Western|Goldsuche|Clint Eastwood","LaHood setzt Stockburn und dessen bewaffnete Männer ein.","„Pale Rider – Der namenlose Reiter“ (1985): Wen lässt LaHood gegen den Prediger und die Goldsucher kommen?","Eine Kompanie mexikanischer Soldaten","Einen Bundesrichter mit Geschworenen","Eine Gruppe von Eisenbahningenieuren","Marshal Stockburn und seine Hilfssheriffs","D","LaHood (Richard Dysart) setzt Stockburn (John Russell) und dessen bewaffnete Männer ein.","Stockburn (John Russell) verleiht LaHoods (Richard Dysart) Interessen den Anschein amtlicher Durchsetzung. Für Hull (Michael Moriarty) und die Gemeinschaft wird damit die Trennung zwischen wirtschaftlicher Gewalt und Gesetz noch unsicherer. Der Prediger (Clint Eastwood) trifft auf Gegner, deren Autorität nicht nur aus Waffen besteht. Der Film stellt deshalb die Frage, ob eine Amtsbezeichnung bereits etwas über die Gerechtigkeit einer Handlung aussagt.","Mexikanische Soldaten werden nicht gerufen.","Ein ordentliches Gerichtsverfahren ist nicht der gewählte Weg.","Ingenieure sind nicht die bewaffnete Verstärkung.","LaHood (Richard Dysart) setzt Stockburn (John Russell) und dessen bewaffnete Männer ein.","LaHoods (Richard Dysart) Druck bekommt mit Stockburn (John Russell) einen Amtsstern.","Handlung","https://en.wikipedia.org/wiki/Pale_Rider|https://www.rottentomatoes.com/m/pale_rider","redaktionell_geprueft"
"WES-S-019","K-WES-10-05","","de","Film","Western","Pale Rider – Der namenlose Reiter","Pale Rider","1985","","schwer","Objekt","Goldsuche|Landkonflikt|Mysteriöser Fremder","Western|Goldsuche|Clint Eastwood","Hull sieht alte Schussnarben am Rücken des Predigers.","„Pale Rider – Der namenlose Reiter“ (1985): Was bemerkt Hull am Rücken des Fremden?","Ein eingebranntes Armeewappen","Eine große Tätowierung einer Schlange","Mehrere alte Schussnarben","Einen frischen Peitschenhieb","C","Hull (Michael Moriarty) sieht alte Schussnarben am Rücken des Predigers (Clint Eastwood).","Die Narben machen den Körper des Predigers (Clint Eastwood) zu einem Hinweis auf eine nicht erzählte Vorgeschichte. Hull (Michael Moriarty) und die Zuschauer bekommen eine Spur, aber keine vollständige Erklärung. Daraus entsteht Spannung zwischen sichtbarer Verletzung und erstaunlicher Widerstandskraft. Der Film lädt zu einer unheimlichen Lesart ein, ohne jede Frage durch einen eindeutigen Bericht aus der Vergangenheit zu schließen.","Ein Armeewappen ist nicht der entscheidende Hinweis.","Eine Schlangentätowierung wird nicht entdeckt.","Hull (Michael Moriarty) sieht alte Schussnarben am Rücken des Predigers (Clint Eastwood).","Es handelt sich um Schussspuren, nicht um einen einzelnen Peitschenhieb.","Die Narben erzählen nur einen Teil der Geschichte.","Handlung","https://en.wikipedia.org/wiki/Pale_Rider|https://www.rottentomatoes.com/m/pale_rider","redaktionell_geprueft"
"WES-S-020","K-WES-10-06","","de","Film","Western","Pale Rider – Der namenlose Reiter","Pale Rider","1985","","schwer","Handlung","Goldsuche|Landkonflikt|Mysteriöser Fremder","Western|Goldsuche|Clint Eastwood","Hull verhindert LaHoods Schuss auf den Prediger.","„Pale Rider – Der namenlose Reiter“ (1985): Wer erschießt LaHood, als dieser auf den Prediger zielt?","Sarah","Stockburn","Megan","Hull","D","Hull (Michael Moriarty) verhindert LaHoods (Richard Dysart) Schuss auf den Prediger (Clint Eastwood).","Hull (Michael Moriarty) bleibt im entscheidenden Moment nicht allein der dankbare Empfänger fremder Hilfe. Sein Eingreifen zeigt, dass die Gemeinschaft selbst handlungsfähig geworden ist. Der Prediger (Clint Eastwood) hat Widerstand ermöglicht, doch er muss die Zukunft des Ortes nicht dauerhaft allein tragen. So verbindet das Ende die Rettung durch einen Fremden mit einem eigenen Schritt aus der Ohnmacht.","Sarah (Carrie Snodgress) gibt diesen Schuss nicht ab.","Stockburn (John Russell) rettet den Prediger (Clint Eastwood) nicht vor LaHood (Richard Dysart).","Megan (Sydney Penny) ist nicht die Schützin.","Hull (Michael Moriarty) verhindert LaHoods (Richard Dysart) Schuss auf den Prediger (Clint Eastwood).","Hull (Michael Moriarty) schützt am Ende seinen Beschützer.","Auflösung","https://en.wikipedia.org/wiki/Pale_Rider|https://www.rottentomatoes.com/m/pale_rider","redaktionell_geprueft"
"WES-L-021","K-WES-11-01","","de","Film","Western","Der mit dem Wolf tanzt","Dances with Wolves","1990","","leicht","Besetzung","Begegnung|Identität|Bürgerkrieg","Western|Begegnung|Kevin Costner","Kevin Costner spielt Dunbar.","„Der mit dem Wolf tanzt“ (1990): Wer spielt Lieutenant John Dunbar?","Kevin Costner","Dennis Quaid","Robert Redford","Jeff Bridges","A","Kevin Costner spielt Dunbar (Kevin Costner).","Dunbar (Kevin Costner) ist der Ausgangspunkt für den Blick des Films auf eine ihm zunächst fremde Gemeinschaft. Kevin Costners zurückhaltendes Spiel macht Neugier und Unsicherheit sichtbar. Seine Stellung als Soldat gibt ihm dabei noch kein Verständnis seiner Umgebung. Erst Begegnungen und praktische Erfahrungen verändern, welche Menschen er als vertraut und welche Ordnung er als die eigene wahrnimmt.","Kevin Costner spielt Dunbar (Kevin Costner).","Dennis Quaid ist nicht Dunbars (Kevin Costner) Darsteller.","Robert Redford spielt unter anderem Jeremiah Johnson.","Jeff Bridges spielt Cogburn in „True Grit“ von 2010.","Dunbar (Kevin Costner): Kevin Costner vor und hinter der Kamera.","Handlung","https://en.wikipedia.org/wiki/Dances_with_Wolves|https://www.20thcenturystudios.com/movies/dances-with-wolves","redaktionell_geprueft"
"WES-L-022","K-WES-11-02","","de","Film","Western","Der mit dem Wolf tanzt","Dances with Wolves","1990","","leicht","Figur","Begegnung|Identität|Bürgerkrieg","Western|Begegnung|Kevin Costner","Dunbars Wolf heißt Two Socks.","„Der mit dem Wolf tanzt“ (1990): Welchen Namen gibt John Dunbar (Kevin Costner) dem Wolf am Außenposten?","Cisco","Two Socks","Dollar","Shadow","B","John Dunbar nennt den Wolf mit den weißen Pfoten Two Socks.","John Dunbar (Kevin Costner) findet Fort Sedgwick verlassen vor und bleibt dort allein. Ein Wolf mit weißen Pfoten besucht den Außenposten; Dunbar nennt ihn Two Socks. Als das Tier ihm später folgt, versucht er, es zurückzuschicken. Sioux beobachten dabei, wie beide im Kreis laufen. Diese Begegnung führt zu Dunbars neuem Namen „Der mit dem Wolf tanzt“: Er entsteht aus einer beobachteten Szene, nicht aus einem selbst gewählten Titel.","Cisco ist Dunbars Pferd; sein Wolf heißt Two Socks.","Two Socks ist der Name des Wolfs mit den weißen Pfoten.","Dunbar nennt diesen Wolf Two Socks, nicht Dollar.","Der Wolf am Außenposten heißt Two Socks, nicht Shadow.","Two Socks: weiße Pfoten, Dunbars Wolf.","Handlung","https://catalog.afi.com/Catalog/moviedetails/58466","redaktionell_geprueft"
"WES-M-021","K-WES-11-03","","de","Film","Western","Der mit dem Wolf tanzt","Dances with Wolves","1990","","mittel","Beziehung","Begegnung|Identität|Bürgerkrieg","Western|Begegnung|Kevin Costner","Steht mit einer Faust kann zwischen Englisch und Lakota vermitteln.","„Der mit dem Wolf tanzt“ (1990): Wer vermittelt sprachlich zwischen Dunbar und den Lakota?","Steht mit einer Faust","Der Kommandant des Forts","Der Händler des Armeepostens","Ein angereister Missionar","A","Steht mit einer Faust (Mary McDonnell) kann zwischen Englisch und Lakota vermitteln.","Steht mit einer Faust (Mary McDonnell) verbindet zwei Sprachwelten, ohne sich einfach auf eine Herkunft reduzieren zu lassen. Für Dunbar (Kevin Costner) ermöglicht ihre Vermittlung mehr als den Austausch einzelner Wörter. Missverständnisse können besprochen und Absichten genauer erklärt werden. Die Beziehung wächst deshalb auch daraus, dass Sprache Nähe erlaubt, aber Erinnerungen und Zugehörigkeit nicht automatisch eindeutig macht.","Steht mit einer Faust (Mary McDonnell) kann zwischen Englisch und Lakota vermitteln.","Der Fortkommandant übernimmt die Vermittlung nicht.","Der Händler vermittelt diese Gespräche nicht.","Ein Missionar ist nicht der entscheidende Übersetzer.","Steht mit einer Faust (Mary McDonnell) schafft sprachliche Nähe.","Handlung","https://en.wikipedia.org/wiki/Dances_with_Wolves|https://www.20thcenturystudios.com/movies/dances-with-wolves","redaktionell_geprueft"
"WES-M-022","K-WES-11-04","","de","Film","Western","Der mit dem Wolf tanzt","Dances with Wolves","1990","","mittel","Ort","Begegnung|Identität|Bürgerkrieg","Western|Begegnung|Kevin Costner","Dunbar wird nach Fort Sedgwick versetzt.","„Der mit dem Wolf tanzt“ (1990): Welchen verlassenen Außenposten bezieht Dunbar?","Fort Laramie","Fort Sedgwick","Fort Sumter","Fort Apache","B","Dunbar (Kevin Costner) wird nach Fort Sedgwick versetzt.","Fort Sedgwick bietet Dunbar (Kevin Costner) zunächst keine funktionierende Gemeinschaft von Kameraden. Die Leere öffnet einen Raum, in dem er seine Umgebung selbst wahrnehmen muss. Ohne den ständigen Rückhalt militärischer Routine kann sich seine Perspektive verändern. Das Fort bleibt dabei ein widersprüchlicher Ort: Es soll Kontrolle verkörpern und macht zugleich seine persönliche Isolation sichtbar.","Fort Laramie ist nicht der gesuchte Ort.","Dunbar (Kevin Costner) wird nach Fort Sedgwick versetzt.","Fort Sumter liegt nicht an diesem Handlungsort.","Fort Apache ist nicht sein Außenposten.","Dunbars (Kevin Costner) einsamer Posten heißt Fort Sedgwick.","Handlung","https://en.wikipedia.org/wiki/Dances_with_Wolves|https://www.20thcenturystudios.com/movies/dances-with-wolves","redaktionell_geprueft"
"WES-S-021","K-WES-11-05","","de","Film","Western","Der mit dem Wolf tanzt","Dances with Wolves","1990","","schwer","Motivation","Begegnung|Identität|Bürgerkrieg","Western|Begegnung|Kevin Costner","Dunbar will sein Tagebuch zurückholen, das Hinweise auf die Gemeinschaft enthält.","„Der mit dem Wolf tanzt“ (1990): Warum kehrt Dunbar vor dem Aufbruch ins Winterlager noch einmal zum Fort zurück?","Er will sein Tagebuch holen","Er will eine Beförderung abholen","Er will eine Kanone verstecken","Er will seine Hochzeit anmelden","A","Dunbar (Kevin Costner) will sein Tagebuch zurückholen, das Hinweise auf die Gemeinschaft enthält.","Dunbars (Kevin Costner) Aufzeichnungen waren zunächst ein Mittel, seine neue Umgebung zu verstehen. Nun können dieselben Worte in anderen Händen gefährlich werden. Die Rückkehr zeigt, dass Beobachtung und Dokumentation nicht neutral bleiben müssen. Seine Verantwortung reicht deshalb über unmittelbare Handlungen hinaus und betrifft auch das Wissen, das er über andere Menschen hinterlassen hat.","Dunbar (Kevin Costner) will sein Tagebuch zurückholen, das Hinweise auf die Gemeinschaft enthält.","Eine Beförderung ist nicht sein Beweggrund.","Eine Kanone möchte er nicht sichern.","Ein amtlicher Hochzeitseintrag ist nicht das Ziel.","Das Tagebuch kann aus Erinnerung eine Spur machen.","Auflösung","https://en.wikipedia.org/wiki/Dances_with_Wolves|https://www.20thcenturystudios.com/movies/dances-with-wolves","redaktionell_geprueft"
"WES-S-022","K-WES-11-06","","de","Film","Western","Der mit dem Wolf tanzt","Dances with Wolves","1990","","schwer","Handlung","Begegnung|Identität|Bürgerkrieg","Western|Begegnung|Kevin Costner","Dunbar zieht weiter, um die Gemeinschaft nicht durch seine Verfolgung zu gefährden.","„Der mit dem Wolf tanzt“ (1990): Was verhindert Dunbar mit seinem Abschied von der Gemeinschaft?","Dass er zum Häuptling gewählt wird","Dass die Jagd auf ihn die anderen zusätzlich gefährdet","Dass die Bisonjagd endgültig endet","Dass das Fort an Händler verkauft wird","B","Dunbar (Kevin Costner) zieht weiter, um die Gemeinschaft nicht durch seine Verfolgung zu gefährden.","Dunbar (Kevin Costner) und Steht mit einer Faust (Mary McDonnell) müssen Nähe und Schutz gegeneinander abwägen. Ihr Weggehen bedeutet nicht, dass die entstandenen Beziehungen wertlos wären. Im Gegenteil macht die Trennung sichtbar, wie ernst Dunbar seine Verantwortung nimmt. Persönliche Zugehörigkeit löst den größeren politischen Druck nicht auf; eine richtige Entscheidung kann deshalb trotzdem schmerzhaft sein.","Eine bevorstehende Häuptlingswahl ist nicht der Anlass.","Dunbar (Kevin Costner) zieht weiter, um die Gemeinschaft nicht durch seine Verfolgung zu gefährden.","Die Jagd auf Bisons wird dadurch nicht grundsätzlich beendet.","Der Verkauf eines Forts steht nicht zur Entscheidung.","Dunbar (Kevin Costner) geht, weil ihm die anderen wichtig geworden sind.","Auflösung","https://en.wikipedia.org/wiki/Dances_with_Wolves|https://www.20thcenturystudios.com/movies/dances-with-wolves","redaktionell_geprueft"
"WES-L-023","K-WES-12-01","","de","Film","Western","The Wild Bunch – Sie kannten kein Gesetz","The Wild Bunch","1969","","leicht","Figur","Spätwestern|Loyalität|Revolution","Western|Spätwestern","Pike ist der Anführer der Bande.","„The Wild Bunch – Sie kannten kein Gesetz“ (1969): Wer führt die titelgebende Bande an?","Freddie Sykes","General Mapache","Pike Bishop","Deke Thornton","C","Pike (William Holden) ist der Anführer der Bande.","Pike (William Holden) muss Entscheidungen für Männer treffen, deren Erfahrung ihnen keine sichere Zukunft mehr verschafft. Seine Autorität hängt von Loyalität und dem Versprechen gemeinsamer Beute ab. Der Film zeigt Führung dadurch als belastete Beziehung: Ein Anführer trägt nicht nur den Hut im Vordergrund, sondern muss auch Verluste und frühere Fehlentscheidungen gegenüber anderen vertreten.","Sykes (Edmond O'Brien) unterstützt die Gruppe, ist aber nicht ihr Anführer.","Mapache (Emilio Fernández) ist ihr späterer Auftraggeber in Mexiko.","Pike (William Holden) ist der Anführer der Bande.","Thornton (Robert Ryan) verfolgt die Bande.","Pike (William Holden) trägt die Verantwortung für die Bande.","Handlung","https://en.wikipedia.org/wiki/The_Wild_Bunch|https://www.rottentomatoes.com/m/1059489-wild_bunch","redaktionell_geprueft"
"WES-L-024","K-WES-12-02","","de","Film","Western","The Wild Bunch – Sie kannten kein Gesetz","The Wild Bunch","1969","","leicht","Besetzung","Spätwestern|Loyalität|Revolution","Western|Spätwestern","Ernest Borgnine spielt Dutch.","„The Wild Bunch – Sie kannten kein Gesetz“ (1969): Wer spielt Pikes engen Gefährten Dutch Engstrom?","Ben Johnson","Robert Ryan","William Holden","Ernest Borgnine","D","Ernest Borgnine spielt Dutch (Ernest Borgnine).","Dutch (Ernest Borgnine) steht Pike (William Holden) besonders nahe und reagiert empfindlich auf Verrat und mangelnde Loyalität. Ernest Borgnines körperliche Präsenz macht die Kameradschaft ebenso greifbar wie die Härte der Männer. Die Figur erinnert daran, dass eine gewalttätige Gruppe echte Bindungen besitzen kann. Diese Bindungen machen ihre Taten verständlicher, aber nicht automatisch moralisch unbedenklich.","Ben Johnson spielt Tector Gorch.","Robert Ryan spielt Thornton (Robert Ryan).","William Holden spielt Pike (William Holden).","Ernest Borgnine spielt Dutch (Ernest Borgnine).","Dutch (Ernest Borgnine): Ernest Borgnine an Pikes (William Holden) Seite.","Handlung","https://en.wikipedia.org/wiki/The_Wild_Bunch|https://www.rottentomatoes.com/m/1059489-wild_bunch","redaktionell_geprueft"
"WES-M-023","K-WES-12-03","","de","Film","Western","The Wild Bunch – Sie kannten kein Gesetz","The Wild Bunch","1969","","mittel","Handlung","Spätwestern|Loyalität|Revolution","Western|Spätwestern","Statt Silber findet die Bande Metallunterlegscheiben.","„The Wild Bunch – Sie kannten kein Gesetz“ (1969): Was enthält die Beute des fehlgeschlagenen Überfalls zu Beginn?","Leere Patronenhülsen","Gestohlene Kirchenurkunden","Wertlose Metallunterlegscheiben","Gefälschte mexikanische Banknoten","C","Statt Silber findet die Bande Metallunterlegscheiben.","Pike (William Holden) und Dutch (Ernest Borgnine) haben für einen scheinbar lohnenden Zugriff hohe Verluste in Kauf genommen. Die wertlose Beute entzieht dem Unternehmen nachträglich auch seine praktische Rechtfertigung. Der Moment verbindet bitteren Humor mit Ernüchterung: Erfahrung schützt die Männer nicht davor, manipuliert zu werden. Ihr weiteres Handeln beginnt damit aus einer bereits beschädigten Position heraus.","Die Beute besteht nicht aus leeren Patronenhülsen.","Urkunden ersetzen das erwartete Silber nicht.","Statt Silber findet die Bande Metallunterlegscheiben.","Es sind keine Banknoten.","Viel Blut, nur Metallringe als Beute.","Handlung","https://en.wikipedia.org/wiki/The_Wild_Bunch|https://www.rottentomatoes.com/m/1059489-wild_bunch","redaktionell_geprueft"
"WES-M-024","K-WES-12-04","","de","Film","Western","The Wild Bunch – Sie kannten kein Gesetz","The Wild Bunch","1969","","mittel","Beziehung","Spätwestern|Loyalität|Revolution","Western|Spätwestern","Thornton war früher Pikes Partner.","„The Wild Bunch – Sie kannten kein Gesetz“ (1969): Welche Vergangenheit verbindet Thornton mit Pike?","Sie sind Vater und Sohn","Sie haben gemeinsam eine Zeitung gegründet","Sie dienten als Richter und Staatsanwalt","Sie waren früher Partner","D","Thornton (Robert Ryan) war früher Pikes (William Holden) Partner.","Thornton (Robert Ryan) verfolgt einen Mann, dessen Denkweise und Vergangenheit er kennt. Die Jagd ist deshalb kein unpersönlicher Einsatz eines Gesetzeshüters gegen einen Fremden. Pike (William Holden) muss sich zugleich mit einer früheren Bindung auseinandersetzen. Der Konflikt macht deutlich, wie alte Entscheidungen fortwirken und Menschen auf entgegengesetzte Seiten bringen können, ohne jede Erinnerung an Nähe auszulöschen.","Eine Vater-Sohn-Beziehung besteht nicht.","Sie sind keine früheren Zeitungsverleger.","Gemeinsame Justizämter verbinden sie nicht.","Thornton (Robert Ryan) war früher Pikes (William Holden) Partner.","Der Verfolger war einmal Partner.","Handlung","https://en.wikipedia.org/wiki/The_Wild_Bunch|https://www.rottentomatoes.com/m/1059489-wild_bunch","redaktionell_geprueft"
"WES-S-023","K-WES-12-05","","de","Film","Western","The Wild Bunch – Sie kannten kein Gesetz","The Wild Bunch","1969","","schwer","Motivation","Spätwestern|Loyalität|Revolution","Western|Spätwestern","Angel will seinem Dorf Waffen zur Verteidigung zukommen lassen.","„The Wild Bunch – Sie kannten kein Gesetz“ (1969): Warum lässt Angel eine Kiste erbeuteter Gewehre abzweigen?","Für einen eigenen Überfall auf die nächste Bank","Als Mitgift für seine Hochzeit","Zum Schutz seines Heimatdorfes","Zum Verkauf an die Eisenbahn","C","Angel (Jaime Sánchez) will seinem Dorf Waffen zur Verteidigung zukommen lassen.","Angel (Jaime Sánchez) betrachtet die Waffen nicht allein als Ware. Seine Verbindung zum Dorf gibt dem Raub eine andere Bedeutung als die Aussicht auf Gold. Für Pike (William Holden) entsteht daraus ein Konflikt zwischen Geschäftsabwicklung und persönlicher Loyalität. Der Film zeigt damit, dass dieselbe Beute für verschiedene Beteiligte sehr unterschiedliche Verpflichtungen und Risiken erzeugen kann.","Ein persönlicher Bankraub ist nicht der Zweck der abgezweigten Gewehre.","Eine Hochzeit ist nicht der Zweck.","Angel (Jaime Sánchez) will seinem Dorf Waffen zur Verteidigung zukommen lassen.","Die Eisenbahn soll die Waffen nicht erwerben.","Angels (Jaime Sánchez) Anteil wird zur Verteidigung seines Dorfes.","Handlung","https://en.wikipedia.org/wiki/The_Wild_Bunch|https://www.rottentomatoes.com/m/1059489-wild_bunch","redaktionell_geprueft"
"WES-S-024","K-WES-12-06","","de","Film","Western","The Wild Bunch – Sie kannten kein Gesetz","The Wild Bunch","1969","","schwer","Motivation","Spätwestern|Loyalität|Revolution","Western|Spätwestern","Pike und seine Gefährten wollen Angel aus Mapaches Gewalt holen.","„The Wild Bunch – Sie kannten kein Gesetz“ (1969): Weshalb kehren Pike und seine verbliebenen Gefährten zu Mapache zurück?","Sie wollen einen neuen Bankraub planen","Sie wollen zusätzliche Pferde kaufen","Sie wollen um Aufnahme in die Armee bitten","Sie wollen Angel herausholen","D","Pike (William Holden) und seine Gefährten wollen Angel (Jaime Sánchez) aus Mapaches (Emilio Fernández) Gewalt holen.","Die Rückkehr lässt Pike (William Holden) und Dutch (Ernest Borgnine) eine Grenze ihrer eigenen Anpassung ziehen. Sie haben Geschäfte mit einem brutalen Machtinhaber gemacht und können die Folgen nicht länger von ihrer Kameradschaft trennen. Ihr Entschluss hebt frühere Schuld nicht auf. Er zeigt vielmehr, dass Loyalität erst unter Bedingungen Gewicht bekommt, unter denen sie einen hohen Preis verlangt.","Ein neues Raubgeschäft ist nicht der Anlass.","Ein Pferdekauf erklärt den bewaffneten Gang nicht.","Sie wollen sich Mapache (Emilio Fernández) nicht unterstellen.","Pike (William Holden) und seine Gefährten wollen Angel (Jaime Sánchez) aus Mapaches (Emilio Fernández) Gewalt holen.","Die Bande kehrt für Angel (Jaime Sánchez) zurück.","Auflösung","https://en.wikipedia.org/wiki/The_Wild_Bunch|https://www.rottentomatoes.com/m/1059489-wild_bunch","redaktionell_geprueft"
"WES-L-025","K-WES-13-01","","de","Film","Western","Butch Cassidy und Sundance Kid","Butch Cassidy and the Sundance Kid","1969","","leicht","Besetzung","Freundschaft|Flucht|Legenden","Western|Freundschaft|Robert Redford","Paul Newman spielt Butch.","„Butch Cassidy und Sundance Kid“ (1969): Wer spielt Butch Cassidy an der Seite von Robert Redford?","Paul Newman","James Garner","Warren Beatty","Steve McQueen","A","Paul Newman spielt Butch (Paul Newman).","Butch (Paul Newman) bringt redseligen Einfallsreichtum in die Partnerschaft mit Sundance (Robert Redford). Paul Newman lässt den Anführer charmant wirken, ohne jede Unsicherheit zu verbergen. Die Beziehung funktioniert auch durch den Unterschied ihrer Reaktionen: Wo der eine neue Möglichkeiten ausmalt, prüft der andere häufig die Gefahr. Daraus entstehen sowohl komische Reibung als auch gegenseitige Ergänzung.","Paul Newman spielt Butch (Paul Newman).","James Garner ist nicht Redfords Partner in dieser Rolle.","Warren Beatty gehört nicht zum titelgebenden Duo.","Steve McQueen spielt Butch (Paul Newman) in diesem Film nicht.","Butch (Paul Newman) ist Newman, Sundance (Robert Redford) ist Redford.","Handlung","https://en.wikipedia.org/wiki/Butch_Cassidy_and_the_Sundance_Kid|https://www.20thcenturystudios.com/movies/butch-cassidy-and-the-sundance-kid","redaktionell_geprueft"
"WES-L-026","K-WES-13-02","","de","Film","Western","Butch Cassidy und Sundance Kid","Butch Cassidy and the Sundance Kid","1969","","leicht","Ort","Freundschaft|Flucht|Legenden","Western|Freundschaft|Robert Redford","Die drei gehen nach Bolivien.","„Butch Cassidy und Sundance Kid“ (1969): In welches Land fliehen Butch, Sundance und Etta?","Mexiko","Bolivien","Australien","Kanada","B","Die drei gehen nach Bolivien.","Butch (Paul Newman) verbindet mit Bolivien die Hoffnung, der vertrauten Verfolgung entkommen zu können. Sundance (Robert Redford) und Etta (Katharine Ross) müssen sich dort jedoch mit einem Alltag auseinandersetzen, der neue Schwierigkeiten bereithält. Der Ortswechsel fragt deshalb, ob ein anderes Land auch ein anderes Leben ermöglicht. Gewohnheiten reisen mit, selbst wenn Namen und Sprache der Umgebung wechseln.","Sie fliehen in diesem Film nach Bolivien, nicht Mexiko.","Die drei gehen nach Bolivien.","Australien wird nicht zum Schauplatz ihres gemeinsamen Neuanfangs.","Kanada ist nicht ihr Ziel.","Der große Fluchtplan führt nach Bolivien.","Handlung","https://en.wikipedia.org/wiki/Butch_Cassidy_and_the_Sundance_Kid|https://www.20thcenturystudios.com/movies/butch-cassidy-and-the-sundance-kid","redaktionell_geprueft"
"WES-M-025","K-WES-13-03","","de","Film","Western","Butch Cassidy und Sundance Kid","Butch Cassidy and the Sundance Kid","1969","","mittel","Handlung","Freundschaft|Flucht|Legenden","Western|Freundschaft|Robert Redford","Die Bande überfällt einen Zug der Union Pacific auf Hin- und Rückfahrt.","„Butch Cassidy und Sundance Kid“ (1969): Welches Verkehrsmittel überfällt die Bande zweimal auf derselben Route?","Einen Zug der Union Pacific","Ein Postschiff auf dem Mississippi","Eine mexikanische Militärkolonne","Eine Fähre über den Rio Grande","A","Die Bande überfällt einen Zug der Union Pacific auf Hin- und Rückfahrt.","Butch (Paul Newman) vertraut auf den Überraschungseffekt einer Wiederholung, mit der angeblich niemand rechnen würde. Der Plan zeigt seine Lust an unkonventionellen Einfällen. Gleichzeitig kann die Eisenbahngesellschaft ganz andere Mittel zur Verfolgung aufbieten als ein einzelner örtlicher Sheriff. Der scheinbar geschickte Coup bringt die Männer deshalb mit einer mächtigen Organisation in direkten Konflikt.","Die Bande überfällt einen Zug der Union Pacific auf Hin- und Rückfahrt.","Ein Schiff wird nicht zweimal auf dieser Route beraubt.","Eine Militärkolonne ist nicht das Ziel des Plans.","Es handelt sich um einen Zug, nicht um eine Fähre.","Der zweite Zugüberfall soll besonders unerwartet kommen.","Handlung","https://en.wikipedia.org/wiki/Butch_Cassidy_and_the_Sundance_Kid|https://www.20thcenturystudios.com/movies/butch-cassidy-and-the-sundance-kid","redaktionell_geprueft"
"WES-M-026","K-WES-13-04","","de","Film","Western","Butch Cassidy und Sundance Kid","Butch Cassidy and the Sundance Kid","1969","","mittel","Beziehung","Freundschaft|Flucht|Legenden","Western|Freundschaft|Robert Redford","Etta hilft Butch und Sundance mit dem Spanischen.","„Butch Cassidy und Sundance Kid“ (1969): Welche praktische Hilfe gibt Etta den Männern in Bolivien?","Sie beschafft ihnen Offizierspatente","Sie bringt ihnen spanische Sätze für Überfälle bei","Sie bildet sie zu Ärzten aus","Sie lehrt sie das Fliegen","B","Etta (Katharine Ross) hilft Butch (Paul Newman) und Sundance (Robert Redford) mit dem Spanischen.","Etta (Katharine Ross) übernimmt bei ihrem gemeinsamen Neuanfang eine praktische Vermittlungsrolle. Butch (Paul Newman) und Sundance (Robert Redford) können zwar mit Waffen umgehen, aber nicht automatisch in jeder Umgebung handeln. Die Sprachübungen machen diese Grenze komisch sichtbar. Zugleich erinnern sie daran, dass die Freiheit der beiden Männer auch auf Unterstützung beruht, die ihre eigene Heldengeschichte leicht in den Hintergrund rücken könnte.","Offizierspatente sind nicht ihre Hilfe.","Etta (Katharine Ross) hilft Butch (Paul Newman) und Sundance (Robert Redford) mit dem Spanischen.","Eine medizinische Ausbildung vermittelt sie nicht.","Flugunterricht gehört nicht zur Handlung.","Auch ein Bankraub braucht die passenden Worte.","Handlung","https://en.wikipedia.org/wiki/Butch_Cassidy_and_the_Sundance_Kid|https://www.20thcenturystudios.com/movies/butch-cassidy-and-the-sundance-kid","redaktionell_geprueft"
"WES-S-025","K-WES-13-05","","de","Film","Western","Butch Cassidy und Sundance Kid","Butch Cassidy and the Sundance Kid","1969","","schwer","Figur","Freundschaft|Flucht|Legenden","Western|Freundschaft|Robert Redford","Sundance gesteht, nicht schwimmen zu können.","„Butch Cassidy und Sundance Kid“ (1969): Was gesteht Sundance vor dem Sprung in den Fluss?","Er kann nicht schwimmen","Er ist höhenblind","Er hat noch nie geschossen","Er kann nicht reiten","A","Sundance (Robert Redford) gesteht, nicht schwimmen zu können.","Sundance (Robert Redford) erscheint gewöhnlich als der Mann mit der sicheren technischen Fähigkeit am Revolver. Vor dem Sprung hilft ihm diese Stärke wenig. Butch (Paul Newman) reagiert mit Humor auf eine Situation, in der es ohnehin keine gute Wahl gibt. Die Szene zeigt, wie die beiden Angst gemeinsam aushalten, statt sie durch ein makelloses Heldenbild zu verdecken.","Sundance (Robert Redford) gesteht, nicht schwimmen zu können.","Eine behauptete Höhenblindheit ist nicht sein Geständnis.","Seine Schießkunst steht nicht erst seit diesem Moment fest.","Reiten kann Sundance (Robert Redford).","Der sichere Schütze kann nicht schwimmen.","Handlung","https://en.wikipedia.org/wiki/Butch_Cassidy_and_the_Sundance_Kid|https://www.20thcenturystudios.com/movies/butch-cassidy-and-the-sundance-kid","redaktionell_geprueft"
"WES-S-026","K-WES-13-06","","de","Film","Western","Butch Cassidy und Sundance Kid","Butch Cassidy and the Sundance Kid","1969","","schwer","Filmgestaltung","Freundschaft|Flucht|Legenden","Western|Freundschaft|Robert Redford","Das letzte Bild friert Butch und Sundance beim Ausbruch ein.","„Butch Cassidy und Sundance Kid“ (1969): Mit welchem Bild endet der letzte Ausbruch der beiden Männer?","Mit einer langen Einstellung ihrer Beerdigung","Mit einem Standbild unter weiterem Schusslärm","Mit einer Rückkehr zur Farm in Wyoming","Mit einem Zeitungsporträt ihrer Freilassung","B","Das letzte Bild friert Butch (Paul Newman) und Sundance (Robert Redford) beim Ausbruch ein.","Butch (Paul Newman) und Sundance (Robert Redford) bleiben im Bild als handelndes Paar erhalten, während der Ton die tödliche Lage fortsetzt. Diese Trennung zwischen Bild und Geräusch ist entscheidend für die Wirkung. Der Film kann den Verlust spürbar machen und zugleich das vertraute Bild ihrer Partnerschaft festhalten, anstatt den Zuschauern einen ausführlichen Anblick ihrer Körper zu zeigen.","Eine Beerdigung wird nicht als letzte Einstellung gezeigt.","Das letzte Bild friert Butch (Paul Newman) und Sundance (Robert Redford) beim Ausbruch ein.","Eine Heimkehr folgt nicht.","Eine Freilassung beendet die Geschichte nicht.","Das Bild hält die Partner fest, die Schüsse gehen weiter.","Auflösung","https://en.wikipedia.org/wiki/Butch_Cassidy_and_the_Sundance_Kid|https://www.20thcenturystudios.com/movies/butch-cassidy-and-the-sundance-kid","redaktionell_geprueft"
"WES-L-027","K-WES-14-01","","de","Film","Western","Tombstone","Tombstone","1993","","leicht","Besetzung","Gesetz|Freundschaft|Rache","Western|Gesetz","Val Kilmer spielt Doc Holliday.","„Tombstone“ (1993): Wer spielt Doc Holliday?","Sam Elliott","Kurt Russell","Val Kilmer","Bill Paxton","C","Val Kilmer spielt Doc Holliday (Val Kilmer).","Doc Holliday (Val Kilmer) verbindet sichtbare körperliche Schwäche mit sprachlicher und bewaffneter Gefährlichkeit. Val Kilmers Darstellung macht diesen Gegensatz zum Kern seiner Präsenz. Seine Ironie schützt ihn nicht vor Krankheit, gibt ihm aber Kontrolle über viele Begegnungen. In der Freundschaft mit Wyatt (Kurt Russell) erhält der scharfe Witz zudem eine persönliche, weniger distanzierte Bedeutung.","Sam Elliott spielt Virgil (Sam Elliott).","Kurt Russell spielt Wyatt (Kurt Russell).","Val Kilmer spielt Doc Holliday (Val Kilmer).","Bill Paxton spielt Morgan (Bill Paxton).","Doc Holliday (Val Kilmer): Val Kilmer zwischen Schwäche und Präzision.","Handlung","https://en.wikipedia.org/wiki/Tombstone_(film)|https://www.rottentomatoes.com/m/tombstone","redaktionell_geprueft"
"WES-L-028","K-WES-14-02","","de","Film","Western","Tombstone","Tombstone","1993","","leicht","Motivation","Gesetz|Freundschaft|Rache","Western|Gesetz","Wyatt möchte zunächst als Geschäftsmann zu Wohlstand kommen.","„Tombstone“ (1993): Was erhofft sich Wyatt Earp zunächst vom Leben in Tombstone?","Ein Leben als wandernder Prediger","Die Führung der Cowboys","Den Oberbefehl über eine Armee","Wohlstand durch zivile Geschäfte","D","Wyatt (Kurt Russell) möchte zunächst als Geschäftsmann zu Wohlstand kommen.","Wyatt (Kurt Russell) kommt nicht nach Tombstone, um sofort wieder jede Aufgabe eines Ordnungshüters zu übernehmen. Sein Wunsch nach einem wirtschaftlichen Neuanfang ist verständlich, wird aber durch seinen Ruf und die Gewalt im Ort erschwert. Die Handlung gewinnt daraus Spannung: Können Menschen eine frühere Rolle ablegen, wenn ihre Umgebung weiterhin genau diese Fähigkeiten von ihnen erwartet?","Eine Predigerlaufbahn plant er nicht.","Er will die Cowboys nicht anführen.","Ein Armeekommando ist nicht sein Ziel.","Wyatt (Kurt Russell) möchte zunächst als Geschäftsmann zu Wohlstand kommen.","Wyatt (Kurt Russell) will Geschäfte machen, sein Ruf reist mit.","Handlung","https://en.wikipedia.org/wiki/Tombstone_(film)|https://www.rottentomatoes.com/m/tombstone","redaktionell_geprueft"
"WES-M-027","K-WES-14-03","","de","Film","Western","Tombstone","Tombstone","1993","","mittel","Figur","Gesetz|Freundschaft|Rache","Western|Gesetz","Die Cowboys tragen rote Schärpen.","„Tombstone“ (1993): Woran erkennt man die Mitglieder der Cowboys besonders deutlich?","An weißen Armbinden","An silbernen Sheriffsternen","An roten Schärpen","An blauen Uniformröcken","C","Die Cowboys tragen rote Schärpen.","Die roten Schärpen geben der Gruppe ein gemeinsames sichtbares Zeichen. Für Wyatt (Kurt Russell) und seine Brüder ist dadurch schnell erkennbar, dass sie es mit organisierter Macht zu tun haben. Das Kostümdetail erleichtert zugleich die Orientierung in einer großen Figurenbesetzung. Ein einzelnes Kleidungsstück macht Zugehörigkeit sichtbar, bevor jeder Name oder jede persönliche Geschichte bekannt ist.","Weiße Armbinden sind nicht ihr Kennzeichen.","Sheriffsterne sind keine gemeinsamen Abzeichen der Cowboys.","Die Cowboys tragen rote Schärpen.","Blaue Uniformröcke kennzeichnen diese Bande nicht.","Rot zeigt die Zugehörigkeit zu den Cowboys.","Handlung","https://en.wikipedia.org/wiki/Tombstone_(film)|https://www.rottentomatoes.com/m/tombstone","redaktionell_geprueft"
"WES-M-028","K-WES-14-04","","de","Film","Western","Tombstone","Tombstone","1993","","mittel","Beziehung","Gesetz|Freundschaft|Rache","Western|Gesetz","Wyatt entwickelt eine Beziehung zu Josephine.","„Tombstone“ (1993): In welche Frau verliebt sich Wyatt im Verlauf der Handlung?","Louisa Earp","Big Nose Kate","Allie Earp","Josephine Marcus","D","Wyatt (Kurt Russell) entwickelt eine Beziehung zu Josephine (Dana Delany).","Josephine (Dana Delany) begegnet Wyatt (Kurt Russell) mit einer Vorstellung von Leben, die über Status und örtliche Verpflichtungen hinausweist. Ihre Anziehung steht dabei neben bereits bestehenden Bindungen und ungelösten Konflikten. Die Liebesgeschichte ist deshalb kein isolierter Schmuck der Schießereien. Sie bietet eine mögliche Zukunft, für die Wyatt sich irgendwann auch vom Kreislauf der Vergeltung lösen müsste.","Louisa ist Morgans (Bill Paxton) Frau.","Big Nose Kate gehört zu Doc Hollidays (Val Kilmer) Umfeld.","Allie ist mit Virgil (Sam Elliott) verbunden.","Wyatt (Kurt Russell) entwickelt eine Beziehung zu Josephine (Dana Delany).","Josephine (Dana Delany) eröffnet Wyatt (Kurt Russell) eine andere Zukunft.","Handlung","https://en.wikipedia.org/wiki/Tombstone_(film)|https://www.rottentomatoes.com/m/tombstone","redaktionell_geprueft"
"WES-S-027","K-WES-14-05","","de","Film","Western","Tombstone","Tombstone","1993","","schwer","Handlung","Gesetz|Freundschaft|Rache","Western|Gesetz","Doc Holliday übernimmt die Konfrontation mit Johnny Ringo.","„Tombstone“ (1993): Wer tritt Johnny Ringo im entscheidenden Duell entgegen?","Virgil Earp","Sheriff Johnny Behan","Doc Holliday","Morgan Earp","C","Doc Holliday (Val Kilmer) übernimmt die Konfrontation mit Johnny Ringo (Michael Biehn).","Doc Holliday (Val Kilmer) schützt Wyatt (Kurt Russell) auf eine Weise, die zugleich seine eigene Gefährlichkeit bestätigt. Die Freundschaft wird nicht durch eine große Erklärung, sondern durch das Übernehmen eines tödlichen Risikos sichtbar. Johnny Ringo (Michael Biehn) bekommt einen Gegner, der sich von seinen Drohungen nicht einschüchtern lässt. Der Wortwitz der früheren Begegnungen findet damit eine ernste Fortsetzung.","Virgil (Sam Elliott) übernimmt dieses Duell nicht.","Behan ist nicht der Schütze dieser Konfrontation.","Doc Holliday (Val Kilmer) übernimmt die Konfrontation mit Johnny Ringo (Michael Biehn).","Morgan (Bill Paxton) tritt Ringo nicht zu diesem Duell gegenüber.","Doc steht für Wyatt (Kurt Russell) vor Ringo.","Auflösung","https://en.wikipedia.org/wiki/Tombstone_(film)|https://www.rottentomatoes.com/m/tombstone","redaktionell_geprueft"
"WES-S-028","K-WES-14-06","","de","Film","Western","Tombstone","Tombstone","1993","","schwer","Handlung","Gesetz|Freundschaft|Rache","Western|Gesetz","Morgan stirbt beim Anschlag; Virgil überlebt einen anderen Angriff schwer verletzt.","„Tombstone“ (1993): Welcher der Earp-Brüder wird bei einem späteren Anschlag getötet?","Virgil","Alle drei","Wyatt","Morgan","D","Morgan (Bill Paxton) stirbt beim Anschlag; Virgil (Sam Elliott) überlebt einen anderen Angriff schwer verletzt.","Morgans (Bill Paxton) Tod verändert für Wyatt (Kurt Russell) den Charakter des Konflikts. Die Auseinandersetzung ist nicht mehr nur eine Frage öffentlicher Ordnung, sondern trifft unmittelbar die Familie. Gerade der Unterschied zu Virgils (Sam Elliott) Überleben ist wichtig: Beide Angriffe haben schwere Folgen, aber sie sind nicht austauschbar. Der Film macht aus der Eskalation verschiedene persönliche Verluste.","Virgil (Sam Elliott) überlebt, bleibt aber durch seine Verletzung beeinträchtigt.","Nicht alle drei Brüder werden getötet.","Wyatt (Kurt Russell) überlebt diese Ereignisse.","Morgan (Bill Paxton) stirbt beim Anschlag; Virgil (Sam Elliott) überlebt einen anderen Angriff schwer verletzt.","Morgan (Bill Paxton) stirbt, Virgil (Sam Elliott) wird schwer verletzt.","Auflösung","https://en.wikipedia.org/wiki/Tombstone_(film)|https://www.rottentomatoes.com/m/tombstone","redaktionell_geprueft"
"WES-L-029","K-WES-15-01","","de","Film","Western","True Grit","True Grit","2010","","leicht","Figur","Rache|Reifung|Gesetz","Western|Rache","Mattie veranlasst die Verfolgung von Chaney.","„True Grit“ (2010): Wer treibt die Suche nach dem Mörder ihres Vaters an?","Mattie Ross","Rooster Cogburn","LaBoeuf","Ned Pepper","A","Mattie (Hailee Steinfeld) veranlasst die Verfolgung von Chaney (Josh Brolin).","Mattie (Hailee Steinfeld) ist jung, aber nicht bloß die Person, die von erfahrenen Männern beschützt werden muss. Sie bestimmt das Ziel und verlangt Verbindlichkeit. Ihr Beharren auf Abmachungen gibt der Geschichte einen ungewöhnlich nüchternen Ton. Der Wunsch nach Gerechtigkeit erscheint dadurch zugleich als Trauerarbeit, als Geschäft und als Prüfung ihres eigenen entschlossenen Selbstbildes.","Mattie (Hailee Steinfeld) veranlasst die Verfolgung von Chaney (Josh Brolin).","Cogburn (Jeff Bridges) wird von Mattie (Hailee Steinfeld) angeheuert.","LaBoeuf (Matt Damon) verfolgt ein anderes Strafverfahren gegen denselben Mann.","Ned Pepper (Barry Pepper) führt die Bande, bei der Chaney (Josh Brolin) Unterschlupf findet.","Mattie (Hailee Steinfeld) setzt die Suche in Gang.","Handlung","https://en.wikipedia.org/wiki/True_Grit_(2010_film)|https://www.paramountpictures.com/movies/true-grit-2010","redaktionell_geprueft"
"WES-L-030","K-WES-15-02","","de","Film","Western","True Grit","True Grit","2010","","leicht","Besetzung","Rache|Reifung|Gesetz","Western|Rache","Jeff Bridges spielt Cogburn in der Fassung von 2010.","„True Grit“ (2010): Wer spielt Rooster Cogburn in dieser Verfilmung?","John Wayne","Jeff Bridges","Tommy Lee Jones","Kurt Russell","B","Jeff Bridges spielt Cogburn (Jeff Bridges) in der Fassung von 2010.","Cogburn (Jeff Bridges) wirkt unter Jeff Bridges rau, nachlässig und nicht ohne Weiteres vertrauenswürdig. Mattie (Hailee Steinfeld) muss daher zwischen seinem schlechten Auftreten und seiner möglichen Eignung unterscheiden. Die Besetzung hilft, diese Spannung eigenständig zu gestalten. Das Jahr in der Frage ist wichtig, weil derselbe Figurenname durch eine frühere Verfilmung auch eng mit einem anderen Westernstar verbunden ist.","John Wayne spielt Cogburn (Jeff Bridges) in der Verfilmung von 1969.","Jeff Bridges spielt Cogburn (Jeff Bridges) in der Fassung von 2010.","Tommy Lee Jones spielt ihn hier nicht.","Kurt Russell ist in „Tombstone“ Wyatt Earp.","2010 trägt Jeff Bridges Cogburns (Jeff Bridges) Augenklappe.","Handlung","https://en.wikipedia.org/wiki/True_Grit_(2010_film)|https://www.paramountpictures.com/movies/true-grit-2010","redaktionell_geprueft"
"WES-M-029","K-WES-15-03","","de","Film","Western","True Grit","True Grit","2010","","mittel","Figur","Rache|Reifung|Gesetz","Western|Rache","LaBoeuf ist ein Texas Ranger.","„True Grit“ (2010): Welcher Organisation gehört LaBoeuf an?","Den Texas Rangers","Der Stadtfeuerwehr von Fort Smith","Der kanadischen berittenen Polizei","Der US-Marine","A","LaBoeuf (Matt Damon) ist ein Texas Ranger.","LaBoeuf (Matt Damon) bringt eine eigene amtliche Zuständigkeit und einen eigenen Auftrag mit. Für Mattie (Hailee Steinfeld) genügt es deshalb nicht, dass alle denselben Mann suchen. Entscheidend ist auch, wo und wofür er zur Verantwortung gezogen werden soll. Der gemeinsame Weg verbindet Kooperation mit Konkurrenz und zeigt, dass ähnliche Ziele unterschiedliche Vorstellungen von Gerechtigkeit verbergen können.","LaBoeuf (Matt Damon) ist ein Texas Ranger.","Die Feuerwehr gehört nicht zu seinem Auftrag.","Die kanadische Polizei ist nicht seine Organisation.","Er ist kein Marineoffizier.","LaBoeuf (Matt Damon) kommt mit texanischem Auftrag.","Handlung","https://en.wikipedia.org/wiki/True_Grit_(2010_film)|https://www.paramountpictures.com/movies/true-grit-2010","redaktionell_geprueft"
"WES-M-030","K-WES-15-04","","de","Film","Western","True Grit","True Grit","2010","","mittel","Motivation","Rache|Reifung|Gesetz","Western|Rache","Mattie verlangt eine Bestrafung für den Mord an ihrem Vater in Arkansas.","„True Grit“ (2010): Warum will Mattie Chaney unbedingt nach Arkansas zurückbringen?","Er soll als Zeuge gegen Cogburn auftreten","Er soll für den Mord an ihrem Vater bestraft werden","Er soll dort zum Sheriff gewählt werden","Er soll ihre Pferde persönlich zurückkaufen","B","Mattie (Hailee Steinfeld) verlangt eine Bestrafung für den Mord an ihrem Vater in Arkansas.","Mattie (Hailee Steinfeld) wehrt sich dagegen, dass ihr Verlust in einem anderen Strafverfahren nebensächlich wird. LaBoeuf (Matt Damon) kann denselben Verfolgten aus einem anderen Grund suchen, ohne ihre Erwartung zu erfüllen. Damit unterscheidet der Film zwischen der Festnahme eines Täters und der Anerkennung eines bestimmten Unrechts. Für Mattie zählt nicht nur das Ergebnis, sondern dessen Bedeutung.","Cogburn (Jeff Bridges) ist nicht der Angeklagte ihres Plans.","Mattie (Hailee Steinfeld) verlangt eine Bestrafung für den Mord an ihrem Vater in Arkansas.","Eine Sheriffwahl steht nicht bevor.","Ein Pferdekauf ist nicht das Ziel der Rückführung.","Mattie (Hailee Steinfeld) will Gerechtigkeit für genau diesen Mord.","Handlung","https://en.wikipedia.org/wiki/True_Grit_(2010_film)|https://www.paramountpictures.com/movies/true-grit-2010","redaktionell_geprueft"
"WES-S-029","K-WES-15-05","","de","Film","Western","True Grit","True Grit","2010","","schwer","Handlung","Rache|Reifung|Gesetz","Western|Rache","Der Rückstoß wirft Mattie in eine Grube mit Schlangen.","„True Grit“ (2010): Wodurch gerät Mattie nach ihrem tödlichen Schuss auf Chaney in akute Lebensgefahr?","Sie stürzt durch den Rückstoß in eine Schlangengrube","Sie trinkt vergiftetes Wasser","Sie wird von einer Lawine verschüttet","Sie fällt von einem fahrenden Zug","A","Der Rückstoß wirft Mattie (Hailee Steinfeld) in eine Grube mit Schlangen.","Matties (Hailee Steinfeld) Ziel scheint erreicht, doch der erfolgreiche Schuss führt unmittelbar in eine neue Gefahr. Der Film trennt Vergeltung deshalb von einem einfachen Gefühl endgültiger Sicherheit. Cogburn (Jeff Bridges) muss nun eine andere Fähigkeit zeigen als Härte gegenüber Verfolgten: Fürsorge, Ausdauer und die Bereitschaft, Verantwortung für einen Menschen zu übernehmen, der nicht mehr selbst handeln kann.","Der Rückstoß wirft Mattie (Hailee Steinfeld) in eine Grube mit Schlangen.","Gift gelangt durch einen Schlangenbiss in ihren Körper, nicht durch Trinkwasser.","Eine Lawine ist nicht die Ursache.","Ein Zug ist an dieser Szene nicht beteiligt.","Auf den Schuss folgt der Sturz.","Auflösung","https://en.wikipedia.org/wiki/True_Grit_(2010_film)|https://www.paramountpictures.com/movies/true-grit-2010","redaktionell_geprueft"
"WES-S-030","K-WES-15-06","","de","Film","Western","True Grit","True Grit","2010","","schwer","Handlung","Rache|Reifung|Gesetz","Western|Rache","LaBoeuf erschießt Ned Pepper aus großer Entfernung.","„True Grit“ (2010): Wer rettet Cogburn mit einem weiten Gewehrschuss vor Ned Pepper?","Colonel Stonehill","LaBoeuf","Mattie","Chaney","B","LaBoeuf (Matt Damon) erschießt Ned Pepper (Barry Pepper) aus großer Entfernung.","LaBoeufs (Matt Damon) Können wird in einem Moment entscheidend, in dem Cogburns (Jeff Bridges) eigener Angriff an seine Grenze gelangt. Die Männer haben sich zuvor gegenseitig infrage gestellt. Der Rettungsschuss gibt ihrer Zusammenarbeit deshalb mehr Gewicht als ein bloßes Einverständnis. Unterschiedliche Fähigkeiten ergänzen sich praktisch, und Anerkennung entsteht aus einer Handlung, auf die der andere angewiesen ist.","Der Pferdehändler Stonehill ist nicht beteiligt.","LaBoeuf (Matt Damon) erschießt Ned Pepper (Barry Pepper) aus großer Entfernung.","Mattie (Hailee Steinfeld) gibt diesen rettenden Fernschuss nicht ab.","Chaney (Josh Brolin) hilft Cogburn (Jeff Bridges) nicht.","LaBoeufs (Matt Damon) Fernschuss rettet Cogburn (Jeff Bridges).","Auflösung","https://en.wikipedia.org/wiki/True_Grit_(2010_film)|https://www.paramountpictures.com/movies/true-grit-2010","redaktionell_geprueft"
"WES-L-031","K-WES-16-01","","de","Film","Western","Todeszug nach Yuma","3:10 to Yuma","2007","","leicht","Besetzung","Gefangenentransport|Vater und Sohn|Ehre","Western|Gefangenentransport","Russell Crowe spielt Wade.","„Todeszug nach Yuma“ (2007): Wer spielt den gefangenen Bandenchef Ben Wade?","Christian Bale","Ben Foster","Russell Crowe","Peter Fonda","C","Russell Crowe spielt Wade (Russell Crowe).","Wade (Russell Crowe) wirkt auch als Gefangener nicht machtlos. Russell Crowes ruhiges Auftreten lässt erkennen, dass Beobachtung und Menschenkenntnis für ihn ebenso wichtig sind wie eine Waffe. Dan (Christian Bale) muss ihn deshalb nicht nur körperlich bewachen. Zwischen den Männern entsteht ein psychologischer Wettbewerb darum, wer die Motive und Schwächen des anderen genauer versteht.","Christian Bale spielt Dan (Christian Bale).","Ben Foster spielt Charlie Prince (Ben Foster).","Russell Crowe spielt Wade (Russell Crowe).","Peter Fonda spielt Byron McElroy.","Wade (Russell Crowe): Russell Crowe hinter den Fesseln.","Handlung","https://en.wikipedia.org/wiki/3:10_to_Yuma_(2007_film)|https://www.rottentomatoes.com/m/310_to_yuma","redaktionell_geprueft"
"WES-L-032","K-WES-16-02","","de","Film","Western","Todeszug nach Yuma","3:10 to Yuma","2007","","leicht","Handlung","Gefangenentransport|Vater und Sohn|Ehre","Western|Gefangenentransport","Dan soll Wade zum Gefängniszug nach Yuma bringen.","„Todeszug nach Yuma“ (2007): Wohin soll Dan den Gefangenen rechtzeitig bringen?","Zur Grenze nach Kanada","Zum Hafen von San Francisco","Zu einer Hinrichtung in Mexiko","Zum Zug nach Yuma","D","Dan (Christian Bale) soll Wade (Russell Crowe) zum Gefängniszug nach Yuma bringen.","Das Ziel gibt Dans (Christian Bale) Aufgabe einen klaren räumlichen und zeitlichen Rahmen. Wade (Russell Crowe) muss nicht für immer besiegt werden, sondern bis zu einer bestimmten Abfahrt unter Kontrolle bleiben. Gerade diese scheinbare Überschaubarkeit macht den wachsenden Widerstand eindringlich. Jeder Umweg und jeder verlorene Begleiter verkleinert den Spielraum für eine rechtzeitige Ankunft.","Die kanadische Grenze spielt bei diesem Auftrag keine Rolle.","Ein Hafen ist nicht das Transportziel.","Eine Hinrichtung in Mexiko ist nicht vorgesehen.","Dan (Christian Bale) soll Wade (Russell Crowe) zum Gefängniszug nach Yuma bringen.","Der Auftrag endet am Zug nach Yuma.","Handlung","https://en.wikipedia.org/wiki/3:10_to_Yuma_(2007_film)|https://www.rottentomatoes.com/m/310_to_yuma","redaktionell_geprueft"
"WES-M-031","K-WES-16-03","","de","Film","Western","Todeszug nach Yuma","3:10 to Yuma","2007","","mittel","Motivation","Gefangenentransport|Vater und Sohn|Ehre","Western|Gefangenentransport","Dan benötigt die Bezahlung, um seine wirtschaftliche Not zu lindern.","„Todeszug nach Yuma“ (2007): Warum meldet sich Dan für den gefährlichen Transport?","Er will einen Offiziersrang zurückerlangen","Er will sein gestohlenes Pferd verkaufen","Er braucht Geld für seine bedrohte Ranch","Er will Wades Bande übernehmen","C","Dan (Christian Bale) benötigt die Bezahlung, um seine wirtschaftliche Not zu lindern.","Dans (Christian Bale) Entscheidung entsteht aus einem bedrängten Alltag. Die Aufgabe bietet eine konkrete Einnahme, verlangt aber gerade das, was seine Familie gefährden könnte: seine Bereitschaft, das eigene Leben einzusetzen. Dadurch wird der Auftrag mehr als ein Abenteuer. Die Handlung verbindet wirtschaftlichen Druck mit der Frage, welche Risiken ein Vater für seine Verantwortung eingehen darf.","Ein militärischer Rang ist nicht die versprochene Bezahlung.","Ein Pferdeverkauf finanziert diesen Auftrag nicht.","Dan (Christian Bale) benötigt die Bezahlung, um seine wirtschaftliche Not zu lindern.","Die Führung der Bande strebt er nicht an.","Die bedrohte Ranch bringt Dan (Christian Bale) zum Transport.","Handlung","https://en.wikipedia.org/wiki/3:10_to_Yuma_(2007_film)|https://www.rottentomatoes.com/m/310_to_yuma","redaktionell_geprueft"
"WES-M-032","K-WES-16-04","","de","Film","Western","Todeszug nach Yuma","3:10 to Yuma","2007","","mittel","Beziehung","Gefangenentransport|Vater und Sohn|Ehre","Western|Gefangenentransport","Charlie Prince organisiert die Befreiung seines Anführers.","„Todeszug nach Yuma“ (2007): Wer führt Wades Bande während dessen Gefangenschaft an?","Doc Potter","Grayson Butterfield","William Evans","Charlie Prince","D","Charlie Prince (Ben Foster) organisiert die Befreiung seines Anführers.","Charlie Prince (Ben Foster) zeigt eine Bindung an Wade (Russell Crowe), die durch dessen Gefangenschaft nicht schwächer wird. Seine Gewaltbereitschaft macht Loyalität dabei zu einer Gefahr für alle anderen. Die Beziehung wirft eine wichtige Frage auf: Folgt der Gefolgsmann dem wirklichen Willen seines Anführers oder einer eigenen Vorstellung davon, wie dieser zu handeln hat?","Doc Potter hilft bei Wades (Russell Crowe) Transport.","Butterfield (Dallas Roberts) vertritt die Eisenbahninteressen.","William (Logan Lerman) ist Dans (Christian Bale) Sohn.","Charlie Prince (Ben Foster) organisiert die Befreiung seines Anführers.","Charlie Prince (Ben Foster) verfolgt den Gefangenentransport.","Handlung","https://en.wikipedia.org/wiki/3:10_to_Yuma_(2007_film)|https://www.rottentomatoes.com/m/310_to_yuma","redaktionell_geprueft"
"WES-S-031","K-WES-16-05","","de","Film","Western","Todeszug nach Yuma","3:10 to Yuma","2007","","schwer","Motivation","Gefangenentransport|Vater und Sohn|Ehre","Western|Gefangenentransport","Dan will seinem Sohn und sich selbst Standhaftigkeit beweisen.","„Todeszug nach Yuma“ (2007): Was will Dan seinem Sohn mit dem Durchhalten vor allem beweisen?","Dass er bereits früher aus Yuma entkam","Dass er einen verborgenen Goldschatz gefunden hat","Dass er eine schwierige Aufgabe zu Ende bringen kann","Dass er schneller schießt als jeder Bandit","C","Dan (Christian Bale) will seinem Sohn und sich selbst Standhaftigkeit beweisen.","Dan (Christian Bale) braucht nicht nur Geld, sondern auch ein anderes Bild von sich als Vater. Wade (Russell Crowe) erkennt diese verletzliche Seite hinter seinem Beharren. Der letzte Weg zum Zug bekommt dadurch eine Bedeutung, die sich nicht allein in Vertragsbedingungen ausdrücken lässt. Anerkennung und Würde werden zu Motiven, ohne die Dans Risiko unverständlich bliebe.","Die früheren Ausbrüche aus Yuma betreffen Wade (Russell Crowe).","Eine Schatzsuche ist nicht der Grund für Dans (Christian Bale) Beharren.","Dan (Christian Bale) will seinem Sohn und sich selbst Standhaftigkeit beweisen.","Unübertroffene Schießgeschwindigkeit ist nicht sein Ziel.","Dan (Christian Bale) will einmal standhalten können.","Auflösung","https://en.wikipedia.org/wiki/3:10_to_Yuma_(2007_film)|https://www.rottentomatoes.com/m/310_to_yuma","redaktionell_geprueft"
"WES-S-032","K-WES-16-06","","de","Film","Western","Todeszug nach Yuma","3:10 to Yuma","2007","","schwer","Handlung","Gefangenentransport|Vater und Sohn|Ehre","Western|Gefangenentransport","Wade erschießt nach Dans Tod seine eigene Bande.","„Todeszug nach Yuma“ (2007): Wie reagiert Wade, nachdem Charlie Prince Dan erschossen hat?","Er ernennt Charlie Prince zum neuen Sheriff","Er übergibt William als Geisel","Er flieht sofort ohne Reaktion","Er tötet Charlie Prince und seine übrigen Männer","D","Wade (Russell Crowe) erschießt nach Dans (Christian Bale) Tod seine eigene Bande.","Wades (Russell Crowe) Reaktion zerbricht die scheinbar eindeutige Ordnung zwischen Gefangenem, Bewacher und Befreiern. Charlie Prince (Ben Foster) handelt aus seiner Vorstellung von Treue, verletzt aber eine inzwischen entstandene Bindung. Das Ende macht aus Wade keinen makellosen guten Menschen. Es zeigt vielmehr, dass Respekt eine Loyalität verändern kann, ohne die Gewaltbereitschaft einer Figur grundsätzlich aufzuheben.","Er belohnt Prince nicht mit einem Amt.","William (Logan Lerman) wird nicht als Geisel übergeben.","Wade (Russell Crowe) reagiert unmittelbar und gewaltsam.","Wade (Russell Crowe) erschießt nach Dans (Christian Bale) Tod seine eigene Bande.","Prince befreit den Anführer und verliert dessen Loyalität.","Auflösung","https://en.wikipedia.org/wiki/3:10_to_Yuma_(2007_film)|https://www.rottentomatoes.com/m/310_to_yuma","redaktionell_geprueft"
"WES-L-033","K-WES-17-01","","de","Film","Western","Open Range","Open Range","2003","","leicht","Figur","Viehtrieb|Landkonflikt|Neuanfang","Western|Viehtrieb|Kevin Costner","Boss und Charley treiben eine Rinderherde über offenes Weideland.","„Open Range“ (2003): Womit verdienen Boss Spearman und Charley Waite ihren Lebensunterhalt?","Mit frei umherziehenden Rinderherden","Mit dem Abbau von Silber","Mit der Jagd nach Kopfgeldern","Mit dem Bau von Dampfschiffen","A","Boss (Robert Duvall) und Charley (Kevin Costner) treiben eine Rinderherde über offenes Weideland.","Boss (Robert Duvall) und Charley (Kevin Costner) vertreten eine Arbeitsweise, die Bewegungsfreiheit benötigt. Ihre Ruhe im Umgang miteinander zeigt gewachsene Zusammenarbeit, bevor der Konflikt beginnt. Die Herde ist deshalb mehr als Westernkulisse: Sie begründet ihren Alltag, ihre Abhängigkeit von Landschaft und Wetter und die Bedrohung, die von einem mächtigen Anspruch auf ausschließliche Landnutzung ausgeht.","Boss (Robert Duvall) und Charley (Kevin Costner) treiben eine Rinderherde über offenes Weideland.","Sie betreiben keine Silbermine.","Kopfgeldjagd bildet nicht ihren Lebensunterhalt.","Schiffbau ist nicht ihr Beruf.","Die Herde bestimmt den Alltag der beiden Viehtreiber.","Handlung","https://en.wikipedia.org/wiki/Open_Range_(2003_film)|https://www.rottentomatoes.com/m/open_range","redaktionell_geprueft"
"WES-L-034","K-WES-17-02","","de","Film","Western","Open Range","Open Range","2003","","leicht","Besetzung","Viehtrieb|Landkonflikt|Neuanfang","Western|Viehtrieb|Kevin Costner","Robert Duvall spielt Boss.","„Open Range“ (2003): Wer spielt Boss Spearman?","Kevin Costner","Robert Duvall","Gene Hackman","Tommy Lee Jones","B","Robert Duvall spielt Boss (Robert Duvall).","Boss (Robert Duvall) gewinnt Autorität durch Erfahrung und eine ruhige Aufmerksamkeit für seine Leute. Robert Duvalls Spiel lässt Verantwortung alltäglich erscheinen, nicht nur als Haltung vor einem Duell. Neben Charley (Kevin Costner) ist er ein Gegenüber, das Entscheidungen mitträgt. Die Partnerschaft erhält dadurch Gewicht, weil sie bereits vor der Gewalt als funktionierende Arbeitsbeziehung verständlich wird.","Kevin Costner spielt Charley (Kevin Costner) und führte Regie.","Robert Duvall spielt Boss (Robert Duvall).","Gene Hackman spielt Boss (Robert Duvall) nicht.","Tommy Lee Jones gehört nicht zu dieser Rolle.","Boss (Robert Duvall): Robert Duvalls erfahrene Ruhe.","Handlung","https://en.wikipedia.org/wiki/Open_Range_(2003_film)|https://www.rottentomatoes.com/m/open_range","redaktionell_geprueft"
"WES-M-033","K-WES-17-03","","de","Film","Western","Open Range","Open Range","2003","","mittel","Handlung","Viehtrieb|Landkonflikt|Neuanfang","Western|Viehtrieb|Kevin Costner","Moses ausbleibende Rückkehr führt Boss und Charley in die Stadt.","„Open Range“ (2003): Welches Ereignis führt Boss und Charley erstmals in den Konflikt mit Harmonville?","Mose kehrt vom Einkauf nicht zurück","Der Marshal beschlagnahmt die gesamte Herde","Sue verkauft ihre Ranch an Boss","Button wird wegen eines Pferdediebstahls gesucht","A","Moses (Abraham Benrubi) ausbleibende Rückkehr führt Boss (Robert Duvall) und Charley (Kevin Costner) in die Stadt.","Mose (Abraham Benrubi) erledigt zunächst einen gewöhnlichen Einkauf. Dass daraus eine Gewaltsituation wird, zeigt die Willkür der örtlichen Macht. Boss (Robert Duvall) und Charley (Kevin Costner) müssen reagieren, weil Verantwortung für ihre kleine Gruppe nicht am Rand des Viehlagers endet. Der Konflikt wächst so aus einer alltäglichen Notwendigkeit und macht die vermeintliche Normalität des Ortes fragwürdig.","Moses (Abraham Benrubi) ausbleibende Rückkehr führt Boss (Robert Duvall) und Charley (Kevin Costner) in die Stadt.","Die ausbleibende Rückkehr von Mose (Abraham Benrubi) bringt sie zunächst in die Stadt.","Ein Grundstücksgeschäft mit Sue (Annette Bening) führt sie nicht in den Konflikt.","Diese Fahndung ist nicht der Anlass des ersten Konflikts.","Ein Einkauf wird zum Einstieg in den Machtkampf.","Handlung","https://en.wikipedia.org/wiki/Open_Range_(2003_film)|https://www.rottentomatoes.com/m/open_range","redaktionell_geprueft"
"WES-M-034","K-WES-17-04","","de","Film","Western","Open Range","Open Range","2003","","mittel","Beziehung","Viehtrieb|Landkonflikt|Neuanfang","Western|Viehtrieb|Kevin Costner","Sue ist die Schwester des Arztes.","„Open Range“ (2003): In welchem Verhältnis steht Sue zum örtlichen Arzt?","Sie ist seine Tochter","Sie ist seine Schwester","Sie ist seine Ehefrau","Sie ist seine Mutter","B","Sue (Annette Bening) ist die Schwester des Arztes.","Charley (Kevin Costner) hält Sue (Annette Bening) zunächst für die Frau des Arztes. Die Korrektur dieses Irrtums eröffnet eine Nähe, die er selbst kaum selbstverständlich erwartet. Ihre Beziehung gibt dem Film neben dem Kampf um Gerechtigkeit eine zweite Aussicht: Ein Mensch mit gewaltsamer Vergangenheit könnte auch einen Platz im gewöhnlichen Alltag finden, statt nur als Schütze gebraucht zu werden.","Sue (Annette Bening) ist nicht seine Tochter.","Sue (Annette Bening) ist die Schwester des Arztes.","Gerade diese erste Annahme Charleys (Kevin Costner) ist falsch.","Sue (Annette Bening) ist nicht seine Mutter.","Sue (Annette Bening) ist die Schwester, nicht die Ehefrau.","Handlung","https://en.wikipedia.org/wiki/Open_Range_(2003_film)|https://www.rottentomatoes.com/m/open_range","redaktionell_geprueft"
"WES-S-033","K-WES-17-05","","de","Film","Western","Open Range","Open Range","2003","","schwer","Figur","Viehtrieb|Landkonflikt|Neuanfang","Western|Viehtrieb|Kevin Costner","Charley wird von seiner Vergangenheit als gewalttätiger Kämpfer verfolgt.","„Open Range“ (2003): Welche Vergangenheit belastet Charley besonders?","Seine Beteiligung an tödlicher Kriegsgewalt","Sein früherer Bankrott als Theaterbesitzer","Sein Verrat an einer früheren Räuberbande","Seine Beteiligung an einem tödlichen Minenunglück","A","Charley (Kevin Costner) wird von seiner Vergangenheit als gewalttätiger Kämpfer verfolgt.","Charleys (Kevin Costner) Erfahrung macht ihn im bevorstehenden Kampf nützlich, aber nicht innerlich unbeschwert. Die Fähigkeit, effizient zu töten, ist für ihn zugleich eine Belastung. Sue (Annette Bening) und Boss (Robert Duvall) begegnen daher keinem einfachen Retter ohne Vorgeschichte. Der Film fragt, ob solche Fähigkeiten zum Schutz anderer eingesetzt werden können, ohne die alten Verletzungen erneut vollständig zu beherrschen.","Charley (Kevin Costner) wird von seiner Vergangenheit als gewalttätiger Kämpfer verfolgt.","Ein Theaterbankrott ist nicht sein zentrales Trauma.","Ein solcher Bandenverrat ist nicht die hier erzählte Belastung.","Ein Minenunglück ist nicht die belastende Vorgeschichte.","Charleys (Kevin Costner) Können trägt die Last des Krieges.","Handlung","https://en.wikipedia.org/wiki/Open_Range_(2003_film)|https://www.rottentomatoes.com/m/open_range","redaktionell_geprueft"
"WES-S-034","K-WES-17-06","","de","Film","Western","Open Range","Open Range","2003","","schwer","Handlung","Viehtrieb|Landkonflikt|Neuanfang","Western|Viehtrieb|Kevin Costner","Boss möchte den Saloon übernehmen und Charley als Partner gewinnen.","„Open Range“ (2003): Welchen beruflichen Neuanfang erwägt Boss nach dem Kampf?","Eine eigene Ranch zu erwerben","Den Saloon zu übernehmen","Eine Goldmine in Alaska zu kaufen","Als Kopfgeldjäger weiterzuziehen","B","Boss (Robert Duvall) möchte den Saloon übernehmen und Charley (Kevin Costner) als Partner gewinnen.","Boss (Robert Duvall) denkt nach der Gewalt über eine weniger unstete Form des Lebens nach. Für Charley (Kevin Costner) kann diese Aussicht mit seiner Beziehung zu Sue (Annette Bening) zusammenkommen. Das Ende erschöpft sich dadurch nicht in der Beseitigung eines Gegners. Es stellt die praktische Frage, wovon die Überlebenden künftig leben und an welchem Ort ihre Bindungen wachsen können.","Boss (Robert Duvall) spricht hier von der Übernahme des Saloons.","Boss (Robert Duvall) möchte den Saloon übernehmen und Charley (Kevin Costner) als Partner gewinnen.","Eine Alaska-Mine ist nicht sein Vorhaben.","Er will nicht in die Kopfgeldjagd wechseln.","Nach dem Viehtrieb lockt ein gemeinsamer Saloon.","Auflösung","https://en.wikipedia.org/wiki/Open_Range_(2003_film)|https://www.rottentomatoes.com/m/open_range","redaktionell_geprueft"
"WES-L-035","K-WES-18-01","","de","Film","Western","Appaloosa","Appaloosa","2008","","leicht","Besetzung","Gesetz|Freundschaft|Loyalität","Western|Gesetz","Ed Harris spielt Cole.","„Appaloosa“ (2008): Wer spielt Marshal Virgil Cole?","Viggo Mortensen","Jeremy Irons","Ed Harris","Tommy Lee Jones","C","Ed Harris spielt Cole (Ed Harris).","Cole (Ed Harris) wirkt im Beruf sicherer als in seinem persönlichen Leben. Ed Harris lässt beides nebeneinander bestehen, ohne die Figur auf einen makellosen Ordnungshüter zu reduzieren. Die Zusammenarbeit mit Hitch (Viggo Mortensen) beruht auf eingespielten Reaktionen. Gerade vor diesem vertrauten Hintergrund werden Unsicherheiten sichtbar, sobald Gefühle und neue Erwartungen die gewohnten Regeln ihrer Partnerschaft verändern.","Viggo Mortensen spielt Hitch (Viggo Mortensen).","Jeremy Irons spielt Bragg (Jeremy Irons).","Ed Harris spielt Cole (Ed Harris).","Tommy Lee Jones spielt Cole (Ed Harris) nicht.","Cole (Ed Harris): Ed Harris mit festem beruflichem Selbstbild.","Handlung","https://en.wikipedia.org/wiki/Appaloosa_(film)|https://www.rottentomatoes.com/m/10008785-appaloosa","redaktionell_geprueft"
"WES-L-036","K-WES-18-02","","de","Film","Western","Appaloosa","Appaloosa","2008","","leicht","Beziehung","Gesetz|Freundschaft|Loyalität","Western|Gesetz","Hitch ist Coles enger beruflicher Partner.","„Appaloosa“ (2008): Wer arbeitet als Coles bewährter Partner und Deputy?","Ring Shelton","Phil Olson","Randall Bragg","Everett Hitch","D","Hitch (Viggo Mortensen) ist Coles (Ed Harris) enger beruflicher Partner.","Hitch (Viggo Mortensen) kennt Coles (Ed Harris) Fähigkeiten und Eigenheiten so gut, dass die beiden oft wenig erklären müssen. Diese Vertrautheit ist ein wichtiges Gegengewicht zur unsicheren Lage in Appaloosa. Der Film zeigt Freundschaft damit zunächst als praktische Zusammenarbeit. Später wird entscheidend, ob diese Bindung auch dann Bestand hat, wenn eine gemeinsame berufliche Lösung nicht mehr ausreicht.","Ring Shelton (Lance Henriksen) steht nicht als Deputy an Coles (Ed Harris) Seite.","Olson gehört zur Stadtführung, nicht zu dieser Partnerschaft.","Bragg (Jeremy Irons) ist ihr Gegner.","Hitch (Viggo Mortensen) ist Coles (Ed Harris) enger beruflicher Partner.","Cole (Ed Harris) und Hitch (Viggo Mortensen) bilden das eingespielte Paar.","Handlung","https://en.wikipedia.org/wiki/Appaloosa_(film)|https://www.rottentomatoes.com/m/10008785-appaloosa","redaktionell_geprueft"
"WES-M-035","K-WES-18-03","","de","Film","Western","Appaloosa","Appaloosa","2008","","mittel","Motivation","Gesetz|Freundschaft|Loyalität","Western|Gesetz","Die Stadt braucht nach Braggs Gewalttaten neue Ordnungshüter.","„Appaloosa“ (2008): Warum engagiert die Stadt Cole und Hitch?","Die Stadt will eine neue Eisenbahn vermessen","Ein Goldtransport braucht neue Bewacher","Bragg hat den Marshal und dessen Begleiter getötet","Eine Überschwemmung hat das Gefängnis zerstört","C","Die Stadt braucht nach Braggs (Jeremy Irons) Gewalttaten neue Ordnungshüter.","Bragg (Jeremy Irons) hat gezeigt, dass die bisherige Amtsgewalt ihn nicht wirksam begrenzt. Cole (Ed Harris) und Hitch (Viggo Mortensen) werden deshalb als professionelle Antwort auf eine konkrete Machtlücke verpflichtet. Die Einwohner kaufen jedoch keine abstrakte Sicherheit: Sie müssen auch die Regeln der neuen Männer akzeptieren. Daraus entsteht die Frage, wie viel Autorität eine bedrohte Gemeinschaft an ihre Beschützer abgeben will.","Landvermessung ist nicht der Auftrag.","Nicht ein Goldtransport, sondern Braggs (Jeremy Irons) Gewaltherrschaft führt zur Anstellung.","Die Stadt braucht nach Braggs (Jeremy Irons) Gewalttaten neue Ordnungshüter.","Eine Flutkatastrophe ist nicht der Grund.","Braggs (Jeremy Irons) Gewalt schafft die vakanten Ämter.","Handlung","https://en.wikipedia.org/wiki/Appaloosa_(film)|https://www.rottentomatoes.com/m/10008785-appaloosa","redaktionell_geprueft"
"WES-M-036","K-WES-18-04","","de","Film","Western","Appaloosa","Appaloosa","2008","","mittel","Figur","Gesetz|Freundschaft|Loyalität","Western|Gesetz","Allie beginnt eine Beziehung mit Cole.","„Appaloosa“ (2008): Welche Neuankömmling beginnt eine Beziehung mit Cole?","Sue Barlow","Emma Cullen","Katie","Allie French","D","Allie (Renée Zellweger) beginnt eine Beziehung mit Cole (Ed Harris).","Allie (Renée Zellweger) tritt in eine Männerfreundschaft ein, deren Regeln lange verlässlich waren. Cole (Ed Harris) begegnet ihr mit Hoffnungen, die sich nicht wie eine berufliche Aufgabe kontrollieren lassen. Hitch (Viggo Mortensen) muss zugleich seine Loyalität und sein eigenes Urteil behaupten. Die Beziehung erweitert den Westernkonflikt um die Unsicherheit persönlicher Bindungen in einer Umgebung, in der Schutz und Macht eng zusammenliegen.","Sue Barlow ist die zentrale Frauenfigur in „Open Range“.","Emma Cullen gehört zur Fassung von „Die glorreichen Sieben“ von 2016.","Katie ist nicht Coles (Ed Harris) neue Partnerin.","Allie (Renée Zellweger) beginnt eine Beziehung mit Cole (Ed Harris).","Allie (Renée Zellweger) verändert Coles (Ed Harris) vertraute Ordnung.","Handlung","https://en.wikipedia.org/wiki/Appaloosa_(film)|https://www.rottentomatoes.com/m/10008785-appaloosa","redaktionell_geprueft"
"WES-S-035","K-WES-18-05","","de","Film","Western","Appaloosa","Appaloosa","2008","","schwer","Handlung","Gesetz|Freundschaft|Loyalität","Western|Gesetz","Eine präsidentielle Begnadigung ermöglicht Braggs Rückkehr.","„Appaloosa“ (2008): Warum kann Bragg später offen nach Appaloosa zurückkehren?","Er ist zum Gouverneur gewählt worden","Cole hat alle Zeugenaussagen verbrannt","Er hat eine Begnadigung des Präsidenten erhalten","Hitch hat das Urteil heimlich gefälscht","C","Eine präsidentielle Begnadigung ermöglicht Braggs (Jeremy Irons) Rückkehr.","Die Begnadigung trennt für Cole (Ed Harris) und Hitch (Viggo Mortensen) die rechtliche Lage von ihrem Wissen über Bragg (Jeremy Irons). Ihre erfolgreiche Festnahme hat keine dauerhafte Ordnung geschaffen. Das ist mehr als ein neuer Fluchttrick des Gegners: Eine höhere Instanz verändert die Regeln. Die beiden müssen entscheiden, wie sie handeln, wenn ihr gewohntes berufliches Vorgehen keine befriedigende Antwort mehr bietet.","Bragg (Jeremy Irons) wird nicht Gouverneur.","Cole (Ed Harris) beseitigt nicht die Beweise.","Eine präsidentielle Begnadigung ermöglicht Braggs (Jeremy Irons) Rückkehr.","Hitch (Viggo Mortensen) fälscht das Urteil nicht.","Bragg (Jeremy Irons) kommt mit einer Begnadigung zurück.","Auflösung","https://en.wikipedia.org/wiki/Appaloosa_(film)|https://www.rottentomatoes.com/m/10008785-appaloosa","redaktionell_geprueft"
"WES-S-036","K-WES-18-06","","de","Film","Western","Appaloosa","Appaloosa","2008","","schwer","Motivation","Gesetz|Freundschaft|Loyalität","Western|Gesetz","Hitch trennt seine persönliche Entscheidung von seinem Deputyamt.","„Appaloosa“ (2008): Warum legt Hitch vor seinem Duell mit Bragg das Amt nieder?","Er will für Bragg als Leibwächter arbeiten","Er will als Sheriff in eine Nachbarstadt wechseln","Er will eine Verurteilung wegen Bestechung verhindern","Er will Cole nicht als Amtskollegen in seine Tat hineinziehen","D","Hitch (Viggo Mortensen) trennt seine persönliche Entscheidung von seinem Deputyamt.","Hitch (Viggo Mortensen) kann den Konflikt nicht mehr innerhalb der bisherigen gemeinsamen Ordnung lösen. Sein Rücktritt macht die folgende Handlung zu einer Entscheidung, für die er selbst einsteht. Cole (Ed Harris) soll nicht dieselbe Verantwortung übernehmen müssen. Die Freundschaft zeigt sich dadurch als Bereitschaft zur Trennung: Der eine verlässt den gemeinsamen Alltag, um dem anderen eine Zukunft zu ermöglichen.","Hitch (Viggo Mortensen) wechselt nicht in Braggs (Jeremy Irons) Dienst.","Ein angekündigter Amtswechsel ist nicht der Grund für diesen Rücktritt.","Ein drohendes Bestechungsverfahren ist nicht sein Motiv.","Hitch (Viggo Mortensen) trennt seine persönliche Entscheidung von seinem Deputyamt.","Hitch (Viggo Mortensen) legt den Stern ab, bevor er handelt.","Auflösung","https://en.wikipedia.org/wiki/Appaloosa_(film)|https://www.rottentomatoes.com/m/10008785-appaloosa","redaktionell_geprueft"
"WES-L-037","K-WES-19-01","","de","Film","Western","Der Mann, der Liberty Valance erschoss","The Man Who Shot Liberty Valance","1962","","leicht","Figur","Legenden|Gesetz|Politik","Western|Legenden|John Wayne","Stoddard kommt als Rechtsanwalt nach Shinbone.","„Der Mann, der Liberty Valance erschoss“ (1962): Welchen Beruf hat Ransom Stoddard bei seiner Ankunft im Westen?","Rechtsanwalt","Viehzüchter","Lokomotivführer","Kopfgeldjäger","A","Stoddard (James Stewart) kommt als Rechtsanwalt nach Shinbone.","Stoddard (James Stewart) setzt zunächst auf Regeln, Bildung und gerichtliche Verantwortung. Seine Fähigkeiten passen nicht zu einer Umgebung, in der Drohung häufig schneller wirkt als ein Gesetzestext. Doniphon (John Wayne) kennt diese Verhältnisse aus eigener Erfahrung. Die Begegnung stellt deshalb nicht einfach Mut gegen Feigheit, sondern zwei unterschiedliche Vorstellungen davon, wie Zusammenleben geschützt werden kann.","Stoddard (James Stewart) kommt als Rechtsanwalt nach Shinbone.","Er kommt nicht als Ranchbesitzer.","Eisenbahnarbeit ist nicht sein Beruf.","Er verdient nicht mit Kopfgeldern sein Geld.","Stoddard (James Stewart) bringt Gesetzeswissen nach Shinbone.","Handlung","https://en.wikipedia.org/wiki/The_Man_Who_Shot_Liberty_Valance|https://www.paramountpictures.com/movies/the-man-who-shot-liberty-valance","redaktionell_geprueft"
"WES-L-038","K-WES-19-02","","de","Film","Western","Der Mann, der Liberty Valance erschoss","The Man Who Shot Liberty Valance","1962","","leicht","Besetzung","Legenden|Gesetz|Politik","Western|Legenden|John Wayne","John Wayne spielt Doniphon.","„Der Mann, der Liberty Valance erschoss“ (1962): Wer spielt Tom Doniphon?","Gary Cooper","John Wayne","Lee Marvin","James Stewart","B","John Wayne spielt Doniphon (John Wayne).","Doniphon (John Wayne) besitzt jene körperliche Autorität, die Stoddard (James Stewart) zunächst fehlt. John Waynes vertraute Westernpräsenz gibt ihm Glaubwürdigkeit als Mann, der die örtlichen Regeln durchschaut. Zugleich wird diese Stärke nicht mit sicherem Glück gleichgesetzt. Seine Stellung im Ort und sein privater Lebensentwurf können sich verändern, auch wenn seine Fähigkeit zum entscheidenden Handeln erhalten bleibt.","Gary Cooper gehört nicht zu diesem Hauptensemble.","John Wayne spielt Doniphon (John Wayne).","Lee Marvin spielt Valance (Lee Marvin).","James Stewart spielt Stoddard (James Stewart).","Doniphon (John Wayne): John Wayne als erfahrener Mann des Ortes.","Handlung","https://en.wikipedia.org/wiki/The_Man_Who_Shot_Liberty_Valance|https://www.paramountpictures.com/movies/the-man-who-shot-liberty-valance","redaktionell_geprueft"
"WES-M-037","K-WES-19-03","","de","Film","Western","Der Mann, der Liberty Valance erschoss","The Man Who Shot Liberty Valance","1962","","mittel","Handlung","Legenden|Gesetz|Politik","Western|Legenden|John Wayne","Stoddard richtet Unterricht für Kinder und Erwachsene ein.","„Der Mann, der Liberty Valance erschoss“ (1962): Welche Einrichtung schafft Stoddard, um Kindern und Erwachsenen zu helfen?","Eine Schule","Eine Waffenfabrik","Eine Spielbank","Eine Pferderennbahn","A","Stoddard (James Stewart) richtet Unterricht für Kinder und Erwachsene ein.","Stoddard (James Stewart) versteht gesellschaftliche Veränderung nicht nur als Sieg über einen einzelnen Gewalttäter. Lesen und Schreiben geben Menschen Möglichkeiten, sich selbst an öffentlichen Angelegenheiten zu beteiligen. Auch Hallie (Vera Miles) erhält dadurch eine neue Perspektive. Die Unterrichtsszenen zeigen daher, was hinter seinem Rechtsideal steht: eine Gemeinschaft, deren Mitglieder nicht dauerhaft von stärkeren Beschützern abhängig bleiben sollen.","Stoddard (James Stewart) richtet Unterricht für Kinder und Erwachsene ein.","Eine Waffenfabrik entspricht nicht dieser Initiative.","Eine Spielbank gründet er nicht.","Eine Rennbahn ist nicht sein Bildungsprojekt.","Stoddards (James Stewart) Gegenmacht beginnt mit Unterricht.","Handlung","https://en.wikipedia.org/wiki/The_Man_Who_Shot_Liberty_Valance|https://www.paramountpictures.com/movies/the-man-who-shot-liberty-valance","redaktionell_geprueft"
"WES-M-038","K-WES-19-04","","de","Film","Western","Der Mann, der Liberty Valance erschoss","The Man Who Shot Liberty Valance","1962","","mittel","Handlung","Legenden|Gesetz|Politik","Western|Legenden|John Wayne","Stoddard kehrt zu Doniphons Beerdigung zurück.","„Der Mann, der Liberty Valance erschoss“ (1962): Wessen Beerdigung führt Senator Stoddard in der Rahmenhandlung zurück nach Shinbone?","Dutton Peabodys","Tom Doniphons","Marshal Appleyards","Liberty Valances","B","Stoddard (James Stewart) kehrt zu Doniphons (John Wayne) Beerdigung zurück.","Die Rückkehr zwingt Stoddard (James Stewart), öffentliche Anerkennung und private Erinnerung zusammenzudenken. Doniphons (John Wayne) unscheinbares Ende passt nicht zu dessen Bedeutung für seine Lebensgeschichte. Schon der Anlass der Rahmenhandlung stellt deshalb eine Frage an den Zuschauer: Warum trauert ein berühmter Politiker um einen scheinbar unbedeutenden Mann, dessen Name kaum noch öffentliches Gewicht besitzt?","Peabodys (Edmond O'Brien) Beerdigung ist nicht der Anlass.","Stoddard (James Stewart) kehrt zu Doniphons (John Wayne) Beerdigung zurück.","Appleyard ist nicht der Verstorbene der Rahmenhandlung.","Valance (Lee Marvin) wird nicht bei dieser Rückkehr beerdigt.","Der Senator kehrt für Doniphon (John Wayne) zurück.","Auflösung","https://en.wikipedia.org/wiki/The_Man_Who_Shot_Liberty_Valance|https://www.paramountpictures.com/movies/the-man-who-shot-liberty-valance","redaktionell_geprueft"
"WES-S-037","K-WES-19-05","","de","Film","Western","Der Mann, der Liberty Valance erschoss","The Man Who Shot Liberty Valance","1962","","schwer","Handlung","Legenden|Gesetz|Politik","Western|Legenden|John Wayne","Doniphon erschießt Valance aus dem Verborgenen.","„Der Mann, der Liberty Valance erschoss“ (1962): Wer gibt tatsächlich den tödlichen Schuss auf Liberty Valance ab?","Tom Doniphon","Marshal Appleyard","Dutton Peabody","Ransom Stoddard","A","Doniphon (John Wayne) erschießt Valance (Lee Marvin) aus dem Verborgenen.","Stoddards (James Stewart) späterer Ruhm beruht auf einem Ereignis, dessen sichtbarer Ablauf die entscheidende Handlung verdeckt. Doniphon (John Wayne) schützt ihn, verliert aber den Platz in der öffentlichen Erzählung. Die Enthüllung verändert deshalb mehr als die Lösung eines Schusswechsels. Sie fragt, welche unsichtbaren Voraussetzungen eine politische Erfolgsgeschichte besitzt und wer aus ihr verschwindet.","Doniphon (John Wayne) erschießt Valance (Lee Marvin) aus dem Verborgenen.","Der Marshal tötet Valance (Lee Marvin) nicht.","Peabody (Edmond O'Brien) ist nicht der verborgene Schütze.","Stoddards (James Stewart) Schuss ist nicht der tödliche.","Der unsichtbare Schütze ist Doniphon (John Wayne).","Auflösung","https://en.wikipedia.org/wiki/The_Man_Who_Shot_Liberty_Valance|https://www.paramountpictures.com/movies/the-man-who-shot-liberty-valance","redaktionell_geprueft"
"WES-S-038","K-WES-19-06","","de","Film","Western","Der Mann, der Liberty Valance erschoss","The Man Who Shot Liberty Valance","1962","","schwer","Handlung","Legenden|Gesetz|Politik","Western|Legenden|John Wayne","Der Redakteur will die etablierte Legende nicht durch die Wahrheit ersetzen.","„Der Mann, der Liberty Valance erschoss“ (1962): Wie reagiert der Zeitungsredakteur auf Stoddards wahre Geschichte?","Er verkauft die Notizen an Valances Familie","Er verzichtet auf die Veröffentlichung","Er lässt Stoddard verhaften","Er druckt sofort eine Sonderausgabe","B","Der Redakteur will die etablierte Legende nicht durch die Wahrheit ersetzen.","Stoddard (James Stewart) liefert eine Korrektur seines öffentlichen Bildes, doch die Zeitung behandelt die Geschichte als bereits feststehenden gesellschaftlichen Besitz. Doniphons (John Wayne) Anteil bleibt dadurch unsichtbar. Der Film zeigt Erinnerung als etwas, das durch Auswahl hergestellt wird. Die Wahrheit kann bekannt sein und trotzdem wirkungslos bleiben, wenn eine Gemeinschaft lieber an einer vertrauten Erzählung festhält.","Er verkauft die Unterlagen nicht.","Der Redakteur will die etablierte Legende nicht durch die Wahrheit ersetzen.","Der Redakteur veranlasst keine Festnahme.","Eine Sonderausgabe erscheint nicht.","Die Zeitung bewahrt die Legende.","Auflösung","https://en.wikipedia.org/wiki/The_Man_Who_Shot_Liberty_Valance|https://www.paramountpictures.com/movies/the-man-who-shot-liberty-valance","redaktionell_geprueft"
"WES-L-039","K-WES-20-01","","de","Film","Western","El Dorado","El Dorado","1966","","leicht","Besetzung","Freundschaft|Wasserrechte|Gesetz","Western|Freundschaft|John Wayne","Robert Mitchum spielt Harrah.","„El Dorado“ (1966): Wer spielt Sheriff J. P. Harrah?","James Caan","John Wayne","Robert Mitchum","Dean Martin","C","Robert Mitchum spielt Harrah (Robert Mitchum).","Harrah (Robert Mitchum) verfügt über Erfahrung, kann seine Aufgabe aber nicht jederzeit zuverlässig erfüllen. Robert Mitchum verbindet die Verletzlichkeit der Figur mit einer Präsenz, die ihre frühere Kompetenz glaubhaft macht. Thornton (John Wayne) begegnet ihm deshalb nicht als hoffnungslosem Fall. Die Freundschaft lebt von der Möglichkeit, einem Menschen mehr zuzutrauen, als sein momentaner Zustand erkennen lässt.","James Caan spielt Mississippi (James Caan).","John Wayne spielt Thornton (John Wayne).","Robert Mitchum spielt Harrah (Robert Mitchum).","Dean Martin spielt einen anderen alkoholkranken Helfer in „Rio Bravo“.","Harrah (Robert Mitchum): Robert Mitchum hinter dem Stern.","Handlung","https://en.wikipedia.org/wiki/El_Dorado_(1966_film)|https://www.paramountpictures.com/movies/el-dorado|https://www.imdb.com/title/tt0061619/releaseinfo/","redaktionell_geprueft"
"WES-L-040","K-WES-20-02","","de","Film","Western","El Dorado","El Dorado","1966","","leicht","Beziehung","Freundschaft|Wasserrechte|Gesetz","Western|Freundschaft|John Wayne","Thornton stellt sich an Harrahs Seite.","„El Dorado“ (1966): Wer unterstützt seinen alten Freund Harrah gegen Bart Jason?","Der Sheriff der Nachbarstadt","Nelse McLeod","Luke MacDonald","Cole Thornton","D","Thornton (John Wayne) stellt sich an Harrahs (Robert Mitchum) Seite.","Thornton (John Wayne) verdient gewöhnlich an seinem Können mit der Waffe. Seine Bindung an Harrah (Robert Mitchum) setzt jedoch eine Grenze dafür, wem er diese Fähigkeit zur Verfügung stellen will. Der Film macht Freundschaft damit zu einem praktischen Maßstab für Beruf und Loyalität. Die Entscheidung ist nicht abstrakt: Sie bestimmt, auf welcher Seite er im nächsten Konflikt stehen wird.","Thornton (John Wayne) ist der alte Freund, der Harrah (Robert Mitchum) zur Seite steht.","McLeod (Christopher George) arbeitet für die Gegenseite.","Luke ist nicht Harrahs (Robert Mitchum) alter Revolvermannfreund.","Thornton (John Wayne) stellt sich an Harrahs (Robert Mitchum) Seite.","Thornton (John Wayne) bleibt bei seinem alten Freund.","Handlung","https://en.wikipedia.org/wiki/El_Dorado_(1966_film)|https://www.paramountpictures.com/movies/el-dorado|https://www.imdb.com/title/tt0061619/releaseinfo/","redaktionell_geprueft"
"WES-M-039","K-WES-20-03","","de","Film","Western","El Dorado","El Dorado","1966","","mittel","Figur","Freundschaft|Wasserrechte|Gesetz","Western|Freundschaft|John Wayne","James Caans Figur wird Mississippi genannt.","„El Dorado“ (1966): Welchen Spitznamen trägt James Caans junger Begleiter?","Dakota","Nevada","Mississippi","Colorado","C","James Caans Figur wird Mississippi (James Caan) genannt.","Mississippi (James Caan) bringt weniger Routine im Schusswaffenkampf mit als Thornton (John Wayne) und Harrah (Robert Mitchum). Seine Anwesenheit verhindert jedoch, dass die Gruppe nur aus gleichartigen Profis besteht. Lernen und Improvisation bekommen einen eigenen Platz. Der junge Mann muss seine Schwächen nicht verbergen, um nützlich zu werden; entscheidend ist, eine Aufgabe zu finden, die zu seinen Fähigkeiten passt.","Dakota ist nicht sein Spitzname.","Nevada bezeichnet nicht diese Figur.","James Caans Figur wird Mississippi (James Caan) genannt.","Colorado ist der junge Helfer aus „Rio Bravo“.","James Caans junger Helfer heißt Mississippi (James Caan).","Handlung","https://en.wikipedia.org/wiki/El_Dorado_(1966_film)|https://www.paramountpictures.com/movies/el-dorado|https://www.imdb.com/title/tt0061619/releaseinfo/","redaktionell_geprueft"
"WES-M-040","K-WES-20-04","","de","Film","Western","El Dorado","El Dorado","1966","","mittel","Motivation","Freundschaft|Wasserrechte|Gesetz","Western|Freundschaft|John Wayne","Jason will die Wasserrechte der MacDonalds an sich bringen.","„El Dorado“ (1966): Worum geht es Bart Jason beim Druck auf die Familie MacDonald besonders?","Um ihre Silbermünzsammlung","Um ihren Vertrag mit einem Theater","Um ihre Druckerpresse","Um ihre Wasserrechte","D","Jason (Ed Asner) will die Wasserrechte der MacDonalds an sich bringen.","Jason (Ed Asner) benötigt nicht nur Fläche, sondern Kontrolle über eine lebenswichtige Ressource. Thornton (John Wayne) und Harrah (Robert Mitchum) stehen damit in einem Konflikt, der sich nicht als bloße persönliche Kränkung erklären lässt. Wasserrechte entscheiden darüber, wer wirtschaftlich bestehen kann. Die bewaffnete Erpressung zeigt, wie schnell Eigentumsfragen ohne verlässlichen Schutz in unmittelbare Gewalt gegen Familien umschlagen können.","Eine Münzsammlung begründet die Erpressung nicht.","Theaterverträge spielen dabei keine Rolle.","Eine Druckerpresse ist nicht das umkämpfte Gut.","Jason (Ed Asner) will die Wasserrechte der MacDonalds an sich bringen.","Jasons (Ed Asner) Machtplan zielt auf Wasser.","Handlung","https://en.wikipedia.org/wiki/El_Dorado_(1966_film)|https://www.paramountpictures.com/movies/el-dorado|https://www.imdb.com/title/tt0061619/releaseinfo/","redaktionell_geprueft"
"WES-S-039","K-WES-20-05","","de","Film","Western","El Dorado","El Dorado","1966","","schwer","Figur","Freundschaft|Wasserrechte|Gesetz","Western|Freundschaft|John Wayne","Eine im Körper gebliebene Kugel verursacht Thorntons Lähmungsanfälle.","„El Dorado“ (1966): Warum verliert Thornton zeitweise die Kontrolle über seinen rechten Arm?","Ein gebrochener Revolvergriff verletzt ihn wiederholt","Er wird heimlich mit Schlafmitteln betäubt","Eine Kugel nahe der Wirbelsäule verursacht Lähmungen","Er hat eine alte Schulterprothese","C","Eine im Körper gebliebene Kugel verursacht Thorntons (John Wayne) Lähmungsanfälle.","Thornton (John Wayne) kann sich nicht mehr vollständig auf seine wichtigste berufliche Fähigkeit verlassen. Die plötzlich auftretende Schwäche verändert jedes Risiko, auch wenn andere weiterhin den bekannten Profi in ihm sehen. Harrahs (Robert Mitchum) Probleme und Thorntons Verletzung ergänzen sich dadurch thematisch. Die Gruppe funktioniert, weil ihre Mitglieder einander aushelfen, nicht weil jeder für sich unverwundbar wäre.","Sein Revolvergriff verursacht die Lähmung nicht.","Schlafmittel lösen diese Ausfälle nicht aus.","Eine im Körper gebliebene Kugel verursacht Thorntons (John Wayne) Lähmungsanfälle.","Eine Prothese ist nicht die Ursache.","Die alte Kugel begrenzt Thorntons (John Wayne) Sicherheit.","Handlung","https://en.wikipedia.org/wiki/El_Dorado_(1966_film)|https://www.paramountpictures.com/movies/el-dorado|https://www.imdb.com/title/tt0061619/releaseinfo/","redaktionell_geprueft"
"WES-S-040","K-WES-20-06","","de","Film","Western","El Dorado","El Dorado","1966","","schwer","Handlung","Freundschaft|Wasserrechte|Gesetz","Western|Freundschaft|John Wayne","Joey verhindert mit ihrem Schuss Jasons Angriff auf Thornton.","„El Dorado“ (1966): Wie macht Joey ihren früheren Angriff auf Thornton am Ende teilweise wieder gut?","Sie befreit Thornton heimlich aus dem Gefängnis","Sie bezahlt sämtliche Kopfgelder der Bande","Sie verhandelt einen Waffenstillstand mit McLeod","Sie erschießt Jason, als er Thornton bedroht","D","Joey (Michele Carey) verhindert mit ihrem Schuss Jasons (Ed Asner) Angriff auf Thornton (John Wayne).","Joey (Michele Carey) hatte Thornton (John Wayne) zuvor aus einer falschen Vorstellung der Ereignisse heraus angegriffen. Ihr späteres Eingreifen spiegelt diese erste Entscheidung, verändert aber deren Richtung. Die Szene zeigt eine Form praktischer Wiedergutmachung: Einsicht bleibt nicht nur ein Gefühl, sondern führt zu einer konkreten Handlung. Der Schluss verbindet Rettung deshalb mit dem Überwinden eines früheren Irrtums.","Ihr entscheidendes Eingreifen besteht im Schuss auf Jason (Ed Asner).","Eine Kopfgeldzahlung ist nicht ihre entscheidende Tat.","Sie rettet Thornton (John Wayne) nicht durch einen solchen Waffenstillstand.","Joey (Michele Carey) verhindert mit ihrem Schuss Jasons (Ed Asner) Angriff auf Thornton (John Wayne).","Joeys (Michele Carey) zweiter Schuss rettet Thornton (John Wayne).","Auflösung","https://en.wikipedia.org/wiki/El_Dorado_(1966_film)|https://www.paramountpictures.com/movies/el-dorado|https://www.imdb.com/title/tt0061619/releaseinfo/","redaktionell_geprueft"
"WES-L-041","K-WES-21-01","","de","Film","Western","Der Scharfschütze","The Gunfighter","1950","","leicht","Besetzung","Legenden|Familie|Gewaltfolgen","Western|Legenden","Gregory Peck spielt Ringo.","„Der Scharfschütze“ (1950): Wer spielt den berühmten Revolvermann Jimmy Ringo?","Gregory Peck","Gary Cooper","Randolph Scott","James Stewart","A","Gregory Peck spielt Ringo (Gregory Peck).","Ringo (Gregory Peck) trägt seinen Ruf wie eine Belastung. Gregory Pecks ernstes Auftreten lässt die Müdigkeit eines Mannes erkennen, der nicht mehr jede Begegnung als Herausforderung erleben möchte. Die Figur bietet damit eine andere Perspektive auf Schießkunst: Was in einer Heldengeschichte Anerkennung verspricht, kann im Alltag jede Möglichkeit zu einem sicheren, gewöhnlichen Leben zerstören.","Gregory Peck spielt Ringo (Gregory Peck).","Gary Cooper spielt Ringo (Gregory Peck) nicht.","Randolph Scott ist nicht der Darsteller dieser Rolle.","James Stewart spielt in anderen Western ähnlich gebrochene Figuren, hier aber nicht Ringo (Gregory Peck).","Ringo (Gregory Peck): Gregory Peck unter der Last seines Rufs.","Handlung","https://en.wikipedia.org/wiki/The_Gunfighter|https://www.criterion.com/films/28568","redaktionell_geprueft"
"WES-L-042","K-WES-21-02","","de","Film","Western","Der Scharfschütze","The Gunfighter","1950","","leicht","Motivation","Legenden|Familie|Gewaltfolgen","Western|Legenden","Ringo hofft auf ein Wiedersehen mit seiner Familie.","„Der Scharfschütze“ (1950): Was sucht Ringo in Cayenne vor allem?","Ein Duell mit dem schnellsten Sheriff","Ein Wiedersehen mit Frau und Sohn","Einen neuen Auftrag als Kopfgeldjäger","Einen Käufer für gestohlenes Silber","B","Ringo (Gregory Peck) hofft auf ein Wiedersehen mit seiner Familie.","Ringo (Gregory Peck) reist nicht an, um seinen Ruf weiter zu vergrößern. Er will Zugang zu einem Leben, das gerade dieser Ruf beschädigt hat. Peggy (Helen Westcott) muss dabei mehr bedenken als seine guten Absichten. Für sie zählt, ob Nähe zu ihm Sicherheit oder neue Gefahr bedeutet. Der Film verbindet den Wunsch nach Versöhnung deshalb mit berechtigtem Misstrauen.","Ein Ruhmesduell ist nicht sein Hauptziel.","Ringo (Gregory Peck) hofft auf ein Wiedersehen mit seiner Familie.","Er sucht keinen neuen Jagdauftrag.","Eine Silberbeute will er nicht verkaufen.","Ringo (Gregory Peck) sucht Familie statt ein weiteres Duell.","Handlung","https://en.wikipedia.org/wiki/The_Gunfighter|https://www.criterion.com/films/28568","redaktionell_geprueft"
"WES-M-041","K-WES-21-03","","de","Film","Western","Der Scharfschütze","The Gunfighter","1950","","mittel","Beziehung","Legenden|Familie|Gewaltfolgen","Western|Legenden","Stratton kennt Ringo aus dessen früherem Leben.","„Der Scharfschütze“ (1950): Was verbindet Marshal Mark Stratton mit Ringo?","Eine frühere Freundschaft aus Revolvermanntagen","Ein gemeinsames Amt als Bundesrichter","Eine Vater-Sohn-Beziehung","Ein Vertrag über Rinderlieferungen","A","Stratton (Millard Mitchell) kennt Ringo (Gregory Peck) aus dessen früherem Leben.","Stratton (Millard Mitchell) kann Ringo (Gregory Peck) nicht einfach wie einen fremden Störenfried behandeln. Er weiß, dass hinter dem gefürchteten Namen ein Mensch mit veränderbaren Wünschen steht. Gleichzeitig muss er seine Stadt schützen. Die frühere Freundschaft macht das Amt damit komplizierter: Verständnis für den Einzelnen und Verantwortung gegenüber anderen führen nicht automatisch zu derselben Entscheidung.","Stratton (Millard Mitchell) kennt Ringo (Gregory Peck) aus dessen früherem Leben.","Die beiden waren keine Bundesrichter.","Stratton (Millard Mitchell) ist nicht Ringos (Gregory Peck) Vater oder Sohn.","Ein Viehvertrag begründet ihre Beziehung nicht.","Stratton (Millard Mitchell) kennt den Menschen hinter Ringos (Gregory Peck) Ruf.","Handlung","https://en.wikipedia.org/wiki/The_Gunfighter|https://www.criterion.com/films/28568","redaktionell_geprueft"
"WES-M-042","K-WES-21-04","","de","Film","Western","Der Scharfschütze","The Gunfighter","1950","","mittel","Motivation","Legenden|Familie|Gewaltfolgen","Western|Legenden","Bromley sucht Ruhm durch einen Sieg über Ringo.","„Der Scharfschütze“ (1950): Warum provoziert Hunt Bromley den berühmten Ringo?","Er will ein Urteil als Sheriff vollstrecken","Er will durch dessen Tod selbst berühmt werden","Er will eine entführte Schwester befreien","Er will ein verlorenes Pferd zurückholen","B","Bromley (Skip Homeier) sucht Ruhm durch einen Sieg über Ringo (Gregory Peck).","Bromley (Skip Homeier) betrachtet Ringo (Gregory Peck) als Abkürzung zu einem bedeutenden Namen. Er sieht im Ruf des älteren Mannes vor allem Anerkennung und übersieht dessen zerstörerische Folgen. Die Konfrontation stellt damit zwei Lebensphasen gegenüber. Was der eine endlich loswerden will, begehrt der andere noch, weil er die Kosten des vermeintlichen Erfolgs nicht kennt.","Er vollstreckt kein amtliches Urteil.","Bromley (Skip Homeier) sucht Ruhm durch einen Sieg über Ringo (Gregory Peck).","Eine entführte Schwester ist nicht sein Motiv.","Ein Pferdestreit treibt ihn nicht an.","Bromley (Skip Homeier) will den Ruhm, vor dem Ringo (Gregory Peck) flieht.","Handlung","https://en.wikipedia.org/wiki/The_Gunfighter|https://www.criterion.com/films/28568","redaktionell_geprueft"
"WES-S-041","K-WES-21-05","","de","Film","Western","Der Scharfschütze","The Gunfighter","1950","","schwer","Beziehung","Legenden|Familie|Gewaltfolgen","Western|Legenden","Peggy will nach einem Jahr prüfen, ob Ringo sein Leben wirklich geändert hat.","„Der Scharfschütze“ (1950): Welche Bedingung stellt Peggy für die Aussicht auf einen gemeinsamen Neuanfang?","Ringo soll ein Jahr ohne neue Schwierigkeiten leben","Ringo soll alle seine früheren Opfer entschädigen","Ringo soll Bromley öffentlich besiegen","Ringo soll zuerst einen Bankraub begehen","A","Peggy (Helen Westcott) will nach einem Jahr prüfen, ob Ringo (Gregory Peck) sein Leben wirklich geändert hat.","Peggy (Helen Westcott) verlangt nicht nur eine bewegende Bitte um Verzeihung. Sie möchte eine Veränderung sehen, die sich im Alltag bewährt. Für Ringo (Gregory Peck) ist Zeit damit ebenso wichtig wie Mut. Der Film nimmt die Perspektive der zurückgelassenen Familie ernst: Vertrauen kann nicht einfach eingefordert werden, nur weil der Rückkehrer seinen Wunsch aufrichtig ausspricht.","Peggy (Helen Westcott) will nach einem Jahr prüfen, ob Ringo (Gregory Peck) sein Leben wirklich geändert hat.","Peggy (Helen Westcott) fordert hier eine bewährte Veränderung über ein Jahr, keine vollständige Entschädigungszahlung.","Ein neues Ruhmesduell ist nicht ihre Bedingung.","Ein Bankraub würde ihrem Wunsch widersprechen.","Peggy (Helen Westcott) fordert bewährte Veränderung über Zeit.","Handlung","https://en.wikipedia.org/wiki/The_Gunfighter|https://www.criterion.com/films/28568","redaktionell_geprueft"
"WES-S-042","K-WES-21-06","","de","Film","Western","Der Scharfschütze","The Gunfighter","1950","","schwer","Motivation","Legenden|Familie|Gewaltfolgen","Western|Legenden","Ringo überlässt Bromley den belastenden Ruf des erfolgreichen Revolvermanns.","„Der Scharfschütze“ (1950): Warum behauptet der sterbende Ringo, er habe zuerst geschossen?","Er will ein geheimes Kopfgeld erhalten","Bromley soll mit dem gefürchteten Ruhm weiterleben","Er hält Stratton für den eigentlichen Schützen","Er will Peggy wegen Beihilfe schützen","B","Ringo (Gregory Peck) überlässt Bromley (Skip Homeier) den belastenden Ruf des erfolgreichen Revolvermanns.","Ringo (Gregory Peck) erkennt, dass Bromleys (Skip Homeier) ersehnter Triumph dessen Zukunft vergiften kann. Seine letzte Aussage lässt den Täter einer unmittelbaren Anklage entgehen, aber nicht der Logik ständiger Herausforderungen. Der Schluss kehrt die Vorstellung einer Belohnung um: Der berühmte Name, den der Jüngere gewinnen wollte, wird zu jener unsichtbaren Falle, aus der der Ältere nicht herauskam.","Ein Kopfgeld kann diese Entscheidung nicht erklären.","Ringo (Gregory Peck) überlässt Bromley (Skip Homeier) den belastenden Ruf des erfolgreichen Revolvermanns.","Ringo (Gregory Peck) verwechselt den Schützen nicht mit Stratton (Millard Mitchell).","Peggy (Helen Westcott) ist keine heimliche Mittäterin.","Bromleys (Skip Homeier) Sieg erbt Ringos (Gregory Peck) Fluch.","Auflösung","https://en.wikipedia.org/wiki/The_Gunfighter|https://www.criterion.com/films/28568","redaktionell_geprueft"
"WES-L-043","K-WES-22-01","","de","Film","Western","Jeremiah Johnson","Jeremiah Johnson","1972","","leicht","Besetzung","Wildnis|Familie|Rache","Western|Wildnis|Robert Redford","Robert Redford spielt Johnson.","„Jeremiah Johnson“ (1972): Wer spielt Jeremiah Johnson?","Burt Lancaster","Steve McQueen","Robert Redford","Paul Newman","C","Robert Redford spielt Johnson (Robert Redford).","Johnson (Robert Redford) erscheint zunächst als Suchender, nicht als fertiger Meister der Wildnis. Robert Redfords Präsenz verbindet den Wunsch nach Unabhängigkeit mit sichtbaren Grenzen. Der Film lässt Raum für unbeholfene Versuche und langsames Lernen. Gerade dadurch wird die Berglandschaft mehr als eine schöne Kulisse: Sie verlangt Kenntnisse, die kein starker Wille allein ersetzen kann.","Burt Lancaster verkörpert nicht diese Figur.","Steve McQueen ist nicht der Hauptdarsteller.","Robert Redford spielt Johnson (Robert Redford).","Paul Newman spielt Johnson (Robert Redford) nicht.","Johnson (Robert Redford): Robert Redford lernt die Berge kennen.","Handlung","https://en.wikipedia.org/wiki/Jeremiah_Johnson_(film)|https://www.rottentomatoes.com/m/jeremiah_johnson","redaktionell_geprueft"
"WES-L-044","K-WES-22-02","","de","Film","Western","Jeremiah Johnson","Jeremiah Johnson","1972","","leicht","Ort","Wildnis|Familie|Rache","Western|Wildnis|Robert Redford","Johnson zieht als Trapper in die Rocky Mountains.","„Jeremiah Johnson“ (1972): Wo versucht Johnson als Trapper ein neues Leben zu beginnen?","An der Küste Floridas","In den Sümpfen Louisianas","In den Weinbergen Kaliforniens","In den Rocky Mountains","D","Johnson (Robert Redford) zieht als Trapper in die Rocky Mountains.","Für Johnson (Robert Redford) versprechen die Berge Abstand von vertrauten gesellschaftlichen Zwängen. Sie bieten aber keine mühelose Freiheit. Kälte, Nahrungssuche und Orientierung bestimmen den Alltag stärker als romantische Vorstellungen von Einsamkeit. Der Film macht diese körperlichen Bedingungen spürbar und lässt die Landschaft gleichzeitig großartig und gleichgültig gegenüber den Wünschen eines einzelnen Menschen erscheinen.","Floridas Küste ist nicht sein Rückzugsraum.","Die Handlung folgt keinem Sumpfleben in Louisiana.","Ein Weinbaubetrieb ist nicht sein Plan.","Johnson (Robert Redford) zieht als Trapper in die Rocky Mountains.","Freiheit in den Rockies muss gelernt werden.","Handlung","https://en.wikipedia.org/wiki/Jeremiah_Johnson_(film)|https://www.rottentomatoes.com/m/jeremiah_johnson","redaktionell_geprueft"
"WES-M-043","K-WES-22-03","","de","Film","Western","Jeremiah Johnson","Jeremiah Johnson","1972","","mittel","Beziehung","Wildnis|Familie|Rache","Western|Wildnis|Robert Redford","Bear Claw wird Johnsons erfahrener Lehrmeister.","„Jeremiah Johnson“ (1972): Wer vermittelt Johnson wichtige Fähigkeiten zum Überleben in den Bergen?","Ein Bankier aus Denver","Lieutenant Mulvey","Bear Claw","Caleb","C","Bear Claw (Will Geer) wird Johnsons (Robert Redford) erfahrener Lehrmeister.","Bear Claw (Will Geer) verkörpert Wissen, das aus langjähriger praktischer Erfahrung stammt. Johnson (Robert Redford) muss nicht nur einzelne Tricks übernehmen, sondern seine Vorstellungen von Gefahr und Alltag verändern. Die Begegnung zeigt, dass Selbstständigkeit oft zunächst auf Hilfe beruht. Auch der spätere Einzelgänger wird durch andere Menschen befähigt, statt seine Fähigkeiten einfach aus sich selbst hervorzubringen.","Ein Bankier übernimmt diese Ausbildung nicht.","Mulvey führt später die militärische Rettungsgruppe.","Bear Claw (Will Geer) wird Johnsons (Robert Redford) erfahrener Lehrmeister.","Caleb (Josh Albee) ist der Junge, den Johnson (Robert Redford) aufnimmt.","Bear Claw (Will Geer) macht aus Absicht Überlebenswissen.","Handlung","https://en.wikipedia.org/wiki/Jeremiah_Johnson_(film)|https://www.rottentomatoes.com/m/jeremiah_johnson","redaktionell_geprueft"
"WES-M-044","K-WES-22-04","","de","Film","Western","Jeremiah Johnson","Jeremiah Johnson","1972","","mittel","Beziehung","Wildnis|Familie|Rache","Western|Wildnis|Robert Redford","Swan und Caleb werden Johnsons Familie.","„Jeremiah Johnson“ (1972): Mit wem bildet Johnson zeitweise eine Familie?","Mit Peggy und Jimmy","Mit Etta und Sundance","Mit Allie und Virgil","Mit Swan und Caleb","D","Swan (Delle Bolton) und Caleb (Josh Albee) werden Johnsons (Robert Redford) Familie.","Johnsons (Robert Redford) Rückzug in die Wildnis führt nicht dauerhaft in völlige Einsamkeit. Mit Swan (Delle Bolton) und Caleb (Josh Albee) entstehen Bindungen, die seinem Zuhause eine andere Bedeutung geben. Der Film zeigt Familienbildung dabei als allmählichen Prozess gemeinsamer Tätigkeiten und Gewöhnung. Das Leben in den Bergen wird dadurch nicht leichter, aber es erhält einen persönlichen Mittelpunkt jenseits bloßen Überlebens.","Peggy und Jimmy gehören zu „Der Scharfschütze“.","Etta und Sundance gehören zu einem anderen Redford-Western.","Diese Namen bilden nicht Johnsons (Robert Redford) Familie.","Swan (Delle Bolton) und Caleb (Josh Albee) werden Johnsons (Robert Redford) Familie.","Swan (Delle Bolton) und Caleb (Josh Albee) geben Johnson (Robert Redford) ein Zuhause.","Handlung","https://en.wikipedia.org/wiki/Jeremiah_Johnson_(film)|https://www.rottentomatoes.com/m/jeremiah_johnson","redaktionell_geprueft"
"WES-S-043","K-WES-22-05","","de","Film","Western","Jeremiah Johnson","Jeremiah Johnson","1972","","schwer","Handlung","Wildnis|Familie|Rache","Western|Wildnis|Robert Redford","Die Expedition durchquert gegen Johnsons Warnung eine heilige Begräbnisstätte.","„Jeremiah Johnson“ (1972): Welche Grenzverletzung auf der Rettungsexpedition führt zur Vergeltung gegen Johnsons Familie?","Der Diebstahl der Pferde eines Forts","Die Zerstörung einer Eisenbahnbrücke","Das Durchqueren einer heiligen Begräbnisstätte","Das Niederbrennen eines Handelspostens","C","Die Expedition durchquert gegen Johnsons (Robert Redford) Warnung eine heilige Begräbnisstätte.","Johnson (Robert Redford) weiß, dass der kürzere Weg mehr bedeutet als eine praktische Abkürzung. Die militärische Dringlichkeit verdrängt jedoch seine Warnung. Die Folgen zeigen einen Konflikt zwischen unterschiedlichen Verpflichtungen und räumlichen Bedeutungen. Ein Gelände ist nicht bloß leerer Durchgang, wenn es für andere mit Erinnerung, Heiligkeit und gemeinschaftlicher Identität verbunden ist.","Ein Pferdediebstahl am Fort löst diese Vergeltung nicht aus.","Eine Eisenbahnbrücke wird dabei nicht zerstört.","Die Expedition durchquert gegen Johnsons (Robert Redford) Warnung eine heilige Begräbnisstätte.","Ein niedergebrannter Handelsposten ist nicht der Anlass.","Die vermeintliche Abkürzung verletzt eine heilige Grenze.","Auflösung","https://en.wikipedia.org/wiki/Jeremiah_Johnson_(film)|https://www.rottentomatoes.com/m/jeremiah_johnson","redaktionell_geprueft"
"WES-S-044","K-WES-22-06","","de","Film","Western","Jeremiah Johnson","Jeremiah Johnson","1972","","schwer","Handlung","Wildnis|Familie|Rache","Western|Wildnis|Robert Redford","Johnson erwidert die erhobene offene Hand seines Gegenübers.","„Jeremiah Johnson“ (1972): Welche Geste beendet die letzte Begegnung mit Paints His Shirt Red?","Der Häuptling unterschreibt einen Kaufvertrag","Johnson übergibt einen Sack Gold","Beide werfen ihre Waffen in den Fluss","Beide heben die offene Hand zum Friedensgruß","D","Johnson (Robert Redford) erwidert die erhobene offene Hand seines Gegenübers.","Johnson (Robert Redford) und Paints His Shirt Red (Joaquín Martínez) brauchen am Ende keine ausführliche Verhandlung im Dialog. Die gegenseitige Geste verändert die Bedeutung ihres Gegenüberstehens. Wo zuvor mit einem Angriff gerechnet werden musste, wird Zurückhaltung möglich. Der Film schließt den Kreislauf der Gewalt damit nicht durch einen letzten Sieg, sondern durch erkennbare Bereitschaft, nicht weiterzukämpfen.","Ein schriftlicher Vertrag besiegelt den Moment nicht.","Gold ist nicht der Inhalt dieser Begegnung.","Ein gemeinsames Wegwerfen der Waffen wird nicht gezeigt.","Johnson (Robert Redford) erwidert die erhobene offene Hand seines Gegenübers.","Offene Hände ersetzen den nächsten Angriff.","Auflösung","https://en.wikipedia.org/wiki/Jeremiah_Johnson_(film)|https://www.rottentomatoes.com/m/jeremiah_johnson","redaktionell_geprueft"
"WES-L-045","K-WES-23-01","","de","Film","Western","Die glorreichen Sieben","The Magnificent Seven","2016","","leicht","Besetzung","Gemeinschaft|Widerstand|Opfer","Western|Gemeinschaft","Denzel Washington spielt Chisholm.","„Die glorreichen Sieben“ (2016): Wer spielt den Anführer Sam Chisholm?","Denzel Washington","Idris Elba","Jamie Foxx","Morgan Freeman","A","Denzel Washington spielt Chisholm (Denzel Washington).","Chisholm (Denzel Washington) muss aus sehr verschiedenen Einzelgängern eine handlungsfähige Gruppe bilden. Denzel Washingtons kontrollierte Präsenz gibt dieser Aufgabe einen Mittelpunkt. Der Film verbindet Führung dabei mit der Fähigkeit, Können bei anderen zu erkennen und einzusetzen. Die Sieben werden nicht durch gleiche Herkunft verbunden, sondern durch eine gemeinsame Entscheidung in einer konkreten Bedrohungslage.","Denzel Washington spielt Chisholm (Denzel Washington).","Idris Elba gehört nicht zu dieser Rolle.","Jamie Foxx spielt einen anderen bekannten Westernhelden, aber nicht Chisholm (Denzel Washington).","Morgan Freeman spielt Chisholm (Denzel Washington) nicht.","Chisholm (Denzel Washington) führt mit Denzel Washingtons Präsenz.","Handlung","https://en.wikipedia.org/wiki/The_Magnificent_Seven_(2016_film)|https://www.sonypictures.com/movies/themagnificentseven","redaktionell_geprueft"
"WES-L-046","K-WES-23-02","","de","Film","Western","Die glorreichen Sieben","The Magnificent Seven","2016","","leicht","Handlung","Gemeinschaft|Widerstand|Opfer","Western|Gemeinschaft","Die Sieben stellen sich Bogue und seiner bewaffneten Macht entgegen.","„Die glorreichen Sieben“ (2016): Wovor sollen die Sieben die Stadt Rose Creek schützen?","Vor einer Kavallerieeinheit, die den Ort räumen will","Vor dem Industriellen Bogue und seinen bewaffneten Männern","Vor einem Ausbruch aus dem Staatsgefängnis","Vor einer Bande, die den Viehtrieb beherrscht","B","Die Sieben stellen sich Bogue (Peter Sarsgaard) und seiner bewaffneten Macht entgegen.","Bogue (Peter Sarsgaard) behandelt Rose Creek als Hindernis seiner wirtschaftlichen Interessen. Die Bewohner brauchen deshalb mehr als individuelle Tapferkeit, um sich behaupten zu können. Chisholms (Denzel Washington) Gruppe bringt Erfahrung und Organisation hinzu. Der Konflikt macht aus dem angeheuerten Schutz eine Frage gemeinsamer Selbstbestimmung: Wer entscheidet darüber, ob eine ganze Gemeinde ihren Lebensort behalten darf?","Eine reguläre Kavallerieeinheit ist nicht die gesuchte Bedrohung.","Die Sieben stellen sich Bogue (Peter Sarsgaard) und seiner bewaffneten Macht entgegen.","Ein Gefängnisausbruch ist nicht der Ausgangspunkt.","Die Gegner stehen in Bogues (Peter Sarsgaard) Dienst und sichern seine Bergbauinteressen.","Rose Creek wehrt sich gegen Bogues (Peter Sarsgaard) Zugriff.","Handlung","https://en.wikipedia.org/wiki/The_Magnificent_Seven_(2016_film)|https://www.sonypictures.com/movies/themagnificentseven","redaktionell_geprueft"
"WES-M-045","K-WES-23-03","","de","Film","Western","Die glorreichen Sieben","The Magnificent Seven","2016","","mittel","Motivation","Gemeinschaft|Widerstand|Opfer","Western|Gemeinschaft","Emma sucht bewaffnete Helfer für den Widerstand.","„Die glorreichen Sieben“ (2016): Wer sucht nach dem Tod ihres Mannes Hilfe für Rose Creek?","Emma Cullen","Mattie Ross","Allie French","Jill McBain","A","Emma (Haley Bennett) sucht bewaffnete Helfer für den Widerstand.","Emma (Haley Bennett) bleibt nach ihrem Verlust nicht bei einer privaten Bitte um Rache stehen. Sie trägt dazu bei, eine kollektive Antwort auf die Bedrohung zu organisieren. Chisholm (Denzel Washington) erhält seinen Auftrag dadurch von einer handelnden Bewohnerin, nicht von einem abstrakten Opfer. Ihre Entschlossenheit verbindet persönliche Trauer mit der Zukunft des ganzen Ortes.","Emma (Haley Bennett) sucht bewaffnete Helfer für den Widerstand.","Mattie Ross organisiert die Verfolgung in „True Grit“.","Allie French gehört zu „Appaloosa“.","Jill McBain ist die Erbin von Sweetwater.","Emma (Haley Bennett) macht aus Trauer die Suche nach Hilfe.","Handlung","https://en.wikipedia.org/wiki/The_Magnificent_Seven_(2016_film)|https://www.sonypictures.com/movies/themagnificentseven","redaktionell_geprueft"
"WES-M-046","K-WES-23-04","","de","Film","Western","Die glorreichen Sieben","The Magnificent Seven","2016","","mittel","Figur","Gemeinschaft|Widerstand|Opfer","Western|Gemeinschaft","Goodnight ist ein erfahrener Scharfschütze.","„Die glorreichen Sieben“ (2016): Was ist Goodnight Robicheauxs besondere militärische Fähigkeit?","Das Führen von berittenen Aufklärungstrupps","Präzises Scharfschießen","Das Legen und Entschärfen von Sprengladungen","Das Bedienen schwerer Feldgeschütze","B","Goodnight (Ethan Hawke) ist ein erfahrener Scharfschütze.","Goodnights (Ethan Hawke) Fähigkeit verspricht der Gruppe einen wichtigen Vorteil, ist aber mit belastenden Kriegserfahrungen verbunden. Billy Rocks (Lee Byung-hun) kennt diese Verletzlichkeit hinter dem Ruf. Der Film stellt dadurch infrage, ob frühere Leistungen jederzeit einfach abrufbar sind. Ein Mensch kann etwas außerordentlich gut beherrschen und dennoch daran leiden, es erneut tun zu müssen.","Sein Ruf beruht besonders auf der Treffsicherheit als Scharfschütze.","Goodnight (Ethan Hawke) ist ein erfahrener Scharfschütze.","Sprengtechnik ist nicht Goodnights (Ethan Hawke) besonderes militärisches Können.","Artillerie ist nicht seine zentrale Fähigkeit.","Goodnight (Ethan Hawke) kann treffen und fürchtet das Töten.","Handlung","https://en.wikipedia.org/wiki/The_Magnificent_Seven_(2016_film)|https://www.sonypictures.com/movies/themagnificentseven","redaktionell_geprueft"
"WES-S-045","K-WES-23-05","","de","Film","Western","Die glorreichen Sieben","The Magnificent Seven","2016","","schwer","Handlung","Gemeinschaft|Widerstand|Opfer","Western|Gemeinschaft","Faraday bringt Dynamit an die Gatling-Kanone und opfert sich dabei.","„Die glorreichen Sieben“ (2016): Wie zerstört Faraday die Gatling-Kanone?","Mit Dynamit aus unmittelbarer Nähe","Mit einem gezielten Schuss in den Munitionswagen","Durch Umleiten eines Flusses","Durch einen vorbereiteten Tunnelsturz","A","Faraday (Chris Pratt) bringt Dynamit an die Gatling-Kanone und opfert sich dabei.","Die Gatling-Kanone verändert den Kampf, weil einzelne Schützen ihrer Feuerkraft kaum standhalten können. Faraday (Chris Pratt) beantwortet diese technische Überlegenheit mit einem extremen persönlichen Risiko. Seine letzte Handlung lässt die frühere spielerische Haltung der Figur anders erscheinen. Der Schutz anderer wird wichtiger als die Aussicht, selbst heil aus einem besonders gewagten Manöver hervorzugehen.","Faraday (Chris Pratt) bringt Dynamit an die Gatling-Kanone und opfert sich dabei.","Er muss mit Dynamit bis zur Waffe gelangen.","Der Fluss wird nicht umgeleitet.","Ein einstürzender Tunnel zerstört die Waffe nicht.","Faradays (Chris Pratt) letzter Einsatz gilt der Gatling.","Auflösung","https://en.wikipedia.org/wiki/The_Magnificent_Seven_(2016_film)|https://www.sonypictures.com/movies/themagnificentseven","redaktionell_geprueft"
"WES-S-046","K-WES-23-06","","de","Film","Western","Die glorreichen Sieben","The Magnificent Seven","2016","","schwer","Motivation","Gemeinschaft|Widerstand|Opfer","Western|Gemeinschaft","Chisholm verbindet Bogue mit dem gewaltsamen Tod seiner Familie.","„Die glorreichen Sieben“ (2016): Welches persönliche Motiv verbirgt Chisholm hinter seinem Einsatz gegen Bogue?","Bogue hat seinen Sheriffstern gestohlen","Bogue war für den Tod seiner Familie mitverantwortlich","Bogue hat ihn beim Poker betrogen","Bogue ist sein entfremdeter Bruder","B","Chisholm (Denzel Washington) verbindet Bogue (Peter Sarsgaard) mit dem gewaltsamen Tod seiner Familie.","Chisholms (Denzel Washington) Einsatz hat neben dem Schutz Rose Creeks eine lange verborgene persönliche Seite. Die Enthüllung verändert den Blick auf seine anfängliche Entschlossenheit. Gemeinschaftlicher Widerstand und private Vergeltung können dasselbe Ziel verfolgen, ohne dass sie identisch wären. Gerade deshalb bleibt bedeutsam, dass auch Emma (Haley Bennett) und die Einwohner eigene Gründe und eigene Handlungsmacht besitzen.","Ein gestohlener Stern begründet den Konflikt nicht.","Chisholm (Denzel Washington) verbindet Bogue (Peter Sarsgaard) mit dem gewaltsamen Tod seiner Familie.","Ein Pokerbetrug ist nicht der tiefe Anlass.","Bogue (Peter Sarsgaard) ist nicht Chisholms (Denzel Washington) Bruder.","Hinter dem Auftrag steht Chisholms (Denzel Washington) Familiengeschichte.","Auflösung","https://en.wikipedia.org/wiki/The_Magnificent_Seven_(2016_film)|https://www.sonypictures.com/movies/themagnificentseven","redaktionell_geprueft"
"WES-L-047","K-WES-24-01","","de","Film","Western","Maverick","Maverick","1994","","leicht","Besetzung","Westernkomödie|Poker|Täuschung","Western|Westernkomödie","Mel Gibson spielt Bret.","„Maverick“ (1994): Wer spielt den Pokerspieler Bret Maverick?","Harrison Ford","Kevin Costner","Mel Gibson","James Garner","C","Mel Gibson spielt Bret (Mel Gibson).","Bret (Mel Gibson) setzt auf Charme, Beobachtung und die Möglichkeit, unterschätzt zu werden. Mel Gibsons komisches Spiel lässt ihn zwischen scheinbarer Hilflosigkeit und plötzlicher Kontrolle wechseln. Die Figur muss deshalb nicht jede Begegnung mit offen gezeigter Stärke beginnen. Im Gegenteil kann der Eindruck, ein leichtes Opfer zu sein, selbst zu einem nützlichen Teil ihres Vorgehens werden.","Harrison Ford ist nicht der Darsteller.","Kevin Costner spielt Bret (Mel Gibson) in diesem Film nicht.","Mel Gibson spielt Bret (Mel Gibson).","James Garner spielt Cooper (James Garner).","Bret (Mel Gibson) setzt auf Mel Gibsons spielerischen Charme.","Handlung","https://en.wikipedia.org/wiki/Maverick_(film)|https://www.rottentomatoes.com/m/maverick","redaktionell_geprueft"
"WES-L-048","K-WES-24-02","","de","Film","Western","Maverick","Maverick","1994","","leicht","Handlung","Westernkomödie|Poker|Täuschung","Western|Westernkomödie","Bret will das große Pokerturnier erreichen und bezahlen können.","„Maverick“ (1994): An welchem Wettbewerb möchte Bret teilnehmen?","An einem Rodeofinale","An einem Pferderennen","An einem Schießwettbewerb","An einem großen Pokerturnier","D","Bret (Mel Gibson) will das große Pokerturnier erreichen und bezahlen können.","Das Turnier gibt Brets (Mel Gibson) Reise ein klares Ziel, doch schon die Teilnahme verlangt Geld. Dadurch entstehen unterwegs kleine Betrugsmanöver, Bündnisse und neue Gegner. Die Komödie verlagert den typischen Westernwettbewerb von der Straße an den Spieltisch. Entscheidend bleiben Nerven und Menschenkenntnis, während ein gutes Blatt allein noch keine sichere Zukunft garantiert.","Ein Rodeo ist nicht sein Reiseziel.","Ein Pferderennen will er nicht gewinnen.","Ein Schießwettbewerb steht nicht im Mittelpunkt.","Bret (Mel Gibson) will das große Pokerturnier erreichen und bezahlen können.","Bret (Mel Gibson) braucht den Einsatz fürs Pokerturnier.","Handlung","https://en.wikipedia.org/wiki/Maverick_(film)|https://www.rottentomatoes.com/m/maverick","redaktionell_geprueft"
"WES-M-047","K-WES-24-03","","de","Film","Western","Maverick","Maverick","1994","","mittel","Ort","Westernkomödie|Poker|Täuschung","Western|Westernkomödie","Das Turnier findet auf dem Raddampfer Lauren Belle statt.","„Maverick“ (1994): Wo findet das große Pokerturnier statt?","Auf einem fahrenden Güterzug","In einer verlassenen Mine","Auf einem Raddampfer","In einem Armeefort","C","Das Turnier findet auf dem Raddampfer Lauren Belle statt.","Der Raddampfer bringt Bret (Mel Gibson), Annabelle (Jodie Foster) und ihre Rivalen in einen begrenzten Raum. Niemand kann so einfach ausweichen wie auf einer offenen Straße. Die elegante Umgebung verbirgt dabei keine friedliche Gesellschaft, sondern konzentriert Geldgier und Täuschung. Der Wechsel des Schauplatzes lässt bekannte Westernkonflikte dadurch in einer scheinbar zivilisierten Form wiederkehren.","Es ist ein Schiff, kein Güterzug.","Eine Mine ist nicht der Spielort.","Das Turnier findet auf dem Raddampfer Lauren Belle statt.","Ein Fort beherbergt dieses Turnier nicht.","Die Lauren Belle wird zum schwimmenden Spielsaal.","Handlung","https://en.wikipedia.org/wiki/Maverick_(film)|https://www.rottentomatoes.com/m/maverick","redaktionell_geprueft"
"WES-M-048","K-WES-24-04","","de","Film","Western","Maverick","Maverick","1994","","mittel","Beziehung","Westernkomödie|Poker|Täuschung","Western|Westernkomödie","Annabelle verbindet Anziehung mit eigenen Betrugs- und Gewinnabsichten.","„Maverick“ (1994): Wie verhält sich Annabelle gegenüber Bret?","Sie sucht seine Hilfe als Anwalt ihres Vaters","Sie will ihn als Deputyin wegen Raubes festnehmen","Sie arbeitet als Informantin für seinen Hauptgegner","Sie flirtet mit ihm und verfolgt eigene Geldinteressen","D","Annabelle (Jodie Foster) verbindet Anziehung mit eigenen Betrugs- und Gewinnabsichten.","Annabelle (Jodie Foster) ist für Bret (Mel Gibson) keine verlässliche Partnerin, deren Wünsche vollständig in seinen Plänen aufgehen. Ihre Beziehung bleibt ein Wechselspiel aus Nähe und Vorsicht. Beide können den Reiz des anderen genießen und trotzdem einen Vorteil suchen. Die romantische Spannung entsteht gerade daraus, dass Zuneigung das gegenseitige Misstrauen nicht einfach beseitigt.","Bret (Mel Gibson) tritt nicht als Anwalt ihres Vaters auf.","Eine amtliche Fahndung ist nicht ihre Rolle.","Ihre eigenen finanziellen Interessen beschreiben die Beziehung besser als eine feste Informantenrolle.","Annabelle (Jodie Foster) verbindet Anziehung mit eigenen Betrugs- und Gewinnabsichten.","Flirt und Kalkül laufen bei Annabelle (Jodie Foster) zusammen.","Handlung","https://en.wikipedia.org/wiki/Maverick_(film)|https://www.rottentomatoes.com/m/maverick","redaktionell_geprueft"
"WES-S-047","K-WES-24-05","","de","Film","Western","Maverick","Maverick","1994","","schwer","Beziehung","Westernkomödie|Poker|Täuschung","Western|Westernkomödie","Cooper ist Brets Vater und Mitspieler im Täuschungsmanöver.","„Maverick“ (1994): Welche Verbindung zwischen Cooper und Bret wird am Ende enthüllt?","Cooper ist Brets älterer Bruder","Cooper ist Brets Schwiegervater","Cooper ist Brets Vater","Cooper ist Brets ehemaliger Lehrer","C","Cooper (James Garner) ist Brets (Mel Gibson) Vater und Mitspieler im Täuschungsmanöver.","Coopers (James Garner) Rolle lässt frühere Begegnungen mit Bret (Mel Gibson) nachträglich in einem anderen Licht erscheinen. Die Zuschauer mussten wie die übrigen Figuren aus unvollständigen Hinweisen urteilen. Der Schluss nutzt familiäre Vertrautheit als Grundlage eines gemeinsamen Spiels. Damit passt die Enthüllung zum Pokerprinzip des Films: Sichtbare Gegnerschaft verrät noch nicht, welche Interessen tatsächlich zusammengehören.","Die beiden sind nicht Brüder.","Eine Ehe mit Coopers (James Garner) Tochter erklärt die Verbindung nicht.","Cooper (James Garner) ist Brets (Mel Gibson) Vater und Mitspieler im Täuschungsmanöver.","Er wird nicht lediglich als früherer Lehrer enthüllt.","Hinter Cooper (James Garner) steckt Brets (Mel Gibson) Vater.","Auflösung","https://en.wikipedia.org/wiki/Maverick_(film)|https://www.rottentomatoes.com/m/maverick","redaktionell_geprueft"
"WES-S-048","K-WES-24-06","","de","Film","Western","Maverick","Maverick","1994","","schwer","Objekt","Westernkomödie|Poker|Täuschung","Western|Westernkomödie","Das Pik-Ass vervollständigt Brets Royal Flush.","„Maverick“ (1994): Welche Karte vervollständigt Brets Siegerblatt im entscheidenden Spiel?","Die Karo-Dame","Der Herz-König","Der Kreuz-Bube","Das Pik-Ass","D","Das Pik-Ass vervollständigt Brets (Mel Gibson) Royal Flush.","Bret (Mel Gibson) verzögert den Blick auf die letzte Karte und verwandelt einen Spielzug in einen Moment gespannter Erwartung. Die Szene verbindet rechnerisch klare Pokerregeln mit dem Wunsch nach beinahe magischer Selbstsicherheit. Ob Können, Glück oder Inszenierung überwiegt, bleibt Teil ihres Reizes. Der Triumph gehört damit ebenso zur Show wie zum tatsächlichen Kartenwert.","Eine Karo-Dame vervollständigt diesen Royal Flush nicht.","Der Herz-König ist nicht seine entscheidende letzte Karte.","Der Kreuz-Bube ist nicht die aufgedeckte Siegerkarte.","Das Pik-Ass vervollständigt Brets (Mel Gibson) Royal Flush.","Das Pik-Ass macht Brets (Mel Gibson) Royal Flush vollständig.","Auflösung","https://en.wikipedia.org/wiki/Maverick_(film)|https://www.rottentomatoes.com/m/maverick","redaktionell_geprueft"
"WES-L-049","K-WES-25-01","","de","Film","Western","Leichen pflastern seinen Weg","Il grande silenzio","1968","","leicht","Figur","Italowestern|Kopfgeld|Winterwestern","Western|Italowestern|Klaus Kinski","Silence ist stumm.","„Leichen pflastern seinen Weg“ (1968): Welche Besonderheit kennzeichnet den Revolvermann Silence?","Er kann nicht sprechen","Er kann nicht hören","Er ist blind","Er hat nur einen Arm","A","Silence (Jean-Louis Trintignant) ist stumm.","Silence (Jean-Louis Trintignant) muss Absichten durch Gesten, Blicke und Handlungen ausdrücken. Jean-Louis Trintignants körperlich zurückgenommenes Spiel macht diese Einschränkung zu einer eigenständigen Präsenz. Die Figur steht damit außerhalb der üblichen verbalen Drohrituale vieler Westernhelden. Andere können über ihn sprechen und ihn deuten, ohne dass er seine Sicht auf dieselbe Weise ausführlich verteidigen könnte.","Silence (Jean-Louis Trintignant) ist stumm.","Stummheit bedeutet hier nicht, dass er nicht hören kann.","Er ist nicht blind.","Er hat zu Beginn beide Arme.","Silence (Jean-Louis Trintignant) antwortet durch Handlungen.","Handlung","https://en.wikipedia.org/wiki/The_Great_Silence|https://filmmovement.com/the-great-silence","redaktionell_geprueft"
"WES-L-050","K-WES-25-02","","de","Film","Western","Leichen pflastern seinen Weg","Il grande silenzio","1968","","leicht","Besetzung","Italowestern|Kopfgeld|Winterwestern","Western|Italowestern|Klaus Kinski","Klaus Kinski spielt Loco.","„Leichen pflastern seinen Weg“ (1968): Wer spielt den skrupellosen Kopfgeldjäger Loco, auch Tigrero genannt?","Franco Nero","Klaus Kinski","Jean-Louis Trintignant","Lee Van Cleef","B","Klaus Kinski spielt Loco (Klaus Kinski).","Loco (Klaus Kinski) verbindet Kälte mit einem nüchternen Interesse am Verdienst. Klaus Kinskis Auftreten gibt dieser Berechnung eine bedrückende Intensität. Die Figur muss ihre Taten nicht als heroisch darstellen, solange sie sich auf bezahlte Aufträge berufen kann. Der Film richtet den Blick dadurch auf eine Ordnung, in der rechtliche Etiketten menschliche Grausamkeit nicht verhindern.","Franco Nero spielt Django, nicht Loco (Klaus Kinski).","Klaus Kinski spielt Loco (Klaus Kinski).","Jean-Louis Trintignant spielt Silence (Jean-Louis Trintignant).","Lee Van Cleef ist nicht der Darsteller dieser Rolle.","Loco (Klaus Kinski): Klaus Kinskis berechnende Kälte.","Handlung","https://en.wikipedia.org/wiki/The_Great_Silence|https://filmmovement.com/the-great-silence","redaktionell_geprueft"
"WES-M-049","K-WES-25-03","","de","Film","Western","Leichen pflastern seinen Weg","Il grande silenzio","1968","","mittel","Ort","Italowestern|Kopfgeld|Winterwestern","Western|Italowestern|Klaus Kinski","Die Handlung spielt in einer verschneiten Bergregion um Snow Hill.","„Leichen pflastern seinen Weg“ (1968): Welche Landschaft prägt den Film ungewöhnlich stark?","Eine tief verschneite Bergregion","Eine dicht bebaute Hafenstadt","Eine tropische Küstenlandschaft","Eine weite Salzwüste ohne Schnee","A","Die Handlung spielt in einer verschneiten Bergregion um Snow Hill.","Silence (Jean-Louis Trintignant) bewegt sich in einer Landschaft, die Beweglichkeit und Versorgung einschränkt. Der Schnee ersetzt die vertraute offene Westernweite durch eine ebenso schöne wie bedrängende Umgebung. Kälte ist dabei nicht nur Stimmung. Sie verschärft die Abhängigkeit der Menschen voneinander und macht den Zugang zu Nahrung, Unterkunft und sicheren Wegen zu einer Frage des Überlebens.","Die Handlung spielt in einer verschneiten Bergregion um Snow Hill.","Der Film spielt nicht vorwiegend in einem Hafen.","Tropische Vegetation prägt den Schauplatz nicht.","Eine schneelose Salzwüste ist gerade nicht das besondere Umfeld.","Schnee macht die Westernweite zur Falle.","Handlung","https://en.wikipedia.org/wiki/The_Great_Silence|https://filmmovement.com/the-great-silence","redaktionell_geprueft"
"WES-M-050","K-WES-25-04","","de","Film","Western","Leichen pflastern seinen Weg","Il grande silenzio","1968","","mittel","Motivation","Italowestern|Kopfgeld|Winterwestern","Western|Italowestern|Klaus Kinski","Pauline sucht Hilfe, nachdem Loco ihren Mann getötet hat.","„Leichen pflastern seinen Weg“ (1968): Warum bittet Pauline Silence um Hilfe gegen Loco?","Loco hat ihre Druckerei gekauft","Loco hat ihren Mann getötet","Loco hat ihr Pferd beim Kartenspiel gewonnen","Loco will sie zur Bürgermeisterin machen","B","Pauline (Vonetta McGee) sucht Hilfe, nachdem Loco (Klaus Kinski) ihren Mann getötet hat.","Paulines (Vonetta McGee) Bitte richtet sich gegen einen Mann, dessen Gewalt durch das Kopfgeldsystem gedeckt wird. Silence (Jean-Louis Trintignant) soll eine Lücke schließen, die offizielle Regeln für sie offenlassen. Ihre Beziehung entwickelt sich deshalb aus einer Mischung von Trauer, Hoffnung und praktischer Not. Der Wunsch nach Schutz lässt sich in dieser Umgebung kaum von der Forderung nach Vergeltung trennen.","Ein Druckereiverkauf ist nicht der Anlass.","Pauline (Vonetta McGee) sucht Hilfe, nachdem Loco (Klaus Kinski) ihren Mann getötet hat.","Ein verlorenes Pferd erklärt ihren Verlust nicht.","Eine politische Kandidatur begründet die Bitte nicht.","Pauline (Vonetta McGee) sucht eine Antwort auf den Tod ihres Mannes.","Handlung","https://en.wikipedia.org/wiki/The_Great_Silence|https://filmmovement.com/the-great-silence","redaktionell_geprueft"
"WES-S-049","K-WES-25-05","","de","Film","Western","Leichen pflastern seinen Weg","Il grande silenzio","1968","","schwer","Handlung","Italowestern|Kopfgeld|Winterwestern","Western|Italowestern|Klaus Kinski","Silence nutzt den ersten Griff des Gegners zur Waffe als Notwehrbegründung.","„Leichen pflastern seinen Weg“ (1968): Warum provoziert Silence Gegner dazu, zuerst zu ziehen?","Damit seine tödliche Gegenwehr als Notwehr gilt","Weil seine Pistole nach jedem Schuss abkühlen muss","Weil er erst das Kaliber ihrer Waffen erkennen muss","Weil er ihnen stets eine Patrone schenken will","A","Silence (Jean-Louis Trintignant) nutzt den ersten Griff des Gegners zur Waffe als Notwehrbegründung.","Silence (Jean-Louis Trintignant) bewegt sich nicht außerhalb jeder Regel, sondern nutzt eine vorhandene rechtliche Unterscheidung. Das macht seine Methode widersprüchlich: Er kann den tödlichen Ausgang vorbereiten und dennoch formal als Verteidiger erscheinen. Der Film zeigt dadurch, wie schmal der Abstand zwischen Gerechtigkeit und kalkulierter Anwendung eines Schlupflochs werden kann, wenn Gewalt alltäglich organisiert ist.","Silence (Jean-Louis Trintignant) nutzt den ersten Griff des Gegners zur Waffe als Notwehrbegründung.","Ein technischer Zwang der Waffe erklärt sein Vorgehen nicht.","Eine Kaliberprüfung ist nicht der Zweck.","Er verschenkt keine Patrone als Ritual.","Der Gegner zieht zuerst, Silence (Jean-Louis Trintignant) beruft sich auf Notwehr.","Handlung","https://en.wikipedia.org/wiki/The_Great_Silence|https://filmmovement.com/the-great-silence","redaktionell_geprueft"
"WES-S-050","K-WES-25-06","","de","Film","Western","Leichen pflastern seinen Weg","Il grande silenzio","1968","","schwer","Handlung","Italowestern|Kopfgeld|Winterwestern","Western|Italowestern|Klaus Kinski","Im regulären Ende siegen die Kopfgeldjäger; Silence und die Gefangenen werden getötet.","„Leichen pflastern seinen Weg“ (1968): Wie endet die reguläre Kinofassung, ohne die separat überlieferten Alternativenden?","Silence besiegt alle Kopfgeldjäger","Loco und seine Männer töten Silence und die Gefangenen","Pauline und Silence fliehen gemeinsam über die Grenze","Der Sheriff rettet sämtliche Gefangenen","B","Im regulären Ende siegen die Kopfgeldjäger; Silence (Jean-Louis Trintignant) und die Gefangenen werden getötet.","Silence (Jean-Louis Trintignant) kann die Menschen nicht durch die erwartete Überlegenheit des Westernhelden retten. Auch Paulines (Vonetta McGee) Hoffnung bietet keinen Schutz vor dem organisierten Töten. Die ausdrücklich bezeichnete Fassung ist wichtig, weil andere Endversionen existieren. Gerade das reguläre Ende verweigert jedoch jene beruhigende Ordnung, in der Mut und berechtigter Widerstand zwangsläufig mit Erfolg belohnt würden.","Ein vollständiger Sieg des Helden gehört nicht zum regulären Ende.","Im regulären Ende siegen die Kopfgeldjäger; Silence (Jean-Louis Trintignant) und die Gefangenen werden getötet.","Eine gemeinsame Flucht gelingt im regulären Ende nicht.","Der Sheriff (Frank Wolff) erscheint dort nicht als erfolgreicher Retter.","Das reguläre Ende verweigert den rettenden Heldensieg.","Auflösung","https://en.wikipedia.org/wiki/The_Great_Silence|https://filmmovement.com/the-great-silence","redaktionell_geprueft"
"WES-L-002-V1","K-WES-01-02","WES-L-002","de","Film","Western","Für eine Handvoll Dollar","Per un pugno di dollari","1964","","leicht","Besetzung","Italowestern|Machtkampf|Täuschung","Western|Italowestern|Dollar-Trilogie|Clint Eastwood","Marisol wird von Marianne Koch gespielt.","„Für eine Handvoll Dollar“ (1964): Welche Zuordnung von Figur und Darstellerin stimmt?","Marisol – Gina Lollobrigida","Marisol – Claudia Cardinale","Marisol – Marianne Koch","Marisol – Loredana Nusciak","C","Marianne Koch verkörpert Marisol (Marianne Koch).","Marisol (Marianne Koch) gibt Joes (Clint Eastwood) Handeln eine persönliche Dimension. An ihrem Schicksal zeigt sich, was die Machtspiele für Menschen bedeuten, die weder Geld noch Waffen besitzen. Die Hilfe für sie passt nicht vollständig zu seinem Auftreten als Geschäftemacher. Gerade dieser Widerspruch macht den schweigsamen Fremden als Figur interessanter.","Gina Lollobrigida ist nicht Marisols (Marianne Koch) Darstellerin.","Claudia Cardinale spielt Jill in einem anderen Leone-Western.","Marianne Koch verkörpert Marisol (Marianne Koch).","Loredana Nusciak spielt María in „Django“.","Marisol (Marianne Koch): Marianne Koch zwischen den Fronten.","Handlung","https://en.wikipedia.org/wiki/A_Fistful_of_Dollars|https://www.rottentomatoes.com/m/fistful_of_dollars","redaktionell_geprueft"
"WES-M-002-V1","K-WES-01-04","WES-M-002","de","Film","Western","Für eine Handvoll Dollar","Per un pugno di dollari","1964","","mittel","Ort","Italowestern|Machtkampf|Täuschung","Western|Italowestern|Dollar-Trilogie|Clint Eastwood","Der Machtkampf spielt in San Miguel.","„Für eine Handvoll Dollar“ (1964): In welcher Stadt gerät Joe zwischen die Rojos und die Baxters?","Contention","El Paso","San Miguel","Shinbone","C","Joe (Clint Eastwood) trifft in San Miguel auf den Konflikt der Familien.","San Miguel wird durch Joes (Clint Eastwood) Ankunft zu einem überschaubaren Experiment über Macht. Die räumliche Nähe der Gegner macht jede Bewegung sichtbar und jedes Gerücht gefährlich. Der Ort bietet kaum eine Flucht in Normalität: Handel, Amtsgewalt und bewaffnete Familieninteressen sind so eng miteinander verknüpft, dass ein Außenstehender ihre Regeln ausnutzen kann.","Contention ist der Ort des Zugfinales in „Todeszug nach Yuma“.","El Paso ist der Bankraubschauplatz im nächsten Dollar-Film.","Joe (Clint Eastwood) trifft in San Miguel auf den Konflikt der Familien.","Shinbone gehört zu „Der Mann, der Liberty Valance erschoss“.","San Miguel ist die Bühne des ersten Dollar-Spiels.","Handlung","https://en.wikipedia.org/wiki/A_Fistful_of_Dollars|https://www.rottentomatoes.com/m/fistful_of_dollars","redaktionell_geprueft"
"WES-S-002-V1","K-WES-01-06","WES-S-002","de","Film","Western","Für eine Handvoll Dollar","Per un pugno di dollari","1964","","schwer","Handlung","Italowestern|Machtkampf|Täuschung","Western|Italowestern|Dollar-Trilogie|Clint Eastwood","Joe täuscht mit den Leichen lebende Zeugen vor.","„Für eine Handvoll Dollar“ (1964): Warum reagieren beide Familien auf die angeblichen Überlebenden am Friedhof?","Sie wollen sie für ein Duellturnier anmelden","Sie erwarten von ihnen neue Armeebefehle","Sie wollen deren vermeintliche Aussagen nutzen oder verhindern","Sie halten sie für mögliche Käufer ihrer Ranches","C","Joe (Clint Eastwood) nutzt die Angst vor belastenden Aussagen und die Hoffnung auf brauchbare Zeugen.","Joe (Clint Eastwood) braucht für seinen Plan keine überzeugende Rede vor einem Gericht. Es genügt, dass beide Familien glauben, die vermeintlichen Zeugen könnten ihnen schaden oder nützen. Die Szene macht Information selbst zur Waffe. Der Zuschauer kennt den Trick und beobachtet dadurch besonders deutlich, wie Angst und Eigeninteresse das Verhalten der Gegner steuern.","Ein Turnier ist nicht der Anlass ihrer Ankunft.","Die Männer sollen Zeugen sein, keine befehlsgebenden Offiziere.","Joe (Clint Eastwood) nutzt die Angst vor belastenden Aussagen und die Hoffnung auf brauchbare Zeugen.","Grundstückskäufe spielen in diesem Trick keine Rolle.","Zwei Tote lösen einen Kampf um Zeugenaussagen aus.","Handlung","https://en.wikipedia.org/wiki/A_Fistful_of_Dollars|https://www.rottentomatoes.com/m/fistful_of_dollars","redaktionell_geprueft"
"WES-L-006-V1","K-WES-03-02","WES-L-006","de","Film","Western","Zwei glorreiche Halunken","Il buono, il brutto, il cattivo","1966","","leicht","Besetzung","Italowestern|Goldsuche|Bürgerkrieg","Western|Italowestern|Dollar-Trilogie|Clint Eastwood|Lee Van Cleef","Eli Wallach spielt Tuco.","„Zwei glorreiche Halunken“ (1966): Welche Figur des zentralen Trios wird von Eli Wallach gespielt?","Blondie","Sentenza","Der Unionshauptmann","Tuco","D","Eli Wallach verkörpert Tuco (Eli Wallach).","Tuco (Eli Wallach) macht die gefährliche Partnerschaft mit Blondie (Clint Eastwood) besonders beweglich. Er redet, droht, improvisiert und zeigt seine Kränkungen weit offener als sein schweigsamer Gegenüber. Das erzeugt Komik, ohne seine Gefährlichkeit aufzuheben. Als Figur ist er deshalb mehr als ein Begleiter: Seine wechselnden Reaktionen treiben die Auseinandersetzung immer wieder neu an.","Blondie (Clint Eastwood) wird von Clint Eastwood gespielt.","Sentenza (Lee Van Cleef) wird von Lee Van Cleef gespielt.","Den Hauptmann spielt Aldo Giuffrè.","Eli Wallach verkörpert Tuco (Eli Wallach).","Tuco (Eli Wallach): Eli Wallachs unruhige Energie.","Handlung","https://en.wikipedia.org/wiki/The_Good,_the_Bad_and_the_Ugly|https://www.rottentomatoes.com/m/the_good_the_bad_and_the_ugly","redaktionell_geprueft"
"WES-M-006-V1","K-WES-03-04","WES-M-006","de","Film","Western","Zwei glorreiche Halunken","Il buono, il brutto, il cattivo","1966","","mittel","Hintergrund","Italowestern|Goldsuche|Bürgerkrieg","Western|Italowestern|Dollar-Trilogie|Clint Eastwood|Lee Van Cleef","Die Goldsuche spielt während des Amerikanischen Bürgerkriegs.","„Zwei glorreiche Halunken“ (1966): Zwischen welchen Kriegsparteien bewegt sich die Goldsuche?","Spanische Krone und US-Armee","Mexikanische Armee und französische Expeditionstruppen","Britische Krone und Kolonialmilizen","Union und Konföderation","D","Blondie (Clint Eastwood) und Tuco (Eli Wallach) geraten in die Fronten von Union und Konföderation.","Blondie (Clint Eastwood) und Tuco (Eli Wallach) verfolgen ein privates Ziel in einer Landschaft, die von einem viel größeren Konflikt geprägt wird. Uniformen schaffen dabei keine sichere moralische Ordnung. Die Kriegsszenen erweitern den Blick über die Rivalität der Männer hinaus und lassen ihren Streit um Beute neben dem massenhaften Sterben zugleich klein und besonders eigensinnig erscheinen.","Der Spanisch-Amerikanische Krieg ist nicht der Hintergrund.","Die französische Intervention in Mexiko ist nicht der Rahmen der Suche.","Der Unabhängigkeitskrieg ist nicht die dargestellte Epoche.","Blondie (Clint Eastwood) und Tuco (Eli Wallach) geraten in die Fronten von Union und Konföderation.","Private Gier zwischen den Fronten des Bürgerkriegs.","Handlung","https://en.wikipedia.org/wiki/The_Good,_the_Bad_and_the_Ugly|https://www.rottentomatoes.com/m/the_good_the_bad_and_the_ugly","redaktionell_geprueft"
"WES-S-006-V1","K-WES-03-06","WES-S-006","de","Film","Western","Zwei glorreiche Halunken","Il buono, il brutto, il cattivo","1966","","schwer","Handlung","Italowestern|Goldsuche|Bürgerkrieg","Western|Italowestern|Dollar-Trilogie|Clint Eastwood|Lee Van Cleef","Blondie hat Tuco zuvor die Patronen aus der Waffe genommen.","„Zwei glorreiche Halunken“ (1966): Welchen Vorteil hat Blondie im letzten Duell heimlich vorbereitet?","Eine Gruppe Soldaten zielt auf seine Gegner","Sentenza hat nur Platzpatronen","Beide Gegner tragen verschlossene Holster","Tuco besitzt keine schussbereite Munition","D","Blondie (Clint Eastwood) hat Tucos (Eli Wallach) Revolver entladen.","Das Bild zeigt drei scheinbar gleichberechtigte Schützen, doch Blondie (Clint Eastwood) hat die Lage bereits verändert. Tuco (Eli Wallach) erfährt die fehlende Symmetrie erst im entscheidenden Augenblick. So wird das Duell neben einem Geschwindigkeitswettbewerb zu einer Frage vorbereiteter Macht. Der Ausgang hängt auch davon ab, wer mehr weiß als die anderen Beteiligten.","Keine verborgene Soldatengruppe sichert diesen Vorteil.","Sentenzas (Lee Van Cleef) Waffe ist nicht mit Platzpatronen präpariert.","Verschlossene Holster sind nicht der Trick.","Blondie (Clint Eastwood) hat Tucos (Eli Wallach) Revolver entladen.","Drei Männer stehen bereit, nur zwei Waffen sind geladen.","Auflösung","https://en.wikipedia.org/wiki/The_Good,_the_Bad_and_the_Ugly|https://www.rottentomatoes.com/m/the_good_the_bad_and_the_ugly","redaktionell_geprueft"
"WES-L-008-V1","K-WES-04-02","WES-L-008","de","Film","Western","Spiel mir das Lied vom Tod","C'era una volta il West","1968","","leicht","Figur","Italowestern|Eisenbahn|Rache","Western|Italowestern|Henry Fonda","Jill wird als Witwe Eigentümerin von Sweetwater.","„Spiel mir das Lied vom Tod“ (1968): Welcher Anspruch macht Jill zur entscheidenden Person im Streit um Sweetwater?","Ihr Erbrecht als Brett McBains Witwe","Ihr Amt als Bürgermeisterin","Ihr Mehrheitsanteil an der Eisenbahn","Ihre Vollmacht als Bankdirektorin","A","Jill (Claudia Cardinale) besitzt Sweetwater als hinterbliebene Ehefrau.","Jill (Claudia Cardinale) wird in einen Konflikt gezogen, dessen wirtschaftliche Regeln andere längst kennen. Als Erbin ist sie jedoch mehr als eine Zuschauerin zwischen bewaffneten Männern. Ihr Besitz verbindet persönliche Trauer mit der Zukunft des Ortes. Dadurch bekommt der Eisenbahnbau ein menschliches Zentrum: Fortschritt bedeutet hier zugleich eine Frage des Überlebens und der Selbstbestimmung.","Jill (Claudia Cardinale) besitzt Sweetwater als hinterbliebene Ehefrau.","Ein Bürgermeisteramt hat sie nicht.","Eine Aktienmehrheit begründet ihren Anspruch nicht.","Eine Bankvollmacht ist nicht die Grundlage ihres Besitzes.","Sweetwater gehört Jill (Claudia Cardinale).","Handlung","https://en.wikipedia.org/wiki/Once_Upon_a_Time_in_the_West|https://www.paramountpictures.com/movies/once-upon-a-time-in-the-west","redaktionell_geprueft"
"WES-M-008-V1","K-WES-04-04","WES-M-008","de","Film","Western","Spiel mir das Lied vom Tod","C'era una volta il West","1968","","mittel","Handlung","Italowestern|Eisenbahn|Rache","Western|Italowestern|Henry Fonda","Frank lässt den Verdacht auf Cheyenne fallen.","„Spiel mir das Lied vom Tod“ (1968): Wer wird durch die zurückgelassenen Spuren zu Unrecht mit dem Mord an den McBains belastet?","Cheyenne","Morton","Mundharmonika","Sam, der Kutscher","A","Die falsche Spur richtet sich gegen Cheyenne (Jason Robards).","Cheyenne (Jason Robards) ist ein Gesetzloser und damit ein leicht glaubhafter Verdächtiger. Frank (Henry Fonda) kann diese vorhandene Vorstellung ausnutzen, ohne die Tat offen zu erklären. Der Unterschied zwischen Ruf und tatsächlichem Handeln wird dadurch zentral. Für die Zuschauer entsteht eine Aufgabe: Die gesellschaftlichen Etiketten der Figuren sagen weniger aus als ihre konkreten Entscheidungen.","Die falsche Spur richtet sich gegen Cheyenne (Jason Robards).","Morton (Gabriele Ferzetti) soll nicht als Täter erscheinen.","Mundharmonika (Charles Bronson) ist nicht das Ziel dieses Täuschungsplans.","Der Kutscher wird nicht zum zentralen Verdächtigen gemacht.","Falsche Mäntel lenken den Verdacht auf Cheyenne (Jason Robards).","Handlung","https://en.wikipedia.org/wiki/Once_Upon_a_Time_in_the_West|https://www.paramountpictures.com/movies/once-upon-a-time-in-the-west","redaktionell_geprueft"
"WES-S-008-V1","K-WES-04-06","WES-S-008","de","Film","Western","Spiel mir das Lied vom Tod","C'era una volta il West","1968","","schwer","Handlung","Italowestern|Eisenbahn|Rache","Western|Italowestern|Henry Fonda","Jill versorgt die Arbeiter mit Wasser.","„Spiel mir das Lied vom Tod“ (1968): Welche Schlussgeste verbindet Jill mit dem entstehenden Bahnhof und seiner Zukunft?","Sie versorgt die Bauarbeiter mit Wasser","Sie reitet mit Mundharmonika davon","Sie lässt alle Schienen abreißen","Sie schließt sich Franks Bande an","A","Jill (Claudia Cardinale) bleibt und bringt den Arbeitern Wasser.","Während die bewaffneten Männer ihre persönlichen Konflikte austragen, ist Jill (Claudia Cardinale) mit einer Zukunft verbunden, die über ein einzelnes Duell hinausreicht. Ihre praktische Geste gibt dem großen Bauvorhaben einen alltäglichen Maßstab. Die Geschichte endet dadurch nicht nur mit Abschied und Tod, sondern auch mit Arbeit und einer Gemeinschaft, die erst entstehen wird.","Jill (Claudia Cardinale) bleibt und bringt den Arbeitern Wasser.","Sie verlässt Sweetwater nicht gemeinsam mit Mundharmonika (Charles Bronson).","Sie verhindert den Bau am Ende nicht durch Zerstörung.","Franks (Henry Fonda) Bande wird nicht zu ihrer neuen Gemeinschaft.","Am Ende reicht Jill (Claudia Cardinale) Wasser in die Zukunft.","Auflösung","https://en.wikipedia.org/wiki/Once_Upon_a_Time_in_the_West|https://www.paramountpictures.com/movies/once-upon-a-time-in-the-west","redaktionell_geprueft"
"WES-L-014-V1","K-WES-07-02","WES-L-014","de","Film","Western","Mein Name ist Nobody","Il mio nome è Nessuno","1973","","leicht","Motivation","Italowestern|Westernkomödie|Legenden","Western|Italowestern|Henry Fonda","Beauregard möchte seinen Lebensabend in Europa verbringen.","„Mein Name ist Nobody“ (1973): Warum empfindet Beauregard Nobodys Forderung nach einem großen letzten Kampf als Belastung?","Er möchte vorher zum Senator gewählt werden","Er möchte friedlich nach Europa auswandern","Er hat der Hordenführung Treue geschworen","Er darf wegen eines Bankvertrags nicht reisen","B","Beauregards (Henry Fonda) Wunsch nach Rückzug widerspricht Nobodys (Terence Hill) Plan für seine Legende.","Beauregard (Henry Fonda) behandelt sein Weiterleben als wichtiger als einen weiteren spektakulären Sieg. Nobody (Terence Hill) denkt dagegen in Geschichten, die andere später erzählen sollen. Der Konflikt betrifft deshalb zwei Vorstellungen eines gelungenen Endes: persönliche Ruhe und öffentliche Unsterblichkeit. Henry Fondas zurückhaltendes Spiel gibt dem Wunsch nach Rückzug Gewicht, auch wenn die Komödie ihn ständig unterläuft.","Eine Senatswahl ist nicht sein Ziel.","Beauregards (Henry Fonda) Wunsch nach Rückzug widerspricht Nobodys (Terence Hill) Plan für seine Legende.","Er ist der Horde nicht verpflichtet.","Ein Bankvertrag ist nicht der Grund für seine Zurückhaltung.","Beauregard (Henry Fonda) möchte hinaus aus der Legende.","Handlung","https://en.wikipedia.org/wiki/My_Name_Is_Nobody|https://www.rottentomatoes.com/m/my_name_is_nobody","redaktionell_geprueft"
"WES-M-014-V1","K-WES-07-04","WES-M-014","de","Film","Western","Mein Name ist Nobody","Il mio nome è Nessuno","1973","","mittel","Filmgeschichte","Italowestern|Westernkomödie|Legenden","Western|Italowestern|Henry Fonda","Tonino Valerii ist der genannte Regisseur.","„Mein Name ist Nobody“ (1973): Welcher Name steht beim Film in der Regienennung?","Damiano Damiani","Tonino Valerii","Sergio Sollima","Sergio Leone","B","Die Regienennung lautet Tonino Valerii; Leone war anderweitig wesentlich beteiligt.","Nobody (Terence Hill) und Beauregard (Henry Fonda) verbinden Slapstick mit einem Abschied von älteren Heldenbildern. Bei der Einordnung hilft die Unterscheidung zwischen Regie und weiterer kreativer Beteiligung: Sergio Leone war maßgeblich beteiligt, doch die Regienennung lautet Tonino Valerii. Der Film steht damit in Leones Umfeld, ohne schlicht ein weiterer von ihm signierter Dollar-Western zu sein.","Damiano Damiani ist nicht der hier genannte Regisseur.","Die Regienennung lautet Tonino Valerii; Leone war anderweitig wesentlich beteiligt.","Sergio Sollima führte nicht die ausgewiesene Regie.","Sergio Leone prägte das Projekt, ist aber nicht der offiziell genannte Regisseur.","Valerii führte Regie, Leone prägte das Projekt mit.","Handlung","https://en.wikipedia.org/wiki/My_Name_Is_Nobody|https://www.rottentomatoes.com/m/my_name_is_nobody","redaktionell_geprueft"
"WES-S-014-V1","K-WES-07-06","WES-S-014","de","Film","Western","Mein Name ist Nobody","Il mio nome è Nessuno","1973","","schwer","Handlung","Italowestern|Westernkomödie|Legenden","Western|Italowestern|Henry Fonda","Das Scheinduell ermöglicht Beauregards unbemerkten Rückzug.","„Mein Name ist Nobody“ (1973): Welche Vorstellung sollen die Zuschauer des Schlussduells von Beauregard gewinnen?","Dass er die Horde künftig anführt","Dass Nobody ihn getötet hat","Dass er zum neuen Sheriff ernannt wird","Dass er einen Bankraub gesteht","B","Beauregard (Henry Fonda) soll öffentlich für tot gehalten werden, um unbehelligt fortgehen zu können.","Nobody (Terence Hill) und Beauregard (Henry Fonda) trennen am Ende das öffentliche Bild vom privaten Leben. Die Zuschauer des Duells glauben eine eindeutige Geschichte zu sehen, während die beiden Männer deren Bedeutung selbst gestalten. So kann der ältere Held aus dem Zwang zu immer neuen Kämpfen entkommen. Die Legende bleibt bestehen, obwohl ihr Besitzer weiterlebt.","Eine neue Bandenführung wird nicht angekündigt.","Beauregard (Henry Fonda) soll öffentlich für tot gehalten werden, um unbehelligt fortgehen zu können.","Ein Sheriffamt wird nicht inszeniert.","Ein Bankraubgeständnis ist nicht der Zweck.","Öffentlich fällt Beauregard (Henry Fonda), privat reist er weiter.","Auflösung","https://en.wikipedia.org/wiki/My_Name_Is_Nobody|https://www.rottentomatoes.com/m/my_name_is_nobody","redaktionell_geprueft"
"WES-L-016-V1","K-WES-08-02","WES-L-016","de","Film","Western","Erbarmungslos","Unforgiven","1992","","leicht","Motivation","Spätwestern|Kopfgeld|Gewaltfolgen","Western|Spätwestern|Clint Eastwood","Munny braucht das Kopfgeld, um seine Familie zu versorgen.","„Erbarmungslos“ (1992): Welcher Druck bringt Munny dazu, sein ruhigeres Leben für den Kopfgeldauftrag zu verlassen?","Ein Befehl seines früheren Generals","Eine Anklage wegen Pferdediebstahls","Die wirtschaftliche Not seiner Familie","Ein verlorenes Duell gegen English Bob","C","Munny (Clint Eastwood) hofft, mit der Belohnung seine Kinder versorgen zu können.","Munny (Clint Eastwood) ist zu Beginn kein souveräner Revolverheld, der nur auf ein neues Abenteuer wartet. Sein Alltag verlangt Fähigkeiten, mit denen er Schwierigkeiten hat. Das Geld bietet einen Ausweg, bindet ihn aber wieder an die Gewalt seiner Vergangenheit. Der Auftrag stellt deshalb eine moralische Belastung dar, bevor überhaupt der erste Verfolger aufbricht.","Er folgt keinem militärischen Befehl.","Eine solche Anklage ist nicht der Anlass seiner Zusage.","Munny (Clint Eastwood) hofft, mit der Belohnung seine Kinder versorgen zu können.","Ein vorher verlorenes Duell gegen English Bob (Richard Harris) ist nicht der Auslöser.","Familiennot bringt Munny (Clint Eastwood) zurück zur Waffe.","Handlung","https://en.wikipedia.org/wiki/Unforgiven|https://www.rottentomatoes.com/m/1041911-unforgiven","redaktionell_geprueft"
"WES-M-016-V1","K-WES-08-04","WES-M-016","de","Film","Western","Erbarmungslos","Unforgiven","1992","","mittel","Figur","Spätwestern|Kopfgeld|Gewaltfolgen","Western|Spätwestern|Clint Eastwood","Beauchamp ist ein Autor von Revolverheldengeschichten.","„Erbarmungslos“ (1992): Warum begleitet Beauchamp zunächst English Bob?","Er soll dessen Pferde medizinisch versorgen","Er will ihn als Richter verurteilen","Er will dessen Revolverheldengeschichte aufschreiben","Er soll ihm eine Eisenbahn verkaufen","C","Beauchamp (Saul Rubinek) arbeitet an einer schriftlichen Heldengeschichte über English Bob (Richard Harris).","Beauchamp (Saul Rubinek) sucht nach einer erzählbaren Version von Gewalt. Wer besonders überzeugend auftritt, kann seine Vorstellung vom Helden verändern. Dadurch wird er zu einer Figur für die Entstehung von Mythen: Geschichten benötigen klare Rollen, während die beobachteten Menschen widersprüchlich handeln. Sein Interesse zeigt, wie leicht Brutalität im Nachhinein eine bewundernde Form erhalten kann.","Er ist kein mitreisender Tierarzt.","Er begleitet ihn nicht als Richter.","Beauchamp (Saul Rubinek) arbeitet an einer schriftlichen Heldengeschichte über English Bob (Richard Harris).","Ein Eisenbahngeschäft begründet diese Reise nicht.","Beauchamp (Saul Rubinek) macht aus Schüssen Geschichten.","Handlung","https://en.wikipedia.org/wiki/Unforgiven|https://www.rottentomatoes.com/m/1041911-unforgiven","redaktionell_geprueft"
"WES-S-016-V1","K-WES-08-06","WES-S-016","de","Film","Western","Erbarmungslos","Unforgiven","1992","","schwer","Motivation","Spätwestern|Kopfgeld|Gewaltfolgen","Western|Spätwestern|Clint Eastwood","Neds Tod und die öffentliche Schändung treiben Munny zurück.","„Erbarmungslos“ (1992): Welches Ereignis macht den Auftrag für Munny endgültig zur persönlichen Rache?","Der Verkauf von English Bobs Revolver","Die Erhöhung des Kopfgelds","Der Tod und die öffentliche Ausstellung Neds","Die Abreise von Beauchamp","C","Neds (Morgan Freeman) Schicksal treibt Munny (Clint Eastwood) zum finalen Angriff.","Ned (Morgan Freeman) hatte sich vom Töten abgewandt und wird dennoch zum Opfer der Verfolgung. Für Munny (Clint Eastwood) fällt damit die Distanz zu seinem früheren Leben zusammen. Der Schluss wirkt nicht wie ein sauberer Sieg des Guten: Die Rache beantwortet ein Unrecht mit einer Rückkehr jener Gewalt, von der er sich selbst getrennt glaubte.","Ein Revolverkauf verursacht die Rückkehr nicht.","Eine höhere Geldsumme ist nicht der entscheidende Auslöser.","Neds (Morgan Freeman) Schicksal treibt Munny (Clint Eastwood) zum finalen Angriff.","Beauchamps (Saul Rubinek) Reiseplanung erklärt sie nicht.","Neds (Morgan Freeman) Tod holt Munnys (Clint Eastwood) Vergangenheit zurück.","Auflösung","https://en.wikipedia.org/wiki/Unforgiven|https://www.rottentomatoes.com/m/1041911-unforgiven","redaktionell_geprueft"
"WES-L-022-V1","K-WES-11-02","WES-L-022","de","Film","Western","Der mit dem Wolf tanzt","Dances with Wolves","1990","","leicht","Figur","Begegnung|Identität|Bürgerkrieg","Western|Begegnung|Kevin Costner","Dunbar nennt einen Wolf „Two Socks“.","„Der mit dem Wolf tanzt“ (1990): Welche Zuordnung von John Dunbars (Kevin Costner) tierischen Begleitern ist richtig?","Two Socks – Hund; Cisco – Bison","Two Socks – Bison; Cisco – Pferd","Two Socks – Pferd; Cisco – Wolf","Two Socks – Wolf; Cisco – Pferd","D","Two Socks ist der Wolf; Cisco ist Dunbars (Kevin Costner) Pferd.","John Dunbar (Kevin Costner) findet Fort Sedgwick verlassen vor und bleibt dort allein. Ein Wolf mit weißen Pfoten besucht den Außenposten; Dunbar nennt ihn Two Socks. Als das Tier ihm später folgt, versucht er, es zurückzuschicken. Sioux beobachten dabei, wie beide im Kreis laufen. Diese Begegnung führt zu Dunbars neuem Namen „Der mit dem Wolf tanzt“: Er entsteht aus einer beobachteten Szene, nicht aus einem selbst gewählten Titel.","Two Socks ist ein Wolf und Cisco ein Pferd.","Two Socks ist kein Bison.","Die beiden Tiere sind hier vertauscht.","Two Socks ist der Wolf; Cisco ist Dunbars (Kevin Costner) Pferd.","Two Socks ist Dunbars (Kevin Costner) Wolf.","Handlung","https://catalog.afi.com/Catalog/moviedetails/58466","redaktionell_geprueft"
"WES-M-022-V1","K-WES-11-04","WES-M-022","de","Film","Western","Der mit dem Wolf tanzt","Dances with Wolves","1990","","mittel","Ort","Begegnung|Identität|Bürgerkrieg","Western|Begegnung|Kevin Costner","Dunbar wird nach Fort Sedgwick versetzt.","„Der mit dem Wolf tanzt“ (1990): Welcher Posten wird für Dunbar zum einsamen Ausgangspunkt seiner Begegnungen mit den Lakota?","Fort Knox","Fort Alamo","Fort Detroit","Fort Sedgwick","D","Fort Sedgwick ist Dunbars (Kevin Costner) zunächst verlassener Außenposten.","Fort Sedgwick bietet Dunbar (Kevin Costner) zunächst keine funktionierende Gemeinschaft von Kameraden. Die Leere öffnet einen Raum, in dem er seine Umgebung selbst wahrnehmen muss. Ohne den ständigen Rückhalt militärischer Routine kann sich seine Perspektive verändern. Das Fort bleibt dabei ein widersprüchlicher Ort: Es soll Kontrolle verkörpern und macht zugleich seine persönliche Isolation sichtbar.","Fort Knox ist nicht sein Handlungsort.","Das Alamo ist nicht der verlassene Posten dieses Films.","Fort Detroit ist nicht der gesuchte Ort.","Fort Sedgwick ist Dunbars (Kevin Costner) zunächst verlassener Außenposten.","Dunbars (Kevin Costner) einsamer Posten heißt Fort Sedgwick.","Handlung","https://en.wikipedia.org/wiki/Dances_with_Wolves|https://www.20thcenturystudios.com/movies/dances-with-wolves","redaktionell_geprueft"
"WES-S-022-V1","K-WES-11-06","WES-S-022","de","Film","Western","Der mit dem Wolf tanzt","Dances with Wolves","1990","","schwer","Handlung","Begegnung|Identität|Bürgerkrieg","Western|Begegnung|Kevin Costner","Dunbar zieht weiter, um die Gemeinschaft nicht durch seine Verfolgung zu gefährden.","„Der mit dem Wolf tanzt“ (1990): Warum bleibt Dunbar trotz seiner neuen Zugehörigkeit nicht bei der Gemeinschaft?","Er will den Winter als Händler in Europa verbringen","Er hat eine Beförderung angenommen","Er lehnt ihre Sprache inzwischen ab","Er fürchtet, seine Verfolger zu ihr zu führen","D","Dunbar (Kevin Costner) trennt sich zum Schutz der anderen von der Gemeinschaft.","Dunbar (Kevin Costner) und Steht mit einer Faust (Mary McDonnell) müssen Nähe und Schutz gegeneinander abwägen. Ihr Weggehen bedeutet nicht, dass die entstandenen Beziehungen wertlos wären. Im Gegenteil macht die Trennung sichtbar, wie ernst Dunbar seine Verantwortung nimmt. Persönliche Zugehörigkeit löst den größeren politischen Druck nicht auf; eine richtige Entscheidung kann deshalb trotzdem schmerzhaft sein.","Eine Europareise als Händler ist nicht sein Ziel.","Eine Beförderung ist nicht sein Grund.","Die Trennung beruht nicht auf einer Ablehnung ihrer Sprache.","Dunbar (Kevin Costner) trennt sich zum Schutz der anderen von der Gemeinschaft.","Dunbar (Kevin Costner) geht, weil ihm die anderen wichtig geworden sind.","Auflösung","https://en.wikipedia.org/wiki/Dances_with_Wolves|https://www.20thcenturystudios.com/movies/dances-with-wolves","redaktionell_geprueft"
"WES-L-026-V1","K-WES-13-02","WES-L-026","de","Film","Western","Butch Cassidy und Sundance Kid","Butch Cassidy and the Sundance Kid","1969","","leicht","Ort","Freundschaft|Flucht|Legenden","Western|Freundschaft|Robert Redford","Die drei gehen nach Bolivien.","„Butch Cassidy und Sundance Kid“ (1969): Wo versuchen die beiden Verfolgten mit Etta einen Neuanfang?","In Bolivien","In Uruguay","In Peru","In Chile","A","Butch (Paul Newman) und Sundance (Robert Redford) fliehen mit Etta (Katharine Ross) nach Bolivien.","Butch (Paul Newman) verbindet mit Bolivien die Hoffnung, der vertrauten Verfolgung entkommen zu können. Sundance (Robert Redford) und Etta (Katharine Ross) müssen sich dort jedoch mit einem Alltag auseinandersetzen, der neue Schwierigkeiten bereithält. Der Ortswechsel fragt deshalb, ob ein anderes Land auch ein anderes Leben ermöglicht. Gewohnheiten reisen mit, selbst wenn Namen und Sprache der Umgebung wechseln.","Butch (Paul Newman) und Sundance (Robert Redford) fliehen mit Etta (Katharine Ross) nach Bolivien.","Uruguay wird nicht zum Schauplatz ihres Neuanfangs.","Peru ist nicht ihr Ziel.","Chile ist nicht das Handlungsland dieses Abschnitts.","Der große Fluchtplan führt nach Bolivien.","Handlung","https://en.wikipedia.org/wiki/Butch_Cassidy_and_the_Sundance_Kid|https://www.20thcenturystudios.com/movies/butch-cassidy-and-the-sundance-kid","redaktionell_geprueft"
"WES-M-026-V1","K-WES-13-04","WES-M-026","de","Film","Western","Butch Cassidy und Sundance Kid","Butch Cassidy and the Sundance Kid","1969","","mittel","Beziehung","Freundschaft|Flucht|Legenden","Western|Freundschaft|Robert Redford","Etta hilft Butch und Sundance mit dem Spanischen.","„Butch Cassidy und Sundance Kid“ (1969): Welche neue Hürde bei ihren Überfällen hilft Etta den beiden Männern zu überwinden?","Sie müssen sich auf Spanisch verständlich machen","Sie müssen Schiffe navigieren","Sie müssen neue Schlosserwerkzeuge bauen","Sie müssen als Kavalleristen auftreten","A","Etta (Katharine Ross) vermittelt ihnen die benötigten spanischen Formulierungen.","Etta (Katharine Ross) übernimmt bei ihrem gemeinsamen Neuanfang eine praktische Vermittlungsrolle. Butch (Paul Newman) und Sundance (Robert Redford) können zwar mit Waffen umgehen, aber nicht automatisch in jeder Umgebung handeln. Die Sprachübungen machen diese Grenze komisch sichtbar. Zugleich erinnern sie daran, dass die Freiheit der beiden Männer auch auf Unterstützung beruht, die ihre eigene Heldengeschichte leicht in den Hintergrund rücken könnte.","Etta (Katharine Ross) vermittelt ihnen die benötigten spanischen Formulierungen.","Navigation gehört nicht zu diesen Übungen.","Werkzeugbau ist nicht ihre hier gefragte Hilfe.","Eine militärische Tarnung lehrt sie nicht.","Auch ein Bankraub braucht die passenden Worte.","Handlung","https://en.wikipedia.org/wiki/Butch_Cassidy_and_the_Sundance_Kid|https://www.20thcenturystudios.com/movies/butch-cassidy-and-the-sundance-kid","redaktionell_geprueft"
"WES-S-026-V1","K-WES-13-06","WES-S-026","de","Film","Western","Butch Cassidy und Sundance Kid","Butch Cassidy and the Sundance Kid","1969","","schwer","Filmgestaltung","Freundschaft|Flucht|Legenden","Western|Freundschaft|Robert Redford","Das letzte Bild friert Butch und Sundance beim Ausbruch ein.","„Butch Cassidy und Sundance Kid“ (1969): Welche Kombination beschreibt die letzten Sekunden des Films?","Eingefrorenes Bild und anhaltende Schüsse","Beerdigungsszene und Polizeibericht","Schwarzes Bild und vorgelesenes Gerichtsurteil","Bewegtes Hochzeitsbild und Glockengeläut","A","Das Bild von Butch (Paul Newman) und Sundance (Robert Redford) wird eingefroren, während die Schüsse weitergehen.","Butch (Paul Newman) und Sundance (Robert Redford) bleiben im Bild als handelndes Paar erhalten, während der Ton die tödliche Lage fortsetzt. Diese Trennung zwischen Bild und Geräusch ist entscheidend für die Wirkung. Der Film kann den Verlust spürbar machen und zugleich das vertraute Bild ihrer Partnerschaft festhalten, anstatt den Zuschauern einen ausführlichen Anblick ihrer Körper zu zeigen.","Das Bild von Butch (Paul Newman) und Sundance (Robert Redford) wird eingefroren, während die Schüsse weitergehen.","Eine Beerdigung mit Polizeibericht wird nicht gezeigt.","Ein Gerichtsurteil wird nicht verlesen.","Eine Hochzeit beendet den Film nicht.","Das Bild hält die Partner fest, die Schüsse gehen weiter.","Auflösung","https://en.wikipedia.org/wiki/Butch_Cassidy_and_the_Sundance_Kid|https://www.20thcenturystudios.com/movies/butch-cassidy-and-the-sundance-kid","redaktionell_geprueft"
"WES-L-030-V1","K-WES-15-02","WES-L-030","de","Film","Western","True Grit","True Grit","2010","","leicht","Besetzung","Rache|Reifung|Gesetz","Western|Rache","Jeff Bridges spielt Cogburn in der Fassung von 2010.","„True Grit“ (2010): Welche Paarung gehört zur Version von 2010?","Cogburn – Matt Damon","Cogburn – Jeff Bridges","Cogburn – Robert Duvall","Cogburn – John Wayne","B","Jeff Bridges ist Cogburn (Jeff Bridges) in der Fassung von 2010.","Cogburn (Jeff Bridges) wirkt unter Jeff Bridges rau, nachlässig und nicht ohne Weiteres vertrauenswürdig. Mattie (Hailee Steinfeld) muss daher zwischen seinem schlechten Auftreten und seiner möglichen Eignung unterscheiden. Die Besetzung hilft, diese Spannung eigenständig zu gestalten. Das Jahr in der Frage ist wichtig, weil derselbe Figurenname durch eine frühere Verfilmung auch eng mit einem anderen Westernstar verbunden ist.","Matt Damon spielt hier LaBoeuf (Matt Damon).","Jeff Bridges ist Cogburn (Jeff Bridges) in der Fassung von 2010.","Robert Duvall spielte in der älteren Fassung Ned Pepper (Barry Pepper).","John Wayne spielte die Rolle 1969.","2010 trägt Jeff Bridges Cogburns (Jeff Bridges) Augenklappe.","Handlung","https://en.wikipedia.org/wiki/True_Grit_(2010_film)|https://www.paramountpictures.com/movies/true-grit-2010","redaktionell_geprueft"
"WES-M-030-V1","K-WES-15-04","WES-M-030","de","Film","Western","True Grit","True Grit","2010","","mittel","Motivation","Rache|Reifung|Gesetz","Western|Rache","Mattie verlangt eine Bestrafung für den Mord an ihrem Vater in Arkansas.","„True Grit“ (2010): Worin widerspricht Matties Ziel dem Auftrag des Texas Rangers?","Sie will Chaney als ihren Vormund einsetzen","Sie will Chaney für den Mord an ihrem Vater in Arkansas belangen","Sie will Chaney straffrei ins Ausland bringen","Sie will Chaney vor Cogburn verstecken","B","Mattie (Hailee Steinfeld) besteht auf Gerechtigkeit für ihren Vater in Arkansas.","Mattie (Hailee Steinfeld) wehrt sich dagegen, dass ihr Verlust in einem anderen Strafverfahren nebensächlich wird. LaBoeuf (Matt Damon) kann denselben Verfolgten aus einem anderen Grund suchen, ohne ihre Erwartung zu erfüllen. Damit unterscheidet der Film zwischen der Festnahme eines Täters und der Anerkennung eines bestimmten Unrechts. Für Mattie zählt nicht nur das Ergebnis, sondern dessen Bedeutung.","Eine Vormundschaft ist nicht ihr Ziel.","Mattie (Hailee Steinfeld) besteht auf Gerechtigkeit für ihren Vater in Arkansas.","Sie strebt keine straflose Flucht an.","Sie will den Täter fassen lassen, nicht verstecken.","Mattie (Hailee Steinfeld) will Gerechtigkeit für genau diesen Mord.","Handlung","https://en.wikipedia.org/wiki/True_Grit_(2010_film)|https://www.paramountpictures.com/movies/true-grit-2010","redaktionell_geprueft"
"WES-S-030-V1","K-WES-15-06","WES-S-030","de","Film","Western","True Grit","True Grit","2010","","schwer","Handlung","Rache|Reifung|Gesetz","Western|Rache","LaBoeuf erschießt Ned Pepper aus großer Entfernung.","„True Grit“ (2010): Wessen Können entscheidet, als Ned Pepper den eingeklemmten Cogburn bedroht?","Stonehills Geschick mit einer Peitsche","LaBoeufs Treffsicherheit auf große Entfernung","Chaneys Erfahrung mit Sprengstoff","Matties Fertigkeit im Messerwerfen","B","LaBoeufs (Matt Damon) Gewehrschuss rettet Cogburn (Jeff Bridges).","LaBoeufs (Matt Damon) Können wird in einem Moment entscheidend, in dem Cogburns (Jeff Bridges) eigener Angriff an seine Grenze gelangt. Die Männer haben sich zuvor gegenseitig infrage gestellt. Der Rettungsschuss gibt ihrer Zusammenarbeit deshalb mehr Gewicht als ein bloßes Einverständnis. Unterschiedliche Fähigkeiten ergänzen sich praktisch, und Anerkennung entsteht aus einer Handlung, auf die der andere angewiesen ist.","Stonehill ist nicht vor Ort beteiligt.","LaBoeufs (Matt Damon) Gewehrschuss rettet Cogburn (Jeff Bridges).","Chaney (Josh Brolin) sprengt Ned Pepper (Barry Pepper) nicht weg.","Mattie (Hailee Steinfeld) wirft in dieser Situation kein rettendes Messer.","LaBoeufs (Matt Damon) Fernschuss rettet Cogburn (Jeff Bridges).","Auflösung","https://en.wikipedia.org/wiki/True_Grit_(2010_film)|https://www.paramountpictures.com/movies/true-grit-2010","redaktionell_geprueft"
"WES-L-032-V1","K-WES-16-02","WES-L-032","de","Film","Western","Todeszug nach Yuma","3:10 to Yuma","2007","","leicht","Handlung","Gefangenentransport|Vater und Sohn|Ehre","Western|Gefangenentransport","Dan soll Wade zum Gefängniszug nach Yuma bringen.","„Todeszug nach Yuma“ (2007): Welche konkrete Übergabe soll Dans Auftrag abschließen?","Wade wird an Bord eines Kriegsschiffs gebracht","Wade wird in Dans Scheune eingeschlossen","Wade wird in den Zug nach Yuma gebracht","Wade wird an ein mexikanisches Dorf verkauft","C","Wades (Russell Crowe) Einstieg in den Gefängniszug soll Dans (Christian Bale) Auftrag erfüllen.","Das Ziel gibt Dans (Christian Bale) Aufgabe einen klaren räumlichen und zeitlichen Rahmen. Wade (Russell Crowe) muss nicht für immer besiegt werden, sondern bis zu einer bestimmten Abfahrt unter Kontrolle bleiben. Gerade diese scheinbare Überschaubarkeit macht den wachsenden Widerstand eindringlich. Jeder Umweg und jeder verlorene Begleiter verkleinert den Spielraum für eine rechtzeitige Ankunft.","Ein Kriegsschiff ist nicht das Ziel.","Die Scheune ist nicht der endgültige Haftort.","Wades (Russell Crowe) Einstieg in den Gefängniszug soll Dans (Christian Bale) Auftrag erfüllen.","Ein Verkauf an ein Dorf ist nicht vorgesehen.","Der Auftrag endet am Zug nach Yuma.","Handlung","https://en.wikipedia.org/wiki/3:10_to_Yuma_(2007_film)|https://www.rottentomatoes.com/m/310_to_yuma","redaktionell_geprueft"
"WES-M-032-V1","K-WES-16-04","WES-M-032","de","Film","Western","Todeszug nach Yuma","3:10 to Yuma","2007","","mittel","Beziehung","Gefangenentransport|Vater und Sohn|Ehre","Western|Gefangenentransport","Charlie Prince organisiert die Befreiung seines Anführers.","„Todeszug nach Yuma“ (2007): Welche Figur zeigt ihre Treue zu Wade durch die gewaltsame Verfolgung des Transportes?","Doc Potter","William Evans","Charlie Prince","Grayson Butterfield","C","Charlie Prince (Ben Foster) führt die Männer auf Wades (Russell Crowe) Spur.","Charlie Prince (Ben Foster) zeigt eine Bindung an Wade (Russell Crowe), die durch dessen Gefangenschaft nicht schwächer wird. Seine Gewaltbereitschaft macht Loyalität dabei zu einer Gefahr für alle anderen. Die Beziehung wirft eine wichtige Frage auf: Folgt der Gefolgsmann dem wirklichen Willen seines Anführers oder einer eigenen Vorstellung davon, wie dieser zu handeln hat?","Doc Potter begleitet die Bewacher.","William (Logan Lerman) folgt seinem Vater Dan (Christian Bale).","Charlie Prince (Ben Foster) führt die Männer auf Wades (Russell Crowe) Spur.","Butterfield (Dallas Roberts) organisiert den Transport im Interesse der Eisenbahn.","Charlie Prince (Ben Foster) verfolgt den Gefangenentransport.","Handlung","https://en.wikipedia.org/wiki/3:10_to_Yuma_(2007_film)|https://www.rottentomatoes.com/m/310_to_yuma","redaktionell_geprueft"
"WES-S-032-V1","K-WES-16-06","WES-S-032","de","Film","Western","Todeszug nach Yuma","3:10 to Yuma","2007","","schwer","Handlung","Gefangenentransport|Vater und Sohn|Ehre","Western|Gefangenentransport","Wade erschießt nach Dans Tod seine eigene Bande.","„Todeszug nach Yuma“ (2007): Gegen wen richtet sich Wades Waffe unmittelbar nach Dans Tod?","Gegen den Lokomotivführer","Gegen die wartenden Zugreisenden","Gegen seine eigene Bande","Gegen William","C","Wade (Russell Crowe) tötet die Männer seiner eigenen Bande.","Wades (Russell Crowe) Reaktion zerbricht die scheinbar eindeutige Ordnung zwischen Gefangenem, Bewacher und Befreiern. Charlie Prince (Ben Foster) handelt aus seiner Vorstellung von Treue, verletzt aber eine inzwischen entstandene Bindung. Das Ende macht aus Wade keinen makellosen guten Menschen. Es zeigt vielmehr, dass Respekt eine Loyalität verändern kann, ohne die Gewaltbereitschaft einer Figur grundsätzlich aufzuheben.","Der Lokomotivführer ist nicht sein Ziel.","Er eröffnet kein Feuer auf die Reisenden.","Wade (Russell Crowe) tötet die Männer seiner eigenen Bande.","William (Logan Lerman) wird von Wade (Russell Crowe) in diesem Moment nicht erschossen.","Prince befreit den Anführer und verliert dessen Loyalität.","Auflösung","https://en.wikipedia.org/wiki/3:10_to_Yuma_(2007_film)|https://www.rottentomatoes.com/m/310_to_yuma","redaktionell_geprueft"
"WES-L-048-V1","K-WES-24-02","WES-L-048","de","Film","Western","Maverick","Maverick","1994","","leicht","Handlung","Westernkomödie|Poker|Täuschung","Western|Westernkomödie","Bret will das große Pokerturnier erreichen und bezahlen können.","„Maverick“ (1994): Wofür sammelt Bret auf seiner Reise unbedingt Geld?","Für den Kauf eines Sheriffamts","Für den Bau einer Eisenbahnbrücke","Für den Freikauf eines inhaftierten Freundes","Für das Startgeld eines Pokerturniers","D","Bret (Mel Gibson) muss den Einsatz für das große Pokerturnier zusammenbringen.","Das Turnier gibt Brets (Mel Gibson) Reise ein klares Ziel, doch schon die Teilnahme verlangt Geld. Dadurch entstehen unterwegs kleine Betrugsmanöver, Bündnisse und neue Gegner. Die Komödie verlagert den typischen Westernwettbewerb von der Straße an den Spieltisch. Entscheidend bleiben Nerven und Menschenkenntnis, während ein gutes Blatt allein noch keine sichere Zukunft garantiert.","Ein Sheriffamt will er nicht kaufen.","Eine Brücke finanziert er nicht.","Der Freikauf eines Freundes ist nicht der Zweck.","Bret (Mel Gibson) muss den Einsatz für das große Pokerturnier zusammenbringen.","Bret (Mel Gibson) braucht den Einsatz fürs Pokerturnier.","Handlung","https://en.wikipedia.org/wiki/Maverick_(film)|https://www.rottentomatoes.com/m/maverick","redaktionell_geprueft"
"WES-M-048-V1","K-WES-24-04","WES-M-048","de","Film","Western","Maverick","Maverick","1994","","mittel","Beziehung","Westernkomödie|Poker|Täuschung","Western|Westernkomödie","Annabelle verbindet Anziehung mit eigenen Betrugs- und Gewinnabsichten.","„Maverick“ (1994): Warum kann Bret Annabelles Flirt nicht einfach als sichere Loyalität verstehen?","Sie hat geschworen, niemals Karten zu spielen","Sie ist eine verdeckte Richterin mit Haftbefehl","Sie arbeitet ausschließlich als Coopers Sekretärin","Sie sucht neben Nähe auch ihren eigenen finanziellen Vorteil","D","Annabelle (Jodie Foster) bleibt eine eigenständig handelnde Spielerin mit Geldinteressen.","Annabelle (Jodie Foster) ist für Bret (Mel Gibson) keine verlässliche Partnerin, deren Wünsche vollständig in seinen Plänen aufgehen. Ihre Beziehung bleibt ein Wechselspiel aus Nähe und Vorsicht. Beide können den Reiz des anderen genießen und trotzdem einen Vorteil suchen. Die romantische Spannung entsteht gerade daraus, dass Zuneigung das gegenseitige Misstrauen nicht einfach beseitigt.","Sie nimmt selbst am Spiel teil.","Eine geheime Richterfunktion besitzt sie nicht.","Sie ist nicht lediglich Coopers (James Garner) Sekretärin.","Annabelle (Jodie Foster) bleibt eine eigenständig handelnde Spielerin mit Geldinteressen.","Flirt und Kalkül laufen bei Annabelle (Jodie Foster) zusammen.","Handlung","https://en.wikipedia.org/wiki/Maverick_(film)|https://www.rottentomatoes.com/m/maverick","redaktionell_geprueft"
"WES-S-048-V1","K-WES-24-06","WES-S-048","de","Film","Western","Maverick","Maverick","1994","","schwer","Objekt","Westernkomödie|Poker|Täuschung","Western|Westernkomödie","Das Pik-Ass vervollständigt Brets Royal Flush.","„Maverick“ (1994): Welches Siegerblatt erreicht Bret mit der letzten Karte?","Ein Full House aus Damen und Buben","Vier Könige","Einen Flush in Herz ohne Straße","Einen Royal Flush in Pik","D","Das Pik-Ass vervollständigt Brets (Mel Gibson) Royal Flush.","Bret (Mel Gibson) verzögert den Blick auf die letzte Karte und verwandelt einen Spielzug in einen Moment gespannter Erwartung. Die Szene verbindet rechnerisch klare Pokerregeln mit dem Wunsch nach beinahe magischer Selbstsicherheit. Ob Können, Glück oder Inszenierung überwiegt, bleibt Teil ihres Reizes. Der Triumph gehört damit ebenso zur Show wie zum tatsächlichen Kartenwert.","Ein solches Full House entscheidet das Spiel nicht für ihn.","Vier Könige sind nicht sein abschließendes Blatt.","Er hat die höchste Folge in Pik, keinen einfachen Herz-Flush.","Das Pik-Ass vervollständigt Brets (Mel Gibson) Royal Flush.","Das Pik-Ass macht Brets (Mel Gibson) Royal Flush vollständig.","Auflösung","https://en.wikipedia.org/wiki/Maverick_(film)|https://www.rottentomatoes.com/m/maverick","redaktionell_geprueft"
