"question_id","knowledge_id","variant_of","language","domain","subdomain","film_title_de","film_title_original","film_year","franchise","difficulty","question_type","topic_tags","badge_tags","learning_objective","question","answer_a","answer_b","answer_c","answer_d","correct_answer","explanation_short","explanation_context","feedback_a","feedback_b","feedback_c","feedback_d","memory_anchor","spoiler_level","source_urls","verification_status"
"F40-001-L1","K-SCHAUSPIELER-202610-P03-162-L-1","SCHAUSPIELER-202610-P03-162-L-1","de","Film","Abenteuer","Fluch der Karibik","Pirates of the Caribbean: The Curse of the Black Pearl","2003","Pirates of the Caribbean","leicht","Handlung","Abenteuer","Abenteuer","Keira Knightleys Gouverneurstochter im ersten Piratenfilm identifizieren.","Wie heißt die Gouverneurstochter, die Keira Knightley in „Fluch der Karibik“ spielt?","Elizabeth Swann","Angelica Teach","Tia Dalma","Anamaria","A","Keira Knightley spielt Elizabeth Swann.","Elizabeth Swann (Keira Knightley) wird aus Port Royal entführt. Will Turner (Orlando Bloom), der sie seit seiner Kindheit kennt, schließt sich daraufhin Jack Sparrow (Johnny Depp) an. Ihre Rettung verbindet die zunächst unterschiedlichen Interessen der beiden Männer: Will sucht Elizabeth, während Jack sein Schiff zurückhaben will. Die Gouverneurstochter ist damit selbst ein entscheidender Teil des Abenteuers.","Keira Knightley spielt Elizabeth Swann.","Angelica gehört zu einem späteren Film der Reihe.","Tia Dalma ist eine andere Figur der Reihe.","Anamaria ist eine Piratin, nicht die Gouverneurstochter.","Knightleys Gouverneurstochter heißt Elizabeth Swann.","gering","https://movies.disney.com/pirates-of-the-caribbean-the-curse-of-the-black-pearl","redaktionell_quellengeprueft"
"F40-001-L2","K-F40-001-L2","","de","Film","Abenteuer","Fluch der Karibik","Pirates of the Caribbean: The Curse of the Black Pearl","2003","Pirates of the Caribbean","leicht","Handlung","Abenteuer","Abenteuer","Will Turners Beruf vor dem Piratenabenteuer kennen.","„Fluch der Karibik“: Womit verdient Will Turner (Orlando Bloom) in Port Royal zunächst seinen Lebensunterhalt?","Als Schiffsarzt","Als Schmied","Als Marineoffizier","Als Gastwirt","B","Will Turner arbeitet als Schmied.","Will Turner (Orlando Bloom) begegnet Jack Sparrow (Johnny Depp) in einer Schmiede. Seine Arbeit erklärt, weshalb er mit Klingen umgehen kann, obwohl er noch kein erfahrener Pirat ist. Aus einem jungen Handwerker wird im Verlauf des Films ein Mann, der Regeln der Obrigkeit bricht, um Elizabeth Swann (Keira Knightley) zu retten. Der Beruf verankert seinen Ausgangspunkt in Port Royal.","Will ist handwerklich ausgebildet, kein Arzt an Bord.","Will Turner arbeitet als Schmied.","Die Marine bildet die Gegenseite zu seinem späteren Bündnis mit Jack.","Ein Wirtshaus ist nicht Wills Arbeitsplatz.","Wills Weg beginnt bei der Schmiede.","gering","https://en.wikipedia.org/wiki/Pirates_of_the_Caribbean:_The_Curse_of_the_Black_Pearl","redaktionell_quellengeprueft"
"F40-001-M1","K-F40-001-M1","","de","Film","Abenteuer","Fluch der Karibik","Pirates of the Caribbean: The Curse of the Black Pearl","2003","Pirates of the Caribbean","mittel","Handlung","Abenteuer","Abenteuer","Elizabeths falschen Familiennamen und seine Bedeutung für die Entführung kennen.","„Fluch der Karibik“: Welchen Nachnamen nennt Elizabeth (Keira Knightley) den Piraten, wodurch sie mit einer Piratenfamilie verwechselt wird?","Norrington","Sparrow","Turner","Barbossa","C","Elizabeth gibt den Namen Turner an.","Elizabeth Swann (Keira Knightley) verbirgt ihren wirklichen Nachnamen und nennt sich Turner. Hector Barbossa (Geoffrey Rush) bringt diesen Namen mit dem verschwundenen Piraten Bootstrap Bill in Verbindung. Zusammen mit dem Goldmedaillon führt die falsche Angabe zu einer entscheidenden Fehleinschätzung: Die Piraten halten Elizabeth für die gesuchte Angehörige, deren Blut ihnen helfen soll. Ein Schutzversuch verschärft so ihre Gefahr.","Norrington ist der Name eines Marineoffiziers, nicht Elizabeths Deckname.","Elizabeth gibt sich nicht als Angehörige von Jack Sparrow aus.","Elizabeth gibt den Namen Turner an.","Sie behauptet keine Verwandtschaft mit dem Kapitän ihrer Entführer.","Elizabeths Deckname Turner lenkt Barbossa auf die falsche Person.","mittel","https://en.wikipedia.org/wiki/Pirates_of_the_Caribbean:_The_Curse_of_the_Black_Pearl","redaktionell_quellengeprueft"
"F40-001-M2","K-F40-001-M2","","de","Film","Abenteuer","Fluch der Karibik","Pirates of the Caribbean: The Curse of the Black Pearl","2003","Pirates of the Caribbean","mittel","Handlung","Abenteuer","Abenteuer","Elizabeths improvisiertes Rettungssignal auf der Insel verstehen.","„Fluch der Karibik“: Jack und Elizabeth sitzen auf einer Insel fest. Warum zündet Elizabeth (Keira Knightley) dort den Rumvorrat an?","Um Jack zur Preisgabe eines geheimen Fluchtwegs zu zwingen","Um Barbossas Piraten aus einem Versteck zu locken","Um den Piraten einen wichtigen Vorratsplatz zu nehmen","Um ein weithin sichtbares Rettungssignal zu erzeugen","D","Der brennende Rum soll die Marine auf die Insel aufmerksam machen.","Elizabeth Swann (Keira Knightley) nutzt den Rum als Brennstoff für ein auffälliges Feuer. Jack Sparrow (Johnny Depp) ärgert sich über den Verlust seines Vorrats; Elizabeth denkt dagegen an die vorbeifahrende Marine und an ihre Rettung. Die Szene macht ihren Einfallsreichtum sichtbar. Sie wartet nicht auf einen Ausweg, den Jack organisiert, sondern verwandelt seine Vorräte in ein brauchbares Signal.","Sie will mit dem Feuer Helfer aufmerksam machen und nicht einen geheimen Weg von Jack erzwingen.","Der Brand soll die Marine auf ihre Lage aufmerksam machen.","Elizabeth zerstört den Vorrat als Mittel für ein Rettungssignal, nicht für eine Versorgungsblockade.","Der brennende Rum soll die Marine auf die Insel aufmerksam machen.","Rum wird zum Signalfeuer.","mittel","https://en.wikipedia.org/wiki/Pirates_of_the_Caribbean:_The_Curse_of_the_Black_Pearl","redaktionell_quellengeprueft"
"F40-001-S1","K-F40-001-S1","","de","Film","Abenteuer","Fluch der Karibik","Pirates of the Caribbean: The Curse of the Black Pearl","2003","Pirates of the Caribbean","schwer","Handlung","Abenteuer","Abenteuer","Warum Will Turners Blut zur vollständigen Rückgabe des Goldes benötigt wird verstehen.","„Fluch der Karibik“: Warum benötigen Barbossas Piraten gerade Will Turner (Orlando Bloom), um ihren Fluch aufzuheben?","Er ist der Sohn des fehlenden Goldräubers Bootstrap Bill","Er allein kennt das Versteck des letzten Goldstücks","Er besitzt den einzigen Schlüssel zur Schatztruhe","Er kann als Einziger die alte Inschrift übersetzen","A","Als Bootstrap Bills Sohn kann Will das fehlende Blut zur Rückgabe des Goldes beitragen.","Will Turner (Orlando Bloom) ist Bootstrap Bills Sohn. Zur Erlösung müssen die geraubten Goldstücke zurückgebracht und die Blutbeiträge der beteiligten Räuber geleistet werden. Weil Bootstrap Bill fehlt, suchen die Piraten seine Nachkommen. Will verbindet damit die private Suche nach Elizabeth Swann (Keira Knightley) mit der Geschichte des verfluchten Schatzes. Seine Abstammung ist ein Bestandteil der Auflösung und kein bloßes Familiengeheimnis.","Als Bootstrap Bills Sohn kann Will das fehlende Blut zur Rückgabe des Goldes beitragen.","Die entscheidende Voraussetzung ist seine Abstammung, nicht exklusives Ortswissen.","Kein besonderer Truhenschlüssel macht Will für die Erlösung nötig.","Will liefert den fehlenden Blutbeitrag und keine Übersetzungsleistung.","Fehlendes Gold und fehlendes Blut: Will steht für Bootstrap Bill.","hoch","https://en.wikipedia.org/wiki/Pirates_of_the_Caribbean:_The_Curse_of_the_Black_Pearl","redaktionell_quellengeprueft"
"F40-001-S2","K-F40-001-S2","","de","Film","Abenteuer","Fluch der Karibik","Pirates of the Caribbean: The Curse of the Black Pearl","2003","Pirates of the Caribbean","schwer","Handlung","Abenteuer","Abenteuer","Die ungewöhnliche Herkunft der Kinoreihe aus einer Freizeitparkattraktion kennen.","Welche Vorlage stand am Anfang von „Fluch der Karibik“, bevor daraus eine Kinoreihe wurde?","Ein historischer Piratenroman von Robert Louis Stevenson","Eine Disney-Themenparkattraktion","Ein erfolgreiches Computerspiel von LucasArts","Eine gleichnamige Fernsehserie der 1960er","B","Der Film wurde von Disneys Attraktion Pirates of the Caribbean angeregt.","Die Themenparkattraktion existierte lange vor Jack Sparrow (Johnny Depp). Erst später wurde aus ihrer Piratenwelt ein Kinofilm mit eigener Handlung und Figuren. Nach dem Erfolg der Filme wirkten Elemente der Kinoreihe wiederum auf die Attraktionen zurück. Diese Entwicklung zeigt einen ungewöhnlichen Weg der Adaption: Ein räumliches Erlebnis lieferte den Ausgangspunkt für Geschichten, die danach das ursprüngliche Erlebnis mitprägten.","Stevensons Piratenliteratur ist nicht die namensgebende Vorlage dieser Reihe.","Der Film wurde von Disneys Attraktion Pirates of the Caribbean angeregt.","Die Reihe entstand nicht als Verfilmung eines LucasArts-Spiels.","Dem Film ging keine gleichnamige Fernsehserie voraus.","Erst die Attraktion, dann der Film, dann Filmfiguren in der Attraktion.","keine","https://disneyparksblog.com/disney-experiences/yo-ho-yo-ho-the-pirates-conquest-from-disneyland-to-the-big-screen/","redaktionell_quellengeprueft"
"F40-001-Y","K-F40-001-Y","","de","Film","Abenteuer","Fluch der Karibik","Pirates of the Caribbean: The Curse of the Black Pearl","2003","Pirates of the Caribbean","leicht","Filmgeschichte","Abenteuer","Abenteuer","Erstes Veröffentlichungsjahr der eindeutig bestimmten Filmfassung kennen.","In welchem Jahr kam der erste Film „Fluch der Karibik“ erstmals heraus?","1999","2006","2003","2009","C","Das erste Veröffentlichungsjahr ist 2003.","Der erste Film erschien 2003. Disney datiert den US-Kinostart auf den 9. Juli. Das Filmjahr bezeichnet hier die Veröffentlichung des konkreten ersten Werks, nicht den Beginn der Themenparkattraktion. Jack Sparrow (Johnny Depp), Will Turner (Orlando Bloom) und Elizabeth Swann (Keira Knightley) bilden dessen zentrale Figuren. Spätere Fortsetzungen gehören zu eigenen Veröffentlichungsjahren.","Die erste Veröffentlichung erfolgte erst 2003.","Der Film wurde bereits 2003 erstmals veröffentlicht.","Das erste Veröffentlichungsjahr ist 2003.","Der Film wurde bereits 2003 erstmals veröffentlicht.","Fluch der Karibik: 2003.","keine","https://movies.disney.com/pirates-of-the-caribbean-the-curse-of-the-black-pearl","redaktionell_quellengeprueft"
"F40-001-D","K-F40-001-D","","de","Film","Abenteuer","Fluch der Karibik","Pirates of the Caribbean: The Curse of the Black Pearl","2003","Pirates of the Caribbean","mittel","Filmgeschichte","Abenteuer","Abenteuer","Vollständigen Hauptregiecredit dieser Filmfassung kennen.","Wer inszenierte den ersten Kinofilm „Fluch der Karibik“?","Rob Marshall","Sam Raimi","Steven Spielberg","Gore Verbinski","D","Regie führte Gore Verbinski.","Gore Verbinski führte beim ersten Film Regie. Der Film verbindet die Rettung einer entführten Gouverneurstochter mit einem verfluchten Piratenschatz. Jack Sparrow (Johnny Depp) sucht dabei die Black Pearl, während Will Turner (Orlando Bloom) Elizabeth Swann (Keira Knightley) retten will. Die Komik ihrer ungleichen Partnerschaft steht neben Seegefechten und fantastischen Verwandlungen. Der Regiecredit bezieht sich auf dieses erste Werk.","Marshall führte bei einem späteren Film der Piratenreihe Regie.","Raimi ist nicht im Hauptregiecredit dieses Films genannt.","Spielberg ist nicht im Hauptregiecredit dieser Produktion genannt.","Regie führte Gore Verbinski.","Fluch der Karibik – Gore Verbinski.","keine","https://movies.disney.com/pirates-of-the-caribbean-the-curse-of-the-black-pearl","redaktionell_quellengeprueft"
"F40-002-L1","K-SCHAUSPIELER-202610-P02-116-L-1","SCHAUSPIELER-202610-P02-116-L-1","de","Film","Abenteuer","Die Mumie","The Mummy","1999","Die Mumie","leicht","Handlung","Abenteuer","Abenteuer","Evelyn Carnahans Beruf zu Beginn dieser Mumienverfilmung kennen.","Welchen Beruf hat Evelyn Carnahan (Rachel Weisz) zu Beginn von „Die Mumie“?","Bibliothekarin","Archäologin","Restauratorin","Journalistin","A","Evelyn Carnahan ist Bibliothekarin.","Evelyn Carnahan (Rachel Weisz) arbeitet in einer Bibliothek und bringt Kenntnisse alter Schrift und ägyptischer Geschichte in die Expedition ein. Rick O’Connell (Brendan Fraser) ergänzt sie mit praktischer Abenteuererfahrung. Dadurch entsteht ein ungleiches Team: Ihr Wissen erschließt den Ort, birgt aber auch Gefahr, sobald sie einen Text aus dem falschen Buch laut vorliest. Die Bücher bleiben bis zur Lösung entscheidend.","Evelyn Carnahan ist Bibliothekarin.","Evelyn bringt archäologische Kenntnisse mit; zu Beginn arbeitet sie aber als Bibliothekarin.","Ihre ausgewiesene Tätigkeit zu Beginn liegt in der Bibliothek, nicht in der Restaurierung.","Evelyn reist nicht als Journalistin auf eine Reportage.","Evelyn beginnt zwischen Büchern.","gering","https://www.universalpicturesathome.com/movies/the-mummy-1999","redaktionell_quellengeprueft"
"F40-002-L2","K-F40-002-L2","","de","Film","Abenteuer","Die Mumie","The Mummy","1999","Die Mumie","leicht","Handlung","Abenteuer","Abenteuer","Imhoteps ursprüngliche Stellung im alten Ägypten kennen.","Wer war Imhotep (Arnold Vosloo), bevor er in „Die Mumie“ zum verfluchten Untoten wurde?","Ein ägyptischer Pharao","Ein ägyptischer Hohepriester","Ein ägyptischer Heerführer","Ein ägyptischer Hofbaumeister","B","Imhotep war ein Hohepriester im alten Ägypten.","Imhotep (Arnold Vosloo) gehört zur Vorgeschichte des Films. Seine verbotene Beziehung zu Anck-su-namun (Patricia Velásquez) und der Tod des Pharaos führen zu seiner grausamen Bestrafung. Jahrhunderte später entdeckt eine Expedition sein Grab. Die Bedrohung ist deshalb mehr als ein zufällig erwachendes Monster: Der Untote verfolgt eine persönliche Absicht, die aus seinem früheren Leben stammt und andere Menschen gefährdet.","Imhotep steht als Hohepriester am Hof, nicht als Pharao.","Imhotep war ein Hohepriester im alten Ägypten.","Seine ursprüngliche Funktion ist religiös, nicht die Führung des Heeres.","Der Film führt Imhotep als Hohepriester ein, nicht als Baumeister.","Hinter der Mumie steht der Hohepriester Imhotep.","gering","https://www.universalpicturesathome.com/movies/the-mummy-1999|https://en.wikipedia.org/wiki/The_Mummy_(1999_film)","redaktionell_quellengeprueft"
"F40-002-M1","K-F40-002-M1","","de","Film","Abenteuer","Die Mumie","The Mummy","1999","Die Mumie","mittel","Handlung","Abenteuer","Abenteuer","Die konkrete Auslösung von Imhoteps Wiedererweckung kennen.","Was tut Evelyn (Rachel Weisz), wodurch Imhotep in „Die Mumie“ wieder erwacht?","Sie öffnet mit einem Schlüssel Imhoteps Sarkophag","Sie nimmt ein Amulett vom Körper der Mumie","Sie liest laut aus dem Buch der Toten","Sie stellt die kanopischen Gefäße in einen Kreis","C","Das laute Vorlesen aus dem Buch der Toten erweckt Imhotep.","Evelyn Carnahan (Rachel Weisz) kann die alte Schrift lesen, unterschätzt jedoch die Wirkung des Textes. Mit dem Vorlesen aus dem Buch der Toten macht sie aus einer archäologischen Expedition einen Kampf gegen Imhotep (Arnold Vosloo). Ihr Fachwissen ist damit zunächst Teil des Problems. Später wird es ebenso wichtig für die Lösung, als die Gruppe ein anderes Buch gegen den Untoten einsetzen muss.","Das Öffnen des Grabes allein ist nicht der konkrete Auslöser; entscheidend ist das Vorlesen.","Imhotep wird durch den gelesenen Text erweckt, nicht durch ein entferntes Amulett.","Das laute Vorlesen aus dem Buch der Toten erweckt Imhotep.","Die Wiedererweckung verlangt keinen von Evelyn geformten Gefäßkreis.","Ein gelesener Text erweckt den Toten.","mittel","https://en.wikipedia.org/wiki/The_Mummy_(1999_film)","redaktionell_quellengeprueft"
"F40-002-M2","K-F40-002-M2","","de","Film","Abenteuer","Die Mumie","The Mummy","1999","Die Mumie","mittel","Handlung","Abenteuer","Abenteuer","Die Schutzaufgabe der Medjai von der vermeintlichen Feindschaft unterscheiden.","„Die Mumie“: Warum versuchen die Medjai um Ardeth Bay (Oded Fehr), die Expedition von Hamunaptra fernzuhalten?","Sie wollen den Schatz für eine eigene Expedition sichern","Sie sichern die Grabstätte im Auftrag moderner Behörden","Sie halten die Gruppe für Verfolger aus einem alten Krieg","Sie wollen Imhoteps Wiedererweckung verhindern","D","Die Medjai schützen die Welt vor Imhoteps Rückkehr.","Ardeth Bay (Oded Fehr) und die Medjai erscheinen den Reisenden zunächst als Gegner. Ihre Warnungen richten sich jedoch gegen das Öffnen eines gefährlichen Grabes. Als Imhotep (Arnold Vosloo) erwacht, wird ihre Schutzaufgabe verständlich. Rick O’Connell (Brendan Fraser) und Evelyn Carnahan (Rachel Weisz) müssen deshalb ihr Urteil über die Bewacher ändern. Aus einem Hindernis für die Schatzsuche entsteht ein notwendiger Verbündeter.","Die Medjai verhindern eine Gefahr und betreiben keine konkurrierende Schatzsuche.","Ihre Aufgabe ist eine überlieferte Bewachung gegen den Fluch, keine moderne Polizeikontrolle.","Die Warnungen betreffen Imhoteps Wiederkehr und nicht eine Verwechslung mit militärischen Verfolgern.","Die Medjai schützen die Welt vor Imhoteps Rückkehr.","Die Grabwächter bewachen eine Gefahr für alle.","mittel","https://en.wikipedia.org/wiki/The_Mummy_(1999_film)","redaktionell_quellengeprueft"
"F40-002-S1","K-F40-002-S1","","de","Film","Abenteuer","Die Mumie","The Mummy","1999","Die Mumie","schwer","Handlung","Abenteuer","Abenteuer","Die Wirkung des goldenen Buchs im Finale von der Wiedererweckung unterscheiden.","„Die Mumie“: Wie hilft das goldene Buch des Amun-Ra dabei, Imhotep (Arnold Vosloo) endgültig zu besiegen?","Es nimmt ihm seine Unsterblichkeit","Es zerstört seinen Körper ohne weiteren Kampf","Es bannt ihn unversehrt in den verschlossenen Sarkophag","Es bindet ihn als Diener an den Vorlesenden","A","Der gelesene Zauber macht Imhotep wieder sterblich.","Evelyn Carnahan (Rachel Weisz) liest aus dem goldenen Buch und nimmt Imhotep (Arnold Vosloo) seine Unsterblichkeit. Erst dadurch kann Rick O’Connell (Brendan Fraser) ihn mit einer gewöhnlichen Waffe tödlich treffen. Der Film trennt somit die magische Voraussetzung von der körperlichen Auseinandersetzung. Die Rettung gelingt durch das Zusammenwirken von Sprachwissen und Kampf, nicht durch einen einzigen besonders starken Schlag.","Der gelesene Zauber macht Imhotep wieder sterblich.","Imhotep wird sterblich, muss danach aber noch körperlich besiegt werden.","Der Zauber nimmt ihm die Unsterblichkeit und sperrt ihn nicht einfach zurück ein.","Das Buch unterstellt Imhotep nicht Evelyns persönlichem Befehl.","Erst sterblich machen, dann im Kampf besiegen.","hoch","https://en.wikipedia.org/wiki/The_Mummy_(1999_film)","redaktionell_quellengeprueft"
"F40-002-S2","K-F40-002-S2","","de","Film","Abenteuer","Die Mumie","The Mummy","1999","Die Mumie","schwer","Handlung","Abenteuer","Abenteuer","Warum Imhotep die Öffner der kanopischen Gefäße verfolgt verstehen.","„Die Mumie“: Warum tötet Imhotep (Arnold Vosloo) gezielt die Männer, die die kanopischen Gefäße aus dem Grab geöffnet haben?","Um ihre Herzen für Anck-su-namuns Wiederbelebung zu opfern","Um mit ihren Körpern seine eigene Gestalt wiederherzustellen","Um ihre Erinnerung an den Weg zum goldenen Buch zu löschen","Um sie für einen beim Öffnen gebrochenen Schwur zu bestrafen","B","Imhotep gewinnt durch seine Opfer seine vollständige körperliche Gestalt zurück.","Imhotep (Arnold Vosloo) kehrt zunächst als zerfallener Körper zurück. Die Männer, die die kanopischen Gefäße öffnen, geraten gezielt ins Visier, weil er ihre körperliche Substanz zur Wiederherstellung braucht. Diese Abfolge erklärt, weshalb die Bedrohung mit jedem Opfer zunimmt. Die Gefäße sind damit keine austauschbaren Grabbeigaben: Ihre Öffnung verknüpft die Schatzsucher unmittelbar mit dem Verfall und der erneuten Macht des Priesters.","Diese Opfer dienen seiner eigenen körperlichen Wiederherstellung.","Imhotep gewinnt durch seine Opfer seine vollständige körperliche Gestalt zurück.","Imhotep nimmt ihre körperliche Substanz auf; Gedächtnislöschung ist nicht das Ziel.","Die gezielte Opferfolge folgt seiner körperlichen Erneuerung und nicht einem Schwur der Männer.","Die Gefäßöffner liefern dem Untoten seinen Körper zurück.","hoch","https://en.wikipedia.org/wiki/The_Mummy_(1999_film)","redaktionell_quellengeprueft"
"F40-002-Y","K-F40-002-Y","","de","Film","Abenteuer","Die Mumie","The Mummy","1999","Die Mumie","leicht","Filmgeschichte","Abenteuer","Abenteuer","Erstes Veröffentlichungsjahr der eindeutig bestimmten Filmfassung kennen.","Wann wurde „Die Mumie“ mit Brendan Fraser und Rachel Weisz erstmals veröffentlicht?","1932","2001","1999","2017","C","Das erste Veröffentlichungsjahr ist 1999.","Diese Fassung erschien 1999. Die eindeutige Besetzung unterscheidet sie vom älteren Universal-Film und von der späteren Neuverfilmung. Rick O’Connell (Brendan Fraser) und Evelyn Carnahan (Rachel Weisz) bilden das Abenteurerpaar; Imhotep (Arnold Vosloo) ist der wiedererweckte Hohepriester. Das Veröffentlichungsjahr gilt für dieses konkrete Werk. Ein gemeinsamer deutscher Titel macht andere Mumienfilme nicht zur selben Fassung.","Die erste Veröffentlichung erfolgte erst 1999.","Der Film wurde bereits 1999 erstmals veröffentlicht.","Das erste Veröffentlichungsjahr ist 1999.","Der Film wurde bereits 1999 erstmals veröffentlicht.","Die Mumie: 1999.","keine","https://www.universalpicturesathome.com/movies/the-mummy-1999","redaktionell_quellengeprueft"
"F40-002-D","K-F40-002-D","","de","Film","Abenteuer","Die Mumie","The Mummy","1999","Die Mumie","mittel","Filmgeschichte","Abenteuer","Abenteuer","Vollständigen Hauptregiecredit dieser Filmfassung kennen.","Wer führte bei „Die Mumie“ mit Brendan Fraser und Rachel Weisz Regie?","Alex Kurtzman","Stephen Hopkins","Joe Johnston","Stephen Sommers","D","Regie führte Stephen Sommers.","Stephen Sommers inszenierte diese Mumienfassung. Sie führt eine Expedition nach Hamunaptra und verbindet Archäologie mit komischem Abenteuer und übernatürlicher Bedrohung. Evelyn Carnahan (Rachel Weisz) erschließt alte Texte, Rick O’Connell (Brendan Fraser) bewältigt praktische Gefahren. Beide Fähigkeiten werden gebraucht. Der Regiecredit hilft, das konkrete Werk mit dieser Besetzung von den anderen Filmen unter dem deutschen Titel „Die Mumie“ zu unterscheiden.","Kurtzman inszenierte die andere Mumienfassung mit Tom Cruise.","Hopkins ist nicht der Hauptregisseur dieses Films.","Johnston gehört nicht zum Hauptregiecredit dieser Fassung.","Regie führte Stephen Sommers.","Die Mumie – Stephen Sommers.","keine","https://www.universalpicturesathome.com/movies/the-mummy-1999","redaktionell_quellengeprueft"
"F40-003-L1","K-F40-003-L1","","de","Film","Abenteuer","Uncharted","Uncharted","2022","Uncharted","leicht","Handlung","Abenteuer","Abenteuer","Nathan Drakes Alltag vor Sullys Angebot kennen.","Was arbeitet Nathan Drake (Tom Holland), bevor Sully ihn in „Uncharted“ für die Schatzsuche anwirbt?","Er ist Barkeeper","Er ist Museumskurator","Er ist Linienpilot","Er ist Marineoffizier","A","Nate arbeitet als Barkeeper in New York.","Nathan Drake (Tom Holland) verdient sein Geld an einer Bar und bestiehlt wohlhabende Gäste. Victor Sullivan (Mark Wahlberg) erkennt in ihm Fähigkeiten, die für die Schatzsuche nützlich sind. Nate startet deshalb als gewandter Gelegenheitsdieb und noch nicht als erfahrener Abenteurer. Das Angebot verbindet eine Aussicht auf Reichtum mit einer persönlichen Spur zu seinem vermissten Bruder Sam.","Nate arbeitet als Barkeeper in New York.","Die Museumsbegegnung gehört zur Kindheit, nicht zu Nates aktuellem Beruf.","Nate ist vor der Expedition nicht als Linienpilot beschäftigt.","Er kommt aus dem städtischen Alltag, nicht aus einer Offizierslaufbahn.","Nate beginnt hinter dem Tresen.","gering","https://en.wikipedia.org/wiki/Uncharted_(film)","redaktionell_quellengeprueft"
"F40-003-L2","K-F40-003-L2","","de","Film","Abenteuer","Uncharted","Uncharted","2022","Uncharted","leicht","Handlung","Abenteuer","Abenteuer","Den historischen Bezug der Schatzsuche kennen.","Mit wessen Expedition verbindet „Uncharted“ den gesuchten Goldschatz?","Mit der Expedition Roald Amundsens","Mit der Expedition Ferdinand Magellans","Mit der Expedition James Cooks","Mit der Expedition Alexander von Humboldts","B","Die Schatzsuche folgt der Spur von Magellans Expedition.","Nathan Drake (Tom Holland) und Victor Sullivan (Mark Wahlberg) verfolgen Hinweise auf einen verschwundenen Schatz aus Magellans Expedition. Santiago Moncada (Antonio Banderas) beansprucht ihn wegen der Finanzierung durch seine Familie. Der Film verbindet also ein historisches Seefahrtsmotiv mit einer modernen Konkurrenz um Besitz. Die historischen Namen dienen der fiktiven Schatzgeschichte; der dargestellte Goldfund ist kein dokumentierter archäologischer Nachweis.","Amundsens Polarreisen sind nicht die historische Spur des Films.","Die Schatzsuche folgt der Spur von Magellans Expedition.","Cooks Reisen bilden nicht den gesuchten Schatzhintergrund.","Humboldts Forschungsreisen sind nicht die Vorlage des Goldrätsels.","Magellans Reise liefert die Spur zum fiktiven Gold.","gering","https://www.sonypictures.com/movies/uncharted","redaktionell_quellengeprueft"
"F40-003-M1","K-F40-003-M1","","de","Film","Abenteuer","Uncharted","Uncharted","2022","Uncharted","mittel","Handlung","Abenteuer","Abenteuer","Die doppelte Funktion der goldenen Kreuze in Barcelona verstehen.","Die goldenen Kreuze sind in „Uncharted“ mehr als Sammlerstücke. Wozu braucht Nate (Tom Holland) sie in Barcelona?","Als Nachweis für den rechtmäßigen Besitz des Schatzes","Als Messinstrumente für die Lage des Verstecks","Als Schlüssel für einen verborgenen Zugang","Als Hilfsmittel zum Lesen einer verborgenen Inschrift","C","Die beiden Kreuze öffnen einen geheimen Zugang.","Nathan Drake (Tom Holland), Chloe Frazer (Sophia Ali) und Victor Sullivan (Mark Wahlberg) folgen in Barcelona einer Spur durch eine Kirche und verborgene Räume. Erst beide Kreuze ermöglichen den Zugang zum nächsten Hinweis. Ihr Wert liegt damit nicht allein im Gold. Was bei einer Auktion wie ein begehrtes Kunstobjekt erscheint, wird im Verlauf der Suche zu einem funktionierenden Bestandteil des Rätsels.","Die Kreuze öffnen den Weg und sind nicht nur ein Eigentumsnachweis.","Die gezeigte Funktion ist das Aufschließen eines Zugangs, nicht eine Entfernungsmessung.","Die beiden Kreuze öffnen einen geheimen Zugang.","Die Kreuze wirken als Schlüssel, nicht als Lesegeräte für Schrift.","Die Kreuze sind wertvoll, weil sie etwas öffnen.","mittel","https://en.wikipedia.org/wiki/Uncharted_(film)","redaktionell_quellengeprueft"
"F40-003-M2","K-F40-003-M2","","de","Film","Abenteuer","Uncharted","Uncharted","2022","Uncharted","mittel","Handlung","Abenteuer","Abenteuer","Die Bedeutung von Sams Postkarten für die endgültigen Koordinaten kennen.","„Uncharted“: Welche persönlichen Erinnerungsstücke führen Nate (Tom Holland) schließlich zum wirklichen Schatzversteck?","Die verborgene Gravur in seinem Ring","Eine Nachricht auf der Rückseite des goldenen Kreuzes","Ein altes Tagebuch aus dem Besitz der Moncadas","Die Postkarten seines Bruders Sam","D","In Sams Postkarten erkennt Nate die Hinweise auf das wahre Versteck.","Nathan Drake (Tom Holland) bewahrt Postkarten seines verschwundenen Bruders Sam auf. Erst spät begreift er, dass die Nachrichten mehr enthalten als einen persönlichen Gruß. Aus ihnen erschließt er die wirkliche Lage des Schatzes, nachdem die erbeutete Karte noch keine ausreichende Lösung bietet. Die Verbindung zum Bruder verändert dadurch die Schatzsuche: Nates Erinnerung und Aufmerksamkeit bringen ihn weiter als die bloße Besitznahme einer Karte.","Der Ring gehört zu Nates Erinnerungen, enthält aber nicht die entscheidenden Hinweise auf dieses Versteck.","Die endgültige Ortslösung stammt aus Sams Postkarten.","Die entscheidende persönliche Spur führt über den Bruder und dessen Postkarten.","In Sams Postkarten erkennt Nate die Hinweise auf das wahre Versteck.","Sams Grüße werden zu Koordinaten.","mittel","https://en.wikipedia.org/wiki/Uncharted_(film)","redaktionell_quellengeprueft"
"F40-003-S1","K-F40-003-S1","","de","Film","Abenteuer","Uncharted","Uncharted","2022","Uncharted","schwer","Handlung","Abenteuer","Abenteuer","Die besondere Inszenierung des Schatztransports im Finale kennen.","Was wird im Finale von „Uncharted“ durch Hubschrauber aus dem Versteck gehoben und durch die Luft transportiert?","Die alten Schiffe mit dem Schatz","Nur die Goldtruhen auf einer Transportplattform","Ein altes Frachtflugzeug mit dem Gold","Ein Turm aus dem Schatzversteck","A","Die Schatzschiffe selbst werden von Hubschraubern angehoben.","Nathan Drake (Tom Holland) entdeckt die alten Schiffe und ihren Schatz. Die Verfolger transportieren jedoch nicht nur einige Truhen ab, sondern heben die Schiffe mit Hubschraubern an. Dadurch verwandelt sich ein historischer Fund in einen beweglichen Schauplatz für den letzten Kampf. Victor Sullivan (Mark Wahlberg) übernimmt einen Hubschrauber, während Nate auf dem angehängten Schiff den Angreifern entkommen muss.","Die Schatzschiffe selbst werden von Hubschraubern angehoben.","Die Hubschrauber heben die ganzen Schiffe an, nicht bloß die Truhen auf einer Plattform.","Der letzte Lufttransport betrifft historische Schiffe und kein geborgenes Flugzeug.","Die fliegenden Schauplätze sind Schiffe, keine aus dem Versteck gelöste Architektur.","Aus versunkenen Schatzschiffen werden fliegende Kampfschauplätze.","hoch","https://en.wikipedia.org/wiki/Uncharted_(film)","redaktionell_quellengeprueft"
"F40-003-S2","K-F40-003-S2","","de","Film","Abenteuer","Uncharted","Uncharted","2022","Uncharted","schwer","Handlung","Abenteuer","Abenteuer","Sullys Priorität im entscheidenden Rettungsmoment verstehen.","Was tut Sully (Mark Wahlberg), als Braddock Nate im Finale von „Uncharted“ bedroht?","Er greift Braddock mit einem geborgenen Degen an","Er wirft einen Goldbeutel auf Braddock und rettet Nate","Er schießt mit einer Kanone den Boden unter Braddock auf","Er zieht Braddock mit einem Seil des Hubschraubers weg","B","Sully opfert den Beutel mit Gold, um Braddock zu treffen und Nate zu retten.","Victor Sullivan (Mark Wahlberg) erscheint lange als Partner, dessen Zuverlässigkeit vom Gewinn abhängt. Als Jo Braddock (Tati Gabrielle) Nathan Drake (Tom Holland) bedroht, setzt Sully das bereits eingesammelte Gold gegen sie ein. Damit entscheidet er sich praktisch für den Menschen und gegen einen größeren Teil der Beute. Der Rettungsmoment verändert die Bedeutung ihrer Partnerschaft nach den früheren Lügen über Nates Bruder.","Sully nutzt den Goldbeutel für die konkrete Rettungsaktion.","Sully opfert den Beutel mit Gold, um Braddock zu treffen und Nate zu retten.","Die Kanonenaktion gehört zu Nate; Sully wirft Braddock den Beutel entgegen.","Ein Hubschrauberseil ist nicht das Mittel seiner Rettung.","Sully wirft das Gold weg und gewinnt Vertrauen.","hoch","https://en.wikipedia.org/wiki/Uncharted_(film)","redaktionell_quellengeprueft"
"F40-003-Y","K-F40-003-Y","","de","Film","Abenteuer","Uncharted","Uncharted","2022","Uncharted","mittel","Filmgeschichte","Abenteuer","Abenteuer","Erstes Veröffentlichungsjahr der eindeutig bestimmten Filmfassung kennen.","In welchem Jahr wurde der Kinofilm „Uncharted“ mit Tom Holland erstmals veröffentlicht?","2016","2020","2022","2024","C","Das erste Veröffentlichungsjahr ist 2022.","Der Kinofilm wurde 2022 veröffentlicht. Die offizielle PlayStation-Ankündigung nennt den Kinostart in diesem Jahr. Frühere Planungen und Dreharbeiten ändern das erste Veröffentlichungsjahr nicht. Filmdienst führt für die Produktion 2021, während das hier verwendete Filmjahr die öffentliche Veröffentlichung bezeichnet. Tom Holland spielt den jungen Nathan Drake und Mark Wahlberg dessen zunächst wenig vertrauenswürdigen Partner Victor Sullivan.","Die erste Veröffentlichung erfolgte erst 2022.","Die erste Veröffentlichung erfolgte erst 2022.","Das erste Veröffentlichungsjahr ist 2022.","Der Film wurde bereits 2022 erstmals veröffentlicht.","Uncharted: 2022.","keine","https://blog.playstation.com/2021/10/21/world-premiere-of-uncharted-movie-trailer/|https://www.sonypictures.com/movies/uncharted","redaktionell_quellengeprueft"
"F40-003-D","K-F40-003-D","","de","Film","Abenteuer","Uncharted","Uncharted","2022","Uncharted","mittel","Filmgeschichte","Abenteuer","Abenteuer","Vollständigen Hauptregiecredit dieser Filmfassung kennen.","Wer führte bei der Kinofassung „Uncharted“ mit Tom Holland und Mark Wahlberg Regie?","Shawn Levy","Dan Trachtenberg","David O. Russell","Ruben Fleischer","D","Regie führte Ruben Fleischer.","Ruben Fleischer inszenierte den veröffentlichten Kinofilm. Die offizielle PlayStation-Ankündigung nennt ihn als Regisseur der Zusammenarbeit von Sony Pictures, PlayStation Productions und Naughty Dog. Das Projekt hatte zuvor mehrere Entwicklungsphasen mit anderen Beteiligten. Für die Zuordnung zählt der Credit des fertigen Films mit Nathan Drake (Tom Holland) und Victor Sullivan (Mark Wahlberg), nicht eine frühere Ankündigung während der Vorbereitung.","Levy war zeitweise mit dem Projekt verbunden, führte bei der veröffentlichten Fassung aber nicht Regie.","Trachtenberg war in einer früheren Entwicklungsphase vorgesehen, nicht im endgültigen Regiecredit.","Russell gehörte zur frühen Entwicklung, nicht zur Regie der veröffentlichten Fassung.","Regie führte Ruben Fleischer.","Uncharted – Ruben Fleischer.","keine","https://blog.playstation.com/2021/10/21/world-premiere-of-uncharted-movie-trailer/|https://en.wikipedia.org/wiki/Uncharted_(film)","redaktionell_quellengeprueft"
"F40-004-L1","K-F40-004-L1","","de","Film","Abenteuer","20.000 Meilen unter dem Meer","20,000 Leagues Under the Sea","1954","","leicht","Handlung","Abenteuer","Abenteuer","Die Auflösung des vermeintlichen Seeungeheuers kennen.","Was steckt in Disneys „20.000 Meilen unter dem Meer“ tatsächlich hinter dem vermeintlichen Seeungeheuer?","Kapitän Nemos Unterseeboot Nautilus","Ein riesiger Tintenfisch","Eine gepanzerte Überwasserfregatte","Eine unbekannte walähnliche Tierart","A","Das Seeungeheuer ist in Wahrheit die Nautilus.","Professor Pierre Aronnax (Paul Lukas), Conseil (Peter Lorre) und Ned Land (Kirk Douglas) suchen zunächst ein unbekanntes Wesen. Stattdessen gelangen sie an Bord der Nautilus und begegnen Kapitän Nemo (James Mason). Die Entdeckung verändert die Art des Abenteuers: Hinter dem Rätsel steckt technische Macht. Die Gäste müssen nun nicht nur Gefahren des Meeres verstehen, sondern auch die Absichten des Mannes, der das Boot beherrscht.","Das Seeungeheuer ist in Wahrheit die Nautilus.","Der Kalmar erscheint später; hinter den anfänglichen Schiffsangriffen steckt die Nautilus.","Das rätselhafte Fahrzeug ist ein Unterseeboot.","Die Expedition entdeckt technische Konstruktion statt einer neuen Tierart.","Das Ungeheuer ist ein Boot.","gering","https://catalog.afi.com/Catalog/moviedetails/51389","redaktionell_quellengeprueft"
"F40-004-L2","K-F40-004-L2","","de","Film","Abenteuer","20.000 Meilen unter dem Meer","20,000 Leagues Under the Sea","1954","","leicht","Handlung","Abenteuer","Abenteuer","Ned Lands praktische Rolle bei der ursprünglichen Suche kennen.","Welche besondere Tätigkeit beherrscht Ned Land (Kirk Douglas) in „20.000 Meilen unter dem Meer“?","Er ist Kartograf","Er ist Harpunierer","Er ist Schiffszimmermann","Er ist Schiffsarzt","B","Ned Land ist ein erfahrener Harpunierer.","Ned Land (Kirk Douglas) gehört zur Suche nach dem vermeintlichen Seeungeheuer, weil er mit einer Harpune umgehen kann. Auf der Nautilus wird seine praktische, auf Freiheit gerichtete Haltung zum Gegenpol der wissenschaftlichen Neugier von Professor Pierre Aronnax (Paul Lukas). Ned lässt sich vom technischen Wunder weniger leicht mitreißen. Er will nicht dauerhaft an Bord bleiben, sondern einen Weg zurück in die Außenwelt finden.","Ned wird als Harpunierer eingeführt, nicht als Kartenzeichner.","Ned Land ist ein erfahrener Harpunierer.","Seine besondere Ausgangsfähigkeit ist der Umgang mit der Harpune.","Ned ist kein medizinischer Fachmann der Expedition.","Ned bringt die Harpune und den Freiheitsdrang mit.","gering","https://catalog.afi.com/Catalog/moviedetails/51389","redaktionell_quellengeprueft"
"F40-004-M1","K-F40-004-M1","","de","Film","Abenteuer","20.000 Meilen unter dem Meer","20,000 Leagues Under the Sea","1954","","mittel","Handlung","Abenteuer","Abenteuer","Nemos Ablehnung von Krieg und Sklaverei als Motiv seiner Angriffe kennen.","Warum greift Nemo (James Mason) in „20.000 Meilen unter dem Meer“ bestimmte Schiffe an?","Er erbeutet Gold für den Bau weiterer Unterseeboote","Er zwingt die Regierungen zum Kauf seiner Erfindung","Er bekämpft Transporte für Krieg und Sklaverei","Er verteidigt ein eigenes Handelsmonopol auf dem Meer","C","Nemo richtet sich gegen Schiffe, die Krieg und Sklaverei unterstützen.","Kapitän Nemo (James Mason) hat durch Gewalt und Gefangenschaft seine Familie verloren. Er verbirgt deshalb seine technische Macht vor den Mächten der Oberfläche und bekämpft deren Transporte. Professor Pierre Aronnax (Paul Lukas) ist vom Unterseeboot fasziniert, muss aber die tödlichen Folgen dieser Haltung sehen. Der Film verbindet Nemos nachvollziehbare Ablehnung der Unterdrückung mit der Frage nach den Grenzen seiner eigenen Vergeltung.","Die Angriffe richten sich gegen Unterdrückung und Krieg, nicht gegen Schiffe wegen einer Finanzierungsbeute.","Nemo verbirgt seine Kraftquelle, statt sie durch Drohungen verkaufen zu wollen.","Nemo richtet sich gegen Schiffe, die Krieg und Sklaverei unterstützen.","Die Nautilus greift keine Konkurrenten eines Handelsunternehmens an.","Nemos Gegner handeln mit Waffen und Menschen.","mittel","https://catalog.afi.com/Catalog/moviedetails/51389","redaktionell_quellengeprueft"
"F40-004-M2","K-F40-004-M2","","de","Film","Abenteuer","20.000 Meilen unter dem Meer","20,000 Leagues Under the Sea","1954","","mittel","Handlung","Abenteuer","Abenteuer","Ned Lands Rettung Nemos beim Riesenkalmarangriff kennen.","„20.000 Meilen unter dem Meer“: Wer rettet Nemo (James Mason) beim Kampf mit dem Riesenkalmar, obwohl er mit ihm über die Gefangenschaft an Bord streitet?","Conseil (Peter Lorre)","Professor Aronnax (Paul Lukas)","Ein Matrose der Nautilus","Ned Land (Kirk Douglas)","D","Ned Land rettet Nemo beim Angriff des Riesenkalmars.","Ned Land (Kirk Douglas) will die Nautilus verlassen und widersetzt sich Kapitän Nemo (James Mason). Beim Kalmarangriff handelt er dennoch, um dessen Leben zu retten. Die Hilfe beseitigt ihren grundsätzlichen Konflikt nicht: Dankbarkeit macht eine unfreiwillige Gefangenschaft nicht zu einer freiwilligen Reise. Die Szene verbindet eine spektakuläre körperliche Gefahr mit den widersprüchlichen Beziehungen der Männer an Bord des Unterseeboots.","Nemos unmittelbarer Retter beim Kalmarangriff ist Ned.","Der Wissenschaftler übernimmt nicht Neds Rettungsaktion.","Die entscheidende Rettung wird Ned Land zugeschrieben.","Ned Land rettet Nemo beim Angriff des Riesenkalmars.","Ned bekämpft Nemos Gefangenschaft und rettet trotzdem sein Leben.","mittel","https://catalog.afi.com/Catalog/moviedetails/51389","redaktionell_quellengeprueft"
"F40-004-S1","K-F40-004-S1","","de","Film","Abenteuer","20.000 Meilen unter dem Meer","20,000 Leagues Under the Sea","1954","","schwer","Handlung","Abenteuer","Abenteuer","Den besonderen Antrieb der Nautilus in der Disney-Fassung kennen.","„20.000 Meilen unter dem Meer“: Welche Energiequelle verwendet die Nautilus in Disneys Filmfassung und verleiht Nemos Geheimnis eine moderne politische Bedeutung?","Atomenergie","Kohle","Chemische Batterien","Dieselkraftstoff","A","Die Disney-Fassung macht Atomenergie zur verborgenen Kraft der Nautilus.","Kapitän Nemo (James Mason) will seine Energiequelle nicht den Kriegsführenden an der Oberfläche überlassen. Die Disney-Fassung deutet den Antrieb ausdrücklich als Atomenergie. Dadurch gewinnt die ältere Abenteueridee eine Verbindung zu den technischen und politischen Ängsten ihrer Entstehungszeit. Professor Pierre Aronnax (Paul Lukas) sieht ein wissenschaftliches Wunder; Nemo fürchtet zugleich, dass dieselbe Entdeckung erneut zur Unterdrückung und Zerstörung eingesetzt werden könnte.","Die Disney-Fassung macht Atomenergie zur verborgenen Kraft der Nautilus.","Der verborgene moderne Antrieb beruht nicht auf einem Kohlevorrat.","Die Filmfassung betont Atomenergie als die geheime Quelle.","Ein Dieselvorrat ist nicht Nemos geheim gehaltene Kraftquelle.","Die Nautilus birgt ein Atomgeheimnis.","hoch","https://catalog.afi.com/Catalog/moviedetails/51389","redaktionell_quellengeprueft"
"F40-004-S2","K-F40-004-S2","","de","Film","Abenteuer","20.000 Meilen unter dem Meer","20,000 Leagues Under the Sea","1954","","schwer","Handlung","Abenteuer","Abenteuer","Warum die Kalmarsequenz für eine Nacht im Sturm neu gedreht wurde kennen.","„20.000 Meilen unter dem Meer“: Warum wurde der zunächst bei Sonnenuntergang gedrehte Kalmarangriff für eine stürmische Nacht neu gestaltet?","Die Beleuchtung sollte zu bereits fertigen Nachtszenen passen","Dunkelheit und Sturm sollten Drähte verbergen und die Gefahr steigern","Eine Drehbuchänderung verlangte die Nacht für Nemos Gefangenschaft","Die Crew musste auf eine verfügbare Sturmkulisse ausweichen","B","Sturm und Dunkelheit kaschierten die sichtbaren Drähte des mechanischen Kalmars.","Der Disney-Archivbeitrag beschreibt Probleme der ursprünglichen Kalmaraufnahme: Die Drähte waren sichtbar, die Mechanik bereitete Schwierigkeiten und die ruhige Abendstimmung minderte die Gefahr. Die umgestaltete Nacht im Sturm half, die technische Konstruktion zu verbergen und den Kampf dramatischer wirken zu lassen. Ein praktisches Problem der Spezialeffekte führte so zu einer anderen Bildidee, die die Handlung zugleich spannender machte.","Der Archivbeitrag nennt die sichtbare Mechanik und die zu friedliche Wirkung als Gründe.","Sturm und Dunkelheit kaschierten die sichtbaren Drähte des mechanischen Kalmars.","Eine solche zeitliche Handlungsvorgabe erklärt den Neudreh nicht.","Der Sturm wurde zur Verbesserung der Wirkung gestaltet, nicht nur als verfügbare Ersatzkulisse genutzt.","Der Sturm ist auch ein Trick, der den Trick verbirgt.","gering","https://d23.com/when-squids-attack/","redaktionell_quellengeprueft"
"F40-004-Y","K-F40-004-Y","","de","Film","Abenteuer","20.000 Meilen unter dem Meer","20,000 Leagues Under the Sea","1954","","schwer","Filmgeschichte","Abenteuer","Abenteuer","Erstes Veröffentlichungsjahr der eindeutig bestimmten Filmfassung kennen.","Wann erschien Disneys Realverfilmung „20.000 Meilen unter dem Meer“ mit James Mason erstmals?","1948","1961","1954","1968","C","Das erste Veröffentlichungsjahr ist 1954.","Die Disney-Realverfilmung erschien 1954. AFI nennt den 23. Dezember als US-Veröffentlichungsdatum. Diese Zeitangabe gehört zur Fassung mit Kapitän Nemo (James Mason) und Ned Land (Kirk Douglas). Der Jules-Verne-Stoff selbst ist wesentlich älter und wurde auch in anderen Fassungen bearbeitet. Für das Filmjahr zählt hier die erste Veröffentlichung dieser konkreten Produktion, nicht das Erscheinungsjahr der literarischen Vorlage.","Die erste Veröffentlichung erfolgte erst 1954.","Der Film wurde bereits 1954 erstmals veröffentlicht.","Das erste Veröffentlichungsjahr ist 1954.","Der Film wurde bereits 1954 erstmals veröffentlicht.","20.000 Meilen unter dem Meer: 1954.","keine","https://catalog.afi.com/Catalog/moviedetails/51389","redaktionell_quellengeprueft"
"F40-004-D","K-F40-004-D","","de","Film","Abenteuer","20.000 Meilen unter dem Meer","20,000 Leagues Under the Sea","1954","","schwer","Filmgeschichte","Abenteuer","Abenteuer","Vollständigen Hauptregiecredit dieser Filmfassung kennen.","Wer inszenierte Disneys Realverfilmung „20.000 Meilen unter dem Meer“ mit James Mason und Kirk Douglas?","Richard Thorpe","Robert Stevenson","Henry Levin","Richard Fleischer","D","Regie führte Richard Fleischer.","Richard Fleischer führte Regie. Walt Disney steht für die Produktion, ist jedoch nicht der Hauptregisseur dieser Realverfilmung. Der Film stellt die technische Faszination der Nautilus neben Nemos Gewalt gegen die Schifffahrt. Ned Land (Kirk Douglas) sucht Freiheit, während Professor Pierre Aronnax (Paul Lukas) das neue Wissen bewahren will. Die Inszenierung verbindet diese gegensätzlichen Interessen mit aufwendig gestalteten Unterwasserabenteuern.","Thorpe ist nicht der Hauptregisseur dieser Disney-Produktion.","Stevenson drehte andere Disney-Filme, nicht diese Fassung.","Levin inszenierte eine andere bekannte Jules-Verne-Verfilmung.","Regie führte Richard Fleischer.","20.000 Meilen unter dem Meer – Richard Fleischer.","keine","https://catalog.afi.com/Catalog/moviedetails/51389","redaktionell_quellengeprueft"
"F40-005-L1","K-F40-005-L1","","de","Film","Abenteuer","Cast Away – Verschollen","Cast Away","2000","","leicht","Handlung","Abenteuer","Abenteuer","Chuck Nolands beruflichen Ausgangspunkt kennen.","Für welches Unternehmen arbeitet Chuck Noland (Tom Hanks) in „Cast Away – Verschollen“?","FedEx","UPS","DHL","TNT","A","Chuck Noland arbeitet für den Paketdienst FedEx.","Chuck Noland (Tom Hanks) organisiert zu Beginn die Arbeit eines internationalen Paketdienstes. Seine berufliche Welt folgt Fristen, Transportwegen und Terminen. Nach dem Flugzeugabsturz muss er ohne diese Ordnung auskommen. Pakete aus dem abgestürzten Flugzeug stranden jedoch mit ihm und werden zu nützlichen Gegenständen. Der Film führt damit Materialien aus seiner früheren Arbeit in einen Alltag ein, in dem ihre ursprüngliche Bestimmung kaum noch zählt.","Chuck Noland arbeitet für den Paketdienst FedEx.","Der Film bindet Chuck an FedEx, nicht an UPS.","DHL ist nicht Chucks Arbeitgeber in dieser Handlung.","Der Film nennt FedEx als Chucks Paketdienst.","Vom weltweiten Paketnetz zur einsamen Insel.","gering","https://catalog.afi.com/Film/61089-CAST-AWAY","redaktionell_quellengeprueft"
"F40-005-L2","K-F40-005-L2","","de","Film","Abenteuer","Cast Away – Verschollen","Cast Away","2000","","leicht","Handlung","Abenteuer","Abenteuer","Wilsons materielle Identität und Funktion kennen.","Was ist Wilson, Chucks Gesprächspartner auf der Insel in „Cast Away – Verschollen“?","Ein Basketball","Ein Volleyball","Ein Football","Ein Fußball","B","Wilson ist ein Volleyball mit einem aufgemalten Gesicht.","Chuck Noland (Tom Hanks) findet den Volleyball in der angespülten Fracht. Aus einem blutigen Handabdruck entsteht ein Gesicht, und aus dem Sportgerät wird für ihn Wilson. Chuck spricht mit dem Ball, streitet mit ihm und behandelt ihn wie einen Gefährten. Die Einsamkeit erhält dadurch eine sichtbare Form. Der Name stammt von der Marke des Balls, nicht von einem weiteren überlebenden Passagier.","Der gefundene und zum Gefährten gemachte Ball ist ein Volleyball.","Wilson ist ein Volleyball mit einem aufgemalten Gesicht.","Wilson ist im Film kein Football.","Der angespülte Ball ist ein Volleyball, kein Fußball.","Wilson ist der Ball, der zum Gefährten wird.","gering","https://catalog.afi.com/Film/61089-CAST-AWAY","redaktionell_quellengeprueft"
"F40-005-M1","K-F40-005-M1","","de","Film","Abenteuer","Cast Away – Verschollen","Cast Away","2000","","mittel","Handlung","Abenteuer","Abenteuer","Die Ausnahme beim Öffnen der angespülten Pakete kennen.","„Cast Away“: Welches angespülte Paket lässt Chuck (Tom Hanks) ungeöffnet und versucht es nach seiner Rettung zuzustellen?","Das Paket mit dem Volleyball","Das Paket mit den Schlittschuhen","Das Paket mit dem Flügelmotiv","Das Paket mit den Videokassetten","C","Er bewahrt das Paket mit dem Flügelmotiv ungeöffnet auf.","Chuck Noland (Tom Hanks) öffnet fast alle angespülten Pakete und nutzt ihre Inhalte auf unerwartete Weise. Das Paket mit den Flügeln behandelt er anders. Nach seiner Rückkehr versucht er, es doch noch abzuliefern. Es verbindet seine frühere Arbeit mit der Zeit auf der Insel und seinem weiteren Weg. Der Film verrät nicht durch eine sichere Inhaltsangabe, was sich in der ungeöffneten Sendung befindet.","Den Volleyball nimmt Chuck aus seiner Verpackung.","Chuck verwendet den Inhalt dieses Pakets als Werkzeug.","Er bewahrt das Paket mit dem Flügelmotiv ungeöffnet auf.","Die Bänder werden für seine Überlebensarbeit nutzbar.","Die Flügel bleiben verschlossen und reisen weiter.","mittel","https://catalog.afi.com/Film/61089-CAST-AWAY","redaktionell_quellengeprueft"
"F40-005-M2","K-F40-005-M2","","de","Film","Abenteuer","Cast Away – Verschollen","Cast Away","2000","","mittel","Handlung","Abenteuer","Abenteuer","Das entscheidende improvisierte Segel für Chucks Flucht kennen.","„Cast Away“: Welches angespülte Teil nutzt Chuck (Tom Hanks) als Segel, um mit seinem Floß die Brandung zu überwinden?","Eine Plane aus dem Rettungsfloß","Ein geborgener Fallschirm","Ein Rest der Flugzeugtragfläche","Eine Kunststoffwand einer mobilen Toilette","D","Ein Teil einer mobilen Toilette wird zum Segel.","Chuck Noland (Tom Hanks) hat lange keine Aussicht, die gefährliche Brandung zu überwinden. Erst ein angeschwemmtes Kunststoffteil verändert seine Möglichkeiten. Er nutzt es als Segel und verbindet es mit einem selbstgebauten Floß. Die Flucht beruht damit nicht auf einem plötzlich gefundenen fertigen Boot. Ein Alltagsgegenstand erhält eine neue Funktion, weil Chuck seine Umgebung inzwischen nach Material und Einsatzmöglichkeiten lesen kann.","Das entscheidende Segel entsteht aus einer angeschwemmten Toilettenwand.","Chuck verwendet keinen Fallschirm als dieses Segel.","Eine Tragfläche bildet nicht das entscheidende Segel seines Fluchtfloßes.","Ein Teil einer mobilen Toilette wird zum Segel.","Die Toilettenwand wird zum Segel.","mittel","https://catalog.afi.com/Film/61089-CAST-AWAY","redaktionell_quellengeprueft"
"F40-005-S1","K-F40-005-S1","","de","Film","Abenteuer","Cast Away – Verschollen","Cast Away","2000","","schwer","Filmgeschichte","Abenteuer","Abenteuer","Den Zweck der langen Produktionsunterbrechung kennen.","Warum wurde der Dreh von „Cast Away – Verschollen“ für ungefähr ein Jahr unterbrochen?","Für Hanks’ Gewichtsverlust sowie das Wachstum von Haaren und Bart","Für einen Wechsel der Drehjahreszeit","Für einen grundlegenden Umbau des Inselsets","Für eine grundlegende Überarbeitung des Drehbuchs","A","Die Pause ermöglichte Tom Hanks die reale körperliche Veränderung für Chucks jahrelange Isolation.","Die Produktion nahm zunächst die frühere Phase der Geschichte auf. Für den späteren, deutlich abgemagerten Chuck Noland (Tom Hanks) folgte eine lange Unterbrechung, in der Hanks Gewicht verlor und Haare und Bart wachsen ließ. Robert Zemeckis drehte währenddessen „Schatten der Wahrheit“. Der sichtbare Zeitsprung wurde somit durch einen bewusst geteilten Produktionsablauf unterstützt und nicht allein durch Maske oder digitale Veränderung erzeugt.","Die Pause ermöglichte Tom Hanks die reale körperliche Veränderung für Chucks jahrelange Isolation.","Der entscheidende Grund war Hanks’ körperliche Veränderung für den Zeitsprung.","Ein umfassender Setumbau erklärt die lange Unterbrechung nicht.","Der geteilte Dreh war zur körperlichen Veränderung des Darstellers vorgesehen.","Der Zeitsprung auf der Insel hatte eine echte Drehpause.","gering","https://catalog.afi.com/Film/61089-CAST-AWAY","redaktionell_quellengeprueft"
"F40-005-S2","K-F40-005-S2","","de","Film","Abenteuer","Cast Away – Verschollen","Cast Away","2000","","schwer","Handlung","Abenteuer","Abenteuer","Die Rechercheerfahrung hinter der Idee für Wilson kennen.","„Cast Away“: Welche Erfahrung des Drehbuchautors William Broyles Jr. floss in die Idee des Gesprächspartners Wilson ein?","Er traf einen Schiffbrüchigen, der mit einem Ball sprach","Bei einer Überlebensrecherche fand er einen angespülten Volleyball","Er lernte die Ballfigur als psychologische Überlebensmethode kennen","Er übernahm die Ballfigur aus dem Tagebuch eines Inselbewohners","B","Broyles fand bei seiner Überlebensrecherche selbst einen angespülten Volleyball.","William Broyles Jr. bereitete das Drehbuch auch mit einer praktischen Überlebensrecherche vor. Dabei fand er einen angeschwemmten Volleyball und entwickelte daraus einen vorstellbaren Gesprächspartner. Diese Erfahrung ging in Wilson ein, den Chuck Noland (Tom Hanks) auf der Insel mit einem Gesicht versieht. Der markante Einfall verbindet deshalb eine konkrete Recherchebeobachtung mit einer filmisch sichtbaren Antwort auf Einsamkeit und fehlenden menschlichen Austausch.","Der berichtete Ursprung ist Broyles’ eigener Strandfund während seiner Recherche.","Broyles fand bei seiner Überlebensrecherche selbst einen angespülten Volleyball.","AFI beschreibt einen eigenen Fund und eine daraus entstandene Vorstellung, keine übernommene Behandlungsmethode.","Wilson entstand aus der Rechercheerfahrung des Autors, nicht aus einer solchen Tagebuchfigur.","Ein echter Strandfund wurde zur Idee für Wilson.","gering","https://catalog.afi.com/Film/61089-CAST-AWAY","redaktionell_quellengeprueft"
"F40-005-Y","K-F40-005-Y","","de","Film","Abenteuer","Cast Away – Verschollen","Cast Away","2000","","leicht","Filmgeschichte","Abenteuer","Abenteuer","Erstes Veröffentlichungsjahr der eindeutig bestimmten Filmfassung kennen.","In welchem Jahr wurde „Cast Away – Verschollen“ erstmals veröffentlicht?","1996","2004","2000","2008","C","Das erste Veröffentlichungsjahr ist 2000.","„Cast Away“ erschien 2000. AFI nennt den 22. Dezember als US-Kinostart. Der lange, unterbrochene Dreh darf dabei nicht mit einer Veröffentlichung verwechselt werden. Chuck Noland (Tom Hanks) durchlebt im Film mehrere Jahre auf einer Insel; diese erzählte Zeit ist ebenfalls kein Filmjahr. Für die zeitliche Einordnung wird die erste öffentliche Veröffentlichung des fertigen Werks verwendet.","Die erste Veröffentlichung erfolgte erst 2000.","Der Film wurde bereits 2000 erstmals veröffentlicht.","Das erste Veröffentlichungsjahr ist 2000.","Der Film wurde bereits 2000 erstmals veröffentlicht.","Cast Away – Verschollen: 2000.","keine","https://catalog.afi.com/Film/61089-CAST-AWAY","redaktionell_quellengeprueft"
"F40-005-D","K-F40-005-D","","de","Film","Abenteuer","Cast Away – Verschollen","Cast Away","2000","","mittel","Filmgeschichte","Abenteuer","Abenteuer","Vollständigen Hauptregiecredit dieser Filmfassung kennen.","Wer führte bei „Cast Away – Verschollen“ mit Tom Hanks die Hauptregie?","Ron Howard","Steven Spielberg","Steve Starkey","Robert Zemeckis","D","Regie führte Robert Zemeckis.","Robert Zemeckis führte die Hauptregie. Der detaillierte AFI-Credit unterscheidet ihn ausdrücklich von Steve Starkey in der Second Unit. Die Produktion wurde für die körperliche Veränderung von Chuck Noland (Tom Hanks) geteilt. Zemeckis drehte während der Pause einen anderen Film. Die Hauptregie wird deshalb anhand des fertigen Filmcredits zugeordnet; ein zusätzlicher technischer Regiecredit macht daraus keine gemeinsame Hauptregie.","Howard ist nicht der Hauptregisseur dieses Films.","Spielberg inszenierte andere Filme mit Hanks, nicht diesen.","Starkey wird als Second-Unit-Regisseur geführt; die Hauptregie hat Zemeckis.","Regie führte Robert Zemeckis.","Cast Away – Verschollen – Robert Zemeckis.","keine","https://catalog.afi.com/Film/61089-CAST-AWAY","redaktionell_quellengeprueft"
"F40-006-L1","K-F40-006-L1","","de","Film","Abenteuer","Master and Commander – Bis ans Ende der Welt","Master and Commander: The Far Side of the World","2003","","leicht","Handlung","Abenteuer","Abenteuer","Die militärische Zugehörigkeit der HMS Surprise kennen.","Für welche Marine fährt Jack Aubrey (Russell Crowe) mit der Surprise in „Master and Commander“?","Für die britische Royal Navy","Für die französische Marine","Für die spanische Marine","Für die US Navy","A","Die Surprise gehört zur britischen Royal Navy.","Jack Aubrey (Russell Crowe) führt die britische Fregatte Surprise während der napoleonischen Kriege. Sein Auftrag ist die Verfolgung eines gefährlichen französischen Gegners. Das Schiff bildet dabei eine kleine Gesellschaft mit Offizieren, einfachen Seeleuten und jungen angehenden Offizieren. Die militärische Zugehörigkeit erklärt den Auftrag und die strenge Ordnung an Bord. Hinter dem Abenteuer steht ein Konflikt zwischen europäischen Mächten auf weit entfernten Meeren.","Die Surprise gehört zur britischen Royal Navy.","Das verfolgte französische Schiff ist der Gegner der Surprise.","Die Surprise ist keine spanische Fregatte.","Die Handlung folgt einem britischen Kapitän, keinem amerikanischen.","Aubrey kommandiert eine britische Fregatte.","gering","https://cinema.com/articles/2504/master-and-commander-production-notes.phtml","redaktionell_quellengeprueft"
"F40-006-L2","K-F40-006-L2","","de","Film","Abenteuer","Master and Commander – Bis ans Ende der Welt","Master and Commander: The Far Side of the World","2003","","leicht","Handlung","Abenteuer","Abenteuer","Stephen Maturins Aufgabe an Bord kennen.","„Master and Commander“: Welche Aufgabe hat Stephen Maturin (Paul Bettany) an Bord der Surprise?","Er ist der Steuermann","Er ist der Schiffsarzt","Er ist der Zahlmeister","Er ist der Waffenmeister","B","Stephen Maturin ist der Schiffsarzt.","Stephen Maturin (Paul Bettany) behandelt Verletzungen und Krankheiten auf der Surprise. Er ist außerdem ein naturkundlich interessierter Mann und ein enger Freund von Jack Aubrey (Russell Crowe). Seine medizinische Verantwortung gibt ihm eine andere Sicht auf Verluste und Risiken als dem Kapitän. Ihre Freundschaft hält deshalb nicht alle Konflikte fern: Wissenschaft, Gesundheit der Mannschaft und militärischer Auftrag können unterschiedliche Entscheidungen verlangen.","Maturin ist für Medizin zuständig, nicht für die Steuerung des Schiffes.","Stephen Maturin ist der Schiffsarzt.","Geldverwaltung ist nicht seine Aufgabe an Bord.","Maturin übernimmt keine Leitung der Schiffsartillerie.","Maturin heilt, Aubrey kommandiert.","gering","https://www.filmdienst.de/film/details/521491/master-and-commander-bis-ans-ende-der-welt","redaktionell_quellengeprueft"
"F40-006-M1","K-F40-006-M1","","de","Film","Abenteuer","Master and Commander – Bis ans Ende der Welt","Master and Commander: The Far Side of the World","2003","","mittel","Handlung","Abenteuer","Abenteuer","Den Zweck von Maturins Wunsch nach einem Aufenthalt auf Galápagos kennen.","„Master and Commander“: Warum möchte Maturin (Paul Bettany) auf den Galápagosinseln an Land gehen, obwohl Aubrey den Gegner weiterverfolgen will?","Er möchte Vorräte und Trinkwasser ergänzen","Er möchte Verletzte dauerhaft auf der Insel unterbringen","Er möchte Tiere und Pflanzen erforschen","Er möchte die Surprise in einer geschützten Bucht reparieren","C","Maturin möchte die ungewöhnliche Natur der Inseln untersuchen.","Stephen Maturin (Paul Bettany) sieht im Aufenthalt auf Galápagos eine seltene Gelegenheit zur Forschung. Jack Aubrey (Russell Crowe) gewichtet die Verfolgung des französischen Schiffes stärker. Die Inseln werden dadurch zum konkreten Schauplatz eines Konflikts ihrer Prioritäten. Beide handeln aus nachvollziehbaren Aufgaben heraus. Ihr Streit lässt erkennen, wie schwer persönliche Versprechen und wissenschaftliche Neugier mit einem militärischen Auftrag vereinbar sein können.","Maturins konkreter Wunsch gilt der Naturforschung.","Er fordert keinen dauerhaften Auszug der Verletzten aus dem Schiff.","Maturin möchte die ungewöhnliche Natur der Inseln untersuchen.","Der Forschungsausflug ist sein Ziel, nicht eine Schiffswerft.","Galápagos bedeutet Forschung für Maturin und Verzögerung für Aubrey.","mittel","https://www.filmdienst.de/film/details/521491/master-and-commander-bis-ans-ende-der-welt|https://en.wikipedia.org/wiki/Master_and_Commander:_The_Far_Side_of_the_World","redaktionell_quellengeprueft"
"F40-006-M2","K-F40-006-M2","","de","Film","Abenteuer","Master and Commander – Bis ans Ende der Welt","Master and Commander: The Far Side of the World","2003","","mittel","Handlung","Abenteuer","Abenteuer","Maturins Selbstoperation und die Rolle des Spiegels kennen.","Wie wird Maturins (Paul Bettany) Schussverletzung in „Master and Commander“ behandelt?","Ein erfahrener Matrose operiert unter seinen Anweisungen","Aubrey operiert ihn nach einer medizinischen Zeichnung","Ein von Land geholter Arzt führt die Operation aus","Er operiert mit Hilfe eines Spiegels an sich selbst","D","Maturin führt die schwierige Selbstoperation mit einem Spiegel durch.","Stephen Maturin (Paul Bettany) wird versehentlich angeschossen. Seine Verletzung zwingt Jack Aubrey (Russell Crowe), die Inseln doch anzulaufen. Weil Maturin der erfahrenste Arzt an Bord ist, übernimmt er die Operation an sich selbst und nutzt einen Spiegel, um die Wunde zu sehen. Die Szene macht die medizinischen Grenzen des Schiffsalltags anschaulich und verändert zugleich den Ablauf des militärischen Auftrags.","Maturin führt den Eingriff selbst aus und benutzt einen Spiegel.","Der Kapitän übernimmt diese Operation nicht.","Die Situation verlangt Maturins eigene medizinische Fähigkeiten.","Maturin führt die schwierige Selbstoperation mit einem Spiegel durch.","Der Arzt muss sich selbst operieren und braucht einen Spiegel.","hoch","https://en.wikipedia.org/wiki/Master_and_Commander:_The_Far_Side_of_the_World","redaktionell_quellengeprueft"
"F40-006-S1","K-F40-006-S1","","de","Film","Abenteuer","Master and Commander – Bis ans Ende der Welt","Master and Commander: The Far Side of the World","2003","","schwer","Handlung","Abenteuer","Abenteuer","Die naturkundliche Anregung für Aubreys Tarnplan erkennen.","„Master and Commander“: Welcher Naturbeobachtung folgt Aubreys (Russell Crowe) Plan, die Surprise als harmlosen Walfänger zu tarnen?","Der Tarnung einer Stabheuschrecke","Dem Farbwechsel eines Tintenfischs","Dem Tarnmuster eines Plattfischs","Dem Ablenkungsverhalten eines brütenden Vogels","A","Eine Stabheuschrecke liefert Aubrey die Idee für die Verkleidung des Schiffs.","Jack Aubrey (Russell Crowe) greift eine naturkundliche Beobachtung aus dem Umfeld von Stephen Maturin (Paul Bettany) auf: Ein Insekt schützt sich durch eine Gestalt, die mit seiner Umgebung verwechselt wird. Die Surprise erscheint danach als ungefährlicher Walfänger und lockt den stärkeren Gegner näher heran. Aus dem früheren Streit zwischen militärischem Nutzen und Forschung entsteht so eine unerwartete Verbindung beider Interessen.","Eine Stabheuschrecke liefert Aubrey die Idee für die Verkleidung des Schiffs.","Die konkrete Anregung ist die täuschende Gestalt einer Stabheuschrecke.","Der Plan wird nicht aus einem Plattfischmuster entwickelt.","Aubreys Idee stammt von der Verwechslung eines Insekts mit seiner Umgebung.","Maturins Naturkunde wird zu Aubreys Tarnung.","hoch","https://en.wikipedia.org/wiki/Master_and_Commander:_The_Far_Side_of_the_World","redaktionell_quellengeprueft"
"F40-006-S2","K-PRZ-202610-P01-E-014","PRZ-202610-P01-E-014","de","Film","Abenteuer","Master and Commander – Bis ans Ende der Welt","Master and Commander: The Far Side of the World","2003","","schwer","Handlung","Abenteuer","Abenteuer","Den Kamerapreisträger für Master and Commander bei den Oscars 2004 kennen.","Wer erhielt bei den Oscars 2004 für „Master and Commander“ den Preis für die Kamera?","John Seale","Russell Boyd","Eduardo Serra","John Schwartzman","B","Russell Boyd gewann den Kamera-Oscar für diesen Film.","Die Academy zeichnete Russell Boyd für die Kamera von „Master and Commander“ aus. Die Verleihung fand 2004 statt, während der Film bereits 2003 erschien. Diese beiden Jahresangaben bezeichnen unterschiedliche Ereignisse. In der offiziellen Liste steht außerdem ein zweiter Gewinn für den Film: Richard King erhielt den Preis für Tonschnitt. Kamera und Tonschnitt haben eigene verantwortliche Künstler und bilden unterschiedliche Wissensziele.","Seale war für „Cold Mountain“ nominiert und gewann in dieser Kategorie nicht.","Russell Boyd gewann den Kamera-Oscar für diesen Film.","Serra war für „Das Mädchen mit dem Perlenohrring“ nominiert.","Schwartzman war für „Seabiscuit“ nominiert.","Film 2003, Kamera-Oscar 2004: Russell Boyd.","keine","https://www.oscars.org/oscars/ceremonies/2004","redaktionell_quellengeprueft"
"F40-006-Y","K-F40-006-Y","","de","Film","Abenteuer","Master and Commander – Bis ans Ende der Welt","Master and Commander: The Far Side of the World","2003","","mittel","Filmgeschichte","Abenteuer","Abenteuer","Erstes Veröffentlichungsjahr der eindeutig bestimmten Filmfassung kennen.","Wann wurde „Master and Commander – Bis ans Ende der Welt“ erstmals veröffentlicht?","1999","2004","2003","2007","C","Das erste Veröffentlichungsjahr ist 2003.","Der Film erschien 2003. Die Oscarverleihung, bei der er ausgezeichnet wurde, folgte 2004 und bezeichnet deshalb kein anderes Filmjahr. Jack Aubrey (Russell Crowe) und Stephen Maturin (Paul Bettany) gehören zur Welt der Romanfiguren von Patrick O’Brian. Die dargestellte Reise spielt während der napoleonischen Kriege. Erzählzeit, literarische Vorgeschichte und Veröffentlichung des Kinofilms müssen bei der Einordnung getrennt betrachtet werden.","Die erste Veröffentlichung erfolgte erst 2003.","Der Film wurde bereits 2003 erstmals veröffentlicht.","Das erste Veröffentlichungsjahr ist 2003.","Der Film wurde bereits 2003 erstmals veröffentlicht.","Master and Commander – Bis ans Ende der Welt: 2003.","keine","https://www.filmdienst.de/film/details/521491/master-and-commander-bis-ans-ende-der-welt|https://www.oscars.org/oscars/ceremonies/2004","redaktionell_quellengeprueft"
"F40-006-D","K-F40-006-D","","de","Film","Abenteuer","Master and Commander – Bis ans Ende der Welt","Master and Commander: The Far Side of the World","2003","","mittel","Filmgeschichte","Abenteuer","Abenteuer","Vollständigen Hauptregiecredit dieser Filmfassung kennen.","Wer inszenierte „Master and Commander – Bis ans Ende der Welt“?","Ridley Scott","Peter Jackson","Mel Gibson","Peter Weir","D","Regie führte Peter Weir.","Peter Weir führte Regie und arbeitete mit John Collee am Drehbuch. Die veröffentlichten Produktionsnotizen erläutern die Verbindung zu Patrick O’Brians Romanwelt und den Aufwand für einen glaubwürdigen Schiffsalltag. Der Film stellt Jack Aubrey (Russell Crowe) und Stephen Maturin (Paul Bettany) als Freunde mit unterschiedlichen Aufgaben nebeneinander. Naturforschung, medizinische Verantwortung und Kriegsauftrag werden dadurch zu persönlichen Konflikten innerhalb derselben Reise.","Scott ist nicht der Hauptregisseur dieser O’Brian-Verfilmung.","Jackson inszenierte nicht dieses historische Seeabenteuer.","Gibson gehört nicht zum Hauptregiecredit dieser Produktion.","Regie führte Peter Weir.","Master and Commander – Bis ans Ende der Welt – Peter Weir.","keine","https://cinema.com/articles/2504/master-and-commander-production-notes.phtml","redaktionell_quellengeprueft"
"F40-007-L1","K-F40-007-L1","","de","Film","Abenteuer","Die Reise zum Mittelpunkt der Erde","Journey to the Center of the Earth","1959","","leicht","Handlung","Abenteuer","Abenteuer","Die literarische Herkunft der Abenteuerreise kennen.","Wessen Roman lieferte die Vorlage für „Die Reise zum Mittelpunkt der Erde“ mit James Mason?","Jules Verne","H. G. Wells","Arthur Conan Doyle","Robert Louis Stevenson","A","Die Vorlage stammt von Jules Verne.","Jules Verne entwarf die unterirdische Reise als literarisches Abenteuer. Die Filmfassung mit Professor Oliver Lindenbrook (James Mason) und Alec McEwen (Pat Boone) bearbeitet diese Vorlage frei. Sie verändert Figuren und ergänzt eine weibliche Teilnehmerin der Expedition. Eine Literaturadaption muss deshalb nicht jedes Detail des Buches übernehmen. Entscheidend für diese Zuordnung ist die Herkunft der Reiseidee aus Vernes Roman.","Die Vorlage stammt von Jules Verne.","Wells schrieb andere wissenschaftlich-fantastische Romane, nicht diese Vorlage.","Doyles Abenteuerliteratur ist nicht die Vorlage dieses Films.","Stevenson ist nicht der Autor der verfilmten unterirdischen Reise.","Die Reise unter die Erde beginnt bei Jules Verne.","keine","https://catalog.afi.com/Film/52938-JOURNEY-TO-THE-CENTER-OF-THE-EARTH","redaktionell_quellengeprueft"
"F40-007-L2","K-F40-007-L2","","de","Film","Abenteuer","Die Reise zum Mittelpunkt der Erde","Journey to the Center of the Earth","1959","","leicht","Handlung","Abenteuer","Abenteuer","Den Ausgangsort der unterirdischen Expedition kennen.","„Die Reise zum Mittelpunkt der Erde“: Auf welcher Insel beginnt Lindenbrooks (James Mason) Expedition den Abstieg in die Erde?","Sizilien","Island","Madagaskar","Neuseeland","B","Die Gruppe steigt auf Island in die Erde hinab.","Professor Oliver Lindenbrook (James Mason) findet Hinweise auf einen früheren Reisenden und folgt ihnen nach Island. Dort schließt sich eine kleine Expedition zusammen, bevor sie in den vulkanischen Untergrund aufbricht. Die Insel ist somit der Übergang aus einer vertrauten europäischen Welt in das fantastische Innere der Erde. Der Weg führt später weit über den ursprünglichen Einstieg hinaus und endet nicht einfach am selben Krater.","Sizilien spielt für den späteren Ausgang eine Rolle, nicht für den ersten Abstieg.","Die Gruppe steigt auf Island in die Erde hinab.","Die Expedition startet den Abstieg nicht vor der afrikanischen Küste.","Der Eingang liegt nicht in einem neuseeländischen Vulkan.","Island ist das Tor nach unten.","gering","https://catalog.afi.com/Film/52938-JOURNEY-TO-THE-CENTER-OF-THE-EARTH","redaktionell_quellengeprueft"
"F40-007-M1","K-F40-007-M1","","de","Film","Abenteuer","Die Reise zum Mittelpunkt der Erde","Journey to the Center of the Earth","1959","","mittel","Handlung","Abenteuer","Abenteuer","Den unscheinbaren Auslöser von Lindenbrooks Forschung kennen.","„Die Reise zum Mittelpunkt der Erde“: In welchem unscheinbaren Geschenk entdeckt Lindenbrook (James Mason) die Spur des früheren Erdreisenden?","In einem versteckten Fach eines alten Globus","Auf dem Einband eines antiken Notizbuchs","In einem Stück Lava als Papierbeschwerer","Auf einem beschädigten Kompass mit einer Inschrift","C","Ein Lava-Papierbeschwerer enthält den entscheidenden Hinweis.","Alec McEwen (Pat Boone) schenkt Professor Oliver Lindenbrook (James Mason) ein ungewöhnliches Stück Gestein. Beim Untersuchen entdeckt der Professor darin einen Hinweis auf Arne Saknussemm und eine mögliche Route in das Erdinnere. Der Film macht aus einem alltäglichen Schreibtischgegenstand den Anfang einer großen Expedition. Wissenschaftliche Aufmerksamkeit verändert den Wert des Fundes: Entscheidend ist nicht das Geschenk als Dekoration, sondern was darin verborgen liegt.","Der Hinweis liegt in einem untersuchten Lavastück.","Nicht ein Bucheinband, sondern der Papierbeschwerer führt zur Entdeckung.","Ein Lava-Papierbeschwerer enthält den entscheidenden Hinweis.","Ein solcher Kompass ist nicht der ursprüngliche Hinweisgeber.","Im Papierbeschwerer steckt der Wegweiser.","mittel","https://catalog.afi.com/Film/52938-JOURNEY-TO-THE-CENTER-OF-THE-EARTH","redaktionell_quellengeprueft"
"F40-007-M2","K-F40-007-M2","","de","Film","Abenteuer","Die Reise zum Mittelpunkt der Erde","Journey to the Center of the Earth","1959","","mittel","Handlung","Abenteuer","Abenteuer","Carla Göteborgs Bedingung für die Nutzung der Expeditionsausrüstung kennen.","„Die Reise zum Mittelpunkt der Erde“: Warum muss Lindenbrook (James Mason) Carla Göteborg (Arlene Dahl) in seine Expedition aufnehmen?","Sie allein kann die isländische Wegbeschreibung übersetzen","Sie besitzt eine nur persönlich gültige staatliche Genehmigung","Sie allein beherrscht die Navigation mit dem Kompass","Sie überlässt die Ausrüstung nur, wenn sie mitreisen darf","D","Carla macht ihre Teilnahme zur Bedingung für die Nutzung der Ausrüstung.","Carla Göteborg (Arlene Dahl) ist die Witwe eines ebenfalls an der Expedition interessierten Wissenschaftlers. Nach seinem Tod verfügt sie über die benötigte Ausrüstung und lässt sich nicht auf die Rolle einer zurückbleibenden Helferin beschränken. Professor Oliver Lindenbrook (James Mason) muss ihre Teilnahme akzeptieren. Die Filmfigur ergänzt die Vorlage und bringt einen Konflikt um Mitsprache und Zugehörigkeit in die Vorbereitung der Abenteuerreise.","Carla setzt den Besitz der Ausrüstung ein; ihre Mitreise ist keine Übersetzungsbedingung.","Eine personengebundene staatliche Erlaubnis zwingt den Professor nicht zu ihrer Aufnahme.","Die Gruppe ist nicht wegen einer exklusiven Kompassfähigkeit auf Carla angewiesen.","Carla macht ihre Teilnahme zur Bedingung für die Nutzung der Ausrüstung.","Carla gibt die Ausrüstung nur mit eigener Teilnahme.","mittel","https://catalog.afi.com/Film/52938-JOURNEY-TO-THE-CENTER-OF-THE-EARTH","redaktionell_quellengeprueft"
"F40-007-S1","K-F40-007-S1","","de","Film","Abenteuer","Die Reise zum Mittelpunkt der Erde","Journey to the Center of the Earth","1959","","schwer","Handlung","Abenteuer","Abenteuer","Den vulkanischen Ausgang der Expedition kennen.","Durch welchen Vulkan gelangen die Reisenden am Ende von „Die Reise zum Mittelpunkt der Erde“ wieder an die Oberfläche?","Stromboli","Vesuv","Ätna","Kilimandscharo","A","Die Reisenden werden durch Stromboli wieder an die Oberfläche befördert.","Professor Oliver Lindenbrook (James Mason) und seine Begleiter finden keinen bequemen Rückweg zu ihrem ursprünglichen Eingang. Nach den unterirdischen Entdeckungen wird ein vulkanischer Schlot zum Ausweg. Ein improvisierter Sprengversuch und die Kräfte des Vulkans führen sie durch Stromboli nach oben. Die Reise bildet so keine bloße Hin- und Rückwanderung: Der Ausgang liegt in einer anderen Region als der Abstieg auf Island.","Die Reisenden werden durch Stromboli wieder an die Oberfläche befördert.","Der Ausbruch führt die Gruppe nicht durch den Vesuv nach oben.","Der Ätna ist nicht der gezeigte Ausstiegsort.","Die Rückkehr führt nicht durch einen ostafrikanischen Vulkan.","Island hinein, Stromboli hinaus.","hoch","https://catalog.afi.com/Film/52938-JOURNEY-TO-THE-CENTER-OF-THE-EARTH","redaktionell_quellengeprueft"
"F40-007-S2","K-F40-007-S2","","de","Film","Abenteuer","Die Reise zum Mittelpunkt der Erde","Journey to the Center of the Earth","1959","","schwer","Handlung","Abenteuer","Abenteuer","Den Grund für Nachtaufnahmen in den echten Carlsbad-Höhlen kennen.","Warum mussten die Aufnahmen in den Carlsbad Caverns für „Die Reise zum Mittelpunkt der Erde“ nachts entstehen?","Die Schauspieler waren tagsüber für andere Aufnahmen gebucht","Tagsüber blieben die Höhlen für Besucher geöffnet","Die Höhlenaufnahmen sollten an nächtliche Außenszenen anschließen","Die Produktion wollte ihren regulären Studioplan beibehalten","B","Die Produktion drehte nachts, damit der öffentliche Höhlenbetrieb tagsüber weiterlaufen konnte.","Die Produktion nutzte reale Höhlen in New Mexico, um der fantastischen Reise eine greifbare Umgebung zu geben. AFI beschreibt die Beschränkung auf Nachtaufnahmen in den Carlsbad Caverns, weil tagsüber Besucher durch die Anlage geführt wurden. Der Drehplan folgte damit dem Betrieb eines echten Ortes. Nicht jede unterirdische Welt wurde im Studio gebaut; vorhandene Landschaft konnte selbst zum Teil der Filmillusion werden.","AFI erklärt die Nachtarbeit mit dem öffentlichen Besucherbetrieb.","Die Produktion drehte nachts, damit der öffentliche Höhlenbetrieb tagsüber weiterlaufen konnte.","Nicht die erzählte Tageszeit, sondern die Nutzung des realen Ortes bestimmte diese Einschränkung.","Der dokumentierte Grund liegt bei den Höhlenbesuchern, nicht bei einem frei gewählten Studioplan.","Echte Höhlen, echte Besucher, deshalb Nachtarbeit.","keine","https://catalog.afi.com/Film/52938-JOURNEY-TO-THE-CENTER-OF-THE-EARTH","redaktionell_quellengeprueft"
"F40-007-Y","K-F40-007-Y","","de","Film","Abenteuer","Die Reise zum Mittelpunkt der Erde","Journey to the Center of the Earth","1959","","schwer","Filmgeschichte","Abenteuer","Abenteuer","Erstes Veröffentlichungsjahr der eindeutig bestimmten Filmfassung kennen.","In welchem Jahr erschien „Die Reise zum Mittelpunkt der Erde“ mit James Mason und Pat Boone erstmals?","1954","1965","1959","2008","C","Das erste Veröffentlichungsjahr ist 1959.","Die Fassung mit James Mason und Pat Boone erschien 1959. AFI führt eine New Yorker Eröffnung im Dezember dieses Jahres an. Der Film greift eine viel ältere literarische Reiseidee auf und ist von späteren Verfilmungen zu unterscheiden. Professor Oliver Lindenbrook (James Mason) ist die Hauptfigur dieser konkreten Produktion. Der gemeinsame deutsche Titel allein reicht deshalb nicht aus, um das Veröffentlichungsjahr eindeutig festzulegen.","Die erste Veröffentlichung erfolgte erst 1959.","Der Film wurde bereits 1959 erstmals veröffentlicht.","Das erste Veröffentlichungsjahr ist 1959.","Der Film wurde bereits 1959 erstmals veröffentlicht.","Die Reise zum Mittelpunkt der Erde: 1959.","keine","https://catalog.afi.com/Film/52938-JOURNEY-TO-THE-CENTER-OF-THE-EARTH","redaktionell_quellengeprueft"
"F40-007-D","K-F40-007-D","","de","Film","Abenteuer","Die Reise zum Mittelpunkt der Erde","Journey to the Center of the Earth","1959","","schwer","Filmgeschichte","Abenteuer","Abenteuer","Vollständigen Hauptregiecredit dieser Filmfassung kennen.","Wer führte bei „Die Reise zum Mittelpunkt der Erde“ mit James Mason und Pat Boone Regie?","Richard Fleischer","Michael Anderson","Robert Stevenson","Henry Levin","D","Regie führte Henry Levin.","Henry Levin führte bei der Fassung mit James Mason Regie. Der Film adaptiert Jules Verne mit veränderten Figuren und einer erweiterten Expeditionsgruppe. Carla Göteborg (Arlene Dahl) verlangt eine eigene Teilnahme, bevor sie die Ausrüstung zur Verfügung stellt. Reale Höhlenaufnahmen und künstlich gestaltete Entdeckungen verbinden sich zur unterirdischen Reise. Der konkrete Regiecredit unterscheidet diese Produktion von anderen Verne-Verfilmungen und von späteren Fassungen desselben Stoffes.","Fleischer inszenierte Disneys „20.000 Meilen unter dem Meer“, nicht diese Fassung.","Anderson führte bei „In 80 Tagen um die Welt“ Regie.","Stevenson ist nicht der Hauptregisseur dieser Produktion.","Regie führte Henry Levin.","Die Reise zum Mittelpunkt der Erde – Henry Levin.","keine","https://catalog.afi.com/Film/52938-JOURNEY-TO-THE-CENTER-OF-THE-EARTH","redaktionell_quellengeprueft"
"F40-008-L1","K-F40-008-L1","","de","Film","Abenteuer","In 80 Tagen um die Welt","Around the World in 80 Days","1956","","leicht","Handlung","Abenteuer","Abenteuer","Die Beziehung zwischen Passepartout und Phileas Fogg kennen.","In welchem Verhältnis steht Passepartout (Cantinflas) zu Phileas Fogg (David Niven) in „In 80 Tagen um die Welt“?","Er ist dessen Diener und Reisebegleiter","Er ist dessen gleichberechtigter Geschäftspartner","Er ist dessen bezahlter Privatdetektiv","Er ist dessen Widersacher aus dem Wettclub","A","Passepartout ist Foggs neu eingestellter Diener und begleitet ihn auf der Reise.","Phileas Fogg (David Niven) stellt Passepartout (Cantinflas) kurz vor Beginn der Reise ein. Der Diener bringt Beweglichkeit, praktische Einfälle und eine andere Haltung zum Alltag mit. Foggs strenge Ordnung stößt dadurch immer wieder auf unerwartete Situationen. Die gemeinsame Reise führt nicht nur durch wechselnde Landschaften. Sie lebt auch von den unterschiedlichen Fähigkeiten der beiden Männer, die unter Zeitdruck miteinander auskommen müssen.","Passepartout ist Foggs neu eingestellter Diener und begleitet ihn auf der Reise.","Passepartout wird als Diener eingestellt und reist in dieser Rolle mit.","Die Ermittlung übernimmt Fix; Passepartout ist kein Privatdetektiv.","Passepartout begleitet Fogg und ist kein Wettgegner.","Fogg plant, sein Diener Passepartout improvisiert.","gering","https://catalog.afi.com/Catalog/moviedetails/51739","redaktionell_quellengeprueft"
"F40-008-L2","K-F40-008-L2","","de","Film","Abenteuer","In 80 Tagen um die Welt","Around the World in 80 Days","1956","","leicht","Handlung","Abenteuer","Abenteuer","Die Ballonreise als Besonderheit dieser Verfilmung kennen.","„In 80 Tagen um die Welt“: Wie verlassen Fogg (David Niven) und Passepartout (Cantinflas) Paris, nachdem die vorgesehene Route blockiert ist?","Mit einer Postkutsche","Mit einem Ballon","Mit einem Sonderzug","Mit einem gecharterten Flussschiff","B","Sie reisen mit einem Ballon weiter.","Phileas Fogg (David Niven) erfährt in Paris, dass eine Lawine die geplante Route versperrt. Er lässt sich davon nicht aufhalten und kauft einen Ballon. Passepartout (Cantinflas) begleitet ihn auf dieser ungewöhnlichen Etappe, die in Spanien endet. Die Reise verlangt deshalb mehr als das Befolgen eines Fahrplans. Jeder Ausfall eines Verkehrsmittels stellt das Paar vor eine neue praktische Entscheidung unter der laufenden Wette.","Fogg wählt den Ballon für die blockierte Strecke.","Sie reisen mit einem Ballon weiter.","Die Alternative zur versperrten Route führt durch die Luft.","Die gezeigte Weiterreise von Paris ist keine Flussetappe.","Die blockierte Strecke wird zur Ballonfahrt.","gering","https://catalog.afi.com/Catalog/moviedetails/51739","redaktionell_quellengeprueft"
"F40-008-M1","K-F40-008-M1","","de","Film","Abenteuer","In 80 Tagen um die Welt","Around the World in 80 Days","1956","","mittel","Handlung","Abenteuer","Abenteuer","Inspector Fix’ falsche Annahme über Fogg kennen.","„In 80 Tagen um die Welt“: Warum verfolgt Inspector Fix (Robert Newton) Phileas Fogg (David Niven) auf dessen Reise?","Er hält Fogg für einen gesuchten Spion","Er hält Fogg für einen flüchtigen Schmuggler","Er hält Fogg für einen gesuchten Bankräuber","Er hält Fogg für einen entflohenen Hochstapler","C","Fix verdächtigt Fogg des Raubs bei der Bank of England.","Inspector Fix (Robert Newton) verbindet Phileas Foggs (David Niven) plötzliche Abreise und sein mitgeführtes Geld mit einem Bankraub. Der Zuschauer kennt dagegen die Wette als Grund der Reise. Aus diesem Wissensunterschied entstehen zusätzliche Hindernisse und Komik. Fix’ hartnäckige Verfolgung gefährdet den Zeitplan, obwohl sie auf einer falschen Deutung beruht. Die Weltreise wird dadurch gleichzeitig als Abenteuer und als vermeintliche Flucht betrachtet.","Fix verfolgt einen Bankraubverdacht und keine Spionageermittlung.","Eine Schmuggelermittlung ist nicht Fix’ Anlass.","Fix verdächtigt Fogg des Raubs bei der Bank of England.","Der konkrete Verdacht betrifft den Raub bei der Bank of England.","Für Fix ist die Weltreise eine Bankräuberflucht.","mittel","https://catalog.afi.com/Catalog/moviedetails/51739","redaktionell_quellengeprueft"
"F40-008-M2","K-F40-008-M2","","de","Film","Abenteuer","In 80 Tagen um die Welt","Around the World in 80 Days","1956","","mittel","Handlung","Abenteuer","Abenteuer","Den Grund für Aoudas Aufnahme in die Reisegruppe kennen.","„In 80 Tagen um die Welt“: Aus welcher unmittelbaren Gefahr retten die Reisenden Aouda (Shirley MacLaine) in Indien?","Sie soll wegen eines angeblichen Diebstahls hingerichtet werden","Sie soll gegen ihren Willen an einen Fürsten verkauft werden","Sie soll als Geisel in einem Tempel eingeschlossen bleiben","Sie soll mit ihrem verstorbenen Mann verbrannt werden","D","Sie verhindern Aoudas Verbrennung bei der Bestattung ihres Mannes.","Phileas Fogg (David Niven) und Passepartout (Cantinflas) unterbrechen ihren Wettlauf, um Aouda (Shirley MacLaine) zu retten. Passepartout nutzt dabei eine Verkleidung in der Bestattungszeremonie. Aouda wird anschließend Teil der Reisegruppe. Der Film zeigt damit eine Entscheidung, bei der die Menschlichkeit vor dem möglichst schnellen Vorankommen steht. Zugleich entsteht eine Beziehung, die Foggs streng geregeltes Leben über die reine Wette hinaus verändert.","Der Film zeigt die Gefahr einer Verbrennung im Zusammenhang mit der Bestattung ihres Mannes.","Die Rettung verhindert die vorgesehene Verbrennung, nicht einen Verkauf.","Die unmittelbar tödliche Gefahr ist das Bestattungsritual, keine dauerhafte Geiselhaft.","Sie verhindern Aoudas Verbrennung bei der Bestattung ihres Mannes.","Die Reise wird für Aoudas Rettung unterbrochen.","mittel","https://catalog.afi.com/Catalog/moviedetails/51739","redaktionell_quellengeprueft"
"F40-008-S1","K-F40-008-S1","","de","Film","Abenteuer","In 80 Tagen um die Welt","Around the World in 80 Days","1956","","schwer","Handlung","Abenteuer","Abenteuer","Den gewonnenen Tag bei der ostwärts gerichteten Weltreise verstehen.","„In 80 Tagen um die Welt“: Warum kann Fogg (David Niven) seine Wette am Ende doch gewinnen, obwohl er sich zunächst einen Tag zu spät glaubt?","Bei der Reise nach Osten hat er einen Kalendertag gewonnen","Er hat den Abreisetag versehentlich doppelt gezählt","Die Wettfrist beginnt erst am Tag nach seiner Abreise","Ein Clubmitglied hat ihm einen falschen Zieltag mitgeteilt","A","Die ostwärts gerichtete Weltreise verschafft ihm gegenüber seiner Rechnung einen Tag.","Phileas Fogg (David Niven) zählt die Reisetage, ohne den Datumswechsel bei der vollständigen Umrundung korrekt zu berücksichtigen. Weil er nach Osten reist, ist seine eigene Rechnung gegenüber dem Kalender in London um einen Tag versetzt. Der vermeintliche Misserfolg wird deshalb im letzten Moment korrigiert. Die Auflösung entsteht aus dem Verlauf der Reise selbst und nicht aus einer nachträglichen Änderung der Wettbedingungen.","Die ostwärts gerichtete Weltreise verschafft ihm gegenüber seiner Rechnung einen Tag.","Sein Irrtum entsteht aus der ostwärts gerichteten Umrundung.","Die Clubmitglieder haben keinen verspäteten Beginn der Frist vereinbart.","Keine falsche Mitteilung erklärt den gewonnenen Tag; entscheidend ist die Reiserichtung.","Ostwärts um die Welt: Der fehlende Tag ist ein gewonnener Tag.","hoch","https://catalog.afi.com/Catalog/moviedetails/51739","redaktionell_quellengeprueft"
"F40-008-S2","K-F40-008-S2","","de","Film","Abenteuer","In 80 Tagen um die Welt","Around the World in 80 Days","1956","","schwer","Handlung","Abenteuer","Abenteuer","Die Filmgeschichte im Prolog der Weltreise kennen.","Welche frühe Kinoarbeit zeigt der von Edward R. Murrow eingeführte Prolog von „In 80 Tagen um die Welt“?","Fritz Langs „Frau im Mond“","Georges Méliès’ „Die Reise zum Mond“","Georges Méliès’ „Die Reise durchs Unmögliche“","Holger-Madsens „Himmelskibet“","B","Der Prolog zeigt Ausschnitte aus Méliès’ „Die Reise zum Mond“.","Bevor Phileas Fogg (David Niven) aufbricht, führt Edward R. Murrow in ein Programm über technischen Fortschritt ein. Bilder aus Georges Méliès’ früher Mondreise stehen neben moderner Raketentechnik. Der Prolog stellt damit eine Verbindung zwischen fantastischer Vorstellung und späteren technischen Möglichkeiten her. Die Weltreise wird in eine Geschichte des Reisens und des Kinos eingebettet, statt ohne Einleitung nur mit der Wette zu beginnen.","Der Prolog benutzt Méliès’ frühere Mondreise, nicht Langs Film.","Der Prolog zeigt Ausschnitte aus Méliès’ „Die Reise zum Mond“.","Der verwendete Méliès-Film ist „Die Reise zum Mond“.","Der Prolog zeigt nicht diesen späteren Science-Fiction-Film.","Vor der Weltreise steht Méliès’ Mondreise.","keine","https://catalog.afi.com/Catalog/moviedetails/51739","redaktionell_quellengeprueft"
"F40-008-Y","K-F40-008-Y","","de","Film","Abenteuer","In 80 Tagen um die Welt","Around the World in 80 Days","1956","","schwer","Filmgeschichte","Abenteuer","Abenteuer","Erstes Veröffentlichungsjahr der eindeutig bestimmten Filmfassung kennen.","Wann erschien „In 80 Tagen um die Welt“ mit David Niven und Cantinflas erstmals?","1952","1962","1956","2004","C","Das erste Veröffentlichungsjahr ist 1956.","Diese Verfilmung erschien 1956; AFI nennt die New Yorker Premiere am 17. Oktober. David Niven spielt Phileas Fogg und Cantinflas dessen Reisebegleiter Passepartout. Die literarische Vorlage und spätere Verfilmungen haben andere Entstehungsdaten. Auch die Handlungszeit der Weltreise gehört nicht zum Filmjahr. Die eindeutige Besetzung schützt hier vor einer Verwechslung mit dem wesentlich späteren Film unter demselben deutschen Titel.","Die erste Veröffentlichung erfolgte erst 1956.","Der Film wurde bereits 1956 erstmals veröffentlicht.","Das erste Veröffentlichungsjahr ist 1956.","Der Film wurde bereits 1956 erstmals veröffentlicht.","In 80 Tagen um die Welt: 1956.","keine","https://catalog.afi.com/Catalog/moviedetails/51739","redaktionell_quellengeprueft"
"F40-008-D","K-F40-008-D","","de","Film","Abenteuer","In 80 Tagen um die Welt","Around the World in 80 Days","1956","","schwer","Filmgeschichte","Abenteuer","Abenteuer","Vollständigen Hauptregiecredit dieser Filmfassung kennen.","Wer führte bei „In 80 Tagen um die Welt“ mit David Niven und Cantinflas Regie?","Michael Curtiz","Richard Fleischer","Henry Levin","Michael Anderson","D","Regie führte Michael Anderson.","Michael Anderson führte Regie; Michael Todd war der Produzent. Diese Rollen sind im Filmcredit getrennt. Die Produktion macht aus Jules Vernes Reise eine Folge großer Schauplätze, wechselnder Verkehrsmittel und zahlreicher Auftritte bekannter Darsteller. Phileas Fogg (David Niven) und Passepartout (Cantinflas) halten die Episoden als ungleiches Reisepaar zusammen. Der gesuchte Credit betrifft die Inszenierung dieser konkreten Fassung und nicht den Urheber des Romans.","Curtiz ist nicht der Hauptregisseur dieser Weltreise.","Fleischer führte bei einer anderen bekannten Verne-Verfilmung Regie.","Levin inszenierte „Die Reise zum Mittelpunkt der Erde“, nicht diese Weltreise.","Regie führte Michael Anderson.","In 80 Tagen um die Welt – Michael Anderson.","keine","https://catalog.afi.com/Catalog/moviedetails/51739","redaktionell_quellengeprueft"
"F40-009-L1","K-F40-009-L1","","de","Film","Abenteuer","Abenteuer in Rio","L'homme de Rio","1964","","leicht","Handlung","Abenteuer","Abenteuer","Adriens Ausgangsberuf und seine Reise als Unterbrechung eines Urlaubs kennen.","Was ist Adrien Dufourquet (Jean-Paul Belmondo), bevor sein Urlaub in „Abenteuer in Rio“ zur Verfolgungsjagd wird?","Ein Soldat auf Heimaturlaub","Ein Journalist auf Dienstreise","Ein Pilot auf Heimreise","Ein Archäologe auf Grabungsexpedition","A","Adrien ist ein Soldat, der seinen Urlaub in Paris verbringen will.","Adrien Dufourquet (Jean-Paul Belmondo) möchte während seines Heimaturlaubs Agnès Villermosa (Françoise Dorléac) sehen. Ihre Entführung verwandelt die kurze freie Zeit in eine Reise nach Brasilien. Er ist deshalb kein planmäßig arbeitender Schatzsucher. Der Film gewinnt seine Dynamik daraus, dass ein scheinbar gewöhnlicher Soldat ohne umfassende Vorbereitung in ein Abenteuer gerät, das weit von seinem vorgesehenen Urlaubsort entfernt liegt.","Adrien ist ein Soldat, der seinen Urlaub in Paris verbringen will.","Adrien ist ein Soldat im Urlaub, kein reisender Journalist.","Adrien ist nicht als Zivilpilot unterwegs.","Er reist der Entführten nach und beginnt nicht als Leiter einer Grabung.","Ein kurzer Soldatenurlaub wird zum Brasilienabenteuer.","gering","https://en.wikipedia.org/wiki/That_Man_from_Rio","redaktionell_quellengeprueft"
"F40-009-L2","K-F40-009-L2","","de","Film","Abenteuer","Abenteuer in Rio","L'homme de Rio","1964","","leicht","Handlung","Abenteuer","Abenteuer","Adriens persönlichen Grund für die Reise nach Brasilien kennen.","Was treibt Adrien (Jean-Paul Belmondo) dazu, in „Abenteuer in Rio“ nach Brasilien zu fliegen?","Er tritt eine neue Stelle als Museumswächter an","Er verfolgt die Entführer seiner Verlobten","Er will einen gewonnenen Hotelurlaub antreten","Er soll ein verlorenes Militärschiff zurückbringen","B","Adrien folgt den Entführern von Agnès.","Agnès Villermosa (Françoise Dorléac) wird entführt, weil sie mit einer Suche nach kostbaren Statuetten verbunden ist. Adrien Dufourquet (Jean-Paul Belmondo) folgt ihrer Spur nach Brasilien. Die Schatzsuche entsteht für ihn also aus einer Rettungsmission und nicht aus einem anfänglichen Wunsch nach Reichtum. Dadurch kann er immer neue Hindernisse überwinden, ohne selbst alle Hintergründe der Jagd schon zu kennen.","Die Reise ist keine berufliche Versetzung in ein Museum.","Adrien folgt den Entführern von Agnès.","Kein Reisegewinn löst den Flug aus.","Sein unmittelbarer Auftrag betrifft nicht ein verschwundenes Schiff.","Adrien sucht zuerst Agnès, nicht einen Schatz.","gering","https://en.wikipedia.org/wiki/That_Man_from_Rio","redaktionell_quellengeprueft"
"F40-009-M1","K-F40-009-M1","","de","Film","Abenteuer","Abenteuer in Rio","L'homme de Rio","1964","","mittel","Handlung","Abenteuer","Abenteuer","Den überraschenden Helfer Sir Winston nach seiner Tätigkeit einordnen.","„Abenteuer in Rio“: Wer ist Sir Winston, der Adrien (Jean-Paul Belmondo) in Rio hilft?","Ein junger Hotelangestellter","Ein junger Straßenverkäufer","Ein junger Schuhputzer","Ein junger Zeitungsausträger","C","Sir Winston ist ein Schuhputzerjunge.","Sir Winston (Ubiracy de Oliveira) ist ein junger Schuhputzer in Rio. Sein großer Name führt leicht in die Irre, seine Hilfe ist dagegen sehr praktisch. Adrien Dufourquet (Jean-Paul Belmondo) kann sich in der fremden Umgebung nicht allein auf offizielle Stellen verlassen und braucht einen Menschen, der den Alltag vor Ort kennt. Das ungleiche Gespann bringt eine zusätzliche komische Ebene in die Rettungssuche.","Sir Winston verdient seinen Lebensunterhalt als Schuhputzer.","Seine Tätigkeit ist das Schuheputzen, nicht der Verkauf von Waren.","Sir Winston ist ein Schuhputzerjunge.","Der Junge wird als Schuhputzer eingeführt.","Sir Winston hat keinen Adelstitel nötig, um zu helfen.","mittel","https://en.wikipedia.org/wiki/That_Man_from_Rio","redaktionell_quellengeprueft"
"F40-009-M2","K-F40-009-M2","","de","Film","Abenteuer","Abenteuer in Rio","L'homme de Rio","1964","","mittel","Handlung","Abenteuer","Abenteuer","Brasílias unfertige Architektur als Schauplatz des Abenteuers kennen.","In welcher brasilianischen Stadt nutzt „Abenteuer in Rio“ große Baustellen und unfertige moderne Gebäude als Schauplätze?","Salvador","Manaus","Recife","Brasília","D","Die Handlung führt in das damals junge Brasília.","Adrien Dufourquet (Jean-Paul Belmondo) folgt der Spur nach Brasília. Die junge Hauptstadt erscheint mit unfertigen Gebäuden und ausgedehnten Baustellen. Die moderne Architektur liefert dadurch mehr als einen touristischen Hintergrund: Sie wird zur Umgebung für riskante Bewegungen und Verfolgungen. Neben Rio und der späteren Suche in der Natur zeigt der Film eine andere brasilianische Landschaft, die gerade erst entsteht.","Die gezeigte moderne Stadt im Aufbau ist Brasília.","Manaus gehört nicht zu diesem markanten Baustellenabschnitt.","Recife ist nicht der gesuchte Schauplatz der unfertigen Architektur.","Die Handlung führt in das damals junge Brasília.","Brasília macht eine unfertige Stadt zum Abenteuerraum.","mittel","https://en.wikipedia.org/wiki/That_Man_from_Rio","redaktionell_quellengeprueft"
"F40-009-S1","K-F40-009-S1","","de","Film","Abenteuer","Abenteuer in Rio","L'homme de Rio","1964","","schwer","Handlung","Abenteuer","Abenteuer","Professor Catalans Wechsel vom vertrauenswürdigen Fachmann zum Täter kennen.","„Abenteuer in Rio“: Welche Figur erweist sich hinter der Jagd nach den Statuetten als skrupelloser Drahtzieher?","Professor Catalan (Jean Servais)","Der Industrielle DeCastro (Adolfo Celi)","Der Entführer Tupac (Milton Ribeiro)","Adriens Kamerad Lebel (Roger Dumas)","A","Der vermeintlich vertrauenswürdige Professor Catalan ist der Drahtzieher.","Professor Catalan (Jean Servais) erscheint zunächst als Fachmann aus dem Umfeld von Agnès Villermosas (Françoise Dorléac) Vater. Sein Wissen macht ihn glaubwürdig, verbirgt aber seine Bereitschaft zu Mord und Entführung. Adrien Dufourquet (Jean-Paul Belmondo) muss deshalb eine Person neu beurteilen, die zunächst zur Aufklärung zu gehören scheint. Die Enthüllung verbindet den wissenschaftlichen Hinweisgeber mit der Gier, die die ganze Suche antreibt.","Der vermeintlich vertrauenswürdige Professor Catalan ist der Drahtzieher.","DeCastro besitzt eine Statuette; Catalan entpuppt sich als der mordende Drahtzieher.","Tupac gehört zur Entführung, der hintergründige Plan liegt aber bei Catalan.","Adriens Kamerad führt nicht die kriminelle Schatzsuche an.","Der Kenner der Statuetten ist auch der Täter.","hoch","https://en.wikipedia.org/wiki/That_Man_from_Rio","redaktionell_quellengeprueft"
"F40-009-S2","K-F40-009-S2","","de","Film","Abenteuer","Abenteuer in Rio","L'homme de Rio","1964","","schwer","Handlung","Abenteuer","Abenteuer","Die Lichtfunktion der zusammengebrachten Statuetten kennen.","Wie verraten die drei zusammengebrachten Statuetten in „Abenteuer in Rio“ den Weg zum Schatz?","Ihre Sockel ergeben den Abdruck eines Schlüssels","Sie richten Sonnenstrahlen auf den verborgenen Zugang","Ihre eingeritzten Zeichen bilden zusammen einen Lageplan","Ihre Hohlräume enthalten drei Teile einer Schatzkarte","B","Die ausgerichteten Statuetten lenken Sonnenstrahlen auf den Zugang zur Schatzgrotte.","Die gesuchten Statuetten sind nicht einfach drei kostbare Einzelstücke. Erst ihre Kombination und richtige Ausrichtung zeigen den verborgenen Weg. Professor Catalan (Jean Servais) braucht deshalb alle Teile und das passende Wissen. Die Suche verbindet verstreute Besitzer, Entführung und Reise in einer gemeinsamen Rätselkette. Der Fund selbst beendet die Gefahr nicht: Die Gier des Suchenden führt bis in den letzten Abschnitt des Abenteuers.","Die Suche wird durch gelenkte Sonnenstrahlen aufgelöst, nicht durch einen Schlüsselabdruck.","Die ausgerichteten Statuetten lenken Sonnenstrahlen auf den Zugang zur Schatzgrotte.","Die entscheidende Funktion nutzt Licht, nicht einen zusammengelegten schriftlichen Plan.","Die Statuetten werden ausgerichtet und enthalten nicht einfach Kartenstücke.","Drei Statuetten bündeln die Spur im Sonnenlicht.","hoch","https://en.wikipedia.org/wiki/That_Man_from_Rio","redaktionell_quellengeprueft"
"F40-009-Y","K-F40-009-Y","","de","Film","Abenteuer","Abenteuer in Rio","L'homme de Rio","1964","","schwer","Filmgeschichte","Abenteuer","Abenteuer","Erstes Veröffentlichungsjahr der eindeutig bestimmten Filmfassung kennen.","In welchem Jahr wurde „Abenteuer in Rio“ mit Jean-Paul Belmondo erstmals veröffentlicht?","1961","1963","1964","1968","C","Das erste Veröffentlichungsjahr ist 1964.","„Abenteuer in Rio“ wurde 1964 erstmals veröffentlicht. Filmdienst führt 1963 als Produktionsjahr; diese Angabe bezeichnet einen anderen Abschnitt der Entstehung. Jean-Paul Belmondo spielt Adrien Dufourquet und Françoise Dorléac dessen Verlobte Agnès Villermosa. Ihre Rettung führt den Helden von einem geplanten Urlaub nach Brasilien. Für das Filmjahr wird die Veröffentlichung verwendet, damit ein Produktionsdatum nicht stillschweigend zum Kinostart wird.","Die erste Veröffentlichung erfolgte erst 1964.","Die erste Veröffentlichung erfolgte erst 1964.","Das erste Veröffentlichungsjahr ist 1964.","Der Film wurde bereits 1964 erstmals veröffentlicht.","Abenteuer in Rio: 1964.","keine","https://en.wikipedia.org/wiki/That_Man_from_Rio|https://www.filmdienst.de/film/details/7416/abenteuer-in-rio","redaktionell_quellengeprueft"
"F40-009-D","K-F40-009-D","","de","Film","Abenteuer","Abenteuer in Rio","L'homme de Rio","1964","","schwer","Filmgeschichte","Abenteuer","Abenteuer","Vollständigen Hauptregiecredit dieser Filmfassung kennen.","Wer führte bei „Abenteuer in Rio“ mit Jean-Paul Belmondo und Françoise Dorléac Regie?","Jean-Pierre Melville","Robert Enrico","Louis Malle","Philippe de Broca","D","Regie führte Philippe de Broca.","Philippe de Broca führte Regie. Jean-Paul Belmondo spielt einen Soldaten, dessen kurzer Urlaub zur Rettungsreise wird. Die Filmhandlung verbindet komische Irrtümer mit Entführungen, Stunts und einer Suche nach Statuetten. Rio, das junge Brasília und die spätere Naturkulisse liefern unterschiedliche Räume für diese Bewegung. Der konkrete Credit hilft, diesen Film innerhalb des französischen Abenteuerkinos von anderen Belmondo-Arbeiten und Schatzsucherfilmen zu unterscheiden.","Melville inszenierte nicht dieses Brasilienabenteuer.","Enrico ist der Regisseur von „Die Abenteurer“, nicht dieser Produktion.","Malle gehört nicht zum Hauptregiecredit dieses Films.","Regie führte Philippe de Broca.","Abenteuer in Rio – Philippe de Broca.","keine","https://www.filmdienst.de/film/details/7416/abenteuer-in-rio","redaktionell_quellengeprueft"
"F40-010-L1","K-F40-010-L1","","de","Film","Abenteuer","Die Abenteurer","Les aventuriers","1967","","leicht","Handlung","Abenteuer","Abenteuer","Das konkrete Ziel der Schatzsuche kennen.","Wo suchen Manu (Alain Delon) und Roland (Lino Ventura) in „Die Abenteurer“ den vermuteten Reichtum?","In einem vor dem Kongo versunkenen Flugzeug","In einem gestrandeten Frachtschiff","In einem verlassenen Minenstollen","In einer verschlossenen Küstenhöhle","A","Sie suchen ein versunkenes Flugzeug mit einem Schatz vor dem Kongo.","Manu Borelli (Alain Delon) und Roland Darbant (Lino Ventura) erleben zunächst Rückschläge bei ihren eigenen Vorhaben. Gemeinsam mit Laetitia Weiss (Joanna Shimkus) brechen sie zur Schatzsuche vor Afrika auf. Ein abgestürztes Flugzeug soll einen großen Reichtum enthalten. Die Aussicht verbindet ihre gescheiterten Träume mit einem neuen gemeinsamen Plan. Sie sind jedoch nicht die einzigen Menschen, die von der verschwundenen Beute wissen.","Sie suchen ein versunkenes Flugzeug mit einem Schatz vor dem Kongo.","Die Beute liegt in einem abgestürzten Flugzeug.","Die Gruppe taucht zu einem Wrack, nicht in einen Bergwerkstollen.","Die Schatzsuche gilt einem Flugzeug unter Wasser.","Der neue Traum liegt in einem Flugzeug unter Wasser.","gering","https://adrc-asso.org/patrimoine/diffusion/films-et-cycles/les-aventuriers","redaktionell_quellengeprueft"
"F40-010-L2","K-F40-010-L2","","de","Film","Abenteuer","Die Abenteurer","Les aventuriers","1967","","leicht","Handlung","Abenteuer","Abenteuer","Laetitias künstlerischen Ausgangspunkt kennen.","„Die Abenteurer“: Welcher eigenen Arbeit widmet sich Laetitia (Joanna Shimkus), bevor sie mit den beiden Freunden auf Schatzsuche geht?","Sie arbeitet als Bühnenbildnerin","Sie gestaltet Skulpturen","Sie entwirft Modeschmuck","Sie illustriert Abenteuerbücher","B","Laetitia ist eine bildende Künstlerin und arbeitet an Skulpturen.","Laetitia Weiss (Joanna Shimkus) versucht zunächst, mit ihrer Kunst einen eigenen Weg zu finden. Ihre Ausstellung bleibt ohne den erhofften Erfolg. Auch Manu Borelli (Alain Delon) und Roland Darbant (Lino Ventura) scheitern mit ihren Projekten. Die gemeinsame Reise führt damit drei enttäuschte Menschen zusammen. Laetitia ist nicht nur eine Begleitung zweier Schatzsucher, sondern bringt eigene Wünsche und Vorstellungen in die Freundschaft ein.","Laetitias eigenes Projekt ist bildende Kunst mit Skulpturen.","Laetitia ist eine bildende Künstlerin und arbeitet an Skulpturen.","Die Ausstellung zeigt ihre Kunst und ist keine Schmuckkollektion.","Laetitia wird nicht als Buchillustratorin eingeführt.","Drei gescheiterte Projekte führen drei Menschen zusammen.","gering","https://en.wikipedia.org/wiki/The_Last_Adventure_(1967_film)","redaktionell_quellengeprueft"
"F40-010-M1","K-F40-010-M1","","de","Film","Abenteuer","Die Abenteurer","Les aventuriers","1967","","mittel","Handlung","Abenteuer","Abenteuer","Manus riskanten Flugplan als Grund seines beruflichen Scheiterns kennen.","Welches riskante Flugkunststück will Manu (Alain Delon) zu Beginn von „Die Abenteurer“ verwirklichen?","Er will unter einer Brücke über die Seine durchfliegen","Er will auf dem Dach eines Hochhauses landen","Er will durch den Pariser Triumphbogen fliegen","Er will eng um die Spitze des Eiffelturms kreisen","C","Manu plant einen Flug durch den Arc de Triomphe.","Manu Borelli (Alain Delon) will mit einem spektakulären Flug durch den Pariser Triumphbogen Aufmerksamkeit gewinnen. Das Vorhaben bringt ihm jedoch keinen neuen Erfolg, sondern den Verlust seiner Fluglizenz. Roland Darbant (Lino Ventura) und Laetitia Weiss (Joanna Shimkus) kennen ebenfalls enttäuschte Hoffnungen. Die Schatzsuche entsteht aus dieser gemeinsamen Lage. Das Anfangsprojekt erklärt dadurch, weshalb Manu bereit ist, einen ganz anderen riskanten Plan zu verfolgen.","Das geplante Kunststück betrifft den Arc de Triomphe.","Manu plant keinen Hochhauslandeversuch.","Manu plant einen Flug durch den Arc de Triomphe.","Sein Plan gilt einem Durchflug durch den Triumphbogen.","Manus großer Flugplan kostet ihn die Lizenz.","mittel","https://fr.wikipedia.org/wiki/Les_Aventuriers_(film,_1967)","redaktionell_quellengeprueft"
"F40-010-M2","K-F40-010-M2","","de","Film","Abenteuer","Die Abenteurer","Les aventuriers","1967","","mittel","Handlung","Abenteuer","Abenteuer","Die ungewöhnliche Bestattung Laetitias im Meer kennen.","Wie verabschieden Manu und Roland sich nach Laetitias Tod in „Die Abenteurer“ von ihr?","Sie überführen sie zum Familiengrab auf der Île d’Aix","Sie begraben sie an der Küste des Kongo","Sie lassen sie auf einem brennenden Boot aufs Meer treiben","Sie bestatten sie in einem schweren Taucheranzug im Meer","D","Laetitia wird in einem Taucheranzug unter Wasser bestattet.","Laetitia Weiss (Joanna Shimkus) stirbt bei der Auseinandersetzung mit den Söldnern. Manu Borelli (Alain Delon) und Roland Darbant (Lino Ventura) setzen sie in einem schweren Taucheranzug im Meer bei. Die Reise verändert dadurch ihren Charakter: Der gefundene Schatz steht neben einem endgültigen Verlust. Später geben die Freunde Laetitias Anteil weiter und verfolgen ihren Wunsch nach einem Leben am Meer auf andere Weise.","Die Freunde bestatten Laetitia im Meer; die Familie besuchen sie später.","Die Bestattung ist unter Wasser und nicht in einem Grab an Land.","Sie verwenden einen schweren Taucheranzug für eine Unterwasserbestattung.","Laetitia wird in einem Taucheranzug unter Wasser bestattet.","Der Schatzfund endet mit einer Bestattung unter Wasser.","hoch","https://en.wikipedia.org/wiki/The_Last_Adventure_(1967_film)","redaktionell_quellengeprueft"
"F40-010-S1","K-F40-010-S1","","de","Film","Abenteuer","Die Abenteurer","Les aventuriers","1967","","schwer","Handlung","Abenteuer","Abenteuer","Die Aufteilung eines Romans auf zwei verschiedene Verfilmungen kennen.","Was verbindet „Die Abenteurer“ mit José Giovannis Film „La Loi du survivant“?","Beide bearbeiten unterschiedliche Teile desselben Romans","Beide zeigen denselben Schatzfund aus verschiedenen Perspektiven","Giovannis Film ist ein Remake mit derselben Handlung","Giovannis Film erzählt eine neue Vorgeschichte der Filmhelden","A","Enrico verfilmte den ersten, Giovanni den zweiten Teil desselben Romans.","Robert Enrico und Pierre Pelegri bearbeiteten für „Die Abenteurer“ den ersten Teil von José Giovannis gleichnamigem Roman. Den zweiten Teil brachte Giovanni selbst als „La Loi du survivant“ ins Kino. Der französische Filmkulturbeitrag von ADRC beschreibt diese ungewöhnliche Aufteilung. Zwei Produktionen können deshalb eine gemeinsame literarische Herkunft haben, ohne dieselbe Handlung zu erzählen oder eine gewöhnliche filmische Fortsetzung zu bilden.","Enrico verfilmte den ersten, Giovanni den zweiten Teil desselben Romans.","Die Filme bearbeiten verschiedene Romanteile, nicht denselben Fund aus zwei Blickwinkeln.","Der zweite Film verfilmt einen anderen Teil der Vorlage.","Die gemeinsame Grundlage sind zwei Teile des vorhandenen Romans, keine neue Filmvorgeschichte.","Ein Roman lieferte zwei verschiedene Filme.","keine","https://adrc-asso.org/patrimoine/diffusion/films-et-cycles/les-aventuriers","redaktionell_quellengeprueft"
"F40-010-S2","K-F40-010-S2","","de","Film","Abenteuer","Die Abenteurer","Les aventuriers","1967","","schwer","Handlung","Abenteuer","Abenteuer","Den Zusammenhang zwischen Fort Boyard, Laetitias Wunsch und dem Finale kennen.","Welcher reale Ort wird in „Die Abenteurer“ zugleich zum geplanten Neubeginn am Meer und zum Schauplatz des letzten Kampfes?","Mont-Saint-Michel","Fort Boyard","Château d’If","Fort Saint-Nicolas","B","Fort Boyard wird zum Schauplatz des geplanten Umbaus und des Finales.","Roland Darbant (Lino Ventura) will ein altes Fort zu einem Ort für Gäste umbauen und damit Laetitia Weiss’ (Joanna Shimkus) Wunsch nach einem Leben am Meer weiterführen. Manu Borelli (Alain Delon) kommt dorthin zurück, gefolgt von den Söldnern. Das tatsächliche Fort Boyard verbindet so einen möglichen Neubeginn mit dem letzten gewaltsamen Konflikt. Ein schöner Traum und die Folgen der Schatzsuche treffen am selben Ort zusammen.","Der geplante Umbau und der letzte Kampf betreffen nicht diese Abtei.","Fort Boyard wird zum Schauplatz des geplanten Umbaus und des Finales.","Das Fort im Film ist nicht das Gefängnis bei Marseille.","Dieses Festungsbauwerk ist nicht der gesuchte Schauplatz.","Das Fort verspricht Zukunft und wird zum letzten Kampfplatz.","hoch","https://en.wikipedia.org/wiki/The_Last_Adventure_(1967_film)|https://fr.wikipedia.org/wiki/Les_Aventuriers_(film,_1967)","redaktionell_quellengeprueft"
"F40-010-Y","K-F40-010-Y","","de","Film","Abenteuer","Die Abenteurer","Les aventuriers","1967","","schwer","Filmgeschichte","Abenteuer","Abenteuer","Erstes Veröffentlichungsjahr der eindeutig bestimmten Filmfassung kennen.","In welchem Jahr wurde „Die Abenteurer“ mit Alain Delon und Lino Ventura erstmals veröffentlicht?","1963","1966","1967","1971","C","Das erste Veröffentlichungsjahr ist 1967.","Der französische Kinostart war 1967. Filmdienst und ADRC führen 1966 als Produktionsjahr, was bei der Datierung eine leicht übersehene Unterscheidung erzeugt. Alain Delon spielt Manu Borelli, Lino Ventura Roland Darbant und Joanna Shimkus Laetitia Weiss. Die Frage bezieht sich auf die Veröffentlichung dieser französisch-italienischen Produktion. Ein Entstehungsjahr oder eine spätere Veröffentlichung in einem anderen Land ersetzt diesen ersten öffentlichen Start nicht.","Die erste Veröffentlichung erfolgte erst 1967.","Die erste Veröffentlichung erfolgte erst 1967.","Das erste Veröffentlichungsjahr ist 1967.","Der Film wurde bereits 1967 erstmals veröffentlicht.","Die Abenteurer: 1967.","keine","https://en.wikipedia.org/wiki/The_Last_Adventure_(1967_film)|https://boutique.arte.tv/detail/les-aventuriers","redaktionell_quellengeprueft"
"F40-010-D","K-F40-010-D","","de","Film","Abenteuer","Die Abenteurer","Les aventuriers","1967","","schwer","Filmgeschichte","Abenteuer","Abenteuer","Vollständigen Hauptregiecredit dieser Filmfassung kennen.","Wer inszenierte „Die Abenteurer“ mit Alain Delon, Lino Ventura und Joanna Shimkus?","José Giovanni","Philippe de Broca","Jean-Pierre Melville","Robert Enrico","D","Regie führte Robert Enrico.","Robert Enrico führte Regie und bearbeitete mit Pierre Pelegri einen Teil von José Giovannis Roman. Der Film verbindet die Freundschaft dreier Menschen mit einer Schatzsuche, deren Folgen ihre Zukunft verändern. ADRC beschreibt Enricos Interesse an Außenaufnahmen statt Studioarbeit. Der Credit ist von Giovannis eigener Verfilmung des anderen Romanteils zu unterscheiden: Literarischer Autor und Regisseur dieses konkreten Films sind nicht dieselbe Person.","Giovanni schrieb die literarische Vorlage und inszenierte den zweiten Romanteil als anderen Film.","De Broca führte bei „Abenteuer in Rio“ Regie.","Melville ist nicht der Hauptregisseur dieser Produktion.","Regie führte Robert Enrico.","Die Abenteurer – Robert Enrico.","keine","https://adrc-asso.org/patrimoine/diffusion/films-et-cycles/les-aventuriers|https://www.filmdienst.de/film/details/7357/die-abenteurer","redaktionell_quellengeprueft"
"F40-011-L1","K-F40-011-L1","","de","Film","Thriller","Basic Instinct","Basic Instinct","1992","","leicht","Handlung","","","Die auffällige Waffe des Ausgangsmordes erkennen.","Welche Waffe macht den Mord zu Beginn von „Basic Instinct“ so charakteristisch?","Ein Eispickel","Ein Jagdmesser","Ein Revolver","Eine Garotte","A","Der Mann im Bett wird mit einem Eispickel erstochen.","Der Mord eröffnet die Ermittlungen von Nick Curran (Michael Douglas). Die ungewöhnliche Tatwaffe macht die Szene sofort wiedererkennbar. Catherine Tramell (Sharon Stone) gerät unter Verdacht, weil eine ähnliche Tötung bereits in einem ihrer Romane steht. Der Film verbindet damit von Anfang an eine körperliche Gewalttat mit der Frage, ob Literatur eine Tat beschreibt oder vorwegnimmt.","Der Mann im Bett wird mit einem Eispickel erstochen.","Die tödlichen Stiche stammen von einem Eispickel, nicht von einem Jagdmesser.","Der Ausgangsmord wird durch Stiche verübt, nicht durch Schüsse.","Die Tat ist kein Erdrosseln mit einer Garotte.","Der Eispickel eröffnet den Fall.","leicht","https://www.paramountpictures.com/movies/basic-instinct","quellengeprueft"
"F40-011-L2","K-F40-011-L2","","de","Film","Thriller","Basic Instinct","Basic Instinct","1992","","leicht","Handlung","","","Den Beruf der Hauptverdächtigen kennen.","Catherine Tramell (Sharon Stone) steht in „Basic Instinct“ im Zentrum der Ermittlungen. Womit verdient sie ihr Geld?","Mit der Behandlung von Patienten","Mit dem Schreiben von Romanen","Mit der Leitung eines Nachtclubs","Mit der Verteidigung von Angeklagten","B","Catherine Tramell ist eine erfolgreiche Romanautorin.","Catherine Tramell (Sharon Stone) begegnet der Polizei als selbstbewusste Schriftstellerin. Ihr Beruf ist für den Fall wesentlich: Eine fiktive Mordhandlung scheint in der Wirklichkeit wiederzukehren. Nick Curran (Michael Douglas) muss deshalb sowohl ihre Nähe zum Opfer als auch die Bedeutung ihrer Texte prüfen. Der Verdacht entsteht aus einem Zusammenhang zwischen erfundener Geschichte und realem Verbrechen.","Die Psychologin im Film ist Beth Garner; Catherine arbeitet als Schriftstellerin.","Catherine Tramell ist eine erfolgreiche Romanautorin.","Catherine wird als Romanautorin eingeführt, nicht als Clubbetreiberin.","Catherine ist keine Rechtsanwältin.","Catherines Werkzeug ist auch der Roman.","leicht","https://www.paramountpictures.com/movies/basic-instinct","quellengeprueft"
"F40-011-M1","K-F40-011-M1","","de","Film","Thriller","Basic Instinct","Basic Instinct","1992","","mittel","Handlung","","","Verstehen, warum die Romanhandlung sowohl belastet als auch Zweifel ermöglicht.","Warum wird ein Roman von Catherine Tramell (Sharon Stone) in „Basic Instinct“ zum entscheidenden Indiz?","Er enthält einen Termin, der Catherine ein Alibi geben soll.","Er nennt einen von der Polizei noch nicht gefundenen Tatzeugen.","Er beschreibt einen Mord mit denselben auffälligen Umständen.","Er schildert Nicks Fehlverhalten bei einem früheren Polizeieinsatz.","C","Die reale Tötung ähnelt auffällig der Mordschilderung in ihrem Buch.","Catherine Tramell (Sharon Stone) hat einen Mord beschrieben, der der untersuchten Tat sehr nahekommt. Das macht sie verdächtig, eröffnet aber auch eine Möglichkeit der Nachahmung. Ein veröffentlichter Text ist anderen Menschen zugänglich. Für Nick Curran (Michael Douglas) bleibt deshalb offen, ob die Autorin selbst handelt oder ob jemand die Geschichte benutzt, um die Ermittlungen auf sie zu lenken.","Das relevante Indiz ist die Ähnlichkeit der beschriebenen Tötung, kein aus dem Buch gewonnenes Alibi.","Die Ermittler vergleichen die Mordumstände; ein bislang unbekannter Tatzeuge ist nicht das entscheidende Indiz.","Die reale Tötung ähnelt auffällig der Mordschilderung in ihrem Buch.","Nicks Vergangenheit ist belastet, doch die Bedeutung dieses Romans liegt in der Ähnlichkeit zum Ausgangsmord.","Eine passende Romanhandlung ist ein Indiz, kein Täterbeweis.","mittel","https://www.paramountpictures.com/movies/basic-instinct|https://en.wikipedia.org/wiki/Basic_Instinct","quellengeprueft"
"F40-011-M2","K-F40-011-M2","","de","Film","Thriller","Basic Instinct","Basic Instinct","1992","","mittel","Handlung","","","Die Verflechtung von Ermittler und neuer Romanfigur verstehen.","Wie verarbeitet Catherine Tramell (Sharon Stone) Nick Curran (Michael Douglas) in ihrem neuen Romanprojekt in „Basic Instinct“?","Als Vorbild für das erste Mordopfer","Als Vorbild für einen belastenden Zeugen","Als Vorbild für den Anwalt der Verdächtigen","Als Vorbild für die Hauptfigur, einen Detective","D","Catherine benutzt Nick als Modell für den Detective ihres neuen Buches.","Nick Curran (Michael Douglas) wird für Catherine Tramell (Sharon Stone) zugleich Liebhaber, Ermittler und Material für einen Roman. Die fiktive Detective-Geschichte macht seine Nähe zu ihr besonders gefährlich: Eine Person, die den Fall aufklären soll, wird selbst Teil ihrer Erzählung. Der Film lässt dadurch private Beziehung, polizeiliche Beobachtung und mögliche Planung ineinander übergehen.","Catherine verwendet Nick als Modell für den Detective ihres neuen Romans.","Nick dient nicht lediglich als Modell für einen Zeugen, sondern für die zentrale Detective-Figur.","Er ist Vorbild für den Ermittler der Geschichte, nicht für einen Anwalt.","Catherine benutzt Nick als Modell für den Detective ihres neuen Buches.","Nick untersucht Catherine – und wird von ihr zur Figur gemacht.","mittel","https://en.wikipedia.org/wiki/Basic_Instinct","quellengeprueft"
"F40-011-S1","K-F40-011-S1","","de","Film","Thriller","Basic Instinct","Basic Instinct","1992","","schwer","Technik","","","Den Komponisten der Originalmusik des Erotikthrillers kennen.","Wer komponierte die Originalmusik zu „Basic Instinct“?","Jerry Goldsmith","Howard Shore","John Williams","Angelo Badalamenti","A","Der Musikcredit gehört Jerry Goldsmith.","Die Filmmusik stammt von Jerry Goldsmith; die Kamera führte Jan de Bont. Beide Aufgaben tragen zum sinnlichen und bedrohlichen Eindruck des Films bei, sind aber getrennte Credits. Regisseur Paul Verhoeven inszeniert die Geschichte nach einem Drehbuch von Joe Eszterhas. Das Zusammenspiel dieser Gewerke macht den Thriller auch über seine bekannte Verhörszene hinaus als gestaltetes Filmwerk interessant.","Der Musikcredit gehört Jerry Goldsmith.","Howard Shore ist nicht der im Film ausgewiesene Komponist.","Die Originalmusik dieses Films stammt nicht von John Williams.","Badalamenti ist nicht der im Film ausgewiesene Komponist.","Basic Instinct klingt nach Goldsmith.","keine","https://www.paramountpictures.com/movies/basic-instinct|https://www.filmdienst.de/film/details/46681/basic-instinct","quellengeprueft"
"F40-011-S2","K-F40-011-S2","","de","Film","Thriller","Basic Instinct","Basic Instinct","1992","","schwer","Handlung","","","Den Widerspruch zwischen scheinbarer Falllösung und Schlussbild erkennen.","Was untergräbt in der letzten Einstellung von „Basic Instinct“ die Sicherheit, der Fall sei endgültig gelöst?","Eine neue Tatortaufnahme belastet Catherine.","Unter dem Bett liegt weiterhin die verdächtige Tatwaffe.","Ein Brief widerlegt Beths angebliches Mordmotiv.","Ein Telefonmitschnitt entkräftet Nicks Erklärung.","B","Der versteckte Eispickel unter dem Bett hält den Verdacht gegen Catherine offen.","Nach den Ermittlungen scheint der Verdacht auf Beth Garner (Jeanne Tripplehorn) zu weisen. Nick Curran (Michael Douglas) ist wieder mit Catherine Tramell (Sharon Stone) zusammen. Dann zeigt die Kamera die unter dem Bett verborgene Waffe. Diese zusätzliche Information widerspricht der Ruhe der Figuren: Das Publikum erhält einen letzten Anlass, die scheinbar abgeschlossene Erklärung des Falls zu bezweifeln.","Der Schluss zeigt keine neue belastende Tatortaufnahme, sondern die versteckte Waffe.","Der versteckte Eispickel unter dem Bett hält den Verdacht gegen Catherine offen.","Es erscheint kein solcher Brief; das neue Indiz ist der versteckte Eispickel.","Der letzte Hinweis ist ein Gegenstand unter dem Bett, kein Telefonmitschnitt.","Die Figuren entspannen sich; das Schlussbild bewahrt den Verdacht.","stark","https://en.wikipedia.org/wiki/Basic_Instinct","quellengeprueft"
"F40-011-Y","K-F40-011-Y","","de","Film","Thriller","Basic Instinct","Basic Instinct","1992","","leicht","Filmdaten","","","Das Jahr der ersten Veröffentlichung von Basic Instinct kennen.","In welchem Jahr wurde „Basic Instinct“ erstmals veröffentlicht?","1988","1996","1992","2000","C","Basic Instinct wurde erstmals 1992 veröffentlicht.","Die erste Veröffentlichung fällt ins Jahr 1992. Filmdienst führt die Produktion unter 1991; für diese Frage zählt das öffentliche Erscheinen des fertigen Films. Der Thriller verbindet einen Mordfall mit einer verdächtigen Schriftstellerin und einem persönlich verstrickten Ermittler. Bei Jahresfragen hilft diese Unterscheidung: Produktionsangaben und Veröffentlichungsjahr eines Werks müssen nicht identisch sein.","1988 ist nicht das Jahr der ersten Veröffentlichung dieser Filmfassung.","1996 ist nicht das Jahr der ersten Veröffentlichung dieser Filmfassung.","Basic Instinct wurde erstmals 1992 veröffentlicht.","2000 ist nicht das Jahr der ersten Veröffentlichung dieser Filmfassung.","Erste Veröffentlichung: 1992.","keine","https://www.paramountpictures.com/movies/basic-instinct|https://www.filmdienst.de/film/details/46681/basic-instinct","quellengeprueft"
"F40-011-D","K-F40-011-D","","de","Film","Thriller","Basic Instinct","Basic Instinct","1992","","leicht","Filmdaten","","","Den vollständigen Regiecredit von Basic Instinct kennen.","Wer führte bei „Basic Instinct“ Regie?","Adrian Lyne","Brian De Palma","David Fincher","Paul Verhoeven","D","Paul Verhoeven führte Regie.","Paul Verhoeven führte bei Basic Instinct Regie. Catherine Tramell (Sharon Stone) steht unter Mordverdacht, während Nick Curran (Michael Douglas) ihr zugleich beruflich und persönlich nahekommt. Die Geschichte macht diese Nähe zum Risiko: Ermittlungsarbeit, Anziehung und mögliche Manipulation lassen sich für ihn nicht sauber trennen. Die Regiezuordnung erschließt damit den konkreten Film hinter der bekannten Konstellation von Detective und Verdächtiger.","Adrian Lyne führte bei dieser Filmfassung nicht Regie.","Brian De Palma führte bei dieser Filmfassung nicht Regie.","David Fincher führte bei dieser Filmfassung nicht Regie.","Paul Verhoeven führte Regie.","Regie: Paul Verhoeven.","keine","https://www.paramountpictures.com/movies/basic-instinct|https://en.wikipedia.org/wiki/Basic_Instinct","quellengeprueft"
"F40-012-L1","K-F40-012-L1","","de","Film","Thriller","Shutter Island","Shutter Island","2010","","leicht","Handlung","","","Den Anlass des Ermittlungsbesuchs kennen.","Welchen Fall soll Teddy Daniels (Leonardo DiCaprio) bei seiner Ankunft in „Shutter Island“ untersuchen?","Das Verschwinden einer Patientin","Den Diebstahl medizinischer Forschungsakten","Den Brand eines Leuchtturms","Die Entführung des Klinikleiters","A","Der offizielle Auftrag betrifft eine aus der Anstalt verschwundene Patientin.","Teddy Daniels (Leonardo DiCaprio) reist als vermeintlicher US-Marshal mit einem Partner auf die Insel. Die Suche nach der fehlenden Patientin gibt ihm einen klaren Auftrag, während Personal und Umgebung immer mehr Fragen aufwerfen. Aus einer Ermittlung wird ein Misstrauen gegen die ganze Institution. Dieser Ausgangspunkt ist verständlich, bevor der Film seine tiefgreifenden Wendungen offenlegt.","Der offizielle Auftrag betrifft eine aus der Anstalt verschwundene Patientin.","Der Besuch beginnt mit einer verschwundenen Patientin, nicht mit gestohlenen Forschungsakten.","Ein Leuchtturm spielt eine Rolle, doch dessen Brand ist nicht der offizielle Ermittlungsanlass.","Der Klinikleiter ist nicht das verschwundene Opfer des anfänglichen Auftrags.","Die verschwundene Patientin ist der offizielle Anlass.","leicht","https://www.paramountpictures.com/movies/shutter-island","quellengeprueft"
"F40-012-L2","K-F40-012-L2","","de","Film","Thriller","Shutter Island","Shutter Island","2010","","leicht","Handlung","","","Die Art der Einrichtung auf der Insel unterscheiden.","Welche Einrichtung bildet den wichtigsten Schauplatz von „Shutter Island“?","Ein Lazarett für verwundete Soldaten","Eine psychiatrische Anstalt für straffällige Patienten","Ein Internat für verhaltensauffällige Jugendliche","Ein Forschungszentrum für Meerestiere","B","Die Insel beherbergt eine psychiatrische Anstalt für als kriminell eingestufte Patienten.","Die Anstalt verbindet medizinische Behandlung und strenge Sicherung. Für Teddy Daniels (Leonardo DiCaprio) wird sie deshalb zum Ort möglicher Fürsorge und möglicher Bedrohung zugleich. Die Insel begrenzt Bewegungsfreiheit und Kontakt zur Außenwelt. Personal, Patienten und geschlossene Bereiche liefern ihm widersprüchliche Eindrücke, sodass seine Ermittlung zunehmend von der Frage geprägt wird, wem er dort vertrauen kann.","Kriegserinnerungen prägen die Hauptfigur; die Insel beherbergt jedoch eine psychiatrische Anstalt.","Die Insel beherbergt eine psychiatrische Anstalt für als kriminell eingestufte Patienten.","Die Bewohner sind keine Schüler eines Internats.","Meereslage und Isolation gehören zur Atmosphäre, die Einrichtung behandelt jedoch Menschen.","Insel, Psychiatrie und Sicherung bilden den Schauplatz.","leicht","https://www.paramountpictures.com/movies/shutter-island|https://www.filmdienst.de/film/details/534059/shutter-island","quellengeprueft"
"F40-012-M1","K-F40-012-M1","","de","Film","Thriller","Shutter Island","Shutter Island","2010","","mittel","Handlung","","","Die konkrete Kriegserfahrung hinter Teddys Erinnerungen kennen.","Welche Kriegserfahrung kehrt in den Erinnerungen von Teddy Daniels (Leonardo DiCaprio) in „Shutter Island“ wieder?","Der Luftangriff auf Pearl Harbor","Die Schlacht um Stalingrad","Die Befreiung des Konzentrationslagers Dachau","Die Landung in der Normandie","C","Teddy erinnert sich an seine Beteiligung an der Befreiung von Dachau.","Die Erinnerungen von Teddy Daniels (Leonardo DiCaprio) verbinden die gegenwärtige Untersuchung mit Gewalt aus dem Krieg. Bilder aus Dachau kehren wieder und zeigen, dass er die Vergangenheit nicht hinter sich gelassen hat. Der Film stellt solche Erinnerungen neben Träume und gegenwärtige Wahrnehmungen. Dadurch wird deutlich, wie schwer es ihm fällt, innere Bilder und äußere Beobachtungen voneinander zu trennen.","Die gezeigten Lagererinnerungen beziehen sich auf Dachau, nicht auf Pearl Harbor.","Teddys gezeigte Erfahrung ist keine Teilnahme an der Schlacht um Stalingrad.","Teddy erinnert sich an seine Beteiligung an der Befreiung von Dachau.","Die Erinnerungsbilder betreffen die Befreiung eines Konzentrationslagers.","Dachau gehört zu Teddys traumatischer Vergangenheit.","mittel","https://en.wikipedia.org/wiki/Shutter_Island_(film)","quellengeprueft"
"F40-012-M2","K-F40-012-M2","","de","Film","Thriller","Shutter Island","Shutter Island","2010","","mittel","Handlung","","","Den Einfluss des Unwetters auf die Ermittlung erkennen.","Was erschwert Teddy Daniels (Leonardo DiCaprio) und seinem Partner in „Shutter Island“ zusätzlich den Aufenthalt auf der Insel?","Ein Schneesturm blockiert die Zugänge.","Ein Waldbrand erreicht die Anstalt.","Ein Erdrutsch verschüttet den Hafen.","Ein Hurrikan trifft die Insel.","D","Ein Hurrikan verschärft die Isolation und gefährdet die Wege auf der Insel.","Teddy Daniels (Leonardo DiCaprio) und Chuck Aule (Mark Ruffalo) geraten bei ihrer Suche in einen schweren Sturm. Das Wetter macht die Insel körperlich bedrohlich und die Untersuchung schwieriger. Die äußere Unruhe begleitet Teddys wachsenden Verdacht gegen die Klinik. So trägt eine konkrete Naturgefahr zur Spannung bei, während der Film zugleich immer unsicherer macht, wie verlässlich seine Beobachtungen sind.","Die zusätzliche Gefahr ist ein Hurrikan, kein Schneesturm.","Der Film setzt einen schweren Sturm ein; ein Waldbrand ist nicht diese Zuspitzung.","Ein Hurrikan erschwert den Aufenthalt; ein verschütteter Hafen ist nicht das Ereignis.","Ein Hurrikan verschärft die Isolation und gefährdet die Wege auf der Insel.","Der Sturm verschärft die eingeschlossene Lage.","mittel","https://en.wikipedia.org/wiki/Shutter_Island_(film)","quellengeprueft"
"F40-012-S1","K-F40-012-S1","","de","Film","Thriller","Shutter Island","Shutter Island","2010","","schwer","Handlung","","","Den Zweck des inszenierten Ermittlungsauftrags nach der Auflösung verstehen.","Welchen Zweck hat das von den Ärzten organisierte Rollenspiel in „Shutter Island“?","Es soll den Patienten mit seiner verdrängten Wirklichkeit konfrontieren.","Es soll einen echten Polizeibeamten als Klinikspion anwerben.","Es soll eine Gerichtsverhandlung für die Öffentlichkeit nachstellen.","Es soll den Inselbewohnern eine heimliche Flucht ermöglichen.","A","Die Ärzte lassen ihn seine Ermittlerfantasie ausleben, um einen Durchbruch zur Realität zu erreichen.","Teddy Daniels (Leonardo DiCaprio) ist tatsächlich der Patient Andrew Laeddis. Sein vermeintlicher Kollege Chuck Aule (Mark Ruffalo) ist sein behandelnder Psychiater. Die Ärzte versuchen, ihn durch die ausgespielte Untersuchung zu seiner verdrängten Geschichte zurückzuführen. Die Enthüllung ändert damit rückwirkend den Sinn vieler Begegnungen: Was wie Behinderung einer Ermittlung wirkt, gehört zu einem medizinischen Versuch.","Die Ärzte lassen ihn seine Ermittlerfantasie ausleben, um einen Durchbruch zur Realität zu erreichen.","Die Inszenierung richtet sich an den Patienten selbst, nicht an einen echten externen Ermittler.","Das Rollenspiel ist ein therapeutischer Versuch, keine öffentliche Gerichtsaufführung.","Die Beteiligten planen damit keine Flucht, sondern eine Konfrontation mit der Wahrheit.","Der Ermittlungsfall ist Teil eines therapeutischen Rollenspiels.","stark","https://en.wikipedia.org/wiki/Shutter_Island_(film)","quellengeprueft"
"F40-012-S2","K-F40-012-S2","","de","Film","Thriller","Shutter Island","Shutter Island","2010","","schwer","Filmgeschichte","","","Die literarische Vorlage einem Autor zuordnen.","Von wem stammt der gleichnamige Roman, auf dem „Shutter Island“ beruht?","Thomas Harris","Dennis Lehane","James Ellroy","Patricia Highsmith","B","Dennis Lehane schrieb den Roman Shutter Island.","Laeta Kalogridis verfasste das Drehbuch nach Dennis Lehanes Roman. Die Verfilmung übernimmt den Inselaufenthalt und die Suche nach einer verschwundenen Patientin als Ausgangspunkt. Leonardo DiCaprio spielt Teddy Daniels, Mark Ruffalo dessen vermeintlichen Ermittlerpartner Chuck Aule. Das literarische Vorbild ist daher ein eigener Beitrag zur Geschichte; Autorenschaft und die Regie der Verfilmung sollten getrennt zugeordnet werden.","Der zugrunde liegende Roman stammt von Dennis Lehane, nicht von Thomas Harris.","Dennis Lehane schrieb den Roman Shutter Island.","Ellroy schrieb nicht die literarische Vorlage dieses Films.","Highsmith ist eine wichtige Thrillerautorin, aber nicht die Autorin dieser Vorlage.","Die Romanvorlage führt zu Dennis Lehane.","keine","https://www.paramountpictures.com/movies/shutter-island","quellengeprueft"
"F40-012-Y","K-F40-012-Y","","de","Film","Thriller","Shutter Island","Shutter Island","2010","","mittel","Filmdaten","","","Das Jahr der ersten Veröffentlichung von Shutter Island kennen.","In welchem Jahr erschien die Verfilmung „Shutter Island“ erstmals öffentlich?","2006","2014","2010","2018","C","Shutter Island wurde erstmals 2010 veröffentlicht.","Shutter Island wurde 2010 erstmals öffentlich gezeigt und im Kino veröffentlicht. Die Produktionsangabe 2009 in manchen Katalogen bezeichnet einen anderen zeitlichen Bezug. Auch das Jahr 1954 innerhalb der Handlung ist davon zu trennen. Die Frage ordnet die Verfilmung ein, während der Film selbst eine frühere Epoche nutzt, um Ermittlungsarbeit, Kriegsfolgen und psychiatrische Behandlung miteinander zu verbinden.","2006 ist nicht das Jahr der ersten Veröffentlichung dieser Filmfassung.","2014 ist nicht das Jahr der ersten Veröffentlichung dieser Filmfassung.","Shutter Island wurde erstmals 2010 veröffentlicht.","2018 ist nicht das Jahr der ersten Veröffentlichung dieser Filmfassung.","Erste Veröffentlichung: 2010.","keine","https://en.wikipedia.org/wiki/Shutter_Island_(film)","quellengeprueft"
"F40-012-D","K-F40-012-D","","de","Film","Thriller","Shutter Island","Shutter Island","2010","","leicht","Filmdaten","","","Den vollständigen Regiecredit von Shutter Island kennen.","Wer inszenierte den Psychothriller „Shutter Island“?","David Fincher","Christopher Nolan","Clint Eastwood","Martin Scorsese","D","Martin Scorsese führte Regie.","Martin Scorsese inszenierte Shutter Island nach dem Roman von Dennis Lehane. Der Film beginnt als Untersuchung einer verschwundenen Patientin auf einer abgeschlossenen Insel. Teddy Daniels (Leonardo DiCaprio) findet dort immer mehr Anlass, der Anstalt zu misstrauen. Die Regiezuordnung ergänzt diesen Ausgangspunkt um den Gestalter einer Erzählung, die ihre Informationen eng an die Wahrnehmung und Unsicherheit des Ermittlers bindet.","David Fincher führte bei dieser Filmfassung nicht Regie.","Christopher Nolan führte bei dieser Filmfassung nicht Regie.","Clint Eastwood führte bei dieser Filmfassung nicht Regie.","Martin Scorsese führte Regie.","Regie: Martin Scorsese.","keine","https://www.paramountpictures.com/movies/shutter-island","quellengeprueft"
"F40-013-L1","K-F40-013-L1","","de","Film","Thriller","The Game","The Game","1997","","leicht","Handlung","","","Nicholas’ privilegierte Ausgangsposition erkennen.","Welchem Beruf geht Nicholas Van Orton (Michael Douglas) in „The Game“ nach?","Investmentbanker","Notarzt","Kunstrestaurator","Privatdetektiv","A","Nicholas ist ein sehr wohlhabender Investmentbanker.","Nicholas Van Orton (Michael Douglas) verfügt über Geld und gesellschaftlichen Einfluss, wirkt aber emotional abgeschottet. Sein Bruder Conrad (Sean Penn) schenkt ihm zum Geburtstag einen ungewöhnlichen Gutschein. Das folgende Spiel dringt in den Alltag eines Mannes ein, der gewohnt ist, Kontrolle zu behalten. Seine finanzielle Sicherheit ist deshalb ein wichtiger Ausgangspunkt für den späteren Verlust dieser Kontrolle.","Nicholas ist ein sehr wohlhabender Investmentbanker.","Nicholas arbeitet im Finanzbereich, nicht im Rettungsdienst.","Seine privilegierte Stellung kommt aus dem Finanzgeschäft, nicht aus Restaurierungen.","Er muss selbst eine rätselhafte Lage untersuchen, ist aber kein beruflicher Detektiv.","Nicholas startet aus einer Welt des Geldes und der Kontrolle.","leicht","https://www.criterion.com/films/28058-the-game","quellengeprueft"
"F40-013-L2","K-F40-013-L2","","de","Film","Thriller","The Game","The Game","1997","","leicht","Handlung","","","Die Beziehung zwischen Schenkendem und Hauptfigur kennen.","Von wem bekommt Nicholas Van Orton (Michael Douglas) in „The Game“ den Gutschein, der alles in Gang setzt?","Von seiner geschiedenen Ehefrau","Von seinem jüngeren Bruder","Von seinem langjährigen Rechtsanwalt","Von einem neu eingestellten Chauffeur","B","Sein jüngerer Bruder Conrad schenkt ihm die Teilnahme an dem Spiel.","Conrad (Sean Penn) überreicht Nicholas Van Orton (Michael Douglas) einen Gutschein zum Geburtstag. Für den verschlossenen Nicholas wirkt das zunächst wie ein sonderbares Freizeitangebot. Tatsächlich beginnt damit eine Erfahrung, die seine gewohnte Ordnung angreift. Dass das Geschenk aus der eigenen Familie kommt, verbindet die scheinbar fremde Organisation mit einem persönlichen Verhältnis und erschwert sein Vertrauen zusätzlich.","Das Geburtstagsgeschenk kommt von seinem Bruder Conrad.","Sein jüngerer Bruder Conrad schenkt ihm die Teilnahme an dem Spiel.","Der Anwalt überreicht nicht den auslösenden Gutschein.","Ein Chauffeur ist nicht der Urheber dieses Geschenks.","Conrads Geschenk öffnet die Tür zum Spiel.","leicht","https://www.criterion.com/films/28058-the-game","quellengeprueft"
"F40-013-M1","K-F40-013-M1","","de","Film","Thriller","The Game","The Game","1997","","mittel","Handlung","","","Den Einbruch des Spiels in ein alltägliches Medium erkennen.","Welche Fernseherfahrung erschüttert Nicholas Van Orton (Michael Douglas) in „The Game“?","Alle Sender zeigen dasselbe Standbild.","Eine Gewinnspielsendung führt ihn als Teilnehmer auf.","Der Nachrichtensprecher spricht ihn persönlich an.","Eine Sendung kündigt seinen Geburtstag als Liveereignis an.","C","Der Nachrichtensprecher verlässt die gewöhnliche Moderation und richtet sich direkt an Nicholas.","Nicholas Van Orton (Michael Douglas) sieht Nachrichten, doch der Sprecher Daniel Schorr, der sich selbst spielt, beginnt mit ihm zu kommunizieren. Ein normalerweise einseitiges Medium scheint plötzlich seine Person zu beobachten. Dadurch verliert Nicholas selbst zu Hause eine vertraute Grenze. Die Organisation hinter dem Spiel erscheint fähig, auch Situationen zu kontrollieren, die zuvor privat und alltäglich wirkten.","Der entscheidende Bruch ist keine Sendergleichschaltung, sondern die persönliche Anrede.","Nicholas wird direkt vom Nachrichtensprecher angesprochen, nicht als Gewinnspielteilnehmer angekündigt.","Der Nachrichtensprecher verlässt die gewöhnliche Moderation und richtet sich direkt an Nicholas.","Die Manipulation besteht in der direkten Anrede, nicht in einer Geburtstagssendung.","Plötzlich redet das Fernsehen mit Nicholas.","mittel","https://en.wikipedia.org/wiki/The_Game_(1997_film)|https://www.criterion.com/current/posts/2484-all-in-the-game","quellengeprueft"
"F40-013-M2","K-F40-013-M2","","de","Film","Thriller","The Game","The Game","1997","","mittel","Handlung","","","Eine räumliche Erniedrigung als Teil des Kontrollverlusts kennen.","Wo erwacht Nicholas Van Orton (Michael Douglas) nach seiner Betäubung in „The Game“?","In einer Gefängniszelle in Kanada","In einer Hotelbadewanne in Las Vegas","In einem Flugzeughangar in Alaska","In einem Sarg auf einem Friedhof in Mexiko","D","Nicholas kommt in einem Sarg auf einem mexikanischen Friedhof wieder zu sich.","Nicholas Van Orton (Michael Douglas) wird aus seiner gewohnten Umgebung gerissen und muss sich aus einem Sarg befreien. Der Ortswechsel nach Mexiko macht ihn besonders hilflos: Sein Vermögen und sein Status stehen ihm dort nicht wie gewohnt zur Verfügung. Um nach San Francisco zurückzukommen, verkauft er seine Uhr. Das Spiel verwandelt einen kontrollierenden Geschäftsmann in einen unmittelbar bedrohten Menschen.","Die Szene zeigt einen Sarg auf einem mexikanischen Friedhof.","Nicholas erwacht nicht in einer Hotelbadewanne.","Der Film versetzt ihn in einen Sarg in Mexiko, nicht in einen Hangar.","Nicholas kommt in einem Sarg auf einem mexikanischen Friedhof wieder zu sich.","Der Sarg in Mexiko ist ein Tiefpunkt des Kontrollverlusts.","mittel","https://en.wikipedia.org/wiki/The_Game_(1997_film)","quellengeprueft"
"F40-013-S1","K-F40-013-S1","","de","Film","Thriller","The Game","The Game","1997","","schwer","Handlung","","","Das Geburtstagsmotiv mit dem Vatertrauma verbinden.","Warum besitzt der Geburtstag von Nicholas Van Orton (Michael Douglas) in „The Game“ besondere Bedeutung?","Er erreicht das Alter, in dem sein Vater sich das Leben nahm.","Sein Bruder wird an diesem Tag erstmals volljährig.","Er feiert denselben Geburtstag wie sein größter Konkurrent.","Seine Mutter kehrt erstmals seit Jahrzehnten nach Hause zurück.","A","Nicholas wird 48; sein Vater starb an seinem eigenen 48. Geburtstag durch Suizid.","Nicholas Van Orton (Michael Douglas) lebt mit der Erinnerung an den Tod seines Vaters. Sein eigener Geburtstag wiederholt dessen damaliges Alter. Die Zahl ist deshalb kein beliebiges Detail: Sie verbindet das Geschenk seines Bruders mit einer traumatischen Familiengeschichte. Wenn der Film Nicholas an den Rand eines Abgrunds führt, greift er zugleich das bereits etablierte Bild des väterlichen Todes wieder auf.","Nicholas wird 48; sein Vater starb an seinem eigenen 48. Geburtstag durch Suizid.","Die tragische Parallele betrifft Nicholas und den Tod des Vaters.","Ein Geschäftskonkurrent ist nicht der Grund für das zentrale Geburtstagsmotiv.","Die entscheidende Vergangenheit ist der Suizid des Vaters, keine Heimkehr der Mutter.","Der Geburtstag verbindet Gegenwart und Vatertrauma.","stark","https://en.wikipedia.org/wiki/The_Game_(1997_film)|https://www.criterion.com/current/posts/2484-all-in-the-game","quellengeprueft"
"F40-013-S2","K-F40-013-S2","","de","Film","Thriller","The Game","The Game","1997","","schwer","Filmgeschichte","","","Finchers ausdrücklich genannten literarischen Vergleich erkennen.","Als moderne Variante welcher Erzählung hat David Fincher „The Game“ selbst beschrieben?","Die Verwandlung von Franz Kafka","A Christmas Carol von Charles Dickens","Der alte Mann und das Meer von Ernest Hemingway","Der seltsame Fall des Dr. Jekyll und Mr. Hyde von Robert Louis Stevenson","B","Fincher verglich den Film mit einer postmodernen Version von A Christmas Carol.","Der von David Fincher genannte Dickens-Vergleich richtet den Blick auf Nicholas Van Orton (Michael Douglas) als emotionalen Geizhals. Die Prüfungen sollen seine Beziehung zum Leben verändern, ähnlich wie die Begegnungen von Ebenezer Scrooge in der Weihnachtsgeschichte. Das ist ein ausdrücklich dokumentierter Vergleich des Regisseurs, keine Behauptung, der Thriller sei eine wörtliche Verfilmung der Dickens-Erzählung.","Kafka wird als Vergleich von Kritikern verwendet; Finchers genannter Vergleich ist Dickens’ Weihnachtsgeschichte.","Fincher verglich den Film mit einer postmodernen Version von A Christmas Carol.","Diese Erzählung ist nicht der dokumentierte Vergleich des Regisseurs.","Fincher bezeichnete den Film nicht als Variante dieser Doppelgängererzählung.","Finchers Vergleich: Nicholas als moderner Scrooge.","mittel","https://www.criterion.com/current/posts/2484-all-in-the-game","quellengeprueft"
"F40-013-Y","K-F40-013-Y","","de","Film","Thriller","The Game","The Game","1997","","mittel","Filmdaten","","","Das Jahr der ersten Veröffentlichung von The Game kennen.","Wann wurde „The Game“ mit Michael Douglas erstmals veröffentlicht?","1993","2001","1997","2005","C","The Game wurde erstmals 1997 veröffentlicht.","The Game erschien 1997. Michael Douglas spielt einen Investmentbanker, dessen Bruder einen zunächst harmlos wirkenden Spielgutschein verschenkt. Der Film führt die Hauptfigur aus ihrer wohlhabenden, abgeschlossenen Welt in eine Folge rätselhafter Bedrohungen. Das Veröffentlichungsjahr ordnet diesen Thriller zeitlich ein; es bezeichnet weder den Geburtstag innerhalb der Geschichte noch eine spätere Wiederveröffentlichung.","1993 ist nicht das Jahr der ersten Veröffentlichung dieser Filmfassung.","2001 ist nicht das Jahr der ersten Veröffentlichung dieser Filmfassung.","The Game wurde erstmals 1997 veröffentlicht.","2005 ist nicht das Jahr der ersten Veröffentlichung dieser Filmfassung.","Erste Veröffentlichung: 1997.","keine","https://www.criterion.com/films/28058-the-game","quellengeprueft"
"F40-013-D","K-F40-013-D","","de","Film","Thriller","The Game","The Game","1997","","mittel","Filmdaten","","","Den vollständigen Regiecredit von The Game kennen.","Wer führte bei „The Game“ mit Michael Douglas und Sean Penn Regie?","David Lynch","Michael Mann","Brian De Palma","David Fincher","D","David Fincher führte Regie.","David Fincher inszenierte The Game. Der reiche Nicholas Van Orton (Michael Douglas) erhält von seinem Bruder Conrad (Sean Penn) einen rätselhaften Spielgutschein. Die folgenden Begegnungen nehmen ihm zunehmend die Kontrolle über seinen Alltag. Die Regiezuordnung benennt damit den Gestalter einer Geschichte, in der sowohl die Hauptfigur als auch das Publikum laufend entscheiden müssen, welche Informationen als zuverlässig gelten können.","David Lynch führte bei dieser Filmfassung nicht Regie.","Michael Mann führte bei dieser Filmfassung nicht Regie.","Brian De Palma führte bei dieser Filmfassung nicht Regie.","David Fincher führte Regie.","Regie: David Fincher.","keine","https://www.criterion.com/films/28058-the-game","quellengeprueft"
"F40-014-L1","K-SCHAUSPIELER-202610-P03-135-M-2","SCHAUSPIELER-202610-P03-135-M-2","de","Film","Thriller","Nightcrawler – Jede Nacht hat ihren Preis","Nightcrawler","2014","","leicht","Handlung","","","Lou Blooms Erwerbsmodell durch Unfall- und Verbrechensvideos kennen.","Womit macht Lou Bloom (Jake Gyllenhaal) in „Nightcrawler“ sein Geschäft?","Er verkauft Videos von Unfällen und Verbrechen an Fernsehsender.","Er verkauft Überwachungssoftware an Polizeiwachen.","Er vermietet Filmkameras an Spielfilmproduktionen.","Er organisiert geführte Touren zu verlassenen Filmstudios.","A","Lou filmt Unfälle und Gewalttaten und verkauft die Aufnahmen an das Fernsehen.","Lou Bloom (Jake Gyllenhaal) entdeckt eine Erwerbsmöglichkeit in Bildern von Unglücken. Je spektakulärer sein Material wirkt, desto wertvoller wird es für lokale Fernsehnachrichten. Er sucht deshalb nachts nach Ereignissen, bei denen andere Menschen in Not geraten. Die berufliche Ausgangsidee trägt bereits den moralischen Konflikt des Films in sich: Leid wird für ihn zum verkäuflichen Produkt.","Lou filmt Unfälle und Gewalttaten und verkauft die Aufnahmen an das Fernsehen.","Lou handelt mit Videoaufnahmen für Fernsehnachrichten, nicht mit Polizeisoftware.","Er nimmt selbst aktuelle Unglücke auf und verkauft das Material.","Sein Einkommen stammt aus dem Verkauf von Nachrichtenbildern.","Lou macht Nachrichtenbilder aus fremdem Unglück.","leicht","https://www.filmdienst.de/film/details/544687/nightcrawler-jede-nacht-hat-ihren-preis","quellengeprueft"
"F40-014-L2","K-F40-014-L2","","de","Film","Thriller","Nightcrawler – Jede Nacht hat ihren Preis","Nightcrawler","2014","","leicht","Handlung","","","Die Großstadt als konkreten Schauplatz der nächtlichen Arbeit kennen.","Durch welche Stadt fährt Lou Bloom (Jake Gyllenhaal) nachts auf der Suche nach Aufnahmen in „Nightcrawler“?","New York","Los Angeles","Chicago","San Francisco","B","Die Handlung spielt in Los Angeles.","Los Angeles wird als weitläufige nächtliche Stadt gezeigt, die Lou Bloom (Jake Gyllenhaal) auf der Suche nach brauchbaren Bildern durchquert. Die Ortswahl verbindet die Geschichte mit lokalen Fernsehmedien und langen Fahrten zwischen Ereignissen. Dan Gilroy und Robert Elswit wollten dabei vertraute Hollywood-Wahrzeichen vermeiden. Weite Bilder zeigen auch die Schönheit einer Umgebung, in der Lou rücksichtslos nach verwertbarem Material sucht.","Der Film folgt Lou durch Los Angeles.","Die Handlung spielt in Los Angeles.","Lous nächtliche Fahrten finden in Los Angeles statt.","Die kalifornische Stadt des Films ist Los Angeles, nicht San Francisco.","Lous Jagd nach Bildern führt durch Los Angeles.","keine","https://theplaylist.net/interview-nightcrawler-director-dan-gilroy-talks-jake-gyllenhaal-robert-elswit-sociopaths-20141029/","quellengeprueft"
"F40-014-M1","K-F40-014-M1","","de","Film","Thriller","Nightcrawler – Jede Nacht hat ihren Preis","Nightcrawler","2014","","mittel","Handlung","","","Eine konkrete Grenzüberschreitung zwischen Dokumentation und Inszenierung erkennen.","Was tut Lou Bloom (Jake Gyllenhaal) in „Nightcrawler“, um eine Unfallaufnahme eindrucksvoller zu machen?","Er deckt den Körper mit einer hellen Decke ab.","Er stellt ein Licht hinter den Körper.","Er verschiebt den Körper ins Scheinwerferlicht.","Er legt sein Warnschild neben den Körper.","C","Lou verändert die Lage eines Körpers, damit das Licht die Aufnahme verbessert.","Lou Bloom (Jake Gyllenhaal) begnügt sich nicht damit, ein Unglück vorzufinden und zu filmen. Er verschiebt einen Körper, um ihn mit Autoscheinwerfern besser auszuleuchten. Damit beeinflusst er selbst die Situation, die sein Material später als Nachricht zeigen soll. Die Szene macht konkret, wie seine Jagd nach verwertbaren Bildern jede Rücksicht auf die betroffenen Menschen verdrängt.","Lou verbessert die Ausleuchtung durch das Verschieben des Körpers, nicht durch eine helle Decke.","Die Szene zeigt die veränderte Lage des Körpers im vorhandenen Scheinwerferlicht.","Lou verändert die Lage eines Körpers, damit das Licht die Aufnahme verbessert.","Das konkrete Eingreifen betrifft die Lage des Körpers, nicht ein hinzugefügtes Warnschild.","Für das bessere Bild verändert Lou das Unglück.","mittel","https://en.wikipedia.org/wiki/Nightcrawler_(film)|https://time.com/3547813/jake-gyllenhaal-nightcrawler/","quellengeprueft"
"F40-014-M2","K-F40-014-M2","","de","Film","Thriller","Nightcrawler – Jede Nacht hat ihren Preis","Nightcrawler","2014","","mittel","Handlung","","","Den Kontrast zwischen Lous Sprache und seinem Verhalten erkennen.","Welche Sprache benutzt Lou Bloom (Jake Gyllenhaal) in „Nightcrawler“ auffällig oft, selbst wenn er Menschen ausnutzt?","Die Sprache religiöser Beichte und Buße","Die Sprache romantischer Liebesgedichte","Die Sprache militärischer Befehle und Dienstgrade","Die Sprache von Management und beruflicher Selbstoptimierung","D","Lou spricht in Formeln aus Management, Erfolgstraining und Selbstoptimierung.","Lou Bloom (Jake Gyllenhaal) übernimmt einen Wortschatz aus Selbsthilfeformeln und Unternehmenshandbüchern. Die Sprache lässt Wachstum und beruflichen Aufstieg wie selbstverständliche Ziele wirken. Dan Gilroy erläutert im Interview, dass Lou solche Maximen im Internet zusammensucht. Der wirtschaftliche Ton seiner Äußerungen steht neben dem Leid, das er für sein Geschäft verwertet. Der Gegensatz macht seinen Umgang mit Menschen auch auf der sprachlichen Ebene greifbar.","Lou präsentiert seine Ziele in wirtschaftlichen Erfolgsformeln, nicht als Buße.","Sein auffälliger Sprachstil ist geschäftlich und optimierend, nicht lyrisch.","Er benutzt besonders die Begriffswelt von Unternehmen und persönlichem Erfolg.","Lou spricht in Formeln aus Management, Erfolgstraining und Selbstoptimierung.","Lou tarnt Rücksichtslosigkeit mit Erfolgsformeln.","mittel","https://theplaylist.net/interview-nightcrawler-director-dan-gilroy-talks-jake-gyllenhaal-robert-elswit-sociopaths-20141029/","quellengeprueft"
"F40-014-S1","K-F40-014-S1","","de","Film","Thriller","Nightcrawler – Jede Nacht hat ihren Preis","Nightcrawler","2014","","schwer","Technik","","","Die dokumentierte Perspektive der Filmmusik verstehen.","Was wollten Dan Gilroy und James Newton Howard mit der oft aufsteigenden, triumphalen Musik in „Nightcrawler“ ausdrücken?","Lous eigene Vorstellung, erfolgreich voranzukommen","Das moralische Urteil der Polizei über Lou","Die Angst der Opfer aus ihrer eigenen Sicht","Eine durchgehend komische Distanz zum Nachrichtengeschäft","A","Die Musik soll das Erfolgsempfinden in Lous Kopf hörbar machen.","Dan Gilroy beschreibt die Musik von James Newton Howard als bewusst erhebend. Sie folgt Lou Bloom (Jake Gyllenhaal) in dessen eigenem Gefühl des Aufstiegs, obwohl sein Handeln erschreckend ist. Das Publikum hört also nicht einfach eine musikalische Warnung vor einem gefährlichen Mann. Zwischen den Bildern und seiner inneren Erfolgsbegleitung entsteht ein gezielter, beunruhigender Widerspruch.","Die Musik soll das Erfolgsempfinden in Lous Kopf hörbar machen.","Die Musik folgt laut Gilroy Lous innerem Erleben, nicht dem Urteil der Polizei.","Der dokumentierte Ansatz entspricht Lous Erfolgsempfinden, nicht der Opferperspektive.","Gilroy beschreibt eine subjektive Erfolgsmusik, keine durchgehende komische Begleitung.","Die Musik feiert Lou so, wie Lou sich selbst erlebt.","mittel","https://www.filmcomment.com/interview-dan-gilroy-nightcrawler-dan-gilroy/","quellengeprueft"
"F40-014-S2","K-F40-014-S2","","de","Film","Thriller","Nightcrawler – Jede Nacht hat ihren Preis","Nightcrawler","2014","","schwer","Technik","","","Das unterschiedliche Aufnahmematerial für Tag und Nacht kennen.","Welche Kombination verwendeten Dan Gilroy und Kameramann Robert Elswit bei „Nightcrawler“?","Analog nachts, digital tagsüber","Digital nachts, analog tagsüber","Durchgehend analog auf 35-mm-Film","Durchgehend digital mit der Alexa","B","Nachts wurde mit der digitalen Alexa gedreht, tagsüber auf Film.","Robert Elswit und Dan Gilroy wählten unterschiedliche Aufnahmematerialien für die Tageszeiten. Die Nachtszenen entstanden digital mit der Alexa, die Tagesszenen analog auf 35-mm-Film. Elswit erläutert, dass sie sich auch im Aussehen unterscheiden sollten. Das ist eine reale Produktionsentscheidung. Sie ist von der Videokamera zu trennen, die Lou Bloom (Jake Gyllenhaal) innerhalb der Geschichte für seine Nachrichtenaufnahmen benutzt.","Die Verteilung war umgekehrt: Alexa nachts und Film tagsüber.","Nachts wurde mit der digitalen Alexa gedreht, tagsüber auf Film.","Die Nachtaufnahmen wurden digital gedreht; der Film entstand nicht vollständig auf 35 mm.","Die Tagesaufnahmen wurden auf analogem Film hergestellt; die Alexa wurde für die Nacht verwendet.","Nightcrawler: Alexa in der Nacht, Film am Tag.","keine","https://theasc.com/article/breaking-news-nightcrawler/","quellengeprueft"
"F40-014-Y","K-F40-014-Y","","de","Film","Thriller","Nightcrawler – Jede Nacht hat ihren Preis","Nightcrawler","2014","","mittel","Filmdaten","","","Das Jahr der ersten Veröffentlichung von Nightcrawler – Jede Nacht hat ihren Preis kennen.","In welchem Jahr wurde „Nightcrawler – Jede Nacht hat ihren Preis“ erstmals veröffentlicht?","2010","2018","2014","2022","C","Nightcrawler – Jede Nacht hat ihren Preis wurde erstmals 2014 veröffentlicht.","Nightcrawler erschien 2014. Jake Gyllenhaal spielt einen Mann, der Unfall- und Verbrechensbilder an das Fernsehen verkauft. Der Film verbindet damit einen beruflichen Aufstieg mit einer Frage nach medialer Verantwortung. Das Jahr ordnet diese Verfilmung ein; Lous schneller wirtschaftlicher Erfolg innerhalb der Geschichte ist davon unabhängig und bildet den eigentlichen Gegenstand des Thrillers.","2010 ist nicht das Jahr der ersten Veröffentlichung dieser Filmfassung.","2018 ist nicht das Jahr der ersten Veröffentlichung dieser Filmfassung.","Nightcrawler – Jede Nacht hat ihren Preis wurde erstmals 2014 veröffentlicht.","2022 ist nicht das Jahr der ersten Veröffentlichung dieser Filmfassung.","Erste Veröffentlichung: 2014.","keine","https://www.filmdienst.de/film/details/544687/nightcrawler-jede-nacht-hat-ihren-preis","quellengeprueft"
"F40-014-D","K-F40-014-D","","de","Film","Thriller","Nightcrawler – Jede Nacht hat ihren Preis","Nightcrawler","2014","","mittel","Filmdaten","","","Den vollständigen Regiecredit von Nightcrawler – Jede Nacht hat ihren Preis kennen.","Wer führte bei „Nightcrawler – Jede Nacht hat ihren Preis“ Regie?","Tony Gilroy","David Fincher","Michael Mann","Dan Gilroy","D","Dan Gilroy führte Regie.","Dan Gilroy inszenierte Nightcrawler als Erfolgsgeschichte eines Antihelden. Lou Bloom (Jake Gyllenhaal) beginnt auf Arbeitssuche und baut schließlich ein florierendes Geschäft mit Nachrichtenbildern auf. Er wird dabei nicht zu einem besseren Menschen. Gilroy erläutert, dass gerade der Erfolg Fragen an die Umwelt richten soll, die Lous Rücksichtslosigkeit belohnt. Diese Absicht erklärt den ungewöhnlichen Verlauf der Geschichte.","Tony Gilroy führte bei dieser Filmfassung nicht Regie.","David Fincher führte bei dieser Filmfassung nicht Regie.","Michael Mann führte bei dieser Filmfassung nicht Regie.","Dan Gilroy führte Regie.","Regie: Dan Gilroy.","keine","https://www.slashfilm.com/534616/dan-gilroy-interview/","quellengeprueft"
"F40-015-L1","K-F40-015-L1","","de","Film","Thriller","Der Dialog","The Conversation","1974","","leicht","Handlung","","","Harry Cauls berufliche Rolle kennen.","Was ist der Beruf von Harry Caul (Gene Hackman), der Hauptfigur in „Der Dialog“?","Spezialist für heimliche Tonaufnahmen","Gerichtsmediziner","Radiojournalist","Privater Kunstsammler","A","Harry Caul ist ein professioneller Abhör- und Überwachungsspezialist.","Harry Caul (Gene Hackman) soll das Gespräch eines Paares auf einem belebten Platz aufzeichnen. Seine Aufgabe scheint zunächst ein technisches Problem zu sein: Stimmen müssen aus Lärm und Bewegungen herausgearbeitet werden. Mit zunehmendem Verständnis des Gesprächs entsteht jedoch eine moralische Frage. Die Genauigkeit einer Aufnahme schützt ihren Hersteller nicht davor, über die möglichen Folgen des Auftrags nachzudenken.","Harry Caul ist ein professioneller Abhör- und Überwachungsspezialist.","Harry bearbeitet heimlich aufgenommenen Ton, keine Obduktionen.","Die Aufnahmen dienen einem Überwachungsauftrag, nicht einem journalistischen Radiobericht.","Sein beruflicher Schwerpunkt ist technische Überwachung.","Harrys Spezialität ist das heimliche Hören.","leicht","https://www.loc.gov/static/programs/national-film-preservation-board/documents/conversation.pdf","quellengeprueft"
"F40-015-L2","K-F40-015-L2","","de","Film","Thriller","Der Dialog","The Conversation","1974","","leicht","Handlung","","","Harrys musikalische private Seite erkennen.","Welches Instrument spielt Harry Caul (Gene Hackman) privat in „Der Dialog“?","Klavier","Saxophon","Violine","Trompete","B","Harry spielt Saxophon, unter anderem zu einer Jazzaufnahme.","Harry Caul (Gene Hackman) spielt in seiner Wohnung Saxophon. Die Musik zeigt eine private Seite des Mannes, der beruflich fremde Stimmen belauscht und das eigene Leben stark abschirmt. Auch im Schlussbild bleibt ihm das Instrument. Der Film verbindet so zwei Formen des Hörens: technisch kontrollierte Überwachung und eine persönliche musikalische Beschäftigung, die sich nicht vollständig in Kontrolle übersetzen lässt.","Harrys privates Instrument ist das Saxophon.","Harry spielt Saxophon, unter anderem zu einer Jazzaufnahme.","Er wird als Saxophonspieler gezeigt, nicht als Geiger.","Das Instrument in seinen privaten Musikmomenten ist ein Saxophon.","Harry hört fremde Gespräche und spielt selbst Saxophon.","leicht","https://en.wikipedia.org/wiki/The_Conversation","quellengeprueft"
"F40-015-M1","K-F40-015-M1","","de","Film","Thriller","Der Dialog","The Conversation","1974","","mittel","Handlung","","","Die Bedeutung der Betonung beim wiederholten Abhören verstehen.","Was verändert in „Der Dialog“ den Sinn eines entscheidenden aufgenommenen Satzes für Harry Caul (Gene Hackman)?","Eine veränderte Bandgeschwindigkeit","Eine Umstellung der aufgenommenen Satzteile","Eine anders gehörte Betonung innerhalb desselben Satzes","Ein beim Filtern neu hörbar gewordenes zusätzliches Wort","C","Beim erneuten Hören verschiebt die Betonung, wer als Opfer oder Bedrohung erscheint.","Harry Caul (Gene Hackman) hört die Aufnahme immer wieder, um den drohenden Sinn des Gesprächs zu verstehen. Der gleiche Wortlaut kann je nach Betonung anders wirken. Die späte Verschiebung zeigt eine Grenze seiner Arbeit: Technisch saubere Stimmen sind noch keine sichere Kenntnis von Absichten. Der Film lässt das Publikum dieselbe Interpretationsfalle erleben wie den Mann an seinem Bandgerät.","Die Sinnverschiebung entsteht durch die Betonung, nicht durch eine veränderte Abspielgeschwindigkeit.","Der Wortlaut wird nicht durch eine andere Reihenfolge neu zusammengesetzt.","Beim erneuten Hören verschiebt die Betonung, wer als Opfer oder Bedrohung erscheint.","Entscheidend ist ein anders betontes vorhandenes Wort, nicht ein zusätzlich entdecktes Wort.","Gleiche Worte, andere Betonung, anderer Verdacht.","stark","https://en.wikipedia.org/wiki/The_Conversation","quellengeprueft"
"F40-015-M2","K-F40-015-M2","","de","Film","Thriller","Der Dialog","The Conversation","1974","","mittel","Handlung","","","Harrys Reaktion auf die Überwachung seiner eigenen Wohnung kennen.","Wie reagiert Harry Caul (Gene Hackman) am Ende von „Der Dialog“, als er glaubt, selbst abgehört zu werden?","Er kontrolliert mit seinem Mitarbeiter die Werkstatt.","Er durchsucht das Telefon und beobachtet anschließend den Hauseingang.","Er legt eine falsche Tonspur aus, um den Lauscher anzulocken.","Er zerlegt seine Wohnung auf der Suche nach einer Wanze.","D","Harry sucht die versteckte Abhöreinrichtung und verwüstet dabei seine Wohnung.","Harry Caul (Gene Hackman) erhält einen Anruf, bei dem ihm eine Aufnahme seines eigenen Saxophonspiels vorgespielt wird. Der professionelle Beobachter fühlt sich nun selbst überwacht. Er untersucht und zerlegt die Wohnung, ohne die Quelle zu finden. Am Ende sitzt er in den Resten seines privaten Schutzraums. Die Umkehr seines Berufsrisikos wird damit als konkrete, körperliche Handlung sichtbar.","Die Schlussreaktion betrifft seine eigene Wohnung, nicht einen gemeinsamen Werkstattcheck.","Die Suche bleibt nicht auf Telefon und Hauseingang beschränkt; Harry zerlegt die Wohnung.","Harry baut keine solche Gegenfalle, sondern sucht nach der vermuteten Abhöreinrichtung.","Harry sucht die versteckte Abhöreinrichtung und verwüstet dabei seine Wohnung.","Der Abhörexperte wird selbst zum abgehörten Menschen.","stark","https://en.wikipedia.org/wiki/The_Conversation","quellengeprueft"
"F40-015-S1","K-F40-015-S1","","de","Film","Thriller","Der Dialog","The Conversation","1974","","schwer","Technik","","","Die besondere Kamerabewegung der Eröffnung erkennen.","Welche Bewegung prägt die lange Eröffnungseinstellung von „Der Dialog“ über dem Union Square?","Ein langsamer Zoom aus der weiten Übersicht ins Geschehen","Eine Handkamerafahrt dicht hinter dem belauschten Paar","Ein Kreisschwenk von der Platzmitte über die umstehenden Menschen","Eine Kranfahrt vom Platz hinauf über die Dächer","A","Die Kamera zoomt langsam aus großer Distanz in das Leben auf dem Platz.","Die Eröffnung von Der Dialog blickt zunächst aus großer Höhe und Distanz auf den Union Square. Ein kontinuierlicher Zoom nähert sich dem Geschehen, während eine private Unterhaltung aus dem öffentlichen Raum herausgelöst wird. Die Form der Einstellung macht Beobachtung selbst zum Thema. Das Publikum sucht Personen im Bild, ähnlich wie die Überwachungstechnik Stimmen aus dem Gedränge herausfiltert.","Die Kamera zoomt langsam aus großer Distanz in das Leben auf dem Platz.","Die Eröffnung bleibt zunächst weit entfernt, statt dem Paar eng mit Handkamera zu folgen.","Die Annäherung geschieht durch Zoom, nicht durch einen Rundschwenk aus der Platzmitte.","Die Einstellung nähert sich mit einem Zoom aus der Distanz, statt den Platz durch eine aufsteigende Kranfahrt zu verlassen.","Der erste Zoom macht Zuschauen zur Überwachung.","keine","https://www.bfi.org.uk/sight-and-sound/features/stolen-privacy-coppolas-conversation","quellengeprueft"
"F40-015-S2","K-F40-015-S2","","de","Film","Thriller","Der Dialog","The Conversation","1974","","schwer","Technik","","","Die Tonarbeit Walter Murchs dem Film zuordnen.","Wer gestaltete den Ton von „Der Dialog“, in dem die rekonstruierte Gesprächsaufnahme das Zentrum bildet?","David Shire","Walter Murch","Gordon Willis","George Lucas","B","Walter Murch gestaltete den Ton und war auch am Schnitt beteiligt.","Walter Murchs Tonarbeit macht die Gesprächsaufnahme zu einem filmischen Prozess: Die Stimmen werden aus unterschiedlichen Aufnahmeanteilen zusammengesetzt und schrittweise verständlicher. Harry Caul (Gene Hackman) bearbeitet diese Tonspuren innerhalb der Handlung. Der Film führt dadurch das reale Gewerk und die Arbeit der Figur eng zusammen. Murch ist außerdem zusammen mit Richard Chew am Schnitt des Films beteiligt.","David Shire komponierte die Musik; die hier gesuchte Tongestaltung stammt von Walter Murch.","Walter Murch gestaltete den Ton und war auch am Schnitt beteiligt.","Willis ist nicht der gesuchte Tongestalter dieses Films.","Lucas ist nicht der ausgewiesene Gestalter des Filmsounds.","Der Dialogs entscheidendes Gewerk führt zu Walter Murch.","keine","https://www.loc.gov/static/programs/national-film-preservation-board/documents/conversation.pdf|https://en.wikipedia.org/wiki/The_Conversation","quellengeprueft"
"F40-015-Y","K-F40-015-Y","","de","Film","Thriller","Der Dialog","The Conversation","1974","","mittel","Filmdaten","","","Das Jahr der ersten Veröffentlichung von Der Dialog kennen.","In welchem Jahr wurde „Der Dialog“ erstmals veröffentlicht?","1970","1978","1974","1982","C","Der Dialog wurde erstmals 1974 veröffentlicht.","Der Dialog wurde 1974 erstmals veröffentlicht. Das in Filmdienst angegebene Produktionsjahr 1973 ist ein anderer Bezug und wird hier nicht als Lösung verwendet. Die Geschichte folgt einem Abhörexperten, der einen technischen Auftrag zunehmend als moralisches Problem erlebt. Die Jahreszuordnung verankert den Film in einer Epoche, in der Überwachung und das Misstrauen gegenüber Institutionen zentrale Thrillerstoffe waren.","1970 ist nicht das Jahr der ersten Veröffentlichung dieser Filmfassung.","1978 ist nicht das Jahr der ersten Veröffentlichung dieser Filmfassung.","Der Dialog wurde erstmals 1974 veröffentlicht.","1982 ist nicht das Jahr der ersten Veröffentlichung dieser Filmfassung.","Erste Veröffentlichung: 1974.","keine","https://en.wikipedia.org/wiki/The_Conversation|https://www.filmdienst.de/film/details/22987/der-dialog","quellengeprueft"
"F40-015-D","K-F40-015-D","","de","Film","Thriller","Der Dialog","The Conversation","1974","","mittel","Filmdaten","","","Den vollständigen Regiecredit von Der Dialog kennen.","Wer führte bei „Der Dialog“ mit Gene Hackman Regie?","Alan J. Pakula","Sidney Lumet","William Friedkin","Francis Ford Coppola","D","Francis Ford Coppola führte Regie.","Francis Ford Coppola inszenierte Der Dialog. Harry Caul (Gene Hackman) ist darin ein technisch versierter Abhörexperte, der den Sinn seines Auftrags zunehmend bezweifelt. Die Geschichte konzentriert sich auf das, was er hören und verstehen kann. Die Regiezuordnung ergänzt damit einen konkreten Werkkern: Größere technische Genauigkeit bedeutet für die Hauptfigur keineswegs automatisch größere Gewissheit über die Absichten anderer Menschen.","Alan J. Pakula führte bei dieser Filmfassung nicht Regie.","Sidney Lumet führte bei dieser Filmfassung nicht Regie.","William Friedkin führte bei dieser Filmfassung nicht Regie.","Francis Ford Coppola führte Regie.","Regie: Francis Ford Coppola.","keine","https://www.filmdienst.de/film/details/22987/der-dialog|https://www.bfi.org.uk/sight-and-sound/features/stolen-privacy-coppolas-conversation","quellengeprueft"
"F40-016-L1","K-F40-016-L1","","de","Film","Thriller","Blow Out – Der Tod löscht alle Spuren","Blow Out","1981","","leicht","Handlung","","","Jacks Arbeit im Filmton kennen.","Welche Arbeit hat Jack Terry (John Travolta) in „Blow Out – Der Tod löscht alle Spuren“?","Er stellt Geräuschaufnahmen für Filme her.","Er entwickelt Pressefotos für eine Zeitung.","Er schreibt politische Berichte für einen Radiosender.","Er überwacht Telefonleitungen für die Polizei.","A","Jack arbeitet als Tontechniker für Filme und sammelt passende Geräusche.","Jack Terry (John Travolta) nimmt nachts Außengeräusche auf, die er für seine Filmarbeit braucht. Dabei hört und beobachtet er einen Wagen, der von der Straße ins Wasser gerät. Sein Arbeitsmaterial wird dadurch zum möglichen Beweis eines Verbrechens. Die Geschichte lässt einen alltäglichen Vorgang der Filmherstellung in eine politische Gefahr übergehen, ohne dass Jack ursprünglich als Ermittler unterwegs ist.","Jack arbeitet als Tontechniker für Filme und sammelt passende Geräusche.","Jacks eigenes Arbeitsmedium ist die Tonaufnahme für Filme.","Er arbeitet mit Filmgeräuschen, nicht als politischer Radioreporter.","Jack ist Filmtontechniker; seine Aufnahme ist zunächst keine polizeiliche Überwachung.","Ein Filmgeräusch führt Jack in einen Mordfall.","leicht","https://www.criterion.com/films/27561-blow-out|https://www.criterion.com/current/posts/1830-blow-out-portrait-of-the-artist-as-a-young-gadgeteer","quellengeprueft"
"F40-016-L2","K-F40-016-L2","","de","Film","Thriller","Blow Out – Der Tod löscht alle Spuren","Blow Out","1981","","leicht","Handlung","","","Die politische Stellung des Unfallopfers kennen.","Welches öffentliche Amt hat der Mann, der beim Autounfall in „Blow Out“ stirbt?","Senator","Gouverneur","Polizeipräsident","Oberster Richter","B","Das tödliche Unfallopfer ist ein Gouverneur.","Jack Terry (John Travolta) rettet Sally (Nancy Allen) aus dem verunglückten Wagen. Der ebenfalls im Auto befindliche Gouverneur stirbt. Damit erhält die zunächst zufällige Tonaufnahme politische Bedeutung. Das Umfeld des Politikers möchte zugleich verhindern, dass Sallys Anwesenheit bekannt wird. Jack gerät so zwischen die Frage nach der Unfallursache und Interessen, die den öffentlichen Bericht kontrollieren wollen.","Das Unfallopfer ist ein Gouverneur mit politischen Ambitionen.","Das tödliche Unfallopfer ist ein Gouverneur.","Der Tote ist kein Polizeipräsident.","Das Opfer wird als Gouverneur eingeführt, nicht als Richter.","Der Unfall bekommt Gewicht durch den Tod eines Gouverneurs.","leicht","https://www.criterion.com/current/posts/1830-blow-out-portrait-of-the-artist-as-a-young-gadgeteer","quellengeprueft"
"F40-016-M1","K-F40-016-M1","","de","Film","Thriller","Blow Out – Der Tod löscht alle Spuren","Blow Out","1981","","mittel","Handlung","","","Die Rekonstruktion aus zwei verschiedenen Medien verstehen.","Wie rekonstruiert Jack Terry (John Travolta) in „Blow Out“ den Unfall genauer, als seine Tonaufnahme allein erlaubt?","Er verbindet die Tonspur mit einer Fernsehreportage.","Er verbindet die Tonspur mit einem nachgestellten Unfall.","Er verbindet die Tonspur mit Unfallfotografien.","Er verbindet die Tonspur mit einer Polizeiüberwachung.","C","Jack synchronisiert die Aufnahme mit Fotografien des Unfallablaufs.","Jack Terry (John Travolta) besitzt einen zeitlichen Ablauf als Tonspur. Fotografien liefern ihm zusätzlich sichtbare Momente desselben Unfalls. Erst das Zusammensetzen macht aus einzelnen Bildern und Geräuschen eine nachvollziehbare Ereignisfolge. Diese Arbeit ähnelt einem Filmschnitt. Der Thriller zeigt damit, dass ein Beweis nicht einfach fertig vorliegt, sondern aus unterschiedlichen Spuren sorgfältig rekonstruiert werden muss.","Jack verwendet eine Folge von Fotografien des Unfalls, keine Fernsehreportage.","Er rekonstruiert den tatsächlichen Ablauf aus vorhandenem Bildmaterial, nicht durch eine Nachstellung.","Jack synchronisiert die Aufnahme mit Fotografien des Unfallablaufs.","Die zusätzlichen Unfallbilder stammen aus Fotografien, nicht aus einer polizeilichen Videoüberwachung.","Jack setzt aus Foto und Ton einen Ablauf zusammen.","mittel","https://www.criterion.com/current/posts/1830-blow-out-portrait-of-the-artist-as-a-young-gadgeteer","quellengeprueft"
"F40-016-M2","K-F40-016-M2","","de","Film","Thriller","Blow Out – Der Tod löscht alle Spuren","Blow Out","1981","","mittel","Handlung","","","Die Täuschung der Eröffnungssequenz erkennen.","Als was erweist sich die scheinbare Mörder-Perspektive zu Beginn von „Blow Out“?","Als Traum, der Jacks späteren Unfall vorwegnimmt","Als Trainingsfilm einer Polizeischule","Als Aufzeichnung eines tatsächlich ungelösten Mordes","Als Szene eines Horrorfilms, an dessen Ton Jack arbeitet","D","Der Beginn zeigt den Horrorfilm Co Ed Frenzy innerhalb der eigentlichen Geschichte.","Die Kamera führt zunächst durch eine scheinbar bedrohliche Horrorszene. Dann zeigt sich, dass Jack Terry (John Travolta) am Ton dieses billigen Films arbeitet. Ein misslungener Schrei wird zum Problem der Produktion. Die Eröffnung lehrt das Publikum deshalb bereits, eine sichtbare Szene als hergestelltes Filmprodukt zu erkennen. Später bekommt genau diese Suche nach überzeugendem Ton eine tragische Bedeutung.","Die Szene gehört zu einem Film innerhalb des Films, nicht zu Jacks Traum.","Die Aufnahmen stammen aus einem Horrorfilm, dessen Ton Jack bearbeitet.","Die Eröffnung ist eine inszenierte Horrorszene, kein dokumentierter Kriminalfall.","Der Beginn zeigt den Horrorfilm Co Ed Frenzy innerhalb der eigentlichen Geschichte.","Der erste Schrecken gehört zu einem Film im Film.","mittel","https://www.interviewmagazine.com/film/blow-out","quellengeprueft"
"F40-016-S1","K-F40-016-S1","","de","Film","Thriller","Blow Out – Der Tod löscht alle Spuren","Blow Out","1981","","schwer","Handlung","","","Die tragische Verwertung des echten Schreis am Ende erkennen.","Was geschieht am Ende von „Blow Out“ mit der Aufnahme von Sallys wirklichem Todesschrei?","Jack verwendet sie für die Schreiszene des Horrorfilms.","Sie wird als entlastender Beweis vor Gericht abgespielt.","Sie wird in den Fernsehnachrichten als Warnung gesendet.","Jack überschreibt das Band mit einer neuen Geräuschaufnahme.","A","Der echte Schrei ersetzt den zuvor unbrauchbaren Schrei des Horrorfilms.","Sally (Nancy Allen) stirbt, während Jack Terry (John Travolta) ihre Stimme aufnehmen kann. Der Schluss kehrt zur Tonarbeit aus der Eröffnung zurück: Die Produktion erhält nun den gesuchten überzeugenden Schrei. Für Jack ist die beruflich brauchbare Aufnahme jedoch die Erinnerung an einen Menschen, den er nicht retten konnte. Der geschlossene Kreislauf zwischen Filmhandwerk und wirklicher Gewalt macht das Ende besonders bitter.","Der echte Schrei ersetzt den zuvor unbrauchbaren Schrei des Horrorfilms.","Der Schluss zeigt die Verwendung im Horrorfilm, keine gerichtliche Aufklärung.","Die Aufnahme landet in der Filmtonarbeit, nicht in einem Nachrichtenbericht.","Er löscht den Schrei nicht; der wirkliche Tod wird zum Filmeffekt.","Der perfekte Filmschrei ist für Jack ein wirklicher Verlust.","stark","https://www.criterion.com/current/posts/1829-blow-out-american-scream|https://www.interviewmagazine.com/film/blow-out","quellengeprueft"
"F40-016-S2","K-F40-016-S2","","de","Film","Thriller","Blow Out – Der Tod löscht alle Spuren","Blow Out","1981","","schwer","Filmgeschichte","","","Die Veränderung des Beweismediums gegenüber Blow-Up erkennen.","Welches Beweismedium rückt Brian De Palma in „Blow Out“ gegenüber Michelangelo Antonionis „Blow-Up“ besonders in den Vordergrund?","Das handschriftliche Tagebuch","Die Tonaufnahme","Die Fingerabdruckanalyse","Die Zeugenskizze","B","Aus dem fotografischen Blick von Blow-Up wird vor allem die Untersuchung einer Tonaufnahme.","Michelangelo Antonionis Blow-Up fragt nach einem möglichen Verbrechen in fotografierten Bildern. Brian De Palmas Blow Out greift eine verwandte Ausgangsidee auf und verlagert den Schwerpunkt auf aufgenommenen Ton. Jack Terry (John Travolta) kombiniert ihn später mit Bildern. Der Vergleich macht zwei unterschiedliche Wege der Wahrnehmung sichtbar und zeigt, dass scheinbar objektives Material erst durch Deutung Bedeutung erhält.","De Palma rückt aufgenommenen Ton in den Mittelpunkt, kein Tagebuch.","Aus dem fotografischen Blick von Blow-Up wird vor allem die Untersuchung einer Tonaufnahme.","Fingerabdrücke ersetzen hier nicht das fotografische Beweismedium als zentrales Motiv.","Der Vergleich betrifft Tonaufnahmen gegenüber Fotografie, nicht gezeichnete Zeugenaussagen.","Blow-Up vergrößert Bilder; Blow Out untersucht Ton.","mittel","https://www.criterion.com/current/posts/1830-blow-out-portrait-of-the-artist-as-a-young-gadgeteer","quellengeprueft"
"F40-016-Y","K-F40-016-Y","","de","Film","Thriller","Blow Out – Der Tod löscht alle Spuren","Blow Out","1981","","mittel","Filmdaten","","","Das Jahr der ersten Veröffentlichung von Blow Out – Der Tod löscht alle Spuren kennen.","In welchem Jahr erschien „Blow Out – Der Tod löscht alle Spuren“ erstmals?","1977","1985","1981","1989","C","Blow Out – Der Tod löscht alle Spuren wurde erstmals 1981 veröffentlicht.","Blow Out wurde 1981 veröffentlicht. Der deutsche Kinostart folgte 1982 und wird bei einer Frage nach der ersten Veröffentlichung nicht als Lösung verwendet. John Travolta spielt einen Filmtontechniker, dessen zufällige Aufnahme einen politischen Mord vermuten lässt. Die Jahreszuordnung betrifft diese Filmfassung und hilft, sie von Antonionis älterem, ähnlich betiteltem Film Blow-Up zu unterscheiden.","1977 ist nicht das Jahr der ersten Veröffentlichung dieser Filmfassung.","1985 ist nicht das Jahr der ersten Veröffentlichung dieser Filmfassung.","Blow Out – Der Tod löscht alle Spuren wurde erstmals 1981 veröffentlicht.","1989 ist nicht das Jahr der ersten Veröffentlichung dieser Filmfassung.","Erste Veröffentlichung: 1981.","keine","https://www.criterion.com/films/27561-blow-out|https://www.filmdienst.de/film/details/26450/blow-out-der-tod-loscht-alle-spuren|https://www.criterion.com/current/posts/1830-blow-out-portrait-of-the-artist-as-a-young-gadgeteer","quellengeprueft"
"F40-016-D","K-F40-016-D","","de","Film","Thriller","Blow Out – Der Tod löscht alle Spuren","Blow Out","1981","","mittel","Filmdaten","","","Den vollständigen Regiecredit von Blow Out – Der Tod löscht alle Spuren kennen.","Wer inszenierte „Blow Out – Der Tod löscht alle Spuren“?","Francis Ford Coppola","Alan J. Pakula","Sidney Lumet","Brian De Palma","D","Brian De Palma führte Regie.","Brian De Palma führte Regie und schrieb das Drehbuch. John Travolta spielt Jack Terry, der zunächst Filmgeräusche herstellt. Diese Tätigkeit wird zum Versuch, mit einer zufälligen Aufnahme einen politischen Mord zu beweisen. Die Inszenierung macht damit ein alltägliches Gewerk des Kinos selbst zum Spannungsstoff: Ton und Bild müssen zusammengefügt werden, während diejenigen, die davon bedroht sind, die Aufklärung verhindern wollen.","Francis Ford Coppola führte bei dieser Filmfassung nicht Regie.","Alan J. Pakula führte bei dieser Filmfassung nicht Regie.","Sidney Lumet führte bei dieser Filmfassung nicht Regie.","Brian De Palma führte Regie.","Regie: Brian De Palma.","keine","https://www.criterion.com/films/27561-blow-out","quellengeprueft"
"F40-017-L1","K-F40-017-L1","","de","Film","Thriller","Parasite","Gisaengchung","2019","","leicht","Handlung","","","Die Wohnsituation der Kim-Familie kennen.","Wo lebt die Kim-Familie am Anfang von „Parasite“?","In einer kleinen Halbkellerwohnung","In einem ausgebauten Dachgeschoss","In einer ehemaligen Ladenwohnung","In einer provisorischen Unterkunft auf einem Hausdach","A","Die Kim-Familie wohnt in einer engen Halbkellerwohnung.","Die Kim-Familie lebt unterhalb des normalen Straßenniveaus und sieht die Stadt durch niedrige Fenster. Die spätere Begegnung mit der wohlhabenden Familie Park führt in ein deutlich anderes Wohnumfeld. Der Gegensatz macht soziale Unterschiede räumlich sichtbar. Auf engem Platz versucht die Familie, Einkommen zu finden; die Handlung beginnt deshalb bei alltäglichen Bedürfnissen, bevor sie zu einer gefährlichen Täuschung wird.","Die Kim-Familie wohnt in einer engen Halbkellerwohnung.","Die Kims wohnen unterhalb des Straßenniveaus, nicht unter dem Dach.","Die zentrale Eigenschaft ihrer Wohnung ist die Halbkellerlage.","Die Kims leben in einem Halbkeller, nicht in einem Dachaufbau.","Die Kims beginnen unten, im Halbkeller.","leicht","https://www.criterion.com/current/posts/6391-bong-joon-ho-s-parasite|https://www.criterion.com/current/posts/7158-parasite-notes-from-the-underground","quellengeprueft"
"F40-017-L2","K-F40-017-L2","","de","Film","Thriller","Parasite","Gisaengchung","2019","","leicht","Handlung","","","Den ersten Arbeitsplatz im Haus der Parks kennen.","Welche Arbeit bringt Ki-Woo (Choi Woo Shik) in „Parasite“ zuerst in das Haus der Familie Park?","Gartenpflege","Englisch-Nachhilfe","Fahrdienst für den Hausherrn","Betreuung der Küche","B","Ki-Woo beginnt als Englisch-Nachhilfelehrer bei den Parks.","Ki-Woo (Choi Woo Shik) erhält die Gelegenheit, einer Tochter der wohlhabenden Parks Englischunterricht zu geben. Er präsentiert sich mit passenden, allerdings manipulierten Qualifikationen. Dieser einzelne Arbeitsplatz eröffnet anschließend auch anderen Mitgliedern seiner Familie den Zugang zum Haushalt. Die erste Beschäftigung ist deshalb ein wichtiger Türöffner: Eine scheinbar gewöhnliche Nachhilfestunde beginnt die schrittweise Unterwanderung der sozialen Grenze.","Der erste Zugang gelingt Ki-Woo als Englischlehrer.","Ki-Woo beginnt als Englisch-Nachhilfelehrer bei den Parks.","Der Fahrerjob folgt für ein anderes Familienmitglied; Ki-Woo gibt zunächst Nachhilfe.","Ki-Woo wird nicht als Koch eingestellt, sondern als Nachhilfelehrer.","Die Tür zu den Parks öffnet sich durch Englischunterricht.","leicht","https://www.festival-cannes.com/en/f/gisaengchung/|https://www.criterion.com/current/posts/6391-bong-joon-ho-s-parasite","quellengeprueft"
"F40-017-M1","K-F40-017-M1","","de","Film","Thriller","Parasite","Gisaengchung","2019","","mittel","Handlung","","","Die Täuschung zur Entlassung der Haushälterin verstehen.","Welche Eigenschaft von Moon-Gwang (Lee Jung Eun) nutzen die Kims in „Parasite“, um ihre Entlassung vorzubereiten?","Ihre Angst vor Hunden","Ihre ausgeprägte Höhenangst","Ihre starke Allergie gegen Pfirsiche","Ihre Unverträglichkeit von Milchprodukten","C","Die Kims lösen mit Pfirsichpartikeln Symptome aus und lassen sie als Krankheit erscheinen.","Moon-Gwang (Lee Jung Eun), die bisherige Haushälterin, reagiert stark auf Pfirsiche. Die Kim-Familie nutzt die Reaktion, um bei den Parks den Verdacht auf eine ansteckende Krankheit zu erzeugen. Ihr Ziel ist nicht medizinische Hilfe, sondern eine frei werdende Stelle. Der Film zeigt damit, wie die Familie vorhandenes Wissen über einen Menschen in eine gezielt vorbereitete Täuschung verwandelt.","Der Plan nutzt eine Pfirsichallergie, keine Hundeangst.","Die Kims provozieren körperliche Allergiesymptome; Höhenangst ist nicht der Hebel.","Die Kims lösen mit Pfirsichpartikeln Symptome aus und lassen sie als Krankheit erscheinen.","Die entscheidende Allergie betrifft Pfirsiche, nicht Milchprodukte.","Die Pfirsichallergie wird zur Entlassungsfalle.","mittel","https://en.wikipedia.org/wiki/Parasite_(2019_film)|https://www.criterion.com/films/30619-parasite","quellengeprueft"
"F40-017-M2","K-F40-017-M2","","de","Film","Thriller","Parasite","Gisaengchung","2019","","mittel","Handlung","","","Die gegensätzlichen Folgen des Regens für zwei Familien verstehen.","Wie trifft derselbe schwere Regen die beiden Familien in „Parasite“?","Beide Familien verlassen ihr Haus und schlafen im selben Notquartier.","Die Parks suchen ein Notquartier; die Kims richten eine Gartenfeier aus.","Die Kims können neue Arbeit finden; die Parks verlieren ihr gesamtes Vermögen.","Die Kims verlieren ihr Zuhause im Hochwasser; die Parks genießen die frische Luft.","D","Dasselbe Wetter bedeutet für die Kims eine Katastrophe und für die Parks angenehme Erfrischung.","Der Regen überflutet die Halbkellerwohnung der Kims mit schmutzigem Wasser. Sie verlieren ihren Wohnraum und müssen die Nacht in einer Notunterkunft verbringen. Im höher gelegenen Haus der Parks erscheint derselbe Regen am nächsten Tag als wohltuende Reinigung der Luft. Der Film macht Ungleichheit damit als unterschiedliche Folge eines gemeinsamen Ereignisses sichtbar, ohne dafür eine erklärende Rede zu benötigen.","Nur die Kims treffen die zerstörerischen Folgen im Halbkeller; die Parks planen ihren Alltag weiter.","Der Film zeigt den umgekehrten Gegensatz: Überschwemmung bei den Kims, Feier bei den Parks.","Der Kontrast betrifft zerstörten Wohnraum und den beiläufigen Nutzen des Wetters.","Dasselbe Wetter bedeutet für die Kims eine Katastrophe und für die Parks angenehme Erfrischung.","Ein Regen, zwei völlig verschiedene Lebensfolgen.","mittel","https://www.criterion.com/current/posts/7158-parasite-notes-from-the-underground|https://en.wikipedia.org/wiki/Parasite_(2019_film)","quellengeprueft"
"F40-017-S1","K-F40-017-S1","","de","Film","Thriller","Parasite","Gisaengchung","2019","","schwer","Handlung","","","Die Verbindung der Haushälterin zum versteckten Bewohner verstehen.","Wer verbirgt sich in „Parasite“ im geheimen Bunker unter dem Haus der Parks?","Der Ehemann der früheren Haushälterin","Ein Bruder des Hausherrn","Ein früherer Nachhilfelehrer der Tochter","Der ehemalige Fahrer der Familie","A","Moon-Gwang versteckt ihren Ehemann Geun-Se im Bunker.","Die frühere Haushälterin Moon-Gwang (Lee Jung Eun) kennt einen Raum, von dem die Familie Park nichts weiß. Dort lebt ihr Ehemann Geun-Se (Park Myung Hoon). Die Entdeckung zeigt den Kims eine weitere, noch verborgenere Form der Abhängigkeit vom wohlhabenden Haushalt. Der Konflikt erweitert sich dadurch: Nicht nur zwei Familien sind miteinander verflochten, sondern auch Menschen, die unter ihrer sichtbaren Ordnung existieren.","Moon-Gwang versteckt ihren Ehemann Geun-Se im Bunker.","Der Bunkerbewohner gehört zur früheren Haushälterin, nicht zur Familie Park.","Der Bewohner ist nicht ein ersetzter Nachhilfelehrer.","Im Bunker lebt der Ehemann der Haushälterin, nicht der entlassene Fahrer.","Unter dem reichen Haushalt liegt ein weiteres verborgenes Leben.","stark","https://www.criterion.com/current/posts/7158-parasite-notes-from-the-underground|https://www.criterion.com/films/30619-parasite","quellengeprueft"
"F40-017-S2","K-F40-017-S2","","de","Film","Thriller","Parasite","Gisaengchung","2019","","schwer","Handlung","","","Den Kommunikationsweg des versteckten Vaters kennen.","Wie sendet der im Haus versteckte Ki-Taek (Song Kang Ho) am Ende von „Parasite“ eine Nachricht an seinen Sohn?","Durch eine Nachricht in einem Lebensmittelpaket","Durch Morsezeichen mit einer Lampe","Durch einen heimlich eingeworfenen Brief","Durch einen Anruf über das Haustelefon","B","Ki-Taek nutzt das Licht im Haus, um eine Morse-Nachricht zu übermitteln.","Ki-Taek (Song Kang Ho) bleibt nach der Gewalt im Bunker verborgen. Ki-Woo (Choi Woo Shik) beobachtet das Haus von außen und erkennt in den Lichtwechseln eine Botschaft seines Vaters. Die Verbindung gelingt also weiterhin nur indirekt zwischen unten und draußen. Der Sohn entwirft anschließend eine Zukunft, in der er das Haus kaufen könnte; der Film trennt diese Vorstellung von seiner tatsächlichen Lage.","Die beobachtete Nachricht wird über blinkendes Licht übertragen.","Ki-Taek nutzt das Licht im Haus, um eine Morse-Nachricht zu übermitteln.","Die Kommunikation läuft über Morsezeichen aus dem Haus.","Er verwendet Lichtsignale, keinen direkten Telefonanruf an den Sohn.","Das Licht überträgt die Stimme des verborgenen Vaters.","stark","https://en.wikipedia.org/wiki/Parasite_(2019_film)|https://www.criterion.com/films/30619-parasite","quellengeprueft"
"F40-017-Y","K-F40-017-Y","","de","Film","Thriller","Parasite","Gisaengchung","2019","","leicht","Filmdaten","","","Das Jahr der ersten Veröffentlichung von Parasite kennen.","In welchem Jahr wurde „Parasite“ erstmals veröffentlicht?","2015","2021","2019","2023","C","Parasite wurde erstmals 2019 veröffentlicht.","Parasite wurde 2019 veröffentlicht. Der südkoreanische Originaltitel lautet Gisaengchung. Er bezeichnet dieselbe Filmfassung wie der international verwendete Titel Parasite. Für die zeitliche Zuordnung zählt das Veröffentlichungsjahr des Films und nicht das Jahr einer späteren Preisverleihung. Die Geschichte beginnt mit dem Versuch einer arbeitslosen Familie, über Nachhilfeunterricht Zugang zu einem wohlhabenden Haushalt zu gewinnen.","2015 ist nicht das Jahr der ersten Veröffentlichung dieser Filmfassung.","2021 ist nicht das Jahr der ersten Veröffentlichung dieser Filmfassung.","Parasite wurde erstmals 2019 veröffentlicht.","2023 ist nicht das Jahr der ersten Veröffentlichung dieser Filmfassung.","Erste Veröffentlichung: 2019.","keine","https://www.festival-cannes.com/en/f/gisaengchung/","quellengeprueft"
"F40-017-D","K-F40-017-D","","de","Film","Thriller","Parasite","Gisaengchung","2019","","leicht","Filmdaten","","","Den vollständigen Regiecredit von Parasite kennen.","Wer führte bei „Parasite“ Regie?","Park Chan Wook","Lee Chang Dong","Kim Jee Woon","Bong Joon Ho","D","Bong Joon Ho führte Regie.","Bong Joon Ho inszenierte Parasite, dessen koreanischer Originaltitel Gisaengchung lautet. Der Film beginnt mit einer arbeitslosen Familie und einer Gelegenheit zum Nachhilfeunterricht. Daraus entwickelt sich eine Geschichte über Täuschung, Abhängigkeit und soziale Grenzen. Das Haus der wohlhabenden Auftraggeber wird zum Schnittpunkt dieser Beziehungen. Die Regiezuordnung gilt für denselben Film unter beiden Titeln, nicht für zwei eigenständige Werke.","Park Chan Wook führte bei dieser Filmfassung nicht Regie.","Lee Chang Dong führte bei dieser Filmfassung nicht Regie.","Kim Jee Woon führte bei dieser Filmfassung nicht Regie.","Bong Joon Ho führte Regie.","Regie: Bong Joon Ho.","keine","https://www.festival-cannes.com/en/f/gisaengchung/","quellengeprueft"
"F40-018-L1","K-F40-018-L1","","de","Film","Thriller","Atemlos vor Angst","Sorcerer","1977","","leicht","Handlung","","","Die gefährliche Ladung der Lastwagen kennen.","Welche gefährliche Ladung transportieren die Fahrer in „Atemlos vor Angst“?","Überaltertes Dynamit mit austretendem Nitroglycerin","Fässer mit stark korrosiver Säure","Behälter mit hochradioaktivem Material","Gasflaschen mit giftigem Chlor","A","Die Lastwagen tragen instabiles altes Dynamit, dessen Nitroglycerin austritt.","Vier Männer übernehmen einen Transport, bei dem jede Erschütterung gefährlich werden kann. Das vorhandene Dynamit ist überaltert; austretendes Nitroglycerin macht es besonders empfindlich. Die Fahrer müssen deshalb selbst schlechte Wege ohne heftige Stöße bewältigen. Der Film verwandelt gewöhnliche Bewegungen eines Lastwagens in Bedrohungen und macht die Gefährlichkeit der Arbeit unmittelbarer als eine abstrakte Erklärung der Ladung.","Die Lastwagen tragen instabiles altes Dynamit, dessen Nitroglycerin austritt.","Die Gefahr geht von instabilem Sprengstoff aus, nicht von Säurefässern.","Die Ladung ist explosionsgefährlich, jedoch keine radioaktive Fracht.","Es handelt sich um altes Dynamit, aus dem Nitroglycerin austritt.","Alter Sprengstoff macht jede Erschütterung zur Gefahr.","leicht","https://en.wikipedia.org/wiki/Sorcerer_(film)|https://www.criterion.com/films/34370-sorcerer","quellengeprueft"
"F40-018-L2","K-F40-018-L2","","de","Film","Thriller","Atemlos vor Angst","Sorcerer","1977","","leicht","Handlung","","","Den Zweck des Sprengstofftransports verstehen.","Wofür wird die Sprengstoffladung in „Atemlos vor Angst“ am Ziel benötigt?","Zum Sprengen eines aufgegebenen Gefängnisses","Zum Löschen eines brennenden Ölbohrlochs","Zum Aufbrechen einer verschütteten Mine","Zum Bau eines neuen Straßenabschnitts","B","Eine Explosion soll den Brand am Ölbohrloch stoppen.","Der Transport ist Teil eines industriellen Notfalls: Ein Ölbohrloch brennt, und Sprengstoff soll helfen, den Brand zu stoppen. Damit entsteht eine bedrohliche Umkehr. Ausgerechnet eine explosive Ladung muss gegen ein Feuer eingesetzt werden, obwohl sie schon auf dem Weg leicht detonieren kann. Für die angeworbenen Männer verbindet sich die Aussicht auf Bezahlung mit einer Aufgabe, bei der das Mittel selbst tödlich gefährlich ist.","Der Auftrag dient einem Ölbrand, nicht dem Abriss eines Gefängnisses.","Eine Explosion soll den Brand am Ölbohrloch stoppen.","Das Ziel ist ein brennendes Ölbohrloch.","Die Fracht wird zu einem Ölbrand gebracht, nicht zu Straßenbauarbeiten.","Sprengstoff soll den Ölbrand stoppen.","leicht","https://www.filmdienst.de/film/details/47211/atemlos-vor-angst|https://en.wikipedia.org/wiki/Sorcerer_(film)","quellengeprueft"
"F40-018-M1","K-F40-018-M1","","de","Film","Thriller","Atemlos vor Angst","Sorcerer","1977","","mittel","Handlung","","","Die besonders riskante Brückenpassage erkennen.","Welche Engstelle müssen die Lastwagen in „Atemlos vor Angst“ trotz der empfindlichen Ladung überqueren?","Einen vereisten Pass mit engen Serpentinen","Einen überfluteten Tunnel unter einer Siedlung","Eine schwankende Hängebrücke über einen Fluss","Eine beschädigte Fähre zwischen zwei Flussufern","C","Die Fahrer müssen mit den beladenen Fahrzeugen eine fragile Hängebrücke überqueren.","Die Hängebrücke schwankt über einem Fluss, während Regen und Wind die Fahrt erschweren. Die Lastwagen müssen langsam und mit gegenseitiger Hilfe hinübergebracht werden. Die empfindliche Fracht macht selbst einen kleinen Stoß gefährlich. Der Film bündelt so in einem einzigen Hindernis mehrere Risiken: Gewicht, Gleichgewicht, Wetter und die notwendige Zusammenarbeit von Männern, die aus sehr unterschiedlichen Lebensgeschichten stammen.","Die hier gesuchte Passage ist die schwankende Brücke im Regen.","Die gefährliche Querung führt über den Fluss, nicht durch einen Tunnel.","Die Fahrer müssen mit den beladenen Fahrzeugen eine fragile Hängebrücke überqueren.","Die Passage wird über eine fragile Hängebrücke bewältigt.","Auf der Hängebrücke treffen Gewicht und Explosionsgefahr zusammen.","mittel","https://en.wikipedia.org/wiki/Sorcerer_(film)|https://www.criterion.com/current/posts/8845-sorcerer-bleak-magic","quellengeprueft"
"F40-018-M2","K-F40-018-M2","","de","Film","Thriller","Atemlos vor Angst","Sorcerer","1977","","mittel","Handlung","","","Die gefährliche Lösung für ein Hindernis kennen.","Wie beseitigen die Fahrer in „Atemlos vor Angst“ den riesigen Baum, der ihren Weg versperrt?","Sie ziehen ihn mit beiden Lastwagen unzerteilt vom Weg.","Sie verbrennen ihn und warten bis zum nächsten Morgen.","Sie zerlegen ihn mit einer mitgeführten Motorsäge.","Sie verwenden einen Teil der Ladung für eine Sprengung.","D","Ein Teil des riskanten Sprengstoffs wird gezielt gegen das Hindernis eingesetzt.","Ein großer Baum blockiert die Strecke, sodass die Lastwagen nicht weiterkommen. Die Männer müssen die gefährliche Ladung nun selbst handhaben, um den Weg freizumachen. Eine kontrollierte Explosion wird zum Werkzeug. Die Szene zeigt die doppelte Rolle des Sprengstoffs besonders anschaulich: Er bedroht den Transport, ermöglicht aber zugleich die Lösung eines Problems, das ohne ihn die gesamte Fahrt beenden würde.","Der Baum wird mithilfe des mitgeführten Sprengstoffs zerlegt.","Die gewählte Lösung ist eine Sprengung, kein langes Abbrennen.","Die Männer verwenden Sprengstoff statt einer Motorsäge.","Ein Teil des riskanten Sprengstoffs wird gezielt gegen das Hindernis eingesetzt.","Die tödliche Fracht wird auch zum Werkzeug.","mittel","https://en.wikipedia.org/wiki/Sorcerer_(film)","quellengeprueft"
"F40-018-S1","K-F40-018-S1","","de","Film","Thriller","Atemlos vor Angst","Sorcerer","1977","","schwer","Filmgeschichte","","","Den gemeinsamen literarischen Ursprung zweier Filme kennen.","Welche Beziehung hat „Atemlos vor Angst“ zu Henri-Georges Clouzots „Lohn der Angst“?","Beide beruhen auf einem Roman von Georges Arnaud.","Der spätere Film setzt die Geschichte derselben Figuren fort.","Clouzot schrieb das Originaldrehbuch für beide Filme.","Beide rekonstruieren denselben dokumentierten Ölunfall.","A","Friedkin und Clouzot adaptierten beide Georges Arnauds Roman Le Salaire de la peur.","Henri-Georges Clouzot verfilmte Georges Arnauds Roman bereits als Lohn der Angst. William Friedkin griff den Stoff später erneut auf und gab den vier Männern eigene internationale Vorgeschichten. Das Drehbuch seiner Fassung schrieb Walon Green. Der Zusammenhang ist deshalb präziser als eine bloße Titelähnlichkeit: Zwei Filme gestalten denselben literarischen Kern, ohne dass die jüngere Fassung eine Fortsetzung wäre.","Friedkin und Clouzot adaptierten beide Georges Arnauds Roman Le Salaire de la peur.","Friedkins Film ist eine erneute Adaption, keine Fortsetzung mit denselben Figuren.","Der gemeinsame Ursprung ist Arnauds Roman; Friedkins Drehbuch schrieb Walon Green.","Die gemeinsame Vorlage ist ein Roman, nicht eine identische dokumentarische Unfallrekonstruktion.","Arnauds Roman verbindet Clouzot und Friedkin.","keine","https://www.criterion.com/current/posts/8845-sorcerer-bleak-magic|https://www.criterion.com/films/34370-sorcerer","quellengeprueft"
"F40-018-S2","K-F40-018-S2","","de","Film","Thriller","Atemlos vor Angst","Sorcerer","1977","","schwer","Technik","","","Die elektronische Musik dem verantwortlichen Ensemble zuordnen.","Welche Gruppe schuf die elektronische Originalmusik zu „Atemlos vor Angst“?","Kraftwerk","Tangerine Dream","Popol Vuh","Goblin","B","Die Originalmusik stammt von Tangerine Dream.","Die Gruppe Tangerine Dream komponierte die Originalmusik. Ihre elektronische Klangwelt steht neben den körperlichen Gefahren der Fahrt: Motoren, Erschütterungen und schlechte Wege gehören zur Arbeit der Männer. Der Musikcredit benennt ein Ensemble statt eines einzelnen Komponisten. Er öffnet damit einen zusätzlichen Zugang zu dem Thriller, dessen Spannung wesentlich an der Wahrnehmung von Bewegung, Geräusch und gefährlichem Stillstand hängt.","Der Musikcredit dieses Films gehört Tangerine Dream.","Die Originalmusik stammt von Tangerine Dream.","Popol Vuh komponierte nicht die Originalmusik dieses Films.","Die ausgewiesene Gruppe ist Tangerine Dream, nicht Goblin.","Sorcerers elektronische Musik kommt von Tangerine Dream.","keine","https://www.criterion.com/films/34370-sorcerer","quellengeprueft"
"F40-018-Y","K-F40-018-Y","","de","Film","Thriller","Atemlos vor Angst","Sorcerer","1977","","schwer","Filmdaten","","","Das Jahr der ersten Veröffentlichung von Atemlos vor Angst kennen.","In welchem Jahr wurde „Atemlos vor Angst“ unter dem Originaltitel „Sorcerer“ erstmals veröffentlicht?","1973","1981","1977","1985","C","Atemlos vor Angst wurde erstmals 1977 veröffentlicht.","Sorcerer erschien 1977. Die Produktionsangabe 1976/77 bezeichnet den Entstehungszeitraum, nicht ein früheres Veröffentlichungsjahr. Vier Männer transportieren gefährlichen Sprengstoff mit zwei Lastwagen. Die ältere Verfilmung desselben Romanstoffs heißt Lohn der Angst. Das Veröffentlichungsjahr dieser Fassung gehört daher zu ihrer eigenen Identität und kann nicht von der früheren Adaption oder einer späteren Wiederaufführung übernommen werden.","1973 ist nicht das Jahr der ersten Veröffentlichung dieser Filmfassung.","1981 ist nicht das Jahr der ersten Veröffentlichung dieser Filmfassung.","Atemlos vor Angst wurde erstmals 1977 veröffentlicht.","1985 ist nicht das Jahr der ersten Veröffentlichung dieser Filmfassung.","Erste Veröffentlichung: 1977.","keine","https://www.bfi.org.uk/film/c534c25c-106a-530d-8161-24cea1b1b082/sorcerer|https://www.filmdienst.de/film/details/47211/atemlos-vor-angst|https://www.criterion.com/current/posts/8845-sorcerer-bleak-magic","quellengeprueft"
"F40-018-D","K-F40-018-D","","de","Film","Thriller","Atemlos vor Angst","Sorcerer","1977","","mittel","Filmdaten","","","Den vollständigen Regiecredit von Atemlos vor Angst kennen.","Wer führte bei „Atemlos vor Angst“ mit Roy Scheider Regie?","Sam Peckinpah","John Frankenheimer","Walter Hill","William Friedkin","D","William Friedkin führte Regie.","William Friedkin führte Regie; das Drehbuch von Walon Green basiert auf Georges Arnauds Roman. Roy Scheider gehört zu den vier Hauptdarstellern. Die Männer begegnen sich nach getrennten Vorgeschichten in Lateinamerika und nehmen einen lebensgefährlichen Transport an. Die Regiezuordnung verbindet damit den bekannten Hauptdarsteller mit einer erneuten filmischen Gestaltung des älteren literarischen Stoffes.","Sam Peckinpah führte bei dieser Filmfassung nicht Regie.","John Frankenheimer führte bei dieser Filmfassung nicht Regie.","Walter Hill führte bei dieser Filmfassung nicht Regie.","William Friedkin führte Regie.","Regie: William Friedkin.","keine","https://www.criterion.com/films/34370-sorcerer","quellengeprueft"
"F40-019-L1","K-F40-019-L1","","de","Film","Thriller","Memories of Murder","Memories of Murder","2003","","leicht","Handlung","","","Das Land der Ermittlung kennen.","In welchem Land spielt die Ermittlung von „Memories of Murder“?","Südkorea","Japan","China","Thailand","A","Die Ermittlungen spielen im ländlichen Südkorea.","Memories of Murder folgt Polizisten in einer ländlichen Region Südkoreas. Der Film beruht auf einer realen Mordserie der 1980er-Jahre, gestaltet die Untersuchung aber als Spielfilm. Lokale Beamte treffen auf einen Kollegen aus Seoul. Dadurch entstehen nicht nur neue Ermittlungsmöglichkeiten, sondern auch Konflikte über Erfahrung, Methoden und die Frage, wie eine unbekannte Täterperson überhaupt zuverlässig erkannt werden kann.","Die Ermittlungen spielen im ländlichen Südkorea.","Die Handlung folgt einer Mordserie in Südkorea.","Der historische Ausgangsfall und die Filmhandlung liegen in Südkorea.","Die Untersuchung findet nicht in Thailand statt.","Die ländliche Ermittlung gehört nach Südkorea.","leicht","https://www.criterion.com/films/31458-memories-of-murder","quellengeprueft"
"F40-019-L2","K-F40-019-L2","","de","Film","Thriller","Memories of Murder","Memories of Murder","2003","","leicht","Handlung","","","Die Art der untersuchten Verbrechen erkennen.","Was versucht die Polizei in „Memories of Murder“ aufzuklären?","Eine Reihe politischer Bombenanschläge","Eine Serie von Morden an Frauen","Eine Serie bewaffneter Banküberfälle","Den organisierten Schmuggel von Kulturgütern","B","Die Ermittler suchen den Täter einer Serie von Frauenmorden.","Die wiederholten Morde setzen die Beamten unter Druck, weil der Täter unentdeckt bleibt und die Gewalt weitergeht. Der Film lässt sie verschiedene Verdächtige verfolgen, ohne ihnen eine einfache, sichere Lösung zu geben. Die Spannung entsteht deshalb auch aus fehlerhaften Annahmen und Ermittlungswegen. Nicht ein einzelner abgeschlossener Fall, sondern das Ausbleiben einer verlässlichen Antwort prägt die Untersuchung.","Der zentrale Fall betrifft wiederholte Morde an Frauen, keine Anschlagsserie.","Die Ermittler suchen den Täter einer Serie von Frauenmorden.","Bankraub ist nicht die untersuchte Verbrechensserie.","Die Handlung folgt einer Mordserie, nicht einem Schmuggelnetz.","Eine Mordserie, viele Verdächtige, keine sichere Antwort.","leicht","https://www.criterion.com/films/31458-memories-of-murder|https://www.criterion.com/current/posts/7361-memories-of-murder-in-the-killing-jar","quellengeprueft"
"F40-019-M1","K-F40-019-M1","","de","Film","Thriller","Memories of Murder","Memories of Murder","2003","","mittel","Handlung","","","Den anfänglichen Gegensatz zweier Ermittlungsweisen verstehen.","Wie unterscheidet sich Seo Tae-Yoon (Kim Sang Kyung) in „Memories of Murder“ zunächst von Park Doo-Man (Song Kang Ho)?","Seo vertraut auf Eingebungen; Park fordert überprüfbare Spuren.","Seo setzt auf Geständnisse; Park setzt auf Laboranalysen.","Seo fordert Belege; Park vertraut auf seine Menschenkenntnis.","Seo befragt nur Zeugen; Park vermeidet alle Verhöre.","C","Seo kommt mit einem wissenschaftlicheren Anspruch; Park überschätzt seine intuitive Menschenkenntnis.","Park Doo-Man (Song Kang Ho) behauptet, Menschen durch genaues Ansehen erkennen zu können. Seo Tae-Yoon (Kim Sang Kyung), der aus Seoul kommt, setzt zunächst einen anderen Maßstab und hinterfragt solche Vermutungen. Der Gegensatz macht die Untersuchung zu einem Konflikt über Wissen: Reicht Überzeugung aus, oder braucht sie Belege? Später geraten auch Seos Ruhe und methodischer Anspruch unter den Druck der ungelösten Gewalt.","Die anfängliche Verteilung ist umgekehrt: Park setzt stärker auf Intuition.","Seo stellt zunächst methodische Prüfung gegen Parks fragwürdige Überzeugungen.","Seo kommt mit einem wissenschaftlicheren Anspruch; Park überschätzt seine intuitive Menschenkenntnis.","Park ist selbst an Verhören beteiligt; der Gegensatz betrifft ihre Beweismaßstäbe.","Park vertraut dem Blick, Seo fordert Belege.","mittel","https://www.criterion.com/current/posts/7361-memories-of-murder-in-the-killing-jar","quellengeprueft"
"F40-019-M2","K-F40-019-M2","","de","Film","Thriller","Memories of Murder","Memories of Murder","2003","","mittel","Handlung","","","Den Umgang mit Tatortspuren als Ursache von Ermittlungsproblemen kennen.","Was zeigt „Memories of Murder“ früh als Problem der Tatortarbeit?","Unvollständige Tatortfotos werden mit fremden Aufnahmen verwechselt.","Die Fundstücke werden vor der Prüfung in ein falsches Revier gebracht.","Ein falscher Lageplan führt die Spurensicherung zu einem anderen Feld.","Umstehende und ein Fahrzeug beschädigen mögliche Spuren.","D","Der Tatort wird nicht zuverlässig geschützt; Menschen und ein Traktor gefährden Beweise.","Am Fundort geraten Gegenstände und mögliche Spuren in die Hände von Kindern und unter die Räder eines Traktors. Das ist mehr als eine komische Szene über ungeschickte Polizisten. Der Film zeigt, wie schlecht geschützte Beobachtungen spätere Gewissheit verhindern können. Die Beamten suchen dringend eine Erklärung, verlieren aber schon bei den ersten Arbeitsschritten Material, das sie für eine belastbare Untersuchung benötigen würden.","Die gezeigte frühe Störung betrifft den unzureichenden Schutz von Spuren am Fundort.","Die Spurenschädigung entsteht bereits am Tatort durch Menschen und ein Fahrzeug.","Die Ermittler finden den Tatort, schützen ihn aber nicht zuverlässig vor Eingriffen.","Der Tatort wird nicht zuverlässig geschützt; Menschen und ein Traktor gefährden Beweise.","Wer Spuren verliert, verliert mögliche Antworten.","mittel","https://www.criterion.com/current/posts/7361-memories-of-murder-in-the-killing-jar","quellengeprueft"
"F40-019-S1","K-F40-019-S1","","de","Film","Thriller","Memories of Murder","Memories of Murder","2003","","schwer","Technik","","","Die unterschiedliche Farbgestaltung des Rahmens und der übrigen Handlung kennen.","Welche Bilder wurden bei „Memories of Murder“ vom überwiegend entsättigten Bleach-Bypass-Look ausgenommen?","Die Reisfelder in Eröffnung und Schluss","Die Szenen im Büro des Polizeichefs","Die Befragungen der weiblichen Zeuginnen","Die nächtlichen Szenen an den Bahngleisen","A","Eröffnung und Schluss mit den goldenen Reisfeldern behalten eine wärmere, normalere Farbwirkung.","Für den größten Teil des Films wurde ein Bleach-Bypass-Verfahren eingesetzt, das die Farbigkeit reduziert. Die Reisfelder in der Eröffnung und im Schluss wurden davon ausgenommen. So rahmen warme, goldene Bilder die bedrückende Untersuchung. Die Entscheidung gehört zur tatsächlichen Bildgestaltung der Produktion. Sie stellt dem vertrauten Erscheinungsbild der ländlichen Umgebung die dazwischenliegende Gewalt gegenüber.","Eröffnung und Schluss mit den goldenen Reisfeldern behalten eine wärmere, normalere Farbwirkung.","Die Revierszenen sind nicht die bewusst ausgenommenen Rahmenbilder.","Die dokumentierte Ausnahme betrifft die goldenen Eröffnungs- und Schlussbilder.","Die Bahnstrecke ist nicht die dokumentierte Ausnahme vom Verfahren.","Goldene Felder rahmen die entsättigte Ermittlung.","keine","https://www.criterion.com/current/posts/7362-10-things-i-learned-memories-of-murder","quellengeprueft"
"F40-019-S2","K-F40-019-S2","","de","Film","Thriller","Memories of Murder","Memories of Murder","2003","","schwer","Technik","","","Die filmische Offenhaltung der Täteridentität durch Besetzung verstehen.","Wie hielt Bong Joon Ho die sichtbare Identität des Täters in „Memories of Murder“ bewusst unbestimmt?","Er besetzte den Täter mit dem Hauptdarsteller, dessen Gesicht verborgen blieb.","Er besetzte Teilansichten mit mehreren ähnlich gebauten Männern.","Er verwendete nur eine einzige Einstellung eines maskierten Statisten.","Er verzichtete in allen Täterszenen vollständig auf einen sichtbaren Körper.","B","Mehrere Darsteller verkörpern fragmentarische Ansichten, damit sich kein eindeutiges Tätergesicht festlegt.","Der Film entstand, als die reale Mordserie noch nicht aufgeklärt war. Bong Joon Ho wollte dem unbekannten Täter daher kein bestimmtes Gesicht geben. Hände und andere Teilansichten wurden mit verschiedenen Männern ähnlicher Statur gedreht. Diese Besetzungsentscheidung hält die Untersuchung auch auf der Bildebene offen. Der Film fixiert damit keine konkrete Person durch ein dauerhaft wiedererkennbares Gesicht.","Die Teilansichten wurden mit unterschiedlichen Darstellern gedreht.","Mehrere Darsteller verkörpern fragmentarische Ansichten, damit sich kein eindeutiges Tätergesicht festlegt.","Die Gestaltung besteht aus verschiedenen fragmentarischen Ansichten, nicht aus einer einzigen Einstellung.","Körperliche Teilansichten sind sichtbar, werden aber durch mehrere Darsteller unbestimmt gehalten.","Mehrere Körper verhindern ein festgelegtes Tätergesicht.","mittel","https://www.criterion.com/current/posts/7362-10-things-i-learned-memories-of-murder","quellengeprueft"
"F40-019-Y","K-F40-019-Y","","de","Film","Thriller","Memories of Murder","Memories of Murder","2003","","mittel","Filmdaten","","","Das Jahr der ersten Veröffentlichung von Memories of Murder kennen.","Wann wurde „Memories of Murder“ erstmals veröffentlicht?","1999","2007","2003","2011","C","Memories of Murder wurde erstmals 2003 veröffentlicht.","Memories of Murder erschien 2003. Die untersuchte Mordserie gehört innerhalb der Geschichte in die 1980er-Jahre. Das Veröffentlichungsjahr ist deshalb vom historischen Zeitraum des Falls zu unterscheiden. Song Kang Ho und Kim Sang Kyung spielen Ermittler mit zunächst verschiedenen Methoden. Die Jahresfrage betrifft die Spielfilmfassung und nicht den Beginn der Mordserie oder eine spätere Entwicklung des realen Falls.","1999 ist nicht das Jahr der ersten Veröffentlichung dieser Filmfassung.","2007 ist nicht das Jahr der ersten Veröffentlichung dieser Filmfassung.","Memories of Murder wurde erstmals 2003 veröffentlicht.","2011 ist nicht das Jahr der ersten Veröffentlichung dieser Filmfassung.","Erste Veröffentlichung: 2003.","keine","https://www.criterion.com/films/31458-memories-of-murder","quellengeprueft"
"F40-019-D","K-F40-019-D","","de","Film","Thriller","Memories of Murder","Memories of Murder","2003","","mittel","Filmdaten","","","Den vollständigen Regiecredit von Memories of Murder kennen.","Wer führte bei „Memories of Murder“ Regie?","Park Chan Wook","Kim Jee Woon","Lee Chang Dong","Bong Joon Ho","D","Bong Joon Ho führte Regie.","Bong Joon Ho inszenierte Memories of Murder. Der Film verbindet eine Mordserie in ländlicher Umgebung mit gegensätzlichen Vorstellungen von Beweis und Menschenkenntnis. Ein Kollege aus Seoul ergänzt die örtlichen Ermittler, ohne deren Probleme einfach lösen zu können. Die Regiezuordnung erschließt damit ein Werk, das die Schwierigkeiten einer Untersuchung und die Reaktion der Menschen auf einen ungelösten Fall in den Mittelpunkt stellt.","Park Chan Wook führte bei dieser Filmfassung nicht Regie.","Kim Jee Woon führte bei dieser Filmfassung nicht Regie.","Lee Chang Dong führte bei dieser Filmfassung nicht Regie.","Bong Joon Ho führte Regie.","Regie: Bong Joon Ho.","keine","https://www.criterion.com/films/31458-memories-of-murder","quellengeprueft"
"F40-020-L1","K-F40-020-L1","","de","Film","Thriller","Kleine Morde unter Freunden","Shallow Grave","1994","","leicht","Handlung","","","Den Fund als Auslöser der Geschichte erkennen.","Was finden die Bewohner in „Kleine Morde unter Freunden“ neben ihrem toten neuen Mitbewohner?","Einen Koffer mit sehr viel Bargeld","Einen Koffer mit gestohlenen Gemälden","Eine Mappe mit belastenden Staatsakten","Eine Kiste mit ungeschliffenen Diamanten","A","Der neue Mitbewohner hinterlässt einen Koffer voller Geld.","Drei Freunde haben einen neuen Bewohner für ihre Wohnung gesucht. Kurz nach dem Einzug finden sie ihn tot und entdecken einen großen Geldbetrag. Was zunächst wie ein unerwarteter Gewinn erscheint, stellt sie vor eine Entscheidung mit schwerwiegenden Folgen. Der Thriller gewinnt seine Spannung aus dem Fund und der Aussicht, die eigene Lage zu verbessern, ohne Herkunft und Risiken des Geldes wirklich zu kennen.","Der neue Mitbewohner hinterlässt einen Koffer voller Geld.","Der verhängnisvolle Fund ist Bargeld, keine Kunstsammlung.","Die Bewohner geraten wegen Geldes in den Konflikt, nicht wegen Geheimakten.","Es handelt sich um einen Bargeldkoffer, nicht um Edelsteine.","Der Geldkoffer macht aus dem Todesfall eine Versuchung.","leicht","https://www.criterion.com/films/27981-shallow-grave","quellengeprueft"
"F40-020-L2","K-F40-020-L2","","de","Film","Thriller","Kleine Morde unter Freunden","Shallow Grave","1994","","leicht","Handlung","","","Den erzählten Schauplatz unabhängig vom Drehort kennen.","In welcher Stadt teilen die drei Hauptfiguren in „Kleine Morde unter Freunden“ ihre Wohnung?","Glasgow","Edinburgh","Manchester","Dublin","B","Die gemeinsame Wohnung liegt innerhalb der Handlung in Edinburgh.","Die Wohnung steht in der Geschichte in Edinburgh. Dort leben Juliet Miller (Kerry Fox), David (Christopher Eccleston) und Alex Law (Ewan McGregor) zusammen. Viele Aufnahmen wurden jedoch in Glasgow hergestellt. Handlungsschauplatz und Produktionsort sind daher unterschiedliche Angaben. Für die Figuren ist vor allem der gemeinsame Wohnraum entscheidend: Er wird vom Ort vertrauter Nähe zu einem Bereich gegenseitiger Beobachtung und Gefahr.","Viele Aufnahmen entstanden in Glasgow; die Filmhandlung spielt in Edinburgh.","Die gemeinsame Wohnung liegt innerhalb der Handlung in Edinburgh.","Die Wohngemeinschaft der Handlung liegt in Edinburgh.","Die Geschichte spielt in Schottlands Hauptstadt Edinburgh, nicht in Dublin.","Die WG spielt in Edinburgh, auch wenn Glasgow den Dreh unterstützt.","keine","https://www.criterion.com/films/27981-shallow-grave|https://en.wikipedia.org/wiki/Shallow_Grave_(1994_film)","quellengeprueft"
"F40-020-M1","K-F40-020-M1","","de","Film","Thriller","Kleine Morde unter Freunden","Shallow Grave","1994","","mittel","Handlung","","","Den Entschluss zur Vertuschung des Todes verstehen.","Warum zerstückeln die Freunde in „Kleine Morde unter Freunden“ den Körper des neuen Mitbewohners?","Sie wollen den Tod als einen Unfall während einer Reise erscheinen lassen.","Sie wollen den Fundort wie einen Tatort der gesuchten Verbrecher gestalten.","Sie wollen die Identifizierung verhindern und das Geld behalten.","Sie wollen den Körper in der Wohnung verstecken, bis die Polizei abzieht.","C","Die Leichenbeseitigung soll den Geldfund von einer identifizierbaren Person trennen.","Die Freunde entscheiden sich gegen die Meldung des Todes und für das Behalten des Geldes. Dazu müssen sie aus ihrer Sicht verhindern, dass der Körper zuverlässig erkannt wird. David (Christopher Eccleston) übernimmt die besonders grausame Aufgabe der Zerstückelung. Der Gewinn verlangt damit bereits eine schwere Grenzüberschreitung. Ihre gemeinsame Entscheidung belastet anschließend auch die Beziehungen, die vorher die Wohngemeinschaft zusammengehalten haben.","Der Zweck ist die Verhinderung der Identifizierung und die verdeckte Geldübernahme.","Sie legen keine solche falsche Spur an; sie beseitigen identifizierende Körpermerkmale.","Die Leichenbeseitigung soll den Geldfund von einer identifizierbaren Person trennen.","Die Freunde planen die unkenntliche Beseitigung und Beerdigung außerhalb der Wohnung.","Das behaltene Geld verlangt eine gemeinsam begangene Vertuschung.","stark","https://en.wikipedia.org/wiki/Shallow_Grave_(1994_film)","quellengeprueft"
"F40-020-M2","K-F40-020-M2","","de","Film","Thriller","Kleine Morde unter Freunden","Shallow Grave","1994","","mittel","Handlung","","","Davids räumliche Veränderung als Ausdruck des Misstrauens erkennen.","Wie richtet sich David (Christopher Eccleston) in „Kleine Morde unter Freunden“ gegen seine Mitbewohner ein?","Er mietet gegenüber ein Zimmer und beobachtet sie mit einem Fernglas.","Er versteckt sich im Nachbarraum und hört durch die Wand mit.","Er verschließt sein Zimmer und filmt sie mit versteckten Kameras.","Er lebt auf dem Dachboden und beobachtet sie durch gebohrte Löcher.","D","David zieht auf den Dachboden und beobachtet den Raum darunter durch Löcher.","David (Christopher Eccleston) versteckt das Geld auf dem Dachboden und hält sich zunehmend selbst dort auf. Durch Löcher im Boden kann er Alex Law (Ewan McGregor) und Juliet Miller (Kerry Fox) beobachten. Der gemeinsame Wohnraum wird dadurch in sichtbare und versteckte Bereiche geteilt. Das Misstrauen ist nicht mehr nur ein Gesprächsproblem: Es verändert unmittelbar, wie die drei Menschen im Haus leben und sich begegnen.","Die Überwachung geschieht aus dem Dachboden derselben Wohnung.","David beobachtet die Mitbewohner von oben durch Löcher im Boden.","Sein Rückzug führt auf den Dachboden; er verwendet Beobachtungslöcher.","David zieht auf den Dachboden und beobachtet den Raum darunter durch Löcher.","David wohnt über den Freunden und kontrolliert sie von oben.","mittel","https://en.wikipedia.org/wiki/Shallow_Grave_(1994_film)","quellengeprueft"
"F40-020-S1","K-F40-020-S1","","de","Film","Thriller","Kleine Morde unter Freunden","Shallow Grave","1994","","schwer","Filmgeschichte","","","Die gemeinsame Wohnvorbereitung der Hauptdarsteller kennen.","Wie bereiteten sich Kerry Fox, Christopher Eccleston und Ewan McGregor gemeinsam auf „Kleine Morde unter Freunden“ vor?","Sie wohnten vor den Dreharbeiten mehrere Wochen zusammen.","Sie entwickelten getrennt schriftliche Tagebücher und lasen sie einander vor.","Sie tauschten bei den Proben regelmäßig ihre Rollen untereinander.","Sie probten die gemeinsamen Szenen ausschließlich als Bühnenstück.","A","Die drei Hauptdarsteller lebten zur Vorbereitung einige Wochen in einer gemeinsamen Wohnung.","Kerry Fox, Christopher Eccleston und Ewan McGregor sollten eine bereits vertraute Wohngemeinschaft glaubwürdig wirken lassen. Deshalb lebten sie vor den Aufnahmen mehrere Wochen zusammen. Das gemeinsame Alltagsleben ergänzte die schauspielerische Vorbereitung um echte Routinen und Nähe. Für die spätere Handlung ist diese Grundlage wesentlich: Der Film zeigt, wie eine funktionierende Vertrautheit durch Geld, eine gemeinsame Tat und gegenseitiges Misstrauen beschädigt wird.","Die drei Hauptdarsteller lebten zur Vorbereitung einige Wochen in einer gemeinsamen Wohnung.","Die belegte Vorbereitung umfasste gemeinsames Wohnen, um die Vertrautheit zu fördern.","Ein dauernder Rollentausch ist nicht die dokumentierte gemeinsame Vorbereitung.","Die auffällige Vorbereitung war das Zusammenleben im Alltag, nicht eine ausschließlich theatrale Probe.","Echtes Zusammenwohnen bereitete die Film-WG vor.","keine","https://www.criterion.com/current/posts/2338-shallow-grave-a-film-called-cruel","quellengeprueft"
"F40-020-S2","K-F40-020-S2","","de","Film","Thriller","Kleine Morde unter Freunden","Shallow Grave","1994","","schwer","Technik","","","Den Herstellungsort der zentralen Wohnungskulisse kennen.","Wie entstand der zentrale Wohnungs-Innenraum für „Kleine Morde unter Freunden“?","Als Originalwohnung in Edinburgh ohne größere bauliche Eingriffe","Als Edinburgher Wohnungsnachbau in einer Glasgower Lagerhalle","Als zusammengesetzter Innenraum aus drei bewohnten Wohnungen in Edinburgh","Als umgebautes Bürogeschoss eines stillgelegten Hotels in Glasgow","B","Die Wohnung wurde nach einem Edinburgher Vorbild in einer Glasgower Lagerhalle nachgebaut.","Die zentrale Filmwohnung entstand als großzügiger Nachbau einer Wohnung in Edinburghs New Town. Gebaut wurde die Kulisse in einer Lagerhalle in Glasgow. Die Produktion konnte damit den wichtigsten gemeinsamen Raum der Figuren eigens gestalten. Das unterscheidet sich von der realen Wohnung, in der die Schauspieler zuvor zusammenlebten: Die eine diente der persönlichen Vorbereitung, die andere den Aufnahmen und der räumlichen Inszenierung.","Der zentrale Innenraum wurde als Kulisse in Glasgow nachgebaut.","Die Wohnung wurde nach einem Edinburgher Vorbild in einer Glasgower Lagerhalle nachgebaut.","Der Hauptinnenraum war ein eigens gebauter Nachbau, keine solche Kombination.","Die Kulisse entstand in einer Lagerhalle, nicht als Umbau eines Hotelgeschosses.","Edinburghs Filmwohnung wurde in Glasgow gebaut.","keine","https://www.criterion.com/current/posts/2338-shallow-grave-a-film-called-cruel","quellengeprueft"
"F40-020-Y","K-F40-020-Y","","de","Film","Thriller","Kleine Morde unter Freunden","Shallow Grave","1994","","schwer","Filmdaten","","","Das Jahr der ersten Veröffentlichung von Kleine Morde unter Freunden kennen.","Welches Jahr bezeichnet die erste Veröffentlichung von Danny Boyles „Kleine Morde unter Freunden“?","1990","1998","1994","2002","C","Kleine Morde unter Freunden wurde erstmals 1994 veröffentlicht.","Die erste Veröffentlichung der Filmfassung von Danny Boyle liegt 1994. Ein regulärer Kinostart im Jahr 1995 ist ein späterer Termin und ändert diese Einordnung nicht. Der Originaltitel Shallow Grave gehört hier zur Geschichte der drei schottischen Mitbewohner und ihres Geldfunds. Andere Filme mit demselben englischen Titel sind eigenständige Werke und keine frühere Veröffentlichung dieser Fassung.","1990 ist nicht das Jahr der ersten Veröffentlichung dieser Filmfassung.","1998 ist nicht das Jahr der ersten Veröffentlichung dieser Filmfassung.","Kleine Morde unter Freunden wurde erstmals 1994 veröffentlicht.","2002 ist nicht das Jahr der ersten Veröffentlichung dieser Filmfassung.","Erste Veröffentlichung: 1994.","keine","https://www.criterion.com/films/27981-shallow-grave|https://en.wikipedia.org/wiki/Shallow_Grave_(1994_film)","quellengeprueft"
"F40-020-D","K-F40-020-D","","de","Film","Thriller","Kleine Morde unter Freunden","Shallow Grave","1994","","mittel","Filmdaten","","","Den vollständigen Regiecredit von Kleine Morde unter Freunden kennen.","Wer führte bei „Kleine Morde unter Freunden“ mit Kerry Fox, Christopher Eccleston und Ewan McGregor Regie?","Guy Ritchie","Ken Loach","Mike Leigh","Danny Boyle","D","Danny Boyle führte Regie.","Danny Boyle inszenierte mit Shallow Grave seinen ersten Kinofilm. Der Fund eines Geldkoffers verändert eine vertraute Wohngemeinschaft und führt zu immer neuen Entscheidungen gegen die eigenen Freunde. Der Film verbindet diese Eskalation mit schwarzem Humor. Die Regiefrage erschließt damit Boyles Beginn im Spielfilmkino und ordnet die drei Hauptdarsteller einem konkreten Werk zu.","Guy Ritchie führte bei dieser Filmfassung nicht Regie.","Ken Loach führte bei dieser Filmfassung nicht Regie.","Mike Leigh führte bei dieser Filmfassung nicht Regie.","Danny Boyle führte Regie.","Regie: Danny Boyle.","keine","https://www.criterion.com/films/27981-shallow-grave|https://www.filmdienst.de/film/details/66051/kleine-morde-unter-freunden","quellengeprueft"
"F40-021-L1","K-F40-021-L1","","de","Film","Action","Free Fire","Free Fire","2016","","leicht","Handlung","Action","Action","Den Waffenkauf als Ausgangssituation des Films erkennen.","„Free Fire“ beginnt als Geschäftstreffen. Was soll zwischen den beiden Gruppen den Besitzer wechseln?","Eine Lieferung Schusswaffen","Ein Koffer mit Falschgeld","Ein gestohlener Diamant","Eine Lieferung Kokain","A","Die Gruppen treffen sich zu einem Waffendeal.","Chris (Cillian Murphy) und Frank (Michael Smiley) wollen Waffen erwerben. Justine (Brie Larson) vermittelt den Kontakt zu den Verkäufern. Die Ware ist bereits am Treffpunkt, doch aus dem scheinbar routinierten Geschäft wird eine Schießerei. Der Film zieht seine Spannung daraus, dass die zum Verkauf bestimmten Waffen plötzlich gegen die Beteiligten selbst gerichtet werden.","Die Gruppen treffen sich zu einem Waffendeal.","Falschgeld ist nicht die Ware dieses Treffens.","Der Deal betrifft keine Diamanten.","Die vereinbarte Ware sind Waffen, keine Drogen.","Free Fire: Die Ware wird zum Werkzeug der Eskalation.","Handlung","https://www.filmdienst.de/film/details/549476/free-fire|https://www.bfi.org.uk/sight-and-sound/reviews/free-fire-first-look","redaktionell_geprueft"
"F40-021-L2","K-F40-021-L2","","de","Film","Action","Free Fire","Free Fire","2016","","leicht","Handlung","Action","Action","Die verlassene Lagerhalle als konzentrierten Hauptschauplatz kennen.","Welcher Schauplatz hält die meisten Gegner in „Free Fire“ während der Schießerei räumlich zusammen?","Ein Hotel mit vielen Gästezimmern","Eine verlassene Lagerhalle","Ein fahrender Nachtzug","Ein unterirdisches Parkhaus","B","Die lange Schießerei spielt größtenteils in einer verlassenen Lagerhalle.","Der enge räumliche Rahmen macht jeden Deckungswechsel wichtig. Die Beteiligten können ihre Konflikte nicht durch einen einfachen Ortswechsel verlassen. Blicke, Zurufe und Bewegungen verbinden Gegner, die sich zeitweise kaum sehen. Der Film behandelt einen Waffendeal wie ein gefährliches Kammerspiel: Ein gemeinsamer Raum genügt, um Machtverhältnisse und Überlebenschancen immer wieder zu verändern.","Der Hauptkampf findet nicht in einem Hotel statt.","Die lange Schießerei spielt größtenteils in einer verlassenen Lagerhalle.","Es gibt keinen fahrenden Zug als Hauptschauplatz.","Die Lagerhalle ist kein Parkhaus.","Eine Halle, viele Waffen, kaum ein sicherer Rückzug.","Handlung","https://www.bfi.org.uk/sight-and-sound/reviews/free-fire-first-look","redaktionell_geprueft"
"F40-021-M1","K-F40-021-M1","","de","Film","Action","Free Fire","Free Fire","2016","","mittel","Handlung","Action","Action","Justines Vermittlerrolle zwischen Käufern und Waffenhändlern unterscheiden.","Welche Funktion hat Justine (Brie Larson) beim Treffen in „Free Fire“, bevor der Deal eskaliert?","Sie verkauft die Waffen aus ihrem eigenen Lager.","Sie stellt allein das Geld für den Kauf bereit.","Sie vermittelt zwischen Käufern und Verkäufern.","Sie beschafft heimlich Beweise für die Polizei.","C","Justine hat das Geschäft zwischen den beiden Seiten eingefädelt.","Justine (Brie Larson) bringt die Gruppen zusammen, ohne dadurch ihre Gegensätze zu beseitigen. Ihr Vermittlungsversuch steht zwischen Chris (Cillian Murphy) und den Waffenhändlern um Vernon (Sharlto Copley). Als persönliche Animositäten das Geschäft sprengen, erweist sich eine geschäftliche Verbindung als brüchig. Kontakte verschaffen Zugang zum Deal, garantieren aber keine Loyalität in der folgenden Schießerei.","Justine vermittelt die Verbindung; sie ist nicht die Besitzerin der angebotenen Lieferung.","Justine finanziert den Kauf nicht allein.","Justine hat das Geschäft zwischen den beiden Seiten eingefädelt.","Eine verdeckte Beweissammlung beschreibt ihre anfängliche Funktion nicht.","Justine stellt den Kontakt her; Kontrolle über alle besitzt sie nicht.","Handlung","https://www.bfi.org.uk/sight-and-sound/reviews/free-fire-first-look","redaktionell_geprueft"
"F40-021-M2","K-F40-021-M2","","de","Film","Action","Free Fire","Free Fire","2016","","mittel","Handlung","Action","Action","Eine persönliche Fehde unter den Begleitern als Eskalationsauslöser erkennen.","Was bringt den Waffendeal in „Free Fire“ endgültig zum Kippen?","Ein Streit über einen plötzlich erhöhten Kaufpreis","Ein versuchter Diebstahl des Geldkoffers","Eine Polizeirazzia nach einer anonymen Anzeige","Eine persönliche Fehde zwischen Begleitern beider Gruppen","D","Ein persönlicher Streit unter den Begleitern lässt das Geschäft in Gewalt umschlagen.","Die Waffenkäufer um Chris (Cillian Murphy) und die Händler um Vernon (Sharlto Copley) treffen sich für ein gemeinsames Geschäft. Begleiter beider Seiten bringen jedoch eine persönliche Fehde mit. Der Streit zieht die übrigen Bewaffneten in den Konflikt und lässt die Geschäftsroutine zusammenbrechen. Dadurch entstehen immer neue Fronten innerhalb desselben Raums: Die vorhandenen Waffen verschärfen eine private Auseinandersetzung zum tödlichen Gruppenchaos.","Der endgültige Gewaltausbruch entsteht aus einer persönlichen Fehde, nicht aus einer Preiserhöhung.","Ein Geldkofferdiebstahl ist nicht dieser Eskalationsauslöser.","Der entscheidende Konflikt entsteht unter den Anwesenden, nicht durch eine Razzia.","Ein persönlicher Streit unter den Begleitern lässt das Geschäft in Gewalt umschlagen.","Die Geschäftslogik scheitert an einer privaten Fehde.","Handlung","https://www.bfi.org.uk/sight-and-sound/reviews/free-fire-first-look","redaktionell_geprueft"
"F40-021-S1","K-F40-021-S1","","de","Film","Action","Free Fire","Free Fire","2016","","schwer","Produktion","Action","Action","Wheatleys Interesse an tatsächlichen Schusswechsel-Berichten als Ausgangspunkt kennen.","Welche Art realer Unterlagen regte Ben Wheatley zu „Free Fire“ an?","FBI-Berichte über tatsächliche Schusswechsel","Polizeiprotokolle über missglückte Undercover-Einsätze","Gerichtsakten über die Wege illegaler Waffenlieferungen","Vernehmungen von Geiseln nach bewaffneten Banküberfällen","A","Wheatley las FBI- und ballistische Berichte über reale Schusswechsel.","Ben Wheatley erklärte im Interview, wie stark sich echte Schusswechsel von vielen Kinobildern unterschieden. Besonders interessierte ihn das unübersichtliche, chaotische Geschehen. Daraus entwickelte er keine dokumentarische Nacherzählung eines einzelnen Falls, sondern eine fiktive Konfrontation in überschaubarem Raum. Die Recherche hilft zu verstehen, warum verletzte Körper, verfehlte Ordnung und wechselnde Positionen die Action prägen.","Wheatley las FBI- und ballistische Berichte über reale Schusswechsel.","Wheatley nennt Berichte über den Verlauf von Schusswechseln, nicht Undercover-Einsatzprotokolle.","Die geschilderte Anregung betrifft Schusswechsel statt des Schmuggelwegs der Waffen.","Geiselvernehmungen sind nicht die im Interview genannte Ausgangsrecherche.","Reale Schusswechsel lieferten die Idee für das filmische Chaos.","keine","https://www.interviewmagazine.com/film/ben-wheatley-free-fire","redaktionell_geprueft"
"F40-021-S2","K-F40-021-S2","","de","Film","Action","Free Fire","Free Fire","2016","","schwer","Produktion","Action","Action","Minecraft als räumliches Planungswerkzeug der Produktion kennen.","Mit welchem Computerspiel modellierte Ben Wheatley die Lagerhalle, um die Action von „Free Fire“ vorzubereiten?","Grand Theft Auto V","Minecraft","Portal 2","The Sims 4","B","Wheatley baute ein begehbares Hallenmodell in Minecraft.","Die Vorbereitung umfasste Storyboards, ein physisches Modell und einen digitalen Nachbau in Minecraft. So konnte das Team gemeinsam durch den geplanten Raum gehen und Blickrichtungen prüfen. Der Einsatz diente der räumlichen Verständigung über eine komplizierte Schießerei. Das Spiel ist dabei ein Werkzeug hinter den Kulissen; die Handlung des Films basiert nicht auf Minecraft.","GTA V war nicht das genannte Werkzeug für das Hallenmodell.","Wheatley baute ein begehbares Hallenmodell in Minecraft.","Portal 2 wurde hierfür nicht als Werkzeug genannt.","Das Modell entstand nicht mit The Sims 4.","Minecraft half, Deckung und Kamera im selben Raum zu planen.","keine","https://www.wired.com/2017/04/free-fire-minecraft-shootout-design/","redaktionell_geprueft"
"F40-021-Y","K-F40-021-Y","","de","Film","Action","Free Fire","Free Fire","2016","","mittel","Erscheinungsjahr","Action","Action","Die erste Veröffentlichung von „Free Fire“ dem Jahr 2016 zuordnen.","In welchem Jahr wurde „Free Fire“ erstmals veröffentlicht?","2008","2012","2016","2020","C","Die erste Veröffentlichung dieser Fassung war 2016.","„Free Fire“ erreichte sein Festivalpublikum 2016 in Toronto. Der deutsche Kinostart fand im folgenden Jahr statt. Die Geschichte selbst versetzt das Publikum dagegen in eine Welt der späten 1970er-Jahre. Veröffentlichungszeit, Handlungszeit und Länderstart sind deshalb drei unterschiedliche Angaben. Für die Jahresfrage zählt die erste öffentliche Veröffentlichung der Filmfassung.","2008 ist nicht das Jahr der ersten Veröffentlichung dieser Filmfassung.","2012 ist nicht das Jahr der ersten Veröffentlichung dieser Filmfassung.","Die erste Veröffentlichung dieser Fassung war 2016.","2020 ist nicht das Jahr der ersten Veröffentlichung dieser Filmfassung.","Free Fire: erste Veröffentlichung 2016.","keine","https://www.bfi.org.uk/sight-and-sound/reviews/free-fire-first-look|https://www.interviewmagazine.com/film/ben-wheatley-free-fire|https://www.filmdienst.de/film/details/549476/free-fire","redaktionell_geprueft"
"F40-021-D","K-F40-021-D","","de","Film","Action","Free Fire","Free Fire","2016","","mittel","Regie","Action","Action","Den vollständigen offiziellen Regiecredit von „Free Fire“ kennen.","Wer führte bei „Free Fire“ Regie?","Shane Black","Guy Ritchie","Matthew Vaughn","Ben Wheatley","D","Der offizielle Regiecredit lautet Ben Wheatley.","Ben Wheatley entwickelte mit Amy Jump das Drehbuch und den Schnitt von „Free Fire“. Die Regie konzentriert ein Ensemble in einem gemeinsamen Raum. Die Rollen wurden nach der Besetzung angepasst: Wheatley erklärte, dass er Vernon (Sharlto Copley) auf dessen südafrikanische Herkunft und Sprache zuschnitt. Eine konkrete Besetzungsentscheidung veränderte somit die Figur, während der räumliche Rahmen der Konfrontation bestehen blieb.","Shane Black ist nicht der offizielle Regiecredit dieses Films.","Guy Ritchie ist nicht der offizielle Regiecredit dieses Films.","Matthew Vaughn ist nicht der offizielle Regiecredit dieses Films.","Der offizielle Regiecredit lautet Ben Wheatley.","Free Fire: Regie Ben Wheatley.","keine","https://www.filmdienst.de/film/details/549476/free-fire|https://www.interviewmagazine.com/film/ben-wheatley-free-fire","redaktionell_geprueft"
"F40-022-L1","K-F40-022-L1","","de","Film","Action","The Way of the Gun","The Way of the Gun","2000","","leicht","Handlung","Action","Action","Die hochschwangere Leihmutter als Entführungsopfer kennen.","Wen entführen Parker (Ryan Phillippe) und Longbaugh (Benicio del Toro) in „The Way of the Gun“?","Eine hochschwangere Leihmutter","Die Anwältin eines Drogenkartells","Die Tochter eines Polizeichefs","Eine verdeckte Ermittlerin","A","Die beiden entführen die hochschwangere Leihmutter Robin.","Robin (Juliette Lewis) soll als Leihmutter ein Kind für den reichen Hale Chidduck (Scott Wilson) und seine Frau Francesca (Kristin Lehman) austragen. Parker (Ryan Phillippe) und Longbaugh (Benicio del Toro) rechnen deshalb mit einer hohen Lösegeldzahlung. Die Schwangerschaft bringt ihnen zugleich eine besonders verletzliche Geisel. Ihre Kalkulation setzt voraus, dass die Auftraggeber das Kind um jeden Preis zurückhaben wollen.","Die beiden entführen die hochschwangere Leihmutter Robin.","Die Entführte arbeitet nicht als Kartellanwältin.","Gesucht ist die Leihmutter, nicht die Tochter eines Polizeichefs.","Robin ist in dieser Ausgangslage keine verdeckte Ermittlerin.","Die Geisel ist eine schwangere Leihmutter, kein beliebiger Geldpfand.","Handlung","https://www.filmdienst.de/film/details/514362/way-of-the-gun|https://en.wikipedia.org/wiki/The_Way_of_the_Gun","redaktionell_geprueft"
"F40-022-L2","K-F40-022-L2","","de","Film","Action","The Way of the Gun","The Way of the Gun","2000","","leicht","Handlung","Action","Action","Lösegeld als ursprüngliches Ziel der Entführung erkennen.","Was wollen die beiden Entführer in „The Way of the Gun“ von dem reichen Auftraggeber erzwingen?","Die Übergabe eines illegalen Waffenlagers","Die Zahlung von Lösegeld","Die Freilassung eines inhaftierten Anführers","Die Vernichtung belastender Ermittlungsakten","B","Sie wollen den vermeintlichen Vater des Kindes um Lösegeld erpressen.","Der Plan beginnt mit einer finanziellen Kalkulation: Die Entführer rechnen damit, dass der wohlhabende Auftraggeber für das ungeborene Kind zahlen wird. Damit machen sie sich von Annahmen über Elternschaft und Loyalität abhängig. Als mehrere Beteiligte eigene Absichten verfolgen, reicht die einfache Gleichung Geisel gegen Geld nicht mehr aus, um den weiteren Verlauf zu kontrollieren.","Ein Waffenlager ist nicht die verlangte Gegenleistung.","Sie wollen den vermeintlichen Vater des Kindes um Lösegeld erpressen.","Die Entführung soll keinen Gefangenen freibekommen.","Es geht zunächst um Geld, nicht um die Vernichtung von Akten.","Der große Coup soll Geld bringen; die Beziehungen machen ihn kompliziert.","Handlung","https://www.filmdienst.de/film/details/514362/way-of-the-gun","redaktionell_geprueft"
"F40-022-M1","K-F40-022-M1","","de","Film","Action","The Way of the Gun","The Way of the Gun","2000","","mittel","Handlung","Action","Action","Dr. Painter als tatsächlichen Vater von Robins Kind einordnen.","Warum verändert Robins (Juliette Lewis) Auskunft über den Arzt in „The Way of the Gun“ den scheinbar einfachen Entführungsplan?","Der Arzt hat die beiden Entführer angeheuert.","Der Arzt ist ein verkleideter Polizeikommissar.","Der Arzt ist der tatsächliche Vater ihres Kindes.","Der Arzt ist Robins verschollen geglaubter Bruder.","C","Robin enthüllt, dass Dr. Allen Painter der Vater ihres Kindes ist.","Dr. Allen Painter (Dylan Kussman) erscheint zunächst als Arzt der Leihmutter Robin (Juliette Lewis). Sie enthüllt jedoch, dass der Embryo der Auftraggeberin Francesca Chidduck (Kristin Lehman) nicht angewachsen ist und Painter selbst der Vater ist. Painter ist außerdem der Sohn des reichen Hale Chidduck (Scott Wilson). Der vermeintlich externe Helfer gehört somit persönlich zur Familiengeschichte, um die das Lösegeldgeschäft kreist.","Painter hat die Entführer nicht für diesen Coup angeheuert.","Er ist kein verkleideter Polizeikommissar.","Robin enthüllt, dass Dr. Allen Painter der Vater ihres Kindes ist.","Die enthüllte Beziehung ist Vaterschaft, keine Geschwisterschaft.","Der behandelnde Arzt ist persönlich Teil der Familiengeschichte.","Auflösung","https://en.wikipedia.org/wiki/The_Way_of_the_Gun","redaktionell_geprueft"
"F40-022-M2","K-F40-022-M2","","de","Film","Action","The Way of the Gun","The Way of the Gun","2000","","mittel","Handlung","Action","Action","Sarnos ruhige Verhandlung als Alternative zur sofortigen Eskalation kennen.","„The Way of the Gun“: Wie reagiert Joe Sarno (James Caan) auf Longbaughs (Benicio del Toro) Ablehnung seines Geldangebots?","Er beendet das Treffen und lässt Longbaugh sofort verfolgen.","Er bietet ihm eine Beteiligung am Geschäft seines Auftraggebers an.","Er droht, Robin ohne Rücksicht auf das Kind befreien zu lassen.","Er setzt das Gespräch bei einem Kaffee fort.","D","Trotz der Ablehnung sprechen Sarno und Longbaugh bei einem Kaffee weiter.","Joe Sarno (James Caan) arbeitet für den erpressten Hale Chidduck (Scott Wilson). Er bietet Longbaugh (Benicio del Toro) Geld an, damit dieser die Entführung beendet. Nach dessen Ablehnung trinken beide trotzdem Kaffee und sprechen über ihr kriminelles Handwerk. Sarno lässt die Entführer anschließend weiter beobachten. Das ruhige Gespräch ist also Teil der Auseinandersetzung: Eine gemeinsame Sprache hebt ihre gegensätzlichen Interessen nicht auf.","Sarno beendet den Kontakt nicht mit einer sofortigen Verfolgung.","Das anschließende Gespräch ist kein Beteiligungsangebot.","Er reagiert in dieser Szene mit einem Kaffeeangebot statt dieser Drohung.","Trotz der Ablehnung sprechen Sarno und Longbaugh bei einem Kaffee weiter.","Sarno verhandelt weiter, obwohl das Angebot ausgeschlagen wird.","Handlung","https://en.wikipedia.org/wiki/The_Way_of_the_Gun|https://cinema.com/articles/303/way-of-the-gun-the-interview-with-christopher-mcquarrie.phtml","redaktionell_geprueft"
"F40-022-S1","K-F40-022-S1","","de","Film","Action","The Way of the Gun","The Way of the Gun","2000","","schwer","Filmgeschichte","Action","Action","Parker/Longbaugh als Verweis auf Butch Cassidy und Sundance Kid kennen.","Auf welche berühmten Westernfiguren verweisen die Namen Parker und Longbaugh in „The Way of the Gun“?","Butch Cassidy und Sundance Kid","Jesse James und Frank James","Wyatt Earp und Doc Holliday","Billy the Kid und Pat Garrett","A","Parker und Longbaugh sind die bürgerlichen Nachnamen von Butch Cassidy und Sundance Kid.","Christopher McQuarrie bestätigte den bewussten Bezug im Interview. Robert LeRoy Parker war als Butch Cassidy bekannt, Harry Alonzo Longbaugh als Sundance Kid. Die Wahl ist kein zufälliges Westernetikett. Sie setzt die modernen Gangster in Beziehung zu einem berühmten Kino- und Räuberpaar, ohne dessen Abenteuer einfach nachzuerzählen. Der Bezug hilft, die Westernanteile des Films zu erkennen.","Parker und Longbaugh sind die bürgerlichen Nachnamen von Butch Cassidy und Sundance Kid.","Die beiden Namen gehören nicht zu Jesse und Frank James.","Earp und Holliday sind nicht das angesprochene Vorbildpaar.","Billy the Kid und Pat Garrett trugen diese Namen nicht.","Parker und Longbaugh tragen die Namen hinter Butch und Sundance.","keine","https://cinema.com/articles/303/way-of-the-gun-the-interview-with-christopher-mcquarrie.phtml","redaktionell_geprueft"
"F40-022-S2","K-F40-022-S2","","de","Film","Action","The Way of the Gun","The Way of the Gun","2000","","schwer","Produktion","Action","Action","Modellgestützte taktische Planung mit Navy-SEAL-Beratung als Produktionsverfahren kennen.","Wie bereitete Christopher McQuarrie die Taktik des letzten Schusswechsels in „The Way of the Gun“ vor?","Mit einem Polizeiausbilder bei einer Probe im nachgebauten Tatort","Mit seinem Navy-SEAL-Bruder an einem Lageplan mit Spielfiguren","Mit seinem Stuntteam an einer digitalen Simulation des Schauplatzes","Mit einem Waffenexperten anhand nachgestellter historischer Schusswechsel","B","McQuarrie plante den Kampf mit seinem Navy-SEAL-Bruder Doug an einem Lageplan mit Spielfiguren.","Der Regisseur schilderte, wie er und sein Bruder Bewegungen und Gegenbewegungen auf dem Plan ausprobierten. Ein Storyboardzeichner hielt die Abläufe fest. Daraus ergaben sich auch die Kamerawinkel. Die militärische Beratung diente nicht nur der richtigen Haltung einer Waffe, sondern dem nachvollziehbaren Verhalten von Gegnern, die auf die jeweilige Position der anderen reagieren müssen.","Die geschilderte Planung nutzt einen Lageplan und seinen Bruder, keine Tatortprobe mit einem Polizeiausbilder.","McQuarrie plante den Kampf mit seinem Navy-SEAL-Bruder Doug an einem Lageplan mit Spielfiguren.","Das Interview beschreibt Plastikfiguren auf einem Plan, keine digitale Simulation.","Sie entwickelten eigene Gegenbewegungen; die Sequenz übernahm keinen nachgestellten historischen Ablauf.","Erst Position und Gegenbewegung, dann Kamerawinkel.","keine","https://cinema.com/articles/303/way-of-the-gun-the-interview-with-christopher-mcquarrie.phtml","redaktionell_geprueft"
"F40-022-Y","K-F40-022-Y","","de","Film","Action","The Way of the Gun","The Way of the Gun","2000","","mittel","Erscheinungsjahr","Action","Action","Die erste Veröffentlichung von „The Way of the Gun“ dem Jahr 2000 zuordnen.","In welchem Jahr wurde „The Way of the Gun“ erstmals veröffentlicht?","1992","1996","2000","2008","C","Die erste Veröffentlichung dieser Fassung war 2000.","„The Way of the Gun“ wurde 2000 veröffentlicht. Die Filmhandlung greift klassische Gangster- und Westernmotive auf, ist aber kein historischer Western. Die beiden Entführer tragen bewusst Namen, die auf Butch Cassidy und Sundance Kid verweisen. Veröffentlichungsjahr und filmgeschichtlicher Bezug dürfen daher nicht miteinander verwechselt werden.","1992 ist nicht das Jahr der ersten Veröffentlichung dieser Filmfassung.","1996 ist nicht das Jahr der ersten Veröffentlichung dieser Filmfassung.","Die erste Veröffentlichung dieser Fassung war 2000.","2008 ist nicht das Jahr der ersten Veröffentlichung dieser Filmfassung.","The Way of the Gun: erste Veröffentlichung 2000.","keine","https://en.wikipedia.org/wiki/The_Way_of_the_Gun|https://cinema.com/articles/303/way-of-the-gun-the-interview-with-christopher-mcquarrie.phtml","redaktionell_geprueft"
"F40-022-D","K-F40-022-D","","de","Film","Action","The Way of the Gun","The Way of the Gun","2000","","mittel","Regie","Action","Action","Den vollständigen offiziellen Regiecredit von „The Way of the Gun“ kennen.","Wer führte bei „The Way of the Gun“ Regie?","David Fincher","John Dahl","James Gray","Christopher McQuarrie","D","Der offizielle Regiecredit lautet Christopher McQuarrie.","Christopher McQuarrie verfasste auch das Drehbuch von „The Way of the Gun“. Im Gespräch über den Film betonte er sein Interesse an Figuren, deren Handlungen aus professioneller Logik entstehen. Die Taktik der Schusswechsel wurde vorab mit Beratung ausgearbeitet. Regie, Schreiben und Vorbereitung der räumlichen Action greifen in diesem Film deshalb eng ineinander.","David Fincher ist nicht der offizielle Regiecredit dieses Films.","John Dahl ist nicht der offizielle Regiecredit dieses Films.","James Gray ist nicht der offizielle Regiecredit dieses Films.","Der offizielle Regiecredit lautet Christopher McQuarrie.","The Way of the Gun: Regie Christopher McQuarrie.","keine","https://www.filmdienst.de/film/details/514362/way-of-the-gun|https://cinema.com/articles/303/way-of-the-gun-the-interview-with-christopher-mcquarrie.phtml","redaktionell_geprueft"
"F40-023-L1","K-F40-023-L1","","de","Film","Action","Bunraku","Bunraku","2010","","leicht","Handlung","Action","Action","Das Feuerwaffenverbot als Grundlage der Actionwelt kennen.","Welche Regel prägt die Kämpfe in der Welt von „Bunraku“?","Feuerwaffen sind verboten.","Jeder Kampf muss in einer Arena stattfinden.","Nur die Polizei darf Schwerter tragen.","Kämpfe sind ausschließlich nachts erlaubt.","A","In dieser Welt sind Feuerwaffen verboten, Gewalt besteht aber weiter.","Das Verbot beseitigt den Machtkampf nicht. Fäuste und Klingen übernehmen die Funktion, die in anderen Actionfilmen Schusswaffen haben. Der Drifter (Josh Hartnett) und Yoshi (Gackt) müssen sich innerhalb dieser Ordnung behaupten. So kann der Film Westernmotive mit Samurai- und Martial-Arts-Bildern verbinden, ohne seine Konfrontationen durch gewöhnliche Feuergefechte aufzulösen.","In dieser Welt sind Feuerwaffen verboten, Gewalt besteht aber weiter.","Eine Arena-Pflicht ist nicht die Regel dieser Welt.","Schwerter sind nicht ausschließlich der Polizei vorbehalten.","Ein Nachtkampfgebot bildet nicht die Ausgangslage.","Keine Feuerwaffen bedeutet in Bunraku noch keinen Frieden.","Handlung","https://www.filmdienst.de/film/details/538787/bunraku|https://en.wikipedia.org/wiki/Bunraku_(film)","redaktionell_geprueft"
"F40-023-L2","K-F40-023-L2","","de","Film","Action","Bunraku","Bunraku","2010","","leicht","Handlung","Action","Action","Nicola den Holzfäller als despotischen Gegenspieler erkennen.","Gegen wen verbünden sich der Drifter (Josh Hartnett) und Yoshi (Gackt) in „Bunraku“?","Den Befehlshaber eines besetzenden Heeres","Nicola, den als Holzfäller bekannten Machthaber","Das Oberhaupt einer konkurrierenden Samurai-Sippe","Den Chef einer bewaffneten Händlergilde","B","Sie wollen die Herrschaft von Nicola, dem Holzfäller, brechen.","Nicola (Ron Perlman) beherrscht das Gebiet durch Gewalt und seine Gefolgsleute. Der Drifter (Josh Hartnett) und Yoshi (Gackt) haben unterschiedliche Anliegen, können dem Gegner aber gemeinsam entgegentreten. Der Barkeeper (Woody Harrelson) verbindet ihre Wege. Die Zusammenarbeit macht aus einzelnen Fremden eine Gegenkraft zu einer Herrschaft, die von der Angst der Bewohner lebt.","Das Ziel ist Nicola und seine Gewaltherrschaft, kein Besatzungsheer.","Sie wollen die Herrschaft von Nicola, dem Holzfäller, brechen.","Eine andere Samurai-Sippe ist nicht der zentrale gemeinsame Gegner.","Die Allianz richtet sich gegen Nicola, nicht eine Händlergilde.","Zwei Fremde und ein Barkeeper stellen sich dem Holzfäller entgegen.","Handlung","https://www.filmdienst.de/film/details/538787/bunraku","redaktionell_geprueft"
"F40-023-M1","K-F40-023-M1","","de","Film","Action","Bunraku","Bunraku","2010","","mittel","Handlung","Action","Action","Yoshis Suche nach dem gestohlenen Familienmedaillon als eigenes Anliegen kennen.","Welches persönliche Anliegen führt Yoshi (Gackt) in die Stadt von „Bunraku“?","Er will seinen verschwundenen Bruder aus der Gefangenschaft befreien.","Er will den verstoßenen Anführer seines Clans rehabilitieren.","Er will ein gestohlenes Medaillon seiner Familie zurückholen.","Er will das gestohlene Schwert seines Lehrers wiederfinden.","C","Yoshi will das gestohlene Medaillon seines Clans zurückgewinnen.","Yoshi (Gackt) sucht ein Medaillon, das seinem Clan gestohlen wurde. Er folgt dabei dem letzten Wunsch seines Vaters und reist deshalb mit einer persönlichen Verpflichtung in die fremde Stadt. Dort verbindet sich seine Suche mit dem Drifter (Josh Hartnett) und dem Widerstand gegen Nicola (Ron Perlman). Die gemeinsame Allianz lässt Yoshis eigenes Anliegen bestehen: Der Kampf gegen den Machthaber soll auch das Medaillon zurückbringen.","Yoshis erklärtes Anliegen ist das Medaillon, nicht ein gefangener Bruder.","Er reist nicht zur Rehabilitation eines Clanführers.","Yoshi will das gestohlene Medaillon seines Clans zurückgewinnen.","Gesucht ist das Familienmedaillon, kein Schwert seines Lehrers.","Yoshi sucht das Medaillon; die Allianz entsteht unterwegs.","Handlung","https://en.wikipedia.org/wiki/Bunraku_(film)","redaktionell_geprueft"
"F40-023-M2","K-F40-023-M2","","de","Film","Action","Bunraku","Bunraku","2010","","mittel","Handlung","Action","Action","Den Tod des Vaters als zuletzt enthülltes Rachemotiv des Drifters kennen.","Welches persönliche Motiv enthüllt der Drifter (Josh Hartnett) Nicola im Finale von „Bunraku“?","Nicola hält seinen Bruder gefangen.","Nicola hat ihn um einen versprochenen Lohn betrogen.","Nicola hat den letzten Besitz seiner Familie geraubt.","Nicola hat seinen Vater getötet.","D","Der Drifter ist gekommen, um den von Nicola getöteten Vater zu rächen.","Der Drifter (Josh Hartnett) tritt zunächst als rätselhafter Fremder auf. Erst gegenüber dem besiegten Nicola (Ron Perlman) erklärt er seine persönliche Geschichte: Nicola hat seinen Vater getötet. Seine Allianz mit Yoshi (Gackt) richtet sich damit aus einem anderen Grund gegen denselben Gegner. Yoshi sucht das Medaillon seines Clans; der Drifter will einen familiären Verlust rächen.","Der Drifter enthüllt den Tod seines Vaters, keine Gefangenschaft seines Bruders.","Ein unbezahlter Auftrag erklärt seine enthüllte Rache nicht.","Die konkrete persönliche Enthüllung betrifft den ermordeten Vater.","Der Drifter ist gekommen, um den von Nicola getöteten Vater zu rächen.","Yoshi sucht das Medaillon; der Drifter rächt seinen Vater.","Auflösung","https://en.wikipedia.org/wiki/Bunraku_(film)","redaktionell_geprueft"
"F40-023-S1","K-F40-023-S1","","de","Film","Action","Bunraku","Bunraku","2010","","schwer","Filmgeschichte","Action","Action","Den Titelbezug auf traditionelles japanisches Puppentheater kennen.","Auf welche Kunstform spielt der Titel „Bunraku“ an?","Traditionelles japanisches Puppentheater","Koreanisches Schattentheater","Chinesische Landschaftsmalerei","Indonesischen Maskentanz","A","Bunraku bezeichnet eine traditionelle japanische Form des Puppentheaters.","Im traditionellen Bunraku wirken Puppenspiel, Erzählstimme und Musik zusammen. Guy Moshes Film übernimmt daraus einen Bezug für seine bewusst künstlich gestaltete Welt. Die Darsteller bleiben Menschen; der Titel macht aus dem Werk keinen Puppenfilm. Er lenkt den Blick auf die bühnenhafte Anordnung, das sichtbare Arrangement und die Verbindung verschiedener Ausdrucksformen.","Bunraku bezeichnet eine traditionelle japanische Form des Puppentheaters.","Der Name bezeichnet nicht koreanisches Schattentheater.","Bunraku ist keine Bezeichnung chinesischer Landschaftsmalerei.","Der Titel meint keinen indonesischen Maskentanz.","Der Titel verweist aufs Puppentheater; der Film arbeitet mit Menschen.","keine","https://www.bunka.go.jp/prmagazine/english/publications/theatre/theatre_002.html|https://en.wikipedia.org/wiki/Bunraku_(film)","redaktionell_geprueft"
"F40-023-S2","K-F40-023-S2","","de","Film","Action","Bunraku","Bunraku","2010","","schwer","Produktion","Action","Action","Toshirō Mifune als ausdrücklich genannten Bezug für selbst ausgeführte Action kennen.","Welchen klassischen Actiondarsteller nannte Stuntkoordinator Clayton Barber als Vorbild für die körperliche Präsenz der Hauptdarsteller in „Bunraku“?","Bruce Lee","Toshirō Mifune","Jackie Chan","Sonny Chiba","B","Barber nannte Toshirō Mifune als Beispiel für körperliche Präsenz und eigene Stuntarbeit.","Clayton Barber wollte Josh Hartnett und Gackt schon vor dem Dreh für die Action trainieren. Als Bezug nannte er Toshirō Mifune und dessen körperliche Präsenz in klassischen Filmen. Die Hauptdarsteller sollten möglichst viel selbst kämpfen, sodass Figur und Bewegung zusammengehörten. Der Vergleich erklärt einen konkreten Wunsch des Teams: Man sollte dieselbe Person beim Spiel und bei der körperlichen Aktion wiedererkennen.","Barber nennt Mifune ausdrücklich als Beispiel, nicht Bruce Lee.","Barber nannte Toshirō Mifune als Beispiel für körperliche Präsenz und eigene Stuntarbeit.","Jackie Chan ist nicht das in dieser Erklärung genannte klassische Vorbild.","Sonny Chiba ist nicht Barbers ausdrücklich genanntes Beispiel.","Mifunes körperliche Präsenz war ein Bezug für Bunrakus Hauptdarsteller.","keine","https://tiffmidnightmadness.blogspot.com/2010/09/fighting-words-from-bunrakus-men-of.html?m=1","redaktionell_geprueft"
"F40-023-Y","K-F40-023-Y","","de","Film","Action","Bunraku","Bunraku","2010","","mittel","Erscheinungsjahr","Action","Action","Die erste Veröffentlichung von „Bunraku“ dem Jahr 2010 zuordnen.","In welchem Jahr wurde „Bunraku“ erstmals veröffentlicht?","2002","2006","2010","2018","C","Die erste Veröffentlichung dieser Fassung war 2010.","„Bunraku“ hatte seine Weltpremiere 2010 im Midnight-Madness-Programm des Toronto International Film Festival. Veröffentlichungen im regulären Kino folgten später, weshalb auch 2011 mit dem Film verbunden ist. Für diese Frage zählt die erste Festivalveröffentlichung. Die stilisierte Welt mit dem Feuerwaffenverbot besitzt dagegen keine ausdrücklich gleichzusetzende reale Handlungsjahreszahl.","2002 ist nicht das Jahr der ersten Veröffentlichung dieser Filmfassung.","2006 ist nicht das Jahr der ersten Veröffentlichung dieser Filmfassung.","Die erste Veröffentlichung dieser Fassung war 2010.","2018 ist nicht das Jahr der ersten Veröffentlichung dieser Filmfassung.","Bunraku: erste Veröffentlichung 2010.","keine","https://tiffmidnightmadness.blogspot.com/2010/09/fighting-words-from-bunrakus-men-of.html?m=1|https://en.wikipedia.org/wiki/Bunraku_(film)","redaktionell_geprueft"
"F40-023-D","K-F40-023-D","","de","Film","Action","Bunraku","Bunraku","2010","","mittel","Regie","Action","Action","Den vollständigen offiziellen Regiecredit von „Bunraku“ kennen.","Wer führte bei „Bunraku“ Regie?","Sngmoo Lee","Ryuhei Kitamura","Takashi Miike","Guy Moshe","D","Der offizielle Regiecredit lautet Guy Moshe.","Guy Moshe schrieb und inszenierte „Bunraku“. Nach den Schilderungen des Stuntteams war die Action ein wesentlicher Teil seiner Regievorstellung. Jeder Kampf sollte einen eigenen Verlauf und Rhythmus erhalten. Die bühnenhafte Gestaltung lässt sich deshalb nicht auf die Kulissen reduzieren: Auch Bewegungen, Darstellertraining und Choreografie tragen zur künstlich komponierten Welt bei.","Sngmoo Lee ist nicht der offizielle Regiecredit dieses Films.","Ryuhei Kitamura ist nicht der offizielle Regiecredit dieses Films.","Takashi Miike ist nicht der offizielle Regiecredit dieses Films.","Der offizielle Regiecredit lautet Guy Moshe.","Bunraku: Regie Guy Moshe.","keine","https://www.filmdienst.de/film/details/538787/bunraku|https://tiffmidnightmadness.blogspot.com/2010/09/fighting-words-from-bunrakus-men-of.html?m=1","redaktionell_geprueft"
"F40-024-L1","K-F40-024-L1","","de","Film","Action","Surviving the Game","Surviving the Game","1994","","leicht","Handlung","Action","Action","Das Angebot als Jagdhelfer als Köder für die Menschenjagd erkennen.","Welchen angeblichen Job nimmt Jack Mason (Ice-T) in „Surviving the Game“ an?","Er soll wohlhabende Männer bei einem Jagdausflug unterstützen.","Er soll ein abgelegenes Ferienhaus als Hausmeister betreuen.","Er soll einen Wissenschaftler auf einer Expedition begleiten.","Er soll Vorräte zu einer entfernten Berghütte transportieren.","A","Mason nimmt einen vermeintlichen Job als Jagdhelfer an.","Jack Mason (Ice-T) braucht einen Ausweg aus seiner unsicheren Lage. Das Arbeitsangebot von Thomas Burns (Rutger Hauer) erscheint zunächst als Chance, wieder Geld zu verdienen. Abseits der Stadt wird aus dieser Aussicht eine Falle. Die Täuschung nutzt nicht nur räumliche Isolation, sondern auch den Umstand, dass jemand in großer Not ein scheinbar vernünftiges Angebot annehmen kann.","Mason nimmt einen vermeintlichen Job als Jagdhelfer an.","Die angebotene Aufgabe ist Jagdbegleitung, keine Hausmeisterstelle.","Mason wird nicht für eine wissenschaftliche Expedition angeworben.","Ein bloßer Vorratstransport ist nicht der angebliche Job.","Das Jobangebot bringt Mason an den Ort der Jagd.","Handlung","https://www.filmdienst.de/film/details/64863/surviving-the-game|https://en.wikipedia.org/wiki/Surviving_the_Game","redaktionell_geprueft"
"F40-024-L2","K-F40-024-L2","","de","Film","Action","Surviving the Game","Surviving the Game","1994","","leicht","Handlung","Action","Action","Mason als menschliche Beute statt Begleiter der Jagd erkennen.","Was macht die Jagdgesellschaft in „Surviving the Game“ aus ihrem neuen Helfer?","Sie wählt ihn zu ihrem bezahlten Anführer.","Sie erklärt ihn zur menschlichen Beute.","Sie setzt ihn als Schiedsrichter eines Wettbewerbs ein.","Sie bildet ihn zum Wildhüter aus.","B","Die Männer wollen Mason selbst jagen und töten.","Jack Mason (Ice-T) soll kein Tier aufspüren, sondern wird zum Ziel einer Menschenjagd. Die wohlhabenden Teilnehmer betrachten sein Leben als verfügbare Unterhaltung. Die Ausgangslage stellt damit eine extreme Ungleichheit her: Die Jäger besitzen Waffen und kennen den Ort, während Mason ohne vergleichbare Vorbereitung fliehen muss. Sein Widerstand beginnt mit dem Erkennen dieser wirklichen Spielregeln.","Die Männer machen ihn nicht zu ihrem Anführer.","Die Männer wollen Mason selbst jagen und töten.","Er soll nicht neutral einen Wettbewerb leiten.","Eine Ausbildung zum Wildhüter ist nicht ihre Absicht.","Der vermeintliche Helfer ist die ausgewählte Beute.","Handlung","https://www.filmdienst.de/film/details/64863/surviving-the-game","redaktionell_geprueft"
"F40-024-M1","K-F40-024-M1","","de","Film","Action","Surviving the Game","Surviving the Game","1994","","mittel","Handlung","Action","Action","Die aufbewahrten Köpfe früherer Opfer als Beweis vergangener Menschenjagden kennen.","Was entdeckt Mason (Ice-T) bei seiner Rückkehr zur Hütte in „Surviving the Game“?","Ein Versteck mit Ausweisen vermisster Wanderer","Einen Raum mit Aufzeichnungen früherer Überfälle","Eine Sammlung präparierter Köpfe früherer Opfer","Ein Waffenlager mit beschrifteten Polizeiuniformen","C","Mason findet menschliche Köpfe als Trophäen früherer Jagden.","Die Trophäen zeigen Jack Mason (Ice-T), dass er nicht das erste Opfer dieser Gruppe ist. Hinter dem als Ausflug getarnten Angebot steht eine wiederholte Praxis. Die Entdeckung verändert den Blick auf die vermeintliche Gastfreundschaft der ersten Nacht. Ein vertrautes Jagdmotiv, die ausgestellte Beute, wird hier zum Beweis dafür, dass Menschen systematisch wie Wild behandelt werden.","Die Entdeckung sind präparierte Köpfe, keine Sammlung von Ausweisen.","Mason findet menschliche Jagdtrophäen statt bloßer Überfallsaufzeichnungen.","Mason findet menschliche Köpfe als Trophäen früherer Jagden.","Polizeiuniformen sind nicht die entscheidende Entdeckung in diesem Raum.","Die Trophäen beweisen: Mason ist nicht ihr erstes Opfer.","Auflösung","https://en.wikipedia.org/wiki/Surviving_the_Game","redaktionell_geprueft"
"F40-024-M2","K-F40-024-M2","","de","Film","Action","Surviving the Game","Surviving the Game","1994","","mittel","Handlung","Action","Action","Griffins Rachemotiv nach dem Tod seiner Tochter verstehen.","Welcher persönliche Verlust erklärt Griffins (John C. McGinley) Beteiligung an der Jagd in „Surviving the Game“?","Seine Frau starb bei einem bewaffneten Überfall.","Sein Sohn wurde Opfer eines unaufgeklärten Entführungsfalls.","Sein Bruder kam bei einem Brandanschlag ums Leben.","Seine Tochter wurde von einem Obdachlosen getötet.","D","Griffin will seinen Zorn über die Tötung seiner Tochter an einem anderen Obdachlosen auslassen.","Griffin (John C. McGinley) jagt Jack Mason (Ice-T), weil ein anderer Obdachloser seine Tochter getötet hat. Er versteht Masons Aussage über den Tod von dessen Frau und Tochter zunächst als Mordgeständnis. Tatsächlich starben Masons Angehörige bei einem Wohnungsbrand, ohne dass er sie retten konnte. Die neue Erkenntnis erschüttert Griffins pauschalen Hass; er will die Jagd danach nicht fortsetzen.","Griffin berichtet vom Tod seiner Tochter, nicht seiner Frau bei einem Überfall.","Der getötete Angehörige ist seine Tochter, nicht ein entführter Sohn.","Ein Brandanschlag auf seinen Bruder ist nicht der genannte Verlust.","Griffin will seinen Zorn über die Tötung seiner Tochter an einem anderen Obdachlosen auslassen.","Griffin verwechselt Masons Lage mit der Schuld eines anderen.","Auflösung","https://en.wikipedia.org/wiki/Surviving_the_Game","redaktionell_geprueft"
"F40-024-S1","K-F40-024-S1","","de","Film","Action","Surviving the Game","Surviving the Game","1994","","schwer","Handlung","Action","Action","Den Widerstand des Sohnes gegen die vom Vater erzwungene Jagdteilnahme erkennen.","Welche Haltung trennt die beiden Wolfes in „Surviving the Game“ zu Beginn der Menschenjagd?","Der Sohn ist entsetzt; sein Vater drängt ihn zur Teilnahme.","Der Vater will aussteigen; der Sohn zwingt ihn weiterzujagen.","Beide versuchen von Beginn an, Mason heimlich zu retten.","Beide halten Mason bis zum Ende für einen Tierfänger.","A","Wolfe Junior ist entsetzt über den geplanten Mord, wird aber von seinem Vater gedrängt.","Derek Wolfe Junior (William McNamara) reagiert anders auf die Menschenjagd als sein Vater (F. Murray Abraham). Die gemeinsame Reise bedeutet nicht, dass beide denselben Willen besitzen. Der familiäre Druck zieht den Sohn in die Gewalt hinein. Der Film macht damit einen weiteren Antrieb der Jagd sichtbar: Neben Lust und Rache kann auch erzwungene Zugehörigkeit die Teilnahme bestimmen.","Wolfe Junior ist entsetzt über den geplanten Mord, wird aber von seinem Vater gedrängt.","Der Vater treibt den Sohn an, nicht umgekehrt.","Sie organisieren nicht von Beginn an eine geheime Rettung.","Sie erfahren, dass Mason die menschliche Beute ist.","Wolfe Junior soll die Härte seines Vaters übernehmen.","Handlung","https://en.wikipedia.org/wiki/Surviving_the_Game","redaktionell_geprueft"
"F40-024-S2","K-F40-024-S2","","de","Film","Action","Surviving the Game","Surviving the Game","1994","","schwer","Handlung","Action","Action","Masons Sabotage der Waffe als letzte Umkehr von Jäger und Beute kennen.","Was führt im Finale von „Surviving the Game“ zu Burns’ (Rutger Hauer) Tod?","Mason erschießt ihn aus dem Hinterhalt mit einer zweiten Pistole.","Mason hat die Pistole manipuliert, sodass der Schuss nach hinten losgeht.","Ein Polizeischütze trifft ihn beim Anlegen der zurückgelassenen Pistole.","Eine von Mason präparierte Falle explodiert, als er die Pistole aufhebt.","B","Die von Mason manipulierte Pistole geht beim Schuss auf Burns selbst los.","Jack Mason (Ice-T) überwältigt Thomas Burns (Rutger Hauer) in Seattle und hält ihm eine Pistole an den Kopf. Er schießt nicht, sondern lässt die zuvor manipulierte Waffe zurück. Burns hebt sie auf und versucht erneut, Mason zu töten; die Pistole schlägt auf ihn selbst zurück. Die letzte Täuschung kehrt das anfängliche Machtverhältnis um: Diesmal greift der Jäger nach einer trügerischen Chance.","Burns wird durch seine manipulierte Waffe getötet, nicht von Masons zweiter Pistole.","Die von Mason manipulierte Pistole geht beim Schuss auf Burns selbst los.","Ein Polizeischütze verursacht Burns Tod nicht.","Die Manipulation betrifft die Pistole selbst, keine beim Aufheben gezündete Falle.","Burns greift zur Waffe und löst Masons letzte Falle aus.","Auflösung","https://en.wikipedia.org/wiki/Surviving_the_Game","redaktionell_geprueft"
"F40-024-Y","K-F40-024-Y","","de","Film","Action","Surviving the Game","Surviving the Game","1994","","mittel","Erscheinungsjahr","Action","Action","Die erste Veröffentlichung von „Surviving the Game“ dem Jahr 1994 zuordnen.","In welchem Jahr wurde „Surviving the Game“ erstmals veröffentlicht?","1986","1990","1994","2002","C","Die erste Veröffentlichung dieser Fassung war 1994.","„Surviving the Game“ kam 1994 in die amerikanischen Kinos. Die Geschichte beginnt mit einem scheinbar hilfreichen Jobangebot und führt den obdachlosen Jack Mason (Ice-T) in eine Menschenjagd. AFI dokumentiert die US-Eröffnungen im April. Das Erstveröffentlichungsjahr gehört damit zur fertigen, öffentlich gezeigten Filmfassung, während die Herstellung bereits zuvor stattfand. Filmjahr und Zeitpunkt einzelner Arbeitsschritte sind unterschiedliche Angaben.","1986 ist nicht das Jahr der ersten Veröffentlichung dieser Filmfassung.","1990 ist nicht das Jahr der ersten Veröffentlichung dieser Filmfassung.","Die erste Veröffentlichung dieser Fassung war 1994.","2002 ist nicht das Jahr der ersten Veröffentlichung dieser Filmfassung.","Surviving the Game: erste Veröffentlichung 1994.","keine","https://catalog.afi.com/Film/60250-SURVIVING-THE-GAME|https://www.filmdienst.de/film/details/64863/surviving-the-game","redaktionell_geprueft"
"F40-024-D","K-F40-024-D","","de","Film","Action","Surviving the Game","Surviving the Game","1994","","mittel","Regie","Action","Action","Den vollständigen offiziellen Regiecredit von „Surviving the Game“ kennen.","Wer führte bei „Surviving the Game“ Regie?","Mario Van Peebles","Antoine Fuqua","Carl Franklin","Ernest R. Dickerson","D","Der offizielle Regiecredit lautet Ernest R. Dickerson.","Ernest R. Dickerson inszenierte die Geschichte einer Menschenjagd mit Ice-T in der Hauptrolle. Die Begegnung der Beteiligten beginnt als scheinbar normales Arbeitsangebot und verwandelt sich erst am isolierten Jagdort in offene Gewalt. Die Regie verbindet dadurch die Einführung einer verletzlichen Figur mit einem körperlichen Überlebenskampf. Eric Bernt schrieb das Drehbuch.","Mario Van Peebles ist nicht der offizielle Regiecredit dieses Films.","Antoine Fuqua ist nicht der offizielle Regiecredit dieses Films.","Carl Franklin ist nicht der offizielle Regiecredit dieses Films.","Der offizielle Regiecredit lautet Ernest R. Dickerson.","Surviving the Game: Regie Ernest R. Dickerson.","keine","https://catalog.afi.com/Film/60250-SURVIVING-THE-GAME|https://www.filmdienst.de/film/details/64863/surviving-the-game","redaktionell_geprueft"
"F40-025-L1","K-F40-025-L1","","de","Film","Action","Shoot ’Em Up","Shoot 'Em Up","2007","","leicht","Handlung","Action","Action","Das neugeborene Baby als Mittelpunkt von Smiths Schutzauftrag kennen.","Wen versucht Mr. Smith (Clive Owen) in „Shoot ’Em Up“ trotz der ständigen Angriffe zu beschützen?","Ein neugeborenes Baby","Einen flüchtigen Bankdirektor","Eine vermisste Geheimdienstchefin","Einen entführten Rennfahrer","A","Smith schützt ein neugeborenes Baby vor den bewaffneten Verfolgern.","Mr. Smith (Clive Owen) hilft einer angegriffenen Schwangeren bei der Geburt. Als die Mutter getötet wird, bleibt das Neugeborene in seiner Obhut. Smith sucht Unterstützung bei DQ (Monica Bellucci), während bewaffnete Verfolger das Kind töten wollen. Jeder Fluchtweg verlangt deshalb zugleich Versorgung und Verteidigung. Der ungewöhnliche Schutzauftrag verbindet die übersteigerte Action mit der ganz praktischen Verantwortung für ein hilfloses Baby.","Smith schützt ein neugeborenes Baby vor den bewaffneten Verfolgern.","Smiths zentraler Schutzauftrag gilt keinem Bankdirektor.","Die geschützte Person ist keine Geheimdienstchefin.","Ein Rennfahrer ist nicht der Mittelpunkt der Verfolgung.","Mitten im Kugelhagel muss ein Baby am Leben bleiben.","Handlung","https://www.filmdienst.de/film/details/529628/shoot-em-up|https://en.wikipedia.org/wiki/Shoot_%27Em_Up_(film)","redaktionell_geprueft"
"F40-025-L2","K-F40-025-L2","","de","Film","Action","Shoot ’Em Up","Shoot 'Em Up","2007","","leicht","Handlung","Action","Action","Die Karotte als wiederkehrendes Actionmotiv erkennen.","Welches Lebensmittel benutzt Mr. Smith (Clive Owen) in „Shoot ’Em Up“ wiederholt auch als improvisierte Waffe?","Eine Banane","Eine Karotte","Eine Kartoffel","Eine Gurke","B","Smiths Karotten dienen nicht nur als Snack, sondern auch als Waffe.","Die Karotte begleitet Mr. Smith (Clive Owen) durch den Film und wird mehrmals in seine Aktionen eingebaut. Das alltägliche Lebensmittel steht im absurden Gegensatz zu Pistolen und Verfolgern. Michael Davis verknüpfte das Motiv mit seiner Liebe zu Zeichentrickfilmen. Der Gegenstand ist deshalb kein zufälliges Requisit, sondern Teil des überzeichneten Tonfalls und der visuellen Gags.","Eine Banane ist nicht Smiths wiederkehrendes Motiv.","Smiths Karotten dienen nicht nur als Snack, sondern auch als Waffe.","Die charakteristische improvisierte Waffe ist keine Kartoffel.","Gurken übernehmen diese wiederkehrende Funktion nicht.","Smiths Karotte ist Snack, Signatur und Actionrequisit.","Handlung","https://en.wikipedia.org/wiki/Shoot_%27Em_Up_(film)|https://www.awn.com/vfxworld/drawing-board-screen-shoot-em-previs|https://www.awn.com/vfxworld/drawing-board-screen-shoot-em-previs","redaktionell_geprueft"
"F40-025-M1","K-F40-025-M1","","de","Film","Action","Shoot ’Em Up","Shoot 'Em Up","2007","","mittel","Handlung","Action","Action","Heavy-Metal-Musik als Hinweis auf die frühere Umgebung des Babys verstehen.","Wie führt das Verhalten des Babys Smith (Clive Owen) in „Shoot ’Em Up“ zu einem wichtigen Schauplatz?","Kirchenglocken beruhigen es und führen zur Suche in einem Kloster.","Meeresrauschen beruhigt es und führt zur Suche in einem Hafen.","Heavy Metal beruhigt das Baby und führt zur Suche bei einem Musikclub.","Ein Fußballkommentar beruhigt es und führt zur Suche in einem Stadion.","C","Das Baby wird bei Heavy Metal ruhig; Smith sucht deshalb bei einem passenden Club.","Mr. Smith (Clive Owen) bemerkt, dass das Baby auf Heavy Metal ungewöhnlich ruhig reagiert. Er folgert, dass die Mutter in der Nähe eines solchen Clubs lebte. Der kleine Versorgungshinweis wird damit zu einer Ermittlungsinformation. Oberhalb des Clubs findet er eine medizinisch ausgestattete Wohnung, die den größeren Zusammenhang der Verfolgung erkennen lässt.","Kirchenglocken und Kloster sind nicht die gezeigte Spur.","Meeresrauschen führt Smith nicht zu diesem Fundort.","Das Baby wird bei Heavy Metal ruhig; Smith sucht deshalb bei einem passenden Club.","Ein Fußballkommentar liefert hier keinen Hinweis.","Was das Baby beruhigt, weist auf seinen bisherigen Aufenthaltsort.","Handlung","https://en.wikipedia.org/wiki/Shoot_%27Em_Up_(film)","redaktionell_geprueft"
"F40-025-M2","K-F40-025-M2","","de","Film","Action","Shoot ’Em Up","Shoot 'Em Up","2007","","mittel","Handlung","Action","Action","Das Baby als möglicher Knochenmarkspender für den kranken Politiker erkennen.","Warum wird das Baby in „Shoot ’Em Up“ im politischen Machtkampf so wichtig?","Es soll die Vaterschaft eines mächtigen Waffenhändlers beweisen.","Es ist der heimliche Erbe eines einflussreichen Wahlkampfspenders.","Es soll als Druckmittel gegen einen politischen Rivalen dienen.","Es ist als Knochenmarkspender für einen kranken Politiker vorgesehen.","D","Das Baby soll als passender Knochenmarkspender das Leben eines Politikers retten.","Die medizinische Spur führt Mr. Smith (Clive Owen) zu Senator Rutledge (Daniel Pilon). Das Kind gehört zu einem Plan, passende Spender für den erkrankten Politiker zu erzeugen. Die Verfolgung erhält damit einen anderen Maßstab: Hinter den Angreifern stehen politische und wirtschaftliche Interessen. Der Schutz des Babys hängt plötzlich mit dem Überleben eines mächtigen Erwachsenen zusammen.","Der Plan zielt auf einen passenden Spender, nicht auf einen Vaterschaftsnachweis eines Waffenhändlers.","Die entscheidende Rolle des Babys ist medizinisch, keine Erbschaft.","Das Baby soll Knochenmark liefern, nicht als gewöhnliche Erpressungsgeisel dienen.","Das Baby soll als passender Knochenmarkspender das Leben eines Politikers retten.","Das Baby wird wegen seiner geplanten Spenderrolle gejagt.","Auflösung","https://en.wikipedia.org/wiki/Shoot_%27Em_Up_(film)","redaktionell_geprueft"
"F40-025-S1","K-F40-025-S1","","de","Film","Action","Shoot ’Em Up","Shoot 'Em Up","2007","","schwer","Inszenierung","Action","Action","Bugs Bunny und Elmer Fudd als bewusstes Vorbild der überzeichneten Gegnerschaft kennen.","Welches Zeichentrick-Gegnerpaar nannte Michael Davis als Bezug für Smith und Hertz in „Shoot ’Em Up“?","Bugs Bunny und Elmer Fudd","Tom und Jerry","Road Runner und Wile E. Coyote","Sylvester und Tweety","A","Davis verglich Smith mit Bugs Bunny und Hertz mit Elmer Fudd.","Michael Davis erklärte die Karotten und den Zeichentrickton als zusammengehörige Elemente. Mr. Smith (Clive Owen) erhält Züge von Bugs Bunny, während Hertz (Paul Giamatti) an Elmer Fudd erinnert. Das erklärt den spielerisch übertriebenen Charakter ihrer Feindschaft. Die Parallele ist eine Aussage des Filmemachers über seinen Ansatz und keine Behauptung, der Film verfilme einen Looney-Tunes-Stoff.","Davis verglich Smith mit Bugs Bunny und Hertz mit Elmer Fudd.","Tom und Jerry sind nicht das von Davis hier benannte Figurenpaar.","Davis nennt für Smith/Hertz Bugs Bunny und Elmer Fudd, nicht dieses Paar.","Sylvester und Tweety sind nicht die erklärte Zuordnung.","Karottenheld und wütender Jäger erinnern an Bugs und Elmer.","keine","https://www.awn.com/vfxworld/drawing-board-screen-shoot-em-previs","redaktionell_geprueft"
"F40-025-S2","K-F40-025-S2","","de","Film","Action","Shoot ’Em Up","Shoot 'Em Up","2007","","schwer","Produktion","Action","Action","Animierte Storyboards als Mittel zur Finanzierung und Produktionsplanung kennen.","Womit machte Michael Davis seine Actionideen für „Shoot ’Em Up“ vor den Dreharbeiten sichtbar?","Mit einer gefilmten Kampfszene samt bereits engagierten Hauptdarstellern","Mit selbst gezeichneten und animierten Storyboards","Mit einem nur aus Archivfilmen montierten Action-Trailer","Mit einem digitalen 3D-Modell sämtlicher Drehorte","B","Davis zeichnete die Actionszenen und verwandelte die Storyboards in Animationen.","Die Animationen halfen Michael Davis, seine ungewöhnlichen Actionideen zu vermitteln. Später konnte das Team die vorbereiteten Szenen gemeinsam abspielen und Bewegungen, Effekte sowie Kamerapositionen darauf abstimmen. Die Vorvisualisierung war somit zugleich Überzeugungsmittel und Arbeitsgrundlage. Der Zeichner und Regisseur plante die kinetischen Abläufe, bevor eine große Mannschaft sie mit realen Darstellern umsetzte.","Davis zeichnete und animierte die Abläufe, statt dafür bereits die Hauptdarsteller zu filmen.","Davis zeichnete die Actionszenen und verwandelte die Storyboards in Animationen.","Er zeigte eigene gezeichnete Action, keine reine Archivmontage.","Das belegte Vorführmaterial waren animierte Storyboards, kein vollständiges 3D-Drehortmodell.","Gezeichnete Action half erst beim Überzeugen, dann beim Drehen.","keine","https://www.awn.com/vfxworld/drawing-board-screen-shoot-em-previs","redaktionell_geprueft"
"F40-025-Y","K-F40-025-Y","","de","Film","Action","Shoot ’Em Up","Shoot 'Em Up","2007","","mittel","Erscheinungsjahr","Action","Action","Die erste Veröffentlichung von „Shoot 'Em Up“ dem Jahr 2007 zuordnen.","In welchem Jahr wurde „Shoot ’Em Up“ erstmals veröffentlicht?","1999","2003","2007","2015","C","Die erste Veröffentlichung dieser Fassung war 2007.","„Shoot ’Em Up“ wurde 2007 veröffentlicht. Michael Davis entwickelte den Stoff und seine gezeichnete Actionvorbereitung über einen längeren Zeitraum, bevor New Line das Projekt realisierte. Die Entstehungsidee ist daher älter als der veröffentlichte Film. In der fertigen Fassung verbinden sich Realfilm, übertriebene Schusswechsel und deutlich benannte Zeichentrickeinflüsse.","1999 ist nicht das Jahr der ersten Veröffentlichung dieser Filmfassung.","2003 ist nicht das Jahr der ersten Veröffentlichung dieser Filmfassung.","Die erste Veröffentlichung dieser Fassung war 2007.","2015 ist nicht das Jahr der ersten Veröffentlichung dieser Filmfassung.","Shoot 'Em Up: erste Veröffentlichung 2007.","keine","https://www.awn.com/vfxworld/drawing-board-screen-shoot-em-previs|https://www.filmdienst.de/film/details/529628/shoot-em-up","redaktionell_geprueft"
"F40-025-D","K-F40-025-D","","de","Film","Action","Shoot ’Em Up","Shoot 'Em Up","2007","","mittel","Regie","Action","Action","Den vollständigen offiziellen Regiecredit von „Shoot 'Em Up“ kennen.","Wer führte bei „Shoot ’Em Up“ Regie?","Joe Carnahan","Tony Scott","Louis Leterrier","Michael Davis","D","Der offizielle Regiecredit lautet Michael Davis.","Michael Davis schrieb und inszenierte „Shoot ’Em Up“. Seine Arbeit als Zeichner war für das Projekt entscheidend: Er bereitete die Action in Storyboards und Animationen vor. Der übertriebene Ton entstand auch aus seiner Begeisterung für Zeichentrickgags. Statt die großen Bewegungen erst am Set zu suchen, gab er den beteiligten Abteilungen eine anschauliche gemeinsame Vorlage.","Joe Carnahan ist nicht der Regisseur dieses Films.","Tony Scott hat diesen Film nicht inszeniert.","Louis Leterrier führte bei diesem Film nicht Regie.","Der offizielle Regiecredit lautet Michael Davis.","Shoot 'Em Up: Regie Michael Davis.","keine","https://www.filmdienst.de/film/details/529628/shoot-em-up|https://www.awn.com/vfxworld/drawing-board-screen-shoot-em-previs","redaktionell_geprueft"
"F40-026-L1","K-F40-026-L1","","de","Film","Fantasy","Excalibur","Excalibur","1981","","leicht","Handlung","Fantasy","Fantasy","Die zentrale Sagengestalt von Excalibur erkennen.","Welcher sagenhafte König steht im Mittelpunkt von „Excalibur“?","Artus","Agamemnon","Gilgamesch","Priamos","A","Der Film erzählt von König Artus.","Artus (Nigel Terry) wird zunächst als junger Knappe gezeigt. Als er das Schwert aus dem Stein zieht, entsteht aus seiner alltäglichen Suche nach einer Waffe eine Offenbarung seiner Herkunft und Aufgabe. Merlin (Nicol Williamson) begleitet ihn auf dem Weg zum König. Der Film verfolgt danach nicht nur einen einzelnen Ritterkampf, sondern Aufstieg, Zerfall und letzte Erneuerung von Artus’ Reich.","Der Film erzählt von König Artus.","Der Film folgt der Artussage und nicht dem griechischen König.","Gilgameschs Überlieferung ist nicht die Geschichte von Camelot.","Der trojanische König steht nicht im Mittelpunkt dieser Sage.","Das Schwert macht den Knappen Artus zum König.","gering","https://catalog.afi.com/Film/56592-EXCALIBUR","redaktionell_quellengeprueft"
"F40-026-L2","K-F40-026-L2","","de","Film","Fantasy","Excalibur","Excalibur","1981","","leicht","Handlung","Fantasy","Fantasy","Merlins Rolle gegenüber dem jungen Artus kennen.","Welche Rolle übernimmt Merlin (Nicol Williamson) gegenüber Artus in „Excalibur“?","Er ist das militärische Oberhaupt der Ritterrunde","Er ist sein magischer Berater und Wegbegleiter","Er ist sein Adoptivvater ohne magische Fähigkeiten","Er ist der oberste Priester des Königshofs","B","Merlin begleitet Artus als Zauberer und Berater.","Merlin (Nicol Williamson) wirkt bereits in der Vorgeschichte von Artus (Nigel Terry). Er bewahrt das Kind und begleitet später den jungen Mann, der das Schwert zieht. Sein Wissen und seine Magie ermöglichen entscheidende Übergänge, lösen aber nicht alle menschlichen Konflikte. Artus muss Entscheidungen selbst treffen. Die Figur verbindet so die ältere magische Welt mit einem Reich, das durch Ritter und politische Bindungen geordnet werden soll.","Merlin handelt als magischer Berater, nicht als Befehlshaber der Ritter.","Merlin begleitet Artus als Zauberer und Berater.","Merlin ist ein Zauberer; die Erziehung im Adoptivhaushalt ist eine andere Rolle.","Die Figur ist nicht als Leiter einer höfischen Priesterschaft angelegt.","Merlin weist Wege; Artus muss sie gehen.","gering","https://catalog.afi.com/Film/56592-EXCALIBUR","redaktionell_quellengeprueft"
"F40-026-M1","K-F40-026-M1","","de","Film","Fantasy","Excalibur","Excalibur","1981","","mittel","Handlung","Fantasy","Fantasy","Die Ursache für Excaliburs Bruch im Zweikampf mit Lancelot verstehen.","Warum zerbricht Excalibur, als Artus (Nigel Terry) mit Lancelot (Nicholas Clay) kämpft?","Merlin lässt die Klinge als Strafe für den Zweikampf bersten","Lancelots Lanze ist durch einen eigenen Zauber geschützt","Artus missbraucht die Schwertmacht aus verletztem Stolz","Eine zuvor beschädigte Stelle hält dem Lanzentreffer nicht stand","C","Artus ruft aus Stolz die Macht des Schwerts an und zerstört es dabei.","Artus (Nigel Terry) will im Zweikampf gegen Lancelot (Nicholas Clay) nicht nachgeben. Er setzt die besondere Macht Excaliburs ein und begreift erst nach dem Bruch, dass sein eigener Stolz die Waffe zerstört hat. Als er dies einsieht, erhält er das wiederhergestellte Schwert zurück. Die Szene verknüpft königliche Macht mit einer Grenze: Ein rechtmäßiger König kann seine Macht dennoch falsch einsetzen.","Artus erkennt seinen eigenen Stolz und Machtmissbrauch als Ursache.","Ein eigener Schutzzauber Lancelots erklärt den Bruch nicht.","Artus ruft aus Stolz die Macht des Schwerts an und zerstört es dabei.","Der Film bindet den Bruch an Artus’ Missbrauch der Schwertmacht, nicht an eine Reparaturstelle.","Das Königsschwert zerbricht am Stolz seines Königs.","mittel","https://catalog.afi.com/Film/56592-EXCALIBUR","redaktionell_quellengeprueft"
"F40-026-M2","K-F40-026-M2","","de","Film","Fantasy","Excalibur","Excalibur","1981","","mittel","Handlung","Fantasy","Fantasy","Die Verbindung von Artus’ Heilung und der Erneuerung des Landes kennen.","„Excalibur“: Welche Wirkung hat der Gral, den Perceval (Paul Geoffrey) dem geschwächten Artus bringt?","Er heilt nur Artus’ Erinnerungen, während das Land krank bleibt","Er überträgt die Königskraft dauerhaft auf Perceval","Er hebt Mordreds Schutzzauber auf, ohne Artus zu heilen","Er heilt den König und erneuert zugleich das verwüstete Land","D","Artus gewinnt seine Kraft zurück, und das Land blüht wieder auf.","Perceval (Paul Geoffrey) erkennt, dass der Gral Artus (Nigel Terry) dient und König und Land miteinander verbunden sind. Als Artus daraus trinkt, kehrt seine Kraft zurück; auch das zuvor kranke Land erneuert sich. Der Film zeigt den Herrscher damit nicht nur als Person in einer Burg. Sein Zustand wirkt auf die ganze Welt des Reichs, weshalb eine Heilung zugleich eine Erneuerung der Gemeinschaft bedeutet.","Der Gral stellt die Kraft des Königs und die Erneuerung des Landes zusammen her.","Perceval findet und überbringt den Gral; Artus gewinnt seine Kraft zurück.","Die Heilung des Königs ist seine entscheidende Wirkung in dieser Szene.","Artus gewinnt seine Kraft zurück, und das Land blüht wieder auf.","Der Gral heilt den König und damit das Land.","hoch","https://catalog.afi.com/Film/56592-EXCALIBUR","redaktionell_quellengeprueft"
"F40-026-S1","K-F40-026-S1","","de","Film","Fantasy","Excalibur","Excalibur","1981","","schwer","Handlung","Fantasy","Fantasy","Die Ausnahme in Mordreds Schutzzauber als Grund für Excaliburs Wirksamkeit verstehen.","Warum kann Artus (Nigel Terry) Mordred trotz dessen Schutzzauber mit Excalibur töten?","Der Schutz gilt nur gegen von Menschen gefertigte Waffen","Der Schutzzauber verliert mit Morganas Tod seine Kraft","Der Schutzzauber gilt nicht für Angriffe des eigenen Vaters","Lancelots letzter Angriff hat den Schutzzauber bereits gebrochen","A","Mordred ist gegen menschlich geschmiedete Waffen geschützt; Excalibur fällt nicht unter diese Bedingung.","Morgana (Helen Mirren) versieht Mordred (Robert Addie) mit einem Schutz gegen Waffen, die Menschen geschaffen haben. Excalibur stammt jedoch aus der magischen Welt der Herrin vom See. Als Artus (Nigel Terry) seinen Sohn damit trifft, greift die Ausnahme. Der letzte Zweikampf wird so nicht durch eine plötzlich eingeführte neue Waffe entschieden. Er führt die Herkunft des längst bekannten Schwerts und die genaue Grenze des Zaubers zusammen.","Mordred ist gegen menschlich geschmiedete Waffen geschützt; Excalibur fällt nicht unter diese Bedingung.","Entscheidend ist die Einschränkung auf von Menschen geschaffene Waffen.","Artus’ Vaterschaft ist nicht die ausgesprochene Ausnahme des Zaubers.","Der Film erklärt Excaliburs Wirkung über die besondere Herkunft der Waffe.","Menschenwaffen scheitern; Excaliburs Herkunft macht die Ausnahme.","hoch","https://catalog.afi.com/Film/56592-EXCALIBUR","redaktionell_quellengeprueft"
"F40-026-S2","K-F40-026-S2","","de","Film","Fantasy","Excalibur","Excalibur","1981","","schwer","Handlung","Fantasy","Fantasy","Den Ursprung des in Excalibur verwendeten Chorstücks O Fortuna kennen.","Aus welchem Werk stammt das in „Excalibur“ verwendete Chorstück „O Fortuna“?","Aus Richard Wagners „Parsifal“","Aus Carl Orffs „Carmina Burana“","Aus Giuseppe Verdis „Requiem“","Aus Gustav Holsts „Die Planeten“","B","„O Fortuna“ stammt aus Carl Orffs „Carmina Burana“.","Die Musik von „Excalibur“ besteht nicht ausschließlich aus einer neu geschriebenen Filmmusik. AFI nennt Trevor Jones für die Originalmusik und führt daneben Werke von Richard Wagner sowie „O Fortuna“ aus Carl Orffs „Carmina Burana“ auf. Bekannte Konzertmusik wird dadurch Teil der filmischen Ritterwelt. Für die Zuordnung ist zwischen dem Komponisten der Originalmusik und dem Ursprung bereits bestehender verwendeter Stücke zu unterscheiden.","Wagner-Musik erklingt ebenfalls, aber „O Fortuna“ stammt nicht aus „Parsifal“.","„O Fortuna“ stammt aus Carl Orffs „Carmina Burana“.","Verdis „Requiem“ ist nicht die Quelle dieses Chorstücks.","Holsts Orchestersuite ist nicht die Quelle von „O Fortuna“.","Jones schrieb die Filmmusik; Orff lieferte „O Fortuna“.","keine","https://catalog.afi.com/Film/56592-EXCALIBUR","redaktionell_quellengeprueft"
"F40-026-Y","K-F40-026-Y","","de","Film","Fantasy","Excalibur","Excalibur","1981","","schwer","Filmgeschichte","Fantasy","Fantasy","Erstes Veröffentlichungsjahr der eindeutig bestimmten Filmfassung kennen.","In welchem Jahr wurde John Boormans Film „Excalibur“ erstmals veröffentlicht?","1977","1985","1981","1991","C","Das erste Veröffentlichungsjahr ist 1981.","„Excalibur“ erschien 1981. AFI nennt die Eröffnung in Los Angeles und New York am 10. April. Die Produktion griff eine jahrhundertealte Sage auf und wurde in der Republik Irland gedreht. Weder die Zeit der literarischen Überlieferung noch ein Drehbeginn ersetzt dabei das Veröffentlichungsjahr. Artus (Nigel Terry) und Merlin (Nicol Williamson) gehören zu dieser konkret gewählten Filmfassung.","Die erste Veröffentlichung erfolgte erst 1981.","Der Film wurde bereits 1981 erstmals veröffentlicht.","Das erste Veröffentlichungsjahr ist 1981.","Der Film wurde bereits 1981 erstmals veröffentlicht.","Excalibur: 1981.","keine","https://catalog.afi.com/Film/56592-EXCALIBUR","redaktionell_quellengeprueft"
"F40-026-D","K-F40-026-D","","de","Film","Fantasy","Excalibur","Excalibur","1981","","schwer","Filmgeschichte","Fantasy","Fantasy","Vollständigen Hauptregiecredit dieser Filmfassung kennen.","Wer führte bei „Excalibur“ mit Nigel Terry, Nicol Williamson und Helen Mirren Regie?","Terry Gilliam","Ridley Scott","Richard Lester","John Boorman","D","Regie führte John Boorman.","John Boorman führte Regie und arbeitete mit Rospo Pallenberg am Drehbuch. AFI verzeichnet daneben Peter MacDonald ausdrücklich für die Second Unit. Der Hauptregiecredit bleibt deshalb bei Boorman. Die Inszenierung verbindet Artus’ politische Entwicklung mit Magie und einer sichtbar auf den König reagierenden Landschaft. Vorhandene Musik von Richard Wagner und Carl Orff steht neben der Originalmusik von Trevor Jones und unterstützt die große Sagenform.","Gilliam führte bei anderen fantastischen Filmen Regie, nicht dieser Artusfassung.","Scott ist nicht der Hauptregisseur dieses Films.","Lester inszenierte andere historische Abenteuer, nicht „Excalibur“.","Regie führte John Boorman.","Excalibur – John Boorman.","keine","https://catalog.afi.com/Film/56592-EXCALIBUR","redaktionell_quellengeprueft"
"F40-027-L1","K-F40-027-L1","","de","Film","Fantasy","Die Abenteuer des Baron Münchhausen","The Adventures of Baron Munchausen","1988","","leicht","Handlung","Fantasy","Fantasy","Den Anlass für Münchhausens ersten Auftritt im Bühnenrahmen kennen.","Warum unterbricht der alte Baron (John Neville) zu Beginn von „Die Abenteuer des Baron Münchhausen“ eine Theateraufführung?","Er behauptet, die Darstellung seiner Abenteuer sei falsch","Er verlangt die ausstehende Bezahlung für Aufführungsrechte","Er erkennt einen gefangenen Freund unter den Darstellern","Er sucht im Theater ein Versteck vor seinen Verfolgern","A","Der Baron erklärt, dass die Theaterleute seine Abenteuer falsch darstellen.","Der Baron Münchhausen (John Neville) begegnet dem Publikum nicht zuerst in einem fernen Fantasiereich, sondern in einem Theater. Eine Truppe spielt seine Abenteuer, und er beansprucht die richtige Fassung der Geschichte für sich. Seine Einmischung macht die Grenze zwischen aufgeführter Geschichte und vermeintlicher Wirklichkeit sofort unsicher. Das Theater bleibt ein wichtiger Rahmen, während seine Erzählung immer weitere fantastische Orte erschließt.","Der Baron erklärt, dass die Theaterleute seine Abenteuer falsch darstellen.","Sein Anlass ist die angeblich falsche Darstellung seiner Erlebnisse.","Er unterbricht nicht zur Befreiung eines in der Truppe versteckten Freundes.","Der Baron greift öffentlich in seine eigene dargestellte Geschichte ein.","Der Baron betritt seine eigene, angeblich falsch erzählte Geschichte.","gering","https://www.criterion.com/current/posts/8025-the-adventures-of-baron-munchausen-a-reason-to-believe","redaktionell_quellengeprueft"
"F40-027-L2","K-F40-027-L2","","de","Film","Fantasy","Die Abenteuer des Baron Münchhausen","The Adventures of Baron Munchausen","1988","","leicht","Handlung","Fantasy","Fantasy","Sallys Stellung innerhalb des Theaters und als Reisegefährtin kennen.","„Die Abenteuer des Baron Münchhausen“: Wer ist Sally (Sarah Polley), die den Baron auf seinen Abenteuern begleitet?","Die Enkelin des Barons","Die Tochter des Theaterleiters","Die Tochter des Stadtgouverneurs","Die Nichte der Hauptdarstellerin","B","Sally ist die Tochter des Leiters der Theatertruppe.","Sally Salt (Sarah Polley) gehört zum Theater und lässt sich von Baron Münchhausen (John Neville) nicht einfach abschütteln. Sie hilft ihm und reist als ungebetene Begleiterin mit. Ihre Neugier und direkte Art halten die fantastische Geschichte an einer konkreten menschlichen Beziehung fest. Der alte Mann erzählt nicht nur über vergangene Heldentaten: Mit Sally an seiner Seite muss er auch neue Gefahren bewältigen.","Sally ist nicht als Enkelin Münchhausens eingeführt.","Sally ist die Tochter des Leiters der Theatertruppe.","Ihr Vater leitet die Theatertruppe.","Sallys familiäre Zuordnung ist zum Theaterleiter, nicht zu einer Tante in der Hauptrolle.","Sally kommt aus dem Theater und geht mit ins Abenteuer.","gering","https://en.wikipedia.org/wiki/The_Adventures_of_Baron_Munchausen|https://www.criterion.com/films/29570-the-adventures-of-baron-munchausen","redaktionell_quellengeprueft"
"F40-027-M1","K-F40-027-M1","","de","Film","Fantasy","Die Abenteuer des Baron Münchhausen","The Adventures of Baron Munchausen","1988","","mittel","Handlung","Fantasy","Fantasy","Die improvisierte Materialwahl für den Fluchtballon kennen.","„Die Abenteuer des Baron Münchhausen“: Woraus fertigt der Baron (John Neville) den Ballon, mit dem er die belagerte Stadt verlässt?","Aus den Leinwänden einer Gemäldeausstellung","Aus Segeltuch der türkischen Flotte","Aus zusammengenähter Damenunterwäsche","Aus den Vorhängen des Gouverneurspalasts","C","Die Ballonhülle besteht aus Damenunterwäsche.","Baron Münchhausen (John Neville) baut eine ungewöhnliche Ballonhülle aus zusammengefügter Damenunterwäsche. Sally Salt (Sarah Polley) nimmt als blinde Passagierin teil. Die improvisierte Flucht führt nicht nur aus der belagerten Stadt, sondern bis zum Mond. Der Film macht damit aus einem vertrauten Material eine absurde technische Lösung. Eine alltägliche Herkunft des Gegenstands und ein unmöglicher Reiseweg gehören zur selben Fantasie.","Die Ballonhülle stammt nicht aus einer Ausstellung.","Die Flucht benutzt nicht geraubte Schiffssegel.","Die Ballonhülle besteht aus Damenunterwäsche.","Palastvorhänge sind nicht das gezeigte Material der Hülle.","Unterwäsche wird zur Hülle für eine Mondreise.","mittel","https://en.wikipedia.org/wiki/The_Adventures_of_Baron_Munchausen","redaktionell_quellengeprueft"
"F40-027-M2","K-F40-027-M2","","de","Film","Fantasy","Die Abenteuer des Baron Münchhausen","The Adventures of Baron Munchausen","1988","","mittel","Handlung","Fantasy","Fantasy","Die Trennung von Kopf und Körper beim Mondkönig kennen.","„Die Abenteuer des Baron Münchhausen“: Welche ungewöhnliche Eigenschaft hat der Mondkönig (Robin Williams) in Münchhausens Mondabenteuer?","Er verwandelt sich bei jedem Wort in einen anderen Menschen","Er altert mit jeder Bewegung rückwärts bis zum Kind","Er kann nur in seinem Spiegelbild sprechen","Kopf und Körper handeln mit unterschiedlichen eigenen Absichten","D","Der Mondkönig hat einen getrennten Kopf und Körper mit eigenen Absichten.","Der Mondkönig (Robin Williams) kann Kopf und Körper voneinander trennen. Beide Teile haben unterschiedliche Wünsche, was seine Begegnung mit Baron Münchhausen (John Neville) noch widersprüchlicher macht. Die fantastische Körperidee macht einen Gegensatz zwischen Denken und Begehren sichtbar, ohne ihn nur erklären zu lassen. Williams erscheint im Filmcredit unter dem Namen Ray D. Tutto; Schauspieler und Filmrolle bleiben dennoch derselbe Auftritt.","Die Besonderheit liegt in der Trennung von Kopf und Körper, nicht wechselnden Personen.","Eine Rückwärtsalterung ist nicht die gezeigte Eigenschaft.","Der Mondkönig ist nicht auf ein sprechendes Spiegelbild beschränkt.","Der Mondkönig hat einen getrennten Kopf und Körper mit eigenen Absichten.","Beim Mondkönig sind Denken und Körper buchstäblich getrennt.","mittel","https://en.wikipedia.org/wiki/The_Adventures_of_Baron_Munchausen|https://www.criterion.com/films/29570-the-adventures-of-baron-munchausen","redaktionell_quellengeprueft"
"F40-027-S1","K-F40-027-S1","","de","Film","Fantasy","Die Abenteuer des Baron Münchhausen","The Adventures of Baron Munchausen","1988","","schwer","Handlung","Fantasy","Fantasy","Jacksons paradoxe Begründung für die Hinrichtung eines tapferen Soldaten kennen.","„Die Abenteuer des Baron Münchhausen“: Warum lässt Horatio Jackson (Jonathan Pryce) einen besonders tapferen Soldaten hinrichten?","Dessen außergewöhnlicher Mut demoralisiere die gewöhnlichen Soldaten","Dessen Heldentat habe nachweislich den Feind gerettet","Dessen Beförderung sei von einem fremden König angeordnet","Dessen Sieg habe den vereinbarten Waffenstillstand gebrochen","A","Jackson behauptet, außergewöhnlicher Mut entmutige die übrigen Soldaten.","Horatio Jackson (Jonathan Pryce) beruft sich auf Vernunft und Ordnung. Trotzdem bestraft er einen Soldaten gerade für eine außergewöhnliche Heldentat. Die absurde Begründung macht seine Verwaltung nicht nur kleinlich, sondern tödlich. Baron Münchhausen (John Neville) steht dieser Ordnung mit Übertreibung und Fantasie gegenüber. Die Szene setzt einen konkreten Widerspruch zwischen dem Anspruch vernünftiger Herrschaft und ihrem Handeln, bevor die große Reise überhaupt beginnt.","Jackson behauptet, außergewöhnlicher Mut entmutige die übrigen Soldaten.","Jackson bestraft nicht eine belegte Hilfe für die gegnerische Armee.","Eine fremde Beförderung ist nicht die Begründung der Hinrichtung.","Jackson führt keinen gebrochenen Waffenstillstand als Grund an.","Zu heldenhaft für Jacksons Ordnung.","mittel","https://en.wikipedia.org/wiki/The_Adventures_of_Baron_Munchausen","redaktionell_quellengeprueft"
"F40-027-S2","K-F40-027-S2","","de","Film","Fantasy","Die Abenteuer des Baron Münchhausen","The Adventures of Baron Munchausen","1988","","schwer","Handlung","Fantasy","Fantasy","Den Gebrauch von Schnupftabak bei der Flucht aus dem Meereswesen kennen.","„Die Abenteuer des Baron Münchhausen“: Wie entkommen der Baron und seine Begleiter aus dem Bauch des gewaltigen Meereswesens?","Sie sprengen seinen Bauch mit einer Pulverladung auf","Sie reizen es mit Schnupftabak zum Niesen","Sie segeln durch seinen Mund, während es schläft","Sie locken es mit Musik auf eine Sandbank","B","Schnupftabak bringt das Wesen zum Niesen und schleudert die Reisenden hinaus.","Baron Münchhausen (John Neville) findet im Inneren des Meereswesens weitere Gefährten wieder. Anstatt den riesigen Körper im Kampf zu bezwingen, nutzt die Gruppe eine sehr kleine Ursache: Schnupftabak reizt das Tier und löst einen gewaltigen Niesstoß aus. Die Lösung folgt damit der maßlosen Logik des Abenteuers. Ein alltäglicher körperlicher Reflex wird zur Kraft, die Menschen und ihre Reiseausrüstung aus der Gefangenschaft befördert.","Eine Sprengung ist nicht die gezeigte Lösung.","Schnupftabak bringt das Wesen zum Niesen und schleudert die Reisenden hinaus.","Die Flucht erfolgt durch einen ausgelösten Niesstoß.","Eine musikalisch herbeigeführte Strandung befreit die Gruppe nicht.","Ein wenig Schnupftabak liefert einen riesigen Ausgang.","hoch","https://en.wikipedia.org/wiki/The_Adventures_of_Baron_Munchausen","redaktionell_quellengeprueft"
"F40-027-Y","K-F40-027-Y","","de","Film","Fantasy","Die Abenteuer des Baron Münchhausen","The Adventures of Baron Munchausen","1988","","schwer","Filmgeschichte","Fantasy","Fantasy","Erstes Veröffentlichungsjahr der eindeutig bestimmten Filmfassung kennen.","In welchem Jahr wurde Terry Gilliams „Die Abenteuer des Baron Münchhausen“ erstmals veröffentlicht?","1985","1989","1988","1992","C","Das erste Veröffentlichungsjahr ist 1988.","Die erste Veröffentlichung gehört zu 1988. Filmdienst nennt den deutschen Kinostart am 8. Dezember, und Criterion führt die Edition unter demselben Filmjahr. Veröffentlichungen in anderen Ländern folgten teilweise erst 1989. Baron Münchhausen (John Neville) und Sally Salt (Sarah Polley) gehören zur hier gemeinten Fassung. Das Filmjahr bezieht sich auf deren erste Veröffentlichung und nicht auf einen späteren Landesstart.","Die erste Veröffentlichung erfolgte erst 1988.","Der Film wurde bereits 1988 erstmals veröffentlicht.","Das erste Veröffentlichungsjahr ist 1988.","Der Film wurde bereits 1988 erstmals veröffentlicht.","Die Abenteuer des Baron Münchhausen: 1988.","keine","https://www.criterion.com/films/29570-the-adventures-of-baron-munchausen|https://www.filmdienst.de/film/details/3403/die-abenteuer-des-baron-munchhausen","redaktionell_quellengeprueft"
"F40-027-D","K-F40-027-D","","de","Film","Fantasy","Die Abenteuer des Baron Münchhausen","The Adventures of Baron Munchausen","1988","","schwer","Filmgeschichte","Fantasy","Fantasy","Vollständigen Hauptregiecredit dieser Filmfassung kennen.","Wer inszenierte „Die Abenteuer des Baron Münchhausen“ mit John Neville und Sarah Polley?","Terry Jones","John Boorman","Karel Zeman","Terry Gilliam","D","Regie führte Terry Gilliam.","Terry Gilliam führte Regie und schrieb mit Charles McKeown das Drehbuch. Die offizielle Criterion-Edition ist vom Regisseur gebilligt und nennt beide Funktionen getrennt. Der Film setzt die Erzählfantasie des Barons (John Neville) gegen die behauptete Vernunft einer belagerten Stadt. Theater, Mond und Meereswesen bilden dabei verschiedene Ebenen eines Abenteuers, dessen Bilder die Grenzen zwischen aufgeführter Geschichte und erlebter Wirklichkeit bewusst beweglich halten.","Jones ist ein anderer Monty-Python-Regisseur; diese Fassung führte Gilliam inszenatorisch an.","Boorman inszenierte „Excalibur“, nicht diesen Münchhausenfilm.","Zeman schuf eine ältere, eigenständige Münchhausenverfilmung.","Regie führte Terry Gilliam.","Die Abenteuer des Baron Münchhausen – Terry Gilliam.","keine","https://www.criterion.com/films/29570-the-adventures-of-baron-munchausen|https://www.criterion.com/current/posts/8025-the-adventures-of-baron-munchausen-a-reason-to-believe","redaktionell_quellengeprueft"
"F40-028-L1","K-F40-028-L1","","de","Film","Fantasy","Krull","Krull","1983","","leicht","Handlung","Fantasy","Fantasy","Das konkrete persönliche Ziel von Colwyns Reise kennen.","Warum bricht Colwyn (Ken Marshall) in „Krull“ zur Schwarzen Festung auf?","Er will seine entführte Braut Lyssa befreien","Er will seinen Vater aus einer Belagerung befreien","Er will eine verschollene Königskrone wiederfinden","Er will die gestohlene Glaive zurückholen","A","Colwyn verfolgt die Entführer seiner Braut Lyssa.","Colwyn (Ken Marshall) und Lyssa (Lysette Anthony) sollen durch ihre Hochzeit zwei Reiche verbinden. Ein Angriff unterbricht jedoch die Zeremonie und führt zu Lyssas Entführung. Colwyns Suche ist deshalb zugleich persönlich und politisch: Er will die Frau retten und sich gegen die Macht stellen, die seinen Planeten bedroht. Auf der Reise findet er Hilfe außerhalb der ursprünglich versammelten königlichen Streitkräfte.","Colwyn verfolgt die Entführer seiner Braut Lyssa.","Die konkrete Rettungsmission gilt seiner entführten Braut.","Eine verlorene Krone ist nicht das Ziel des Aufbruchs zur Festung.","Die Glaive findet er zuvor in einer Höhle; in der Festung sucht er Lyssa.","Die unterbrochene Hochzeit wird zur Rettungsreise.","gering","https://www.sonypictures.com/movies/krull|https://en.wikipedia.org/wiki/Krull_(film)","redaktionell_quellengeprueft"
"F40-028-L2","K-F40-028-L2","","de","Film","Fantasy","Krull","Krull","1983","","leicht","Handlung","Fantasy","Fantasy","Die Gestalt der zentralen magischen Waffe kennen.","Welche Form hat die Glaive, die Colwyn (Ken Marshall) in „Krull“ sucht?","Ein langer Speer mit einer goldenen Spitze","Ein großer Wurfstern mit fünf Klingen","Ein breiter Schild mit einer Spiegelfläche","Ein gekrümmter Bogen mit einer eisernen Sehne","B","Die Glaive ist eine sternförmige Wurfwaffe mit fünf ausfahrbaren Klingen.","Colwyn (Ken Marshall) sucht die Glaive auf Rat von Ynyr (Freddie Jones). Ihre auffällige Sternform unterscheidet sie von einem gewöhnlichen Schwert oder Speer. Die Waffe wird zum erkennbaren Bild des Films und begleitet Colwyn bis zum Kampf gegen das Ungeheuer. Ihr Besitz allein ersetzt jedoch nicht die Unterstützung der Reisegefährten. Die Quest verlangt weiterhin Wissen, gemeinsames Handeln und Entscheidungen unter Zeitdruck.","Die Glaive des Films ist keine Speerwaffe.","Die Glaive ist eine sternförmige Wurfwaffe mit fünf ausfahrbaren Klingen.","Sie dient als Wurfwaffe, nicht als Spiegelschild.","Colwyn findet keinen magischen Bogen dieser Form.","Krulls Glaive ist der fünfklingige Wurfstern.","gering","https://en.wikipedia.org/wiki/Krull_(film)","redaktionell_quellengeprueft"
"F40-028-M1","K-F40-028-M1","","de","Film","Fantasy","Krull","Krull","1983","","mittel","Handlung","Fantasy","Fantasy","Die sich täglich verändernde Lage der Schwarzen Festung kennen.","Was erschwert in „Krull“ die Suche nach der Schwarzen Festung besonders?","Sie wird nur bei nächtlichem Mondlicht sichtbar","Sie ist von einem ständig veränderten Labyrinth umgeben","Sie wechselt bei jedem Sonnenaufgang ihren Standort","Sie wandert auf dem Rücken eines gewaltigen Tieres","C","Die Festung versetzt sich bei jedem Sonnenaufgang an einen neuen Ort.","Die Schwarze Festung ist nicht einfach eine Burg auf einem erreichbaren Berg. Sie wechselt regelmäßig ihren Standort. Colwyn (Ken Marshall) und seine Gefährten benötigen deshalb Wissen über ihren nächsten Aufenthalt und ein ausreichend schnelles Transportmittel. Die wiederholte Verlagerung macht die Quest zum Wettlauf gegen die Zeit. Eine richtige Ortsangabe nützt nur so lange, wie die Gruppe sie vor dem nächsten Wechsel erreichen kann.","Die besondere Regel betrifft ihren Standortwechsel bei Sonnenaufgang.","Ein wechselndes Labyrinth ist nicht das entscheidende Suchproblem.","Die Festung versetzt sich bei jedem Sonnenaufgang an einen neuen Ort.","Die Festung versetzt sich selbst und reist nicht auf einem Trägertier.","Eine wandernde Festung verlangt einen Wettlauf.","mittel","https://en.wikipedia.org/wiki/Krull_(film)","redaktionell_quellengeprueft"
"F40-028-M2","K-F40-028-M2","","de","Film","Fantasy","Krull","Krull","1983","","mittel","Handlung","Fantasy","Fantasy","Ergos Verwandlungsmagie als konkrete Unterstützung der Gruppe kennen.","Mit welcher Fähigkeit kann Ergo (David Battley) die Gefährten in „Krull“ unterstützen?","Er kann sich und andere unsichtbar machen","Er kann täuschende Doppelgänger erzeugen","Er kann schwere Gegenstände schweben lassen","Er kann sich in Tiere verwandeln","D","Ergo beherrscht Tierverwandlungen.","Ergo (David Battley) erscheint zunächst als großsprecherischer Magier, dessen Zauber nicht immer reibungslos gelingen. Seine Verwandlung in Tiere wird jedoch im Verlauf der Reise praktisch wichtig. Im letzten Kampf schützt er Titch (Graham McGrath) als Tiger. Die Figur bleibt dadurch nicht nur komische Begleitung. Eine zunächst belächelte Fähigkeit trägt schließlich dazu bei, dass ein schwächeres Mitglied der Gruppe eine konkrete Gefahr überlebt.","Ergos charakteristische Fähigkeit ist die Verwandlung in Tiere.","Die hilfreichen Gestalten sind Tierverwandlungen seiner eigenen Person.","Die konkret gezeigte wichtige Hilfe folgt aus seiner Tiergestalt.","Ergo beherrscht Tierverwandlungen.","Der prahlende Magier kann als Tier wirklich helfen.","mittel","https://en.wikipedia.org/wiki/Krull_(film)","redaktionell_quellengeprueft"
"F40-028-S1","K-F40-028-S1","","de","Film","Fantasy","Krull","Krull","1983","","schwer","Handlung","Fantasy","Fantasy","Die lebensbegrenzende Wirkung des Sandes bei Ynyrs Rückkehr kennen.","„Krull“: Woran hängt Ynyrs (Freddie Jones) verbleibendes Leben nach seinem Besuch bei der Witwe im Netz?","Am Sand einer verzauberten Sanduhr, den er festhält","An einem Licht, das Colwyn im Lager brennen lässt","An der ununterbrochenen Musik eines Zauberhorns","An der Kraft einer Perle, die er schlucken muss","A","Der verzauberte Sand erhält Ynyr nur für kurze Zeit am Leben.","Ynyr (Freddie Jones) erhält von der Witwe im Netz (Francesca Annis) den nächsten Aufenthaltsort der Festung und verzauberten Sand. Dieser schützt ihn zunächst und hält ihn trotz seiner Verletzung am Leben. Er kehrt zu Colwyn (Ken Marshall) zurück, um das Wissen weiterzugeben. Als der letzte Sand verloren geht, stirbt er. Der Hinweis auf das Ziel wird so mit einem sichtbaren Opfer und einer begrenzten Frist verbunden.","Der verzauberte Sand erhält Ynyr nur für kurze Zeit am Leben.","Sein Leben wird nicht durch ein Lagerlicht der Gefährten erhalten.","Ein dauerhaft gespieltes Horn bildet nicht die lebensverlängernde Bedingung.","Die Witwe gibt ihm Sand, keine zu schluckende Perle.","Ynyrs letzte Zeit rinnt mit dem Sand davon.","hoch","https://en.wikipedia.org/wiki/Krull_(film)","redaktionell_quellengeprueft"
"F40-028-S2","K-F40-028-S2","","de","Film","Fantasy","Krull","Krull","1983","","schwer","Handlung","Fantasy","Fantasy","Die Verbindung von Hochzeitsritual und Feuermacht im Finale verstehen.","Woher gewinnen Colwyn und Lyssa die Macht, das Ungeheuer am Ende von „Krull“ mit Feuer zu besiegen?","Sie entzünden die Glaive mit Ynyrs Sand","Sie vollenden gemeinsam das unterbrochene Hochzeitsritual","Sie sprechen den Ortszauber der Schwarzen Festung rückwärts","Sie übernehmen die Lebensenergie aller gefallenen Gefährten","B","Das vollendete Hochzeitsritual verleiht dem Paar die Macht über das Feuer.","Colwyn (Ken Marshall) und Lyssa (Lysette Anthony) können den Gegner nicht allein mit der Glaive besiegen. Sie vollenden deshalb das Ritual, das durch den ursprünglichen Angriff unterbrochen wurde. Daraus entsteht die Feuerkraft für den Sieg. Anfang und Ende des Films greifen unmittelbar ineinander: Was zunächst zwei Reiche verbinden sollte, wird im letzten Kampf zur entscheidenden gemeinsamen Macht der beiden Figuren.","Der entscheidende Feuerzauber entsteht nicht aus Sand an der Waffe.","Das vollendete Hochzeitsritual verleiht dem Paar die Macht über das Feuer.","Ein rückwärts gesprochener Versetzungszauber ist nicht die Lösung.","Die Feuermacht beruht auf ihrer Verbindung, nicht auf der Energie toter Kämpfer.","Die unterbrochene Hochzeit wird im Finale zur rettenden Kraft.","hoch","https://en.wikipedia.org/wiki/Krull_(film)","redaktionell_quellengeprueft"
"F40-028-Y","K-F40-028-Y","","de","Film","Fantasy","Krull","Krull","1983","","schwer","Filmgeschichte","Fantasy","Fantasy","Erstes Veröffentlichungsjahr der eindeutig bestimmten Filmfassung kennen.","Wann wurde „Krull“ mit Ken Marshall und Lysette Anthony erstmals veröffentlicht?","1979","1986","1983","1990","C","Das erste Veröffentlichungsjahr ist 1983.","„Krull“ erschien 1983. Die Produktionsangabe 1982/83 in Filmdienst bezeichnet die Entstehungsspanne, während die Veröffentlichung dem späteren dieser beiden Jahre zugeordnet wird. Colwyn (Ken Marshall) sucht in dieser Fassung seine entführte Braut Lyssa (Lysette Anthony). Sony führt den Film ebenfalls unter einem Copyright aus 1983. Die Fantasiewelt und die britische Produktion werden damit zeitlich eindeutig eingeordnet.","Die erste Veröffentlichung erfolgte erst 1983.","Der Film wurde bereits 1983 erstmals veröffentlicht.","Das erste Veröffentlichungsjahr ist 1983.","Der Film wurde bereits 1983 erstmals veröffentlicht.","Krull: 1983.","keine","https://en.wikipedia.org/wiki/Krull_(film)|https://www.sonypictures.com/movies/krull","redaktionell_quellengeprueft"
"F40-028-D","K-F40-028-D","","de","Film","Fantasy","Krull","Krull","1983","","schwer","Filmgeschichte","Fantasy","Fantasy","Vollständigen Hauptregiecredit dieser Filmfassung kennen.","Wer inszenierte „Krull“ mit Ken Marshall und Lysette Anthony?","Richard Fleischer","John Boorman","Terry Gilliam","Peter Yates","D","Regie führte Peter Yates.","Peter Yates führte Regie. Der Film verbindet eine Ritter- und Märchenquest mit einem Gegner, dessen Festung zugleich als fremdartiges Raumschiff erscheint. Colwyn (Ken Marshall) sammelt auf seiner Suche eine Gruppe unterschiedlicher Helfer. James Horner schrieb die Musik. Der Hauptregiecredit ist von diesen anderen künstlerischen Beiträgen zu unterscheiden und gehört zum konkret ausgewählten britischen Film mit der sternförmigen Glaive.","Fleischer führte bei anderen Abenteuer- und Fantasyfilmen Regie, nicht bei „Krull“.","Boorman inszenierte „Excalibur“, nicht diesen Film.","Gilliam ist nicht der Hauptregisseur dieser Produktion.","Regie führte Peter Yates.","Krull – Peter Yates.","keine","https://www.filmdienst.de/film/details/27987/krull|https://en.wikipedia.org/wiki/Krull_(film)","redaktionell_quellengeprueft"
"F40-029-L1","K-F40-029-L1","","de","Film","Fantasy","Dungeons & Dragons: Ehre unter Dieben","Dungeons & Dragons: Honor Among Thieves","2023","Dungeons & Dragons","leicht","Handlung","Fantasy","Fantasy","Kira als Edgins Tochter und zentrale familiäre Bindung kennen.","„Ehre unter Dieben“: In welchem familiären Verhältnis steht Kira (Chloe Coleman) zu Edgin (Chris Pine)?","Seine Tochter","Seine jüngere Schwester","Seine Nichte","Seine Patentochter","A","Edgin möchte seine Tochter Kira wieder bei sich haben.","Edgin Darvis (Chris Pine) hat nach dem Tod seiner Frau mit Holga Kilgore (Michelle Rodriguez) für Kira (Chloe Coleman) gesorgt. Während seiner Gefangenschaft kommt das Mädchen zu Forge (Hugh Grant), der ihr ein verzerrtes Bild des Vaters vermittelt. Edgin muss deshalb mehr als einen physischen Zugang zu ihr finden. Er will Vertrauen zurückgewinnen, das durch seine Abwesenheit und Forges Lügen beschädigt wurde.","Edgin möchte seine Tochter Kira wieder bei sich haben.","Kira ist Edgins Tochter, nicht seine Schwester.","Kira ist seine Tochter und keine Nichte.","Edgin ist Kiras leiblicher Vater.","Edgins erster Schatz ist die Verbindung zu Kira.","gering","https://en.wikipedia.org/wiki/Dungeons_%26_Dragons:_Honor_Among_Thieves","redaktionell_quellengeprueft"
"F40-029-L2","K-F40-029-L2","","de","Film","Fantasy","Dungeons & Dragons: Ehre unter Dieben","Dungeons & Dragons: Honor Among Thieves","2023","Dungeons & Dragons","leicht","Handlung","Fantasy","Fantasy","Dorics Tiergestalt als Fähigkeit der Druidin kennen.","„Ehre unter Dieben“: Welche Fähigkeit nutzt die Druidin Doric (Sophia Lillis), um sich in gefährliche Orte einzuschleichen?","Sie übernimmt die Gestalt anderer Menschen","Sie nimmt Tiergestalten an","Sie macht ihre eigene Gestalt unsichtbar","Sie geht körperlos durch verschlossene Wände","B","Doric kann sich in Tiere verwandeln und so Orte auskundschaften.","Doric (Sophia Lillis) ist eine Druidin, die ihre Gestalt wechseln kann. Die Fähigkeit hilft der Gruppe nicht nur in Kämpfen, sondern auch beim Auskundschaften eines bewachten Ortes. Sie benötigt dafür keinen offen vorgetragenen Angriff. Der Film macht die Rollen der Gruppe durch solche Einsätze verständlich: Edgin Darvis (Chris Pine) plant, während andere Mitglieder mit ihren besonderen Fähigkeiten Zugänge und Auswege schaffen.","Die Druidin nutzt Tiergestalten und nicht beliebige menschliche Doppelgänger.","Doric kann sich in Tiere verwandeln und so Orte auskundschaften.","Der gezeigte Zugang folgt aus Verwandlungen, nicht aus Unsichtbarkeit.","Sie bleibt in veränderter Gestalt körperlich und durchdringt nicht einfach Wände.","Dorics Zugang beginnt mit einem Gestaltwechsel.","gering","https://en.wikipedia.org/wiki/Dungeons_%26_Dragons:_Honor_Among_Thieves","redaktionell_quellengeprueft"
"F40-029-M1","K-F40-029-M1","","de","Film","Fantasy","Dungeons & Dragons: Ehre unter Dieben","Dungeons & Dragons: Honor Among Thieves","2023","Dungeons & Dragons","mittel","Handlung","Fantasy","Fantasy","Simons innere Hürde beim Abstimmen auf den Helm verstehen.","„Ehre unter Dieben“: Was muss Simon (Justice Smith) überwinden, um den Helm zur Aufhebung von Verzauberungen benutzen zu können?","Die fehlende Kenntnis des richtigen Abstimmungszaubers","Die blockierte Erinnerung seines magischen Ahnen","Seine Zweifel an der eigenen magischen Fähigkeit","Den Besitzerfluch, der noch auf dem Helm liegt","C","Simon muss sein geringes Selbstvertrauen überwinden und den Helm auf sich abstimmen.","Simon Aumar (Justice Smith) besitzt magische Fähigkeiten, hält sich aber oft selbst für unzureichend. Der Helm verlangt eine Abstimmung, bei der dieses Selbstbild zum Hindernis wird. Sein Fortschritt ist deshalb nicht nur der Erwerb eines neuen Gegenstands. Er verändert seine Haltung gegenüber dem eigenen Können. Die Gruppe braucht sowohl die magische Ausstattung als auch einen Menschen, der sie tatsächlich einsetzen kann.","„Die fehlende Kenntnis des richtigen Abstimmungszaubers“ trifft nicht zu. Simon muss seine Selbstzweifel überwinden, um den Helm auf sich abzustimmen.","„Die blockierte Erinnerung seines magischen Ahnen“ trifft nicht zu. Simon muss seine Selbstzweifel überwinden, um den Helm auf sich abzustimmen.","Simon muss sein geringes Selbstvertrauen überwinden und den Helm auf sich abstimmen.","„Den Besitzerfluch, der noch auf dem Helm liegt“ trifft nicht zu. Simon muss seine Selbstzweifel überwinden, um den Helm auf sich abzustimmen.","Der Helm funktioniert erst mit Simons Vertrauen in sich selbst.","mittel","https://en.wikipedia.org/wiki/Dungeons_%26_Dragons:_Honor_Among_Thieves","redaktionell_quellengeprueft"
"F40-029-M2","K-F40-029-M2","","de","Film","Fantasy","Dungeons & Dragons: Ehre unter Dieben","Dungeons & Dragons: Honor Among Thieves","2023","Dungeons & Dragons","mittel","Handlung","Fantasy","Fantasy","Die Umleitung des Goldes als Rettung der Festbesucher verstehen.","„Ehre unter Dieben“: Warum verteilen Edgin und seine Gruppe den erbeuteten Reichtum schließlich über der Stadt?","Sie locken Forges Wachen vom Fluchthafen weg","Sie locken Forge aus seinem geschützten Palast","Sie verringern das Gewicht ihres Fluchtschiffs","Sie locken die Menschen aus der gefährlichen Arena","D","Der Goldregen zieht die Menschen aus der Arena und entzieht sie Sofinas tödlichem Plan.","Edgin Darvis (Chris Pine) und seine Gefährten könnten mit dem Gold entkommen. Stattdessen lenken sie es mithilfe eines Portals zu einem Ballon über der Stadt. Die Bewohner folgen dem ausgeschütteten Reichtum und verlassen den Ort, an dem Sofina (Daisy Head) sie verwandeln will. Ein zunächst eigennütziger Diebstahl wird dadurch zu einer Rettungsaktion. Die Gruppe verändert das Ziel, ohne ihre erfinderischen Diebesmethoden aufzugeben.","Der unmittelbare Zweck ist die Evakuierung der Menschen aus der Arena.","Forge ist nicht das Ziel des Goldregens über den Bewohnern.","Die Gruppe leitet das Gold um, um Menschen zu retten und nicht um ein Schiff schneller zu machen.","Der Goldregen zieht die Menschen aus der Arena und entzieht sie Sofinas tödlichem Plan.","Der Goldregen ist ein Köder zur Rettung.","hoch","https://en.wikipedia.org/wiki/Dungeons_%26_Dragons:_Honor_Among_Thieves","redaktionell_quellengeprueft"
"F40-029-S1","K-F40-029-S1","","de","Film","Fantasy","Dungeons & Dragons: Ehre unter Dieben","Dungeons & Dragons: Honor Among Thieves","2023","Dungeons & Dragons","schwer","Handlung","Fantasy","Fantasy","Kiras Einsatz von Unsichtbarkeit und Antimagie im Finale kennen.","„Ehre unter Dieben“: Wie hilft Kira (Chloe Coleman), Sofinas Zaubermacht im letzten Kampf zu blockieren?","Sie legt ihr unsichtbar ein Antimagie-Armband an","Sie ersetzt unbemerkt Sofinas Stab durch einen Holzstab","Sie tauscht Sofinas Zauberbuch gegen leere Seiten","Sie bindet Sofinas Hände mit einer verzauberten Goldkette","A","Kira nutzt Unsichtbarkeit, um Sofina das Antimagie-Armband anzulegen.","Kira (Chloe Coleman) hat einen Anhänger, der sie unsichtbar machen kann. Im Kampf gegen Sofina (Daisy Head) nutzt sie ihn für einen präzisen Eingriff: Sie bringt ein Armband an, das die Zaubermacht blockiert. Ein zuvor eingeführter Gegenstand und ein früher bekanntes Mittel gegen Magie wirken zusammen. Das Mädchen bleibt dadurch nicht nur das Ziel von Edgin Darvis’ (Chris Pine) Rettungsplan, sondern trägt selbst zur Lösung bei.","Kira nutzt Unsichtbarkeit, um Sofina das Antimagie-Armband anzulegen.","Der letzte Trick betrifft ein Armband, nicht einen Stabtausch.","Ein vertauschtes Zauberbuch ist nicht die entscheidende Aktion.","Eine Goldkette übernimmt nicht die gezeigte magische Blockade.","Unsichtbarkeit bringt Antimagie nah genug an Sofina.","hoch","https://en.wikipedia.org/wiki/Dungeons_%26_Dragons:_Honor_Among_Thieves","redaktionell_quellengeprueft"
"F40-029-S2","K-F40-029-S2","","de","Film","Fantasy","Dungeons & Dragons: Ehre unter Dieben","Dungeons & Dragons: Honor Among Thieves","2023","Dungeons & Dragons","schwer","Handlung","Fantasy","Fantasy","Edgins Entscheidung zur Wiederbelebung Holgas statt seiner Frau verstehen.","„Ehre unter Dieben“: Für wen verwendet Edgin (Chris Pine) am Ende die einmal nutzbare Wiederbelebungstafel?","Für seine längst verstorbene Frau Zia","Für die tödlich verletzte Holga","Für den gefallenen Forge","Für den paladinischen Helfer Xenk","B","Edgin entscheidet sich, Holga wieder ins Leben zu holen.","Edgin Darvis (Chris Pine) wollte die Tafel ursprünglich für seine verstorbene Frau Zia verwenden. Als Holga Kilgore (Michelle Rodriguez) tödlich verletzt wird, entscheidet er anders. Er erkennt, dass Holga für Kira (Chloe Coleman) eine tatsächlich gelebte Mutterrolle übernommen hat. Das Ende verbindet daher die magische Handlung mit einer konkreten familiären Einsicht: Edgin schützt die vorhandene Bindung, statt nur seine verlorene Vergangenheit zurückzuholen.","Die Tafel war zunächst für Zia gedacht, wird aber für Holga eingesetzt.","Edgin entscheidet sich, Holga wieder ins Leben zu holen.","Forge ist nicht die Person, die Edgin mit der Tafel zurückholt.","Xenk wird nicht mit der Tafel wiederbelebt.","Edgin rettet die Familie, die Kira wirklich hat.","hoch","https://en.wikipedia.org/wiki/Dungeons_%26_Dragons:_Honor_Among_Thieves","redaktionell_quellengeprueft"
"F40-029-Y","K-F40-029-Y","","de","Film","Fantasy","Dungeons & Dragons: Ehre unter Dieben","Dungeons & Dragons: Honor Among Thieves","2023","Dungeons & Dragons","leicht","Filmgeschichte","Fantasy","Fantasy","Erstes Veröffentlichungsjahr der eindeutig bestimmten Filmfassung kennen.","In welchem Jahr wurde „Dungeons & Dragons: Ehre unter Dieben“ erstmals veröffentlicht?","2019","2022","2023","2025","C","Das erste Veröffentlichungsjahr ist 2023.","Der Film wurde 2023 erstmals veröffentlicht und im März bei SXSW vorgestellt. Filmdienst führt 2022 als Produktionsjahr sowie einen deutschen Kinostart im März 2023. Diese Daten dürfen nicht gleichgesetzt werden. Edgin Darvis (Chris Pine) und Holga Kilgore (Michelle Rodriguez) bilden das Zentrum dieser konkreten Kinoadaption. Das viel ältere Rollenspiel als Vorlage hat wiederum eine andere Entstehungsgeschichte als der hier datierte Film.","Die erste Veröffentlichung erfolgte erst 2023.","Die erste Veröffentlichung erfolgte erst 2023.","Das erste Veröffentlichungsjahr ist 2023.","Der Film wurde bereits 2023 erstmals veröffentlicht.","Dungeons & Dragons: Ehre unter Dieben: 2023.","keine","https://en.wikipedia.org/wiki/Dungeons_%26_Dragons:_Honor_Among_Thieves|https://www.filmdienst.de/film/details/620553/dungeons-dragons-ehre-unter-dieben","redaktionell_quellengeprueft"
"F40-029-D","K-F40-029-D","","de","Film","Fantasy","Dungeons & Dragons: Ehre unter Dieben","Dungeons & Dragons: Honor Among Thieves","2023","Dungeons & Dragons","mittel","Filmgeschichte","Fantasy","Fantasy","Vollständigen Hauptregiecredit dieser Filmfassung kennen.","Welches Duo führte bei „Dungeons & Dragons: Ehre unter Dieben“ gemeinsam Regie?","Phil Lord und Christopher Miller","Daniel Kwan und Daniel Scheinert","Joe Russo und Anthony Russo","Jonathan Goldstein und John Francis Daley","D","Regie führten Jonathan Goldstein und John Francis Daley.","Jonathan Goldstein und John Francis Daley führten gemeinsam Regie. Die offizielle Paramount-Seite nennt beide Namen als Regie und außerdem im Drehbuchcredit neben Michael Gilio. Die vollständige Zuordnung muss deshalb beide Personen enthalten. Der Film übersetzt Rollen und Magie des Spiels in eine gemeinsame Abenteuerhandlung: Edgin Darvis (Chris Pine) sammelt Helfer, deren unterschiedliche Fähigkeiten für Zugänge, Täuschungen und das Finale nötig werden.","Dieses Duo steht nicht im Hauptregiecredit der Dungeons-&-Dragons-Fassung.","Dieses Duo inszenierte nicht den gesuchten Film.","Die Russo-Brüder sind nicht die Regisseure dieser Produktion.","Regie führten Jonathan Goldstein und John Francis Daley.","Dungeons & Dragons: Ehre unter Dieben – Jonathan Goldstein und John Francis Daley.","keine","https://www.paramountpictures.com/movies/dungeons-&-dragons-honor-among-thieves","redaktionell_quellengeprueft"
"F40-030-L1","K-F40-030-L1","","de","Film","Fantasy","Solomon Kane","Solomon Kane","2009","","leicht","Handlung","Fantasy","Fantasy","Die übernatürliche Bedrohung am Anfang des Films kennen.","Was beansprucht der dämonische Abgesandte des Teufels am Anfang von „Solomon Kane“ von Kane (James Purefoy)?","Seine Seele","Seinen Körper als Gefäß","Seine Erinnerungen an die Familie","Seine kämpferischen Fähigkeiten","A","Der Abgesandte will Kanes verdammte Seele holen.","Solomon Kane (James Purefoy) wird zunächst als gewalttätiger Plünderer gezeigt. Beim Angriff auf einen fremden Ort begegnet er einer Macht, die seine eigene Gewalt übersteigt. Der dämonische Abgesandte beansprucht seine Seele für die Hölle. Kane entkommt, nimmt die Bedrohung aber ernst. Aus diesem Erlebnis entsteht der Wunsch, sein Leben zu ändern. Die spätere Reise beginnt damit aus Angst vor den Folgen seiner früheren Taten.","Der Abgesandte will Kanes verdammte Seele holen.","Die Forderung gilt ausdrücklich Kanes verdammter Seele.","Der Abgesandte will nicht nur einen Teil seiner Erinnerungen.","Es geht nicht um die Übernahme seiner Kampferfahrung, sondern um seine Seele.","Kanes Gegner fordert nicht Gold, sondern seine Seele.","gering","https://pad.mymovies.it/filmclub/2009/07/266/mymovies.pdf","redaktionell_quellengeprueft"
"F40-030-L2","K-F40-030-L2","","de","Film","Fantasy","Solomon Kane","Solomon Kane","2009","","leicht","Handlung","Fantasy","Fantasy","Kanes Reaktion auf die Bedrohung seiner Seele kennen.","Welchen Vorsatz fasst Solomon Kane (James Purefoy), nachdem er dem dämonischen Abgesandten entkommen ist?","Er will den Teufel mit einem neuen Feldzug besiegen","Er will auf Gewalt verzichten und friedlich leben","Er will durch einen neuen magischen Pakt Schutz erhalten","Er will auf See jeder Spur seiner Vergangenheit entkommen","B","Kane schwört der Gewalt ab und sucht einen friedlichen Lebensweg.","Solomon Kane (James Purefoy) glaubt nach der Begegnung, dass seine bisherigen Taten seine Seele verdammt haben. Er zieht sich zurück, gibt Besitz auf und versucht, ohne Gewalt zu leben. Der Film setzt diesen Vorsatz später unter Druck. Seine Vergangenheit ist deshalb nicht nur eine Erklärung für Kampffähigkeiten. Sie bildet ein Problem, das er auf seiner Reise lösen will und bei jeder erneuten Anwendung von Gewalt mit sich trägt.","Kane sucht zunächst Frieden und verzichtet auf weitere Gewalt.","Kane schwört der Gewalt ab und sucht einen friedlichen Lebensweg.","Sein eigener erster Weg ist Gewaltverzicht, kein weiterer Pakt.","Kane zieht sich in ein friedliches Leben zurück und beginnt nicht eine neue Flucht als Seefahrer.","Kane sucht Frieden, weil seine Gewalt Folgen hat.","gering","https://pad.mymovies.it/filmclub/2009/07/266/mymovies.pdf","redaktionell_quellengeprueft"
"F40-030-M1","K-F40-030-M1","","de","Film","Fantasy","Solomon Kane","Solomon Kane","2009","","mittel","Handlung","Fantasy","Fantasy","Merediths Entführung als Anlass für Kanes erneuten Gewalteinsatz verstehen.","„Solomon Kane“: Warum greift Kane (James Purefoy) trotz seines Gewaltverzichts wieder zu den Waffen?","Er will den Klosterbesitz durch eine Eroberung vergrößern","Er will seine frühere Piratenmannschaft zurückgewinnen","Er will die entführte Meredith retten","Er will einen gestohlenen Goldschatz behalten","C","Kane kämpft, um Meredith Crowthorn zu retten.","Die Familie Crowthorn nimmt Solomon Kane (James Purefoy) freundlich auf. Angreifer töten Angehörige und entführen Meredith (Rachel Hurd-Wood). Kane kann die Gewalt nicht verhindern und übernimmt den Auftrag, das Mädchen zurückzuholen. Damit gerät sein Vorsatz in einen Widerspruch: Für ein friedliches Leben hatte er auf Kampf verzichtet, doch die Rettung eines anderen Menschen scheint nun genau diese Fähigkeiten zu verlangen.","Eine Landnahme für das Kloster ist nicht sein Anlass.","Der neue Kampf dient nicht der Rückkehr zur Piraterie.","Kane kämpft, um Meredith Crowthorn zu retten.","Kanes konkrete Rettungsmission gilt einem Menschen, nicht seiner Beute.","Der Gewaltverzicht gerät durch Merediths Entführung unter Druck.","mittel","https://pad.mymovies.it/filmclub/2009/07/266/mymovies.pdf","redaktionell_quellengeprueft"
"F40-030-M2","K-F40-030-M2","","de","Film","Fantasy","Solomon Kane","Solomon Kane","2009","","mittel","Handlung","Fantasy","Fantasy","Merediths Stimme als Wendepunkt während Kanes Kreuzigung kennen.","„Solomon Kane“: Was gibt dem gekreuzigten Kane (James Purefoy) die Kraft, sich zu befreien und die Suche fortzusetzen?","Er sieht seine alte Mannschaft mit einem Schatz zurückkehren","Er erhält einen Brief mit einer königlichen Begnadigung","Er entdeckt die verlorene Waffe seines Vaters","Er hört Merediths Stimme und erkennt, dass sie noch lebt","D","Merediths Stimme widerlegt seinen Glauben, dass die Rettung bereits unmöglich sei.","Solomon Kane (James Purefoy) glaubt nach einer falschen Auskunft, Meredith Crowthorn (Rachel Hurd-Wood) sei tot, und verliert seine Hoffnung. Während seiner Kreuzigung hört er ihre Stimme aus der Gefangenschaft. Die erneute Gewissheit, dass sie lebt, bringt ihn zurück zur Rettungsaufgabe. Der Wendepunkt entsteht damit aus einer korrigierten Information und einer persönlichen Bindung, nicht aus einer plötzlich erhaltenen neuen Waffe.","Eine Rückkehr der Piraten gibt ihm diese Hoffnung nicht.","Eine politische Begnadigung beendet nicht seinen Zusammenbruch.","Eine wiedergefundene Waffe ist nicht der entscheidende Auslöser.","Merediths Stimme widerlegt seinen Glauben, dass die Rettung bereits unmöglich sei.","Merediths Stimme gibt Kane seine Aufgabe zurück.","hoch","https://en.wikipedia.org/wiki/Solomon_Kane_(film)","redaktionell_quellengeprueft"
"F40-030-S1","K-F40-030-S1","","de","Film","Fantasy","Solomon Kane","Solomon Kane","2009","","schwer","Handlung","Fantasy","Fantasy","Die Identität des maskierten Anführers und ihren familiären Hintergrund kennen.","Wer verbirgt sich in „Solomon Kane“ hinter dem maskierten Anführer der Verfolger?","Kanes Bruder Marcus","Kanes Vater Josiah","Der gastfreundliche William Crowthorn","Der Priester Michael","A","Der maskierte Anführer ist Kanes Bruder Marcus.","Der maskierte Anführer ist Marcus (Samuel Roukin), der Bruder von Solomon Kane (James Purefoy). Ihr Vater Josiah (Max von Sydow) ließ sich auf Malachi (Jason Flemyng) ein, um den schwer verletzten Marcus zu retten. Die erhoffte Heilung machte den Sohn jedoch zu einem Werkzeug der dunklen Macht. Die Enthüllung verbindet die äußere Rettungsmission mit Kanes eigener Familiengeschichte und den Folgen eines verzweifelten Handels.","Der maskierte Anführer ist Kanes Bruder Marcus.","Josiah erklärt das Familiengeheimnis, ist aber nicht der maskierte Anführer.","William gehört zur Familie, die Kane aufnimmt, nicht zu den Verfolgern.","Michael ist eine andere gefährliche Figur und nicht Kanes maskierter Bruder.","Unter der Maske steckt Kanes eigene Familiengeschichte.","hoch","https://en.wikipedia.org/wiki/Solomon_Kane_(film)|https://www.filmdienst.de/film/details/536362/solomon-kane","redaktionell_quellengeprueft"
"F40-030-S2","K-F40-030-S2","","de","Film","Fantasy","Solomon Kane","Solomon Kane","2009","","schwer","Handlung","Fantasy","Fantasy","Den Film als eigens entwickelte Vorgeschichte einer vorhandenen Literaturfigur einordnen.","Wie geht „Solomon Kane“ mit Robert E. Howards literarischer Figur um?","Er verfilmt eine einzelne Erzählung ohne neue Ursprungshandlung","Er entwickelt eine eigene Vorgeschichte für den späteren Wanderer","Er kombiniert mehrere Erzählungen zu einer späteren Abenteuerreise","Er führt die letzte literarische Erzählung als neue Fortsetzung weiter","B","Der Film entwickelt eine eigene Ursprungsgeschichte für Howards bereits vorhandene Figur.","Robert E. Howard schuf Solomon Kane als literarischen Wanderer in fantastischen Abenteuern. James Purefoy erläutert im Interview, dass die Erzählungen keine ausgearbeitete Vorgeschichte für diesen bereits handelnden Mann liefern. Der Film ergänzt deshalb einen Weg von Gewalt, Schuld und Erlösung. Es ist eine Adaption der Figur und ihrer Welt, deren Ursprung eigens erzählt wird, statt eine einzelne Howard-Geschichte unverändert auf die Leinwand zu übertragen.","Die Filmhandlung ergänzt ausdrücklich eine Vorgeschichte.","Der Film entwickelt eine eigene Ursprungsgeschichte für Howards bereits vorhandene Figur.","Der Schwerpunkt liegt auf einer neu entwickelten Ursprungsgeschichte.","Der Film setzt vor dem bekannten Wanderer an und nicht nach einer letzten Erzählung.","Howards Wanderer erhält im Film eine neue Vorgeschichte.","keine","https://pad.mymovies.it/filmclub/2009/07/266/mymovies.pdf|https://www.denofgeek.com/movies/solomon-kane-james-purefoy-interview/","redaktionell_quellengeprueft"
"F40-030-Y","K-F40-030-Y","","de","Film","Fantasy","Solomon Kane","Solomon Kane","2009","","schwer","Filmgeschichte","Fantasy","Fantasy","Erstes Veröffentlichungsjahr der eindeutig bestimmten Filmfassung kennen.","In welchem Jahr wurde „Solomon Kane“ mit James Purefoy erstmals öffentlich gezeigt?","2006","2010","2009","2012","C","Das erste Veröffentlichungsjahr ist 2009.","„Solomon Kane“ wurde bereits 2009 auf Filmfestivals gezeigt. Allgemeine Kinostarts in mehreren Ländern folgten 2010 und später; sie ändern die erste Veröffentlichung nicht. Filmdienst führt die britisch-französisch-tschechische Produktion unter 2009. James Purefoy spielt den Wanderer, dessen Filmvorgeschichte aus Gewalt, Schuld und einem Rettungsauftrag entsteht. Das gewählte Filmjahr bezieht sich auf diese erste öffentliche Fassung und nicht auf den späteren deutschen Heimkinostart.","Die erste Veröffentlichung erfolgte erst 2009.","Der Film wurde bereits 2009 erstmals veröffentlicht.","Das erste Veröffentlichungsjahr ist 2009.","Der Film wurde bereits 2009 erstmals veröffentlicht.","Solomon Kane: 2009.","keine","https://en.wikipedia.org/wiki/Solomon_Kane_(film)|https://www.filmdienst.de/film/details/536362/solomon-kane","redaktionell_quellengeprueft"
"F40-030-D","K-F40-030-D","","de","Film","Fantasy","Solomon Kane","Solomon Kane","2009","","schwer","Filmgeschichte","Fantasy","Fantasy","Vollständigen Hauptregiecredit dieser Filmfassung kennen.","Wer ist im historischen Filmcredit als Regisseur von „Solomon Kane“ mit James Purefoy genannt?","Christopher Smith","Neil Marshall","Scott Stewart","Michael J. Bassett","D","Regie führte Michael J. Bassett.","Das Pressebuch nennt Michael J. Bassett als Drehbuchautor und Regisseur. Dieselbe Person wird heute auch als M. J. Bassett geführt. Die Produktion verwendet Robert E. Howards bestehende Figur, ergänzt aber eine eigene Vorgeschichte. Solomon Kane (James Purefoy) versucht, die Folgen seiner gewalttätigen Vergangenheit zu überwinden. Der vollständige historische Filmcredit wird deshalb als Zuordnung dieses konkreten Werks bewahrt und von der literarischen Urheberschaft unterschieden.","Smith ist nicht im Hauptregiecredit von „Solomon Kane“ genannt.","Marshall ist nicht der Hauptregisseur dieser Produktion.","Stewart führte nicht bei dieser Kane-Verfilmung Regie.","Regie führte Michael J. Bassett.","Solomon Kane – Michael J. Bassett.","keine","https://pad.mymovies.it/filmclub/2009/07/266/mymovies.pdf|https://www.filmdienst.de/film/details/536362/solomon-kane","redaktionell_quellengeprueft"
"F40-031-L1","K-F40-031-L1","","de","Film","Komödie","Dänische Delikatessen","De grønne slagtere","2003","","leicht","Handlung","Komödie","Komödie","Die gemeinsame Metzgerei als beruflichen Neuanfang erkennen.","Welches Geschäft machen Svend (Mads Mikkelsen) und Bjarne (Nikolaj Lie Kaas) in „Dänische Delikatessen“ auf eigene Rechnung auf?","Eine Metzgerei","Eine Bäckerei","Ein Fischrestaurant","Eine Brauerei","A","Sie eröffnen eine eigene Metzgerei, um ihrem bisherigen Chef zu entkommen.","Svend (Mads Mikkelsen) und Bjarne (Nikolaj Lie Kaas) wollen sich vom erniedrigenden Umgang ihres Arbeitgebers lösen. Das eigene Geschäft verspricht Selbstbestimmung und Anerkennung. Zunächst bleiben die Kunden aus. Der folgende Erfolg löst deshalb nicht einfach ihren beruflichen Wunsch ein, sondern führt sie in einen Konflikt, der die ersehnte Anerkennung mit einer makabren Grenzüberschreitung verbindet.","Sie eröffnen eine eigene Metzgerei, um ihrem bisherigen Chef zu entkommen.","Sie eröffnen keine Bäckerei.","Ihr gemeinsames Geschäft ist kein Fischrestaurant.","Die Selbstständigkeit beginnt nicht mit einer Brauerei.","Zwei Metzger suchen Freiheit im eigenen Laden.","Handlung","https://www.filmdienst.de/film/details/522827/danische-delikatessen|https://cineuropa.org/en/film/20016/","redaktionell_geprueft"
"F40-031-L2","K-F40-031-L2","","de","Film","Komödie","Dänische Delikatessen","De grønne slagtere","2003","","leicht","Handlung","Komödie","Komödie","Menschenfleisch als makabres Verkaufsgeheimnis kennen.","Welches Geheimnis steckt in den zunächst so erfolgreichen Fleischwaren von „Dänische Delikatessen“?","Die Waren bestehen vollständig aus Pflanzen.","Die Metzger verarbeiten Menschenfleisch.","Die Metzger schmuggeln seltenes Wildfleisch.","Die Waren werden aus gestohlenen Konserven hergestellt.","B","Die neue Metzgerei verkauft Menschenfleisch, ohne die Kunden darüber zu informieren.","Der wirtschaftliche Erfolg verschiebt die moralischen Grenzen von Svend (Mads Mikkelsen) und Bjarne (Nikolaj Lie Kaas). Die Anerkennung der Kunden stärkt den Wunsch, das Geheimnis aufrechtzuerhalten. Der Film behandelt das Grauen mit schwarzem Humor, weil die beteiligten Figuren weiter von guter Ware und beruflichem Erfolg sprechen. Gerade die alltägliche Geschäftssprache verschärft den makabren Gegensatz.","Die makabre Enthüllung betrifft Menschenfleisch, keine Pflanzenprodukte.","Die neue Metzgerei verkauft Menschenfleisch, ohne die Kunden darüber zu informieren.","Seltenes Wildfleisch ist nicht das geheime Ausgangsmaterial.","Konserven bilden nicht dieses Verkaufsgeheimnis.","Erfolg im Laden verdeckt ein menschenfeindliches Geheimnis.","Auflösung","https://www.filmdienst.de/film/details/522827/danische-delikatessen","redaktionell_geprueft"
"F40-031-M1","K-F40-031-M1","","de","Film","Komödie","Dänische Delikatessen","De grønne slagtere","2003","","mittel","Handlung","Komödie","Komödie","Den versehentlich eingeschlossenen Elektriker als erstes Opfer erkennen.","Welches Ereignis setzt die Verarbeitung von Menschenfleisch in „Dänische Delikatessen“ in Gang?","Ein Wachmann stirbt während eines nächtlichen Einbruchs im Laden.","Ein Lieferant wird von der Kundschaft nach einem Streit erschlagen.","Ein Elektriker wird versehentlich im Kühlraum eingeschlossen.","Ein Kunde bricht nach einer Fleischprobe tot zusammen.","C","Svend schließt versehentlich einen Elektriker im Kühlraum ein.","Svend (Mads Mikkelsen) schließt einen Elektriker versehentlich im Kühlraum ein. Nach dessen Tod verkauft er Fleisch des Toten an den früheren Chef Holger (Ole Thestrup), der eine Bestellung aufgegeben hat. Der Kundenerfolg verleitet Svend dazu, weiterzumachen; Bjarne (Nikolaj Lie Kaas) lässt sich darauf ein. So wird aus einem Unfall eine bewusste Praxis, deren Fortsetzung neue Opfer verlangt.","Die erste Leiche stammt von einem versehentlich eingeschlossenen Elektriker.","Ein erschlagener Lieferant ist nicht der Beginn.","Svend schließt versehentlich einen Elektriker im Kühlraum ein.","Ein gestorbener Kunde nach einer Probe löst die Verarbeitung nicht aus.","Der Unfall beginnt die Geschichte; die Verarbeitung ist eine Entscheidung.","Auflösung","https://en.wikipedia.org/wiki/The_Green_Butchers","redaktionell_geprueft"
"F40-031-M2","K-F40-031-M2","","de","Film","Komödie","Dänische Delikatessen","De grønne slagtere","2003","","mittel","Figur","Komödie","Komödie","Die Zwillingsbeziehung und ihre gemeinsame Darstellung erkennen.","Was verbindet Bjarne und Eigil in „Dänische Delikatessen“?","Sie sind Vater und Sohn, beide gespielt von Mads Mikkelsen.","Sie sind Halbbrüder, gespielt von zwei verschiedenen Darstellern.","Sie sind frühere Schulkameraden ohne familiäre Beziehung.","Sie sind Zwillingsbrüder, beide gespielt von Nikolaj Lie Kaas.","D","Bjarne und Eigil sind Zwillinge; Nikolaj Lie Kaas übernimmt beide Rollen.","Bjarne und Eigil werden beide von Nikolaj Lie Kaas gespielt und haben unterschiedliche Lebensgeschichten. Bjarne ist Metzger; Eigil ist sein vegetarischer, tierliebender Zwillingsbruder, der nach langem Koma erwacht. Als Eigil tote Hühner aus der Metzgerei zum Friedhof bringt, begegnet er Astrid (Line Kruse). Die Doppelrolle verteilt das ähnliche Aussehen auf zwei eigene Figuren, deren Entscheidungen und Verhalten sich stark unterscheiden.","Bjarne und Eigil sind nicht Vater und Sohn und werden nicht von Mikkelsen gespielt.","Es handelt sich um Zwillinge in einer Doppelrolle.","Die beiden sind familiär verbunden, nicht nur alte Schulkameraden.","Bjarne und Eigil sind Zwillinge; Nikolaj Lie Kaas übernimmt beide Rollen.","Ein Darsteller, zwei Brüder, gegensätzliche Beziehungen zu Tieren.","Handlung","https://www.filmdienst.de/film/details/522827/danische-delikatessen|https://en.wikipedia.org/wiki/The_Green_Butchers","redaktionell_geprueft"
"F40-031-S1","K-F40-031-S1","","de","Film","Komödie","Dänische Delikatessen","De grønne slagtere","2003","","schwer","Handlung","Komödie","Komödie","Die Marinade statt Menschenfleisch als entscheidenden Geschmacksträger erkennen.","Welche Entdeckung stellt im Schluss von „Dänische Delikatessen“ das vermeintliche Erfolgsgeheimnis der Metzgerei auf den Kopf?","Die Kunden mochten vor allem Svends Marinade.","Die Kunden mochten vor allem die Würzmischung des früheren Chefs.","Die Kunden kamen hauptsächlich wegen heimlich gesenkter Preise.","Die Kunden glaubten einem Gerücht über besonders hochwertiges Biofleisch.","A","Auch normales Hühnerfleisch ist mit Svends Marinade beliebt.","Bjarne (Nikolaj Lie Kaas) verkauft am Ende gewöhnliches Hühnerfleisch und erkennt, dass Svends (Mads Mikkelsen) Marinade den Geschmack bestimmt hat. Die Grausamkeit war demnach nicht nötig, um die Kunden zu gewinnen. Diese Pointe kehrt den Stolz auf das vermeintliche Geheimrezept um: Die beiden besitzen eine brauchbare Fähigkeit, haben aber aus ihrer Unsicherheit einen mörderischen Irrweg gemacht.","Auch normales Hühnerfleisch ist mit Svends Marinade beliebt.","Das Erfolgsgeheimnis ist Svends eigene Marinade, keine Mischung des früheren Chefs.","Der Schluss erklärt den Erfolg durch Geschmack, nicht durch heimliche Preisnachlässe.","Ein Biofleischgerücht ist nicht die entdeckte Erklärung.","Die Marinade funktioniert; das Menschenfleisch war nicht nötig.","Auflösung","https://en.wikipedia.org/wiki/The_Green_Butchers","redaktionell_geprueft"
"F40-031-S2","K-F40-031-S2","","de","Film","Komödie","Dänische Delikatessen","De grønne slagtere","2003","","schwer","Inszenierung","Komödie","Komödie","Die bewusst arrangierte, stilisierte Gestaltung statt Dogma-Naturalismus kennen.","Wie unterscheidet sich die Inszenierung von „Dänische Delikatessen“ von den Dogma-Regeln, mit denen Anders Thomas Jensen zuvor gearbeitet hatte?","Sie setzt konsequent auf vorhandene Drehorte und natürliche Beleuchtung.","Sie nutzt bewusst arrangierte Kulissen und Perspektiven.","Sie ahmt mit improvisiert wirkender Kamera einen dokumentarischen Alltag nach.","Sie macht aus dem Stoff eine Folge unmittelbar gefilmter Bühnensketches.","B","Jensen verlässt die Dogma-Regeln zugunsten einer bewusst stilisierten Groteske.","Filmdienst beschreibt Figuren, Kulissen und Perspektiven als gezielt ausgearbeitet. Die Gestaltung erinnert an eine groteske Märchenwelt und verbindet Klamotte mit Düsternis. Der Bezug zu Dogma hilft, eine konkrete Entscheidung einzuordnen: Jensen übernimmt nicht einfach eine vertraute Produktionsregel, sondern wählt für diesen Stoff einen anderen visuellen Rahmen. Das betrifft die Inszenierung, nicht die Nationalität des Films.","Die Kritik beschreibt eine gezielte Abkehr von den Dogma-Regeln durch arrangierte Gestaltung.","Jensen verlässt die Dogma-Regeln zugunsten einer bewusst stilisierten Groteske.","Dokumentarisch wirkender Naturalismus ist nicht die dort beschriebene Entscheidung.","Die Groteske wird filmisch arrangiert, nicht als Reihe abgefilmter Sketche gestaltet.","Die Delikatessen entstehen in einer arrangierten Groteskenwelt.","keine","https://www.filmdienst.de/film/details/522827/danische-delikatessen","redaktionell_geprueft"
"F40-031-Y","K-F40-031-Y","","de","Film","Komödie","Dänische Delikatessen","De grønne slagtere","2003","","mittel","Erscheinungsjahr","Komödie","Komödie","Die erste Veröffentlichung von „De grønne slagtere“ dem Jahr 2003 zuordnen.","In welchem Jahr wurde „Dänische Delikatessen“ erstmals veröffentlicht?","1995","1999","2003","2011","C","Die erste Veröffentlichung dieser Fassung war 2003.","„Dänische Delikatessen“ wurde 2003 erstmals in Dänemark gezeigt und kam dort im März in die Kinos. Die amerikanische Kinoveröffentlichung folgte erst 2004. Die schwarze Komödie erzählt von zwei Metzgern, die sich mit einem eigenen Geschäft unabhängig machen wollen. Der Sprung vom alltäglichen Berufswunsch zur grotesken Katastrophe gehört damit zu dieser dänischen Filmfassung von 2003.","1995 ist nicht das Jahr der ersten Veröffentlichung dieser Filmfassung.","1999 ist nicht das Jahr der ersten Veröffentlichung dieser Filmfassung.","Die erste Veröffentlichung dieser Fassung war 2003.","2011 ist nicht das Jahr der ersten Veröffentlichung dieser Filmfassung.","De grønne slagtere: erste Veröffentlichung 2003.","keine","https://cineuropa.org/en/film/20016/|https://www.filmdienst.de/film/details/522827/danische-delikatessen|https://en.wikipedia.org/wiki/The_Green_Butchers","redaktionell_geprueft"
"F40-031-D","K-F40-031-D","","de","Film","Komödie","Dänische Delikatessen","De grønne slagtere","2003","","mittel","Regie","Komödie","Komödie","Den vollständigen offiziellen Regiecredit von „De grønne slagtere“ kennen.","Wer führte bei „Dänische Delikatessen“ Regie?","Lars von Trier","Susanne Bier","Nicolas Winding Refn","Anders Thomas Jensen","D","Der offizielle Regiecredit lautet Anders Thomas Jensen.","Anders Thomas Jensen schrieb und inszenierte „Dänische Delikatessen“. Der Film führt einen alltäglichen beruflichen Wunsch in eine bewusst künstlich gestaltete schwarze Komödie. Jensen hatte zuvor auch an Dogma-Filmen mitgearbeitet. Für diesen Stoff wählte er einen anderen Rahmen: streng arrangierte Figuren und Räume unterstützen die Mischung aus groteskem Märchen, Alltagsgespräch und moralischer Katastrophe.","Lars von Trier ist nicht der offizielle Regiecredit dieses Films.","Susanne Bier ist nicht der offizielle Regiecredit dieses Films.","Nicolas Winding Refn ist nicht der offizielle Regiecredit dieses Films.","Der offizielle Regiecredit lautet Anders Thomas Jensen.","De grønne slagtere: Regie Anders Thomas Jensen.","keine","https://www.filmdienst.de/film/details/522827/danische-delikatessen","redaktionell_geprueft"
"F40-032-L1","K-F40-032-L1","","de","Film","Komödie","Four Lions","Four Lions","2010","","leicht","Handlung","Komödie","Komödie","Die britischen Möchtegern-Selbstmordattentäter als Zentrum der Satire erkennen.","Welche Gruppe steht im Mittelpunkt der schwarzen Komödie „Four Lions“?","Eine Gruppe ungeschickter islamistischer Attentäter","Eine Gruppe verdeckter Terrorfahnder","Eine Gruppe internationaler Waffeninspektoren","Eine Gruppe von Geiseln in einer Botschaft","A","Der Film verfolgt eine Gruppe britischer Möchtegern-Selbstmordattentäter.","Die Gruppe um Omar (Riz Ahmed) möchte einen Anschlag vorbereiten, scheitert aber immer wieder an Unfähigkeit, Streit und widersprüchlichen Ideen. Die Satire zeigt ihre Gewalttätigkeit und ihre banalen Alltagszüge nebeneinander. Das Wissen um ihre Absicht bleibt dabei entscheidend: Ihre lächerlichen Handlungen beseitigen nicht die reale Gefahr, die von ihrem Vorhaben ausgeht.","Der Film verfolgt eine Gruppe britischer Möchtegern-Selbstmordattentäter.","Die Hauptfiguren sind keine verdeckten Fahnder.","Waffeninspektoren stehen nicht im Zentrum.","Der Film beginnt nicht mit einer Gruppe von Botschaftsgeiseln.","Die Täter sind lächerlich, ihr Vorhaben bleibt tödlich.","Handlung","https://www.filmdienst.de/film/details/537268/four-lions|https://www.comingsoon.net/movies/features/70945-exclusive-four-lions-director-chris-morris","redaktionell_geprueft"
"F40-032-L2","K-F40-032-L2","","de","Film","Komödie","Four Lions","Four Lions","2010","","leicht","Handlung","Komödie","Komödie","Die britische Alltagsumgebung statt eines ausländischen Kriegsgebiets als Ausgangsort erkennen.","In welchem Land lebt die Gruppe um Omar (Riz Ahmed), bevor sie den Anschlag in „Four Lions“ vorbereitet?","Pakistan","Großbritannien","Afghanistan","Irak","B","Die Gruppe lebt in Großbritannien, konkret im englischen Sheffield.","Das britische Umfeld ist für den Humor und die Figuren wichtig. Omar (Riz Ahmed) und seine Mitstreiter bewegen sich nicht dauerhaft in einem entfernten Kriegsgebiet, sondern zwischen vertrautem Alltag und fanatischem Plan. Eine Reise zum Training in Pakistan bildet eine eigene Episode. Die Unterscheidung verhindert, Herkunft, Ausbildungsort und tatsächlichen Lebensraum einfach gleichzusetzen.","Omar und Waj reisen nach Pakistan zum Training; die Gruppe lebt in Großbritannien.","Die Gruppe lebt in Großbritannien, konkret im englischen Sheffield.","Afghanistan ist nicht ihr britischer Wohn- und Ausgangsort.","Irak ist nicht der Ausgangsort der Filmgruppe.","Britischer Alltag und Terrorplan stehen direkt nebeneinander.","Handlung","https://www.filmdienst.de/film/details/537268/four-lions|https://www.comingsoon.net/movies/features/70945-exclusive-four-lions-director-chris-morris","redaktionell_geprueft"
"F40-032-M1","K-F40-032-M1","","de","Film","Komödie","Four Lions","Four Lions","2010","","mittel","Handlung","Komödie","Komödie","Den London-Marathon als gewähltes Anschlagsziel kennen.","Welche Gelegenheit wählt die Gruppe in „Four Lions“ für ihren Anschlag, nachdem verschiedene Ziele diskutiert wurden?","Ein internationales Cricketfinale","Eine royale Hochzeitsparade","Den London-Marathon","Ein Parteitag im Kongresszentrum","C","Die Gruppe plant den Anschlag während des London-Marathons.","Der Marathon erlaubt den Männern, zwischen vielen kostümierten Teilnehmern zu erscheinen. Verkleidungen sollen die Sprengsätze verdecken, erzeugen aber zusätzliche Missverständnisse. Die öffentliche Veranstaltung verbindet den Anschlagsplan mit dem alltäglichen Stadtleben. Im Finale bleiben dadurch viele Menschen gefährdet, die weder die Absichten der Gruppe kennen noch zu ihrem inneren Streit gehören.","Ein Cricketfinale wird nicht zum gewählten Anschlagsziel.","Eine royale Hochzeitsparade ist nicht das Ziel des Finales.","Die Gruppe plant den Anschlag während des London-Marathons.","Die Gruppe entscheidet sich nicht für diesen Parteitag.","Der Marathon macht die Verkleidung zur Tarnung.","Handlung","https://www.filmdienst.de/film/details/537268/four-lions|https://www.comingsoon.net/movies/features/70945-exclusive-four-lions-director-chris-morris","redaktionell_geprueft"
"F40-032-M2","K-F40-032-M2","","de","Film","Komödie","Four Lions","Four Lions","2010","","mittel","Handlung","Komödie","Komödie","Die absurde Schutzmaßnahme gegen vermeintliche Satellitenfotos kennen.","Warum schütteln die Männer in „Four Lions“ beim Bewegen im Freien absichtlich ihre Köpfe?","Sie wollen ein vorher vereinbartes Warnsignal an ihre Begleiter geben.","Sie wollen prüfen, ob ein unauffälliger Verfolger ihre Bewegungen nachahmt.","Sie wollen ihre Funkmikrofone durch das Reiben an der Kleidung verdecken.","Sie wollen scharfe Überwachungsfotos ihrer Gesichter verhindern.","D","Sie glauben, das Kopfschütteln mache ihre Gesichter auf Satellitenbildern unkenntlich.","Die Männer behandeln eine selbst ausgedachte Vorsichtsmaßnahme wie professionelle Planung. Ihre Angst vor Überwachung trifft auf ein kindlich vereinfachtes Verständnis der Technik. Der Witz entsteht aus der ernsthaften Durchführung dieser Idee. Er zeigt eine konkrete Lücke zwischen dem Selbstbild der Täter und ihren Fähigkeiten, während der gefährliche Plan weiterhin bestehen bleibt.","Das Kopfschütteln soll Bilder unscharf machen, kein Warnsignal übermitteln.","Die Bewegung dient nicht dieser Verfolgerprobe.","Es geht um vermeintliche Satellitenfotos, nicht um ein verdecktes Funkmikrofon.","Sie glauben, das Kopfschütteln mache ihre Gesichter auf Satellitenbildern unkenntlich.","Vermeintliche Profis schütteln gegen scharfe Satellitenbilder an.","Handlung","https://www.filmdienst.de/film/details/537268/four-lions","redaktionell_geprueft"
"F40-032-S1","K-F40-032-S1","","de","Film","Komödie","Four Lions","Four Lions","2010","","schwer","Handlung","Komödie","Komödie","Die Verwechslung des Honey-Monster-Kostüms mit einem Wookie-Kostüm als gefährlichen Irrtum kennen.","Welche Verwechslung führt im Marathonfinale von „Four Lions“ dazu, dass Polizeischützen einen Unbeteiligten treffen?","Sie verwechseln ein Honey-Monster-Kostüm mit einem Wookie-Kostüm.","Sie verwechseln ein Bärenkostüm mit einem Löwenkostüm.","Sie verwechseln ein Ninja-Turtle-Kostüm mit einem Schildkrötenkostüm.","Sie verwechseln eine Riesenente mit einem Pinguinkostüm.","A","Die Beschreibung des Honey Monster führt zu einem tödlichen Irrtum mit einem Wookie-Kostüm.","Die Polizei sucht im Marathon nach einem Verdächtigen im Honey-Monster-Kostüm. Bei der Weitergabe und Deutung der Beschreibung halten Scharfschützen einen anderen Läufer im Wookie-Kostüm für das Ziel und töten ihn. Der Wookie gehört zur Figurenwelt von „Star Wars“. Die Szene macht die Folgen ungenauer Verständigung konkret: Der Irrtum betrifft einen unbeteiligten Menschen, während der tatsächliche Anschlagsplan noch nicht beendet ist.","Die Beschreibung des Honey Monster führt zu einem tödlichen Irrtum mit einem Wookie-Kostüm.","Die konkrete Fehlbeschreibung betrifft Honey Monster und Wookie, nicht Bär und Löwe.","Ninja Turtle und Schildkröte sind nicht die tödliche Verwechslung dieser Szene.","Eine Ente und ein Pinguin bilden nicht das gesuchte Kostümpaar.","Ähnliche Kostüme werden im Ernstfall zur tödlichen Verwechslung.","Auflösung","https://en.wikipedia.org/wiki/Four_Lions","redaktionell_geprueft"
"F40-032-S2","K-F40-032-S2","","de","Film","Komödie","Four Lions","Four Lions","2010","","schwer","Produktion","Komödie","Komödie","Einen langen Terrorprozess und dessen Überwachungsmaterial als konkrete Recherchegrundlage kennen.","Welche Recherche schilderte Chris Morris als besonders aufschlussreich für die Entwicklung von „Four Lions“?","Eine längere Hospitation bei einem polizeilichen Terrorabwehrteam","Einen langen Terrorprozess mit umfangreichen Überwachungsunterlagen","Eine Reihe von Gesprächen ausschließlich mit Angehörigen von Anschlagsopfern","Eine Auswertung früherer Spielfilme über britische Terrorgruppen","B","Morris besuchte einen Terrorprozess und studierte umfangreiches Überwachungsmaterial.","Chris Morris erzählte, dass ihm die aufgezeichneten Gespräche eines langen Prozesses die Beteiligten dreidimensionaler erscheinen ließen. Dabei fielen ihm banale Gespräche, Missverständnisse und Unfähigkeit neben dem gefährlichen Vorhaben auf. Die Recherche lieferte keine Entschuldigung für Terror. Sie half ihm vielmehr, eine Komödie über konkrete Menschen und Abläufe statt nur über abstrakte Feindbilder zu entwickeln.","Morris schildert den Prozess und aufgezeichnete Gespräche, nicht diese Polizeihospitation.","Morris besuchte einen Terrorprozess und studierte umfangreiches Überwachungsmaterial.","Die besonders aufschlussreiche Recherche betrifft Tätergespräche, keine ausschließlich geführte Opferangehörigen-Befragung.","Er nennt reales Prozessmaterial, keine Spielfilmanalyse als diese Grundlage.","Aufgezeichnete Alltagsgespräche machten die Täter für Morris konkreter.","keine","https://www.comingsoon.net/movies/features/70945-exclusive-four-lions-director-chris-morris","redaktionell_geprueft"
"F40-032-Y","K-F40-032-Y","","de","Film","Komödie","Four Lions","Four Lions","2010","","mittel","Erscheinungsjahr","Komödie","Komödie","Die erste Veröffentlichung von „Four Lions“ dem Jahr 2010 zuordnen.","In welchem Jahr wurde „Four Lions“ erstmals veröffentlicht?","2002","2006","2010","2018","C","Die erste Veröffentlichung dieser Fassung war 2010.","„Four Lions“ wurde 2010 erstmals beim Sundance Film Festival gezeigt und kam im selben Jahr in die britischen Kinos. Chris Morris entwickelte die Satire aus längerer Recherche zu realen extremistischen Gruppen und Gerichtsverfahren. Das Erscheinungsjahr datiert daher den fertigen Film, nicht den Beginn seiner Recherche oder eines der untersuchten Terrorverfahren.","2002 ist nicht das Jahr der ersten Veröffentlichung dieser Filmfassung.","2006 ist nicht das Jahr der ersten Veröffentlichung dieser Filmfassung.","Die erste Veröffentlichung dieser Fassung war 2010.","2018 ist nicht das Jahr der ersten Veröffentlichung dieser Filmfassung.","Four Lions: erste Veröffentlichung 2010.","keine","https://en.wikipedia.org/wiki/Four_Lions|https://www.comingsoon.net/movies/features/70945-exclusive-four-lions-director-chris-morris","redaktionell_geprueft"
"F40-032-D","K-F40-032-D","","de","Film","Komödie","Four Lions","Four Lions","2010","","mittel","Regie","Komödie","Komödie","Den vollständigen offiziellen Regiecredit von „Four Lions“ kennen.","Wer führte bei „Four Lions“ Regie?","Armando Iannucci","Jesse Armstrong","Sam Bain","Chris Morris","D","Der offizielle Regiecredit lautet Chris Morris.","Chris Morris führte Regie und schrieb das Drehbuch gemeinsam mit Jesse Armstrong und Sam Bain. Armstrong und Bain sind also tatsächlich am Film beteiligt, übernehmen aber nicht den Regiecredit. Morris erklärte im Interview, dass seine Recherche die Banalisierung und Unfähigkeit innerhalb gefährlicher Pläne sichtbar gemacht habe. Dieser konkrete Beobachtungsansatz bestimmt den Stoff der schwarzen Komödie.","Armando Iannucci ist nicht der offizielle Regiecredit dieses Films.","Jesse Armstrong ist nicht der offizielle Regiecredit dieses Films.","Sam Bain ist nicht der offizielle Regiecredit dieses Films.","Der offizielle Regiecredit lautet Chris Morris.","Four Lions: Regie Chris Morris.","keine","https://www.filmdienst.de/film/details/537268/four-lions|https://www.comingsoon.net/movies/features/70945-exclusive-four-lions-director-chris-morris","redaktionell_geprueft"
"F40-033-L1","K-F40-033-L1","","de","Film","Komödie","Die Zeit nach Mitternacht","After Hours","1985","","leicht","Handlung","Komödie","Komödie","Pauls Wunsch nach Heimkehr als Motor der nächtlichen Ereigniskette erkennen.","Was möchte Paul Hackett (Griffin Dunne) nach Beginn seiner Irrfahrt in „Die Zeit nach Mitternacht“ vor allem erreichen?","Er möchte nach Hause zurückkehren.","Er möchte eine verloren gegangene Verabredung wiederfinden.","Er möchte eine gestohlene Skulptur zurückholen.","Er möchte noch vor Morgen einen Clubauftritt sehen.","A","Paul versucht zunehmend verzweifelt, wieder nach Hause zu gelangen.","Paul Hackett (Griffin Dunne) bricht aus seiner gewöhnlichen Routine auf, doch aus einer möglichen Begegnung wird eine Nacht voller unerwarteter Hindernisse. Sein Ziel wird immer bescheidener: Er möchte nur zurück. Gerade der einfache Wunsch nach Heimkehr macht die Folge widersprüchlicher Begegnungen komisch und bedrohlich. Ein kurzer Ausflug wächst zu einer kaum beherrschbaren Reise durch die Stadt.","Paul versucht zunehmend verzweifelt, wieder nach Hause zu gelangen.","Die erneute Suche nach einer Verabredung ist nicht sein zunehmend beherrschendes Ziel.","Paul verfolgt nicht vor allem eine gestohlene Skulptur.","Ein Clubauftritt ist nicht der Zweck seiner Irrfahrt.","Paul will kein Abenteuer mehr, sondern endlich nach Hause.","Handlung","https://www.criterion.com/films/29632-after-hours","redaktionell_geprueft"
"F40-033-L2","K-F40-033-L2","","de","Film","Komödie","Die Zeit nach Mitternacht","After Hours","1985","","leicht","Handlung","Komödie","Komödie","New York als urbanen Handlungsraum des Films kennen.","Welche Stadt bildet die nächtliche Welt von „Die Zeit nach Mitternacht“?","Los Angeles","New York","Chicago","San Francisco","B","Die Geschichte spielt in New York, vor allem im Manhattaner Viertel SoHo.","Paul Hackett (Griffin Dunne) bewegt sich vom vertrauten Büroalltag in die nächtliche SoHo-Welt. Die Stadt erscheint ihm zunehmend fremd, obwohl er kein fernes Land bereist. Wohnungen, Bars, Straßen und ein Club bieten kurz Schutz und werden dann zu neuen Schwierigkeiten. So entsteht aus einem konkreten New Yorker Viertel ein eng verbundenes Netz von Begegnungen und Sackgassen.","Der Film spielt nicht in der Nachtwelt von Los Angeles.","Die Geschichte spielt in New York, vor allem im Manhattaner Viertel SoHo.","Chicago ist nicht Pauls Handlungsstadt.","San Francisco bildet nicht den urbanen Raum dieser Geschichte.","Ein New Yorker wird in der eigenen Stadt zum Fremden.","Handlung","https://www.criterion.com/films/29632-after-hours","redaktionell_geprueft"
"F40-033-M1","K-F40-033-M1","","de","Film","Komödie","Die Zeit nach Mitternacht","After Hours","1985","","mittel","Handlung","Komödie","Komödie","Den aus dem Taxifenster gewehten Geldschein als frühe Ursache seiner Not kennen.","Warum steht Paul (Griffin Dunne) schon nach der Taxifahrt in „Die Zeit nach Mitternacht“ fast ohne Geld da?","Ein Taschendieb stiehlt beim Einsteigen seinen letzten Geldschein.","Er lässt seine Geldbörse im Taxi liegen.","Sein letzter Geldschein weht aus dem offenen Taxifenster.","Der Fahrer zieht nach einem Streit die gesamte Barschaft ein.","C","Pauls letzter Geldschein wird während der Fahrt aus dem Fenster geweht.","Ein kleiner Verlust verändert Paul Hacketts (Griffin Dunne) Handlungsmöglichkeiten. Ohne Geld wird selbst eine gewöhnliche Heimfahrt schwierig. Der Film macht daraus keine große geplante Katastrophe, sondern lässt eine beiläufige Bewegung weitreichende Folgen haben. Geld und andere alltägliche Gegenstände werden so zu Hindernissen, die Paul immer tiefer in die fremde Nachtwelt hineinziehen.","Paul wird bei dieser Fahrt nicht durch einen Taschendieb um das Geld gebracht.","Der entscheidende Verlust ist ein hinausgewehter Schein, keine liegen gelassene Börse.","Pauls letzter Geldschein wird während der Fahrt aus dem Fenster geweht.","Der Fahrer kassiert nicht Pauls gesamte Barschaft als Strafe.","Ein weggewehter Schein kostet Paul den einfachen Rückweg.","Handlung","https://www.criterion.com/current/posts/8197-after-hours-no-exit","redaktionell_geprueft"
"F40-033-M2","K-F40-033-M2","","de","Film","Komödie","Die Zeit nach Mitternacht","After Hours","1985","","mittel","Handlung","Komödie","Komödie","Pauls Tarnung als Skulptur durch Papiermaché erkennen.","Wie entzieht June (Verna Bloom) Paul (Griffin Dunne) in „Die Zeit nach Mitternacht“ dem suchenden Mob?","Sie verbirgt ihn in einer großen Transportkiste für Kunstwerke.","Sie versteckt ihn hinter einer falschen Wand ihres Ateliers.","Sie schmuggelt ihn unter einer Plane auf einem Lieferwagen hinaus.","Sie verkleidet ihn mit Papiermaché als Skulptur.","D","June bedeckt Paul mit Papiermaché, sodass er wie eine Skulptur aussieht.","June (Verna Bloom) versteckt Paul Hackett (Griffin Dunne) vor einer Menge, die ihn für einen Einbrecher hält. Sie bedeckt seinen Körper mit Papiermaché und macht ihn äußerlich zur Skulptur. Diese Tarnung schützt ihn vor den Suchenden, führt aber direkt zum nächsten Problem: Echte Diebe halten ihn für ein Kunstwerk und nehmen ihn mit. Eine Rettung verwandelt sich dadurch in unfreiwilligen Transport.","Junes Hilfe ist die Skulpturtarnung, keine Transportkiste.","Sie baut kein Versteck hinter einer falschen Wand.","Sie bedeckt Paul selbst mit Papiermaché, statt ihn unter einer Lieferwagenplane hinauszubringen.","June bedeckt Paul mit Papiermaché, sodass er wie eine Skulptur aussieht.","Pauls Rettung verwandelt ihn selbst in eine Skulptur.","Auflösung","https://en.wikipedia.org/wiki/After_Hours_(film)","redaktionell_geprueft"
"F40-033-S1","K-F40-033-S1","","de","Film","Komödie","Die Zeit nach Mitternacht","After Hours","1985","","schwer","Filmgeschichte","Komödie","Komödie","Kafkas Türhüterparabel als Bezug der Clubszene kennen.","An welche literarische Vorlage knüpft das Gespräch zwischen Paul und dem Türsteher des Club Berlin in „Die Zeit nach Mitternacht“ konkret an?","Kafkas Türhüterparabel aus „Der Prozess“","Goethes Osterspaziergang aus „Faust“","Dantes Gespräch mit Beatrice aus der „Göttlichen Komödie“","Shakespeares Balkonszene aus „Romeo und Julia“","A","Der Dialog greift die Türhüterparabel aus Kafkas „Der Prozess“ auf.","Der Türsteher (Clarence Felder) verhindert Paul Hacketts (Griffin Dunne) Eintritt und nimmt trotzdem sein Geld an. Criterion benennt den Bezug zu Kafkas Türhütergeschichte ausdrücklich. Die Szene macht einen scheinbar gewöhnlichen Einlasskonflikt zu einem schwer durchschaubaren Verfahren. Paul erhält Zeichen von Entgegenkommen, ohne dadurch seinem Ziel näherzukommen; genau diese falsche Hoffnung steigert das Gefühl des Ausgeliefertseins.","Der Dialog greift die Türhüterparabel aus Kafkas „Der Prozess“ auf.","Der Osterspaziergang ist nicht die Vorlage dieses Türsteherdialogs.","Die konkrete Gesprächsvorlage ist Kafka, nicht Dantes Beatrice-Szene.","Der Dialog übernimmt nicht Shakespeares Balkonszene.","Vor der Clubtür steckt Paul in einer Kafka-Situation.","Handlung","https://www.criterion.com/current/posts/8197-after-hours-no-exit","redaktionell_geprueft"
"F40-033-S2","K-F40-033-S2","","de","Film","Komödie","Die Zeit nach Mitternacht","After Hours","1985","","schwer","Produktion","Komödie","Komödie","Michael Ballhaus als Beginn einer wichtigen Regie-Kamera-Zusammenarbeit kennen.","Mit welchem Kameramann begann Martin Scorsese bei „Die Zeit nach Mitternacht“ eine später mehrfach fortgesetzte Zusammenarbeit?","Roger Deakins","Michael Ballhaus","Darius Khondji","Emmanuel Lubezki","B","Die Kamera führte Michael Ballhaus; es war seine erste Zusammenarbeit mit Scorsese.","Criterion beschreibt die bewegliche Kamera als wichtigen Teil von Pauls Unsicherheit. Michael Ballhaus und Martin Scorsese arbeiteten hier erstmals zusammen und setzten ihre Zusammenarbeit später mehrfach fort. Der Blick führt das Publikum nicht einfach sicher durch den Raum. Er kann Erwartungen aufbauen und sofort wieder verschieben, sodass die Kamera Pauls orientierungsloses Erleben mitgestaltet.","Deakins ist nicht der Kameramann dieses Films.","Die Kamera führte Michael Ballhaus; es war seine erste Zusammenarbeit mit Scorsese.","Khondji verantwortete hier nicht die Kamera.","Lubezki war nicht der Kameramann dieser Zusammenarbeit.","Ballhaus und Scorsese verbinden Bewegung mit Verunsicherung.","keine","https://www.criterion.com/current/posts/8197-after-hours-no-exit","redaktionell_geprueft"
"F40-033-Y","K-F40-033-Y","","de","Film","Komödie","Die Zeit nach Mitternacht","After Hours","1985","","mittel","Erscheinungsjahr","Komödie","Komödie","Die erste Veröffentlichung von „After Hours“ dem Jahr 1985 zuordnen.","In welchem Jahr wurde „Die Zeit nach Mitternacht“ erstmals veröffentlicht?","1977","1981","1985","1993","C","Die erste Veröffentlichung dieser Fassung war 1985.","„Die Zeit nach Mitternacht“, im Original „After Hours“, wurde 1985 veröffentlicht. Die Geschichte spielt in einer einzigen chaotischen New Yorker Nacht, ihre zeitliche Beschränkung ist also eine Eigenschaft der Handlung. Spätere Restaurierungen ändern das ursprüngliche Filmjahr nicht. Criterion führt die Filmfassung weiterhin mit dem Jahr 1985 und der Regie Martin Scorseses.","1977 ist nicht das Jahr der ersten Veröffentlichung dieser Filmfassung.","1981 ist nicht das Jahr der ersten Veröffentlichung dieser Filmfassung.","Die erste Veröffentlichung dieser Fassung war 1985.","1993 ist nicht das Jahr der ersten Veröffentlichung dieser Filmfassung.","After Hours: erste Veröffentlichung 1985.","keine","https://www.criterion.com/films/29632-after-hours","redaktionell_geprueft"
"F40-033-D","K-F40-033-D","","de","Film","Komödie","Die Zeit nach Mitternacht","After Hours","1985","","mittel","Regie","Komödie","Komödie","Den vollständigen offiziellen Regiecredit von „After Hours“ kennen.","Wer führte bei „Die Zeit nach Mitternacht“ Regie?","Jonathan Demme","Jim Jarmusch","John Landis","Martin Scorsese","D","Der offizielle Regiecredit lautet Martin Scorsese.","Martin Scorsese inszenierte den Film nach einem Drehbuch von Joseph Minion. Michael Ballhaus führte die Kamera; Griffin Dunne spielt Paul Hackett und war auch an der Produktion beteiligt. Die Regie gestaltet eine Komödie, in der der Heimweg fortwährend vereitelt wird. Bewegung und räumliche Unsicherheit tragen dazu bei, dass derselbe Stadtraum zugleich vertraut und bedrohlich erscheint.","Jonathan Demme ist nicht der offizielle Regiecredit dieses Films.","Jim Jarmusch ist nicht der offizielle Regiecredit dieses Films.","John Landis ist nicht der offizielle Regiecredit dieses Films.","Der offizielle Regiecredit lautet Martin Scorsese.","After Hours: Regie Martin Scorsese.","keine","https://www.criterion.com/films/29632-after-hours|https://www.criterion.com/current/posts/8197-after-hours-no-exit","redaktionell_geprueft"
"F40-034-L1","K-F40-034-L1","","de","Film","Komödie","Black Dynamite","Black Dynamite","2009","","leicht","Filmgeschichte","Komödie","Komödie","Blaxploitation-Action der 1970er-Jahre als parodiertes Kino erkennen.","Welchen Filmstil nimmt „Black Dynamite“ liebevoll aufs Korn?","Blaxploitation-Action der 1970er-Jahre","Italienische Neorealismusdramen der 1940er-Jahre","Deutsche Heimatfilme der 1950er-Jahre","Französische Stummfilmkomödien der 1910er-Jahre","A","„Black Dynamite“ parodiert und würdigt das Blaxploitation-Kino der 1970er-Jahre.","Der Film übernimmt den selbstbewussten Actionhelden, die Musik und die Gesten des Blaxploitation-Kinos. Er hält zugleich genug Abstand, um Übertreibungen und Produktionsschwächen komisch sichtbar zu machen. Die Beteiligten beschrieben ihren Ansatz als liebevolle Rückkehr zu dieser Filmwelt. Das Verständnis des Bezugs erklärt, warum manche scheinbar unbeholfenen Momente im Film gezielt gestaltet sind.","„Black Dynamite“ parodiert und würdigt das Blaxploitation-Kino der 1970er-Jahre.","Italienischer Neorealismus ist nicht das zentrale Parodieziel.","Der Film imitiert nicht die Tradition deutscher Heimatfilme.","Französische Stummfilmkomödien bilden nicht seinen unmittelbaren Stilbezug.","Eine neue Komödie spielt bewusst wie ein Blaxploitation-Film.","keine","https://www.sonypictures.com/movies/blackdynamite|https://asitecalledfred.com/2009/10/30/black-dynamite-trailer-park/","redaktionell_geprueft"
"F40-034-L2","K-F40-034-L2","","de","Film","Komödie","Black Dynamite","Black Dynamite","2009","","leicht","Handlung","Komödie","Komödie","Den Mord am jüngeren Bruder als Ausgangsmotiv kennen.","Welches Ereignis treibt Black Dynamite (Michael Jai White) zunächst zur Rache?","Sein früherer Partner wird von einem Dealer erschossen.","Sein jüngerer Bruder wird ermordet.","Sein Sohn verschwindet nach einer Entführung.","Seine frühere Freundin wird von einer Gang bedroht.","B","Der Mord an seinem jüngeren Bruder setzt seine Rachemission in Gang.","Black Dynamite (Michael Jai White) beginnt mit einem persönlichen Verlust. Die Suche nach den Tätern führt ihn in eine größere Verschwörung und verbindet Rache mit dem Kampf gegen Drogen in seiner Umgebung. Die Handlung vergrößert ihren Maßstab Schritt für Schritt. Ein zunächst privates Motiv führt den überzeichneten Helden schließlich bis zu den höchsten staatlichen Machtzentren.","Die Rache beginnt mit dem Tod seines Bruders, nicht eines früheren Partners.","Der Mord an seinem jüngeren Bruder setzt seine Rachemission in Gang.","Ein entführter Sohn ist nicht der Auslöser.","Eine bedrohte frühere Freundin ist nicht das anfängliche Rachemotiv.","Der Tod des Bruders öffnet den Weg in die große Verschwörung.","Handlung","https://www.filmdienst.de/film/details/535599/black-dynamite","redaktionell_geprueft"
"F40-034-M1","K-F40-034-M1","","de","Film","Komödie","Black Dynamite","Black Dynamite","2009","","mittel","Handlung","Komödie","Komödie","Anaconda-Malzbier als Träger der geheimen Formel kennen.","In welchem Getränk entdeckt die Gruppe um Black Dynamite die geheime Substanz der Verschwörung?","In einem Energietonikum aus dem Nachtclub","In einem preiswerten Whiskey aus dem Viertel","Im Malzbier der Marke Anaconda","In einer Limonade für die örtlichen Schulen","C","Die geheimnisvolle Formel steckt im Anaconda-Malzbier.","Die Getränkespur führt Black Dynamite (Michael Jai White) und seine Verbündeten von einem scheinbar gewöhnlichen Konsumprodukt zu einem staatlich gesteuerten Plan. Die absurde Entschlüsselung übersteigert typische Verschwörungsplots. Wichtig ist die Funktion des Produkts: Das Getränk verbindet Alltag, Werbung und geheime Manipulation. Die Ermittlungen richten sich deshalb nicht nur gegen einzelne Dealer, sondern gegen eine größere Struktur.","Das betreffende Produkt ist Anaconda-Malzbier, kein Tonikum.","Die Formel steckt nicht in Whiskey.","Die geheimnisvolle Formel steckt im Anaconda-Malzbier.","Eine Schullimonade ist nicht das gefundene Trägergetränk.","Die Anaconda-Flasche trägt die Verschwörung in den Alltag.","Auflösung","https://en.wikipedia.org/wiki/Black_Dynamite","redaktionell_geprueft"
"F40-034-M2","K-F40-034-M2","","de","Film","Komödie","Black Dynamite","Black Dynamite","2009","","mittel","Handlung","Komödie","Komödie","Richard Nixon als überzeichneten politischen Endgegner kennen.","Welcher US-Präsident wird im Finale von „Black Dynamite“ zum direkten Gegner des Helden?","Jimmy Carter","Gerald Ford","Lyndon B. Johnson","Richard Nixon","D","Black Dynamite kämpft im Weißen Haus gegen Richard Nixon.","Der Weg ins Weiße Haus vollendet die übertriebene Ausweitung der Geschichte. Richard Nixon (James McManus) ist nicht nur eine entfernte politische Verantwortung, sondern tritt als körperlicher Gegner von Black Dynamite (Michael Jai White) auf. Der Film behandelt diese Begegnung als absurde Actionkonfrontation. Gefragt ist eine Figur der fiktiven Handlung, keine Behauptung über ein reales Ereignis.","Carter ist nicht der Gegner im Finale.","Ford tritt nicht als dieser Endgegner auf.","Johnson ist nicht der Präsident des finalen Kampfes.","Black Dynamite kämpft im Weißen Haus gegen Richard Nixon.","Die Rachemission endet bei Nixon im Weißen Haus.","Auflösung","https://en.wikipedia.org/wiki/Black_Dynamite","redaktionell_geprueft"
"F40-034-S1","K-F40-034-S1","","de","Film","Komödie","Black Dynamite","Black Dynamite","2009","","schwer","Inszenierung","Komödie","Komödie","Bewusst eingebauten Drehfehler als Teil der Parodie erkennen.","Warum kann in „Black Dynamite“ absichtlich ein Tonangel-Mikrofon im Bild auftauchen?","Es imitiert die niedrigen Produktionsstandards mancher Genrevorbilder.","Es signalisiert, dass gerade eine Probe statt der endgültigen Szene zu sehen ist.","Es macht die Szene als heimlich gedrehte Überwachungsaufnahme kenntlich.","Es kündigt den Wechsel von der Spielhandlung zu einem Making-of an.","A","Scheinbare Drehfehler sind gezielte Gags über die Produktionsweise der Vorbilder.","Der Film lässt Fehler sichtbar werden, die eine sorgfältige Produktion gewöhnlich vermeiden würde. Dazu gehört eine ins Bild geratende Tonangel. Die nachgeahmte Unbeholfenheit soll den Blick auf ältere, schnell und billig produzierte Genrearbeiten lenken. Das Publikum sieht also nicht nur eine übertriebene Handlung, sondern auch eine Komödie über die Herstellung solcher Kinobilder.","Scheinbare Drehfehler sind gezielte Gags über die Produktionsweise der Vorbilder.","Der Gag gehört zur fertigen Szene und ist kein Hinweis auf eine bloße Probe.","Die sichtbare Tonangel markiert keine Überwachungsaufnahme der Handlung.","Die Spielhandlung wechselt dadurch nicht in ein Making-of.","Der sichtbare Drehfehler gehört selbst zum sorgfältig geplanten Witz.","keine","https://en.wikipedia.org/wiki/Black_Dynamite","redaktionell_geprueft"
"F40-034-S2","K-F40-034-S2","","de","Film","Komödie","Black Dynamite","Black Dynamite","2009","","schwer","Produktion","Komödie","Komödie","Einen vorab gedrehten Trailer als Mittel der Projektfinanzierung kennen.","Was überzeugte einen Produzenten von „Black Dynamite“, bevor das fertige Drehbuch vorlag?","Eine gefilmte Bühnenfassung führte die wichtigsten Figuren vor.","Ein vorab gedrehter Trailer zeigte den gewünschten Stil.","Ein Comic-Entwurf zeigte bereits alle geplanten Filmszenen.","Ein Kurzfilm erzählte eine abgeschlossene Vorgeschichte des Helden.","B","Ein vorab erstellter Trailer machte die Filmidee sichtbar und überzeugte den Produzenten.","Scott Sanders schilderte, dass er und Michael Jai White den Trailer dem Produzenten Jon Steingart zeigten. Das Material vermittelte Look, Ton und Ziel des Projekts bereits so deutlich, dass es die Finanzierung ermöglichte. Die Beteiligten mussten ihre Parodie daher nicht nur beschreiben. Sie demonstrierten die gewünschte Filmwelt, bevor ein vollständiges Drehbuch den gesamten Ablauf festlegte.","Der vorab gedrehte Trailer war keine Bühnenaufzeichnung.","Ein vorab erstellter Trailer machte die Filmidee sichtbar und überzeugte den Produzenten.","Ein vollständiger Comic war nicht das vorgeführte Material.","Sanders beschreibt einen Trailer für den geplanten Film, keine abgeschlossene Vorgeschichte.","Erst der Stil im Trailer, dann der vollständig ausgearbeitete Film.","keine","https://asitecalledfred.com/2009/10/30/black-dynamite-trailer-park/","redaktionell_geprueft"
"F40-034-Y","K-F40-034-Y","","de","Film","Komödie","Black Dynamite","Black Dynamite","2009","","mittel","Erscheinungsjahr","Komödie","Komödie","Die erste Veröffentlichung von „Black Dynamite“ dem Jahr 2009 zuordnen.","In welchem Jahr wurde „Black Dynamite“ erstmals veröffentlicht?","2001","2005","2009","2017","C","Die erste Veröffentlichung dieser Fassung war 2009.","„Black Dynamite“ wurde 2009 erstmals beim Sundance Film Festival gezeigt. Die Handlung und der bewusst nachgeahmte Filmstil gehören dagegen in die 1970er-Jahre. Der Film ist somit eine spätere Rückschau auf ein älteres Kino, keine unverändert wiederentdeckte Produktion jener Zeit. Diese Trennung ist entscheidend, um Veröffentlichung und ästhetisches Vorbild richtig einzuordnen.","2001 ist nicht das Jahr der ersten Veröffentlichung dieser Filmfassung.","2005 ist nicht das Jahr der ersten Veröffentlichung dieser Filmfassung.","Die erste Veröffentlichung dieser Fassung war 2009.","2017 ist nicht das Jahr der ersten Veröffentlichung dieser Filmfassung.","Black Dynamite: erste Veröffentlichung 2009.","keine","https://en.wikipedia.org/wiki/Black_Dynamite|https://www.sonypictures.com/movies/blackdynamite","redaktionell_geprueft"
"F40-034-D","K-F40-034-D","","de","Film","Komödie","Black Dynamite","Black Dynamite","2009","","mittel","Regie","Komödie","Komödie","Den vollständigen offiziellen Regiecredit von „Black Dynamite“ kennen.","Wer führte bei „Black Dynamite“ Regie?","Robert Townsend","Keenen Ivory Wayans","Mario Van Peebles","Scott Sanders","D","Der offizielle Regiecredit lautet Scott Sanders.","Scott Sanders inszenierte „Black Dynamite“ und schrieb mit Michael Jai White und Byron Minns das Drehbuch. Die Zusammenarbeit zielte auf eine liebevolle, zugleich komische Rekonstruktion des Blaxploitation-Stils. Michael Jai White verkörpert den Titelhelden und brachte die ursprüngliche Figurenidee ein. Regie, Autorenschaft und Hauptdarstellung sind deshalb unterschiedliche, eng miteinander verbundene Beiträge.","Robert Townsend ist nicht der offizielle Regiecredit dieses Films.","Keenen Ivory Wayans ist nicht der offizielle Regiecredit dieses Films.","Mario Van Peebles ist nicht der offizielle Regiecredit dieses Films.","Der offizielle Regiecredit lautet Scott Sanders.","Black Dynamite: Regie Scott Sanders.","keine","https://www.filmdienst.de/film/details/535599/black-dynamite|https://asitecalledfred.com/2009/10/30/black-dynamite-trailer-park/","redaktionell_geprueft"
"F40-035-L1","K-F40-035-L1","","de","Film","Komödie","Adams Äpfel","Adams æbler","2005","","leicht","Handlung","Komödie","Komödie","Resozialisierung nach Haft als Grund des Aufenthalts kennen.","Warum kommt Adam (Ulrich Thomsen) in „Adams Äpfel“ in die kleine Kirchengemeinschaft?","Er soll nach der Haft an einem Resozialisierungsprogramm teilnehmen.","Er soll eine abgelegene Gemeinde als neuer Küster betreuen.","Er soll dort Sozialstunden nach einem Verkehrsdelikt ableisten.","Er soll einem kranken Verwandten während dessen Rückzug helfen.","A","Adam ist ein entlassener Straftäter und nimmt an einem Resozialisierungsprogramm teil.","Adam (Ulrich Thomsen) bringt eine gewalttätige rechtsextreme Haltung in die Gemeinschaft von Ivan (Mads Mikkelsen). Der Aufenthalt soll seine Rückkehr in die Gesellschaft ermöglichen. Die abgelegene Kirche ist dabei kein konfliktfreier Rückzugsort. Sie versammelt Menschen mit eigenen Problemen und widersprüchlichen Vorstellungen darüber, ob und wie ein Neuanfang möglich ist.","Adam ist ein entlassener Straftäter und nimmt an einem Resozialisierungsprogramm teil.","Adam kommt als Teilnehmer am Resozialisierungsprogramm, nicht als neuer Küster.","Die Ausgangslage ist seine Haftentlassung, kein Verkehrsdelikt mit Sozialstunden.","Er reist nicht zur Pflege eines Verwandten an.","Die Kirche ist Adams Bewährungsort, keine freiwillige Ferienadresse.","Handlung","https://www.filmdienst.de/film/details/527200/adams-apfel-gott-ist-auf-meiner-seite","redaktionell_geprueft"
"F40-035-L2","K-F40-035-L2","","de","Film","Komödie","Adams Äpfel","Adams æbler","2005","","leicht","Handlung","Komödie","Komödie","Den Apfelkuchen als zunächst spöttisch gewähltes persönliches Ziel kennen.","Welches eigene Ziel nennt Adam (Ulrich Thomsen), als Ivan ihn in „Adams Äpfel“ danach fragt?","Ein Kirchenlied komponieren","Einen Apfelkuchen backen","Eine Orgel reparieren","Eine Pilgerreise organisieren","B","Adam erklärt, einen Apfelkuchen backen zu wollen.","Adam (Ulrich Thomsen) meint seine Antwort zunächst spöttisch. Ivan (Mads Mikkelsen) nimmt sie ernst und verknüpft die Aufgabe mit dem Apfelbaum der Kirche. Dadurch wird eine banale Backidee zum wiederkehrenden Handlungsfaden. Der Film verfolgt nicht nur den Streit über Weltbilder, sondern zeigt ihn immer wieder an einer kleinen, greifbaren Aufgabe, die Adam selbst gewählt hat.","Adam wählt kein Lied als persönliches Ziel.","Adam erklärt, einen Apfelkuchen backen zu wollen.","Die Orgelreparatur ist nicht seine Antwort.","Eine Pilgerreise nennt er nicht als seine Aufgabe.","Ein spöttisches Ziel wird zur echten Aufgabe.","Handlung","https://www.filmdienst.de/film/details/527200/adams-apfel-gott-ist-auf-meiner-seite","redaktionell_geprueft"
"F40-035-M1","K-F40-035-M1","","de","Film","Komödie","Adams Äpfel","Adams æbler","2005","","mittel","Handlung","Komödie","Komödie","Ivans Verdrängung schlimmer Realität als zentrale Haltung verstehen.","Wie reagiert Ivan (Mads Mikkelsen) in „Adams Äpfel“ auf die offensichtlichen Probleme seiner Schützlinge und Familie?","Er dokumentiert jeden Fehler für die Polizei.","Er bestraft jedes Problem sofort mit Ausschluss.","Er deutet sie schön oder blendet sie aus.","Er betrachtet alle Menschen grundsätzlich als verloren.","C","Ivan hält an einem guten Weltbild fest und verdrängt widersprechende Tatsachen.","Ivan (Mads Mikkelsen) deutet selbst die Behinderung seines Sohnes als Gesundheit um und übersieht Rückfälle seiner Schützlinge. Adam (Ulrich Thomsen) will ihn aus dieser Heile-Welt-Vorstellung reißen. Für Ivan schützt die Verdrängung eine von schweren Verlusten geprägte Existenz; für Adam ist sie eine unerträgliche Lüge. Der Streit über Wahrheit entsteht somit aus konkreten Lebensumständen und betrifft auch Ivans Verantwortung für die Gemeinschaft.","Seine zentrale Haltung ist kein lückenloses Polizeiprotokoll.","Er reagiert nicht grundsätzlich mit sofortigem Ausschluss.","Ivan hält an einem guten Weltbild fest und verdrängt widersprechende Tatsachen.","Er hält an übergroßem Optimismus fest, statt alle Menschen verloren zu geben.","Ivan schützt sein Weltbild, indem er die Wirklichkeit umdeutet.","Handlung","https://www.filmdienst.de/film/details/527200/adams-apfel-gott-ist-auf-meiner-seite","redaktionell_geprueft"
"F40-035-M2","K-F40-035-M2","","de","Film","Komödie","Adams Äpfel","Adams æbler","2005","","mittel","Handlung","Komödie","Komödie","Adams beginnende Verantwortung für die anderen Bewohner als Wendepunkt erkennen.","„Adams Äpfel“: Was tut Adam (Ulrich Thomsen), nachdem Ivans (Mads Mikkelsen) Glaube und Tatkraft zusammengebrochen sind?","Er verlässt die Gemeinschaft, weil er seinen Sieg für ausreichend hält.","Er beantragt bei der Polizei die erneute Inhaftierung aller Bewohner.","Er sucht Ersatz für Ivan und entzieht sich selbst jeder Betreuung.","Er beginnt, Verantwortung für die verwahrlosenden Mitbewohner zu übernehmen.","D","Adam zeigt Mitgefühl und übernimmt Verantwortung für die anderen Bewohner.","Adam (Ulrich Thomsen) erschüttert Ivans (Mads Mikkelsen) Glauben, bis der Pfarrer seine Tatkraft aufgibt. Die anderen Bewohner fallen daraufhin in ihre alten Verhaltensweisen zurück. Außerdem erfährt Adam, dass Ivan schwer an einem Gehirntumor erkrankt ist. Er beginnt, Mitgefühl zu zeigen und die verwahrlosende Gemeinschaft selbst zu betreuen. Der vermeintliche Sieg zwingt ihn damit zu einer Verantwortung, die er vorher abgelehnt hatte.","Adam bleibt nicht bei einer triumphierenden Abreise stehen.","Sein neuer Einsatz ist Betreuung und Mitgefühl, nicht eine Anzeige gegen alle.","Er beginnt selbst Verantwortung zu tragen, statt nur einen Ersatz zu suchen.","Adam zeigt Mitgefühl und übernimmt Verantwortung für die anderen Bewohner.","Adams Sieg im Streit wird zum Anlass für Mitgefühl.","Auflösung","https://www.filmdienst.de/film/details/527200/adams-apfel-gott-ist-auf-meiner-seite","redaktionell_geprueft"
"F40-035-S1","K-F40-035-S1","","de","Film","Komödie","Adams Äpfel","Adams æbler","2005","","schwer","Filmgeschichte","Komödie","Komödie","Das Buch Hiob als konkreten biblischen Bezug kennen.","Welches biblische Buch wird in „Adams Äpfel“ ausdrücklich zum Bezugspunkt des Streits über Leiden und Glauben?","Das Buch Hiob","Das Buch Jona","Das Hohelied","Das Buch Ruth","A","Der Film greift die Geschichte und die Fragen des Buches Hiob auf.","Die Hiob-Erzählung stellt die Frage, wie Leiden und der Glaube an Gott zusammengehen. In „Adams Äpfel“ werden solche Fragen Teil des Konflikts zwischen Adam (Ulrich Thomsen) und Ivan (Mads Mikkelsen). Der Bezug erklärt auch die Serie von Heimsuchungen rund um den Apfelbaum. Er ist ein erkennbarer Textzusammenhang; die genaue Deutung des Films bleibt davon zu unterscheiden.","Der Film greift die Geschichte und die Fragen des Buches Hiob auf.","Jona ist nicht die ausdrücklich herangezogene Leidensgeschichte.","Das Hohelied bildet nicht den Bezug dieses Streits.","Ruth ist nicht das hier zitierte Buch.","Hiob verbindet die vielen Prüfungen mit der Glaubensfrage.","Handlung","https://www.filmdienst.de/film/details/527200/adams-apfel-gott-ist-auf-meiner-seite|https://en.wikipedia.org/wiki/Adam%27s_Apples","redaktionell_geprueft"
"F40-035-S2","K-F40-035-S2","","de","Film","Komödie","Adams Äpfel","Adams æbler","2005","","schwer","Handlung","Komödie","Komödie","Die Entfernung des Tumors durch die Schussverletzung als ausdrücklich unwahrscheinliche Filmauflösung kennen.","Welche groteske Wendung erklärt Ivans (Mads Mikkelsen) unerwartete Genesung am Ende von „Adams Äpfel“?","Eine nach der Verletzung vorgenommene Operation entfernt den Tumor.","Die Kugel hat den Gehirntumor beseitigt.","Der Arzt stellt fest, dass die ursprüngliche Tumordiagnose falsch war.","Eine bereits früher begonnene Behandlung hat den Tumor verschwinden lassen.","B","Der Arzt erklärt im Film, die Kugel habe Ivans Tumor beseitigt.","Ivan (Mads Mikkelsen) wird durch eine Schussverletzung scheinbar tödlich getroffen, doch die Geschichte löst diesen Moment mit einer unmöglichen Glückswendung auf. Die Kugel entfernt seinen Tumor. Diese Erklärung gehört zur grotesken Filmhandlung und ist keine realistische medizinische Darstellung. Der Schluss hält dadurch die Spannung zwischen bitterem Leid, schwarzem Humor und märchenhafter Hoffnung aufrecht.","Im Film schreibt der Arzt die Entfernung der Kugel selbst zu, nicht einer nachträglichen Tumoroperation.","Der Arzt erklärt im Film, die Kugel habe Ivans Tumor beseitigt.","Der Tumor war im Film keine bloße Fehldiagnose.","Die groteske Erklärung ist der Schuss, nicht eine frühere Behandlung.","Die absurde Rettung bleibt Teil der grotesken Fabel.","Auflösung","https://en.wikipedia.org/wiki/Adam%27s_Apples|https://www.filmdienst.de/film/details/527200/adams-apfel-gott-ist-auf-meiner-seite","redaktionell_geprueft"
"F40-035-Y","K-F40-035-Y","","de","Film","Komödie","Adams Äpfel","Adams æbler","2005","","mittel","Erscheinungsjahr","Komödie","Komödie","Die erste Veröffentlichung von „Adams æbler“ dem Jahr 2005 zuordnen.","In welchem Jahr wurde „Adams Äpfel“ erstmals veröffentlicht?","1997","2001","2005","2013","C","Die erste Veröffentlichung dieser Fassung war 2005.","„Adams Äpfel“ wurde 2005 in Dänemark veröffentlicht; der deutsche Kinostart folgte 2006. Die beiden Jahresangaben beschreiben unterschiedliche Länderstarts derselben Fassung. Der Film verbindet eine moderne Resozialisierungsgeschichte mit biblischen Motiven und einer bewusst grotesken Auflösung. Das Alter der Bezugstexte ist daher nicht mit dem Veröffentlichungsjahr des Films gleichzusetzen.","1997 ist nicht das Jahr der ersten Veröffentlichung dieser Filmfassung.","2001 ist nicht das Jahr der ersten Veröffentlichung dieser Filmfassung.","Die erste Veröffentlichung dieser Fassung war 2005.","2013 ist nicht das Jahr der ersten Veröffentlichung dieser Filmfassung.","Adams æbler: erste Veröffentlichung 2005.","keine","https://en.wikipedia.org/wiki/Adam%27s_Apples|https://www.filmdienst.de/film/details/527200/adams-apfel-gott-ist-auf-meiner-seite","redaktionell_geprueft"
"F40-035-D","K-F40-035-D","","de","Film","Komödie","Adams Äpfel","Adams æbler","2005","","mittel","Regie","Komödie","Komödie","Den vollständigen offiziellen Regiecredit von „Adams æbler“ kennen.","Wer führte bei „Adams Äpfel“ Regie?","Thomas Vinterberg","Lone Scherfig","Nikolaj Arcel","Anders Thomas Jensen","D","Der offizielle Regiecredit lautet Anders Thomas Jensen.","Anders Thomas Jensen ist bei „Adams Äpfel“ Regisseur und Drehbuchautor. Er lässt eine moderne Straftätergemeinschaft auf märchenhafte Wendungen und biblische Bezugspunkte treffen. Ulrich Thomsen und Mads Mikkelsen verkörpern die gegensätzlichen Hauptfiguren. Die Inszenierung hält ihren Konflikt nicht durchgehend in einer realistischen Tonlage, sondern verbindet Gewalt, schwarzen Humor und überraschende Veränderungen.","Thomas Vinterberg ist nicht der offizielle Regiecredit dieses Films.","Lone Scherfig ist nicht der offizielle Regiecredit dieses Films.","Nikolaj Arcel ist nicht der offizielle Regiecredit dieses Films.","Der offizielle Regiecredit lautet Anders Thomas Jensen.","Adams æbler: Regie Anders Thomas Jensen.","keine","https://www.filmdienst.de/film/details/527200/adams-apfel-gott-ist-auf-meiner-seite","redaktionell_geprueft"
"F40-036-L1","K-F40-036-L1","","de","Film","Rom-Com","Ruby Sparks – Meine fabelhafte Freundin","Ruby Sparks","2012","","leicht","Handlung","Rom-Com","Rom-Com","Calvin als Schriftsteller mit Schreibblockade kennen.","Welchem Beruf geht Calvin (Paul Dano) in „Ruby Sparks – Meine fabelhafte Freundin“ nach?","Schriftsteller","Filmregisseur","Comiczeichner","Songschreiber","A","Calvin ist ein Schriftsteller, dessen früher Erfolg von einer Schreibblockade gefolgt ist.","Calvin (Paul Dano) findet zunächst keinen Zugang zu einem neuen Werk. Das Schreiben soll ihm wieder ermöglichen, etwas Eigenes zu schaffen. Seine Erfindung Ruby (Zoe Kazan) verbindet diesen beruflichen Wunsch mit einer privaten Sehnsucht. Dadurch hat die fantastische Geschichte einen konkreten Ausgangspunkt: Ein Autor kann die Figur auf der Seite bestimmen, begegnet ihr aber bald als vermeintlich eigenständigem Menschen.","Calvin ist ein Schriftsteller, dessen früher Erfolg von einer Schreibblockade gefolgt ist.","Calvin dreht keine Filme als seinen Beruf.","Seine Blockade betrifft literarisches Schreiben, keine Comics.","Calvin schreibt einen Roman, keine Songs.","Calvins Schreibblockade wird zur Beziehungsgeschichte.","Handlung","https://www.filmdienst.de/film/details/540856/ruby-sparks-meine-fabelhafte-freundin|https://www.celluloidportraits.com/documenti/pressbook/Ruby%20Sparks.pdf","redaktionell_geprueft"
"F40-036-L2","K-F40-036-L2","","de","Film","Rom-Com","Ruby Sparks – Meine fabelhafte Freundin","Ruby Sparks","2012","","leicht","Handlung","Rom-Com","Rom-Com","Die real gewordene Romanfigur als fantastische Grundregel des Films erkennen.","Was geschieht mit der Frau, die Calvin in „Ruby Sparks – Meine fabelhafte Freundin“ zunächst nur aufschreibt?","Sie tritt als Darstellerin bei einer Romanlesung auf.","Sie erscheint als lebendiger Mensch in seinem Alltag.","Sie meldet sich als Leserin mit demselben Namen.","Sie erscheint ausschließlich in seinen Träumen.","B","Die von Calvin erfundene Ruby wird in seiner Alltagswelt lebendig.","Ruby (Zoe Kazan) erscheint nicht nur vor Calvins (Paul Dano) innerem Auge. Ihre Anwesenheit stellt ihn vor eine neue Frage: Ist eine Figur noch seine Erfindung, wenn sie als Gegenüber handelt? Die Komödie führt eine private Fantasie in eine gemeinsame Realität. Was zunächst wie ein erfüllter Wunsch wirkt, verlangt damit Entscheidungen über die Freiheit eines anderen Menschen.","Ruby ist keine für eine Lesung engagierte Darstellerin.","Die von Calvin erfundene Ruby wird in seiner Alltagswelt lebendig.","Sie meldet sich nicht bloß als zufällig gleichnamige Leserin.","Auch andere Menschen können Ruby begegnen; sie bleibt nicht nur ein Traum.","Die Figur verlässt die Seite und wird zum Gegenüber.","Handlung","https://www.filmdienst.de/film/details/540856/ruby-sparks-meine-fabelhafte-freundin|https://en.wikipedia.org/wiki/Ruby_Sparks","redaktionell_geprueft"
"F40-036-M1","K-F40-036-M1","","de","Film","Rom-Com","Ruby Sparks – Meine fabelhafte Freundin","Ruby Sparks","2012","","mittel","Handlung","Rom-Com","Rom-Com","Das Weiterbeschreiben des Manuskripts als Mechanismus der Kontrolle kennen.","Mit welchem Mittel kann Calvin (Paul Dano) Rubys Verhalten in „Ruby Sparks – Meine fabelhafte Freundin“ verändern?","Er spielt ihr im Schlaf aufgezeichnete Botschaften vor.","Er stellt ihr heimlich einen Schauspielcoach zur Seite.","Er schreibt neue Eigenschaften in das Manuskript.","Er lässt seinen Therapeuten ihre Erinnerungen umdeuten.","C","Was Calvin über Ruby schreibt, verändert ihr tatsächliches Verhalten.","Calvin (Paul Dano) entdeckt, dass neue Sätze im Manuskript Ruby (Zoe Kazan) sofort verändern können. Er kann sie beispielsweise Französisch sprechen lassen, ohne dass sie die Sprache gelernt hat. Diese fantastische Macht greift auch in ihre Gefühle ein. Sobald Calvin Unterschiede zwischen ihnen aufschreibt und beseitigt, wird aus gemeinsamer Auseinandersetzung ein einseitiger Eingriff. Die Partnerin verliert die Möglichkeit, ihre eigene Haltung zu behalten.","Aufnahmen im Schlaf sind nicht die fantastische Kontrollmethode.","Ein Schauspielcoach erzeugt Rubys Veränderungen nicht.","Was Calvin über Ruby schreibt, verändert ihr tatsächliches Verhalten.","Der Therapeut verändert Ruby nicht durch eine Behandlung.","Ein neuer Satz im Manuskript bedeutet neue Macht über Ruby.","Handlung","https://www.interviewmagazine.com/film/zoe-kazan-ruby-sparks|https://en.wikipedia.org/wiki/Ruby_Sparks","redaktionell_geprueft"
"F40-036-M2","K-F40-036-M2","","de","Film","Rom-Com","Ruby Sparks – Meine fabelhafte Freundin","Ruby Sparks","2012","","mittel","Handlung","Rom-Com","Rom-Com","Die erzwungene Abhängigkeit als konkrete erste Fehlentscheidung im Beziehungsstreit kennen.","Wie schreibt Calvin (Paul Dano) Ruby in „Ruby Sparks – Meine fabelhafte Freundin“ zunächst um, als Beziehungskonflikte entstehen?","Er schreibt ihr eine Liebesbeziehung zu seinem Bruder zu.","Er schreibt ihr den Wunsch nach einer Weltreise zu.","Er schreibt ihr die vollständige Gleichgültigkeit gegenüber ihm zu.","Er schreibt sie so um, dass sie von ihm abhängig wird.","D","Calvin macht Ruby durch sein Schreiben abhängig von sich.","Ruby (Zoe Kazan) sucht mehr Freiraum und nimmt eine Arbeit an. Calvin (Paul Dano) erlebt die größere Selbstständigkeit als Verlust von Nähe. Er schreibt Ruby abhängig von sich, wodurch sie jede Trennung kaum noch erträgt. Dieser Eingriff verbessert die Beziehung nicht; weitere Stimmungsänderungen bringen neue Probleme. Die konkrete Entwicklung zeigt, wie Calvins Wunsch nach Sicherheit Rubys eigenständiges Leben immer stärker einschränkt.","Er beginnt nicht damit, Ruby eine Beziehung zu Harry zuzuschreiben.","Eine Weltreise ist nicht seine erste Antwort auf ihre Selbstständigkeit.","Er will zunächst mehr Nähe erzwingen, keine Gleichgültigkeit.","Calvin macht Ruby durch sein Schreiben abhängig von sich.","Erzwungene Nähe gibt Calvin keine gleichberechtigte Partnerin.","Handlung","https://en.wikipedia.org/wiki/Ruby_Sparks","redaktionell_geprueft"
"F40-036-S1","K-F40-036-S1","","de","Film","Rom-Com","Ruby Sparks – Meine fabelhafte Freundin","Ruby Sparks","2012","","schwer","Produktion","Rom-Com","Rom-Com","Zoe Kazans Doppelbeitrag als Drehbuchautorin und Ruby-Darstellerin kennen.","Wer schrieb das Drehbuch zu „Ruby Sparks – Meine fabelhafte Freundin“ und spielt zugleich die Titelfigur?","Zoe Kazan","Greta Gerwig","Brit Marling","Lena Dunham","A","Zoe Kazan schrieb das Drehbuch und verkörpert Ruby.","Die Titelfigur ist nicht nur eine Rolle innerhalb einer Geschichte über einen Schriftsteller. Zoe Kazan verantwortete auch das Drehbuch, während Paul Dano Calvin spielt. Damit unterscheidet sich die reale Autorenschaft von der fiktiven Machtverteilung. Im Interview beschrieb Kazan ihr Interesse an der Verbindung zwischen schöpferischer Arbeit und Beziehungen. Der Doppelbeitrag macht diese Perspektive hinter dem Film greifbar.","Zoe Kazan schrieb das Drehbuch und verkörpert Ruby.","Greta Gerwig schrieb und spielt diese Titelfigur nicht.","Brit Marling hat diese Doppelrolle nicht.","Lena Dunham ist nicht Autorin und Ruby-Darstellerin dieses Films.","Ruby wird von derselben Künstlerin geschrieben und gespielt.","keine","https://www.celluloidportraits.com/documenti/pressbook/Ruby%20Sparks.pdf|https://www.interviewmagazine.com/film/zoe-kazan-ruby-sparks","redaktionell_geprueft"
"F40-036-S2","K-F40-036-S2","","de","Film","Rom-Com","Ruby Sparks – Meine fabelhafte Freundin","Ruby Sparks","2012","","schwer","Filmgeschichte","Rom-Com","Rom-Com","Pygmalion als von Kazan ausdrücklich genannten Mythos hinter der Filmidee kennen.","Auf welchen antiken Mythos verwies Zoe Kazan, als sie die Idee hinter „Ruby Sparks – Meine fabelhafte Freundin“ erklärte?","Orpheus und die Rückholung seiner Frau aus der Unterwelt","Pygmalion und die lebendig werdende geschaffene Frau","Narziss und die Liebe zum eigenen Spiegelbild","Odysseus und die Rückkehr zu seiner wartenden Frau","B","Kazan nennt den Pygmalion-Mythos als einen Ausgangspunkt.","Im Pygmalion-Mythos wird eine vom Künstler geschaffene Frau lebendig. Zoe Kazan verband ihr Interesse an dieser Geschichte mit Fragen über Kreativität und Beziehungen. „Ruby Sparks“ überträgt das Motiv auf einen heutigen Schriftsteller. Der Bezug liefert keine vollständige Deutung, aber einen konkreten historischen Hintergrund: Die Sehnsucht nach einem selbst geschaffenen idealen Gegenüber ist älter als der Film.","Kazan nennt für diese Idee nicht Orpheus und Eurydike.","Kazan nennt den Pygmalion-Mythos als einen Ausgangspunkt.","Narziss ist nicht der ausdrücklich genannte Mythos dieser Entstehungserklärung.","Die Heimkehr des Odysseus ist nicht der Bezug ihrer Filmidee.","Calvins Manuskript übernimmt die Funktion von Pygmalions Kunstwerk.","keine","https://www.interviewmagazine.com/film/zoe-kazan-ruby-sparks","redaktionell_geprueft"
"F40-036-Y","K-F40-036-Y","","de","Film","Rom-Com","Ruby Sparks – Meine fabelhafte Freundin","Ruby Sparks","2012","","mittel","Erscheinungsjahr","Rom-Com","Rom-Com","Die erste Veröffentlichung von „Ruby Sparks“ dem Jahr 2012 zuordnen.","In welchem Jahr wurde „Ruby Sparks – Meine fabelhafte Freundin“ erstmals veröffentlicht?","2004","2008","2012","2020","C","Die erste Veröffentlichung dieser Fassung war 2012.","„Ruby Sparks“ wurde 2012 veröffentlicht. Jonathan Dayton und Valerie Faris hatten zuvor bereits „Little Miss Sunshine“ gemeinsam inszeniert. Beim neuen Film kommt eine fantastische Grundidee hinzu: Eine geschriebene Romanfigur erscheint in der Alltagswelt des Autors. Das Erscheinungsjahr gehört zu dieser Filmfassung; es datiert weder den alten Pygmalion-Mythos noch das frühere Werk des Regieduos.","2004 ist nicht das Jahr der ersten Veröffentlichung dieser Filmfassung.","2008 ist nicht das Jahr der ersten Veröffentlichung dieser Filmfassung.","Die erste Veröffentlichung dieser Fassung war 2012.","2020 ist nicht das Jahr der ersten Veröffentlichung dieser Filmfassung.","Ruby Sparks: erste Veröffentlichung 2012.","keine","https://en.wikipedia.org/wiki/Ruby_Sparks|https://www.celluloidportraits.com/documenti/pressbook/Ruby%20Sparks.pdf","redaktionell_geprueft"
"F40-036-D","K-F40-036-D","","de","Film","Rom-Com","Ruby Sparks – Meine fabelhafte Freundin","Ruby Sparks","2012","","mittel","Regie","Rom-Com","Rom-Com","Den vollständigen offiziellen Regiecredit von „Ruby Sparks“ kennen.","Wer führte bei „Ruby Sparks – Meine fabelhafte Freundin“ Regie?","Ryan Fleck und Anna Boden","Robert Pulcini und Shari Springer Berman","Mark Duplass und Jay Duplass","Jonathan Dayton und Valerie Faris","D","Der offizielle Regiecredit lautet Jonathan Dayton und Valerie Faris.","Jonathan Dayton und Valerie Faris teilen sich die Regie von „Ruby Sparks“. Zoe Kazan schrieb das Drehbuch und spielt Ruby, Paul Dano verkörpert Calvin. Die gemeinsame Regie hatte bereits „Little Miss Sunshine“ hervorgebracht. Für den Regiecredit sind beide Namen nötig: Der Film ist nicht als Solowerk eines einzelnen Mitglieds des Duos ausgewiesen.","Ryan Fleck und Anna Boden ist nicht der offizielle Regiecredit dieses Films.","Robert Pulcini und Shari Springer Berman ist nicht der offizielle Regiecredit dieses Films.","Mark Duplass und Jay Duplass ist nicht der offizielle Regiecredit dieses Films.","Der offizielle Regiecredit lautet Jonathan Dayton und Valerie Faris.","Ruby Sparks: Regie Jonathan Dayton und Valerie Faris.","keine","https://www.celluloidportraits.com/documenti/pressbook/Ruby%20Sparks.pdf|https://www.filmdienst.de/film/details/540856/ruby-sparks-meine-fabelhafte-freundin","redaktionell_geprueft"
"F40-037-L1","K-F40-037-L1","","de","Film","Rom-Com","Miss Pettigrews großer Tag","Miss Pettigrew Lives for a Day","2008","","leicht","Handlung","Rom-Com","Rom-Com","Die neue Stellung als Gesellschaftssekretärin statt ihrer früheren Gouvernantenarbeit kennen.","Welche neue Aufgabe übernimmt Miss Pettigrew (Frances McDormand) bei Delysia (Amy Adams) in „Miss Pettigrews großer Tag“?","Sie wird ihre Gesellschaftssekretärin.","Sie wird ihre Gesangslehrerin.","Sie wird ihre Kostümschneiderin.","Sie wird ihre Theateragentin.","A","Miss Pettigrew hilft Delysia als Gesellschaftssekretärin.","Guinevere Pettigrew (Frances McDormand) hat ihre Arbeit als Gouvernante verloren. Durch die neue Stellung bei der Sängerin Delysia (Amy Adams) gerät sie in eine Welt aus luxuriösen Wohnungen und konkurrierenden Verehrern. Als Gesellschaftssekretärin soll sie Delysias Alltag ordnen. Ihre Aufgabe umfasst bald auch Hilfe bei Liebesentscheidungen, weil Karriereversprechen und materieller Komfort Delysias Blick auf ihre eigenen Wünsche verstellen.","Miss Pettigrew hilft Delysia als Gesellschaftssekretärin.","Pettigrew unterrichtet Delysia nicht im Gesang.","Sie wird nicht als Schneiderin eingestellt.","Sie übernimmt nicht die Stellung einer Theateragentin.","Die neue Sekretärin ordnet mehr als nur Termine.","Handlung","https://www.focusfeatures.com/miss_pettigrew_lives_for_a_day|https://www.focusfeatures.com/article/production_notes___miss_pettigrew_lives_for_a_day","redaktionell_geprueft"
"F40-037-L2","K-F40-037-L2","","de","Film","Rom-Com","Miss Pettigrews großer Tag","Miss Pettigrew Lives for a Day","2008","","leicht","Handlung","Rom-Com","Rom-Com","London kurz vor dem Zweiten Weltkrieg als Handlungszeit kennen.","In welcher Zeit spielt der Londoner Tag aus „Miss Pettigrews großer Tag“?","In den frühen 1920er-Jahren","Kurz vor dem Zweiten Weltkrieg","Während der ersten Nachkriegsjahre","In den Swinging Sixties","B","Der Film spielt 1939 in London, unmittelbar vor dem Zweiten Weltkrieg.","Die Gesellschaftskomödie entfaltet sich in einem London, dessen elegante Oberfläche bald von einem Krieg erschüttert wird. Diese zeitliche Umgebung gibt Entscheidungen über Liebe und Sicherheit zusätzliches Gewicht. Delysia (Amy Adams) und Guinevere Pettigrew (Frances McDormand) erleben einen sehr begrenzten Zeitraum. Der nahe historische Einschnitt lässt ihren großen Tag zugleich als Moment einer endenden Welt erscheinen.","Die Geschichte ist nicht im frühen Jahrzehnt nach dem Ersten Weltkrieg angesiedelt.","Der Film spielt 1939 in London, unmittelbar vor dem Zweiten Weltkrieg.","Sie spielt vor dem Krieg, nicht nach dessen Ende.","Die Swinging Sixties liegen deutlich nach ihrer Handlungszeit.","Ein großer Tag in London, kurz bevor der Krieg beginnt.","Handlung","https://www.focusfeatures.com/article/production_notes___miss_pettigrew_lives_for_a_day","redaktionell_geprueft"
"F40-037-M1","K-F40-037-M1","","de","Film","Rom-Com","Miss Pettigrews großer Tag","Miss Pettigrew Lives for a Day","2008","","mittel","Handlung","Rom-Com","Rom-Com","Michael als mittellosen Pianisten und aufrichtig Liebenden von den mächtigeren Rivalen unterscheiden.","Welche Rolle hat Michael (Lee Pace) in Delysias Liebesleben in „Miss Pettigrews großer Tag“?","Er ist der Nachtclubbesitzer, der ihr eine Wohnung überlässt.","Er ist der junge Theaterproduzent, der ihr eine Rolle verspricht.","Er ist ein mittelloser Pianist, der sie aufrichtig liebt.","Er ist ein wohlhabender Modeschöpfer mit eigener Firma.","C","Michael ist der Pianist, der Delysia ohne Karriereversprechen liebt.","Michael (Lee Pace) hat weniger materiellen Einfluss als Delysias (Amy Adams) andere Verehrer. Nick (Mark Strong) verfügt über den Nachtclub und eine luxuriöse Wohnung; Phil (Tom Payne) verspricht Theaterchancen. Dadurch ist Michael nicht einfach ein weiterer austauschbarer Bewerber. Seine Beziehung zu Delysia stellt Nähe und gemeinsame Zukunft gegen die Vorteile, die andere Männer ihr anbieten.","Der Nachtclubbesitzer heißt Nick und wird von Mark Strong gespielt.","Der junge Produzent heißt Phil und wird von Tom Payne gespielt.","Michael ist der Pianist, der Delysia ohne Karriereversprechen liebt.","Der Modeschöpfer Joe ist nicht Michael.","Michael bietet Liebe, seine Rivalen bieten Einfluss.","Handlung","https://www.focusfeatures.com/article/production_notes___miss_pettigrew_lives_for_a_day","redaktionell_geprueft"
"F40-037-M2","K-F40-037-M2","","de","Film","Rom-Com","Miss Pettigrews großer Tag","Miss Pettigrew Lives for a Day","2008","","mittel","Handlung","Rom-Com","Rom-Com","Den Verlust ihres Verlobten im Ersten Weltkrieg als Hintergrund ihres Liebesrats kennen.","„Miss Pettigrews großer Tag“: Welche eigene Erfahrung verleiht Miss Pettigrews (Frances McDormand) Rat an Delysia (Amy Adams) besonderen Ernst?","Ihr Mann ließ sie nach einer gescheiterten Theaterkarriere zurück.","Sie verließ einen Pianisten zugunsten eines reichen Produzenten.","Sie verlor ihre große Liebe während einer Auswanderung nach Amerika.","Ihr Verlobter starb im Ersten Weltkrieg.","D","Pettigrew hat ihren Verlobten im Ersten Weltkrieg verloren.","Guinevere Pettigrew (Frances McDormand) hat ihren Verlobten im Ersten Weltkrieg verloren. Sie rät Delysia (Amy Adams) deshalb, eine wirkliche Liebe nicht zugunsten vermeintlicher Sicherheit zu versäumen. Michael (Lee Pace) bietet Delysia wenig Luxus, aber eine gemeinsame Zukunft. Der Verlust verleiht Pettigrews Rat besonderen Ernst: Das Londoner Gesellschaftsleben steht selbst wieder unmittelbar vor einem Krieg, der solche Möglichkeiten zerstören kann.","Eine Scheidung nach einer Theaterkarriere erklärt den Rat nicht.","Pettigrew schildert nicht diese Entscheidung zwischen Pianist und Produzent.","Der Verlust geschah im Ersten Weltkrieg, nicht bei einer Auswanderung.","Pettigrew hat ihren Verlobten im Ersten Weltkrieg verloren.","Pettigrews Rat kommt aus einem unwiederbringlichen eigenen Verlust.","Handlung","https://en.wikipedia.org/wiki/Miss_Pettigrew_Lives_for_a_Day|https://www.focusfeatures.com/article/production_notes___miss_pettigrew_lives_for_a_day","redaktionell_geprueft"
"F40-037-S1","K-F40-037-S1","","de","Film","Rom-Com","Miss Pettigrews großer Tag","Miss Pettigrew Lives for a Day","2008","","schwer","Produktion","Rom-Com","Rom-Com","Die erfolgreiche Wiederveröffentlichung des Romans als konkreten Produktionsanstoß kennen.","Was brachte Winifred Watsons ältere Romanvorlage von „Miss Pettigrews großer Tag“ wieder auf den Weg zur Verfilmung?","Eine Neuauflage machte den lange übersehenen Roman erneut bekannt.","Eine Bühnenfassung mit neuen Liedern wurde zum großen West-End-Erfolg.","Ein entdecktes Fortsetzungsmanuskript gab der Geschichte ein neues Ende.","Eine erfolgreiche Radiohörspielserie erschloss der Vorlage ein neues Publikum.","A","Die Neuauflage bei Persephone Books machte den Roman wieder sichtbar.","Winifred Watsons Roman erschien ursprünglich 1938. Persephone Books veröffentlichte ihn 2000 neu; das wiedergewonnene Interesse erreichte auch Produzentin Nellie Bellflower und Produzent Stephen Garrett. Die lange Vorgeschichte erklärt, warum ein Stoff mit einer älteren Handlungswelt erst viel später diesen Film erhielt. Eine Neuauflage konnte somit nicht nur Leser gewinnen, sondern die Voraussetzung für eine neue Adaption schaffen.","Die Neuauflage bei Persephone Books machte den Roman wieder sichtbar.","Die Produktionsnotizen nennen keine erfolgreiche West-End-Neufassung als Anstoß.","Ein neues Fortsetzungsmanuskript war nicht der Auslöser.","Eine Radiohörspielserie brachte dieses Filmprojekt nicht auf den Weg.","Ein wiederentdecktes Buch bekam eine neue Chance auf der Leinwand.","keine","https://www.focusfeatures.com/article/production_notes___miss_pettigrew_lives_for_a_day","redaktionell_geprueft"
"F40-037-S2","K-F40-037-S2","","de","Film","Rom-Com","Miss Pettigrews großer Tag","Miss Pettigrew Lives for a Day","2008","","schwer","Produktion","Rom-Com","Rom-Com","Amy Adams als tatsächliche Gesangsstimme ihrer Figur kennen.","Wessen Stimme hört man tatsächlich, wenn Delysia in der Nachtclubszene von „Miss Pettigrews großer Tag“ singt?","Jane Krakowski übernimmt den Gesang.","Amy Adams singt selbst.","Audra McDonald übernimmt den Gesang.","Jodi Benson übernimmt den Gesang.","B","Amy Adams singt Delysias Auftritt selbst.","Delysia wird von Amy Adams gespielt, die auch den Gesang der Nachtclubszene übernimmt. Die offizielle Produktionsnotiz hebt diesen eigenen Beitrag ausdrücklich hervor. In einem Film über Auftreten und gesellschaftliche Rollen bekommt die Darbietung dadurch eine zusätzliche Ebene. Die Stimme kommt von der Darstellerin selbst, während Delysia in ihrer Geschichte einen Moment wirklicher Nähe erlebt.","Jane Krakowski ist nicht die Gesangsdoublierung dieser Szene.","Amy Adams singt Delysias Auftritt selbst.","Audra McDonald singt diese Filmfigur nicht.","Jodi Benson übernimmt den Gesang dieser Szene nicht.","Delysias Stimme gehört ihrer Darstellerin Amy Adams.","Handlung","https://www.focusfeatures.com/article/production_notes___miss_pettigrew_lives_for_a_day","redaktionell_geprueft"
"F40-037-Y","K-F40-037-Y","","de","Film","Rom-Com","Miss Pettigrews großer Tag","Miss Pettigrew Lives for a Day","2008","","mittel","Erscheinungsjahr","Rom-Com","Rom-Com","Die erste Veröffentlichung von „Miss Pettigrew Lives for a Day“ dem Jahr 2008 zuordnen.","In welchem Jahr wurde „Miss Pettigrews großer Tag“ erstmals veröffentlicht?","2000","2004","2008","2016","C","Die erste Veröffentlichung dieser Fassung war 2008.","„Miss Pettigrews großer Tag“ wurde 2008 veröffentlicht; Focus Features nennt den US-Kinostart am 7. März. Die Handlung ist dagegen im London des Jahres 1939 angesiedelt. Der Film gestaltet somit eine historische Gesellschaftswelt aus deutlich späterer Produktionsperspektive. Winifred Watsons Romanvorlage stammt bereits aus dem Jahr 1938 und erhielt durch eine Neuauflage neues Interesse.","2000 ist nicht das Jahr der ersten Veröffentlichung dieser Filmfassung.","2004 ist nicht das Jahr der ersten Veröffentlichung dieser Filmfassung.","Die erste Veröffentlichung dieser Fassung war 2008.","2016 ist nicht das Jahr der ersten Veröffentlichung dieser Filmfassung.","Miss Pettigrew Lives for a Day: erste Veröffentlichung 2008.","keine","https://www.focusfeatures.com/miss_pettigrew_lives_for_a_day|https://www.focusfeatures.com/article/production_notes___miss_pettigrew_lives_for_a_day","redaktionell_geprueft"
"F40-037-D","K-F40-037-D","","de","Film","Rom-Com","Miss Pettigrews großer Tag","Miss Pettigrew Lives for a Day","2008","","mittel","Regie","Rom-Com","Rom-Com","Den vollständigen offiziellen Regiecredit von „Miss Pettigrew Lives for a Day“ kennen.","Wer führte bei „Miss Pettigrews großer Tag“ Regie?","Roger Michell","Lone Scherfig","Joe Wright","Bharat Nalluri","D","Der offizielle Regiecredit lautet Bharat Nalluri.","Bharat Nalluri führte Regie bei der Adaption von Winifred Watsons Roman. David Magee und Simon Beaufoy schrieben das Drehbuch, Frances McDormand und Amy Adams spielen die beiden zentralen Frauen. Die Regie stellt ihre unterschiedlichen Erfahrungen in einen gemeinsamen Londoner Tag. Die Figuren wechseln zwischen mondänen Räumen und persönlichen Entscheidungen, ohne dass der historische Rahmen ganz aus dem Blick gerät.","Roger Michell ist nicht der offizielle Regiecredit dieses Films.","Lone Scherfig ist nicht der offizielle Regiecredit dieses Films.","Joe Wright ist nicht der offizielle Regiecredit dieses Films.","Der offizielle Regiecredit lautet Bharat Nalluri.","Miss Pettigrew Lives for a Day: Regie Bharat Nalluri.","keine","https://www.filmdienst.de/film/details/531398/miss-pettigrews-grosser-tag|https://www.focusfeatures.com/article/production_notes___miss_pettigrew_lives_for_a_day","redaktionell_geprueft"
"F40-038-L1","K-F40-038-L1","","de","Film","Rom-Com","Ariane – Liebe am Nachmittag","Love in the Afternoon","1957","","leicht","Handlung","Rom-Com","Rom-Com","Arianes vorgetäuschte Liebeserfahrung als Grundidee der Annäherung kennen.","Welche Rolle spielt Ariane (Audrey Hepburn) gegenüber dem erfahrenen Frank Flannagan (Gary Cooper) in „Ariane – Liebe am Nachmittag“?","Sie gibt sich als Frau mit zahlreichen Liebesaffären aus.","Sie gibt sich als geschiedene Millionärswitwe aus.","Sie gibt sich als Journalistin auf der Suche nach einer Story aus.","Sie gibt sich als Verlobte eines französischen Diplomaten aus.","A","Ariane spielt eine erfahrene Frau und erfindet zahlreiche frühere Liebhaber.","Ariane (Audrey Hepburn) begegnet Frank Flannagan (Gary Cooper) als junge Frau, die sich eine andere Erfahrung zuschreibt. Die erfundenen Affären sollen sein Interesse wecken und zugleich ihre eigene Unsicherheit verdecken. Daraus entsteht ein komisches Ungleichgewicht: Er hält sich für erfahren, sie kennt jedoch Geschichten, die ihre Selbstdarstellung überzeugend erscheinen lassen. Wahrheit und gespielte Souveränität geraten immer wieder durcheinander.","Ariane spielt eine erfahrene Frau und erfindet zahlreiche frühere Liebhaber.","Sie erfindet keine Millionärswitwen-Biografie als zentrale Rolle.","Eine journalistische Recherche ist nicht ihre gespielte Rolle.","Eine Diplomatenverlobung ist nicht ihre zentrale Behauptung.","Ariane erfindet Erfahrung, um dem erfahrenen Flannagan zu begegnen.","Handlung","https://www.filmdienst.de/film/details/47113/ariane-liebe-am-nachmittag|https://catalog.afi.com/Film/52269-LOVE-IN-THE-AFTERNOON?cxt=filmography","redaktionell_geprueft"
"F40-038-L2","K-F40-038-L2","","de","Film","Rom-Com","Ariane – Liebe am Nachmittag","Love in the Afternoon","1957","","leicht","Handlung","Rom-Com","Rom-Com","Claude als Privatdetektiv und Beobachter fremder Beziehungen kennen.","Welchen Beruf übt Arianes Vater Claude (Maurice Chevalier) in „Ariane – Liebe am Nachmittag“ aus?","Hotelmanager","Privatdetektiv","Scheidungsanwalt","Zeitungsreporter","B","Claude Chavasse ist Privatdetektiv.","Claude Chavasse (Maurice Chevalier) verdient seinen Lebensunterhalt damit, private Beziehungen zu beobachten. Seine Tochter Ariane (Audrey Hepburn) befindet sich dadurch näher an den Geschichten anderer Menschen, als er ahnt. Der Beruf ist für die Komödie mehr als Hintergrund. Er verbindet die familiäre Welt mit der Welt der Affären und bereitet Situationen vor, in denen Beobachter und Betroffene ihre Rollen wechseln.","Claude leitet kein Hotel.","Claude Chavasse ist Privatdetektiv.","Er arbeitet als Ermittler, nicht als Scheidungsanwalt.","Claude veröffentlicht seine Beobachtungen nicht als Reporter.","Der Vater untersucht fremde Affären; die Tochter lebt eine eigene Geschichte.","Handlung","https://catalog.afi.com/Film/52269-LOVE-IN-THE-AFTERNOON?cxt=filmography","redaktionell_geprueft"
"F40-038-M1","K-F40-038-M1","","de","Film","Rom-Com","Ariane – Liebe am Nachmittag","Love in the Afternoon","1957","","mittel","Handlung","Rom-Com","Rom-Com","Arianes Cellostudium als Teil ihres wirklichen Alltags kennen.","Welches Instrument spielt Ariane (Audrey Hepburn) in „Ariane – Liebe am Nachmittag“?","Violine","Klavier","Violoncello","Harfe","C","Ariane spielt Violoncello und besucht das Konservatorium.","Ariane (Audrey Hepburn) hat einen eigenen Alltag als junge Musikstudentin. Das Violoncello gehört zu dieser tatsächlichen Lebenswelt, während ihre vermeintlichen Liebeserfahrungen erfunden sind. Die Unterscheidung macht die Figur greifbarer: Sie ist nicht nur eine rätselhafte Frau für Frank Flannagan (Gary Cooper), sondern jemand mit einer Ausbildung und einer familiären Umgebung. Musik und gespielte Weltgewandtheit liegen in ihrer Geschichte nebeneinander.","Arianes Instrument ist das Violoncello, nicht die Violine.","Sie wird nicht als Klavierschülerin gezeigt.","Ariane spielt Violoncello und besucht das Konservatorium.","Das Instrument ihrer Ausbildung ist keine Harfe.","Hinter Arianes gespielter Erfahrung steckt eine Cellostudentin.","Handlung","https://catalog.afi.com/Film/52269-LOVE-IN-THE-AFTERNOON?cxt=filmography","redaktionell_geprueft"
"F40-038-M2","K-F40-038-M2","","de","Film","Rom-Com","Ariane – Liebe am Nachmittag","Love in the Afternoon","1957","","mittel","Handlung","Rom-Com","Rom-Com","Die Fallakten ihres Vaters als Material für Arianes Selbsterfindung kennen.","„Ariane – Liebe am Nachmittag“: Woher bezieht Ariane (Audrey Hepburn) Stoff für ihre erfundenen Liebesgeschichten?","Aus den Liebesbriefen einer Freundin","Aus den Erinnerungen eines pensionierten Schauspielers","Aus den Bekenntnissen von Hotelgästen","Aus den Fallakten ihres Vaters","D","Ariane verwendet Geschichten aus den Detektivakten ihres Vaters.","Claude Chavasse (Maurice Chevalier) sammelt beruflich Informationen über Affären. Ariane (Audrey Hepburn) eignet sich diese Geschichten an und macht sie gegenüber Frank Flannagan (Gary Cooper) scheinbar zu eigenen Erfahrungen. Die Akten erfüllen dadurch zwei Aufgaben: Sie dokumentieren fremde Beziehungen und ermöglichen eine erfundene Selbstbeschreibung. Der Film verknüpft so Arianes tatsächliche Familie mit ihrer gespielten Liebesbiografie.","Briefe einer Freundin sind nicht ihre zentrale Quelle.","Ein Schauspieler liefert diese Affärengeschichten nicht.","Sie hört dafür nicht die Bekenntnisse von Hotelgästen ab.","Ariane verwendet Geschichten aus den Detektivakten ihres Vaters.","Die fremden Fälle werden zu Arianes erfundenen Affären.","Handlung","https://catalog.afi.com/Film/52269-LOVE-IN-THE-AFTERNOON?cxt=filmography","redaktionell_geprueft"
"F40-038-S1","K-F40-038-S1","","de","Film","Rom-Com","Ariane – Liebe am Nachmittag","Love in the Afternoon","1957","","schwer","Filmgeschichte","Rom-Com","Rom-Com","I. A. L. Diamond als Beginn der wichtigen Wilder-Diamond-Kooperation kennen.","Mit welchem Drehbuchpartner begann Billy Wilder bei „Ariane – Liebe am Nachmittag“ eine langjährige Zusammenarbeit?","I. A. L. Diamond","Charles Brackett","Ernest Lehman","Samuel A. Taylor","A","Hier begann Wilders langjährige Zusammenarbeit mit I. A. L. Diamond.","Billy Wilder schrieb „Ariane – Liebe am Nachmittag“ gemeinsam mit I. A. L. Diamond. AFI nennt den Film als Beginn ihrer später häufig fortgesetzten Zusammenarbeit. Ein Drehbuchcredit wird damit zu einem filmhistorischen Knotenpunkt: Die gemeinsame Arbeit blieb nicht auf diese romantische Komödie beschränkt. Gefragt ist der tatsächliche Partner dieses Films, nicht lediglich ein Autor aus Wilders früherer Laufbahn.","Hier begann Wilders langjährige Zusammenarbeit mit I. A. L. Diamond.","Brackett ist nicht der hier erstmals mit Wilder arbeitende Autor.","Lehman ist nicht Wilders Drehbuchpartner dieses Films.","Taylor schrieb diesen Film nicht gemeinsam mit Wilder.","Ariane markiert den Anfang von Wilder und Diamond.","keine","https://catalog.afi.com/Film/52269-LOVE-IN-THE-AFTERNOON?cxt=filmography","redaktionell_geprueft"
"F40-038-S2","K-F40-038-S2","","de","Film","Rom-Com","Ariane – Liebe am Nachmittag","Love in the Afternoon","1957","","schwer","Produktion","Rom-Com","Rom-Com","Die im Studio nachgebaute Pariser Oper als konkrete Produktionsentscheidung kennen.","Wie entstand die Pariser Opernszene für „Ariane – Liebe am Nachmittag“?","Die Szene nutzte ausschließlich vorhandene Archivaufnahmen.","Die Oper wurde für die Szene im Studio nachgebaut.","Die Szene wurde heimlich während einer öffentlichen Aufführung gedreht.","Ein anderes europäisches Opernhaus ersetzte die Pariser Oper.","B","Die Opernszene wurde mit einem Studiodekor hergestellt.","AFI stellt einer damaligen Pressebehauptung einen Bericht aus „American Cinematographer“ gegenüber. Danach war das Filmen in der Pariser Oper zu schwierig, weshalb die Szene im Studio entstand. Die sichtbare historische Umgebung muss also nicht der tatsächliche Aufnahmeort sein. Das konkrete Beispiel zeigt, wie Kulissen einen realen Ort darstellen können, ohne dass das Publikum den Wechsel bemerkt.","AFI beschreibt einen gebauten Studiodekor, keine reine Archivmontage.","Die Opernszene wurde mit einem Studiodekor hergestellt.","Der belegte Dreh fand nicht heimlich bei einer öffentlichen Aufführung statt.","AFI nennt keinen Ersatzdreh in einem anderen Opernhaus.","Die Pariser Oper auf der Leinwand war ein Studiodekor.","keine","https://catalog.afi.com/Film/52269-LOVE-IN-THE-AFTERNOON?cxt=filmography","redaktionell_geprueft"
"F40-038-Y","K-F40-038-Y","","de","Film","Rom-Com","Ariane – Liebe am Nachmittag","Love in the Afternoon","1957","","mittel","Erscheinungsjahr","Rom-Com","Rom-Com","Die erste Veröffentlichung von „Love in the Afternoon“ dem Jahr 1957 zuordnen.","In welchem Jahr wurde „Ariane – Liebe am Nachmittag“ erstmals veröffentlicht?","1949","1953","1957","1965","C","Die erste Veröffentlichung dieser Fassung war 1957.","„Ariane – Liebe am Nachmittag“ hatte 1957 seine Weltpremiere in Paris. Die amerikanischen Eröffnungen folgten noch im selben Jahr. Der Film verbindet Audrey Hepburn, Gary Cooper und Maurice Chevalier in einer romantischen Komödie. Zugleich begann mit dieser Produktion die langjährige Drehbuchzusammenarbeit zwischen Billy Wilder und I. A. L. Diamond, die das spätere Werk Wilders mehrfach prägen sollte.","1949 ist nicht das Jahr der ersten Veröffentlichung dieser Filmfassung.","1953 ist nicht das Jahr der ersten Veröffentlichung dieser Filmfassung.","Die erste Veröffentlichung dieser Fassung war 1957.","1965 ist nicht das Jahr der ersten Veröffentlichung dieser Filmfassung.","Love in the Afternoon: erste Veröffentlichung 1957.","keine","https://catalog.afi.com/Film/52269-LOVE-IN-THE-AFTERNOON?cxt=filmography","redaktionell_geprueft"
"F40-038-D","K-F40-038-D","","de","Film","Rom-Com","Ariane – Liebe am Nachmittag","Love in the Afternoon","1957","","mittel","Regie","Rom-Com","Rom-Com","Den vollständigen offiziellen Regiecredit von „Love in the Afternoon“ kennen.","Wer führte bei „Ariane – Liebe am Nachmittag“ Regie?","Ernst Lubitsch","Stanley Donen","William Wyler","Billy Wilder","D","Der offizielle Regiecredit lautet Billy Wilder.","Billy Wilder führte Regie und schrieb das Drehbuch mit I. A. L. Diamond. Audrey Hepburn spielt Ariane, Gary Cooper Frank Flannagan und Maurice Chevalier den Privatdetektiv Claude Chavasse. Der Film wurde nach Claude Anets Roman gestaltet. Wilder verbindet die Annäherung der Liebenden mit einer familiären Intrige, in der Beobachtung, Wissen und erfundene Erfahrung ständig ihre Bedeutung verändern.","Ernst Lubitsch ist nicht der offizielle Regiecredit dieses Films.","Stanley Donen ist nicht der offizielle Regiecredit dieses Films.","William Wyler ist nicht der offizielle Regiecredit dieses Films.","Der offizielle Regiecredit lautet Billy Wilder.","Love in the Afternoon: Regie Billy Wilder.","keine","https://www.filmdienst.de/film/details/47113/ariane-liebe-am-nachmittag|https://catalog.afi.com/Film/52269-LOVE-IN-THE-AFTERNOON?cxt=filmography","redaktionell_geprueft"
"F40-039-L1","K-F40-039-L1","","de","Film","Rom-Com","Wie schreibt man Liebe?","The Rewrite","2014","","leicht","Handlung","Rom-Com","Rom-Com","Den Drehbuchautor als widerwilligen Hochschullehrer für kreatives Schreiben kennen.","Welchen neuen Job nimmt Keith Michaels (Hugh Grant) in „Wie schreibt man Liebe?“ an?","Er unterrichtet Schreiben an einer Hochschule.","Er leitet die Redaktion einer Lokalzeitung.","Er inszeniert Theaterstücke an einer Schule.","Er schreibt Reden für den Bürgermeister.","A","Keith nimmt eine Lehrstelle für Schreiben an einer Hochschule an.","Keith Michaels (Hugh Grant) kommt aus dem Filmgeschäft in ein Umfeld, dessen Arbeit er zunächst unterschätzt. Der Unterricht verlangt andere Fähigkeiten als das Schreiben eines erfolgreichen Drehbuchs. Er muss auf Menschen eingehen, statt nur auf die eigene Laufbahn zu schauen. Die neue Stelle schafft deshalb den Raum, in dem berufliche Ernüchterung und eine neue Beziehung miteinander verbunden werden.","Keith nimmt eine Lehrstelle für Schreiben an einer Hochschule an.","Keith übernimmt keine Zeitungsredaktion.","Sein neuer Job ist keine Schultheaterregie.","Er wird nicht Redenschreiber des Bürgermeisters.","Der Autor muss lernen, anderen beim Schreiben zu helfen.","Handlung","https://www.filmdienst.de/film/details/544686/wie-schreibt-man-liebe|https://www.binghamton.edu/news/blog/story/5621/10-really-cool-things-you-didnt-know-binghamton-was-famous-for","redaktionell_geprueft"
"F40-039-L2","K-F40-039-L2","","de","Film","Rom-Com","Wie schreibt man Liebe?","The Rewrite","2014","","leicht","Handlung","Rom-Com","Rom-Com","Beruflichen Misserfolg und Geldnot als Anlass des Neuanfangs kennen.","Warum nimmt Keith (Hugh Grant) den ungeliebten Lehrauftrag in „Wie schreibt man Liebe?“ überhaupt an?","Er will für eine geplante Professorenkomödie verdeckt recherchieren.","Neue Drehbuchaufträge bleiben aus und er braucht Geld.","Er muss eine gerichtliche Auflage nach einem Betrugsverfahren erfüllen.","Er wurde von Hollywood für eine Hochschulkooperation beurlaubt.","B","Seine Karriere stagniert; der Unterricht soll seine finanzielle Not lösen.","Keith Michaels (Hugh Grant) hält an dem Bild seines früheren Erfolgs fest, bekommt aber keine neuen Aufträge mehr. Die Stelle ist deshalb zunächst ein Ausweg aus der Geldnot. Seine geringe Achtung vor dem Unterricht gehört zu diesem Ausgangspunkt. Erst die Begegnungen vor Ort verändern seine Haltung. Der Film baut die zweite Chance auf einer Krise auf, die Keith nicht freiwillig gesucht hat.","Er nimmt die Stelle nicht als verdeckte Stoffrecherche an.","Seine Karriere stagniert; der Unterricht soll seine finanzielle Not lösen.","Der Lehrauftrag ist keine gerichtliche Auflage.","Er kommt nicht mit einem gesicherten Hollywood-Kooperationsauftrag.","Die Geldnot bringt Keith an den Ort seiner zweiten Chance.","Handlung","https://www.filmdienst.de/film/details/544686/wie-schreibt-man-liebe|https://en.wikipedia.org/wiki/The_Rewrite","redaktionell_geprueft"
"F40-039-M1","K-F40-039-M1","","de","Film","Rom-Com","Wie schreibt man Liebe?","The Rewrite","2014","","mittel","Handlung","Rom-Com","Rom-Com","Die Auswahl nach Attraktivität statt Schreibpotenzial als konkretes Zeichen seiner Anfangshaltung kennen.","Welches Kriterium steht bei Keiths (Hugh Grant) erster Auswahl der Kursteilnehmer in „Wie schreibt man Liebe?“ im Vordergrund?","Er bevorzugt Studierende mit veröffentlichten Büchern.","Er bevorzugt Bewerber mit den besten Schreibproben.","Er bevorzugt attraktive junge Frauen.","Er bevorzugt Studierende aus finanziell schwachen Familien.","C","Keith bevorzugt bei der ersten Auswahl attraktive junge Frauen.","Keith Michaels (Hugh Grant) behandelt seine neue Stelle anfangs als bequeme Zwischenstation. Die Auswahl des Kurses richtet er nach persönlichen Vorlieben aus. Darin wird seine fehlende Verantwortung gegenüber den Bewerbern sichtbar. Der Film braucht diesen konkreten Fehler, um seine spätere Veränderung zu zeigen: Er muss die Menschen und ihre Arbeit ernst nehmen, die er zunächst nur oberflächlich betrachtet.","Veröffentlichte Bücher sind nicht sein ausschlaggebendes Kriterium.","Die besten Schreibproben bestimmen seine erste Auswahl gerade nicht.","Keith bevorzugt bei der ersten Auswahl attraktive junge Frauen.","Er entscheidet nicht vorrangig nach sozialer Bedürftigkeit.","Keiths erste Auswahl verrät mehr über ihn als über die Texte.","Handlung","https://en.wikipedia.org/wiki/The_Rewrite","redaktionell_geprueft"
"F40-039-M2","K-F40-039-M2","","de","Film","Rom-Com","Wie schreibt man Liebe?","The Rewrite","2014","","mittel","Handlung","Rom-Com","Rom-Com","Hollys Glauben an Lernen und Arbeit von Keiths starrem Talentbegriff unterscheiden.","„Wie schreibt man Liebe?“: Welche Haltung von Holly (Marisa Tomei) widerspricht Keiths (Hugh Grant) anfänglicher Vorstellung vom Schreiben?","Nur Menschen mit frühen Auszeichnungen sollten schreiben.","Schreiben braucht keine Überarbeitung, wenn das Talent ausreicht.","Ein Schreibkurs lohnt sich nur mit sicheren Hollywoodkontakten.","Fähigkeiten lassen sich durch Lernen und Arbeit weiterentwickeln.","D","Holly glaubt daran, dass Lernen und Arbeit Fähigkeiten verändern können.","Holly Carpenter (Marisa Tomei) arbeitet und zieht Kinder groß, möchte aber trotzdem weiterlernen. Keith Michaels (Hugh Grant) begegnet ihr zunächst mit einem engen Begriff von angeborenem Talent. Ihre Haltung stellt nicht nur seine Unterrichtsmethode infrage. Sie öffnet auch eine andere Vorstellung von seiner eigenen Zukunft: Entwicklung ist möglich, selbst wenn frühere Erfolge keine neuen Leistungen mehr garantieren.","Holly knüpft Schreibfähigkeit nicht an frühe Auszeichnungen.","Sie widerspricht gerade der Idee, Talent ersetze die Arbeit.","Sie hält Hollywoodkontakte nicht für die Voraussetzung des Lernens.","Holly glaubt daran, dass Lernen und Arbeit Fähigkeiten verändern können.","Holly vertraut auf Entwicklung; Keith vertraut zuerst auf Etiketten.","Handlung","https://en.wikipedia.org/wiki/The_Rewrite","redaktionell_geprueft"
"F40-039-S1","K-F40-039-S1","","de","Film","Rom-Com","Wie schreibt man Liebe?","The Rewrite","2014","","schwer","Handlung","Rom-Com","Rom-Com","Die bewusste Entscheidung für den Unterricht als Abschluss seines Wandels kennen.","Wie entscheidet sich Keith (Hugh Grant) am Ende von „Wie schreibt man Liebe?“, als eine Rückkehr nach Hollywood möglich wird?","Er bleibt an der Hochschule und will weiter unterrichten.","Er kehrt nach Hollywood zurück und beendet seinen Lehrauftrag.","Er unterrichtet künftig nur noch bei den Produktionsstudios in Los Angeles.","Er gibt den Unterricht auf und schreibt fortan ausschließlich Romane.","A","Keith entscheidet sich, an der Hochschule zu bleiben.","Keith Michaels (Hugh Grant) hat zuerst nur aus Geldnot unterrichtet. Später hilft er einem Studenten, sein Drehbuch Produzenten vorzustellen, und erlebt die Arbeit im Kurs als sinnvolle Aufgabe. Als seine Agentin eine Rückkehr nach Hollywood anbietet, entscheidet er sich für Binghamton. Er will weiter lehren und schreiben. Der berufliche Neuanfang ist damit zur selbst gewählten Tätigkeit geworden, die seine Prioritäten verändert hat.","Keith entscheidet sich, an der Hochschule zu bleiben.","Er wählt Binghamton statt der Rückkehr nach Hollywood.","Er verlegt seinen Unterricht nicht an Hollywood-Studios.","Er entscheidet sich nicht gegen die Hochschule für eine reine Romanlaufbahn.","Aus dem Notjob wird Keiths bewusste Wahl.","Auflösung","https://en.wikipedia.org/wiki/The_Rewrite","redaktionell_geprueft"
"F40-039-S2","K-F40-039-S2","","de","Film","Rom-Com","Wie schreibt man Liebe?","The Rewrite","2014","","schwer","Produktion","Rom-Com","Rom-Com","Lawrences eigene Binghamton-Ausbildung als konkrete Verbindung zum Handlungsort kennen.","Welche persönliche Verbindung hat Regisseur Marc Lawrence zur Hochschule, an der „Wie schreibt man Liebe?“ spielt?","Er war dort Professor für Filmgeschichte.","Er hat selbst an der Binghamton University studiert.","Er leitete dort vor dem Film ein Theaterensemble.","Er erhielt dort erst wegen des Films einen Ehrendoktor.","B","Marc Lawrence ist Absolvent der Binghamton University.","Die Binghamton University weist Marc Lawrence als eigenen Absolventen aus. Der Hochschulort ist für den Regisseur und Autor damit nicht völlig fremd. Die offizielle Seite nennt außerdem ausgewählte Dreharbeiten an Orten der Umgebung. Das bedeutet nicht, dass jede Szene auf dem Campus entstand. Die persönliche Verbindung erklärt jedoch, warum dieser konkrete Ort hinter dem beruflichen Neuanfang der Hauptfigur steht.","Die Universitätsseite nennt ihn als Absolventen, nicht als dortigen Filmprofessor.","Marc Lawrence ist Absolvent der Binghamton University.","Ein früheres Theaterensemble ist nicht die belegte Verbindung.","Seine Verbindung stammt aus seinem Studium vor dem Film.","Lawrence schickt Keith an seine eigene frühere Hochschule.","keine","https://www.binghamton.edu/news/blog/story/5621/10-really-cool-things-you-didnt-know-binghamton-was-famous-for","redaktionell_geprueft"
"F40-039-Y","K-F40-039-Y","","de","Film","Rom-Com","Wie schreibt man Liebe?","The Rewrite","2014","","mittel","Erscheinungsjahr","Rom-Com","Rom-Com","Die erste Veröffentlichung von „The Rewrite“ dem Jahr 2014 zuordnen.","In welchem Jahr wurde „Wie schreibt man Liebe?“ erstmals veröffentlicht?","2006","2010","2014","2022","C","Die erste Veröffentlichung dieser Fassung war 2014.","„The Rewrite“, auf Deutsch „Wie schreibt man Liebe?“, wurde 2014 erstmals veröffentlicht. Einzelne Kinostarts folgten später; der amerikanische Start lag 2015. Der Film erzählt vom Neuanfang eines früher erfolgreichen Drehbuchautors und verlegt seine Geschichte an die Binghamton University. Das erste Filmjahr bleibt daher 2014, auch wenn ein Publikum die Fassung erst im folgenden Jahr sehen konnte.","2006 ist nicht das Jahr der ersten Veröffentlichung dieser Filmfassung.","2010 ist nicht das Jahr der ersten Veröffentlichung dieser Filmfassung.","Die erste Veröffentlichung dieser Fassung war 2014.","2022 ist nicht das Jahr der ersten Veröffentlichung dieser Filmfassung.","The Rewrite: erste Veröffentlichung 2014.","keine","https://en.wikipedia.org/wiki/The_Rewrite|https://www.binghamton.edu/news/blog/story/5621/10-really-cool-things-you-didnt-know-binghamton-was-famous-for","redaktionell_geprueft"
"F40-039-D","K-F40-039-D","","de","Film","Rom-Com","Wie schreibt man Liebe?","The Rewrite","2014","","mittel","Regie","Rom-Com","Rom-Com","Den vollständigen offiziellen Regiecredit von „The Rewrite“ kennen.","Wer führte bei „Wie schreibt man Liebe?“ Regie?","Richard Curtis","Chris Weitz","Peter Howitt","Marc Lawrence","D","Der offizielle Regiecredit lautet Marc Lawrence.","Marc Lawrence schrieb und inszenierte „Wie schreibt man Liebe?“. Hugh Grant spielt Keith Michaels, Marisa Tomei Holly Carpenter. Lawrence hat selbst an der Binghamton University studiert, an der die Handlung angesiedelt ist. Der Regiecredit verbindet sich somit mit einer konkreten Ortskenntnis. Die Komödie stellt eine neue berufliche Aufgabe neben die Frage, ob eine festgefahrene Lebenshaltung noch verändert werden kann.","Richard Curtis ist nicht der offizielle Regiecredit dieses Films.","Chris Weitz ist nicht der offizielle Regiecredit dieses Films.","Peter Howitt ist nicht der offizielle Regiecredit dieses Films.","Der offizielle Regiecredit lautet Marc Lawrence.","The Rewrite: Regie Marc Lawrence.","keine","https://www.filmdienst.de/film/details/544686/wie-schreibt-man-liebe|https://www.binghamton.edu/news/blog/story/5621/10-really-cool-things-you-didnt-know-binghamton-was-famous-for","redaktionell_geprueft"
"F40-040-L1","K-F40-040-L1","","de","Film","Rom-Com","The Big Sick","The Big Sick","2017","","leicht","Handlung","Rom-Com","Rom-Com","Kumails Arbeit als angehender Stand-up-Comedian kennen.","Welchen Beruf versucht Kumail (Kumail Nanjiani) in „The Big Sick“ aufzubauen?","Stand-up-Comedian","Radiomoderator","Theaterschauspieler","Musikproduzent","A","Kumail versucht, als Stand-up-Comedian erfolgreich zu werden.","Kumail (Kumail Nanjiani) begegnet Emily (Zoe Kazan) nach einem Stand-up-Auftritt. Die Bühne gehört zu dem Leben, das er selbst aufbauen möchte. Zugleich hält er gegenüber seiner Familie Teile dieses Lebens verborgen. Der Beruf ist deshalb nicht nur eine Quelle von Witzen: Er verbindet die erste Begegnung mit dem Wunsch, eigene Entscheidungen zu treffen und eine persönliche Stimme zu finden.","Kumail versucht, als Stand-up-Comedian erfolgreich zu werden.","Die zentrale Bühnenarbeit ist keine Radiomoderation.","Er baut keine klassische Theaterlaufbahn auf.","Er produziert nicht Musik als seinen beruflichen Traum.","Kumails Bühne bringt ihn mit Emily zusammen.","Handlung","https://app.powster.com/lionsgateus/the-big-sick/us/synopsis/","redaktionell_geprueft"
"F40-040-L2","K-F40-040-L2","","de","Film","Rom-Com","The Big Sick","The Big Sick","2017","","leicht","Handlung","Rom-Com","Rom-Com","Die erwartete arrangierte Ehe als familiären Beziehungskonflikt kennen.","Welche Zukunft wünschen Kumails Eltern in „The Big Sick“ für seine Partnerwahl?","Eine Ehe mit einer amerikanischen Schauspielerin","Eine arrangierte Ehe mit einer pakistanischen Frau","Eine Ehe erst nach einer gemeinsamen Hochschulkarriere","Ein unverheiratetes Leben bis zur Rückkehr nach Pakistan","B","Die Eltern erwarten eine arrangierte Ehe mit einer pakistanischen Frau.","Kumail (Kumail Nanjiani) lässt seine Eltern potenzielle Partnerinnen vorstellen, ohne ihnen seine Beziehung mit Emily (Zoe Kazan) offen zu erklären. Der Konflikt betrifft damit nicht nur unterschiedliche Wünsche. Sein Versuch, beiden Seiten gerecht zu werden, führt zu Geheimnissen. Als Emily davon erfährt, muss sie entscheiden, ob ihre Beziehung in seinem tatsächlichen Lebensplan überhaupt einen Platz hat.","Die Eltern suchen nicht nach einer amerikanischen Schauspielerin.","Die Eltern erwarten eine arrangierte Ehe mit einer pakistanischen Frau.","Eine Hochschulkarriere ist nicht das entscheidende Heiratskriterium.","Sie wollen eine Ehe arrangieren, nicht seine dauerhafte Ehelosigkeit.","Die verheimlichte Beziehung kollidiert mit dem familiären Heiratsplan.","Handlung","https://www.filmdienst.de/film/details/550204/the-big-sick|https://en.wikipedia.org/wiki/The_Big_Sick","redaktionell_geprueft"
"F40-040-M1","K-F40-040-M1","","de","Film","Rom-Com","The Big Sick","The Big Sick","2017","","mittel","Handlung","Rom-Com","Rom-Com","Emilys Koma als Anlass der Begegnung und Annäherung mit ihren Eltern kennen.","Welche ungewöhnliche Situation bringt Kumail in „The Big Sick“ den Eltern seiner früheren Freundin näher?","Emily reist fort, und sie helfen gemeinsam bei der Räumung ihrer Wohnung.","Emily plant einen Umzug, und sie suchen gemeinsam nach einem neuen Zuhause.","Emily liegt im Koma, und sie verbringen Zeit an ihrem Krankenbett.","Emily verliert ihre Stelle, und sie unterstützen gemeinsam ihre Arbeitssuche.","C","Emilys Koma führt Kumail und ihre Eltern im Krankenhaus zusammen.","Emily (Zoe Kazan) ist schwer krank, während Kumail (Kumail Nanjiani) und ihre Eltern Beth (Holly Hunter) und Terry (Ray Romano) einander erst kennenlernen. Die gemeinsame Sorge schafft Nähe, ohne frühere Verletzungen sofort aufzuheben. Der Film entwickelt die Beziehung dadurch zeitweise ohne Emilys aktive Beteiligung. Kumail muss gegenüber ihrer Familie Verantwortung zeigen, obwohl seine Verbindung zu Emily bereits gescheitert war.","Das Zusammenkommen entsteht aus Emilys Krankheit, nicht einer Wohnungsräumung.","Eine gemeinsame Wohnungssuche ist nicht der Anlass.","Emilys Koma führt Kumail und ihre Eltern im Krankenhaus zusammen.","Sie begegnen einander im Krankenhaus, nicht bei Emilys Arbeitssuche.","Das Krankenbett verbindet Menschen, die sich sonst kaum kennen.","Handlung","https://app.powster.com/lionsgateus/the-big-sick/us/synopsis/|https://www.filmdienst.de/film/details/550204/the-big-sick","redaktionell_geprueft"
"F40-040-M2","K-F40-040-M2","","de","Film","Rom-Com","The Big Sick","The Big Sick","2017","","mittel","Handlung","Rom-Com","Rom-Com","Emilys anfängliche Ablehnung trotz seiner Annäherung an ihre Eltern kennen.","Wie reagiert Emily (Zoe Kazan) in „The Big Sick“ nach dem Aufwachen zunächst auf Kumails (Kumail Nanjiani) Wunsch nach einem Neuanfang?","Sie nimmt die Beziehung ohne weitere Aussprache wieder auf.","Sie willigt nur unter der Bedingung einer sofortigen Verlobung ein.","Sie bietet einen Neuanfang nach einer gemeinsamen Reise an.","Sie lehnt den Neuanfang zunächst ab.","D","Emily bleibt zunächst bei ihrer Ablehnung der Beziehung.","Emily (Zoe Kazan) hatte sich von Kumail (Kumail Nanjiani) getrennt, weil er die Beziehung vor seinen Eltern geheim hielt und zugleich mögliche arrangierte Ehen zuließ. Nach ihrem Aufwachen kennt sie seinen Einsatz während des Komas nicht aus eigener Erfahrung. Die Nähe zu ihren Eltern beseitigt ihre Verletzung deshalb nicht. Sie lehnt den Neuanfang zunächst ab und behält die Entscheidung über ihre Beziehung selbst.","Sie nimmt die Beziehung nach dem Aufwachen nicht sofort wieder auf.","Ihre erste Reaktion ist keine Forderung nach sofortiger Verlobung.","Sie bietet in dieser Situation keinen Neuanfang gegen eine gemeinsame Reise an.","Emily bleibt zunächst bei ihrer Ablehnung der Beziehung.","Kumails Veränderung ersetzt Emilys eigene Entscheidung nicht.","Auflösung","https://en.wikipedia.org/wiki/The_Big_Sick","redaktionell_geprueft"
"F40-040-S1","K-F40-040-S1","","de","Film","Rom-Com","The Big Sick","The Big Sick","2017","","schwer","Produktion","Rom-Com","Rom-Com","Die tatsächliche Beziehung von Kumail Nanjiani und Emily V. Gordon als Ausgangsstoff kennen.","Welche reale Grundlage hat das gemeinsam geschriebene Drehbuch von „The Big Sick“?","Die eigene Beziehung von Kumail Nanjiani und Emily V. Gordon","Die Liebesgeschichte aus einem zuvor erfolgreichen Roman","Der Krankenhaustagebuch-Bericht eines ihnen unbekannten Paars","Die Lebensgeschichte von Regisseur Michael Showalter","A","Kumail Nanjiani und Emily V. Gordon verarbeiteten ihre eigene Beziehung.","Kumail Nanjiani und Emily V. Gordon schrieben den Film gemeinsam auf Grundlage ihrer eigenen Annäherung und der schweren Erkrankung Gordons. Nanjiani spielt im Film Kumail; Emily wird von Zoe Kazan dargestellt. Reale Autorenschaft und Besetzung sind damit unterschiedlich organisiert. Die biografische Grundlage bedeutet außerdem keine unveränderte Dokumentation: Aus dem Erlebten entstand ein gestaltetes Drehbuch für eine romantische Komödie.","Kumail Nanjiani und Emily V. Gordon verarbeiteten ihre eigene Beziehung.","Die offizielle Synopsis nennt keine Romanadaption als Ausgangspunkt.","Der Stoff stammt aus der eigenen Erfahrung der Autoren.","Die zentrale Beziehung ist nicht Michael Showalters Lebensgeschichte.","Das Paar hinter dem Drehbuch verarbeitete seine eigene Geschichte.","keine","https://app.powster.com/lionsgateus/the-big-sick/us/synopsis/|https://www.savethecat.com/wp-content/uploads/2018/02/THE-BIG-SICK-IN-WRITTEN-BY.pdf","redaktionell_geprueft"
"F40-040-S2","K-F40-040-S2","","de","Film","Rom-Com","The Big Sick","The Big Sick","2017","","schwer","Produktion","Rom-Com","Rom-Com","Gordons eigene Perspektive auf das gemeinsame Erleben als Anlass echter Mitautorenschaft kennen.","Warum bezog Kumail Nanjiani Emily V. Gordon als Mitautorin von „The Big Sick“ ein?","Ihre ausgearbeiteten Dialoge für Nebenfiguren überzeugten ihn von einem neuen Schreibstil.","Ihre andere Perspektive auf das Erlebte musste Teil des Schreibens werden.","Ihre Therapieerfahrung sollte dem Film eine zweite eigenständige Handlung verschaffen.","Ihre bereits verfasste Romanfassung sollte möglichst unverändert übernommen werden.","B","Er erkannte, dass er ihre andere Perspektive auf die gemeinsame Geschichte brauchte.","Im Interview mit „Written By“ schildert Kumail Nanjiani, dass Emily V. Gordons erste Rückmeldungen nicht bloß gewöhnliche Textnotizen waren. Sie sah dieselben Ereignisse aus einem anderen Blickwinkel. Daraus entstand die Einsicht, dass er die Geschichte nicht allein schreiben konnte. Die gemeinsame Autorenschaft betrifft deshalb die Form des Erzählens: Beide Sichtweisen sollten in den Stoff eingehen, statt eine davon nur nachträglich zu korrigieren.","Nanjiani nennt ihre andere Erlebnisperspektive, nicht bereits fertig vorgelegte Nebenfigurendialoge.","Er erkannte, dass er ihre andere Perspektive auf die gemeinsame Geschichte brauchte.","Eine zusätzliche Therapiehandlung war nicht der Grund der Mitautorenschaft.","Die Autoren adaptierten keine bereits fertige Romanfassung Gordons.","Zwei Beteiligte brauchten zwei Perspektiven im Drehbuch.","keine","https://www.savethecat.com/wp-content/uploads/2018/02/THE-BIG-SICK-IN-WRITTEN-BY.pdf","redaktionell_geprueft"
"F40-040-Y","K-F40-040-Y","","de","Film","Rom-Com","The Big Sick","The Big Sick","2017","","mittel","Erscheinungsjahr","Rom-Com","Rom-Com","Die erste Veröffentlichung von „The Big Sick“ dem Jahr 2017 zuordnen.","In welchem Jahr wurde „The Big Sick“ erstmals veröffentlicht?","2009","2013","2017","2025","C","Die erste Veröffentlichung dieser Fassung war 2017.","„The Big Sick“ wurde 2017 erstmals beim Sundance Film Festival gezeigt und kam im Juni desselben Jahres in die amerikanischen Kinos. Das Drehbuch verarbeitet die frühere Beziehung der Autoren Kumail Nanjiani und Emily V. Gordon. Das Veröffentlichungsjahr datiert somit die gestaltete Filmfassung und nicht das gesamte reale Geschehen, aus dem die Autoren ihren Stoff entwickelten.","2009 ist nicht das Jahr der ersten Veröffentlichung dieser Filmfassung.","2013 ist nicht das Jahr der ersten Veröffentlichung dieser Filmfassung.","Die erste Veröffentlichung dieser Fassung war 2017.","2025 ist nicht das Jahr der ersten Veröffentlichung dieser Filmfassung.","The Big Sick: erste Veröffentlichung 2017.","keine","https://en.wikipedia.org/wiki/The_Big_Sick|https://app.powster.com/lionsgateus/the-big-sick/us/synopsis/","redaktionell_geprueft"
"F40-040-D","K-F40-040-D","","de","Film","Rom-Com","The Big Sick","The Big Sick","2017","","mittel","Regie","Rom-Com","Rom-Com","Den vollständigen offiziellen Regiecredit von „The Big Sick“ kennen.","Wer führte bei „The Big Sick“ Regie?","Judd Apatow","Nicholas Stoller","Paul Feig","Michael Showalter","D","Der offizielle Regiecredit lautet Michael Showalter.","Michael Showalter führte Regie, während Kumail Nanjiani und Emily V. Gordon das Drehbuch schrieben. Judd Apatow und Barry Mendel produzierten den Film. Die Credits verteilen die Arbeit an einer persönlich geprägten Geschichte also auf unterschiedliche Aufgaben. Showalter inszeniert Nanjiani als Kumail und Zoe Kazan als Emily; Holly Hunter und Ray Romano spielen ihre Eltern.","Judd Apatow ist nicht der offizielle Regiecredit dieses Films.","Nicholas Stoller ist nicht der offizielle Regiecredit dieses Films.","Paul Feig ist nicht der offizielle Regiecredit dieses Films.","Der offizielle Regiecredit lautet Michael Showalter.","The Big Sick: Regie Michael Showalter.","keine","https://app.powster.com/lionsgateus/the-big-sick/us/synopsis/|https://www.filmdienst.de/film/details/550204/the-big-sick","redaktionell_geprueft"
