001-L-1	Forrest begegnet amerikanischer Zeitgeschichte als scheinbar unbeteiligter Beobachter. Seine Beziehung zu Jenny verbindet die einzelnen Episoden zu einer persönlichen Geschichte.	Forrest Gump|1994
001-L-2	Woody fürchtet zunächst, durch Buzz Lightyear ersetzt zu werden. Aus dieser Eifersucht entwickelt der Film eine Freundschaft zwischen zwei sehr unterschiedlichen Spielzeugen.	Toy Story|1995
001-M-1	Tom Hanks machte seine Leidenschaft außerdem zur Idee einer App: „Hanx Writer“ ahmt auf dem Tablet den Anschlag einer Schreibmaschine nach. Der 2017 veröffentlichte Erzählband „Uncommon Type“ verbindet seine Sammlung mit eigener schriftstellerischer Arbeit.
001-M-2	Joe Miller, gespielt von Denzel Washington, übernimmt seine Vertretung. Dabei muss der Anwalt auch die eigenen Vorurteile gegenüber Homosexualität und AIDS hinterfragen.	Philadelphia|1993
001-S-1	Im Mittelpunkt steht ein einzelner Hit, der einer jungen Band schnellen Erfolg verschafft. Tom Hanks spielt außerdem ihren Manager Mr. White.	That Thing You Do!|1996
001-S-2	Die Preise wurden 1994 und 1995 verliehen. Die Oscarjahre sind dabei von den jeweils vorangegangenen Erscheinungsjahren der beiden Filme zu unterscheiden.	Philadelphia|1993;Forrest Gump|1994
001-A-1	Tom Hanks spielt Elliot, eine Nebenfigur. Der Film zeigt somit einen Karriereanfang im Horrorfach, lange vor seinen späteren Komödien und Charakterrollen.	He Knows You're Alone|1980
001-A-2	Das Stück stammt von Niccolò Machiavelli. Sein Titel verweist auf die Alraune, deren angebliche Wirkung zum Vorwand einer raffinierten Täuschung wird.
002-L-1	Jack und Rose stammen aus unterschiedlichen sozialen Welten. Die spätere gemeinsame Arbeit verlegt ihre Paarbeziehung vom Katastrophenmelodram in ein konfliktreiches Ehedrama.	Titanic|1997;Revolutionary Road|2008
002-L-2	„Before the Flood“ untersucht Ursachen und Folgen des Klimawandels. Leonardo DiCaprio verbindet darin Gespräche mit Forschenden und politisch Verantwortlichen.	Before the Flood|2016
002-M-1	„The Departed“ stellt einen verdeckten Polizisten und einen eingeschleusten Kriminellen gegenüber; „The Wolf of Wall Street“ erzählt vom Aufstieg eines betrügerischen Brokers.	The Departed|2006;The Wolf of Wall Street|2013
002-M-2	Hugh Glass ist ein schwer verletzter Trapper, der sich durch die Wildnis kämpft. Körperliche Anstrengung und lange stumme Passagen prägen die Darstellung.	The Revenant|2015
002-S-1	Das Brokerhaus verkauft Anlegern Aktien mit betrügerischen Methoden. Belforts Selbstdarstellung ist Teil des Films, weshalb seine Erzählperspektive kritisch zu betrachten ist.	The Wolf of Wall Street|2013
002-S-2	Luke ist ein obdachloser Jugendlicher, den die Familie Seaver aufnimmt. Die Serienrolle gehört zu Leonardo DiCaprios Fernsehzeit vor „Gilbert Grape“.
002-A-1	Die Handlung verlegt die kleinen außerirdischen Monster in ein Wohnhaus. Leonardo DiCaprio spielt Josh und gehört dort zu einem jungen Ensemble.	Critters 3|1991
002-A-2	Die Nominierung erfolgte 1994 in der Kategorie Nebendarsteller. Johnny Depp spielt Gilbert, dessen familiäre Verantwortung und eigener Freiheitswunsch aufeinanderprallen.	What's Eating Gilbert Grape|1993
003-L-1	Tyler organisiert mit dem Erzähler einen geheimen Kampfclub. Die wachsende Gewalt verändert die anfangs scheinbar befreiende Gemeinschaft in eine autoritäre Bewegung.	Fight Club|1999
003-L-2	Achilles ist der herausragende Kämpfer auf griechischer Seite. Der Film konzentriert sich auf persönliche Rivalitäten und lässt die eingreifenden Götter des Epos weg.	Troy|2004
003-M-1	Cliff Booth ist Freund und Begleiter des Schauspielers Rick Dalton. Ihre unterschiedlichen Berufe spiegeln die Abhängigkeiten zwischen Star und Stuntman.	Once Upon a Time in Hollywood|2019
003-M-2	Ein Produzenten-Oscar für den besten Film würdigt die Produktion als Ganzes. Er ist eine andere Auszeichnung als ein Preis für die eigene Darstellung.	12 Years a Slave|2013
003-S-1	Die Oakland Athletics müssen mit begrenztem Budget konkurrieren. Der Konflikt zwischen Erfahrung der Talentsucher und datenbasierter Auswahl treibt die Geschichte an.	Moneyball|2011
003-S-2	J. D. wirkt zunächst wie eine romantische Begegnung auf der Reise. Sein späteres Verhalten verschärft die Lage der beiden Frauen jedoch entscheidend.	Thelma & Louise|1991
003-A-1	Mickeys schwer verständliche Redeweise wird selbst zum komischen Mittel. Als Boxer lässt er sich zugleich nicht zuverlässig von den Wettbetrügern kontrollieren.	Snatch|2000
003-A-2	Die autobiografische Vorlage schildert Harrers Flucht aus der Internierung und seine Begegnung mit dem jungen Dalai Lama. Film und Lebensbericht sind getrennte Darstellungen.	Seven Years in Tibet|1997
004-L-1	Jack Sparrow versucht, sein Schiff zurückzubekommen, und wechselt dabei Bündnisse. Sein scheinbar taumelndes Auftreten lässt schwer erkennen, wann er improvisiert oder plant.	Pirates of the Caribbean: The Curse of the Black Pearl|2003
004-L-2	Edwards Scheren erschweren Berührungen und machen ihn zugleich zum ungewöhnlichen Künstler. Die Vorstadt bewundert seine Fähigkeiten, ohne ihn dauerhaft als Menschen anzunehmen.	Edward Scissorhands|1990
004-M-1	Die Polizisten ermitteln verdeckt im Umfeld von Jugendlichen. Ihr junges Aussehen ist Voraussetzung der Einsätze und zugleich Grundlage vieler Identitätskonflikte.
004-M-2	Johnny Depp spielt einmal einen Ermittler, einmal einen mordenden Barbier. Tim Burton verbindet beide Stoffe mit einer künstlich überhöhten, düsteren Bildwelt.	Sleepy Hollow|1999;Sweeney Todd: The Demon Barber of Fleet Street|2007
004-S-1	Benjamin Barker kehrt unter einem neuen Namen nach London zurück. Sein Barbierhandwerk wird zum Werkzeug einer Rachegeschichte, die als Musical erzählt wird.	Sweeney Todd: The Demon Barber of Fleet Street|2007
004-S-2	Johnny Depps Figur Glen gehört zu den Jugendlichen, die durch ihre Träume bedroht werden. Der frühe Slasherauftritt liegt vor seinem späteren Image als exzentrischer Hauptdarsteller.	A Nightmare on Elm Street|1984
004-A-1	Der Rolling-Stones-Gitarrist wurde später selbst als Captain Teague Teil der Piratenreihe. Inspiration einer Darstellung und tatsächliche gemeinsame Besetzung sind hier miteinander verbunden.	Pirates of the Caribbean: At World's End|2007
004-A-2	Die Band veröffentlichte ihr erstes Album 2015. Sie verbindet eigene Musik und Coverversionen; Johnny Depp wirkt als Gitarrist außerhalb einer gespielten Musikerrolle mit.
005-L-1	Travis arbeitet nachts als Taxifahrer und entfremdet sich zunehmend von seiner Umgebung. Seine subjektive Wahrnehmung macht die Großstadt zum bedrohlichen Erfahrungsraum.	Taxi Driver|1976
005-L-2	Die Rückblenden zeigen Vito vor der etablierten Macht der Familie. Robert De Niro gestaltet dadurch eine frühere Lebensphase der von Marlon Brando gespielten Figur.	The Godfather Part II|1974
005-M-1	LaMottas sportlicher Erfolg verhindert seine Selbstzerstörung nicht. Der Film stellt den Kämpfen im Ring Eifersucht und Gewalt in privaten Beziehungen gegenüber.	Raging Bull|1980
005-M-2	„Taxi Driver“, „Goodfellas“ und „Casino“ zeigen unterschiedliche Außenseiter und Gewaltmilieus. Wiederkehrend ist die Spannung zwischen Selbstbild und tatsächlichem Verhalten.	Taxi Driver|1976;Goodfellas|1990;Casino|1995
005-S-1	Der Gangster erwartet diskrete Hilfe, während der Therapeut um seine Sicherheit fürchtet. Diese Umkehr der üblichen Machtverhältnisse trägt die Komödie.	Analyze This|1999
005-S-2	Der junge Calogero gerät zwischen den ehrlichen Vater und einen lokalen Gangster. Der Konflikt fragt danach, welche Vorbilder ein Kind prägen.	A Bronx Tale|1993
005-A-1	Der Name verweist auf das Viertel Triangle Below Canal Street in Manhattan. Das Festival verbindet seine lokale Gründungsgeschichte mit internationalem Filmprogramm.
005-A-2	Beide Darsteller erhielten Oscars für verschiedene Lebensphasen derselben Figur. Marlon Brando gewann für Vito im ersten Film, Robert De Niro für die Vorgeschichte.	The Godfather Part II|1974
006-L-1	Der anfangs zurückhaltende Michael übernimmt immer mehr Verantwortung und Gewalt. Seine Veränderung verbindet Familiengeschichte mit dem Verlust moralischer Distanz.	The Godfather|1972;The Godfather Part II|1974;The Godfather Part III|1990
006-L-2	Tony Montana steigt im Drogenhandel auf und zerstört die Beziehungen um sich herum. Die Neuverfilmung verschiebt den älteren Gangsterstoff in ein anderes Milieu.	Scarface|1983
006-M-1	Der Schüler Charlie begleitet Frank Slade auf einer Reise nach New York. Ihre Begegnung verbindet einen Generationenkonflikt mit einer Frage nach persönlicher Integrität.	Scent of a Woman|1992
006-M-2	Serpico lehnt die verbreitete Bestechung ab und wird dadurch innerhalb der eigenen Polizei isoliert. Das Drama behandelt institutionellen Druck auf einen Einzelnen.	Serpico|1973
006-S-1	Al Pacino untersucht, wie heutige Darsteller einen historischen Shakespeare-Stoff verstehen können. Dokumentation und gespielte Passagen machen den Arbeitsprozess selbst sichtbar.	Looking for Richard|1996
006-S-2	Die Methode nutzt persönliche Erfahrungen und genaue innere Vorbereitung für die Figur. Sie bedeutet nicht automatisch, während eines gesamten Drehs in der Rolle zu bleiben.
006-A-1	Beide Filme erzählen von New York, verwenden aber unterschiedliche Konflikte. In „Hundstage“ eskaliert ein Banküberfall vor Publikum und Medien.	Dog Day Afternoon|1975;Serpico|1973
006-A-2	Roy Cohn ist eine historische Person; die Miniserie gestaltet ihn innerhalb Tony Kushners Bühnenstoffs. Politische Macht und verdrängte Krankheit treffen in dieser Figur zusammen.
007-L-1	Torrance soll ein abgelegenes Hotel über den Winter betreuen. Die Isolation verschärft die Bedrohung seiner Familie und die Unsicherheit über das Übernatürliche.	The Shining|1980
007-L-2	Die Figur heißt vor ihrer Verwandlung Jack Napier. Jack Nicholsons Version verbindet Gangsterfilm und groteske Komik innerhalb dieser konkreten Batman-Verfilmung.	Batman|1989
007-M-1	McMurphy widersetzt sich dem streng geregelten Alltag der Station. Seine Rebellion stellt die Frage, wo Behandlung endet und soziale Kontrolle beginnt.	One Flew Over the Cuckoo's Nest|1975
007-M-2	Gittes beginnt mit einem vermeintlichen Ehebruchfall. Die Ermittlungen führen zu einem größeren Geflecht, in dem private Verbrechen und öffentliche Macht zusammenhängen.	Chinatown|1974
007-S-1	Zu den fünf Hauptkategorien zählen Film, Regie, Drehbuch und beide Hauptdarstellungen. Louise Fletcher erhielt den Darstellerinnenpreis als Schwester Ratched.	One Flew Over the Cuckoo's Nest|1975
007-S-2	Seine Figur bringt Humor und eine späte Liebesgeschichte in das Familiendrama. Der Oscar würdigte eine Nebenrolle, nicht die männliche Hauptdarstellung.	Terms of Endearment|1983
007-A-1	Eine Ehe kann den Verurteilten vor dem Galgen retten. Aus diesem Ausgangspunkt entwickelt der Film einen ungewöhnlichen Western mit komödiantischer Beziehungsgeschichte.	Goin' South|1978
007-A-2	Hanson schließt sich zeitweise den Motorradreisenden an. Sein Blick von außen zeigt, wie gesellschaftliche Ablehnung auch Menschen außerhalb der Gegenkultur trifft.	Easy Rider|1969
008-L-1	Der erfahrene Ermittler führt einen jungen Kollegen durch einen einzigen Arbeitstag. Denzel Washingtons Figur manipuliert dessen Vorstellung von Loyalität und Polizeiarbeit.	Training Day|2001
008-L-2	Spike Lee gestaltet die Biografie als Entwicklung durch verschiedene Lebensphasen. Der politische Anführer erscheint dadurch nicht als von Beginn an unveränderte Symbolfigur.	Malcolm X|1992
008-M-1	„Man on Fire“ verbindet einen Entführungsfall mit einer beschädigten Beschützerfigur. „Déjà Vu“ ergänzt die Polizeiermittlung um ein Zeitreiseelement.	Man on Fire|2004;Déjà Vu|2006
008-M-2	Das Regiment ist das 54. Massachusetts-Infanterieregiment. Der Film zeigt neben dem Krieg auch rassistische Benachteiligung innerhalb der eigenen Armee.	Glory|1989
008-S-1	Troy ist ein ehemaliger Baseballspieler und arbeitet als Müllmann. Familiäre Konflikte verbinden seine enttäuschten Hoffnungen mit den Möglichkeiten seines Sohnes.	Fences|2016
008-S-2	Rubin Carter war unter dem Kampfnamen Hurricane bekannt. Die Verfilmung konzentriert sich auf den Justizkonflikt und ersetzt keine vollständige historische Aufarbeitung.	The Hurricane|1999
008-A-1	Ein junger Marinesoldat muss sich seiner traumatischen Kindheit stellen. Die Gespräche mit dem Psychiater strukturieren einen Weg zu Selbstverständnis und familiärer Suche.	Antwone Fisher|2002
008-A-2	Denzel Washington spielte den Arzt von 1982 bis 1988. Die Krankenhausserie gab ihm eine kontinuierliche Ensembleaufgabe, während bereits Filmrollen hinzukamen; seine Fernseh- und Kinokarriere entwickelten sich in dieser Phase also nebeneinander.
009-L-1	Red erzählt vom Leben im Gefängnis und von seiner Freundschaft mit Andy Dufresne. Die Distanz des Erzählers gibt der Geschichte ihre rückblickende Form.	The Shawshank Redemption|1994
009-L-2	Bruce bekommt göttliche Macht, ohne die Verantwortung dafür zu verstehen. Morgan Freemans Figur setzt Grenzen, während die Komödie Wünsche und Folgen gegeneinanderstellt.	Bruce Almighty|2003
009-M-1	Mandela nutzt die Weltmeisterschaft als Möglichkeit zur Verständigung nach der Apartheid. Das südafrikanische Rugbyteam wird damit auch zu einem politischen Symbol.	Invictus|2009
009-M-2	Eddie beobachtet die Beziehung zwischen Trainer und Boxerin. Seine Erzählperspektive verbindet die sportlichen Ereignisse mit einer nachträglichen moralischen Auseinandersetzung.	Million Dollar Baby|2004
009-S-1	Der Name Easy Reader spielt unmittelbar auf Lesefähigkeit an. Die Figur vermittelte Buchstaben und Wörter in kurzen, musikalischen oder komischen Szenen.
009-S-2	Der Polizist arbeitet für das Apartheidsystem, während sein Sohn dagegen aufbegehrt. Politische Unterdrückung wird so innerhalb einer Familie erfahrbar.	Bopha!|1993
009-A-1	Morgan Freeman war dort als Radartechniker tätig. Sein Interesse am Fliegen ist daher von der tatsächlichen militärischen Tätigkeit als Pilot zu unterscheiden.
009-A-2	„Street Smart“ stellt einen Reporter und einen gefährlichen Zuhälter gegenüber. Die Rolle half, Morgan Freemans dramatische Präsenz einem größeren Kinopublikum zu zeigen.	Street Smart|1987
010-L-1	Jules und Vincent arbeiten als Auftragskiller. Die langen Gespräche verbinden alltägliche Themen mit Gewalt und machen die Figuren mehr als bloße Handlungsträger.	Pulp Fiction|1994
010-L-2	Nick Fury tritt bereits in der Abspannszene von „Iron Man“ auf. Solche Verbindungen bereiten das spätere Zusammentreffen der Einzelhelden vor.	Iron Man|2008
010-M-1	Mace Windu gehört zur Führung der Jedi. Die auffällige Waffenfarbe unterscheidet ihn von den meist blauen oder grünen Lichtschwertern seiner Mitstreiter.	Star Wars: Episode II – Attack of the Clones|2002
010-M-2	Frozone ist ein Freund von Mr. Incredible. Seine Kräfte ergänzen das Familienteam, während sein Privatleben auch für komische Nebenmomente sorgt.	The Incredibles|2004
010-S-1	Samuel L. Jackson spielt Gator, den Bruder der Hauptfigur. Die Auszeichnung würdigte gerade eine Nebenleistung außerhalb des gewöhnlichen Cannes-Hauptdarstellerpreises.	Jungle Fever|1991
010-S-2	Ein Schneesturm zwingt die Figuren in ein gemeinsames Versteck. Herkunft, behauptete Identität und verborgenes Wissen bestimmen, wem im Raum vertraut werden kann.	The Hateful Eight|2015
010-A-1	Die Trauerfeier fand in Atlanta statt. Seine Beteiligung gehört zu Samuel L. Jacksons politischer Jugendgeschichte und nicht zu einer späteren gespielten Rolle.
010-A-2	Samuel L. Jackson wollte zunächst Meeresbiologie studieren. Eine Schauspielgruppe weckte sein Interesse am Theater; er wechselte das Hauptfach und gründete noch vor seinem Abschluss 1972 das Just Us Theatre mit.
011-L-1	Han Solo stellt seine eigenen Interessen zunächst vor die Rebellion. Die Freundschaft zu Luke und Leia verändert seine Rolle vom Geschäftsmann zum Mitstreiter.	Star Wars|1977
011-L-2	Indiana Jones sucht historische Artefakte, gerät dabei aber in politische Machtkämpfe. Seine wissenschaftliche Tätigkeit und abenteuerliche Improvisation bilden einen bewussten Gegensatz.	Raiders of the Lost Ark|1981
011-M-1	Harrison Ford lernte das Handwerk selbst. Zu seinen Kunden gehörten Joan Didion und John Gregory Dunne; Francis Ford Coppola ließ ihn ein Büro ausbauen.
011-M-2	Replikanten sind künstlich geschaffene Menschen. Deckards Arbeit wirft deshalb auch die Frage auf, wodurch menschliche Identität und Mitgefühl überhaupt bestimmt werden.	Blade Runner|1982
011-S-1	Ein Kind hat einen Mord beobachtet. Der Schutz des Zeugen führt den Ermittler in einen Alltag, der sich stark von seinem gewohnten Stadtleben unterscheidet.	Witness|1985
011-S-2	Suchflüge nutzen die Fähigkeit, schwer zugängliches Gelände aus der Luft zu überblicken. Die Qualifikation geht somit über eine bloß für Filmaufnahmen gespielte Pilotenrolle hinaus.
011-A-1	Bob Falfa fordert einen anderen Fahrer zu einem Rennen heraus. Die Figur gehört zur automobilen Jugendkultur, die das Ensemble des Films miteinander verbindet.	American Graffiti|1973
011-A-2	Der Film ist eine Kriminalkomödie. Harrison Fords kurzer Auftritt zeigt den üblichen Beginn mit kleinen Aufgaben, bevor ein Darsteller große Rollen erhält.	Dead Heat on a Merry-Go-Round|1966
012-L-1	Ethan Hunt arbeitet für die IMF und muss häufig institutionellen Verrat aufklären. Masken, Täuschungen und Teamarbeit gehören ebenso zur Reihe wie ihre Stunts.	Mission: Impossible|1996
012-L-2	Der Rufname beschreibt keine zweite Figur. Im späteren Film übernimmt derselbe Pilot eine Lehrerrolle und trifft auf Folgen seiner früheren Entscheidungen.	Top Gun|1986;Top Gun: Maverick|2022
012-M-1	Selbst ausgeführte Stunts benötigen trotzdem Teams, Training und Sicherheitsplanung. „Mission: Impossible – Phantom Protokoll“ zeigt ihn beispielsweise außen am Burj Khalifa.	Mission: Impossible – Ghost Protocol|2011
012-M-2	Lestat akzeptiert das Leben als Vampir anders als Louis. Ihr Verhältnis entwickelt sich daher aus Abhängigkeit, Verführung und gegensätzlichen moralischen Vorstellungen.	Interview with the Vampire|1994
012-S-1	Kovic kehrt querschnittgelähmt aus dem Krieg zurück. Der Film erzählt den Weg vom patriotischen Soldaten zum öffentlichen Gegner des Vietnamkriegs.	Born on the Fourth of July|1989
012-S-2	Les Grossman betrachtet die Dreharbeiten vor allem als Geschäft. Die Figur karikiert eine aggressive Machtposition hinter den Kulissen der Filmproduktion.	Tropic Thunder|2008
012-A-1	Mackey verkauft Selbstbewusstsein als Machotechnik. Die Begegnung mit seinem sterbenden Vater legt den verletzlichen Menschen hinter dieser öffentlichen Rolle frei.	Magnolia|1999
012-A-2	Die Kadetten besetzen ihre Militärschule, um deren Schließung zu verhindern. David Shawn verkörpert eine besonders kompromisslose Haltung innerhalb der Gruppe.	Taps|1981
013-L-1	Neo entdeckt, dass sein bisheriger Alltag eine Simulation ist. Die Figur verbindet die Suche nach Wahrheit mit Entscheidungen über Verantwortung und Freiheit.	The Matrix|1999
013-L-2	Eine persönliche Gewalttat zieht den ehemaligen Killer zurück in seine alte Welt. Deren Regeln erklären, warum einzelne Begegnungen weitreichende Folgen haben.	John Wick|2014
013-M-1	Eine Bombe soll explodieren, sobald der Bus zu langsam fährt. Dieses einfache Bewegungsgebot erzeugt die wechselnden praktischen Hindernisse des gesamten Thrillers.	Speed|1994
013-M-2	Bill und Ted reisen durch verschiedene historische Epochen. Die Begegnungen dienen einer Schulaufgabe und verwandeln Geschichte in eine jugendliche Abenteuerkomödie.	Bill & Ted's Excellent Adventure|1989
013-S-1	Dogstar entstand 1991. Zum Trio gehören neben Keanu Reeves der Schlagzeuger Robert Mailhouse und der Gitarrist und Sänger Bret Domrose.
013-S-2	Tai Chi wird hier vom Training zum Schaugeschäft eines illegalen Wettbewerbs. Der Konflikt betrifft die Verwandlung einer Kampfkunst in kommerzielle Gewalt.	Man of Tai Chi|2013
013-A-1	Beirut liegt im Libanon. Die spätere kanadische Sozialisation erklärt, warum eine Person in Biografien mit einem anderen Land verbunden sein kann als ihrem Geburtsort.
013-A-2	Duke Caboom versucht, dem Versprechen seiner Werbung gerecht zu werden. Die Figur spielt mit dem Abstand zwischen einem Spielzeugideal und tatsächlicher Leistungsfähigkeit.	Toy Story 4|2019
014-L-1	McClane gerät ohne Vorbereitung in eine Geiselnahme. Verletzungen, knappe Ausrüstung und improvisierte Lösungen machen seine körperlichen Grenzen sichtbar.	Die Hard|1988
014-L-2	Die Serie hieß im Original „Moonlighting“. Die Beziehung zwischen Maddie Hayes und David Addison ist ebenso wichtig wie die jeweilige Ermittlung.
014-M-1	Malcolm behandelt Cole, der behauptet, Tote zu sehen. Das Gespräch zwischen Erwachsenem und Kind ermöglicht den Zugang zu einer zunächst schwer glaubhaften Erfahrung.	The Sixth Sense|1999
014-M-2	Butch muss nach dem Kampf aus der Stadt fliehen. Sein Handlungsstrang kreuzt andere Figuren und zeigt die verschachtelte Zeitordnung des Films.	Pulp Fiction|1994
014-S-1	Bruce Willis wurde 1955 als Sohn einer deutschen Mutter und eines amerikanischen Vaters geboren. Nach dem Ende der Stationierung zog die Familie nach New Jersey, wo er aufwuchs und später erste Bühnenerfahrungen sammelte.
014-S-2	Die vollständige erfundene Musikerpersona heißt Bruno Radolini. Eine begleitende Mockumentary stellte ihn als vergessenen Einfluss auf die Musikgeschichte dar; auf dem Album wirkten bei „Respect Yourself“ auch die Pointer Sisters mit.
014-A-1	James Cole erlebt die Vergangenheit aus der Sicht einer zerstörten Zukunft. Der Film macht widersprüchliche Erinnerungen zu einem zentralen Bestandteil seiner Zeitreisegeschichte.	12 Monkeys|1995
014-A-2	Die Mundharmonika gehört zu Bruce Willis’ Blues-Auftritten. Seine Musikarbeit umfasste außerdem Gesang und Aufnahmen wie „Respect Yourself“ oder „Under the Boardwalk“; die zweite Single erreichte Platz zwei der britischen Charts.
015-L-1	Die Maschine wird aus der Zukunft geschickt, um Sarah Connor zu töten. Das knappe Spiel unterstützt ihren Eindruck als nahezu unaufhaltsame Bedrohung.	The Terminator|1984
015-L-2	Arnold Schwarzenegger amtierte von 2003 bis 2011. Die Tätigkeit war ein gewähltes Regierungsamt und damit von einer repräsentativen Ehrenfunktion zu unterscheiden.
015-M-1	Sein Geburtsort Thal liegt bei Graz. Die österreichische Herkunft gehört zur Biografie, während die späteren sportlichen und filmischen Karrieren stark mit den USA verbunden sind.
015-M-2	Mr. Olympia ist ein Titel im professionellen Bodybuilding. Bewertet werden Körperentwicklung und Präsentation, nicht Kraftleistungen wie beim Gewichtheben.
015-S-1	Die Brüder wurden durch ein wissenschaftliches Experiment getrennt und wachsen unterschiedlich auf. Ihr Wiedersehen verbindet die Körperkomik mit einer Suche nach Familie.	Twins|1988
015-S-2	Die Dokumentation begleitet die Vorbereitung auf Wettbewerbe. Sie zeigt Bodybuilding daher als Alltag aus Training, Selbstdarstellung und Konkurrenz.	Pumping Iron|1977
015-A-1	Der Künstlername sollte die körperliche Stärke unmittelbar vermitteln. Er gehört zu einer frühen Vermarktungsentscheidung und wurde nicht sein dauerhafter Schauspielername.	Hercules in New York|1970
015-A-2	Mr. Universum und Mr. Olympia sind unterschiedliche Wettbewerbe. Die richtige Zuordnung des Verbandes verhindert, dass frühe Amateur- und spätere Profierfolge vermischt werden.
016-L-1	Rocky ist zunächst ein wenig erfolgreicher Boxer. Die Chance auf einen großen Kampf wird zugleich zur Geschichte über Selbstachtung und Durchhaltevermögen.	Rocky|1976
016-L-2	„First Blood“ beginnt mit der Ausgrenzung eines Heimkehrers. Der politische und persönliche Konflikt unterscheidet sich von den späteren, stärker militärischen Fortsetzungen.	First Blood|1982
016-M-1	Das Ensemble-Konzept nutzt bewusst die unterschiedlichen bekannten Starbilder. Sylvester Stallone war beim ersten Film zugleich Darsteller, Mitautor und Regisseur.	The Expendables|2010
016-M-2	Adonis Creed möchte aus dem Schatten seines Vaters treten. Rocky vermittelt Erfahrung, während die jüngere Figur die sportliche Hauptgeschichte übernimmt.	Creed|2015
016-S-1	Der Film gewann den Oscar für den besten Film. Eine Nominierung Sylvester Stallones ist davon zu unterscheiden: Beide persönlichen Kategorien blieben ohne seinen Sieg.	Rocky|1976
016-S-2	Heflin bewundert die Großstadtpolizisten und übersieht lange ihre Korruption. Die Geschichte entwickelt ihn vom unterschätzten Außenseiter zum verantwortlichen Ermittler.	Cop Land|1997
016-A-1	Die kurze Szene arbeitet mit der Bedrohung im öffentlichen Raum. Sylvester Stallone erscheint hier als Nebenfigur, nicht als Träger der politischen Satire.	Bananas|1971
016-A-2	Malerei und Drehbucharbeit zeigen verschiedene Formen eigener Gestaltung. Die Bilder sind eigenständige Werke und keine bloßen Requisiten für seine Filmrollen.
017-L-1	Leones Western reduzieren viele Erklärungen und lassen Blicke, Pausen und Musik wirken. Der knappe Dialog verstärkt die Wirkung von Clint Eastwoods Präsenz.	A Fistful of Dollars|1964
017-L-2	Harry Callahan misstraut bürokratischen Grenzen. Der Film macht den Konflikt zwischen wirksamer Verbrechensbekämpfung und rechtsstaatlichen Regeln zum zentralen Problem.	Dirty Harry|1971
017-M-1	William Munny ist ein ehemaliger Gewalttäter, der wieder zu den Waffen greift. Der Film zeigt die Kosten des Tötens statt eine ungebrochene Heldengeschichte.	Unforgiven|1992
017-M-2	Carmel-by-the-Sea ist eine kleine Küstenstadt in Kalifornien. Clint Eastwood war dort von 1986 bis 1988 Bürgermeister, kein Gouverneur des Bundesstaates.
017-S-1	Der Wunsch einer Hörerin nach dem Lied „Misty“ wird zum wiederkehrenden Signal. Die Geschichte verknüpft öffentliche Radiostimme und gefährliche private Nähe.	Play Misty for Me|1971
017-S-2	Forest Whitaker spielt Parker. Die Erzählung verbindet dessen innovative Musik mit Sucht, Beziehungskonflikten und den Belastungen seines Berufslebens.	Bird|1988
017-A-1	Die Serie handelt von Viehtrieben im amerikanischen Westen. Die wiederkehrende Arbeit im Fernsehensemble lag vor Clint Eastwoods europäischem Kinodurchbruch.
017-A-2	Die Produktionsfirma ist kein Filmstudio im klassischen Sinn. Sie dient der Entwicklung und Organisation eigener Projekte, auch bei Kooperation mit größeren Studios.
018-L-1	Lecter ist bereits inhaftiert, als Clarice Starling ihn um Hilfe bittet. Der Informationsaustausch entwickelt sich zu einem psychologischen Machtspiel.	The Silence of the Lambs|1991
018-L-2	Odin regiert Asgard und muss über Thors Eignung als Nachfolger entscheiden. Die mythologische Herrschaft wird dabei als Vater-Sohn-Konflikt erzählt.	Thor|2011
018-M-1	Räume, Personen und Zeitbezüge verändern sich scheinbar ohne Erklärung. Das Publikum erlebt dadurch die Orientierungslosigkeit aus der Wahrnehmung der Hauptfigur.	The Father|2020
018-M-2	Wales ist Teil des Vereinigten Königreichs. Die Ortsangabe beschreibt Anthony Hopkins' Herkunft und ist nicht mit seiner späteren US-Staatsbürgerschaft gleichzusetzen.
018-S-1	Anthony Hopkins komponierte „And the Waltz Goes On“ bereits 1964. Erst Jahrzehnte später wurde das Stück durch André Rieus Orchester öffentlich bekannt; Rieus Album von 2011 trägt denselben Titel wie die Komposition.
018-S-2	Adams argumentiert vor Gericht gegen die Versklavung der Gefangenen. Die historische Figur steht im Film für einen entscheidenden juristischen Perspektivwechsel.	Amistad|1997
018-A-1	Anthony Hopkins traf Richard Burton mit fünfzehn Jahren. Beide stammten aus derselben walisischen Gegend; Hopkins betonte später jedoch, dass aus dieser ermutigenden Begegnung keine enge persönliche Freundschaft entstanden war.
018-A-2	Der Freizeitpark lässt Besucher mit künstlichen Figuren interagieren. Robert Ford kennt dessen technische Grundlagen und beeinflusst, welche Geschichten dort möglich werden.
019-L-1	Plainviews wirtschaftlicher Ehrgeiz vergiftet seine Beziehungen. Der Konflikt mit einem Prediger stellt materiellen und religiösen Machtanspruch nebeneinander.	There Will Be Blood|2007
019-L-2	Im Mittelpunkt steht der 13. Verfassungszusatz. Die Erzählung zeigt parlamentarische Verhandlungen statt das gesamte Leben Abraham Lincolns chronologisch abzubilden.	Lincoln|2012
019-M-1	Die drei Preise wurden 1990, 2008 und 2013 verliehen. Erscheinungsjahr eines Films und Jahr seiner Oscarverleihung sind dabei getrennte Angaben.	My Left Foot|1989;There Will Be Blood|2007;Lincoln|2012
019-M-2	Für den Boxer in „The Boxer“ trainierte Daniel Day-Lewis tatsächlich Boxen. Andere Rollen verlangten wiederum andere Fertigkeiten: Bei seiner Arbeitsweise gehört das Erlernen des Alltags einer Figur zur Vorbereitung auf deren Darstellung.
019-S-1	Christy Brown lebte mit einer zerebralen Bewegungsstörung. Seine künstlerische Arbeit zeigt den Unterschied zwischen schweren körperlichen Einschränkungen und geistigen Fähigkeiten.	My Left Foot|1989
019-S-2	Hawkeye bewegt sich zwischen kolonialen Konflikten und verschiedenen Kulturen. Jagd- und Bewegungsfertigkeiten unterstützen die Glaubwürdigkeit der Figur in der Wildnis.	The Last of the Mohicans|1992
019-A-1	Cecil Day-Lewis wurde 1968 zum Poet Laureate ernannt. Auch Daniels Mutter Jill Balcon war Schauspielerin und sein Großvater Michael Balcon leitete die Ealing Studios; die künstlerische Familiengeschichte reicht damit über den Dichtervater hinaus.
019-A-2	Nach „The Boxer“ nahm Daniel Day-Lewis eine längere Auszeit und lebte in Florenz. Dort führte ihn sein Interesse an handwerklicher Arbeit zu Stefano Bemer, bei dem er das Schuhmacherhandwerk kennenlernte.
020-L-1	Sirius' Geschichte hängt mit Harrys Eltern und einer falschen Beschuldigung zusammen. Die veränderte Einordnung der Figur ist ein wichtiger Wendepunkt des dritten Films.	Harry Potter and the Prisoner of Azkaban|2004
020-L-2	Gordon arbeitet innerhalb einer beschädigten Institution. Seine Kooperation mit Batman verbindet reguläre Polizeiarbeit mit den problematischen Mitteln eines maskierten Verbündeten.	Batman Begins|2005
020-M-1	Die Handlung konzentriert sich auf die politische Krise im Frühjahr 1940. Gary Oldmans Darstellung untersucht Entscheidungen unter militärischem und innenpolitischem Druck.	Darkest Hour|2017
020-M-2	Der Film beschreibt die Beziehung zwischen Sid Vicious und Nancy Spungen. Musikgeschichte wird dabei mit Abhängigkeit und einer zerstörerischen Paarbeziehung verbunden.	Sid and Nancy|1986
020-S-1	Smiley sucht einen Verräter innerhalb des eigenen Geheimdienstes. Kleine Beobachtungen und widersprüchliche Aussagen ersetzen die spektakulären Kämpfe eines klassischen Agentenfilms.	Tinker Tailor Soldier Spy|2011
020-S-2	Das Drama stellt Gewalt, Sucht und familiäre Abhängigkeit in den Mittelpunkt. Gary Oldman übernahm hier sowohl Regie als auch Drehbuch.	Nil by Mouth|1997
020-A-1	Laila Morse heißt bürgerlich Maureen Oldman. Sie spielte in Gary Oldmans Regiedebüt „Nil by Mouth“ und wurde anschließend als Mo Harris in „EastEnders“ bekannt; ihre Film- und Fernseharbeit lässt die familiäre Verbindung selten im Namen erkennen.
020-A-2	Der titelgebende Brief richtet sich an eine unbekannte „unsterbliche Geliebte“. Die filmische Suche nach ihr ist eine Dramatisierung eines historischen Rätsels.	Immortal Beloved|1994
021-L-1	Die Trilogie untersucht, wie aus einem persönlichen Trauma eine öffentliche Symbolfigur entsteht. Christian Bale spielt deshalb sowohl Bruce Wayne als auch dessen maskierte Identität.	Batman Begins|2005
021-L-2	Bateman versucht, durch Konsum und Statussymbole mit seinem Umfeld übereinzustimmen. Die unzuverlässige Perspektive macht die Grenzen zwischen Selbstbild, Fantasie und Handlung unsicher.	American Psycho|2000
021-M-1	Trevor Reznik leidet unter Schlaflosigkeit und zunehmend verzerrter Wahrnehmung. Die körperliche Veränderung macht seinen inneren Zustand sichtbar, ohne ihn allein zu erklären.	The Machinist|2004
021-M-2	Dicky ist zugleich Unterstützung und Belastung für seinen Bruder. Der Film verbindet sportlichen Aufstieg mit familiärer Loyalität und dem Problem der Abhängigkeit.	The Fighter|2010
021-S-1	Ein britischer Junge wird im Zweiten Weltkrieg von seiner Familie getrennt. Christian Bale trägt große Teile der Geschichte aus der Perspektive dieses Kindes.	Empire of the Sun|1987
021-S-2	Die Rolle zeigt Macht, die häufig abseits öffentlicher Reden ausgeübt wird. Christian Bales körperliche Verwandlung unterstützt diese politische Charakterzeichnung.	Vice|2018
021-A-1	Das Musical greift den Zeitungsjungenstreik von 1899 auf. Der historische Arbeitskampf wird in eine musikalische Geschichte über Zusammenhalt und Widerstand übertragen.	Newsies|1992
021-A-2	Howl lebt in einem beweglichen Schloss und verändert mehrfach seine Gestalt. Christian Bale spricht ihn in der englischen Bearbeitung, nicht in der japanischen Originalfassung.	Howl's Moving Castle|2004
022-L-1	Arthur arbeitet als Clown und scheitert an seinem Wunsch nach Anerkennung. Die Erzählung verknüpft persönliche Wahrnehmung mit einer gesellschaftlich gespaltenen Stadt.	Joker|2019
022-L-2	Der Film verbindet musikalischen Aufstieg mit Sucht und Beziehungskrisen. Die eigene Gesangsleistung ist dabei von der bloßen Verwendung historischer Tonaufnahmen zu unterscheiden.	Walk the Line|2005
022-M-1	Commodus betrachtet Maximus als politischen und persönlichen Rivalen. Der Machtkampf verbindet die Arena mit dem Anspruch auf die Herrschaft über Rom.	Gladiator|2000
022-M-2	Der Hauptdarstellerpreis wurde 2020 verliehen. Joaquin Phoenix' Interpretation ist eine eigenständige Version und setzt keine gemeinsame Handlung mit anderen Batmanfilmen voraus.	Joker|2019
022-S-1	Freddie sucht Halt, bleibt aber schwer kontrollierbar. Das Verhältnis zum Anführer Lancaster Dodd schwankt zwischen Zugehörigkeit, Bewunderung und gegenseitiger Abhängigkeit.	The Master|2012
022-S-2	Als Leaf Phoenix wurde er unter anderem in „SpaceCamp“ und „Parenthood“ geführt. Anfang der 1990er-Jahre kehrte er zu seinem Geburtsvornamen Joaquin zurück; bei der Suche nach frühen Credits ist dieser Namenswechsel hilfreich.
022-A-1	Die öffentliche Ankündigung wurde als tatsächlicher Berufswechsel wahrgenommen. Gerade diese Unsicherheit zwischen Dokumentation und Inszenierung bildet das Konzept des Films.	I'm Still Here|2010
022-A-2	Eine Jugendgruppe gelangt unerwartet in einen realen Raumflug. Das Camp dient damit als Übergang von spielerischer Ausbildung zu einer gefährlichen Bewährungsprobe.	SpaceCamp|1986
023-L-1	Der Joker bietet wechselnde Erklärungen seiner Herkunft. Diese widersprüchlichen Geschichten erschweren eine feste Einordnung und passen zu seiner Strategie der Verunsicherung.	The Dark Knight|2008
023-L-2	Perth liegt an der Westküste Australiens. Die Herkunft ist von seinen späteren US-Filmrollen zu unterscheiden, in denen er häufig andere Nationalitäten verkörperte.
023-M-1	Ennis' Beziehung zu Jack Twist bleibt über Jahre von Angst und gesellschaftlichem Druck geprägt. Die Zurückhaltung der Figur ist Teil dieses Konflikts.	Brokeback Mountain|2005
023-M-2	Die Handlung überträgt den Konflikt um widerspenstige Liebespartner in eine US-Highschool. Namen und Situationen spielen mit der Shakespeare-Vorlage, ohne sie wörtlich nachzuerzählen.	10 Things I Hate About You|1999
023-S-1	Der Oscar wurde 2009 vergeben. Ein posthumer Preis würdigt eine bereits abgeschlossene Leistung; er bezeichnet keine zusätzliche Arbeit nach dem Tod des Darstellers.	The Dark Knight|2008
023-S-2	Ledgers bereits gedrehte Szenen blieben erhalten. Die anderen Darsteller übernehmen Erscheinungsformen innerhalb des magischen Spiegels, wodurch der Wechsel erzählerisch aufgefangen wird.	The Imaginarium of Doctor Parnassus|2009
023-A-1	Heath Ledger nahm schon als Jugendlicher an Schachturnieren teil. Später spielte er auch mit anderen Schachbegeisterten im Washington Square Park in New York; das Interesse blieb damit über seine australische Kindheit hinaus Teil seines Alltags.
023-A-2	Robbie Clark ist ein Schauspieler innerhalb des Films. Todd Haynes verteilt die Annäherung an Dylan auf mehrere fiktive Identitäten statt auf eine einzige Hauptfigur.	I'm Not There|2007
024-L-1	Daniel Hillard wird nach einer Trennung zur vermeintlichen Haushälterin. Die Komik entsteht daraus, dass seine eigene Familie beide Identitäten unterschiedlich wahrnimmt.	Mrs. Doubtfire|1993
024-L-2	Der Dschinni springt zwischen Stimmen, Figuren und popkulturellen Anspielungen. Die Animation kann diese schnellen Verwandlungen unmittelbar in Bilder übersetzen.	Aladdin|1992
024-M-1	Mork betrachtet menschliche Gewohnheiten aus außerirdischer Perspektive. Der fremde Blick macht alltägliches Verhalten zum Ausgangspunkt für improvisierte Komik.
024-M-2	Sean Maguire fordert Wills Abwehrhaltung heraus, ohne dessen Begabung zu bestreiten. Das Verhältnis entwickelt sich durch persönliche Gespräche statt durch spektakuläre Therapieszenen.	Good Will Hunting|1997
024-S-1	Keatings Literaturunterricht fordert eigene Wahrnehmung und Sprache. Der Konflikt entsteht dort, wo dieser Anspruch mit Erwartungen von Schule und Eltern kollidiert.	Dead Poets Society|1989
024-S-2	Robin Williams erhielt 1973 ein Stipendium. Er und Christopher Reeve wurden in John Housemans fortgeschrittenes Programm aufgenommen; unter den Mitstudierenden waren außerdem William Hurt und Mandy Patinkin, die später ebenfalls bekannte Darsteller wurden.
024-A-1	Die Verbindung zum Namen Zelda zeigt eine persönliche Beziehung zur Spielekultur. Sie bedeutet nicht, dass Robin Williams die Spielfigur gesprochen oder erfunden hätte.
024-A-2	Sy sieht regelmäßig Bilder eines fremden Familienalltags. Sein Zugang zu diesen privaten Momenten verstärkt die Grenze zwischen beruflicher Nähe und unerwünschtem Eindringen.	One Hour Photo|2002
025-L-1	Ace untersucht das Verschwinden eines Tiermaskottchens. Jim Carreys Mimik und Bewegung verwandeln eine gewöhnliche Ermittlerfigur in eine bewusst übertriebene Komödiengestalt.	Ace Ventura: Pet Detective|1994
025-L-2	Stanleys zurückhaltender Alltag steht der grenzenlosen Maskenpersona gegenüber. Digitale Effekte erweitern Jim Carreys körperliche Komik über real mögliche Bewegungen hinaus.	The Mask|1994
025-M-1	Truman kennt die Zuschauer seines Lebens nicht. Seine Suche nach einem Ausweg stellt den Wunsch nach Unterhaltung der Selbstbestimmung eines Menschen gegenüber.	The Truman Show|1998
025-M-2	Jim Carrey wuchs in Ontario auf und trat bereits als Jugendlicher im Torontoer Comedyclub Yuk Yuk’s auf. Sein Vater half bei diesen Anfängen; erst später verlagerte er seine Laufbahn in die USA.
025-S-1	Andy Kaufman unterlief bewusst Erwartungen an einen Komiker. Der Film behandelt daher auch die Unsicherheit, ob ein Auftritt ernst, provozierend oder gespielt ist.	Man on the Moon|1999
025-S-2	Zu Jim Carreys wiederkehrenden Figuren gehörte Fire Marshal Bill, dessen Sicherheitsvorführungen selbst katastrophal enden. Die Sendung setzte solche kurzen Figurenauftritte ein, bevor 1994 „Ace Ventura“, „Die Maske“ und „Dumm und Dümmer“ seine Kinokarriere veränderten.
025-A-1	Der Löschvorgang wird als Reise durch Erinnerungen inszeniert. Mit dem Verlust schmerzhafter Momente verschwinden zugleich gemeinsame Erfahrungen, die Joel bewahren möchte.	Eternal Sunshine of the Spotless Mind|2004
025-A-2	Der Kurzfilm „I Needed Color“ von 2017 zeigt Jim Carrey bei der Arbeit im Atelier. Seine Bilder wurden auch in Ausstellungen gezeigt; politische Zeichnungen sind nur ein Teil dieser neben dem Schauspiel entwickelten Arbeit.
026-L-1	Der Jugendliche aus Philadelphia zieht zu Verwandten in Bel-Air. Unterschiedliche soziale Erfahrungen werden innerhalb einer Familie zum Ausgangspunkt der Sitcom.
026-L-2	Die Agenten kontrollieren außerirdische Aktivitäten, von denen die Öffentlichkeit nichts wissen soll. Agent J lernt diese Welt zugleich mit dem Publikum kennen.	Men in Black|1997
026-M-1	Für „Parents Just Don't Understand“ gewann das Duo 1989 den ersten Grammy für Best Rap Performance. „Summertime“ brachte später einen weiteren Grammy.
026-M-2	Der Film verbindet Alis Kämpfe mit Religion, Bürgerrechten und seiner Ablehnung des Vietnamkriegs. Sportlicher Erfolg allein beschreibt den dargestellten Lebensabschnitt deshalb nicht.	Ali|2001
026-S-1	Der Schwerpunkt liegt auf der frühen Entwicklung der Tennisschwestern. Der Vater steht im Zentrum, obwohl die späteren sportlichen Leistungen Venus und Serena gehören.	King Richard|2021
026-S-2	Die Geschichte erzählt von Chris Gardner und seinem Sohn während wirtschaftlicher Unsicherheit. Die reale Verwandtschaft der Darsteller ist von den Filmfiguren getrennt.	The Pursuit of Happyness|2006;After Earth|2013
026-A-1	Omalu untersucht den Zusammenhang zwischen wiederholten Kopfverletzungen und langfristigen Schäden. Der Film zeigt auch den Widerstand gegen unbequeme Forschungsergebnisse.	Concussion|2015
026-A-2	Paul gibt sich als Sohn eines bekannten Schauspielers aus. Die Täuschung legt Erwartungen und Vorurteile seines wohlhabenden Gastgebermilieus offen.	Six Degrees of Separation|1993
027-L-1	Bourne verfügt über Fähigkeiten, deren Herkunft er zunächst nicht kennt. Die Erinnerungssuche verbindet Action mit einer Auseinandersetzung um staatliche Verantwortung.	The Bourne Identity|2002
027-L-2	Watney benötigt Nahrung, Wasser und eine Möglichkeit zur Kommunikation. Der Film macht Problemlösung zu einer Handlung, die durch viele kleine Schritte vorankommt.	The Martian|2015
027-M-1	Das Originaldrehbuch verbindet Begabung, Freundschaft und soziale Herkunft. Die persönliche Autorenschaft ist von Matt Damons zusätzlicher Leistung als Hauptdarsteller zu unterscheiden.	Good Will Hunting|1997
027-M-2	Captain Miller führt die Suchgruppe. Die Mission stellt den Aufwand und die Gefährdung mehrerer Soldaten der Rettung eines einzelnen Menschen gegenüber.	Saving Private Ryan|1998
027-S-1	Matt Damon schrieb für einen Englischkurs einen frühen Filmentwurf, der später in „Good Will Hunting“ einging. Er verließ Harvard vor dem Abschluss für eine Hauptrolle in „Geronimo“; das Studienprojekt und die professionelle Filmkarriere überschnitten sich.
027-S-2	Pienaar führt die Springboks als Mannschaftskapitän. Seine Aufgabe auf dem Spielfeld ist von Mandelas politischer Rolle im selben Ereignis zu unterscheiden.	Invictus|2009
027-A-1	Water.org entstand 2009 aus der Verbindung von Gary Whites WaterPartners und Matt Damons H2O Africa. Mit kleinen Finanzierungsmöglichkeiten sollen Haushalte Wasseranschlüsse und Sanitäranlagen bezahlen können; die Organisation setzt damit auch an langfristiger Infrastruktur an.
027-A-2	„Mystic Pizza“ erzählt vor allem von drei jungen Frauen. Matt Damons kurzer Auftritt ist Teil eines frühen Ensembles und keine damalige Hauptrolle.	Mystic Pizza|1988
028-L-1	Diese Batman-Version gehört zu einer anderen Kontinuität als Christopher Nolans Trilogie. Gleicher Figurenname bedeutet deshalb nicht dieselbe erzählte Biografie.	Batman v Superman: Dawn of Justice|2016
028-L-2	A. J. Frost ist Mitglied des Bohrteams. Die Geschichte übersetzt praktische Arbeitserfahrung in eine spektakuläre, fiktive Raumfahrtmission.	Armageddon|1998
028-M-1	Tony Mendez gibt die Gesuchten als Filmteam aus. Die fiktive Produktion macht das professionelle Wissen über Filmherstellung selbst zum Bestandteil der Handlung.	Argo|2012
028-M-2	Ben Affleck steht beim Regiedebüt hinter der Kamera, Casey davor. Die Zusammenarbeit ist ein Beispiel für unterschiedliche Aufgaben innerhalb derselben Produktion.	Gone Baby Gone|2007
028-S-1	Ein privates Ermittlerpaar sucht nach einem verschwundenen Mädchen. Die Auflösung verlangt eine Entscheidung zwischen gesetzlichem Verfahren und vermeintlich besserer Fürsorge.	Gone Baby Gone|2007
028-S-2	Matt Murdock arbeitet tagsüber als Anwalt und nachts als maskierter Kämpfer. Die doppelte Identität verbindet Rechtsprechung und eigenmächtige Gewalt.	Daredevil|2003
028-A-1	Die Serie wechselte zwischen gespielter Handlung und erklärenden Lernteilen. Ben Afflecks frühe Fernsehrolle stand daher in einem ausdrücklich pädagogischen Format.
028-A-2	Der Ansatz betrifft die Beteiligung an wirtschaftlichem Erfolg, nicht nur die Finanzierung eines Films. Ben Affleck und Matt Damon verbinden damit Produktion und Vergütungsfragen.
029-L-1	Doug Ross ist Kinderarzt im Serienkrankenhaus. Die über mehrere Staffeln entwickelte Figur machte George Clooney einem regelmäßigen Fernsehpublikum vertraut.
029-L-2	Danny bringt Spezialisten für einen gemeinsamen Raub zusammen. Die Handlung verteilt Fähigkeiten und Aufgaben auf das Ensemble statt auf einen einzelnen allmächtigen Dieb.	Ocean's Eleven|2001
029-M-1	Bob Barnes gerät in ein Geflecht aus Geheimdienst, Energiegeschäft und Politik. Seine körperlich erschöpfte Erscheinung unterstützt den Abstand zum eleganten Starimage.	Syriana|2005
029-M-2	Murrows Sendung setzt sich mit McCarthys Vorgehen auseinander. Der Konflikt betrifft die Verantwortung von Journalismus unter politischem und wirtschaftlichem Druck.	Good Night, and Good Luck|2005
029-S-1	Barris behauptet, neben seiner Fernseharbeit für die CIA tätig gewesen zu sein. Der Film nutzt gerade die fragwürdige Zuverlässigkeit dieser Selbsterzählung.	Confessions of a Dangerous Mind|2002
029-S-2	Rosemary Clooney war eine Schwester seines Vaters Nick Clooney. Die familiäre Verbindung ist von einer bloßen Namensgleichheit zweier Unterhaltungskünstler zu unterscheiden.
029-A-1	George Clooney gründete Casamigos 2013 mit Rande Gerber und Michael Meldman. Der Getränkehersteller Diageo kaufte das Unternehmen 2017; die öffentlich genannte Summe unterschied eine feste Zahlung von weiteren möglichen erfolgsabhängigen Zahlungen.
029-A-2	Die Rolle erscheint innerhalb eines vielstimmigen Kriegsfilms. Terrence Malick verteilt den Blick auf das Geschehen auf zahlreiche Figuren und innere Monologe.	The Thin Red Line|1998
030-L-1	„Dr. No“ eröffnete die offizielle Eon-Reihe. Sean Connerys Darstellung bildet einen Ausgangspunkt, an dem spätere Bondinterpretationen häufig gemessen werden.	Dr. No|1962
030-L-2	Henry Jones senior sucht nach dem Heiligen Gral. Vater und Sohn müssen sich zusammenraufen, obwohl ihre Arbeitsweisen und privaten Erwartungen auseinandergehen.	Indiana Jones and the Last Crusade|1989
030-M-1	Sean Connery wuchs im Edinburgher Stadtteil Fountainbridge auf. Vor seiner Schauspielkarriere arbeitete er unter anderem als Milchmann und trat in die Royal Navy ein; sein Weg führte damit aus einfachen Verhältnissen auf Bühne und Leinwand.
030-M-2	Malone kennt die korrupten Strukturen Chicagos. Sein Wissen ergänzt Ness' Idealismus und macht das kleine Ermittlerteam gegen Capone handlungsfähiger.	The Untouchables|1987
030-S-1	William untersucht mit seinem jungen Begleiter Adson Todesfälle in einer Abtei. Wissen, Glaubensautorität und kontrollierter Zugang zu Büchern werden miteinander verknüpft.	The Name of the Rose|1986
030-S-2	Über Jahr und Platzierung beim Mr.-Universe-Wettbewerb finden sich abweichende Angaben. Unstrittig ist seine Beschäftigung mit Bodybuilding vor dem Durchbruch; die Frage verlangt daher die Sportart und keine unsichere Rang- oder Jahreszahl.
030-A-1	Connery spielt Zed in einer Gesellschaft mit gegensätzlichen Lebensordnungen. Die Zukunftsfabel untersucht Herrschaft und vermeintliche Unsterblichkeit in bewusst ungewöhnlichen Bildern.	Zardoz|1974
030-A-2	Sean Connery trat 1946 mit sechzehn Jahren ein und diente unter anderem auf der HMS Formidable. Ein Zwölffingerdarmgeschwür führte zur medizinischen Entlassung mit neunzehn; erst anschließend entwickelte sich seine berufliche Bühnenlaufbahn.
031-L-1	„Casino Royale“ beginnt mit dem Erwerb des Doppelnullstatus. Der Film setzt die Bondgeschichte neu an, statt Daniel Craig einfach in die frühere Kontinuität einzufügen.	Casino Royale|2006
031-L-2	Blanc untersucht den Tod eines Krimiautors in dessen Familie. Seine auffällige Sprache und beharrliche Beobachtung stehen dem schnellen Urteilen der Verdächtigen gegenüber.	Knives Out|2019
031-M-1	Die fünf Filme erzählen wiederkehrende persönliche Beziehungen weiter. „Keine Zeit zu sterben“ behandelt deshalb auch Konsequenzen aus den vorangegangenen Craig-Bondfilmen.	No Time to Die|2021
031-M-2	Rachel Weisz ist selbst eine britische Oscarpreisträgerin. Die gemeinsame Produktion ist eine berufliche Verbindung, die von ihrer privaten Ehe zu unterscheiden ist.	Dream House|2011
031-S-1	Connor Rooney ist der Sohn eines mächtigen Gangsters. Seine Eifersucht und Gewalt gefährden gerade die Loyalität, auf der die kriminelle Familienordnung beruht.	Road to Perdition|2002
031-S-2	Der Protagonist möchte aus dem Drogengeschäft aussteigen. Neue Aufträge und verschachtelte Abhängigkeiten verhindern jedoch die von ihm geplante geordnete Zukunft.	Layer Cake|2004
031-A-1	Die Handlung setzt bei den Folgen des Olympiaattentats von 1972 an. Das Team muss sich mit den persönlichen und politischen Folgen seiner Gewalt auseinandersetzen.	Munich|2005
031-A-2	Die Guildhall bildet sowohl Musik- als auch Schauspielberufe aus. Daniel Craigs Weg führte vom Jugendtheater in eine professionelle Ausbildung in London.
032-L-1	Smartphones und moderne Forensik ersetzen Teile der viktorianischen Umgebung. Der Kern bleibt das ungleiche Ermittlerpaar aus außergewöhnlicher Analyse und menschlicher Vermittlung.
032-L-2	Eine schwere Handverletzung zerstört zunächst seine chirurgische Laufbahn. Die Suche nach Heilung führt Stephen Strange zu einer neuen Vorstellung von Verantwortung.	Doctor Strange|2016
032-M-1	Die Arbeit in Bletchley Park betraf die deutsche Chiffriermaschine Enigma. Der Film dramatisiert historische Vorgänge und ist von einer vollständigen Biografie Turings zu trennen.	The Imitation Game|2014
032-M-2	Smaug bewacht den Schatz im Einsamen Berg. Motion Capture liefert Bewegungsgrundlagen, die anschließend in die digitale Drachenfigur übersetzt werden.	The Hobbit: The Desolation of Smaug|2013
032-S-1	Der Fernsehfilm zeigt den jungen Forscher vor seiner weltweiten Bekanntheit. Wissenschaftliche Arbeit und persönliche Veränderungen werden innerhalb eines begrenzten Lebensabschnitts erzählt.
032-S-2	Der Rollenwechsel macht Ähnlichkeiten zwischen Erschaffer und Geschöpf sichtbar. Danny Boyle inszenierte die Produktion am Londoner National Theatre.
032-A-1	Das Kloster lag in Darjeeling in Indien. Anschließend studierte Benedict Cumberbatch Drama in Manchester und setzte seine Ausbildung an der Londoner LAMDA fort.
032-A-2	Die Firma entstand Ende 2013 mit Adam Ackland und weiteren Mitgründern. Ihr früher Kurzfilm „Little Favour“ verband Benedict Cumberbatchs Hauptrolle mit einer Produzentenfunktion; später kamen längere Film- und Fernsehprojekte hinzu.
033-L-1	Gandalf begleitet die Gemeinschaft, kann ihre Entscheidungen aber nicht ersetzen. Seine Rolle verbindet Orientierung mit der Verantwortung der anderen Figuren.	The Lord of the Rings: The Fellowship of the Ring|2001
033-L-2	Magneto und Xavier teilen die Erfahrung von Ausgrenzung, wählen aber gegensätzliche Antworten. Der Superheldenkonflikt behandelt damit auch Vertrauen und politische Selbstverteidigung.	X-Men|2000
033-M-1	Die britische Organisation entstand 1989 im Umfeld des Widerstands gegen Section 28. Der Name verweist auf die historischen Stonewall-Proteste in New York.
033-M-2	Die Verlegung in eine alternative Zeit der 1930er-Jahre macht den Machtkampf durch moderne Uniformen und Herrschaftsbilder neu lesbar.	Richard III|1995
033-S-1	Whale war unter anderem Regisseur von „Frankenstein“ und „Frankensteins Braut“. Das Drama behandelt Erinnerungen, Begehren und die Entfernung vom früheren Ruhm.	Gods and Monsters|1998
033-S-2	Sir ist eine Anrede für einen Rittertitel. Sie ist weder Bestandteil seines Geburtsnamens noch automatisch mit einem Sitz im britischen Oberhaus verbunden.
033-A-1	Ian McKellen studierte am St Catharine's College. Die studentische Bühne bot Gelegenheit, klassische Rollen zu erproben, bevor er professionell Theater spielte.
033-A-2	Die Kröte betrachtet die Ratten als Eindringlinge in ihrer Unterwelt. Die kultivierte Stimme verstärkt den komischen Abstand zu ihrem rücksichtslosen Plan.	Flushed Away|2006
034-L-1	Picard führt die Enterprise in „The Next Generation“. Seine Entscheidungen stellen wiederholt die Verständigung mit fremden Kulturen über einen schnellen Waffeneinsatz.
034-L-2	Xavier verfügt über telepathische Fähigkeiten. Die Schule ist zugleich Schutzraum und Ausbildungsort für junge Menschen, deren Kräfte gesellschaftliche Konflikte auslösen.	X-Men|2000
034-M-1	Die Royal Shakespeare Company arbeitet mit klassischem und zeitgenössischem Theater. Patrick Stewarts langjährige Bühnenpraxis erklärt seine sichere Handhabung komplexer Sprache.
034-M-2	Refuge unterstützt Betroffene häuslicher Gewalt mit Schutz und Beratung. Patrick Stewart verbindet das öffentliche Engagement mit seiner Erfahrung von Gewalt innerhalb der Familie.
034-S-1	Bullock besitzt institutionelle Autorität, verhält sich aber oft grotesk verantwortungslos. Der Kontrast zwischen Stimme und Verhalten ist Teil der satirischen Wirkung.
034-S-2	Xavier ist auf Betreuung angewiesen, während Logan ebenfalls körperlich erschöpft ist. Die Beziehung verändert sich dadurch von Führung und Schutz zu gegenseitiger Abhängigkeit.	Logan|2017
034-A-1	Die Tätigkeit begann bei einer Lokalzeitung. Patrick Stewarts Interesse am Theater führte früh zu einem Wechsel weg von dieser zunächst praktischen Berufsperspektive.
034-A-2	Sejanus nutzt die Machtstellung an der Seite des Kaisers Tiberius. Die Rolle gehört zu einer historischen Intrigengeschichte, nicht zu einer freien Fantasywelt.
035-L-1	Alfred kennt Bruce Wayne seit dessen Kindheit. Er kann deshalb dessen Selbstbild hinterfragen, wenn die Arbeit als Batman das persönliche Leben verdrängt.	Batman Begins|2005
035-L-2	Cockney bezeichnet einen mit London verbundenen Dialekt. Michael Caines Stimme machte eine gesellschaftliche Herkunft hörbar, die im britischen Starsystem lange weniger präsent war.
035-M-1	Der Künstlername und der Geburtsname können in älteren Quellen nebeneinander erscheinen. Gemeint ist dabei derselbe Darsteller, nicht ein verwandter Schauspieler.
035-M-2	Harry Palmer kocht selbst, trägt eine Brille und begegnet Vorgesetzten skeptisch. Diese Alltagsmerkmale setzen ihn bewusst vom glamourösen Bondtypus ab.	The Ipcress File|1965
035-S-1	Elliot ist mit Hannah verheiratet und fühlt sich zu ihrer Schwester hingezogen. Die Figur macht das Beziehungsgeflecht des Ensembles besonders widersprüchlich.	Hannah and Her Sisters|1986
035-S-2	Dr. Larch leitet ein Waisenhaus. Seine Fürsorge und medizinischen Entscheidungen stellen persönliche Moral und gesellschaftliche Regeln in ein schwieriges Verhältnis.	The Cider House Rules|1999
035-A-1	Die Wahl verbindet einen öffentlich einprägsamen Namen mit einem zufällig gesehenen Filmtitel. Michael Caine spielte in diesem namensgebenden Film selbst nicht mit.	The Caine Mutiny|1954
035-A-2	Michael Caine war im Rahmen seines britischen Militärdienstes in Korea eingesetzt. Der Lebensabschnitt liegt zeitlich vor seinen bekannten Spionage- und Kriegsfilmrollen.
036-L-1	Snape unterrichtet in Hogwarts und wirkt häufig feindselig gegenüber Harry. Die kontrollierte Darstellung lässt wichtige Informationen über seine Vergangenheit lange offen.	Harry Potter and the Philosopher's Stone|2001
036-L-2	Gruber präsentiert sich als politischer Täter, verfolgt aber einen Raubplan. Seine elegante Sprache steht im Kontrast zu McClanes improvisiertem Vorgehen.	Die Hard|1988
036-M-1	Der Sheriff nutzt sein Amt für eigene Machtinteressen. Alan Rickmans Darstellung übertreibt seine Eitelkeit und Wut, ohne die Bedrohung für die anderen Figuren aufzulösen.	Robin Hood: Prince of Thieves|1991
036-M-2	Das Studio hieß Graphiti. Der Wechsel zur Schauspielausbildung war daher ein bewusster Berufswechsel nach einer bereits begonnenen gestalterischen Laufbahn.
036-S-1	Die Handlung spielt an einem kalten Tag in Schottland. Verschiedene Begegnungen verbinden Trauer, Nähe und das schwierige Verhältnis zwischen Mutter und Tochter.	The Winter Guest|1997
036-S-2	Brandon verbirgt Gefühle eher, als sie öffentlich auszustellen. Der Film nutzt diesen Gegensatz, um romantisches Auftreten von tatsächlicher Verlässlichkeit zu unterscheiden.	Sense and Sensibility|1995
036-A-1	Alan Rickman spielte Valmont zunächst für die Royal Shakespeare Company und anschließend am Broadway. Die Figur verführt und manipuliert im aristokratischen Milieu; der Theatererfolg brachte ihm 1987 eine Tony-Nominierung, kurz vor seinem Hollywooddurchbruch.
036-A-2	Marvin besitzt große geistige Fähigkeiten, erlebt seine Aufgaben aber als sinnlos. Die trockene Stimme trägt den Witz seiner dauerhaft pessimistischen Perspektive.	The Hitchhiker's Guide to the Galaxy|2005
037-L-1	Landa wechselt zwischen mehreren Sprachen und Gesprächsstrategien. Seine Kontrolle über die Situation macht gerade den scheinbar freundlichen Austausch gefährlich.	Inglourious Basterds|2009
037-L-2	Schultz befreit Django zunächst für eine gemeinsame Aufgabe. Daraus entsteht eine Partnerschaft, die unterschiedliche Erfahrungen mit Sklaverei und Gewalt zusammenbringt.	Django Unchained|2012
037-M-1	Die Oscars wurden 2010 und 2013 verliehen. Landa und Schultz sind gegensätzliche Figuren: ein Verfolger und ein Helfer innerhalb gewaltgeprägter Geschichten.	Inglourious Basterds|2009;Django Unchained|2012
037-M-2	Wien gehört zu Österreich, auch wenn Christoph Waltz lange im deutschen Fernsehen arbeitete. Herkunft und späterer beruflicher Schwerpunkt sind getrennte Angaben.
037-S-1	Blofeld führt die Organisation Spectre. Die Craig-Filme verbinden seine Machtposition mit einer persönlichen Vorgeschichte und weichen darin von früheren Bondfassungen ab.	Spectre|2015
037-S-2	Die Hauptfigur erfindet eine eindrucksvolle gesellschaftliche Identität. Das Drama verbindet soziale Selbstdarstellung mit einem Kriminalfall in Washington.	Georgetown|2019
037-A-1	Das Seminar ist Teil der Wiener Universität für Musik und darstellende Kunst. Seine Ausbildung steht damit in einer etablierten Theatertradition.
037-A-2	„Der Rosenkavalier“ stammt von Richard Strauss mit einem Libretto von Hugo von Hofmannsthal. Opernregie muss musikalische Abläufe und szenische Beziehungen gemeinsam gestalten.
038-L-1	Alex stellt für seine Mutter vertraute DDR-Produkte und Nachrichten nach. Der Film zeigt, wie fürsorgliche Täuschung in Konflikt mit einer veränderten Wirklichkeit gerät.	Good Bye, Lenin!|2003
038-L-2	Die Saison 1976 bildet den Schwerpunkt. Ron Howard erzählt den Wettbewerb zwischen zwei unterschiedlichen Arbeitsweisen, nicht die vollständigen Lebensläufe der Fahrer.	Rush|2013
038-M-1	Zemo versucht, die Avengers gegeneinander aufzubringen. Seine Strategie zeigt, dass Informationen und gezielt erzeugtes Misstrauen eine Superheldengruppe beschädigen können.	Captain America: Civil War|2016
038-M-2	Daniel Brühl spricht Deutsch und Spanisch und arbeitet in mehreren Filmkulturen. Sein Geburtsort beschreibt daher nur einen Teil seiner grenzüberschreitenden Biografie.
038-S-1	Das Gespräch in einer Berliner Kneipe verschiebt die Macht zwischen den Nachbarn. Der öffentlich bekannte Schauspieler wird mit Erfahrungen konfrontiert, die sein Selbstbild stören.	Nebenan|2021
038-S-2	Die Aktionen sollen wohlhabende Besitzer verunsichern, ohne zunächst etwas zu stehlen. Ein unerwartetes Zusammentreffen verändert den politischen Protest in eine persönliche Konfrontation.	The Edukators|2004
038-A-1	Raval ist auch der Name eines Viertels in Barcelona. Die Tapasbar nimmt damit ausdrücklich auf die spanische Herkunft und Kulturverbindung des Darstellers Bezug.
038-A-2	Zoller ist zugleich Soldat und Hauptdarsteller eines Propagandafilms innerhalb der Handlung. Diese doppelte Rolle verbindet Krieg und mediale Selbstdarstellung.	Inglourious Basterds|2009
039-L-1	Ein Projekt über Autokratie entwickelt eigene Zeichen und Gruppendruck. Rainer Wenger erkennt zu spät, wie schnell pädagogisches Spiel in soziale Ausgrenzung kippt.	Die Welle|2008
039-L-2	Jürgen Vogel wurde in Hamburg geboren. Seine Laufbahn im deutschen Kino umfasst sehr unterschiedliche Rollen, von Komödie bis zu stark belastenden Dramen.
039-M-1	Karl arbeitet in einer kontrollierten, leistungsorientierten Welt. Hans' Freude an alltäglichen Dingen setzt dazu einen Kontrast und verändert die Freundschaft zwischen beiden.	Ein Freund von mir|2006
039-M-2	Die Baustellenmetapher betrifft auch Jans instabiles Privatleben. Berlin bildet einen Raum, in dem Erwerbsarbeit, Liebe und neue Begegnungen ineinandergreifen.	Das Leben ist eine Baustelle|1997
039-S-1	Der vermeintliche Bewerber reist mit zwei angehenden Schauspielern weiter. Die Geschichte verbindet eine Verwechslung mit der Suche nach einer eigenen beruflichen Zukunft.	Kleine Haie|1992
039-S-2	Der Film zeigt die schwierige Rückkehr nach einer Haftstrafe. Seine Perspektive macht die Konflikte verständlich, ohne die Verantwortung für die früheren Taten aufzuheben.	Der freie Wille|2006
039-A-1	Produktion, Schreiben und Darstellung können dadurch im selben Projekt zusammenlaufen. Die Zusammenarbeit mit Matthias Glasner umfasst auch das Drama „Der freie Wille“.	Der freie Wille|2006
039-A-2	Max sucht vor seinem nahenden Tod einen anderen Umgang mit dem Leben. Die Begegnung mit Emma verbindet schwere Krankheit mit einer ungewöhnlichen Liebesgeschichte.	Emmas Glück|2006
040-L-1	Mannis verlorenes Geld setzt die Handlung unter Zeitdruck. Die wiederholten Abläufe zeigen, wie kleine Veränderungen den Verlauf eines gemeinsamen Tages beeinflussen.	Lola rennt|1998
040-L-2	Die künstliche Rollenverteilung entfaltet reale Machtwirkungen. Tarek will das Geschehen journalistisch beobachten, kann seine Teilnahme aber nicht von dessen Eskalation trennen.	Das Experiment|2001
040-M-1	Die Verfilmung behandelt die Geschichte der RAF über mehrere Personen. Eine dargestellte historische Rolle ist daher von Moritz Bleibtreus eigenen politischen Positionen zu unterscheiden.	Der Baader Meinhof Komplex|2008
040-M-2	Isa kommt aus dem Gefängnis und belastet zunächst den Restaurantalltag seines Bruders. Die Komödie verbindet familiäre Loyalität mit einer sozialen Hamburger Umgebung.	Soul Kitchen|2009
040-S-1	Bruno ist einer von zwei Halbbrüdern mit sehr unterschiedlichen Lebensentwürfen. Die Literaturverfilmung verbindet persönliche Beziehungen mit einem Blick auf gesellschaftliche Veränderungen.	Elementarteilchen|2006
040-S-2	Zwei Lebenswelten scheinen über Träume verbunden zu sein. Die unsichere Wahrnehmung ist deshalb ein erzählerisches Prinzip und kein bloßes Rätsel am Rand.	Cortex|2020
040-A-1	Monica Bleibtreu arbeitete selbst in Theater, Film und Fernsehen. Moritz Bleibtreus frühe Nähe zum Schauspiel entstand somit auch durch das familiäre Umfeld.
040-A-2	Die Serie erzählt Geschichten aus einem niedersächsischen Dorf. Seine frühe Teilnahme ist von den späteren, oft urbanen Kinorollen der 1990er-Jahre zu unterscheiden.
041-L-1	Bellheim versucht, eine gefährdete Kaufhauskette zu retten. Die Fernsehgeschichte verbindet wirtschaftlichen Wandel mit Erfahrung und Solidarität älterer Menschen.
041-L-2	Haffenloher will die Berichterstattung über sich beeinflussen. Seine Drohungen zeigen die Abhängigkeit zwischen wirtschaftlicher Macht und dem Geschäft mit Prominenz.
041-M-1	Santers Gewalt treibt den persönlichen Konflikt der ersten Geschichte an. Die Figur ist vom späteren Ölprinzen und anderen Karl-May-Gegenspielern zu unterscheiden.	Winnetou 1. Teil|1963
041-M-2	Oskars Weigerung zu wachsen gibt den Blick auf Erwachsene frei. Alfred Matzerath gehört zu der widersprüchlichen Familienwelt, die der Junge beobachtet.	Die Blechtrommel|1979
041-S-1	Die Handlung verbindet einen Kriminalfall mit der NS-Zeit. Die filmische Darstellung ist von der inzwischen umstrittenen historischen Zuschreibung an Bruno Lüdke zu trennen.	Nachts, wenn der Teufel kam|1957
041-S-2	Das Restaurant wird zum Treffpunkt einer Gesellschaft, die gern über sich selbst spricht. Mario Adorfs Wirt hält diese unterschiedlichen Figuren im selben Raum zusammen.	Rossini – oder die mörderische Frage, wer mit wem schlief|1997
041-A-1	Mayen liegt in Rheinland-Pfalz. Mario Adorfs Kindheitsort wurde für seine persönliche Erinnerung wichtig, obwohl Zürich in amtlichen Biografien als Geburtsort steht.
041-A-2	Autobiografische Texte wählen Erlebnisse aus und geben ihnen eine erzählerische Form. Mario Adorf tritt hier als Autor seiner Erinnerungen auf, nicht als gespielte Figur.
042-L-1	Der Film konzentriert sich auf die letzten Tage im Berliner Bunker. Stimme und Gesten dienen einer historischen Charakterdarstellung innerhalb dieses eng begrenzten Zeitraums.	Der Untergang|2004
042-L-2	Als Engel kann Damiel zuhören, aber zunächst nicht körperlich eingreifen. Sein Wunsch nach menschlichem Leben verbindet Wahrnehmung mit der Erfahrung von Nähe und Begrenzung.	Der Himmel über Berlin|1987
042-M-1	Bruno Ganz arbeitete sowohl auf deutschsprachigen Bühnen als auch im internationalen Kino. Eine Filmrolle als Deutscher oder Italiener verändert die schweizerische Herkunft nicht.
042-M-2	Jonathan Zimmermann gerät trotz schwerer Krankheit in kriminelle Aufträge. Die Verbindung zu Ripley entwickelt sich aus Misstrauen, Manipulation und unerwarteter Nähe.	Der amerikanische Freund|1977
042-S-1	Der Iffland-Ring gilt als Auszeichnung für einen bedeutenden deutschsprachigen Bühnenkünstler. Er ist keine jährlich von einer Jury vergebene Filmauszeichnung.
042-S-2	Peter Steins Ensemblearbeit machte die Berliner Schaubühne zu einem wichtigen Theaterort. Bruno Ganz verband diesen Bühnenabschnitt weiterhin mit Arbeiten für den Film.
042-A-1	Vitus ist ein hochbegabter Pianist, der Erwartungen an sein Talent entkommen möchte. Der Großvater unterstützt ihn auch jenseits von Schule und Leistungsdruck.	Vitus|2006
042-A-2	Der Träger bestimmt die Weitergabe zu Lebzeiten schriftlich. Der Ring gelangte nach Bruno Ganz später an Jens Harzer; die Nachfolge ist Teil der Tradition.
043-L-1	Die Figuren sind oft Außenseiter, die mächtigere Gegner mit Einfallsreichtum und Körperkomik überwinden. Der Unterschied ihrer Temperamente trägt ebenso wie die Prügelszenen.	Lo chiamavano Trinità...|1970
043-L-2	Carlo Pedersoli ist der Name seiner Sportlaufbahn. Frühere olympische Ergebnislisten sind deshalb unter diesem Namen zu finden, nicht unter Bud Spencer.
043-M-1	Er nahm 1952 in Helsinki und 1956 in Melbourne teil. Seine Disziplin war das Schwimmen; die späteren Filmprügeleien sind keine Kampfsportbiografie.
043-M-2	Der Künstlername kombiniert zwei unterschiedliche Vorbilder. Bud Spencer und Spencer Tracy sind daher weder derselbe Darsteller noch durch den Namen als Verwandte ausgewiesen.
043-S-1	Wasserball verbindet Schwimmfähigkeit mit einem Mannschaftsspiel im Becken. Die sportliche Karriere zeigt eine reale Leistungsgeschichte vor dem späteren Komödienimage.
043-S-2	Eine Pilotenlizenz verlangt praktische Ausbildung und Prüfung. Bud Spencers Luftfahrtinteresse war somit eine tatsächliche Qualifikation und keine bloße Filmwerbung.
043-A-1	Die Fluggesellschaft entstand 1981 in Italien. Sie ist ein Beispiel für eine unternehmerische Tätigkeit, die unabhängig von seinen Darstellerrollen organisiert wurde.
043-A-2	Die Marke betrifft die Zeit über die gesamte Strecke von 100 Metern. Unter einer Minute zu bleiben war damals ein Meilenstein im italienischen Schwimmsport.
044-L-1	Trinity ist schnell und scheinbar sorglos, Bambino massiger und mürrischer. Das Brüderpaar verwandelt typische Westernkonflikte in gemeinsame komische Aufgaben.	Lo chiamavano Trinità...|1970
044-L-2	Mario Girotti erscheint in frühen Besetzungslisten, Terence Hill in späteren. Die Namensänderung gehört zur internationalen Vermarktung italienischer Western.
044-M-1	Die Rolle gehört zu einer Karl-May-Verfilmung, nicht zur späteren Trinity-Reihe. Der andere Name in den Credits erklärt eine häufig übersehene Verbindung.	Winnetou 2. Teil|1964
044-M-2	Don Matteo ist Priester und kein Polizeibeamter. Die Ermittlungen leben vom Wissen über Menschen und vom Austausch mit den örtlichen Carabinieri.
044-S-1	Der italienische Originaltitel bedeutet sinngemäß „Man nannte ihn Trinity“. Die Komödie setzt sich im Ton deutlich von den düsteren Italowestern der 1960er-Jahre ab.	Lo chiamavano Trinità...|1970
044-S-2	Terence Hill spielt den jungen Grafen Cavriaghi. Die Literaturverfilmung untersucht den gesellschaftlichen Wandel Siziliens im Umfeld der italienischen Einigung.	Il Gattopardo|1963
044-A-1	Lommatzsch liegt bei Meißen. Die Kindheitsjahre gehören zu einer italienisch-deutschen Familiengeschichte und erklären, warum Terence Hill Deutsch spricht.
044-A-2	Die Reise des gealterten Thomas führt zu einer unerwarteten Begegnung. Terence Hill verbindet Darstellung und Regie mit einem deutlich ruhigeren Ton als in früheren Actionkomödien.	My Name Is Thomas|2018
045-L-1	Lee und Carter müssen über kulturelle und sprachliche Unterschiede hinweg zusammenarbeiten. Jackie Chans choreografierte Bewegung und Chris Tuckers Worttempo ergänzen sich.	Rush Hour|1998
045-L-2	In „Police Story“ wird die Umgebung zum Teil der Choreografie. Hindernisse und Gegenstände bieten dabei zugleich Gefahren, Auswege und komische Überraschungen.	Police Story|1985
045-M-1	Hongkong war bei seiner Geburt britische Kolonie. Die Filmindustrie verband später kantonesische Produktionen mit einem wachsenden internationalen Markt für Actionkino.
045-M-2	Der junge Wong Fei-hung muss eine ungewöhnliche Form des Kampftrainings erlernen. Die scheinbare Trunkenheit ist Teil der filmischen Bewegungssprache, nicht die Voraussetzung realer Kampffähigkeit.	Drunken Master|1978
045-S-1	Die China Drama Academy unter Yu Jim-yuen vermittelte mehrere Disziplinen zugleich. Der spätere Stuntdarsteller konnte dadurch auf Beweglichkeit, Rhythmus und Bühnenroutine zurückgreifen.
045-S-2	Der Ehrenoscar würdigt ein Gesamtwerk. Er darf deshalb nicht als Sieg in der Kategorie Hauptdarsteller oder als Preis für „Rush Hour“ gelesen werden.
045-A-1	Die Schülergruppe wurde als Seven Little Fortunes bekannt. Sammo Hung und Yuen Biao arbeiteten später ebenfalls mit Jackie Chan im Hongkonger Kino.
045-A-2	Jackie Chan stürzte bei einem Sprung in einen Baum und musste am Kopf operiert werden. Der Unfall während der Dreharbeiten macht deutlich, weshalb die oft komisch gespielten Stunts für ihn selbst eine ernsthafte körperliche Gefahr waren.	Armour of God|1986
046-L-1	Der Film verbindet ein Kampfturnier mit einer verdeckten Ermittlung. Bruce Lees internationale Bekanntheit wuchs besonders durch die Verbindung von Hongkonger und US-Filmproduktion.	Enter the Dragon|1973
046-L-2	Der Name wird häufig als „Weg der abfangenden Faust“ übertragen. Die individuelle Anpassung an eine Situation steht stärker im Vordergrund als das Befolgen eines geschlossenen Systems.
046-M-1	Kato unterstützt den maskierten Titelhelden als Fahrer und Kämpfer. Bruce Lees Rolle machte ihn im US-Fernsehen bekannt, bevor seine großen Hongkonger Kinofilme folgten.
046-M-2	Sein Vater war während einer Tournee in den USA. Der Geburtsort erklärt die amerikanische Verbindung, während die frühe Sozialisation überwiegend in Hongkong stattfand.
046-S-1	Wing Chun ist eine südchinesische Kampfkunst mit starkem Nahkampfbezug. Bruce Lee entwickelte seinen späteren Ansatz aus verschiedenen Erfahrungen, ohne sich auf eine einzige Tradition zu beschränken.
046-S-2	Tang Lung reist nach Rom, um Verwandten zu helfen. Bruce Lee übernahm Drehbuch, Regie und Hauptrolle; der Kampf ist Teil dieser eigenen Inszenierung.	The Way of the Dragon|1972
046-A-1	Bruce Lee schrieb sich 1961 ein und besuchte neben seinem Hauptfach Drama auch Kurse in Philosophie und Psychologie. Seine intensive philosophische Beschäftigung hat zur verbreiteten, aber ungenauen Behauptung eines Philosophiestudiums geführt.
046-A-2	Die Kinderrolle steht in einem sozialen Hongkonger Drama. Sie zeigt eine frühe Schauspielpraxis, die zeitlich vor seinem internationalen Kampfkunstimage lag.	The Kid|1950
047-L-1	Li Mu Bai möchte sich aus der Kampfkunstwelt zurückziehen. Die ungelöste Beziehung zu Yu Shu Lien steht neben dem Konflikt um ein gestohlenes Schwert.	Crouching Tiger, Hidden Dragon|2000
047-L-2	John Woos Action verbindet Schusswechsel mit Loyalität und Opferbereitschaft. Die Freundschaft oder Rivalität zwischen Männern ist häufig ebenso wichtig wie der kriminelle Auftrag.	A Better Tomorrow|1986;The Killer|1989
047-M-1	Sao Feng kontrolliert einen eigenen Piratenbereich. Seine Interessen zeigen, dass die Handlung mehrere konkurrierende Kapitäne und Bündnisse umfasst.	Pirates of the Caribbean: At World's End|2007
047-M-2	Mark verliert im Verlauf körperliche Unversehrtheit und gesellschaftlichen Status. Gerade der Gegensatz zwischen früherer Eleganz und späterer Verletzlichkeit prägt die Figur.	A Better Tomorrow|1986
047-S-1	Yu Shu Lien und Li Mu Bai verbinden tiefe Zuneigung mit Zurückhaltung. Die fließenden Kämpfe ergänzen diese Beziehung, statt sie zu ersetzen.	Crouching Tiger, Hidden Dragon|2000
047-S-2	Ah Jong verletzt bei einem Auftrag unbeabsichtigt eine Sängerin. Sein Versuch, für eine Operation zu bezahlen, verknüpft professionelle Gewalt mit persönlicher Verantwortung.	The Killer|1989
047-A-1	Die Darstellung führt von modernem Actionkino zu einer antiken Gelehrtenfigur. Der Film behandelt Konfuzius innerhalb eines historischen, politisch konfliktreichen Umfelds.	Confucius|2010
047-A-2	Die Serie spielt im Shanghai der 1930er-Jahre. Hui Man-keungs Geschichte verbindet sozialen Aufstieg mit den Machtkämpfen des damaligen Gangstermilieus.
048-L-1	Der Beiname beschreibt das Starimage im Hindi-Kino. Er bezeichnet weder einen erblichen Titel noch einen mit genau festgelegten Kriterien vergebenen Preis.
048-L-2	Raj und Simran begegnen sich zunächst auf einer Europareise. Die Beziehung muss sich anschließend gegen familiäre Erwartungen behaupten.	Dilwale Dulhania Le Jayenge|1995
048-M-1	Visuelle Effekte sind eine eigene Produktionsleistung neben Dreh und Schauspiel. Die Firma verbindet daher kreative Entwicklung mit technischer Arbeit an Filmbildern.
048-M-2	Die Spielerinnen kommen aus unterschiedlichen Regionen Indiens. Der Trainer muss aus konkurrierenden Einzelidentitäten eine gemeinsam handelnde Mannschaft formen.	Chak De! India|2007
048-S-1	Fauji bedeutet Soldat. Shah Rukh Khan spielte den Offiziersanwärter Abhimanyu Rai, bevor große romantische Kinorollen sein öffentliches Bild bestimmten.
048-S-2	Shah Rukh Khan spielt Raja, nicht den einzigen männlichen Hauptcharakter. Das Ensemble enthält auch Rishi Kapoor und die Hauptdarstellerin Divya Bharti.	Deewana|1992
048-A-1	Die Indian Premier League ist ein professioneller Cricketwettbewerb. Filmstar, Produzent und Teammitbesitzer sind unterschiedliche Tätigkeiten innerhalb seiner öffentlichen Laufbahn.
048-A-2	Amars persönliche Annäherung trifft auf eine politische Geheimhaltung. Das romantische Begehren kann deshalb nicht von der gewaltsamen Konfliktgeschichte getrennt werden.	Dil Se..|1998
049-L-1	Die Zusammenarbeit umfasst etwa „Rashomon“, „Die sieben Samurai“ und „Rotbart“. Toshirō Mifune gestaltet darin sehr verschiedene soziale Rollen und Temperamente.	Rashomon|1950;Seven Samurai|1954;Red Beard|1965
049-L-2	Jidaigeki bezeichnet historische japanische Filmstoffe. Ein Samurai ist dabei eine soziale Kriegerrolle; nicht jede energische Figur Toshirō Mifunes gehört zu diesem Stand.	Yojimbo|1961
049-M-1	Kikuchiyos Herkunft verbindet ihn mit den Bauern, die das Dorf verteidigen lassen. Der soziale Zwiespalt erklärt seine Komik ebenso wie seine Wut.	Seven Samurai|1954
049-M-2	Der namenlose Krieger spielt die verfeindeten Gruppen gegeneinander aus. Der Film verbindet taktische Täuschung mit einer kritisch-komischen Sicht auf Gewalt und Macht.	Yojimbo|1961
049-S-1	Washizus Aufstieg verbindet Ehrgeiz mit einer bedrohlichen Prophezeiung. Die Theaterformen verändern die Darstellung, während der tragische Machtkonflikt erkennbar bleibt.	Throne of Blood|1957
049-S-2	Der ältere Arzt behandelt Menschen unabhängig von ihrem sozialen Ansehen. Der junge Kollege muss lernen, Krankheit innerhalb konkreter Lebensbedingungen zu verstehen.	Red Beard|1965
049-A-1	Toshirō Mifune wurde 1920 in Qingdao als Sohn japanischer Eltern geboren und wuchs später in Dalian auf. Sein Vater war Fotograf; Mifunes eigener Weg ins japanische Kino begann erst nach dem Zweiten Weltkrieg.
049-A-2	Toranaga verhandelt mit dem europäischen Ankömmling innerhalb japanischer Machtkämpfe. Die Figur ist eine fiktionale Gestaltung mit historischen Vorbildern, keine vollständige Tatsachenbiografie.
050-L-1	Juri Schiwagos private Beziehungen geraten unter den Druck politischer Umbrüche. Die Landschaft und die große historische Erzählung stehen neben intimen Konflikten.	Doctor Zhivago|1965
050-L-2	Omar Sharif wurde in Alexandria geboren. Der internationale Durchbruch folgte auf arabischsprachige Rollen, weshalb Hollywood nur einen Teil seiner Laufbahn beschreibt.
050-M-1	Sherif Ali erscheint zunächst als entfernte Gestalt am Horizont. Die Inszenierung macht Zeit und Landschaft zu Bestandteilen der Einführung einer Figur.	Lawrence of Arabia|1962
050-M-2	Bridge wird normalerweise mit vier Personen in zwei Partnerschaften gespielt. Omar Sharifs öffentliche Arbeit umfasste Turnierpraxis und Vermittlung des strategischen Spiels.
050-S-1	Fanny Brices Bühnenerfolg trifft auf eine schwierige private Beziehung. Nicky Arnsteins eigenes Selbstbild gerät unter den Druck ihres wachsenden Ruhms.	Funny Girl|1968
050-S-2	Der spätere öffentliche Name ersetzte den Geburtsnamen in Filmcredits. Ältere biografische Angaben und bekannte Leinwandrollen beziehen sich dennoch auf dieselbe Person.
050-A-1	Monsieur Ibrahim betreibt einen kleinen Laden in Paris. Die tägliche Begegnung mit Momo entwickelt sich zu einer Beziehung, die fehlende familiäre Nähe auffängt.	Monsieur Ibrahim et les fleurs du Coran|2003
050-A-2	Die Zusammenarbeit begann im ägyptischen Kino, etwa mit „Sira' Fi al-Wadi“. Faten Hamama war selbst ein bedeutender Star und kein bloßer Teil seiner Hollywoodgeschichte.	Sira' Fi al-Wadi|1954
051-L-1	Miranda entscheidet über Karrieren und die Wirkung des Magazins. Gerade der Verzicht auf lautes Spiel macht ihre Erwartungen für die Mitarbeiterinnen spürbar.	The Devil Wears Prada|2006
051-L-2	Donna begegnet drei Männern aus ihrer Vergangenheit, während ihre Tochter nach dem Vater sucht. Die ABBA-Lieder erhalten innerhalb dieser Beziehungen neue Situationen.	Mamma Mia!|2008
051-M-1	Politische Erinnerungen erscheinen aus der Perspektive der gealterten Thatcher. Die filmische Darstellung kombiniert öffentliche Macht mit einer zunehmend privaten Wahrnehmung.	The Iron Lady|2011
051-M-2	Joanna kehrt nach der Trennung zurück und fordert das Sorgerecht. Der Film verändert dadurch den Blick auf beide Eltern und ihre Verantwortung.	Kramer vs. Kramer|1979
051-S-1	Sophie lebt nach dem Krieg in den USA und trägt eine traumatische Vergangenheit mit sich. Ihre Geschichte wird schrittweise über Erinnerungen sichtbar.	Sophie's Choice|1982
051-S-2	Meryl Streep erwarb 1975 den Master of Fine Arts in Yale. Während der Ausbildung spielte sie zahlreiche verschiedene Bühnenfiguren; die vorherige Zeit am Vassar College und die anschließende Schauspielschule sind zwei getrennte Abschnitte ihres Ausbildungswegs.
051-A-1	Mrs. Fox versucht, die Familie vor den Folgen von Mr. Fox' riskanten Plänen zu schützen. Stop Motion erzeugt die Bewegung durch einzeln fotografierte Figurenpositionen.	Fantastic Mr. Fox|2009
051-A-2	„Julia“ erzählt vor allem von Lillian Hellman und ihrer Freundin. Meryl Streep war hier Teil des Ensembles, bevor größere Rollen ihr eigenes Starprofil entwickelten.	Julia|1977
052-L-1	Vivian und Edward müssen unterschiedliche gesellschaftliche Erwartungen überwinden. Julia Roberts' Figur besitzt trotz wirtschaftlicher Abhängigkeit eine eigene Perspektive auf die Beziehung.	Pretty Woman|1990
052-L-2	Die Protagonistin arbeitet in einer Anwaltskanzlei und entdeckt Hinweise auf belastetes Wasser. Ihre Gespräche mit Betroffenen sind ebenso wichtig wie juristische Unterlagen.	Erin Brockovich|2000
052-M-1	Anna Scott ist eine öffentliche Filmfigur, William Thacker führt einen kleinen Buchladen. Die Komödie zeigt, wie Medienaufmerksamkeit eine private Beziehung verändert.	Notting Hill|1999
052-M-2	Eric ist Julias älterer Bruder; Emma ist seine Tochter. Die verwandtschaftlichen Beziehungen erklären drei verschiedene Schauspielerbiografien, keine wechselnden Künstlernamen.
052-S-1	Shelbys Erkrankung und ihre Entscheidung für ein Kind betreffen das gesamte Freundinnenensemble. Die Rolle wurde als Nebendarstellung nominiert, nicht als alleinige Hauptfigur.	Steel Magnolias|1989
052-S-2	Red Om ist der Nachname Moder rückwärts gelesen. Julia Roberts betreibt die Firma mit Lisa Roberts Gillan und Marisa Yeres Gill.
052-A-1	Danny Oceans Raubplan betrifft auch Tess' Beziehung zum Casinoinhaber. Ihre Figur macht die scheinbar technische Heistgeschichte zugleich zu einem persönlichen Konflikt.	Ocean's Eleven|2001
052-A-2	Jess muss mit dem gewaltsamen Tod ihrer Tochter leben. Die Geschichte verbindet die Ermittlung mit den Grenzen rechtlicher und privater Vergeltung.	Secret in Their Eyes|2015
053-L-1	Annie fährt den Bus unter einem außergewöhnlichen Zwang weiter. Ihre Alltagskompetenz und Reaktion auf die Gefahr tragen die Rettung mit.	Speed|1994
053-L-2	Gracie muss einen Anschlag verhindern und gleichzeitig als Kandidatin glaubwürdig wirken. Der Gegensatz zwischen Polizeiroutine und Schönheitswettbewerb erzeugt die Komödie.	Miss Congeniality|2000
053-M-1	Die Mutter hieß Helga Meyer. Sandra Bullocks frühe deutschsprachige Umgebung erklärt ihre Sprachkenntnisse besser als die Annahme eines späteren Sprachkurses für einen Film.
053-M-2	Nach der Zerstörung ihres Arbeitsumfelds muss Stone von Station zu Station gelangen. Kommunikation, Atemluft und Orientierung werden zu unmittelbaren Überlebensfragen.	Gravity|2013
053-S-1	Leigh Anne nimmt den Jugendlichen Michael Oher in ihre Familie auf. Die Verfilmung ist eine dramatische Adaption und nicht mit einer vollständigen historischen Dokumentation gleichzusetzen.	The Blind Side|2009
053-S-2	Eigene Produktion eröffnet Einfluss auf Stoffe und Besetzung. „Miss Undercover“ gehört zu den Projekten, bei denen Sandra Bullock auch hinter der Kamera Verantwortung trug.	Miss Congeniality|2000
053-A-1	Lenina kennt den gewaltsamen Polizeialltag des alten Jahrhunderts nur indirekt. Die Begegnung mit John Spartan stellt Ordnungsideal und praktische Erfahrung gegeneinander.	Demolition Man|1993
053-A-2	Scarlet will eine zentrale Stellung in der Welt der Superschurken erobern. Die Minions suchen in dieser Vorgeschichte noch nach einem geeigneten Meister.	Minions|2015
054-L-1	Clarice muss Informationen gewinnen, ohne sich Lecters Kontrolle vollständig zu unterwerfen. Die Gespräche verbinden den aktuellen Fall mit ihrer eigenen Vergangenheit.	The Silence of the Lambs|1991
054-L-2	Jodie Foster begann bereits als Dreijährige mit Werbung. Die spätere erwachsene Karriere setzte daher auf eine lange Erfahrung vor der Kamera auf.
054-M-1	Der Film untersucht nicht nur die Tat, sondern auch ihre gesellschaftliche und juristische Bewertung. Sarah Tobias muss gegen eine Verharmlosung ihres Erlebten kämpfen.	The Accused|1988
054-M-2	Ellie sucht überprüfbare Belege für eine Begegnung. Das Verhältnis von wissenschaftlicher Prüfung und persönlicher Erfahrung bildet den Kern des Films.	Contact|1997
054-S-1	Fred besitzt besondere intellektuelle Fähigkeiten, braucht aber auch emotionale Nähe. Seine Mutter und die professionelle Förderung setzen unterschiedliche Prioritäten.	Little Man Tate|1991
054-S-2	Jodie Foster studierte am Yale College und schloss 1985 ab. Die universitäre Ausbildung ist von Meryl Streeps weiterführendem Yale-Schauspielstudium zu unterscheiden.
054-A-1	Sie besuchte das Lycée Français de Los Angeles. Diese frühe Ausbildung erklärt, weshalb Französisch später auch als Arbeitssprache ihrer Filmkarriere möglich wurde.
054-A-2	Auch Autos, Nachtclub und Gangsterwelt werden kindgerecht verfremdet. Der Film spielt mit einer Erwachsenenwelt, deren Rollen bewusst von jungen Darstellern übernommen werden.	Bugsy Malone|1976
055-L-1	Satine ist Star und wirtschaftliche Hoffnung des Varietés. Ihre Liebe zu Christian kollidiert mit den finanziellen Interessen des Theaters.	Moulin Rouge!|2001
055-L-2	Nicole Kidman wurde in Honolulu geboren, während ihre australischen Eltern dort lebten. Geburtsort und die prägende Umgebung des Aufwachsens sind daher verschieden.
055-M-1	Die anderen Zeitebenen zeigen eine Leserin und eine Verlagslektorin. „Mrs Dalloway“ verbindet die drei Frauen trotz unterschiedlicher historischer Lebensbedingungen.	The Hours|2002
055-M-2	Kidmans Celeste verbirgt häusliche Gewalt hinter einem erfolgreichen Familienbild. Die Serie verteilt die Perspektiven auf mehrere Frauen derselben Gemeinschaft.
055-S-1	Die Firma entstand zusammen mit Per Saari. Produktion kann Stoffe auch dann weiterentwickeln, wenn eine Rolle noch nicht konkret gedreht wird.
055-S-2	Ein Paar nimmt einen fremden Mann auf einer Segelyacht auf. Die geringe Zahl von Figuren und der begrenzte Raum verstärken das Misstrauen.	Dead Calm|1989
055-A-1	Isabel Archer möchte ihr Leben selbst bestimmen. Die vermeintlich freie Heirat führt jedoch in ein Netz aus gesellschaftlicher Manipulation und Abhängigkeit.	The Portrait of a Lady|1996
055-A-2	Das Stück von David Hare geht auf Arthur Schnitzlers „Reigen“ zurück. Wechselnde Begegnungen erlauben Nicole Kidman mehrere soziale Figuren innerhalb eines Bühnenabends.
056-L-1	Galadriel bietet Schutz, besitzt aber selbst eine außergewöhnliche Macht. Die Begegnung mit dem Ring zeigt, dass Weisheit eine bewusste Entscheidung gegen Versuchung verlangt.	The Lord of the Rings: The Fellowship of the Ring|2001
056-L-2	Die junge Königin muss persönliche Beziehungen politischen Anforderungen unterordnen. Das spätere öffentliche Bild erscheint als Ergebnis dieses Lernprozesses.	Elizabeth|1998
056-M-1	Katharine Hepburn ist mit Howard Hughes verbunden. Cate Blanchett gestaltet eine bekannte Darstellerpersönlichkeit innerhalb eines Films, dessen Hauptgeschichte einem anderen Menschen gilt.	The Aviator|2004
056-M-2	Jasmine kann ihre frühere Lebensweise nicht loslassen. Der Gegensatz zwischen Erinnerung und Gegenwart macht die brüchige Selbstinszenierung der Figur sichtbar.	Blue Jasmine|2013
056-S-1	Jude Quinn verkörpert besonders die öffentliche Dylanfigur der elektrischen Phase. Andere Darsteller zeigen weitere Möglichkeiten, sich dieser Musikerbiografie anzunähern.	I'm Not There|2007
056-S-2	Die gemeinsame Leitung lief von 2008 bis 2013. Theaterleitung umfasst Repertoire, Ensemble und langfristige Planung und ist mehr als die Übernahme einzelner Rollen.
056-A-1	Die Figuren sprechen Texte aus verschiedenen Kunstbewegungen. Die Zuordnung zu Alltagssituationen verändert, wie Forderungen und Programmsätze wahrgenommen werden.	Manifesto|2015
056-A-2	Der Chor ermöglicht den Frauen in japanischer Gefangenschaft einen gemeinsamen Ausdruck. Die Musik steht der Kontrolle und Entwürdigung des Lagers gegenüber.	Paradise Road|1997
057-L-1	Rose soll gesellschaftliche Erwartungen erfüllen und sucht nach einem eigenen Lebensweg. Ihre rückblickende Stimme gibt der Liebesgeschichte einen persönlichen Erinnerungsrahmen.	Titanic|1997
057-L-2	Hannas Vergangenheit verändert das Verständnis einer früheren Beziehung. Der Film verbindet persönliche Erinnerung mit Schuld, Wissen und der juristischen Aufarbeitung der NS-Zeit.	The Reader|2008
057-M-1	Die Haarfarben dienen als sichtbare Orientierung in den Erinnerungsfolgen. Sie sind ein Gestaltungsmittel der Erzählung und keine verschiedenen Schauspielerinnen derselben Figur.	Eternal Sunshine of the Spotless Mind|2004
057-M-2	Mare ermittelt unter Menschen, die sie seit Jahren kennt. Der Fall lässt sich daher schwer von Familie, Nachbarschaft und früheren Verletzungen trennen.
057-S-1	Marianne und Elinor vertreten unterschiedliche Formen von Gefühl und Kontrolle. Kate Winslets Nominierung galt ihrer Nebenrolle in diesem Schwesternensemble.	Sense and Sensibility|1995
057-S-2	Pauline und Juliet entwickeln eine gemeinsame Fantasiewelt. Die filmische Gestaltung verbindet deren Intensität mit dem zunehmend gefährlichen Rückzug aus der Wirklichkeit.	Heavenly Creatures|1994
057-A-1	Performance Capture erfasst Spiel und Bewegung für digitale Figuren. Atemtraining unterstützt diese Aufnahmen; es ist von einer später am Computer erzeugten Unterwasserwelt zu unterscheiden.	Avatar: The Way of Water|2022
057-A-2	Die Aufnahme kombiniert drei erzählte Geschichten mit Musik. Kate Winslet spricht „The Face in the Lake“; der Grammy von 2000 würdigt das gemeinsame Kinderalbum, zu dem auch weitere Sprecher und Musiker beitrugen.
058-L-1	Nanny McPhee greift ein, wenn die Kinder sie brauchen, aber zunächst ablehnen. Ihr verändertes Aussehen begleitet die zunehmende Veränderung des Familienalltags.	Nanny McPhee|2005
058-L-2	Trelawney unterrichtet Wahrsagen in Hogwarts. Der Kontrast zwischen exzentrischem Auftreten und tatsächlichen Vorhersagen ist Teil der Figur.	Harry Potter and the Prisoner of Azkaban|2004
058-M-1	Die Familien Schlegel, Wilcox und Bast stehen für verschiedene soziale Möglichkeiten. Besitz und kulturelle Bildung entscheiden mit darüber, welche Beziehungen gelingen können.	Howards End|1992
058-M-2	Der Oscar gilt der Bearbeitung einer literarischen Vorlage. Emma Thompson ist deshalb sowohl als Autorin als auch als Darstellerin Teil derselben Produktion.	Sense and Sensibility|1995
058-S-1	Footlights ist ein studentischer Theater- und Comedyclub. Die gemeinsame Arbeit verband Emma Thompson unter anderem mit Stephen Fry und Hugh Laurie.
058-S-2	Travers will ihre Figuren gegen Eingriffe der Filmproduktion schützen. Der Konflikt betrifft das Verhältnis zwischen ursprünglicher Autorenschaft und großer Studioadaption.	Saving Mr. Banks|2013
058-A-1	Die reale Mutter-Tochter-Beziehung entspricht hier teilweise dem Filmensemble. Beide Künstlerinnen besitzen dennoch eigenständige berufliche Laufbahnen.	The Winter Guest|1997
058-A-2	Die Stiftung trägt den Namen der Menschenrechtsaktivistin Helen Bamber. Betreuung umfasst die Folgen extremer Gewalt und die Wiederherstellung von Sicherheit und Würde.
059-L-1	Der Film behandelt besonders die Tage nach Dianas Tod 1997. Die Monarchin muss zwischen institutioneller Tradition und einer stark veränderten öffentlichen Erwartung vermitteln.	The Queen|2006
059-L-2	Jane Tennison führt Ermittlungen innerhalb einer männlich dominierten Institution. Die Serie zeigt berufliche Autorität zugleich als ständig neu auszuhandelnde Position.
059-M-1	Helen Mirren wurde 2003 zur Dame Commander of the Order of the British Empire ernannt. Die Auszeichnung galt ihren Leistungen im Schauspiel; im Unterschied zur Rolle als Königin ist „Dame“ ein ihr persönlich verliehener Titel.
059-M-2	Der Oscar wurde 2007 verliehen. Helen Mirren zeigt die Königin in einer konkreten politischen und familiären Krise, nicht als Überblick über ihre gesamte Herrschaft.	The Queen|2006
059-S-1	Ihr Geburtsname lautet Ilyena Lydia Mironoff. Ihr Vater anglisierte den Familiennamen in ihrer Kindheit; der später verwendete Name Helen Mirren entstand somit lange vor dem internationalen Filmruhm.
059-S-2	Die Audienzen überspannen mehrere politische Amtszeiten. Das Stück kann dadurch dieselbe Monarchin in unterschiedlichen Gesprächs- und Machtkonstellationen zeigen.
059-A-1	Georgina lebt unter der Gewalt ihres Ehemanns und beginnt eine geheime Beziehung. Farbgestaltung und künstliche Räume verstärken die gesellschaftliche Groteske.	The Cook, the Thief, His Wife & Her Lover|1989
059-A-2	„White Nights“ verbindet einen sowjetischen Tänzer mit einem amerikanischen Künstler. Die gemeinsame Filmproduktion bildete den Beginn ihrer späteren privaten Verbindung.	White Nights|1985
060-L-1	Judi Dench übernahm M erstmals in „GoldenEye“. Ihre Darstellung begegnet Bond als Vorgesetzte, die dessen Methoden und Selbstbild ausdrücklich hinterfragt.	GoldenEye|1995
060-L-2	York liegt in Nordengland. Die Herkunft ist von irischen Familienbezügen und den unterschiedlichen Nationalitäten ihrer späteren Filmfiguren zu unterscheiden.
060-M-1	Elizabeth bewertet die Kunst des Theaters aus einer Machtposition. Die geringe Dauer des Auftritts schließt eine eigenständige dramatische Wirkung nicht aus.	Shakespeare in Love|1998
060-M-2	Ein Journalist begleitet Philomena bei ihrer Suche. Die unterschiedliche Haltung beider Figuren macht Religion, Schuld und persönliche Vergebung zum Thema.	Philomena|2013
060-S-1	John Brown wird nach dem Tod Prinz Alberts eine wichtige Bezugsperson. Die ungewöhnliche Nähe steht im Konflikt mit Hofhierarchie und öffentlicher Wahrnehmung.	Mrs Brown|1997
060-S-2	Die jüngere und ältere Iris werden von verschiedenen Darstellerinnen gespielt. Der Film verbindet geistige Unabhängigkeit mit dem späteren Verlust durch Alzheimer.	Iris|2001
060-A-1	Jean begegnet Lionel nach langer Trennung wieder. Die Sitcom beschäftigt sich dadurch mit später Liebe und gemeinsamem Erinnern statt mit einem jugendlichen Kennenlernen.
060-A-2	Ophelia gehört zu Hamlets tragischer Geschichte. Der professionelle Beginn am Old Vic führte Judi Dench zunächst in klassische Bühnenarbeit, nicht in große Kinoproduktionen.
061-L-1	McGonagall leitet das Haus Gryffindor und erwartet Disziplin. Ihre Loyalität zeigt sich besonders dann, wenn die Schule unter äußeren politischen Druck gerät.	Harry Potter and the Philosopher's Stone|2001
061-L-2	Violet ist die verwitwete Gräfin und Mutter des Earl of Grantham. Ihre Kommentare stellen überlieferte Standesregeln den Veränderungen des frühen 20. Jahrhunderts gegenüber.
061-M-1	Jean Brodie beeinflusst eine Gruppe von Schülerinnen weit über den Unterricht hinaus. Der Film untersucht deshalb auch die Verantwortung einer charismatischen Bezugsperson.	The Prime of Miss Jean Brodie|1969
061-M-2	Diana Barrie hofft auf einen eigenen Oscar, während ihre Ehe in eine Krise gerät. Die Filmrolle spielt damit selbst mit beruflicher Anerkennung und öffentlicher Fassade.	California Suite|1978
061-S-1	Die neue Mitschwester bringt einen ungewöhnlichen musikalischen Stil in den Chor. Die Mutter Oberin muss zwischen vertrauter Ordnung und neuer Wirkung vermitteln.	Sister Act|1992
061-S-2	Miss Shepherd lebt in einem Lieferwagen auf Bennetts Grundstück. Die Geschichte verbindet reale Erinnerungen mit Fragen nach Hilfsbereitschaft und der Kontrolle über einen erzählten Menschen.	The Lady in the Van|2015
061-A-1	Toby Stephens' Vater war Robert Stephens. Unterschiedliche öffentliche Nachnamen können familiäre Schauspieltraditionen verdecken, obwohl mehrere Mitglieder denselben Beruf ausüben.
061-A-2	Das Festival liegt in Stratford in Ontario. Der Name darf daher nicht mit Shakespeare-Veranstaltungen im englischen Stratford-upon-Avon verwechselt werden.
062-L-1	Hollys selbst erfundener Lebensstil verdeckt ihre Unsicherheit. Audrey Hepburns elegante Erscheinung ist Teil dieser Inszenierung und nicht die ganze Charaktergeschichte.	Breakfast at Tiffany's|1961
062-L-2	Audrey Hepburn wurde 1988 UNICEF-Sonderbotschafterin. Ihre eigenen Kriegserfahrungen bildeten einen Hintergrund für das spätere Engagement gegen Hunger und Not.
062-M-1	Prinzessin Ann erlebt einen Tag außerhalb höfischer Kontrolle. Die Begegnung mit einem Reporter in Rom stellt persönliche Freiheit und öffentliche Pflicht gegenüber.	Roman Holiday|1953
062-M-2	Elizas Aussprache wird als vermeintliches Zeichen ihres sozialen Wertes behandelt. Die Geschichte fragt, ob eine veränderte äußere Darstellung tatsächliche Selbstbestimmung ermöglicht.	My Fair Lady|1964
062-S-1	Sie trainierte später auch bei Marie Rambert in London. Die Tanzarbeit beeinflusste ihre Haltung und Bewegung, obwohl sie keine dauerhafte Ballettkarriere entwickelte.
062-S-2	Synchronisierter Gesang war in großen Film-Musicals verbreitet. Marni Nixon sang auch für andere bekannte Darstellerinnen, ohne selbst die sichtbare Rolle zu übernehmen.	My Fair Lady|1964
062-A-1	In den Niederlanden lebte sie unter anderem in Arnhem. Krieg, Hunger und unterbrochene Ausbildung gehören zum Hintergrund ihrer späteren humanitären Arbeit.
062-A-2	Hap begleitet einen verstorbenen Piloten auf seinem neuen Weg. Audrey Hepburns kleine Rolle fügt der Fliegergeschichte eine übernatürliche Ebene hinzu.	Always|1989
063-L-1	Die Preise gelten „Morning Glory“, „Guess Who's Coming to Dinner“, „The Lion in Winter“ und „On Golden Pond“. Es sind persönliche Wettbewerbspreise, keine Ehrenoscars.	Morning Glory|1933;Guess Who's Coming to Dinner|1967;The Lion in Winter|1968;On Golden Pond|1981
063-L-2	Die erste gemeinsame Produktion war „Woman of the Year“. Ihre Figuren vertreten häufig gegensätzliche Positionen, die durch Dialog und gegenseitige Beobachtung verhandelt werden.	Woman of the Year|1942
063-M-1	Eva Lovelace möchte in New York als Schauspielerin erfolgreich werden. Katharine Hepburn spielt damit eine Bühnenanfängerin zu Beginn ihrer eigenen großen Kinokarriere.	Morning Glory|1933
063-M-2	Susan Vance verwickelt einen Paläontologen in immer neue Probleme. Der Leopard Baby verbindet die romantische Annäherung mit einer Kette von Verwechslungen.	Bringing Up Baby|1938
063-S-1	Beide Frauen erhielten dieselbe Stimmenzahl. Der gemeinsam vergebene Preis ist daher kein zusätzlich erfundener Sonderpreis, sondern ein Gleichstand im Wettbewerb.	The Lion in Winter|1968;Funny Girl|1968
063-S-2	Eleonore und Heinrich II. streiten um die Thronfolge ihrer Söhne. Politisches Kalkül und private Kränkungen bestimmen dieselben Familiengespräche.	The Lion in Winter|1968
063-A-1	Bryn Mawr liegt in Pennsylvania und ist ein traditionsreiches Frauen-College. Katharine Hepburn schloss dort 1928 ab, bevor ihre professionelle Bühnenlaufbahn begann.
063-A-2	Das zuvor erfolgreiche Bühnenstück bot eine auf sie zugeschnittene Figur. Stoffrechte ermöglichten ihr Einfluss auf die Verfilmung und auf die Bedingungen des beruflichen Comebacks.	The Philadelphia Story|1940
064-L-1	Die monumentale Produktion verbindet Cleopatra mit Caesar und Marcus Antonius. Elizabeth Taylors Starimage wurde zugleich Teil der öffentlichen Aufmerksamkeit für den Film.	Cleopatra|1963
064-L-2	Maggie versucht, ihre Ehe mit dem zurückgezogenen Brick zu erhalten. Die Tennessee-Williams-Verfilmung verbindet private Wünsche mit dem Machtgefüge einer wohlhabenden Familie.	Cat on a Hot Tin Roof|1958
064-M-1	Gloria wird innerhalb eines gesellschaftlichen Milieus auf ihren Ruf reduziert. Elizabeth Taylor erhielt den Oscar 1961 für diese dramatische Hauptrolle.	BUtterfield 8|1960
064-M-2	Die Hilfe betraf sowohl Forschung als auch Versorgung und öffentliche Wahrnehmung. Ihr Einsatz stellte sich gegen Stigmatisierung in einer Zeit verbreiteter Angst.
064-S-1	Martha und George tragen ihren Konflikt vor Gästen aus. Die wechselnden Machtspiele setzen Sprache als Mittel von Verletzung, Täuschung und Abhängigkeit ein.	Who's Afraid of Virginia Woolf?|1966
064-S-2	Velvet möchte mit ihrem Pferd am Grand National teilnehmen. Der Film verbindet sportlichen Ehrgeiz mit gesellschaftlichen Grenzen für ein junges Mädchen.	National Velvet|1944
064-A-1	Die Elizabeth Taylor AIDS Foundation wurde 1991 gegründet. Sie ergänzt ihr Engagement bei amfAR, das sich besonders auf Forschung und öffentliche Aufklärung richtet.
064-A-2	Elizabeth Taylor entwickelte die Düfte mit Elizabeth Arden. Vor „White Diamonds“ hatte sie 1987 bereits „Passion“ herausgebracht; sie begleitete die Entwicklung persönlich, statt ihren Namen lediglich einer fertigen Filmrequisite zu geben.
065-L-1	Lorelei betrachtet Schmuck auch als finanzielle Sicherheit. Die Musicalnummer macht diese Haltung in einer stark stilisierten Bühneninszenierung sichtbar.	Gentlemen Prefer Blondes|1953
065-L-2	Frühe Quellen führen sie auch als Norma Jeane Baker. Der öffentliche Name Marilyn Monroe wurde erst im Zusammenhang mit ihrer Filmkarriere entwickelt.
065-M-1	Sugar reist mit einer Frauenband. Zwei als Frauen verkleidete Musiker geraten dadurch in eine Situation, in der Begehren und gespielte Identität auseinanderfallen.	Some Like It Hot|1959
065-M-2	Die kurze Ehe begann 1954. Die sportliche Berühmtheit Joe DiMaggios und Marilyn Monroes Filmruhm machten ihre Beziehung besonders öffentlich beobachtet.
065-S-1	Die Arbeit in New York fiel in eine Phase, in der Marilyn Monroe auch eine eigene Produktionsfirma mit Milton Greene aufbaute. Ausbildung und Produzentenarbeit verbanden sich mit ihrem Wunsch nach anspruchsvolleren Rollen und mehr Kontrolle über die Karriere.
065-S-2	Miller schrieb das Drehbuch; John Huston führte Regie. Autor, Regisseur und Darstellerin übernahmen also verschiedene Funktionen in derselben Produktion.	The Misfits|1961
065-A-1	Eine eigene Produktionsfirma sollte Verhandlungen mit dem Studio verändern. „The Prince and the Showgirl“ gehört zu den Filmen, die aus dieser Initiative entstanden.	The Prince and the Showgirl|1957
065-A-2	Nell Forbes beaufsichtigt ein Kind in einem Hotel. Die Konzentration auf eine instabile, bedrohliche Figur zeigt Marilyn Monroe vor ihrem festeren Musical- und Komödienimage.	Don't Bother to Knock|1952
066-L-1	Grace Kelly heiratete 1956 in die monegassische Fürstenfamilie ein. Der Wechsel veränderte ihre öffentliche Tätigkeit nach einer vergleichsweise kurzen Kinolaufbahn.
066-L-2	Lisa wagt sich selbst in die Wohnung des Verdächtigen. Ihre aktive Beteiligung korrigiert den zunächst unterschätzenden Blick des verletzten Fotografen auf sie.	Rear Window|1954
066-M-1	Georgie muss mit der Abhängigkeit und beruflichen Krise ihres Ehemanns umgehen. Ihre unscheinbare Erscheinung unterstützt den Abstand zum eleganten öffentlichen Kellybild.	The Country Girl|1954
066-M-2	John Robie soll neue Juwelendiebstähle aufklären, um den Verdacht gegen sich abzuwenden. Die Beziehung zu Frances verbindet Flirt und kriminalistische Unsicherheit.	To Catch a Thief|1955
066-S-1	Rainier III. war Fürst von Monaco. Die Heirat brachte einen tatsächlichen dynastischen Titel mit sich, keinen Ehrennamen aus einer Filmproduktion.
066-S-2	Amy lehnt Gewalt aus religiöser Überzeugung ab. Die konkrete Bedrohung ihres Mannes zwingt sie jedoch, zwischen Glaubensgrundsatz und unmittelbarer Hilfe zu entscheiden.	High Noon|1952
066-A-1	Linda reist mit ihrem Mann nach Afrika und begegnet einem Großwildjäger. Die Rolle steht in einem Dreiecksverhältnis mit Clark Gable und Ava Gardner.	Mogambo|1953
066-A-2	Grace Kelly wurde während ihrer Schwangerschaft 1956 häufig mit dem „Sac à dépêches“ fotografiert. Das Modell war älter als diese Bilder; seine enge öffentliche Verbindung mit ihr führte später zum Namen „Kelly Bag“.
067-L-1	Sophia Loren wurde in Rom geboren und wuchs in Pozzuoli bei Neapel auf. Geburtsstadt und prägende regionale Herkunft sind damit verschiedene Angaben.
067-L-2	Cesira versucht, ihre Tochter vor dem Krieg zu schützen. Die Erfahrung von Gewalt zerstört die Vorstellung, sich außerhalb politischer Ereignisse in Sicherheit bringen zu können.	La ciociara|1960
067-M-1	De Sicas Inszenierung konzentriert sich auf die Perspektive von Mutter und Tochter. Sophia Loren gewann 1962 für eine italienischsprachige Darstellung den Hauptdarstellerinnen-Oscar.	La ciociara|1960
067-M-2	„Ehe auf Italienisch“ und „Ein besonderer Tag“ zeigen sehr verschiedene gemeinsame Rollen. Das bekannte Filmpaar ist deshalb nicht auf einen einzigen Komödientyp beschränkt.	Matrimonio all'italiana|1964;Una giornata particolare|1977
067-S-1	Ihr Geburtsname lautet Sofia Villani Scicolone. Der spätere Vorname mit ph und der Nachname Loren gehören zur öffentlich entwickelten Künstleridentität.
067-S-2	Carlo Ponti entdeckte Sophia Loren früh für das Kino und begleitete ihre Karriere als Produzent. Die rechtliche Situation ihrer ersten Heirat war kompliziert; später nahmen beide die französische Staatsbürgerschaft an und heirateten erneut.
067-A-1	Madame Rosa nimmt den Jungen Momo auf. Die Geschichte verbindet unterschiedliche Herkunftserfahrungen mit Fürsorge und der Erinnerung an schwere Verfolgung.	La vita davanti a sé|2020
067-A-2	Chaplin führte Regie und schrieb das Drehbuch. Die Schiffskomödie zeigt ihn damit vor allem als Filmemacher hinter den Hauptdarstellern Loren und Brando.	A Countess from Hong Kong|1967
068-L-1	Ilsas Entscheidung verbindet ihre Liebe zu Rick mit der Flucht eines Widerstandskämpfers. Persönliches Glück und politische Verantwortung treffen unmittelbar aufeinander.	Casablanca|1942
068-L-2	Ingrid Bergman wurde in Stockholm geboren. Ihre frühe internationale Arbeit folgte auf schwedische Filmrollen, nicht auf eine zunächst amerikanische Ausbildung.
068-M-1	Alicia soll in ein deutsches Netzwerk in Brasilien eindringen. Der Auftrag macht eine private Beziehung zugleich zu einem Instrument der Geheimdienstarbeit.	Notorious|1946
068-M-2	Paulas Ehemann stellt ihre Erinnerung und Beobachtung systematisch infrage. Diese gezielte Manipulation erklärt den späteren Gebrauch des Begriffs Gaslighting.	Gaslight|1944
068-S-1	Die Fremde Karin lebt auf einer abgelegenen Vulkaninsel. Rossellinis Film verbindet ihre Isolation mit der konkreten Landschaft und dem Alltag der Inselgemeinschaft.	Stromboli|1950
068-S-2	Isabella ist eine Tochter Ingrid Bergmans und Roberto Rossellinis. Die unterschiedlichen Nachnamen erklären, warum die Verwandtschaft in Filmcredits nicht unmittelbar auffällt.
068-A-1	Mutter und Tochter stehen einander nach langer Trennung gegenüber. Der Film behandelt die emotionalen Folgen künstlerischer Selbstverwirklichung innerhalb einer Familie.	Höstsonaten|1978
068-A-2	Das Ensemble enthält viele mögliche Verdächtige in einem abgeschlossenen Zug. Ingrid Bergmans Greta wirkt zunächst zurückhaltend, erhält aber eine eigenständige Szene der Befragung.	Murder on the Orient Express|1974
069-L-1	Eve Harrington erscheint zunächst als hilfsbereite Bewunderin. Der zunehmende Wettbewerb macht Alter, berufliche Chancen und die Kontrolle über ein öffentliches Bild zum Thema.	All About Eve|1950
069-L-2	Jane und Blanche leben voneinander abhängig im selben Haus. Frühere Berühmtheit und späterer Bedeutungsverlust verstärken die bedrohliche Geschwisterbeziehung.	What Ever Happened to Baby Jane?|1962
069-M-1	Bette Davis spielt die gefallene Schauspielerin Joyce Heath. Der erste Oscar wurde 1936 vergeben, während spätere berühmte Rollen teilweise nur nominiert wurden.	Dangerous|1935
069-M-2	Julie widersetzt sich gesellschaftlichen Erwartungen und trägt Folgen ihrer Provokation. Die Handlung verbindet persönliche Beziehungen mit einer Krise im New Orleans des 19. Jahrhunderts.	Jezebel|1938
069-S-1	Bette Davis übernahm das Amt 1941 als erste Frau. Ihre kurze Amtszeit fiel in den beginnenden Kriegseintritt der USA; sie wollte die Arbeit der Academy verändern, stieß jedoch auf Widerstand und trat zurück.
069-S-2	Geschrieben wurde das Lied von Donna Weiss und Jackie DeShannon. Bette Davis empfand den späteren Erfolg als Kompliment und bedankte sich bei Kim Carnes und den Autoren; die jüngere Generation lernte ihren Namen dadurch auch über einen Popsong kennen.
069-A-1	Die Canteen wurde 1942 mit John Garfield gegründet. Künstlerinnen und Künstler übernahmen dort auch praktische Dienste für Soldaten auf Durchreise.
069-A-2	Bette Davis versuchte in England, sich aus ihrem Vertrag zu lösen, weil sie mit den angebotenen Rollen unzufrieden war. Nach dem verlorenen Verfahren kehrte sie zu Warner zurück; der Rechtsstreit lag dennoch am Beginn ihrer erfolgreichsten Studiophase.
070-L-1	Annie ist eine eigenständige Figur innerhalb von Alvys Beziehungserinnerungen. Die nichtlineare Erzählung zeigt zugleich, wie ein Erzähler seine frühere Beziehung deutet.	Annie Hall|1977
070-L-2	Kay begegnet Michael zunächst außerhalb des Mafiaalltags. Ihre veränderte Haltung spiegelt, wie weit seine spätere Machtausübung von den frühen Versprechen entfernt ist.	The Godfather|1972;The Godfather Part II|1974
070-M-1	Erica und Harry begegnen sich in einem unerwarteten Alters- und Beziehungsgefüge. Der Film lässt beide Figuren ihre bisherigen Vorstellungen von Liebe korrigieren.	Something's Gotta Give|2003
070-M-2	Der Künstlername vermeidet eine Verwechslung innerhalb der Schauspielergewerkschaft. „Annie Hall“ verwendet zugleich einen Namen, der an Diane Keatons Herkunft erinnert.	Annie Hall|1977
070-S-1	Die frühen Filme behandeln Beziehungen, Selbstbeobachtung und New Yorker Milieus. Diane Keatons spätere Rollen entwickelten sich auch unabhängig von dieser Zusammenarbeit.	Annie Hall|1977;Manhattan|1979
070-S-2	Ein Junge sucht während der Krankheit seiner Mutter Halt bei zwei eigenwilligen Onkeln. Diane Keaton gestaltet die Geschichte aus der Regieposition.	Unstrung Heroes|1995
070-A-1	Ihre Bücher verbinden eigene Bildarbeit mit dem Sammeln und Ordnen vorhandener Fotografien. Der Umgang mit Bildern ist daher eine eigenständige künstlerische Tätigkeit.
070-A-2	Interviews zeigen sehr unterschiedliche Vorstellungen eines möglichen Jenseits. Die Montage untersucht Bilder und Erwartungen, statt eine einzige religiöse Antwort festzulegen.	Heaven|1987
071-L-1	Die gemeinsame Reise kippt nach einer Gewalttat in eine Flucht. Louise übernimmt zunächst die entschlossenere Rolle, während Thelma zunehmend selbst handelt.	Thelma & Louise|1991
071-L-2	Janet und Brad suchen nach einer Autopanne Hilfe in einem Schloss. Das Musical konfrontiert das konservative Paar mit einer widersprüchlichen Welt von Begehren und Verwandlung.	The Rocky Horror Picture Show|1975
071-M-1	Helen Prejean begleitet den Verurteilten, ohne die Opfergeschichte zu ignorieren. Der Film stellt Mitgefühl und Verantwortung neben die Frage nach staatlicher Tötung.	Dead Man Walking|1995
071-M-2	SPIN entstand 2009 in New York. Die Clubs verbinden Tischtennisplatten mit einem gesellschaftlichen Treffpunkt und machen den Sport außerhalb klassischer Vereinsräume sichtbar.
071-S-1	Lorenzo leidet an Adrenoleukodystrophie. Der Film zeigt die Eltern bei der Suche nach einer möglichen Behandlung, ohne eine allgemeingültige Heilungsgeschichte zu erzählen.	Lorenzo's Oil|1992
071-S-2	Susan Sarandon spielt Melissa, die Tochter eines wohlhabenden Werbefachmanns. Der Film stellt private Familienkonflikte einem zunehmend gewaltsamen gesellschaftlichen Gegensatz gegenüber.	Joe|1970
071-A-1	Die literarische Vorlage stammt von Helen Prejean selbst. Regie und Drehbuch sind Tim Robbins' Arbeiten, während Susan Sarandon die zentrale Darstellung übernimmt.	Dead Man Walking|1995
071-A-2	Susan Sarandon schloss dort 1968 ab. Die Ausbildung gehört zu ihrem Weg in den Beruf, bevor die erste Kinorolle in „Joe“ folgte.
072-L-1	Ripley handelt zunächst aus professioneller Vorsicht innerhalb der Raumschiffbesatzung. Ihre spätere Hauptrolle entwickelt sich aus einer konkreten Überlebenssituation.	Alien|1979
072-L-2	Grace leitet die wissenschaftliche Arbeit mit den Na'vi. Sie vertritt eine andere Haltung als das militärisch und wirtschaftlich ausgerichtete Vorgehen auf Pandora.	Avatar|2009
072-M-1	Dana bemerkt zunächst ungewöhnliche Vorgänge in ihrer Wohnung. Ihre Begegnung mit den Geisterjägern führt den Alltagsraum in die übernatürliche Hauptgeschichte.	Ghostbusters|1984
072-M-2	Ripley muss erneut in die Welt ihrer früheren Bedrohung zurück. Die Beziehung zum Mädchen Newt verbindet Action mit Schutz, Trauma und neuer Verantwortung.	Aliens|1986
072-S-1	Dian Fossey arbeitet in Ruanda mit Berggorillas. Forschung, Naturschutz und Widerstand gegen Wilderei werden innerhalb einer dramatischen Biografie verbunden.	Gorillas in the Mist|1988
072-S-2	Die Doppel-Nominierung erfolgte 1989. In „Working Girl“ spielt Sigourney Weaver die Vorgesetzte Katharine Parker und wurde dafür als Nebendarstellerin nominiert.	Gorillas in the Mist|1988;Working Girl|1988
072-A-1	Im Roman erscheint der Name in der beiläufig erwähnten Mrs. Sigourney Howard. Die selbst gewählte Bezeichnung wurde später zu ihrem professionellen Vornamen.
072-A-2	Der Auftritt ist nur kurz und steht am Ende der Beziehungsgeschichte. Er ist von ihrer späteren eigenen Hauptfigur Ellen Ripley zu unterscheiden.	Annie Hall|1977
073-L-1	Laurie ist zunächst eine Schülerin und Babysitterin. Ihre alltägliche Umgebung wird durch Michael Myers zur Bedrohung, was die Figur als Überlebende des Horrors prägt.	Halloween|1978
073-L-2	Janet Leigh spielt Marion Crane in „Psycho“. Der gemeinsame Berufsbezug ist zugleich familiär, obwohl die Rollen aus unterschiedlichen Generationen des Horrorkinos stammen.	Psycho|1960
073-M-1	Deirdre erscheint zunächst als strenge Prüferin in einem Steuerbüro. Die wechselnden Filmwelten geben derselben Figur danach sehr unterschiedliche Beziehungen zur Hauptfamilie.	Everything Everywhere All at Once|2022
073-M-2	Tess und Anna müssen den Alltag der jeweils anderen Person bewältigen. Die Darstellerinnen spielen damit nicht nur Körpertausch, sondern nach und nach gegenseitiges Verständnis.	Freaky Friday|2003
073-S-1	Wanda nutzt unterschiedliche Mitstreiter gegeneinander aus. Sprache, Begehren und wechselnde Bündnisse sind entscheidende Mittel dieser Verbrechenskomödie.	A Fish Called Wanda|1988
073-S-2	Ihr erstes Buch hieß „When I Was Little: A Four-Year-Old's Memoir of Her Youth“. Die Zusammenarbeit mit Illustratorin Laura Cornell entwickelte sich über mehrere Bücher.
073-A-1	Tony Curtis war unter anderem mit „Some Like It Hot“ bekannt. Jamie Lee Curtis' frühe Hauptrollen lagen dagegen im Horrorfilm und bildeten ein eigenes Starprofil.
073-A-2	Die Handlung greift den Tod von Nicholas Green und die Entscheidung seiner Eltern zur Organspende auf. Jamie Lee Curtis spielt seine Mutter Maggie.
074-L-1	Selina Kyle verwandelt sich nach einem Übergriff in Catwoman. Die Figur verbindet neue Selbstbehauptung mit einer instabilen Grenze zwischen Rache und Nähe.	Batman Returns|1992
074-L-2	Elvira erscheint zunächst als Statussymbol des Gangstermilieus. Ihre Enttäuschung macht deutlich, dass der materielle Aufstieg keine erfüllte Beziehung garantiert.	Scarface|1983
074-M-1	Susie verändert das eingespielte Duo zweier Pianisten. Ihre musikalische Präsenz bringt den Brüdern Erfolg, legt aber auch ihre bisherigen Spannungen frei.	The Fabulous Baker Boys|1989
074-M-2	Stephanie sucht einen Partner jenseits ihrer vertrauten Schulgruppe. Michelle Pfeiffers Gesangs- und Tanzauftritte zeigen eine frühe Phase vor späteren Charakterrollen.	Grease 2|1982
074-S-1	LouAnne sucht einen Zugang zu einer Gruppe schwieriger Schülerinnen und Schüler. Die Geschichte stellt pädagogischen Anspruch neben soziale Probleme und schulische Regeln.	Dangerous Minds|1995
074-S-2	Henry Rose kombiniert die Namen ihrer Kinder John Henry und Claudia Rose. Die Marke entstand aus ihrem Interesse an nachvollziehbaren Duftinhaltsstoffen.
074-A-1	Madame de Tourvel wird zum Ziel von Valmonts Verführung. Ihre ernsthafte Bindung steht dem kalkulierten Spiel anderer Figuren entgegen.	Dangerous Liaisons|1988
074-A-2	Michelle Pfeiffer arbeitete bei Vons und begann am Golden West College zunächst eine Ausbildung zur Gerichtsstenografin. Erst danach entschied sie sich für Schauspiel; Schönheitswettbewerbe halfen ihr 1978, einen Agenten und erste Vorsprechen zu finden.
075-L-1	Alice verlieren gerade jene sprachlichen Fähigkeiten, auf denen ihr Beruf beruht. Der Film verbindet diese Veränderungen mit dem Blick ihrer Familie auf die Erkrankung.	Still Alice|2014
075-L-2	Die Kinderbuchfigur Freckleface Strawberry greift die eigene Erfahrung mit auffälligem Aussehen auf. Julianne Moore verbindet das Thema mit Selbstakzeptanz statt mit einer Filmrolle.
075-M-1	„Boogie Nights“ erzählt von einer Ersatzfamilie in der Pornofilmindustrie. „Magnolia“ verbindet getrennte Lebensgeschichten durch Beziehung, Schuld und den Wunsch nach Versöhnung.	Boogie Nights|1997;Magnolia|1999
075-M-2	Maude entwickelt eine eigene Erklärung der Geschehnisse und verfolgt persönliche Interessen. Ihre Kunstwelt bildet einen weiteren Gegenpol zum Alltag des Dude.	The Big Lebowski|1998
075-S-1	2003 galt die Hauptdarstellerinnen-Nominierung „Far from Heaven“, die Nebenrolle „The Hours“. Beide Filme untersuchen begrenzte Lebensentwürfe von Frauen in unterschiedlichen Zeiten.	Far from Heaven|2002;The Hours|2002
075-S-2	Havana Segrand hofft auf eine Rolle, die bereits ihre Mutter gespielt hat. Der Film verbindet den Hollywoodbetrieb mit familiärer Wiederholung und psychischer Instabilität.	Maps to the Stars|2014
075-A-1	Das erste Buch erschien 2007 mit Bildern von LeUyen Pham. Die rote Haarfarbe und Sommersprossen gehören zum konkreten autobiografischen Ausgangspunkt der erfundenen Figur.
075-A-2	Julianne Moore spielte die Rollen in den 1980er-Jahren und gewann 1988 den Daytime Emmy. Die längere Arbeit in einer täglich ausgestrahlten Serie lag vor ihren prägenden Kinorollen der 1990er-Jahre.
076-L-1	Padmé ist zunächst Königin von Naboo und später Senatorin. Ihre Doppelgängerin dient dem Schutz der Herrscherin und ist eine eigenständige Nebenfigur.	Star Wars: Episode I – The Phantom Menace|1999
076-L-2	Mathilda verliert ihre Familie und sucht bei einem Auftragskiller Schutz. Die Beziehung verbindet kindliche Verletzlichkeit mit einem gewaltgeprägten Erwachsenenmilieu.	Léon|1994
076-M-1	Nina muss im „Schwanensee“ weißen und schwarzen Schwan verkörpern. Der Gegensatz von Kontrolle und Enthemmung wird Teil ihrer zunehmend unsicheren Wahrnehmung.	Black Swan|2010
076-M-2	Natalie Portman schloss 2003 mit einem Bachelor ab. Das Studium lief zwischen großen Filmprojekten und war eine eigenständige akademische Tätigkeit.
076-S-1	Die Verfilmung verbindet Kindheitserinnerung, Familiengeschichte und die frühe Geschichte Israels. Die hebräische Sprache ist ein bewusster Bestandteil dieser Stoffadaption.	A Tale of Love and Darkness|2015
076-S-2	Die Familie zog früh in die USA. Die zweisprachige Biografie bildet einen Hintergrund dafür, dass Natalie Portman später auch auf Hebräisch arbeitete.
076-A-1	Portman war der Geburtsname ihrer Großmutter väterlicherseits. Die Wahl greift damit eine Familienverbindung auf, statt einen vollständig erfundenen Nachnamen zu schaffen.
076-A-2	Die Ereignisse werden aus der Perspektive der verwitweten First Lady gezeigt. Die Gestaltung öffentlicher Erinnerung ist ebenso wichtig wie die persönliche Trauer.	Jackie|2016
077-L-1	Lara Croft sucht historische Artefakte innerhalb einer Actionwelt. Angelina Jolies Darstellung überträgt eine bereits bekannte Spielfigur in reale Körperbewegung und Filmstunts.	Lara Croft: Tomb Raider|2001
077-L-2	Die Geschichte erzählt von Verletzung und verändertem Vertrauen. Die Beziehung zu Aurora verschiebt Maleficents Rolle vom einfachen Gegenbild zur ambivalenten Beschützerfigur.	Maleficent|2014
077-M-1	Lisa beeinflusst das Leben anderer Patientinnen stark. Ihr Charisma und ihre Rücksichtslosigkeit fordern Susannas eigenen Weg aus der Klinik heraus.	Girl, Interrupted|1999
077-M-2	Angelina Jolie wurde 2001 UNHCR-Sonderbotschafterin und 2012 Sondergesandte. Im Dezember 2022 beendete sie diese offizielle Tätigkeit und kündigte an, sich weiterhin für Geflüchtete einzusetzen; Engagement und institutionelle Funktion haben daher unterschiedliche Zeiträume.
077-S-1	Jon Voight ist etwa aus „Midnight Cowboy“ bekannt. Die familiäre Verbindung erklärt einen frühen Kontakt zur Filmwelt, jedoch nicht sämtliche Entscheidungen ihrer eigenen Karriere.
077-S-2	Der Krieg verändert das Verhältnis zweier Menschen auf entgegengesetzten Seiten. Angelina Jolie führte Regie und schrieb das Drehbuch, ohne selbst die weibliche Hauptrolle zu spielen.	In the Land of Blood and Honey|2011
077-A-1	Loung Ung erinnert an ihre Kindheit unter den Roten Khmer. Die kindliche Perspektive bestimmt, wie Gewalt, Familie und erzwungene Trennung im Film wahrgenommen werden.	First They Killed My Father|2017
077-A-2	Gia Carangi wird als junge Frau rasch zum Modelstar. Die Fernsehbiografie verbindet den Aufstieg mit Drogenabhängigkeit und einer späteren AIDS-Erkrankung.	Gia|1998
078-L-1	Furiosa versucht, Gefangene aus einer patriarchalen Gewaltordnung zu befreien. Ihre Zusammenarbeit mit Max entwickelt sich aus Misstrauen zu einer gemeinsamen Flucht.	Mad Max: Fury Road|2015
078-L-2	Benoni liegt im heutigen Gauteng. Charlize Therons frühe Arbeit als Model und Tänzerin führte später in eine amerikanische Filmkarriere.
078-M-1	Der Film konzentriert sich auf eine Beziehung während Wuornos' gewalttätiger Lebensphase. Körperliche Verwandlung und zurückgenommene Sprache unterstützen die dramatische Darstellung.	Monster|2003
078-M-2	Die Suche nach einer Liste von Agenten führt durch ein politisch instabiles Berlin. Erzählerische Aussagen bleiben dabei ebenso unsicher wie die Loyalitäten der Beteiligten.	Atomic Blonde|2017
078-S-1	Die Firma wurde 2003 gegründet. Mit eigener Produktion verbindet Charlize Theron Rollenwahl und Mitgestaltung von Projekten, statt ausschließlich auf Angebote anderer zu warten.
078-S-2	Sie trainierte unter anderem an der Joffrey Ballet School in New York. Die Knieverletzung führte zum Abbruch eines konkret begonnenen professionellen Tanzwegs.
078-A-1	Megyn Kelly arbeitet bei Fox News innerhalb der im Film untersuchten Machtstruktur. Die Darstellung ist von Margot Robbies erfundener Figur Kayla zu unterscheiden.	Bombshell|2019
078-A-2	Charlize Theron wuchs auf einer Farm nahe Benoni in einer Afrikaans sprechenden Familie auf. Ihre Ausbildung als Tänzerin und der spätere Weg in die USA führten zu einer englischsprachigen Filmkarriere, ohne diese frühe sprachliche Prägung zu ersetzen.
079-L-1	Storm heißt auch Ororo Munroe. Ihre Wetterkräfte gehören zur Filmfigur; Halle Berry spielt sie in mehreren Teilen mit unterschiedlicher Bedeutung im Ensemble.	X-Men|2000
079-L-2	Jinx ist selbst Geheimdienstagentin und handelt nicht nur als Begleitung Bonds. Ihr eigener Auftrag kreuzt die Suche nach einem internationalen Waffenhändler.	Die Another Day|2002
079-M-1	Leticia und Hank begegnen sich unter belastenden Umständen. Das Drama verbindet persönliche Verluste mit Rassismus und den Folgen des amerikanischen Strafvollzugs.	Monster's Ball|2001
079-M-2	Halle Berry wirkte an „Introducing Dorothy Dandridge“ auch als Produzentin mit. Die Fernsehbiografie brachte ihr einen Emmy und einen Golden Globe; ihr eigener Oscar für „Monster’s Ball“ folgte später und ist davon zu unterscheiden.	Introducing Dorothy Dandridge|1999
079-S-1	Jackie Justice versucht nach einem Scheitern in den Kampfsport zurückzukehren. Eine unerwartete familiäre Verantwortung verändert zugleich ihre sportliche Zielsetzung.	Bruised|2020
079-S-2	Halle Berry war 1986 außerdem Zweite bei Miss USA. Nationale Teilwettbewerbe und der landesweite Wettbewerb sind unterschiedliche Stufen derselben damaligen Laufbahn.
079-A-1	Der Figurenname spielt mit dem Namen der Schauspielerin Sharon Stone. Halle Berry ist die tatsächliche Darstellerin dieser Sekretärin in der Realverfilmung.	The Flintstones|1994
079-A-2	Vivian gehört zur gleichen belasteten Welt wie Gator, gespielt von Samuel L. Jackson. Die frühe Rolle zeigt einen deutlichen Abstand zur vorausgehenden Wettbewerbsöffentlichkeit.	Jungle Fever|1991
080-L-1	Elle verfolgt zunächst ihren ehemaligen Freund nach Harvard. Ihre juristische Entwicklung entsteht jedoch aus eigenen Fähigkeiten und einer veränderten beruflichen Selbstvorstellung.	Legally Blonde|2001
080-L-2	June besitzt eine eigene musikalische Laufbahn. Der Film zeigt ihre Beziehung zu Johnny Cash neben Bühnenarbeit und dessen Kampf mit der Sucht.	Walk the Line|2005
080-M-1	Hello Sunshine verbindet Buchauswahl, Film und Fernsehen. „Big Little Lies“ und „Little Fires Everywhere“ zeigen die Verbindung von literarischer Vorlage und weiblichen Hauptperspektiven.
080-M-2	Madeline wirkt öffentlich energisch und organisiert, trägt aber private Konflikte. Reese Witherspoon verbindet ihre Darstellung hier mit der Verantwortung für die Serienproduktion.
080-S-1	Tracys Lehrer versucht, ihre Wahl zu verhindern. Die kleine Wahl legt so Machtinteressen und Selbsttäuschungen auch bei den Erwachsenen offen.	Election|1999
080-S-2	Reese Witherspoon spielt die junge Dani Trant. Die Geschichte verbindet erste Liebe mit einem Verlust, der die Beziehungen innerhalb ihrer Familie verändert.	The Man in the Moon|1991
080-A-1	Strayed wanderte auf dem Pacific Crest Trail. Die Filmhandlung verknüpft die körperliche Strecke mit Rückblenden auf die Erfahrungen, vor denen sie zunächst flieht.	Wild|2014
080-A-2	Rosita hat 25 Kinder und möchte am Gesangswettbewerb teilnehmen. Der Animationsfilm verbindet ihren Auftritt mit dem Wunsch, jenseits der Familienrolle wahrgenommen zu werden.	Sing|2016
081-L-1	Katniss meldet sich anstelle ihrer jüngeren Schwester Prim freiwillig zu den Hungerspielen. Dass sie später zur Symbolfigur des Widerstands wird, folgt aus diesem zunächst persönlichen Entschluss.	The Hunger Games|2012
081-L-2	Mystique kann das Aussehen anderer Menschen annehmen. In „Erste Entscheidung“ zeigt Jennifer Lawrence Raven vor allem im Spannungsfeld zwischen Charles Xaviers Anpassungsideal und Magnetos Stolz auf die eigene Andersartigkeit.	X-Men: First Class|2011
081-M-1	Tiffany und Pat begegnen sich über eine Tanzverabredung, die beiden einen neuen Halt gibt. Jennifer Lawrence gewann für die Rolle bei der Oscarverleihung 2013; die Komödie stammt aus dem Filmjahr 2012.	Silver Linings Playbook|2012
081-M-2	Im Mittelpunkt steht der selbst auswringende Miracle Mop. Der Film ist jedoch keine genaue Lebenschronik: Er verdichtet die Geschäftsidee mit erfundenen und veränderten Familienkonflikten zu einer Aufstiegsgeschichte.	Joy|2015
081-S-1	Rees Vater hat das Familienhaus als Sicherheit für seine Kaution eingesetzt. Findet sie ihn nicht, droht ihren Geschwistern und ihrer psychisch kranken Mutter der Verlust des Zuhauses.	Winter's Bone|2010
081-S-2	Die Rollen sind deutlich verschieden: Tiffany organisiert einen Tanzauftritt, Rosalyn bringt eine Betrugsoperation ins Wanken, und Joy kämpft um ihr eigenes Produkt. Die Zusammenarbeit beschränkt sich also nicht auf dieselbe Figurenart.	Silver Linings Playbook|2012;American Hustle|2013;Joy|2015
081-A-1	Die Serie lief von 2007 bis 2009. Jennifer Lawrence spielte das älteste der drei Kinder; der Alltag einer Fernsehsitcom mit wiederkehrendem Ensemble war ein anderer Arbeitsrahmen als ihre spätere Rolle in „Winter's Bone“.
081-A-2	Die Firma wurde 2018 gegründet. Mit „Causeway“ produzierte Jennifer Lawrence später ein zurückhaltendes Drama über eine Soldatin nach einer Hirnverletzung und über eine Freundschaft in New Orleans.
082-L-1	Mia arbeitet zunächst in einem Café auf einem Studiogelände und geht zu ernüchternden Vorsprechen. Ihr selbst geschriebenes Bühnenstück ist ein Versuch, eine eigene künstlerische Chance zu schaffen.	La La Land|2016
082-L-2	Der Film erzählt von Estella, die sich in der Londoner Modewelt eine öffentliche Identität als Cruella schafft. Ihre Rivalität mit der Baroness wird durch eine zuvor verborgene Familiengeschichte verschärft.	Cruella|2021
082-M-1	Mias Geschichte führt von erfolglosen Castings zu einer möglichen Filmkarriere. Die berühmte Schlussmontage entwirft dabei ein alternatives gemeinsames Leben und lässt erkennen, welchen Preis die erfüllten Berufswünsche haben.	La La Land|2016
082-M-2	Bella erforscht ihre Umwelt mit einer ungewöhnlichen Mischung aus kindlichem Lernen und erwachsenem Körper. Emma Stones Darstellung verändert deshalb nicht nur das Vokabular, sondern auch Gang, Haltung und Reaktion auf andere Menschen.	Poor Things|2023
082-S-1	Emily Jean Stone ist ihr Geburtsname. „Emma“ ist kein anderer Familienname, sondern ihr beruflich verwendeter Vorname; der Wechsel hängt mit der Registrierung bei der Schauspielergewerkschaft zusammen.
082-S-2	In „The Favourite“ spielt Emma Stone eine ehrgeizige Hofbedienstete, in „Poor Things“ eine Frau auf einer radikalen Entdeckungsreise. Beide Filme verbinden Machtfragen mit einer bewusst ungewöhnlichen Bild- und Figurenwelt.	The Favourite|2018;Poor Things|2023
082-A-1	Sally Bowles singt im Berliner Kit Kat Club. Die Rolle verlangt, öffentliche Unbeschwertheit und private Unsicherheit gleichzeitig sichtbar zu machen, während das politische Umfeld der Handlung immer bedrohlicher wird.
082-A-2	Emma Stone und Dave McCary gründeten Fruit Tree 2020. Zu den frühen Produktionen gehört „When You Finish Saving the World“, Jesse Eisenbergs Regiedebüt über eine Mutter und ihren jugendlichen Sohn.
083-L-1	Natasha Romanoff wurde im Red Room zur Agentin ausgebildet. Ihr eigener Film von 2021 greift diese Vergangenheit auf und stellt ihre Beziehung zu Yelena Belova in den Mittelpunkt.	Black Widow|2021
083-L-2	Bob Harris dreht einen Werbespot, während Charlotte ihren beruflich beschäftigten Ehemann begleitet. Ihre Begegnungen im Hotel und in der nächtlichen Stadt geben beiden Raum, ihre jeweiligen Lebensfragen auszusprechen.	Lost in Translation|2003
083-M-1	Theodore kauft ein lernfähiges Betriebssystem und verliebt sich in dessen Stimme. Scarlett Johansson ersetzte Samantha Mortons ursprüngliche Sprachaufnahme; die Figur erhielt damit nach den Dreharbeiten eine neue stimmliche Interpretation.	Her|2013
083-M-2	Rosie versteckt das jüdische Mädchen Elsa im Haus. Dass ihr Sohn Jojo zunächst von nationalsozialistischen Vorstellungen geprägt ist, macht ihre alltägliche Wärme und ihren heimlichen Widerstand besonders folgenreich.	Jojo Rabbit|2019
083-S-1	Bei der Verleihung 2020 war Scarlett Johansson für Nicole in „Marriage Story“ und Rosie in „Jojo Rabbit“ nominiert. Zwei Nominierungen im selben Jahr bedeuten hier zwei unterschiedliche Kategorien und zwei eigenständige Rollen.	Marriage Story|2019;Jojo Rabbit|2019
083-S-2	Arthur Millers Stück spielt im Umfeld italienischer Einwanderer in Brooklyn. Catherines Erwachsenwerden bringt die besitzergreifende Bindung ihres Onkels Eddie zum Vorschein und treibt den familiären Konflikt voran.
083-A-1	Das Album erschien 2008 und wurde von Dave Sitek produziert. Der Titel stammt ebenfalls von Tom Waits; mit „Song for Jo“ enthält die Platte auch eine eigens für das Projekt geschriebene Komposition.
083-A-2	Die Figur fährt durch Schottland und lockt Männer in einen fremdartigen Raum. Einige Begegnungen wurden mit versteckten Kameras und zunächst ahnungslosen Passanten aufgenommen, wodurch Inszenierung und beobachteter Alltag ineinandergreifen.	Under the Skin|2013
084-L-1	Als Gedanken an Sterblichkeit ihren Alltag stören, verlässt Barbie das Barbieland. Die Reise in die reale Welt konfrontiert sie und Ken mit gesellschaftlichen Machtverhältnissen, die in ihrer bisherigen Umgebung anders organisiert waren.	Barbie|2023
084-L-2	Harley Quinn war ursprünglich die Psychiaterin Harleen Quinzel. „Birds of Prey“ setzt nach ihrer Trennung vom Joker an und lässt sie mit anderen Frauen gegen den Gangster Roman Sionis antreten.	Birds of Prey|2020
084-M-1	Der Film verbindet Hardings sportlichen Aufstieg mit dem Angriff auf Nancy Kerrigan. Gespielte Interviewpassagen widersprechen einander; das Publikum muss deshalb zwischen Selbstdarstellung, Erinnerung und beobachteter Handlung unterscheiden.	I, Tonya|2017
084-M-2	Zu den Mitgründern gehören Tom Ackerley, Josey McNamara und Sophia Kerr. Margot Robbie übernimmt damit Verantwortung für die Auswahl und Entwicklung von Projekten, auch wenn sie selbst darin keine Rolle spielt.
084-S-1	Donna Freedman wurde zunächst als Gastfigur eingeführt und gehörte später zum festen Ensemble. Die australische Serie bot Margot Robbie die kontinuierliche Dreherfahrung, mit der sie anschließend in die USA wechselte.
084-S-2	Greta Gerwig verbindet die Spielzeugwelt mit einem Konflikt über Selbstbild und gesellschaftliche Rollen. Margot Robbies Beteiligung als Produzentin und Hauptdarstellerin sowie Gerwigs Regie sind unterschiedliche Aufgaben an derselben Produktion.	Barbie|2023
084-A-1	Sharon Tate wird beim Kinobesuch gezeigt, wie sie die Reaktionen auf ihre eigene Filmrolle genießt. Diese alltägliche Lebensfreude steht neben dem Wissen des Publikums um die historische Gewalttat, deren Verlauf Tarantino verändert.	Once Upon a Time in Hollywood|2019
084-A-2	Die Serie spielt in den frühen 1960er-Jahren und folgt einer Flugzeugbesatzung auf internationalen Reisen. Laura Cameron beginnt als junge Flugbegleiterin ein selbstständigeres Leben; die Serie blieb auf eine Staffel begrenzt.
085-L-1	Andy Sachs möchte Journalistin werden und behandelt die Stelle zunächst als berufliches Sprungbrett. Der enorme Einfluss ihrer Chefin Miranda Priestly verschiebt jedoch zunehmend ihre Prioritäten und belastet ihre privaten Beziehungen.	The Devil Wears Prada|2006
085-L-2	Mias Großmutter Clarisse erklärt ihr, dass sie die Thronerbin des erfundenen Genovien ist. Zwischen Schulalltag und höfischer Ausbildung muss Mia entscheiden, ob sie diese Verantwortung überhaupt übernehmen möchte.	The Princess Diaries|2001
085-M-1	Fantine verliert ihre Arbeit und versucht, ihre Tochter Cosette weiter zu versorgen. „I Dreamed a Dream“ verdichtet den Zusammenbruch ihrer Hoffnungen; die Nahaufnahme macht aus der Gesangsnummer eine unmittelbar gespielte Szene.	Les Misérables|2012
085-M-2	Selina Kyle sucht eine Möglichkeit, ihre kriminelle Vergangenheit aus den Datensystemen zu löschen. Ihre Zusammenarbeit mit Bruce Wayne bleibt deshalb zunächst von Eigeninteresse geprägt, bevor sie im Kampf um Gotham Position bezieht.	The Dark Knight Rises|2012
085-S-1	Kym kommt zur Hochzeit ihrer Schwester Rachel nach Hause. Ihre Suchtgeschichte und ein früherer Verlust in der Familie brechen mitten in den Vorbereitungen auf und stehen gegen das erwartete Bild eines harmonischen Festes.	Rachel Getting Married|2008
085-S-2	Der Film entwirft eine Liebesgeschichte zwischen der jungen Jane Austen und Tom Lefroy. Er verbindet historische Personen mit freier dramatischer Gestaltung; seine Handlung ist deshalb keine gesicherte Erklärung für Austens Romane.	Becoming Jane|2007
085-A-1	Die Serie lief 1999 bis 2000 und erzählt aus mehreren Perspektiven vom Alltag der Familie Green. Anne Hathaway spielte die ältere Schwester neben Jesse Eisenberg, der ihren jüngeren Bruder Kenny verkörperte.
085-A-2	Nach einem Schiffbruch gibt Viola sich als der junge Mann Cesario aus. Sie liebt Orsino, wirbt aber in seinem Auftrag um Olivia, die sich wiederum in Cesario verliebt: Die Verkleidung erzeugt das zentrale Beziehungsdreieck.
086-L-1	Giselle wird aus einer gezeichneten Märchenwelt nach New York geschickt. Dort trifft ihr Vertrauen in Liebe, Gesang und sprechende Tiere auf einen Alltag, der diese Regeln nicht selbstverständlich teilt.	Enchanted|2007
086-L-2	Lois Lane entdeckt in „Man of Steel“ Hinweise auf einen außergewöhnlichen Fremden. Ihre Recherche führt sie zu Clark Kent, bevor der öffentliche Konflikt mit General Zod eskaliert.	Man of Steel|2013
086-M-1	Louise Banks sucht gemeinsam mit einem Physiker nach einer Verständigung mit den Heptapoden. Das Erlernen ihrer Schrift verändert zugleich die Art, wie sie Zeit erlebt und eigene Lebensentscheidungen versteht.	Arrival|2016
086-M-2	Eine Kunsthändlerin besucht mit ihrem Mann dessen Familie in North Carolina. Ashley begegnet der Besucherin begeistert, während andere Familienmitglieder Distanz zeigen; ihre Aufmerksamkeit macht Spannungen sichtbar, die sonst unausgesprochen bleiben.	Junebug|2005
086-S-1	Margaret Keanes Bilder zeigen Figuren mit übergroßen Augen. Ihr Ehemann Walter verkauft sie unter seinem eigenen Namen; der Streit um die tatsächliche Urheberschaft mündet schließlich in ein Gerichtsverfahren.	Big Eyes|2014
086-S-2	Ihr Vater war bei der US-Armee in Italien stationiert. Nach der Rückkehr der Familie wuchs Amy Adams überwiegend in Castle Rock in Colorado auf; der Geburtsort allein beschreibt deshalb ihre Kindheit nicht.
086-A-1	Camille berichtet über den Tod zweier Mädchen in Wind Gap. Der Aufenthalt im Elternhaus führt zugleich zurück zu ihrer Mutter und Halbschwester; Körperverletzungen und Erinnerungen sind eng mit dieser Familiengeschichte verbunden.
086-A-2	Amy Adams arbeitete unter anderem am Chanhassen Dinner Theatre in Minnesota. Solche Aufführungen verbinden Schauspiel, Tanz und Gesang im laufenden Abendbetrieb und standen am Beginn ihrer professionellen Bühnenarbeit.
087-L-1	Maya wertet Hinweise auf einen Kurier aus, der zu Osama bin Ladens Versteck führen könnte. Der Film erzählt aus ihrer Perspektive, ist aber keine dokumentarische Identifikation einer einzelnen realen CIA-Mitarbeiterin.	Zero Dark Thirty|2012
087-L-2	Der Film verfolgt den Aufbau und Zusammenbruch des Fernsehimperiums von Tammy Faye und Jim Bakker. Jessica Chastain singt selbst; die Darstellung richtet den Blick auch auf Tammy Fayes öffentliche Unterstützung homosexueller Menschen während der AIDS-Krise.	The Eyes of Tammy Faye|2021
087-M-1	Kathryn Bigelow inszeniert die Suche als langwierige Arbeit aus Befragungen, Daten und wiederholten Rückschlägen. Die Darstellung von Folter löste eine eigene Debatte aus; das Geschehen sollte daher nicht mit einer unstrittigen historischen Rekonstruktion gleichgesetzt werden.	Zero Dark Thirty|2012
087-M-2	Molly Bloom war zuvor eine Leistungssportlerin im Skifahren. Nach dem Ende dieser Laufbahn organisiert sie exklusive Pokerspiele, deren Teilnehmer und Geldflüsse sie schließlich mit Ermittlungen und einem Strafverfahren konfrontieren.	Molly's Game|2017
087-S-1	Jessica Chastain gründete die Firma 2016. „The 355“ wurde zu einem ihrer Projekte: Die Idee eines internationalen Agentinnenensembles entstand aus ihrem Wunsch, mehrere Schauspielerinnen als gemeinsame Hauptfiguren zusammenzubringen.
087-S-2	Jessica Chastain gehörte an der Juilliard School zur Schauspielgruppe 32 und schloss die Ausbildung 2003 ab. Der Name des Stipendiums bezeichnet die Förderung; Robin Williams war nicht ihr Schauspiellehrer.
087-A-1	Celia beschäftigt Minny, ohne dass ihr Mann zunächst davon weiß. Hinter ihrer auffälligen Erscheinung und ihrem Wunsch nach gesellschaftlicher Anerkennung stehen Einsamkeit und mehrere Fehlgeburten, die ihre Beziehung zu Minny verändern.	The Help|2011
087-A-2	Der Film folgt Jolene über mehrere Jahre durch Pflegefamilien, Beziehungen und berufliche Neuanfänge. Für Jessica Chastain war es eine frühe große Filmaufgabe, obwohl ihre breite öffentliche Bekanntheit erst mit späteren Produktionen einsetzte.	Jolene|2008
088-L-1	Marge untersucht einen Dreifachmord, der aus einer geplanten Entführung entstanden ist. Ihre freundliche Gesprächsweise und ihre genaue Beobachtung gehören zusammen: Sie unterschätzt die Täter nicht, nur weil sie ohne große Drohgebärden ermittelt.	Fargo|1996
088-L-2	Nach dem Ende des Gipswerks in Empire verkauft Fern einen Teil ihres Besitzes und lebt im Lieferwagen. Saisonarbeit und Begegnungen mit anderen Reisenden verbinden ihre materielle Lage mit einer persönlichen Suche nach Zugehörigkeit.	Nomadland|2020
088-M-1	Die drei Schauspielpreise sind von ihrem zusätzlichen Oscar als Mitproduzentin von „Nomadland“ zu unterscheiden. Derselbe Film brachte Frances McDormand somit zwei Oscars in unterschiedlichen Funktionen, nicht zwei Schauspielauszeichnungen.	Fargo|1996;Three Billboards Outside Ebbing, Missouri|2017;Nomadland|2020
088-M-2	Frances McDormand und Joel Coen heirateten 1984. In „Blood Simple“ spielte sie Abby; Joel führte Regie, während Ethan ebenfalls an Drehbuch und Produktion beteiligt war.
088-S-1	Mildred mietet drei Werbetafeln, weil der Mord an ihrer Tochter nicht aufgeklärt wurde. Ihre Wut trifft auch Menschen, die selbst mit Krankheit, Schuld oder widersprüchlichen Loyalitäten kämpfen.	Three Billboards Outside Ebbing, Missouri|2017
088-S-2	Mehrere Mitwirkende, darunter Linda May, Swankie und Bob Wells, treten unter ihren eigenen Namen auf. Frances McDormands fiktive Fern wird dadurch in eine Umgebung eingebettet, die auf gelebten Erfahrungen beruht.	Nomadland|2020
088-A-1	Eine heimliche Beziehung, ein eifersüchtiger Ehemann und ein korrupter Privatdetektiv setzen den Thriller in Gang. Entscheidende Ereignisse werden von den Figuren falsch verstanden; das Publikum kennt jeweils andere Teile der Geschichte.	Blood Simple|1984
088-A-2	David Lindsay-Abaires Stück beginnt mit dem Verlust von Margies Arbeitsplatz. Als sie einen früheren Bekannten aufsucht, geraten Herkunft, Glück und persönliche Verantwortung in einen Konflikt, der sich nicht auf eine einfache Schuldfrage reduzieren lässt.
089-L-1	Annalise unterrichtet Strafrecht und beschäftigt ausgewählte Studierende in ihrer Kanzlei. Die Serie verknüpft deren erste Fälle mit einem Mordgeschehen, das in Rückblenden und Zeitsprüngen Stück für Stück enthüllt wird.
089-L-2	Aibileen arbeitet im Mississippi der 1960er-Jahre und zieht das Kind ihrer Arbeitgeberin auf. Gemeinsam mit Minny berichtet sie einer jungen Autorin über Erfahrungen, deren Veröffentlichung für die beteiligten Frauen gefährlich werden kann.	The Help|2011
089-M-1	Rose verlangt von ihrem Mann Troy Respekt für die gemeinsam aufgebauten Lebensjahre. Die Vorlage stammt von August Wilson; Viola Davis gewann für diese Rolle bereits 2010 einen Tony, bevor die Verfilmung folgte.	Fences|2016
089-M-2	„Ma Rainey's Black Bottom“ konzentriert sich auf eine Studiositzung im Chicago von 1927. Ma Rainey besteht auf eigenen Bedingungen; der ehrgeizige Trompeter Levee verfolgt währenddessen andere Vorstellungen von Musik und Erfolg.	Ma Rainey's Black Bottom|2020
089-S-1	Die vier Preise würdigen unterschiedliche Arbeitsfelder. Bei Viola Davis verbanden sich Theaterrollen, Fernsehschauspiel, die Filmrolle in „Fences“ und das selbst eingelesene „Finding Me“ zu dieser Auszeichnungskombination.
089-S-2	Der Firmenname kombiniert Bestandteile der Vornamen Julius und Viola. Die Gründung 2011 erweiterte ihre Arbeit über einzelne Rollen hinaus auf die Entwicklung und Produktion eigener Projekte.
089-A-1	Das Hörbuch erschien zur Autobiografie von 2022. Darin beschreibt Viola Davis unter anderem ihre Kindheit in großer Armut und den Weg zur Schauspielausbildung; der Grammy folgte bei der Verleihung 2023.
089-A-2	Mrs. Miller diskutiert mit Schwester Aloysius über ihren Sohn und dessen schwierige Lage. Die Szene verändert die scheinbar klare moralische Auseinandersetzung des Films, weil Schutz, Verdacht und tatsächliche Handlungsmöglichkeiten miteinander kollidieren.	Doubt|2008
090-L-1	Ramonda ist außerdem die Mutter von Shuri. Nach T'Challas Tod übernimmt sie in „Wakanda Forever“ die Herrschaft und muss persönliche Trauer mit der Verantwortung für ein politisch bedrohtes Land verbinden.	Black Panther|2018;Black Panther: Wakanda Forever|2022
090-L-2	Der Film basiert auf Tina Turners autobiografischer Lebensgeschichte und zeigt auch die Trennung von Ike Turner. Angela Bassett spielt die Bühnenauftritte, während die Gesangsstimme überwiegend von Tina Turner selbst stammt.	What's Love Got to Do with It|1993
090-M-1	Athena arbeitet beim Los Angeles Police Department. Neben den Notfällen der Serie werden auch ihre Ehe, die Kinder und die Beziehung zum Feuerwehrmann Bobby Nash erzählt; die Figur bleibt damit Teil eines privaten und beruflichen Ensembles.
090-M-2	In Spike Lees „Malcolm X“ steht Betty Shabazz an der Seite der von Denzel Washington gespielten Hauptfigur. Angela Bassett verkörperte sie später erneut in dem Fernsehfilm „Betty & Coretta“.	Malcolm X|1992
090-S-1	Angela Bassett schloss zunächst 1980 ein Studium der African American Studies ab und erwarb 1983 den Master an der Yale School of Drama. Beide Abschlüsse stammen also von derselben Universität, aber aus unterschiedlichen Studiengängen.
090-S-2	Der Film reagiert auch auf den Tod von Hauptdarsteller Chadwick Boseman. Ramondas öffentliche Stärke und ihre Trauer um T'Challa sind deshalb zugleich Teil der Handlung und der besonderen Entstehungssituation dieser Fortsetzung.	Black Panther: Wakanda Forever|2022
090-A-1	Der Film von 2002 verfolgt Rosa Parks' Leben bis zum Busboykott von Montgomery. Ihr langjähriges Engagement für Bürgerrechte bildet den Hintergrund; die Weigerung, den Sitzplatz aufzugeben, war keine isolierte spontane Episode.	The Rosa Parks Story|2002
090-A-2	Angela Bassett hatte Whitney Houston zuvor als Schauspielkollegin in „Waiting to Exhale“ erlebt. Im Fernsehfilm von 2015 übernimmt Yaya DaCosta die Rolle der Sängerin, während Bassett Regie führt.	Whitney|2015
091-L-1	Deloris hat einen Mord beobachtet und muss vor ihrem früheren Partner verborgen werden. Als Schwester Mary Clarence bringt sie Bühnenerfahrung in den Kirchenchor ein, während ihre wahre Identität im Kloster geheim bleiben soll.	Sister Act|1992
091-L-2	Guinan leitet die Bar Ten Forward in „The Next Generation“ und gehört zum Volk der El-Aurianer. Ihre Erfahrung und ihre besondere Verbindung zu Captain Picard ergänzen die Entscheidungen der offiziellen Schiffsführung.
091-M-1	Oda Mae gibt zunächst nur vor, mit Toten sprechen zu können. Als sie Sam tatsächlich hört, gerät ihr betrügerisches Geschäftsmodell durcheinander; aus dieser überraschenden Fähigkeit entsteht ihre Zusammenarbeit mit dem Verstorbenen.	Ghost|1990
091-M-2	Der Vorname Whoopi geht auf einen scherzhaften Vergleich mit einem Furzkissen zurück. Ihre frühe Solobühnenarbeit verband mehrere Figuren und Lebensgeschichten; der Künstlername wurde mit diesem öffentlichen Auftreten bekannt.
091-S-1	Whoopi Goldberg gewann 2002 einen Daytime Emmy für „Beyond Tara: The Extraordinary Life of Hattie McDaniel“. Der Tony für „Thoroughly Modern Millie“ folgte ebenfalls 2002 und würdigte ihre Beteiligung an der Produktion.
091-S-2	Celies Geschichte führt von Gewalt und Unterdrückung zu wirtschaftlicher und persönlicher Selbstständigkeit. Der Film basiert auf Alice Walkers Roman; Whoopi Goldbergs Oscar für „Ghost“ folgte erst einige Jahre nach dieser ersten Nominierung.	The Color Purple|1985
091-A-1	Whoopi Goldberg übernahm 2007 die Funktion der Moderatorin innerhalb des wechselnden Gesprächsensembles. Die Sendung kombiniert aktuelle Themen, persönliche Sichtweisen und Gäste; sie ist ein eigenes Tätigkeitsfeld neben ihren Filmrollen.
091-A-2	Das Musical erzählt von einer jungen Frau, die im New York der 1920er-Jahre Karriere machen möchte. Der Tony für das beste Musical geht an die Produktion; Whoopi Goldberg gehörte zu deren Produzenten.
092-L-1	Gertie ist Elliotts jüngere Schwester und begegnet dem Außerirdischen zunächst erschrocken. Die kindliche Vertrautheit wächst später so weit, dass sie E.T. verkleidet und mit ihm spielt.	E.T. the Extra-Terrestrial|1982
092-L-2	Lucy erinnert sich nach einer Verletzung nicht an die Erlebnisse des Vortags. Henry muss die Bekanntschaft deshalb immer wieder neu beginnen; die romantische Komödie entwickelt daraus ihr wiederkehrendes Erzählprinzip.	50 First Dates|2004
092-M-1	Drew Barrymore und Nancy Juvonen gründeten Flower Films 1995. Die Tätigkeit als Produzentin ermöglicht ihr, Stoffe mitzuentwickeln und Besetzungen oder Arbeitsbedingungen über die eigene Darstellerrolle hinaus mitzugestalten.
092-M-2	Dylan, Natalie und Alex erhalten ihre Aufträge über Bosley von einem meist unsichtbaren Chef. Die Filmfassung greift damit die Grundkonstellation der Fernsehserie auf, verbindet sie aber mit aufwendiger Action und bewusst überzeichneter Komik.	Charlie's Angels|2000
092-S-1	Bliss entdeckt Roller Derby als Gegenwelt zu den Schönheitswettbewerben ihrer Mutter. Drew Barrymore spielt Smashley Simpson; das Regiedebüt erzählt somit auch vom Finden einer selbst gewählten Gemeinschaft.	Whip It|2009
092-S-2	Casey Becker beantwortet am Telefon zunächst Fragen zu Horrorfilmen. Die Szene macht das Wissen über Genregewohnheiten selbst zum Gegenstand des Schreckens und kündigt damit die selbstbezügliche Erzählweise des gesamten Films an.	Scream|1996
092-A-1	Sheila und Joel versuchen, ihre Ehe und den Familienalltag trotz Sheilas neuem Bedarf an Menschenfleisch fortzusetzen. Der Kontrast zwischen höflichem Vorstadtleben und körperlichem Horror trägt die Komik der Serie.
092-A-2	John Barrymore spielte sowohl auf der Bühne als auch im Stumm- und Tonfilm. Auch seine Geschwister Lionel und Ethel waren Schauspieler; Drew Barrymore gehört damit zu einer weit verzweigten Theater- und Filmfamilie.
093-L-1	Joyce sucht nach Will und deutet scheinbar unerklärliche Vorgänge im Haus als Zeichen seiner Anwesenheit. Lichter und an die Wand geschriebene Buchstaben werden zu einem ungewöhnlichen Kommunikationsversuch.
093-L-2	Lydia kann die Geister Barbara und Adam Maitland sehen. Anders als ihre Eltern erkennt sie deren Notlage; daraus entsteht ein Bündnis gegen die Pläne der Erwachsenen und gegen Beetlejuices eigene Absichten.	Beetlejuice|1988
093-M-1	Winona Laura Horowitz verwendete den Berufsnamen bereits für ihr Filmdebüt „Lucas“. Die Namenswahl wird mit einer Aufnahme von Mitch Ryder verbunden, die ihr Vater in dieser Zeit hörte.
093-M-2	Jo möchte schreiben und widersetzt sich mehreren Erwartungen an das Leben junger Frauen. Ihre Beziehung zu den Schwestern ist ebenso wichtig wie die romantische Handlung; Gillian Armstrong inszenierte diese Fassung des Romans.	Little Women|1994
093-S-1	May Welland steht innerhalb der strengen New Yorker Gesellschaft des 19. Jahrhunderts. Ihre scheinbare Unschuld ist nicht mit Unwissenheit gleichzusetzen: Sie erkennt mehr vom Konflikt ihres Verlobten, als dieser ihr zutraut.	The Age of Innocence|1993
093-S-2	Der Film beruht auf Susanna Kaysens Erinnerungsbuch. Susannas Verhältnis zur rebellischen Lisa wird zum Prüfstein dafür, welche Form von Freiheit sie sucht und wie sie Verantwortung für das eigene Leben übernimmt.	Girl, Interrupted|1999
093-A-1	Veronica gehört zunächst zur mächtigen Clique dreier Schülerinnen namens Heather. Ihre Verbindung mit J.D. macht aus dem Wunsch, den Schulalltag zu verändern, eine mörderische Entwicklung, die als gesellschaftliche Satire erzählt wird.	Heathers|1988
093-A-2	Winona Ryder wurde 1971 in Winona geboren. Der geografische Vorname und der später angenommene Künstlernachname haben daher unterschiedliche Ursprünge, obwohl sie gemeinsam ihren öffentlichen Namen bilden.
094-L-1	Penélope Cruz wurde in Alcobendas bei Madrid geboren. Ihr Spielfilmdebüt gab sie 1992 in „Jamón Jamón“; der Schritt ins englischsprachige Kino folgte erst nach mehreren Arbeiten in Spanien.
094-L-2	In „Volver“ hält Raimunda ihre Familie unter schwierigen Umständen zusammen; „Parallele Mütter“ verbindet Mutterschaft mit spanischer Erinnerungsgeschichte. Die langjährige Zusammenarbeit erschließt also verschiedene Lebensalter und gesellschaftliche Konflikte.	Volver|2006;Broken Embraces|2009;Parallel Mothers|2021
094-M-1	María Elena ist die frühere Frau des Malers Juan Antonio. Ihre Rückkehr verändert dessen Beziehung zu Cristina; die gemeinsame künstlerische Energie geht dabei mit Eifersucht und einer instabilen Dreieckskonstellation einher.	Vicky Cristina Barcelona|2008
094-M-2	Angelica rekrutiert Seeleute für die Suche nach dem Jungbrunnen. Dass Jack Sparrow ihr misstraut und zugleich von ihrer gemeinsamen Vergangenheit beeinflusst wird, macht ihre Rolle gegenüber ihrem Vater Blackbeard mehrdeutig.	Pirates of the Caribbean: On Stranger Tides|2011
094-S-1	Penélope Cruz spielt Silvia, Javier Bardem den auf sie angesetzten Raúl. Die Figuren gehören zu einer satirischen Geschichte über Begehren, Klassenunterschiede und stereotype Bilder von Männlichkeit; die Schauspieler heirateten erst 2010.	Jamón Jamón|1992
094-S-2	Penélope Cruz lernte neun Jahre lang klassisches Ballett und studierte außerdem andere Tanzformen. Die Ausbildung erklärt ihre frühe intensive Beschäftigung mit Bewegung, bevor Filmrollen zum Mittelpunkt ihrer Arbeit wurden.
094-A-1	Für spätere Drehabschnitte konnte Mónica Cruz in bestimmten Einstellungen einspringen, während Penélope Cruz schwanger war. Das Double ersetzt dabei körperliche Ansichten, nicht die vollständige schauspielerische Interpretation oder die Stimme der Hauptdarstellerin.	Pirates of the Caribbean: On Stranger Tides|2011
094-A-2	Die Serie untersucht den Mord an Gianni Versace und den Lebensweg seines Mörders. Donatella muss zugleich mit dem Verlust ihres Bruders und mit der Zukunft des gemeinsamen Modeunternehmens umgehen.
095-L-1	„Frida“ erzählt auch von Kahlos Beziehung zu Diego Rivera, ihren körperlichen Schmerzen und ihrer Malerei. Salma Hayek verbindet die Hauptrolle mit der Produzentenarbeit; Julie Taymor verantwortet die Regie und die bildliche Gestaltung.	Frida|2002
095-L-2	Salma Hayek wurde in Coatzacoalcos im Bundesstaat Veracruz geboren. Ihr Vater hat libanesische Wurzeln; Herkunft, Familiengeschichte und spätere Arbeit in den USA sind verschiedene Bestandteile ihrer Biografie.
095-M-1	Carolina besitzt eine Buchhandlung, in der sie den verwundeten Mariachi versteckt. Der Film führt die Geschichte von „El Mariachi“ mit neuer Besetzung und wesentlich größeren Produktionsmöglichkeiten weiter.	Desperado|1995
095-M-2	Kitty ist eine geschickte Diebin und eine eigenständige Partnerin des Katers. Salma Hayek spricht sie auch in „Der gestiefelte Kater: Der letzte Wunsch“; die Figur heißt im englischen Original Kitty Softpaws.	Puss in Boots|2011;Puss in Boots: The Last Wish|2022
095-S-1	Die Vorlage ist „Yo soy Betty, la fea“. Salma Hayek war an der US-Adaption als ausführende Produzentin beteiligt und trat zudem als Sofia Reyes auf; hinter und vor der Kamera hatte sie unterschiedliche Aufgaben.
095-S-2	Salma Hayek gründete Ventanarosa 1999. Die Firma gehört zu ihrem Weg, eigene Projekte zu ermöglichen, statt sich ausschließlich auf angebotene Rollen zu verlassen; „Frida“ verbindet diese Arbeit besonders sichtbar mit ihrer Filmkarriere.
095-A-1	Teresa strebt nach gesellschaftlichem Aufstieg und schämt sich für ihre arme Herkunft. Die mexikanische Serie begann 1989; ihre Titelheldin ist damit keine frühe US-Filmrolle, sondern eine Telenovelafigur.
095-A-2	Ein Blutfleck an einer Christusstatue bringt eine Kleinstadt durcheinander. Die Frage nach einem Wunder verbindet sich mit der Lage eines versteckten Jungen; Salma Hayeks Preis galt der Regie dieser Fernsehproduktion.	The Maldonado Miracle|2003
096-L-1	Eine Steuerprüfung führt Evelyn in einen Konflikt zwischen Parallelwelten. Die Varianten ihres Lebens machen verpasste Möglichkeiten sichtbar; der emotionale Kern bleibt jedoch ihre Beziehung zu Tochter Joy und Ehemann Waymond.	Everything Everywhere All at Once|2022
096-L-2	Wai Lin arbeitet für den chinesischen Geheimdienst und verfolgt dieselbe Bedrohung wie Bond. Beim gemeinsamen Motorradmanöver müssen beide trotz Handschellen kooperieren; die Figur handelt auch unabhängig von ihm.	Tomorrow Never Dies|1997
096-M-1	Ipoh liegt im malaysischen Bundesstaat Perak. Michelle Yeohs Ausbildung in Großbritannien und ihre späteren Actionfilme in Hongkong gehören zu einer internationalen Laufbahn, deren Geburtsort dadurch nicht verändert wird.
096-M-2	Michelle Yeoh gewann bei der Verleihung 2023 als erste asiatische Darstellerin den Oscar in dieser Kategorie. Die Rolle verlangt neben Kampfszenen mehrere komische und dramatische Versionen derselben Frau.	Everything Everywhere All at Once|2022
096-S-1	Der Film konzentriert sich auf Aung San Suu Kyis politischen Einsatz und ihre Ehe mit Michael Aris. Er entstand vor ihrer späteren Regierungsverantwortung und ist deshalb keine vollständige Darstellung ihres politischen Lebenswegs.	The Lady|2011
096-S-2	Michelle Yeoh begann als Kind mit Ballett und studierte an der Royal Academy of Dance in London. Eine Rückenverletzung beendete die Aussicht auf eine professionelle Ballettkarriere; sie verlagerte ihre Ausbildung auf andere Bereiche.
096-A-1	Die erste Georgiou ist Captain der USS Shenzhou, die zweite herrscht im Spiegeluniversum über das Terranische Imperium. Gleicher Name und gleiches Gesicht bedeuten hier bewusst sehr unterschiedliche Werte und Machtpositionen.
096-A-2	Der Wettbewerb lag vor ihren ersten Filmrollen. Eine Werbung mit Jackie Chan eröffnete Kontakte ins Hongkonger Filmgeschäft; Michelle Yeoh wurde dort zunächst unter dem englischen Berufsnamen Michelle Khan bekannt.
097-L-1	„Rotes Kornfeld“ erzählt von einer jungen Frau, die mit dem Besitzer einer Schnapsbrennerei verheiratet werden soll. Zhang Yimous erster Regiefilm brachte Gong Li ihre erste Filmrolle und wurde 1988 mit dem Goldenen Bären ausgezeichnet.	Red Sorghum|1988
097-L-2	Hatsumomo ist eine etablierte Geisha und eine Rivalin der jungen Chiyo. Gong Lis Darstellung gehört zu einer englischsprachigen Romanverfilmung; sie bildet keine autobiografische Verbindung der Schauspielerin zur japanischen Geisha-Ausbildung ab.	Memoirs of a Geisha|2005
097-M-1	Songlian wird nach dem Tod ihres Vaters die vierte Frau eines wohlhabenden Mannes. Rituale wie das Anzünden der Laternen markieren dessen Gunst und machen die Konkurrenz zwischen den Frauen täglich sichtbar.	Raise the Red Lantern|1991
097-M-2	Qiu Ju will vor allem eine Entschuldigung, nachdem ihr Mann vom Dorfvorsteher verletzt wurde. Ihre hartnäckige Suche durch die Behörden führt zu einem Ergebnis, das nicht einfach ihrem ursprünglichen Wunsch entspricht.	The Story of Qiu Ju|1992
097-S-1	Juxian heiratet den Operndarsteller Duan Xiaolou und gerät zwischen ihn und dessen Bühnenpartner Cheng Dieyi. Die privaten Beziehungen verändern sich über mehrere politische Umbrüche hinweg und bleiben mit der gemeinsamen Theaterwelt verknüpft.	Farewell My Concubine|1993
097-S-2	Isabella arbeitet für einen internationalen Drogenhändler und beginnt eine Beziehung zu Sonny Crockett. Dass er verdeckt ermittelt, verbindet die Liebesgeschichte unmittelbar mit der Gefahr, dass seine Tarnung aufgedeckt wird.	Miami Vice|2006
097-A-1	Gong Li wurde in China geboren und erhielt 2008 die singapurische Staatsbürgerschaft. Ein solcher rechtlicher Status sagt weder aus, in welcher Sprache sie arbeitet, noch welche Nationalität eine von ihr dargestellte Figur hat.
097-A-2	Eine Festivaljury beurteilt eine Auswahl von Wettbewerbsfilmen und entscheidet gemeinsam über Preise. Gong Li hatte bereits selbst in Venedig einen Darstellerinnenpreis gewonnen; 2002 übernahm sie die andere Perspektive der Jurypräsidentin.
098-L-1	Lola muss innerhalb von zwanzig Minuten Geld für Manni beschaffen. Drei Varianten desselben Ausgangskonflikts zeigen, wie kleine Veränderungen und zufällige Begegnungen den Verlauf einer Geschichte vollständig verschieben können.	Run Lola Run|1998
098-L-2	Marie nimmt Geld an, um Bourne nach Paris zu fahren. Aus dieser zunächst praktischen Vereinbarung wird ein Bündnis, während er Hinweise auf seine Identität findet und gleichzeitig von professionellen Verfolgern gejagt wird.	The Bourne Identity|2002
098-M-1	Anna läuft nach einem Streit von zu Hause weg und verbringt eine Nacht in München. Hans-Christian Schmids Film schildert die Erwartungen der Jugendlichen und die parallele Suche ihrer Eltern als unterschiedlich erlebte Ausnahmesituation.	After Five in the Forest Primeval|1995
098-M-2	Paula erhält einen Platz in einem angesehenen Anatomiekurs in Heidelberg. Die Entdeckung einer ihr bekannten Leiche bringt sie auf die Spur der Antihippokraten, deren Experimente jede medizinische Ethik verletzen.	Anatomy|2000
098-S-1	Marvin kehrt nach einer langen Haftstrafe in seine Heimatstadt zurück. Der Film untersucht seine schwierige Wiedereingliederung und Begegnungen mit Menschen, die von seiner Vergangenheit betroffen sind; Jake McLaughlin spielt die Hauptrolle.	Home|2020
098-S-2	Franka Potentes Gesang gehört zu dem von Tom Tykwer, Johnny Klimek und Reinhold Heil gestalteten Soundtrack. Die Musik wirkt im Film als zusätzlicher Zeitmotor, während Lola durch Berlin läuft.	Run Lola Run|1998
098-A-1	Der 2006 veröffentlichte Kurzfilm arbeitet mit Stummfilmformen und erzählt von einer Familie zu Beginn des 20. Jahrhunderts. Er zeigt, dass Franka Potentes Regiearbeit bereits lange vor dem Langfilm „Home“ begann.	Digging for Belladonna|2006
098-A-2	Diro ist die Tochter eines armenischen Bandenführers und übernimmt nach dessen Ausfall Verantwortung. Der Auftritt gehört zur sechsten Staffel der Polizeiserie und erweitert Franka Potentes internationale Arbeit um eine Fernsehbösewichtrolle.
099-L-1	Helena verlässt Menelaos und reist mit Paris nach Troja. Der Film verbindet die persönliche Beziehung mit Agamemnons Machtinteressen; die politische Eskalation geht deshalb über die Liebesgeschichte hinaus.	Troy|2004
099-L-2	Bridget unterstützt einen geplanten Anschlag auf die nationalsozialistische Führung. Bei einem Treffen in einer Kellerkneipe wird die Tarnung der Beteiligten durch eine scheinbar kleine kulturelle Geste gefährdet.	Inglourious Basterds|2009
099-M-1	Katja verliert ihren Mann und ihren Sohn bei einem Bombenanschlag. Der Film folgt ihrem Weg durch Trauer, Gerichtsverfahren und eine radikale persönliche Entscheidung; Diane Kruger spielte die Rolle auf Deutsch.	In the Fade|2017
099-M-2	Diane Kruger wurde in Algermissen geboren. Nach Ballettausbildung und Modelarbeit führte ihre Schauspielkarriere über Frankreich in internationale Produktionen; ihr deutscher Geburtsort und die verwendeten Arbeitssprachen sind getrennte Angaben.
099-S-1	Ihr Geburtsname ist Diane Heidkrüger. Der berufliche Name Diane Kruger behält den Vornamen bei und verkürzt den Nachnamen; er ist weder eine andere Filmfigur noch ein Übersetzungsname aus einer Synchronfassung.
099-S-2	Diane Kruger erhielt als Jugendliche eine Ausbildung an der Royal Ballet School in London. Nach einer Verletzung wechselte sie zunächst zum Modeln und absolvierte später Schauspielunterricht am Cours Florent in Paris.
099-A-1	Sonya Cross ermittelt zusammen mit dem mexikanischen Polizisten Marco Ruiz. Ein Leichenfund auf einer Grenzbrücke zwingt beide zur Zusammenarbeit, während die Serie die unterschiedlichen Lebens- und Arbeitsbedingungen beider Seiten zeigt.
099-A-2	Anna begleitet den Tenor Nikolaus Sprink an die Front. Diane Kruger spielt die Figur, während Natalie Dessay den Sopran singt; im Abspann lassen sich die Schauspiel- und Gesangsleistungen daher getrennt zuordnen.	Joyeux Noël|2005
100-L-1	Die Filmreihe beginnt mit Elisabeths Begegnung mit Kaiser Franz Joseph und verfolgt ihre Ehe in einem stark romantisierten Ton. Sie zeigt eine populäre Filmfigur, deren Lebensbild nicht mit der historischen Kaiserin gleichgesetzt werden sollte.	Sissi|1955;Sissi – Die junge Kaiserin|1956;Sissi – Schicksalsjahre einer Kaiserin|1957
100-L-2	In Frankreich arbeitete Romy Schneider unter anderem mit Claude Sautet, Jacques Deray und Andrzej Żuławski. Diese Rollen boten komplexe erwachsene Figuren und erweiterten ihr öffentliches Bild über die frühe „Sissi“-Reihe hinaus.
100-M-1	Marianne und Jean-Paul verbringen den Sommer an einem Pool nahe Saint-Tropez. Der Besuch eines früheren Partners mit seiner Tochter verändert das Kräfteverhältnis; Eifersucht und unausgesprochene Spannungen treiben die Handlung an.	La Piscine|1969
100-M-2	Rosalie steht zwischen dem selbstbewussten César und ihrem früheren Partner David. Der Film untersucht weniger eine eindeutige Wahl als die wechselnden Beziehungen zwischen drei Menschen und deren Vorstellungen von gemeinsamer Zukunft.	César and Rosalie|1972
100-S-1	Romy Schneider spielt Nadine, eine Schauspielerin in erniedrigenden Filmproduktionen. Der Fotograf Servais versucht, ihr eine bessere Bühnenrolle zu ermöglichen; die Verbindungen von Kunst, Abhängigkeit und Liebe prägen das Drama.	L'important c'est d'aimer|1975
100-S-2	Ihr Vater war der Schauspieler Wolf Albach-Retty. „Romy“ ist die Kurzform von Rosemarie; der öffentliche Name verbindet damit einen verkürzten Vornamen mit dem Familiennamen ihrer Mutter.
100-A-1	In Viscontis „Ludwig“ erscheint Elisabeth im Umfeld des bayerischen Königs, gespielt von Helmut Berger. Romy Schneider kehrt zur gleichen historischen Person zurück, zeigt sie aber als distanzierte Erwachsene innerhalb eines politischen und persönlichen Dramas.	Ludwig|1973
100-A-2	Romy Schneider verkörpert Elsa in der Vergangenheit und Lina in der Gegenwart. Der Film verbindet die Flucht vor dem Nationalsozialismus mit einer späteren Gewalttat und erzählt dadurch von Erinnerung und fortwirkender Verfolgung.	La Passante du Sans-Souci|1982
